STAID,STANAME,COMID,cat,in_eval,nwm_res_upstream,dor_gt_05,code6,benchmark
14190500,"LUCKIAMUTE RIVER NEAR SUVER, OR",78022248,none,True,False,False,False,False
14301000,"NEHALEM RIVER NEAR FOSS, OR",78019756,none,True,True,False,False,False
14301500,"WILSON RIVER NEAR TILLAMOOK, OR",78020313,none,True,False,False,False,False
14303200,"TUCCA CREEK NEAR BLAINE, OR.",78021000,none,False,False,False,False,False
14305500,"SILETZ RIVER AT SILETZ, OR",78022282,none,True,False,False,False,False
14150000,"MIDDLE FORK WILLAMETTE RIVER NEAR DEXTER, OREG.",78024498,none,True,True,False,True,False
14152000,"MIDDLE FORK WILLAMETTE RIVER AT JASPER, OR",78021764,none,True,True,False,True,False
14153500,"COAST FORK WILLAMETTE R BLW COTTAGE GROVE DAM, OR",78024815,below,True,True,False,True,False
14154500,"ROW RIVER ABOVE PITCHER CREEK NEAR, DORENA, OREG",78024741,none,True,False,False,False,False
14155500,"ROW RIVER NEAR COTTAGE GROVE, OR",78024645,none,True,True,False,True,True
14157500,"COAST FORK WILLAMETTE RIVER NEAR GOSHEN, OR",78022043,none,True,True,False,True,False
14166000,"WILLAMETTE RIVER AT HARRISBURG, OR",78021760,none,True,True,False,True,False
14166500,"LONG TOM RIVER NEAR NOTI, OREG.",78022488,none,True,False,False,False,False
14169000,"LONG TOM RIVER NEAR ALVADORE,OREG.",78021753,none,True,True,False,True,False
14170000,"LONG TOM RIVER AT MONROE, OR",78021751,none,True,True,False,True,False
14174000,"WILLAMETTE RIVER AT ALBANY, OR",78021743,none,True,True,False,True,False
14306340,"EAST FORK LOBSTER CREEK NEAR ALSEA, OR.",78023147,none,False,False,False,False,False
14306500,"ALSEA RIVER NEAR TIDEWATER, OR",78022217,none,True,False,False,False,False
14319500,"NORTH UMPQUA RIVER AT WINCHESTER, OR",78024458,none,True,True,False,False,False
14321000,"UMPQUA RIVER NEAR ELKTON, OR",78024139,none,True,True,False,False,False
14308000,"SOUTH UMPQUA RIVER AT TILLER,OR",78026598,none,True,False,False,False,False
14308990,"COW CREEK ABV GALESVILLE RES, NR AZALEA, OR.",78027276,above,True,True,True,False,False
14309000,"COW CREEK NEAR AZALEA, OR",78027276,none,True,True,True,True,False
14309500,"WEST FORK COW CREEK NEAR GLENDALE, OR",78027180,none,True,False,False,False,False
14310000,"COW CREEK NEAR RIDDLE, OR",78026872,none,True,True,False,True,False
14312000,"SOUTH UMPQUA RIVER NEAR BROCKWAY, OR",78024167,none,True,True,False,False,False
14316700,"STEAMBOAT CREEK NEAR GLIDE, OR",78024750,none,True,False,False,False,False
14325000,"SOUTH FORK COQUILLE RIVER AT POWERS, OR",78026936,none,True,False,False,False,False
14330000,"ROGUE RIVER BELOW PROSPECT, OR",78026741,none,True,False,False,False,False
14332000,"SOUTH FORK ROGUE RIVER NEAR PROSPECT, OREG.",78027097,none,True,False,False,True,False
14337500,"BIG BUTTE CREEK NEAR MCLEOD,OREG.",78026974,none,True,False,False,True,False
14339000,"ROGUE RIVER AT DODGE BRIDGE, NEAR EAGLE POINT, OR",78026709,none,True,True,False,True,False
14357500,"BEAR CREEK AT MEDFORD, OR",78026991,none,True,True,False,True,False
14359000,"ROGUE RIVER AT RAYGOLD NEAR CENTRAL POINT, OR",78026699,none,True,True,False,True,False
14361500,"ROGUE RIVER AT GRANTS PASS, OR",78026687,none,True,True,False,True,False
14362000,"APPLEGATE RIVER NEAR COPPER, OR",78026526,none,True,True,False,True,False
14362250,"STAR GULCH NEAR RUCH, OR.",78027453,none,False,False,False,False,False
14366000,"APPLEGATE RIVER NEAR APPLEGATE, OR",78026518,none,True,True,False,True,False
14369500,"APPLEGATE RIVER NEAR WILDERVILLE, OR",78026512,none,True,True,False,True,False
14372300,"ROGUE RIVER NEAR AGNESS, OR",78026497,none,True,True,False,True,False
14377100,"ILLINOIS RIVER NEAR KERBY, OR",78026603,none,True,False,False,False,False
11342000,SACRAMENTO R A DELTA CA,77005552,none,True,True,False,False,False
11362500,PIT R BL PIT NO 4 DAM CA,77000665,below,False,False,False,False,False
11363000,PIT R A BIG BEND CA,77000664,none,False,False,False,False,False
11365000,PIT R NR MONTGOMERY CREEK CA,77005518,none,False,False,False,False,False
11367500,MCCLOUD R NR MCCLOUD CA,77001508,none,True,False,False,False,False
11367800,MCCLOUD R A AH-DI-NA NR MCCLOUD CA,77001410,none,True,True,False,False,False
11516530,KLAMATH R BL IRON GATE DAM CA,77000772,below,False,False,False,False,False
11517500,SHASTA R NR YREKA CA,77001369,none,True,True,False,False,False
11519500,SCOTT R NR FORT JONES CA,77001336,none,True,False,False,False,False
11520500,KLAMATH R NR SEIAD VALLEY CA,77000756,none,False,False,False,False,False
11522500,SALMON R A SOMES BAR CA,77001322,none,True,False,False,False,False
11523000,KLAMATH R A ORLEANS,77000744,none,False,False,False,False,False
11523200,TRINITY R AB COFFEE C NR TRINITY CTR CA,77002057,none,True,False,False,False,False
11525500,TRINITY R A LEWISTON CA,77005963,none,True,True,True,True,True
11527000,TRINITY R NR BURNT RANCH CA,77005872,none,True,True,True,True,False
11370500,SACRAMENTO R A KESWICK CA,77005511,none,False,False,False,False,False
11374000,COW C NR MILLVILLE CA,77006919,none,True,False,False,False,False
11376000,COTTONWOOD C NR COTTONWOOD CA,77006564,none,False,False,False,False,False
11377100,SACRAMENTO R AB BEND BRIDGE NR RED BLUFF CA,77005500,none,False,False,False,False,False
11379500,ELDER C NR PASKENTA CA,77007841,none,True,False,False,False,False
11381500,MILL C NR LOS MOLINOS CA,77012103,none,False,False,False,False,False
11383500,DEER C NR VINA CA,77007921,none,True,False,False,False,False
11390000,BUTTE C NR CHICO CA,77006884,none,True,True,False,False,False
11396200,SF FEATHER R BL FORBESTOWN DAM CA,77007430,below,True,True,True,True,False
11403800,ROCK C PH NR STORRIE CA,77006358,none,True,True,True,False,False
11404300,GRIZZLY C BL DIV DAM CA,77010996,below,False,False,False,False,False
11404330,NF FEATHER R BL GRIZZLY C CA,77006345,none,True,True,True,True,False
11404500,NF FEATHER R A PULGA CA,77006345,none,True,True,True,True,False
11407000,FEATHER R A OROVILLE CA,77006280,none,True,True,True,True,True
11319500,MOKELUMNE R NR MOKELUMNE HILL CA,77014215,none,True,True,True,True,True
11323500,MOKELUMNE R BL CAMANCHE DAM CA,77014215,below,True,True,True,True,False
11335000,COSUMNES R A MICHIGAN BAR CA,77014263,none,True,True,False,False,False
11389500,SACRAMENTO R A COLUSA CA,77005478,none,False,False,False,False,False
11390500,SACRAMENTO R BL WILKINS SLOUGH NR GRIMES CA,77013298,none,False,False,False,False,False
11417500,S YUBA R A JONES BAR NR GRASS VALLEY CA,77006646,none,True,True,True,True,False
11418500,DEER C NR SMARTVILLE CA,77007180,none,True,True,True,True,False
11421000,YUBA R NR MARYSVILLE CA,77006382,none,True,True,True,True,True
11424000,BEAR R NR WHEATLAND CA,77013878,none,True,True,True,True,False
11427000,NF AMERICAN R A NORTH FORK DAM CA,77013879,other mention,True,True,False,False,False
11446500,AMERICAN R A FAIR OAKS CA,77013378,none,True,True,True,True,True
11451000,CACHE C NR LOWER LAKE CA,77013504,other mention,True,False,False,True,False
11451100,NF CACHE C A HOUGH SPRING NR CLEARLAKE OAKS CA,77008153,none,True,False,False,False,False
11452500,CACHE C A YOLO CA,77013482,none,True,True,True,True,False
11454000,PUTAH C NR WINTERS CA,77014336,none,True,True,True,True,True
11458000,NAPA R NR NAPA CA,77015109,none,True,True,False,True,False
11152600,GABILAN C NR SALINAS CA,77023595,none,True,False,False,False,False
11158600,SAN BENITO R A HWY 156 NR HOLLISTER CA,77021557,none,True,True,True,False,False
11159000,PAJARO R A CHITTENDEN CA,77020995,none,True,True,False,False,False
11159200,CORRALITOS C A FREEDOM CA,77021416,none,False,False,False,False,False
11160000,SOQUEL C A SOQUEL CA,77021381,none,True,False,False,False,False
11176400,ARROYO VALLE BL LANG CN NR LIVERMORE CA,77015290,none,True,True,True,False,False
11176500,ARROYO VALLE NR LIVERMORE CA,77015290,none,True,True,True,True,False
11176900,ARROYO DE LA LAGUNA A VERONA CA,77014424,none,True,True,True,True,False
11179000,ALAMEDA C NR NILES CA,77014346,none,True,True,True,True,False
11180500,DRY C A UNION CITY CA,77017869,none,False,False,False,False,False
11180700,ALAMEDA C FLOOD CHANNEL A UNION CITY CA,77014214,none,True,True,True,True,False
11180960,CULL C AB CULL C RES NR CASTRO VALLEY CA,77018087,above,False,False,False,False,False
11181008,CASTRO VALLEY C A HAYWARD CA,77016670,none,False,False,False,False,False
11182500,SAN RAMON C A SAN RAMON CA,77018219,none,False,False,False,False,False
11274000,SAN JOAQUIN R NR NEWMAN CA,77013418,none,False,False,False,False,False
11274500,ORESTIMBA C NR NEWMAN CA,77015587,none,True,False,False,False,False
11274630,DEL PUERTO C NR PATTERSON CA,77016623,none,True,False,False,False,False
11290000,TUOLUMNE R A MODESTO CA,77013969,none,False,False,False,False,False
11299600,BLACK C NR COPPEROPOLIS CA,77018586,none,False,False,False,False,False
11302000,STANISLAUS R BL GOODWIN DAM NR KNIGHTS FERRY CA,77014099,below,True,True,True,True,True
11303000,STANISLAUS R A RIPON CA,77014027,none,True,True,True,True,False
11143200,CARMEL R A ROBLES DEL RIO CA,77022630,none,True,False,False,False,False
11147500,SALINAS R A PASO ROBLES CA,77021818,none,True,True,True,False,False
11148900,NACIMIENTO R BL SAPAQUE C NR BRYSON CA,77022373,none,True,False,False,False,False
11149400,NACIMIENTO R BL NACIMIENTO DAM NR BRADLEY CA,77021829,below,True,True,True,True,False
11149900,SAN ANTONIO R NR LOCKWOOD CA,77022138,none,True,False,False,False,False
11150500,SALINAS R NR BRADLEY CA,77021532,none,False,False,False,False,False
11151300,SAN LORENZO C BL BITTERWATER C NR KING CITY CA,77021942,none,True,False,False,False,False
11151700,SALINAS R A SOLEDAD CA,77021438,none,False,False,False,False,False
11152000,ARROYO SECO NR SOLEDAD CA,77022198,none,True,False,False,False,False
11152300,SALINAS R NR CHUALAR CA,77021431,none,False,False,False,False,False
11152500,SALINAS R NR SPRECKELS CA,77021429,none,False,False,False,False,False
11156500,SAN BENITO R NR WILLOW CREEK SCHOOL CA,77021719,none,True,True,True,False,False
11224500,LOS GATOS C AB NUNEZ CYN NR COALINGA CA,77022949,none,True,False,False,False,False
11253310,CANTUA C NR CANTUA CREEK CA,77023755,none,True,False,False,False,False
11119500,CARPINTERIA C NR CARPINTERIA CA,77031352,none,False,False,False,False,False
11119750,MISSION C NR MISSION ST NR SANTA BARBARA CA,77031381,none,False,False,False,False,False
11119940,MARIA YGNACIO C A UNIV DR NR GOLETA CA,77031409,none,False,False,False,False,False
11120000,ATASCADERO C NR GOLETA CA,77031409,none,False,False,False,False,False
11123000,SANTA YNEZ R BL GIBRALTAR DAM NR SNTA BRB C CA,77028613,below,True,False,False,True,False
11123500,SANTA YNEZ R BL LOS LAURLS CYN NR SNTA YNEZ CA,77028235,none,True,False,False,True,False
11124500,SANTA CRUZ C NR SANTA YNEZ CA,77029603,none,True,False,False,False,False
11132500,SALSIPUEDES C NR LOMPOC CA,77029168,none,True,False,False,False,False
11133000,SANTA YNEZ R A NARROWS NR LOMPOC CA,77027849,none,True,True,True,True,False
11136800,CUYAMA R BL BUCKHORN CYN NR SANTA MARIA CA,77021101,none,True,False,False,False,False
11140000,SISQUOC R NR GAREY,77028062,none,True,False,False,False,False
11141280,LOPEZ C NR ARROYO GRANDE CA,77024268,none,False,False,False,False,False
12039500,"QUINAULT RIVER AT QUINAULT LAKE, WA",78015953,other mention,True,False,False,False,False
12040500,"QUEETS RIVER NEAR CLEARWATER, WA",78015882,none,True,False,False,False,False
12041200,"HOH RIVER AT US HIGHWAY 101 NEAR FORKS, WA",78015888,none,True,False,False,False,False
12043000,"CALAWAH RIVER NEAR FORKS, WA",78015753,none,True,False,False,False,False
12045500,"ELWHA RIVER AT MCDONALD BR NEAR PORT ANGELES, WA",78014054,none,True,False,False,True,False
12048000,"DUNGENESS RIVER NEAR SEQUIM, WA",78014055,none,True,False,False,False,False
12056500,"NF SKOKOMISH R BL STAIRCASE RPDS NR HOODSPORT, WA",78016988,none,False,False,False,False,False
12010000,"NASELLE RIVER NEAR NASELLE, WA",78018499,none,True,False,False,False,False
12013500,"WILLAPA RIVER NEAR WILLAPA, WA",78018157,none,True,False,False,False,False
12020000,"CHEHALIS RIVER NEAR DOTY, WA",78018208,none,True,False,False,False,False
12025000,"NEWAUKUM RIVER NEAR CHEHALIS, WA",78018087,none,True,False,False,False,False
12025700,"SKOOKUMCHUCK RIVER NEAR VAIL, WA",78019343,none,False,False,False,False,False
12026150,"SKOOKUMCHUCK RIVER BL BLDY RUN CR NR CENTRALIA, WA",78019343,none,False,False,False,False,False
12026400,"SKOOKUMCHUCK RIVER NEAR BUCODA, WA",78018080,none,True,True,False,True,False
12027500,"CHEHALIS RIVER NEAR GRAND MOUND, WA",78017932,none,True,True,False,False,False
12031000,"CHEHALIS RIVER AT PORTER, WA",78017897,none,True,True,False,False,False
12035400,"WYNOOCHEE RIVER NEAR GRISDALE, WA",78016860,none,False,False,False,False,False
12036000,"WYNOOCHEE RIVER ABOVE SAVE CREEK NEAR ABERDEEN, WA",78016157,none,True,True,False,True,False
12059500,"NORTH FORK SKOKOMISH RIVER NEAR POTLATCH, WA",78016988,none,False,False,False,False,False
12073500,"HUGE CREEK NEAR WAUNA, WA",78016781,none,False,False,False,False,False
12082500,"NISQUALLY RIVER NEAR NATIONAL, WA",78018169,none,True,False,False,False,False
12086500,"NISQUALLY RIVER AT LA GRANDE, WA",78018009,none,True,True,False,True,False
12089500,"NISQUALLY RIVER AT MCKENNA, WA",78017957,none,True,True,False,True,False
12091200,"LEACH CREEK NEAR FIRCREST, WA",78016012,none,False,False,False,False,False
12092000,"PUYALLUP RIVER NEAR ELECTRON, WA",78015646,none,True,False,False,False,False
12093500,"PUYALLUP RIVER NEAR ORTING, WA",78015643,none,True,False,False,False,False
12101500,"PUYALLUP RIVER AT PUYALLUP, WA",78015559,none,True,True,False,True,False
12113000,"GREEN RIVER NEAR AUBURN, WA",78015850,none,True,True,False,True,False
14233500,"COWLITZ RIVER NEAR KOSMOS, WA",78017944,none,True,True,False,True,False
14236200,"TILTON RIVER AB BEAR CANYON CREEK NEAR CINEBAR, WA",78018213,none,True,False,False,False,False
14238000,"COWLITZ RIVER BELOW MAYFIELD DAM, WA",78017902,below,True,True,False,True,False
14242580,"TOUTLE RIVER AT TOWER ROAD NEAR SILVER LAKE, WA",78017968,other mention,True,True,False,False,False
14120000,"HOOD RIVER AT TUCKER BRIDGE, NEAR HOOD RIVER, OR",78020272,none,True,False,False,False,False
14137000,"SANDY RIVER NEAR MARMOT, OR",78020238,none,True,False,False,False,False
14138800,"BLAZED ALDER CREEK NEAR RHODODENDRON, OREG.",78021157,none,False,False,False,False,False
14138850,"BULL RUN RIVER NEAR MULTNOMAH FALLS, OR",78020663,none,True,True,False,False,False
14138870,"FIR CREEK NEAR BRIGHTWOOD, OR",78020663,none,False,False,False,False,False
14138900,"NORTH FORK BULL RUN RIVER NEAR MULTNOMAH FALLS, OR",78020663,none,False,False,False,False,False
14139800,"SOUTH FORK BULL RUN RIVER NEAR BULL RUN, OR",78021143,none,False,False,False,False,False
14140000,"BULL RUN RIVER NEAR BULL RUN, OR",78020325,none,True,True,False,True,False
14140001,"BULL RUN RIVER NEAR BULL RUN, OR",78020325,none,True,True,False,True,False
14141500,"LITTLE SANDY RIVER NEAR BULL RUN, OREG.",78021115,none,False,False,False,False,False
14142500,"SANDY RIVER BLW BULL RUN RIVER, NR BULL RUN, OR",78020148,none,True,True,False,True,False
14189000,"SANTIAM RIVER AT JEFFERSON, OR",78022102,none,False,False,False,False,False
14191000,"WILLAMETTE RIVER AT SALEM, OR",78019770,none,True,True,False,True,False
14203500,"TUALATIN RIVER NEAR DILLEY, OR",78020306,none,True,True,False,True,False
14207500,"TUALATIN RIVER AT WEST LINN, OR",78019752,none,False,False,False,False,False
14208700,"OAK GROVE FORK NEAR GOVERNMENT CAMP, OREG.",78020581,none,True,True,True,True,False
14209000,"OAK GROVE FORK ABOVE POWERPLANT INTAKE, OR.",78020342,at dam / outlet,True,True,False,True,False
14209500,"CLACKAMAS RIVER ABOVE THREE LYNX CREEK, OR",78019971,none,True,True,False,True,False
14210000,"CLACKAMAS RIVER AT ESTACADA, OR",78019938,none,True,True,False,True,False
14211500,"JOHNSON CREEK AT SYCAMORE, OR",78021167,none,False,False,False,False,False
14211550,"JOHNSON CREEK AT MILWAUKIE, OR",78020423,none,True,False,False,False,False
14211720,"WILLAMETTE RIVER AT PORTLAND, OR",78019746,none,True,True,False,True,False
14216500,"MUDDY CREEK BELOW CLEAR CREEK NEAR COUGAR, WA",78018257,none,True,False,False,False,False
14220500,"LEWIS RIVER AT ARIEL, WA",78019905,none,True,True,False,True,False
14222500,"EAST FORK LEWIS RIVER NEAR HEISSON, WA",78020358,none,True,False,False,False,False
14076500,"DESCHUTES RIVER NEAR CULVER, OREG.",78021871,none,False,False,False,False,False
14087400,"CROOKED RIVER BELOW OPAL SPRINGS, NEAR CULVER, OR",78021859,none,False,False,False,False,False
14091500,"METOLIUS RIVER NEAR GRANDVIEW, OR",78022273,none,True,True,False,False,False
14092500,"DESCHUTES RIVER NEAR MADRAS, OR",78021849,none,False,False,False,False,False
14092750,"SHITIKE CR, AT PETERS PASTURE, NR WARM SPRINGS, OR",78023764,none,False,False,False,False,False
14096850,"BEAVER CREEK, BLW QUARTZ CR, NR SIMNASHO, OR.",78021828,none,True,False,False,False,False
14145500,"M F WILLAMETTE R AB SALT CR., NR OAKRIDGE, OREG",78024606,none,True,True,False,True,False
14148000,"MF WILLAMETTE RIVER BLW N FORK, NR OAKRIDGE, OR.",78024531,none,True,True,False,True,False
14151000,"FALL CREEK BLW WINBERRY CREEK, NEAR FALL CREEK, OR",78024327,none,True,True,False,True,False
14158500,"MCKENZIE RIVER AT OUTLET OF CLEAR LAKE, OR",78022530,at dam / outlet,True,False,False,False,False
14158790,"SMITH R AB SMITH R RES NR BELKNAP SPRGS,OREG.",78023280,above,False,False,False,False,False
14158850,"MCKENZIE R BLW TRAIL BR DAM NR BELKNAP SPRINGS, OR",78022343,below,True,True,False,True,False
14159500,"SOUTH FORK MCKENZIE RIVER NEAR RAINBOW, OR",78022004,none,True,True,False,True,True
14161500,"LOOKOUT CREEK NEAR BLUE RIVER, OR",78023116,none,False,False,False,False,False
14162200,"BLUE RIVER AT BLUE RIVER, OR",78022648,none,True,True,False,True,True
14162500,"MCKENZIE RIVER NEAR VIDA, OR",78021960,none,True,True,False,True,False
14163150,"MCKENZIE RIVER BLW LEABURG DAM, NR LEABURG, OR",78021947,below,True,True,False,True,False
14163900,"MCKENZIE RIVER NEAR WALTERVILLE, OR",78021947,none,True,True,False,True,False
14178000,"NO SANTIAM R BLW BOULDER CRK, NR DETROIT, OR",78022292,none,True,False,False,False,False
14181500,"NORTH SANTIAM RIVER AT NIAGARA, OR",78022215,none,True,True,False,True,True
14182500,"LITTLE NORTH SANTIAM RIVER NEAR MEHAMA, OR",78022486,none,True,False,False,False,False
14183000,"NORTH SANTIAM RIVER AT MEHAMA, OR",78022131,none,False,False,False,False,False
14185000,"SOUTH SANTIAM RIVER BELOW CASCADIA, OR",78022389,none,True,False,False,False,False
14185900,"QUARTZVILLE CREEK NEAR CASCADIA, OREG.",78022457,none,True,False,False,False,False
14187000,"WILEY CREEK NEAR FOSTER, OR",78022543,none,True,False,False,False,False
14187200,"SOUTH SANTIAM RIVER NEAR FOSTER,OR",78022209,none,True,True,False,True,False
11501000,"SPRAGUE RIVER NEAR CHILOQUIN, OR",77001071,none,True,False,False,False,False
11502500,"WILLIAMSON RIVER BLW SPRAGUE RIVER NR CHILOQUIN,OR",77000798,none,True,False,False,False,False
11507500,"LINK RIVER AT KLAMATH FALLS, OR",77000791,none,True,True,True,True,False
11509500,"KLAMATH RIVER AT KENO, OR",77000785,none,False,False,False,False,False
14313500,"NORTH UMPQUA R BL LEMOLO LK NR T FALLS,OREG.",78024795,below,True,True,False,True,False
14314500,"CLEARWATER R AB TRAP CR NR T FALLS,OREG.",78025142,none,True,False,False,True,False
14316500,"N UMPQUA RIVER ABV COPELAND CK NR TOKETEE FALLS,OR",78024553,none,True,True,False,False,False
11345500,SF PIT R NR LIKELY CA,77001803,none,True,True,True,True,False
11348500,PIT R NR CANBY CA,77001078,none,False,False,False,False,False
11355010,PIT R BL PIT NO 1 PH NR FALL RIVER MILLS CA,77005634,none,False,False,False,False,False
11510700,"KLAMATH RIVER BLW JOHN C.BOYLE PWRPLNT, NR KENO,OR",77000782,at dam / outlet,False,False,False,False,False
10353800,"SMOKE CK BLW RESERVOIR NR SMOKE CK, NV",77007340,below,True,False,False,False,False
11395030,SF FEATHER R BL LITTLE GRASS VALLEY DAM CA,77010718,below,False,False,False,False,False
11395200,SF FEATHER R BL DIV DAM NR STRAWBERRY VALLEY CA,77010718,below,False,False,False,False,False
11396000,LOST C NR CLIPPER MILLS CA,77010532,none,False,False,False,False,False
11399500,NF FEATHER R NR PRATTVILLE CA,77007043,none,True,True,True,True,False
11400500,BUTT C BL ALMANOR-BUTT C TU NR PRATTVILLE CA,77008597,none,True,True,True,False,False
11401112,NF FEATHER R BL BELDEN DAM CA,77006786,below,True,True,True,True,False
11402000,SPANISH C AB BLACKHAWK C AT KEDDIE CA,77007812,none,True,False,False,False,False
11403200,NF FEATHER R BL ROCK C DIV DAM CA,77006384,below,True,True,True,True,False
11413300,SLATE C BL DIV DAM NR STRAWBERRY CA,77010678,below,False,False,False,False,False
10296500,"W WALKER R NR COLEVILLE, CA",77014747,none,True,False,False,False,False
10297500,"W WALKER R AT HOYE BRIDGE NR WELLINGTON, NV",77014438,none,True,False,False,True,False
10308200,E F CARSON R BL MARKLEEVILLE C NR MARKLEEVILLECA,77014763,none,True,False,False,False,False
10309000,"EAST FORK CARSON RIVER NEAR GARDNERVILLE, NV",77014543,none,True,False,False,False,False
10310000,"WEST FORK CARSON RIVER AT WOODFORDS, CA",77016177,none,True,True,True,False,False
10310400,"DAGGETT CREEK NEAR GENOA, NV",77020465,none,False,False,False,False,False
10310500,"CLEAR CREEK NEAR CARSON CITY, NV",77009421,none,False,False,False,False,False
10311000,"CARSON RIVER NEAR CARSON CITY, NV",77005629,none,True,True,False,False,False
10311090,"NORTH FK KINGS CYN CK NR CARSON CITY, NV",77009532,none,False,False,False,False,False
10311100,"KINGS CANYON CREEK NEAR CARSON CITY, NV",77009532,none,False,False,False,False,False
10311200,"ASH CANYON CK NR CARSON CITY, NV",77009532,none,False,False,False,False,False
10311300,"EAGLE VALLEY CREEK AT CARSON CITY, NV",77008821,none,True,False,False,False,False
10312000,"CARSON RIVER NEAR FORT CHURCHILL, NV",77005618,none,False,False,False,False,False
10336610,UP TRUCKEE R A SOUTH LAKE TAHOE CA,77016769,other mention,True,False,False,False,False
10336645,GENERAL C NR MEEKS BAY CA,77009405,none,False,False,False,False,False
10336660,BLACKWOOD C NR TAHOE CITY CA,77009418,none,False,False,False,False,False
10336676,WARD C AT HWY 89 NR TAHOE PINES CA,77009485,none,False,False,False,False,False
10336698,"Third Ck nr Crystal Bay, NV",77009673,none,False,False,False,False,False
10336700,"INCLINE CK NR CRYSTAL BAY, NV",77009673,none,False,False,False,False,False
10336715,"MARLETTE C NR CARSON CITY, NV",77009673,none,False,False,False,False,False
10336730,"Glenbrook Ck at Glenbrook, NV",77009381,none,False,False,False,False,False
10336740,"Logan House Ck nr Glenbrook, NV",77006074,none,False,False,False,False,False
10336780,TROUT C NR TAHOE VALLEY CA,77016580,none,True,False,False,False,False
10337500,TRUCKEE R A TAHOE CITY CA,77006016,none,True,True,True,True,True
10338500,DONNER C A DONNER LK NR TRUCKEE CA,77009844,other mention,False,False,False,False,False
10340500,PROSSER C BL PROSSER C DAM NR TRUCKEE CA,77008056,below,True,True,False,True,True
10343000,INDEPENDENCE C NR TRUCKEE CA,77010161,none,False,False,False,False,False
10343500,SAGEHEN C NR TRUCKEE CA,77010070,none,False,False,False,False,False
10344400,LITTLE TRUCKEE R AB BOCA RES NR TRUCKEE CA,77007269,above,True,True,True,True,True
10344500,LITTLE TRUCKEE R BL BOCA DAM NR TRUCKEE CA,77007086,below,True,True,True,True,True
10346000,TRUCKEE R A FARAD CA,77005919,none,True,True,True,True,False
10348000,"TRUCKEE R AT RENO,NV",77005895,none,True,True,True,True,False
10348200,"TRUCKEE R NR SPARKS, NV",77005884,none,True,True,True,True,False
10348460,"FRANKTOWN C NR CARSON CITY, NV",77009681,none,False,False,False,False,False
10348850,GALENA C AT GALENA C STATE PARK,77009934,none,False,False,False,False,False
10349300,"STEAMBOAT C AT STEAMBOAT, NV",77007697,none,True,False,False,True,False
10350000,"TRUCKEE R AT VISTA, NV",77005879,none,True,True,True,True,False
10351600,"TRUCKEE R BL DERBY DAM NR WADSWORTH, NV",77005868,below,False,False,False,False,False
11293600,NF STANISLAUS R BL DIV DAM NR BIG MDW CA,77019540,below,False,False,False,False,False
11294000,HIGHLAND C BL SPICER MEADOWS RES CA,77019479,below,False,False,False,False,False
11314500,NF MOKELUMNE R BL SALT SPRINGS DAM CA,77015395,below,True,True,True,True,False
11315000,COLE C NR SALT SPRINGS DAM CA,77019698,at dam / outlet,False,False,False,False,False
11316800,FOREST C NR WILSEYVILLE CA,77019441,none,False,False,False,False,False
11317000,MF MOKELUMNE R A WEST POINT CA,77015451,none,True,False,False,False,False
11318500,SF MOKELUMNE R NR WEST POINT CA,77015293,none,True,False,False,False,False
11408550,M YUBA R BL MILTON DAM CA,77008856,below,True,True,True,True,False
11408880,M YUBA R BL OUR HOUSE DAM CA,77006941,below,True,True,True,True,False
11409400,OREGON C BL LOG CABIN DAM NR CAMPTONVILLE CA,77010154,below,False,False,False,False,False
11413000,N YUBA R BL GOODYEARS BAR CA,77007107,none,True,False,False,False,False
11414100,FORDYCE C BL FORDYCE DAM NR CISCO CA,77010000,below,False,False,False,False,False
11414250,S YUBA R A LANGS CROSSING NR EMIGRANT GAP CA,77007516,none,True,True,True,True,False
11416500,CANYON C BL BOWMAN LK CA,77010075,below,False,False,False,False,False
11422500,BEAR R BL ROLLINS DAM NR COLFAX CA,77007607,below,True,True,False,True,False
11427500,MF AMERICAN R A FRENCH MEADOWS CA,77009571,none,False,False,False,False,False
11427700,DUNCAN CYN C NR FRENCH MEADOWS CA,77009482,none,False,False,False,False,False
11427750,DUNCAN CYN C BL DIV DAM NR FRENCH MEADOWS CA,77009482,below,False,False,False,False,False
11427760,MF AMERICAN R AB MF PH NR FORESTHILL CA,77007511,none,True,True,True,True,False
11428800,RUBICON R BL HELL HOLE DAM CA,77013533,below,True,True,True,True,False
11429500,GERLE C BL LOON LK NR MEEKS BAY CA,77013919,below,False,False,False,False,False
11430000,SF RUBICON R BL GERLE C NR GEORGETOWN CA,77013794,none,True,True,True,True,False
11433300,MF AMERICAN R NR FORESTHILL CA,77013387,none,True,True,True,True,False
11435100,PYRAMID C A TWIN BRIDGES CA,77020195,none,False,False,False,False,False
11436000,SILVER LK OUTLET NR KIRKWOOD CA,77019913,at dam / outlet,False,False,False,False,False
11439500,SF AMERICAN R NR KYBURZ(RIVER ONLY) CA,77015045,none,True,True,False,True,False
11441002,UNION VALLEY PH NR PACIFIC CA,77015638,none,True,True,True,False,False
11441500,SF SILVER C NR ICE HOUSE CA,77020227,none,False,False,False,False,False
11441900,SILVER C BL CAMINO DIV DAM CA,77015173,below,True,True,True,True,False
11442700,BRUSH C BL BRUSH CREEK DAM NR POLLOCK PINES CA,77020203,below,False,False,False,False,False
11443500,SF AMERICAN R NR CAMINO CA,77014363,none,True,True,True,True,False
11444500,SF AMERICAN R NR PLACERVILLE CA,77014286,none,True,True,False,True,False
10265150,HOT C A FLUME NR MAMMOTH LAKES CA,77015705,none,True,False,False,False,False
10287300,RUSH C PP TAILRACE NR JUNE LAKE CA,77018150,at dam / outlet,False,False,False,False,False
10287770,LEE VINING C BL RHINEDOLLAR DAM NR LEE VINING CA,77018501,below,False,False,False,False,False
10293000,"E WALKER R NR BRIDGEPORT, CA",77015269,none,True,True,False,True,True
10296000,"W WALKER R BLW L WALKER R NR COLEVILLE, CA",77015172,none,True,False,False,False,False
11230200,HOOPER C BL DIV DAM NR FLORENCE LAKE CA,77015257,below,False,False,False,False,False
11230500,BEAR C NR LAKE THOMAS A EDISON CA,77016801,other mention,True,False,False,False,False
11231500,MONO C BL LK THOMAS A EDISON CA,77015559,below,True,True,True,True,False
11231600,MONO C BL DIV DAM NR MONO HOT SPRINGS CA,77015559,below,True,True,True,False,False
11234760,SAN JOAQUIN R AB SHAKEFLAT C NR BIG CREEK CA,77014277,none,True,True,True,True,False
11237000,BIG C BL HUNTINGTON LK CA,77015822,below,True,True,True,True,False
11237500,PITMAN C BL TAMARACK C CA,77017185,none,False,False,False,False,False
11238500,BIG C NR MOUTH NR BIG CREEK CA,77015360,none,True,True,True,True,False
11239300,NF STEVENSON C A PERIMETER RD NR BIG C CA,77017044,none,False,False,False,False,False
11241500,STEVENSON C A SHAVER LK CA,77017044,other mention,False,False,False,False,False
11242000,SAN JOAQUIN R AB WILLOW C NR AUBERRY CA,77014148,none,True,True,True,True,False
11244000,NF WILLOW C NR BASS LAKE CA,77017582,other mention,False,False,False,False,False
11246500,WILLOW C A MOUTH NR AUBERRY CA,77014939,none,True,True,True,True,False
11246700,SAN JOAQUIN R NR AUBERRY CA,77014081,none,True,True,True,True,False
11264500,MERCED R A HAPPY ISLES BRIDGE NR YOSEMITE CA,77015222,none,True,False,False,False,False
11266500,MERCED R A POHONO BRIDGE NR YOSEMITE CA,77014802,none,True,False,False,False,False
11270900,MERCED R BL MERCED FALLS DAM NR SNELL CA,77014089,below,True,True,True,True,False
11276500,TUOLUMNE R NR HETCH HETCHY CA,77014498,none,True,True,True,True,False
11276900,TUOLUMNE R BL EARLY INTAKE NR MATHER CA,77014434,none,True,True,True,True,False
11277300,CHERRY C BL VALLEY DAM NR HETCH HETCHY CA,77015232,below,True,True,True,True,False
11278000,ELEANOR C NR HETCH HETCHY CA,77015560,none,True,True,False,True,False
11278400,"CHERRY C BL DION R HOLM PH, NR MATHER CA",77014784,none,True,True,True,True,False
11284400,BIG C AB WHITES GULCH NR GROVELAND CA,77018285,none,False,False,False,False,False
11289650,TUOLUMNE R BL LAGRANGE DAM NR LAGRANGE CA,77014034,below,True,True,True,True,True
11292000,MF STANISLAUS R AT KENNEDY MDWS NR DARDANELLE CA,77016537,none,True,True,False,True,False
11292700,MF STANISLAUS R A HELLS HALF ACRE BRIDGE CA,77014845,none,True,True,True,True,False
11292900,MF STANISLAUS R BL BEARDSLEY DAM CA,77014845,below,True,True,True,True,False
11294500,NF STANISLAUS R NR AVERY CA,77015313,none,True,True,True,True,False
11295270,NF STANISLAUS R BL MCKAYS POINT DAM NR AVERY CA,77015313,below,True,True,True,True,False
11296500,SF STANISLAUS R A STRAWBERRY CA,77015800,none,True,True,False,True,False
11298000,SF STANISLAUS R NR LONG BARN CA,77015800,none,True,True,False,True,False
10270800,SF BISHOP C BL S LK NR BISHOP CA,77017117,below,False,False,False,False,False
10270872,MF BISHOP C BL LK SABRINA NR BISHOP CA,77017194,below,False,False,False,False,False
11186000,KERN R NR KERNVILLE(RIVER ONLY) CA,77021720,none,True,False,False,True,False
11200800,DEER C NR FOUNTAIN SPRINGS CA,77023047,none,True,False,False,False,False
11202000,NF OF MF TULE R NR SPRINGVILLE(RIVER ONLY CA,77025816,none,False,False,False,False,False
11214600,HELMS C BL COURTRIGHT DAM CA,77016654,below,True,True,True,True,False
11216200,NF KINGS R BL BALCH DIV DAM CA,77021247,below,True,True,True,True,False
11216400,DINKEY C SIPHON FISH RELEASE A BALCH CAMP CA,77020954,none,True,False,False,False,False
11216500,NF KINGS R AB DINKEY C A BALCH CAMP CA,77020946,none,False,False,False,False,False
11218400,NF KINGS R BL DINKEY C NR BALCH CAMP CA,77020946,none,True,True,True,True,False
11251000,SAN JOAQUIN R BL FRIANT CA,77021301,none,True,True,True,True,True
11109600,PIRU CREEK ABOVE LAKE PIRU CA,77028047,above,True,True,True,True,False
10263500,BIG ROCK C NR VALYERMO CA,77031348,none,False,False,False,False,False
11046530,SAN JUAN C AT LA NOVIA ST BR AT SAN JUAN CAPIS CA,77028771,none,True,False,False,False,False
11073360,CHINO C A SCHAEFER AVENUE NR CHINO CA,77028675,none,False,False,False,False,False
11074000,SANTA ANA R BL PRADO DAM CA,77027820,below,False,False,False,False,False
11075720,CARBON C BL CARBON CYN DAM CA,77030723,below,False,False,False,False,False
11075800,SANTIAGO C A MODJESKA CA,77030471,none,False,False,False,False,False
11085000,SAN GABRIEL R BL SANTA FE DAM NR BALDWIN PK CA,77028728,below,True,True,True,True,False
11087020,SAN GABRIEL R AB WHITTIER NARROWS DAM CA,77028184,above,False,False,False,False,False
11088500,BREA C BL BREA DAM NR FULLERTON CA,77030748,below,False,False,False,False,False
11089500,FULLERTON C BL FULLERTON DAM NR BREA CA,77030644,below,False,False,False,False,False
11097000,BIG TUJUNGA C BL HANSEN DAM CA,77028401,below,True,False,False,True,False
11098000,ARROYO SECO NR PASADENA CA,77031149,none,False,False,False,False,False
11101250,RIO HONDO AB WHITTIER NARROWS DAM CA,77029021,above,True,False,False,True,False
11102300,RIO HONDO BL WHITTIER NARROWS DAM CA,77028904,below,True,False,False,True,False
11109800,PIRU CREEK BELOW SANTA FELICIA DAM CA,77028005,below,True,True,True,True,False
11118500,VENTURA R NR VENTURA,77028555,none,True,True,True,True,False
12134500,"SKYKOMISH RIVER NEAR GOLD BAR, WA",78015902,none,True,False,False,False,False
12138160,"SULTAN RIVER BELOW POWERPLANT NEAR SULTAN, WA",78015728,at dam / outlet,True,True,False,True,False
12150800,"SNOHOMISH RIVER NEAR MONROE, WA",78015703,none,True,True,False,False,False
12167000,"NF STILLAGUAMISH RIVER NEAR ARLINGTON, WA",78014158,none,True,False,False,False,False
12175500,"THUNDER CREEK NEAR NEWHALEM, WA",78014338,none,True,False,False,False,False
12178100,"NEWHALEM CREEK NEAR NEWHALEM, WA",78015092,none,False,False,False,False,False
12186000,"SAUK RIVER AB WHITECHUCK RIVER NEAR DARRINGTON, WA",78014244,none,True,False,False,False,False
12189500,"SAUK RIVER NEAR SAUK, WA",78014127,none,True,False,False,False,False
12205000,"NF NOOKSACK RIVER BL CASCADE CREEK NR GLACIER, WA",78014296,none,True,False,False,False,False
12451000,"STEHEKIN RIVER AT STEHEKIN, WA",78014191,none,True,False,False,False,False
12095000,"SOUTH PRAIRIE CREEK AT SOUTH PRAIRIE, WA",78016138,none,True,False,False,False,False
12099600,"BOISE CREEK AT BUCKLEY, WA",78016573,none,False,False,False,False,False
12105900,"GREEN RIVER BELOW HOWARD A HANSON DAM, WA",78015961,below,False,False,False,False,False
12106700,"GREEN RIVER AT PURIFICATION PLANT NEAR PALMER, WA",78015961,none,True,True,False,True,False
12108500,"NEWAUKUM CREEK NEAR BLACK DIAMOND, WA",78015871,none,False,False,False,False,False
12112600,"BIG SOOS CREEK ABOVE HATCHERY NEAR AUBURN, WA",78016109,none,True,False,False,False,False
12114500,"CEDAR RIVER BELOW BEAR CREEK NEAR CEDAR FALLS, WA",78016700,none,False,False,False,False,False
12115000,"CEDAR RIVER NEAR CEDAR FALLS, WA",78016700,none,False,False,False,False,False
12115500,"REX RIVER NEAR CEDAR FALLS, WA",78016735,none,False,False,False,False,False
12116500,"CEDAR RIVER AT CEDAR FALLS, WA",78016113,none,True,True,True,True,False
12117000,"TAYLOR CREEK NEAR SELLECK, WA",78016752,none,False,False,False,False,False
12117500,"CEDAR RIVER NEAR LANDSBURG, WA",78015992,none,True,True,False,True,False
12119000,"CEDAR RIVER AT RENTON, WA",78015992,none,True,True,False,True,False
12120000,"MERCER CREEK NEAR BELLEVUE, WA",78016978,none,False,False,False,False,False
12120600,"ISSAQUAH CREEK NEAR HOBART, WA",78016823,none,False,False,False,False,False
12121600,"ISSAQUAH CREEK NEAR MOUTH NEAR ISSAQUAH, WA",78016206,none,True,False,False,False,False
12143600,"SF SNOQUALMIE RIVER AT EDGEWICK, WA",78016804,none,False,False,False,False,False
12143700,"BOXLEY CREEK NEAR CEDAR FALLS, WA",78016804,none,False,False,False,False,False
12143900,"BOXLEY CREEK NEAR EDGEWICK, WA",78016804,none,False,False,False,False,False
12144000,"SF SNOQUALMIE RIVER AT NORTH BEND, WA",78016804,none,False,False,False,False,False
12144500,"SNOQUALMIE RIVER NEAR SNOQUALMIE, WA",78015903,none,True,False,False,False,False
12145500,"RAGING RIVER NEAR FALL CITY, WA",78016845,none,False,False,False,False,False
12147500,"NORTH FORK TOLT RIVER NEAR CARNATION, WA",78017137,none,False,False,False,False,False
12147600,"SOUTH FORK TOLT RIVER NEAR INDEX, WA",78017082,none,False,False,False,False,False
12148000,"SOUTH FORK TOLT RIVER NEAR CARNATION, WA",78017082,none,False,False,False,False,False
12148300,"SF TOLT RIVER BL REGULATING BASIN NR CARNATION, WA",78017082,none,False,False,False,False,False
12148500,"TOLT RIVER NEAR CARNATION, WA",78016096,none,True,True,False,False,False
12149000,"SNOQUALMIE RIVER NEAR CARNATION, WA",78015863,none,True,True,False,False,False
12452800,"ENTIAT RIVER NEAR ARDENVOIR, WA",78015749,none,True,False,False,False,False
12457000,"WENATCHEE RIVER AT PLAIN, WASH.",78015711,none,True,False,False,False,False
12459000,"WENATCHEE RIVER AT PESHASTIN, WA",78015690,none,True,False,False,False,False
12462500,"WENATCHEE RIVER AT MONITOR, WA",78015681,none,True,False,False,False,False
12484500,"YAKIMA RIVER AT UMTANUM, WA",78017721,none,True,True,False,True,False
12488500,"AMERICAN RIVER NEAR NILE, WA",78018410,none,True,False,False,False,False
14226500,"COWLITZ RIVER AT PACKWOOD, WA",78018167,none,True,False,False,False,False
12500450,"YAKIMA RIVER ABOVE AHTANUM CREEK AT UNION GAP, WA",78017627,none,False,False,False,False,False
12502500,"AHTANUM CREEK AT UNION GAP, WA",78017976,none,False,False,False,False,False
14103000,"DESCHUTES RIVER AT MOODY, NEAR BIGGS, OR",78019827,none,False,False,False,False,False
14113000,"KLICKITAT RIVER NEAR PITT, WA",78019869,none,True,False,False,False,False
14123500,"WHITE SALMON RIVER NEAR UNDERWOOD, WA",78019961,none,True,False,False,False,False
14034470,"WILLOW CREEK ABV WILLOW CR LAKE, NR HEPPNER, OR",78020464,above,True,False,False,True,False
14034500,"WILLOW CREEK AT HEPPNER, OREG.",78020312,none,True,True,True,True,False
14046000,"NORTH FORK JOHN DAY RIVER AT MONUMENT, OR",78021707,none,True,False,False,False,False
14046500,"JOHN DAY RIVER AT SERVICE CREEK, OR",78021698,none,True,False,False,False,False
14097100,"WARM SPRINGS RIVER NEAR KAHNEETA HOT SPRINGS, OR",78021817,none,True,False,False,False,False
10396000,DONNER UND BLITZEN RIVER NR FRENCHGLEN OR,77001676,none,True,False,False,False,False
10301500,"WALKER RV NR WABUSKA, NV",77005715,none,False,False,False,False,False
10312150,"CARSON RIVER BLW LAHONTAN RESERVOIR NR FALLON, NV",77005612,below,False,False,False,False,False
10312275,"CARSON RIVER AT TARZYN ROAD NR FALLON, NV",77005611,none,False,False,False,False,False
10351700,"TRUCKEE R NR NIXON, NV",77005847,none,False,False,False,False,False
10256500,SNOW C NR WHITE WATER CA,77030657,none,False,False,False,False,False
10257550,WHITEWATER R A WINDY PT NR WHITEWATER CA,77028442,none,True,False,False,True,False
10257720,CHINO CYN C BL TRAMWAY NR PALM SPRINGS CA,77030656,none,False,False,False,False,False
10258000,TAHQUITZ C NR PALM SPRINGS CA,77030576,none,False,False,False,False,False
10258500,PALM CYN C NR PALM SPRINGS CA,77029498,none,True,False,False,False,False
10259000,ANDREAS C NR PALM SPRINGS CA,77029498,none,False,False,False,False,False
10259100,WHITEWATER R A RANCHO MIRAGE CA,77028169,none,False,False,False,False,False
10259200,DEEP C NR PALM DESERT CA,77030309,none,False,False,False,False,False
10260500,DEEP C NR HESPERIA CA,77028707,none,True,True,True,False,False
10260950,WF MOJAVE R AB MOJAVE R FORKS RES NR HESPERIA CA,77029072,above,True,False,False,True,False
10261500,MOJAVE R A LO NARROWS NR VICTORVILLE CA,77028166,none,True,True,True,True,False
11043000,MURRIETA C A TEMECULA CA,77028586,none,True,True,True,False,False
11044000,SANTA MARGARITA R NR TEMECULA CA,77028197,none,True,True,True,False,False
11044250,RAINBOW C NR FALLBROOK CA,77028197,none,False,False,False,False,False
11044300,SANTA MARGARITA R A FPUD SUMP NR FALLBROOK CA,77028197,none,True,True,True,True,False
11044350,SANDIA C NR FALLBROOK CA,77030176,none,False,False,False,False,False
11051500,SANTA ANA R NR MENTONE CA,77028684,none,True,True,True,True,False
11055500,PLUNGE C NR EAST HIGHLANDS CA,77031024,none,False,False,False,False,False
11055800,CITY C NR HIGHLAND CA,77031054,none,False,False,False,False,False
11059300,SANTA ANA R A E ST NR SAN BERNARDINO CA,77028179,none,False,False,False,False,False
11060400,WARM C NR SAN BERNARDINO CA,77028398,none,False,False,False,False,False
11062000,LYTLE C NR FONTANA CA,77029229,none,True,False,False,False,False
11062001,LYTLE+BRLNE+COND+INF - W27 CA,77029229,none,True,False,False,False,False
11063510,CAJON C BL LONE PINE C NR KEENBROOK CA,77029145,none,True,False,False,False,False
11063680,DEVIL CYN C NR SAN BERNARDINO CA,77031055,none,False,False,False,False,False
11065000,"Lytle Creek at Colton, CA",77028398,none,False,False,False,False,False
11066460,SANTA ANA R A MWD CROSSING CA,77028038,none,True,True,True,False,False
11072100,TEMESCAL C AB MAIN ST A CORONA CA,77027845,none,False,False,False,False,False
11073495,CUCAMONGA C NR MIRA LOMA CA,77029002,none,True,False,False,False,False
11014000,JAMUL C NR JAMUL CA,77033837,none,True,False,False,False,False
11015000,SWEETWATER R NR DESCANSO CA,77033673,none,True,False,False,False,False
11022200,LOS COCHES C NR LAKESIDE CA,77036011,none,False,False,False,False,False
11022480,SAN DIEGO R A MAST RD NR SANTEE CA,77032356,none,True,True,True,True,False
11023000,SAN DIEGO R A FASHION VALLEY AT SAN DIEGO CA,77032351,none,True,True,True,True,False
11023340,LOS PENASQUITOS C NR POWAY CA,77036153,none,False,False,False,False,False
11025500,SANTA YSABEL C NR RAMONA CA,77028717,none,True,True,True,True,False
11028500,SANTA MARIA C NR RAMONA CA,77029115,none,True,False,False,False,False
12447390,"ANDREWS CREEK NEAR MAZAMA, WA",78015352,none,False,False,False,False,False
12448500,"METHOW RIVER AT WINTHROP, WA",78014125,none,True,False,False,False,False
12448998,"TWISP RIVER NEAR TWISP, WA",78014186,none,True,False,False,False,False
12449950,"METHOW RIVER NEAR PATEROS, WA",78014092,none,True,False,False,False,False
12452500,"CHELAN RIVER AT CHELAN, WA",78015651,none,True,True,False,True,False
12465000,"CRAB CREEK AT IRBY, WA",78015831,none,True,False,False,False,False
12467000,"CRAB CREEK NEAR MOSES LAKE, WA",78015820,other mention,False,False,False,False,False
13351000,"PALOUSE RIVER AT HOOPER, WA",78017520,none,True,False,False,False,False
14013000,"MILL CREEK NEAR WALLA WALLA, WA",78017656,none,False,False,False,False,False
14015000,"MILL CREEK AT WALLA WALLA, WA",78017649,none,True,False,False,True,False
14018500,"WALLA WALLA RIVER NEAR TOUCHET, WA",78017581,none,True,False,False,False,False
14020000,"UMATILLA RIVER ABOVE MEACHAM CREEK, NR GIBBON, OR",78020347,none,True,False,False,False,False
14033500,"UMATILLA RIVER NEAR UMATILLA, OR",78020097,none,True,True,False,True,False
13331500,"MINAM RIVER NEAR MINAM, OR",78020203,none,True,False,False,False,False
14044000,"M FK JOHN DAY R AT RITTER, OREG.",78022152,none,True,False,False,False,False
13183000,OWYHEE RIVER BELOW OWYHEE DAM OR,78024072,below,False,False,False,False,False
13215000,MALHEUR R BE WARMSPRINGS RES NR RIVERSIDE OR,78024308,other mention,True,True,True,True,False
13217500,NORTH FORK MALHEUR RIVER AT BEULAH OR,78024357,none,True,True,True,True,False
10352500,"MC DERMITT C NR MC DERMITT, NV",77001900,none,True,False,False,False,False
13181000,OWYHEE RIVER NR ROME OR,78026539,none,True,True,False,True,False
10321950,"MAGGIE CK AT MAGGIE CR CYN NR CARLIN, NV",77005709,none,True,False,False,False,False
10322150,"MARYS CK AT CARLIN, NV",77008320,none,True,False,False,False,False
10322500,"HUMBOLDT R AT PALISADE, NV",77005682,none,False,False,False,False,False
10324500,"ROCK CK NR BATTLE MOUNTAIN, NV",77005603,none,True,False,False,False,False
10327500,"HUMBOLDT RV AT COMUS, NV",77000683,none,False,False,False,False,False
10329000,"L HUMBOLDT R NR PARADISE VALLEY, NV",77001206,none,True,True,True,True,False
10329500,"MARTIN C NR PARADISE VALLEY, NV",77002052,none,True,False,False,False,False
10249280,"KINGSTON C BL COUGAR CANYON NR AUSTIN, NV",77009704,none,False,False,False,False,False
10249300,"S TWIN R NR ROUND MOUNTAIN, NV",77020295,none,False,False,False,False,False
09423350,CARUTHERS C NR IVANPAH CA,77024004,none,False,False,False,False,False
12397100,"OUTLET CREEK NEAR METALINE FALLS, WA",78015229,at dam / outlet,False,False,False,False,False
12409000,"COLVILLE RIVER AT KETTLE FALLS, WA",78014104,none,True,False,False,False,False
12395000,PRIEST RIVER NR PRIEST RIVER ID,78013896,none,True,False,False,False,False
12413000,NF COEUR D ALENE RIVER AT ENAVILLE ID,78015684,none,True,False,False,False,False
12413470,SF COEUR D ALENE RIVER NR PINEHURST ID,78015930,none,True,False,False,False,False
12413500,COEUR D ALENE RIVER NR CATALDO ID,78015680,none,True,False,False,False,False
12419000,SPOKANE RIVER NR POST FALLS ID,78015586,none,False,False,False,False,False
12422500,"SPOKANE RIVER AT SPOKANE, WA",78015582,none,True,True,False,True,False
12424000,"HANGMAN CREEK AT SPOKANE, WA",78015836,none,True,False,False,False,False
12431000,"LITTLE SPOKANE RIVER AT DARTFORD, WA",78015650,none,True,False,False,False,False
12433000,"SPOKANE RIVER AT LONG LAKE, WA",78015577,other mention,True,True,False,True,False
12433200,"CHAMOKANE CREEK BELOW FALLS NEAR LONG LAKE, WA",78015738,below,True,False,False,False,False
12414500,ST JOE RIVER AT CALDER ID,78015603,none,True,False,False,False,False
12414900,ST MARIES RIVER NR SANTA ID,78015635,none,True,False,False,False,False
13333000,"GRANDE RONDE RIVER AT TROY, OR",78019945,none,True,True,False,False,False
13338500,SF CLEARWATER RIVER AT STITES ID,78017742,none,True,False,False,False,False
13339500,LOLO CREEK NR GREER ID,78018112,none,True,False,False,False,False
13340000,CLEARWATER RIVER AT OROFINO ID,78017670,none,True,False,False,False,False
13341050,CLEARWATER RIVER NR PECK ID,78017669,none,True,True,False,True,False
13342500,CLEARWATER RIVER AT SPALDING ID,78017661,none,True,True,False,True,False
13345000,PALOUSE RIVER NR POTLATCH ID,78017726,none,True,False,False,False,False
13346800,PARADISE CR AT UNIVERSITY OF IDAHO AT MOSCOW ID,78019390,none,False,False,False,False,False
13239000,NF PAYETTE RIVER AT MCCALL ID,78022034,none,True,False,False,True,False
13240000,LAKE FORK PAYETTE RIVER AB JUMBO CR NR MCCALL ID,78022737,other mention,True,False,False,False,False
13258500,WEISER RIVER NR CAMBRIDGE ID,78021805,none,True,False,False,False,False
13292000,"IMNAHA RIVER AT IMNAHA, OR",78020139,none,True,False,False,False,False
13310700,SF SALMON RIVER NR KRASSEL RANGER STATION ID,78020032,none,True,False,False,False,False
13313000,JOHNSON CREEK AT YELLOW PINE ID,78022315,none,True,False,False,False,False
13316500,LITTLE SALMON RIVER AT RIGGINS ID,78019884,none,True,False,False,False,False
13317000,SALMON RIVER AT WHITE BIRD ID,78019782,none,True,False,False,False,False
13159800,CANYON CR AT OREGON TRAIL XING NR MOUNTAIN HOME ID,78024951,none,True,False,False,False,False
13185000,BOISE RIVER NR TWIN SPRINGS ID,78024312,none,True,False,False,False,False
13186000,SF BOISE RIVER NR FEATHERVILLE ID,78024520,none,True,False,False,False,False
13190500,SF BOISE RIVER AT ANDERSON RANCH DAM ID,78024476,at dam / outlet,True,True,True,True,True
13200000,MORES CREEK AB ROBIE CREEK NR ARROWROCK DAM ID,78024672,at dam / outlet,True,False,False,False,False
13202000,BOISE RIVER NR BOISE ID,78024299,none,True,True,True,True,True
13206000,BOISE RIVER AT GLENWOOD BRIDGE NR BOISE ID,78024287,none,True,True,True,True,False
13235000,SF PAYETTE RIVER AT LOWMAN ID,78021942,none,True,False,False,False,False
13236500,DEADWOOD RIVER BL DEADWOOD RES NR LOWMAN ID,78022428,below,True,True,True,True,True
13245000,NF PAYETTE RIVER AT CASCADE ID,78021944,none,True,True,True,True,False
13246000,NF PAYETTE RIVER NR BANKS ID,78021930,none,True,True,True,True,False
13247500,PAYETTE RIVER NR HORSESHOE BEND ID,78024254,none,True,True,False,True,False
13249500,PAYETTE RIVER NR EMMETT ID,78024239,none,True,True,False,True,False
13251000,PAYETTE RIVER NR PAYETTE ID,78021830,none,False,False,False,False,False
13266000,WEISER RIVER NR WEISER ID,78021786,none,True,False,False,False,False
13108150,SALMON FALLS CREEK NR HAGERMAN ID,78026566,none,False,False,False,False,False
13152500,MALAD RIVER NR GOODING ID,78026520,none,False,False,False,False,False
13153500,MALAD RIVER NR BLISS ID,78026514,none,False,False,False,False,False
13161500,BRUNEAU RIVER AT ROWLAND NV,78028215,none,True,False,False,False,False
13168500,BRUNEAU RIVER NR HOT SPRING ID,78026690,none,True,False,False,False,False
10315500,"MARYS R AB HOT SPRINGS C NR DEETH, NV",77001585,none,True,False,False,False,False
10316500,"LAMOILLE C NR LAMOILLE, NV",77012549,none,False,False,False,False,False
10318500,"HUMBOLDT R NR ELKO, NV",77005781,none,False,False,False,False,False
10319900,"S FK HUMBOLDT RV ABV TENMILE CK NR ELKO, NV",77006576,none,True,False,False,False,False
10320000,"S F HUMBOLDT R AB DIXIE C NR ELKO, NV",77006522,none,True,True,False,True,False
10321000,"HUMBOLDT R NR CARLIN, NV",77005764,none,False,False,False,False,False
13105000,SALMON FALLS CREEK NR SAN JACINTO NV,78028163,none,True,False,False,False,False
13174500,"OWYHEE R NR GOLD CREEK, NV",78028265,none,True,True,True,True,False
10244950,"STEPTOE C NR ELY, NV",77009597,none,False,False,False,False,False
09408000,"LEEDS CREEK NEAR LEEDS, UT",77017331,none,False,False,False,False,False
09408400,"SANTA CLARA RIVER NEAR PINE VALLEY, UT",77017494,none,False,False,False,False,False
09409100,"SANTA CLARA RIVER ABV BAKER RES, NR CENTRAL, UT",77015425,above,True,False,False,True,False
09409880,"SANTA CLARA RIVER AT GUNLOCK, UT",77014865,none,True,False,False,True,False
09413000,"SANTA CLARA RIVER AT ST. GEORGE, UT",77014382,none,True,True,True,True,False
09413200,"VIRGIN RIVER NEAR BLOOMINGTON, UT",77013287,none,True,True,False,True,False
09415000,"VIRGIN R AT LITTLEFIELD, AZ",77020740,none,False,False,False,False,False
09416000,"MUDDY R NR MOAPA, NV",77020993,none,False,False,False,False,False
09419000,"MUDDY R NR GLENDALE, NV",77020977,none,False,False,False,False,False
09424450,"BIG SANDY RIVER NEAR WIKIEUP, AZ",77027285,none,True,False,False,False,False
09424900,"SANTA MARIA RIVER NEAR BAGDAD, AZ.",77027860,none,True,False,False,False,False
09426000,"BILL WILLIAMS RIVER BELOW ALAMO DAM, AZ",77027270,below,True,False,False,True,False
09426620,"BILL WILLIAMS RIVER NEAR PARKER, AZ.",77027249,none,False,False,False,False,False
09535100,"SAN SIMON WASH NEAR PISINIMO, AZ.",77032951,none,True,False,False,False,False
12301300,Tobacco River near Eureka MT,78014139,none,True,False,False,False,False
12302055,Fisher River near Libby MT,78014001,none,True,False,False,False,False
12372000,Flathead River near Polson MT,78015546,none,False,False,False,False,False
12374250,Mill Cr ab Bassoo Cr nr Niarada MT,78017191,none,False,False,False,False,False
12389500,Thompson River near Thompson Falls MT,78015705,none,True,False,False,False,False
12390700,Prospect Creek at Thompson Falls MT,78016400,none,False,False,False,False,False
12411000,NF COEUR D ALENE R AB SHOSHONE CK NR PRICHARD ID,78015712,none,True,False,False,False,False
12352500,Bitterroot River near Missoula MT,78017554,none,True,True,False,False,False
12353000,Clark Fork below Missoula MT,78017471,none,True,True,False,False,False
12354500,Clark Fork at St. Regis MT,78015515,none,True,True,False,False,False
12388400,Revais Cr bl West Fork nr Dixon MT,78016628,none,False,False,False,False,False
12388700,Flathead River at Perma MT,78015536,none,False,False,False,False,False
13336500,SELWAY RIVER NR LOWELL ID,78017697,none,True,False,False,False,False
13337000,LOCHSA RIVER NR LOWELL ID,78017893,none,True,False,False,False,False
13340600,NF CLEARWATER RIVER NR CANYON RANGER STATION ID,78017906,none,True,False,False,False,False
12342500,West Fork Bitterroot River nr Conner MT,78020300,none,True,True,False,False,False
12344000,Bitterroot River near Darby MT,78021634,none,False,False,False,False,False
13302500,SALMON RIVER AT SALMON ID,78019850,none,True,False,False,False,False
13305000,LEMHI RIVER NR LEMHI ID,78022183,none,True,False,False,False,False
13118700,LITTLE LOST RIVER BL WET CREEK NR HOWE ID,78022294,none,False,False,False,False,False
13120000,NF BIG LOST RIVER AT WILD HORSE NR CHILLY ID,78024660,none,False,False,False,False,False
13120500,BIG LOST RIVER AT HOWELL RANCH NR CHILLY ID,78022044,none,True,False,False,False,False
13127000,BIG LOST RIVER BL MACKAY RES NR MACKAY ID,78024248,below,False,False,False,False,False
13147900,LITTLE WOOD RIVER AB HIGH FIVE CREEK NR CAREY ID,78024822,none,True,True,False,False,False
13297330,THOMPSON CREEK NR CLAYTON ID,78023257,none,False,False,False,False,False
13297350,BRUNO CREEK NR CLAYTON ID,78022824,none,False,False,False,False,False
13297355,SQUAW CREEK BL BRUNO CREEK NR CLAYTON ID,78022824,none,True,False,False,False,False
13302005,PAHSIMEROI RIVER AT ELLIS ID,78022195,none,True,False,False,False,False
13077000,SNAKE RIVER AT NEELEY ID,78026484,none,False,False,False,False,False
13083000,TRAPPER CREEK NR OAKLEY ID,78027334,none,True,False,False,False,False
13132500,BIG LOST RIVER NR ARCO ID,78024221,none,False,False,False,False,False
13132520,BIG LOST RIVER BL INEEL DIV NR ARCO ID,78024216,none,False,False,False,False,False
13141500,CAMAS CREEK NR BLAINE ID,78024493,none,True,False,False,False,False
13142500,BIG WOOD RIVER BL MAGIC DAM NR RICHFIELD ID,78024471,below,False,False,False,False,False
13148500,LITTLE WOOD RIVER NR CAREY ID,78024724,none,True,True,False,True,False
13150430,SILVER CREEK AT SPORTSMAN ACCESS NR PICABO ID,78024810,none,False,False,False,False,False
10172952,"DUNN CREEK NEAR PARK VALLEY, UT",77004220,none,False,False,False,False,False
13078000,RAFT RIVER AB ONEMILE CREEK NR MALTA ID,78026670,none,True,False,False,False,False
13082500,GOOSE CREEK AB TRAPPER CREEK NR OAKLEY ID,78026669,none,True,False,False,False,False
10172700,"VERNON CREEK NEAR VERNON, UT",77011073,none,False,False,False,False,False
10172800,"SOUTH WILLOW CREEK NEAR GRANTSVILLE, UT",77012411,none,False,False,False,False,False
10224000,"SEVIER RIVER NEAR LYNNDYL, UT",77005759,none,False,False,False,False,False
10234500,"BEAVER RIVER NEAR BEAVER, UT",77015647,none,True,False,False,False,False
09403600,"KANAB CREEK NEAR KANAB, UT",77014796,none,True,False,False,False,False
09404450,"EAST FORK VIRGIN RIVER NEAR GLENDALE, UT",77015975,none,False,False,False,False,False
09405500,"NORTH FORK VIRGIN RIVER NEAR SPRINGDALE, UT",77014814,none,True,False,False,False,False
09406000,"VIRGIN RIVER AT VIRGIN, UT",77014275,none,True,False,False,False,False
10174500,"SEVIER RIVER AT HATCH, UT",77014703,none,True,False,False,False,False
10183500,"SEVIER RIVER NEAR KINGSTON, UT",77014094,none,True,True,False,True,False
10189000,"EAST FORK SEVIER RIVER NEAR KINGSTON, UT",77014158,none,True,True,True,True,False
10242000,"COAL CREEK NEAR CEDAR CITY, UT",77016187,none,True,False,False,False,False
09382000,"PARIA RIVER AT LEES FERRY, AZ",77020902,none,True,False,False,False,False
09503700,"VERDE RIVER NEAR PAULDEN, AZ.",77027323,none,False,False,False,False,False
09504420,"OAK CREEK NEAR SEDONA, AZ.",77027580,none,True,False,False,False,False
09504500,"OAK CREEK NEAR CORNVILLE, AZ.",77027516,none,True,False,False,False,False
09505200,"WET BEAVER CREEK NEAR RIMROCK, AZ.",77028470,none,True,False,False,False,False
09505350,"DRY BEAVER CREEK NEAR RIMROCK, AZ.",77028417,none,True,False,False,False,False
09505800,"WEST CLEAR CREEK NEAR CAMP VERDE, AZ.",77028303,none,True,False,False,False,False
09506000,"VERDE RIVER NEAR CAMP VERDE, AZ",77027254,none,True,False,False,False,False
09512500,"AGUA FRIA RIVER NEAR MAYER, AZ.",77028147,none,True,False,False,False,False
09498400,"PINAL CREEK AT INSPIRATION DAM, NR GLOBE, AZ.",77028651,at dam / outlet,True,False,False,False,False
09498500,"SALT RIVER NEAR ROOSEVELT, AZ.",77027732,none,True,True,False,False,False
09499000,"TONTO CREEK ABV GUN CREEK, NEAR ROOSEVELT, AZ.",77028123,none,True,False,False,False,False
09502000,"SALT RIVER BLW STEWART MOUNTAIN DAM, AZ.",77027717,below,False,False,False,False,False
09508300,"WET BOTTOM CREEK NEAR CHILDS, AZ.",77031005,none,False,False,False,False,False
09510000,"VERDE RIVER BLW BARTLETT DAM, AZ.",77027234,below,True,True,True,True,True
09510200,"SYCAMORE CREEK NEAR FORT MCDOWELL, AZ.",77028622,none,True,False,False,False,False
09512280,"CAVE CREEK BLW COTTONWOOD CR NEAR CAVE CREEK, AZ.",77028876,none,True,False,False,False,False
09512800,"AGUA FRIA RIVER NEAR ROCK SPRINGS, AZ.",77027894,none,True,False,False,False,False
09513780,"NEW RIVER NEAR ROCK SPRINGS, AZ.",77030888,none,False,False,False,False,False
09513860,"SKUNK CREEK NEAR PHOENIX, AZ.",77028871,none,True,False,False,False,False
09484000,"SABINO CREEK NEAR TUCSON, AZ.",77034117,none,True,False,False,False,False
09484600,"PANTANO WASH NEAR VAIL, AZ.",77032930,none,True,False,False,False,False
09480000,"SANTA CRUZ RIVER NEAR LOCHIEL, AZ.",77034029,none,True,False,False,False,False
05014500,Swiftcurrent Creek at Many Glacier MT,71045424,none,True,True,True,False,False
05017500,St. Mary River near Babb MT,71044879,none,True,True,False,False,False
12358500,Middle Fork Flathead River nr West Glacier MT,78013776,none,True,False,False,False,False
12362500,S F Flathead River nr Columbia Falls MT,78013953,none,True,True,True,False,False
12370000,Swan River near Bigfork MT,78014053,none,True,False,False,False,False
12324680,Clark Fork at Goldcreek MT,78017489,none,True,True,False,False,False
12334510,Rock Creek near Clinton MT,78017683,none,True,True,False,False,False
12334550,Clark Fork at Turah Bridge nr Bonner MT,78017476,none,True,True,False,False,False
12340000,Blackfoot River near Bonner MT,78017532,none,True,True,False,False,False
12340500,Clark Fork above Missoula MT,78017475,none,True,True,False,False,False
12375900,South Crow Creek near Ronan MT,78016861,none,False,False,False,False,False
12377150,Mission Cr ab Reservoir nr ST Ignatius MT,78016721,above,False,False,False,False,False
12381400,South Fork Jocko River near Arlee MT,78016128,none,True,False,False,False,False
12383500,Big Knife Creek near Arlee MT,78016043,none,False,False,False,False,False
06020600,Ruby River bl Reservoir nr Alder MT,74011131,below,True,True,False,False,False
06025500,Big Hole River near Melrose MT,74010077,none,True,False,False,False,False
06033000,Boulder River near Boulder MT,74005492,none,True,False,False,False,False
12323240,Blacktail Creek at Butte MT,78017653,none,True,False,False,False,False
12323250,Silver Bow Cr bl Blacktail Cr at Butte MT,78017653,none,True,False,False,False,False
12323770,Warm Springs Creek at Warm Springs MT,78017510,none,False,False,False,False,False
12323800,Clark Fork near Galen MT,78017510,none,False,False,False,False,False
12324200,Clark Fork at Deer Lodge MT,78017501,none,True,True,False,False,False
13042500,HENRYS FORK NR ISLAND PARK ID,78022223,none,True,True,False,True,True
13046000,HENRYS FORK NR ASHTON ID,78022109,none,True,True,False,True,False
13049500,FALLS RIVER NR CHESTER ID,78021718,none,True,True,False,False,False
13050500,HENRYS FORK AT ST ANTHONY ID,78024051,none,True,True,False,True,False
13055000,TETON RIVER NR ST ANTHONY ID,78024481,none,True,False,False,False,False
13055340,SF TETON RIVER NEAR REXBURG ID,78024468,none,True,False,False,False,False
13056500,HENRYS FORK NR REXBURG ID,78024048,none,False,False,False,False,False
13116500,MEDICINE LODGE CREEK NR SMALL ID,78022310,none,True,False,False,False,False
13032500,SNAKE RIVER NR IRWIN ID,78024158,none,True,True,False,True,True
13037500,SNAKE RIVER NR HEISE ID,78024140,none,True,True,False,True,False
13038500,SNAKE RIVER AT LORENZO ID,78024140,none,True,True,True,True,False
13057155,SNAKE RIVER AB EAGLE ROCK NR IDAHO FALLS ID,78024040,none,False,False,False,False,False
13057940,WILLOW CREEK BL TEX CREEK NR RIRIE ID,78024090,none,True,False,False,False,False
13058000,WILLOW CREEK NR RIRIE ID,78024083,none,True,True,True,True,True
13060000,SNAKE RIVER NR SHELLEY ID,78024037,none,False,False,False,False,False
13062500,SNAKE RIVER AT BLACKFOOT ID,78024033,none,False,False,False,False,False
13066000,BLACKFOOT RIVER NR SHELLEY ID,78024156,none,True,True,True,True,False
13068501,BLACKFOOT RIVER AND BYPASS CHANNEL NR BLACKFOOT ID,78024060,none,False,False,False,False,False
13069500,SNAKE RIVER NR BLACKFOOT ID,78026492,none,False,False,False,False,False
13073000,PORTNEUF RIVER AT TOPAZ ID,78026724,none,True,False,False,False,False
13075000,MARSH CREEK NR MCCAMMON ID,78026918,none,True,False,False,False,False
13075500,PORTNEUF RIVER AT POCATELLO ID,78026697,none,True,False,False,False,False
13075983,SPRING CREEK AT SHEEPSKIN RD NR FORT HALL ID,78026841,none,False,False,False,False,False
13132535,BIG LOST R AT LINCOLN BLVD BRIDGE NR ATOMIC CITY,78024215,none,True,False,False,False,False
10020100,"BEAR RIVER ABOVE RESERVOIR, NEAR WOODRUFF, UT",77000929,above,True,True,False,True,False
10020300,"BEAR RIVER BELOW RESERVOIR, NEAR WOODRUFF, UT",77000926,below,True,True,True,True,False
10023000,"BIG CREEK NEAR RANDOLPH, UT",77002525,none,True,False,False,False,False
10068500,"BEAR RIVER AT PESCADERO, ID",77000880,none,True,True,False,True,False
10109000,"LOGAN RIVER ABOVE STATE DAM, NEAR LOGAN, UT",77001748,above,True,False,False,False,False
10109001,COM F LOGAN R AB ST D AND LO HP AND SM C N LO UT,77001748,none,True,False,False,False,False
10126000,"BEAR RIVER NEAR CORINNE, UT",77000846,none,True,True,False,True,True
10136500,"WEBER RIVER AT GATEWAY, UT",77000713,none,True,True,True,True,False
10137500,"SOUTH FORK OGDEN RIVER NEAR HUNTSVILLE, UTAH",77002337,none,True,False,False,True,False
10140100,"OGDEN RIVER BL PINEVIEW RES NR HUNTSVILLE, UT",77001664,below,True,True,True,True,True
10141000,"WEBER RIVER NEAR PLAIN CITY, UT",77000705,none,True,True,True,True,False
09277500,"DUCHESNE RIVER NEAR TABIONA, UT",77007134,none,True,False,False,True,False
09279000,"ROCK CREEK NEAR MOUNTAIN HOME, UT",77007996,none,True,True,False,True,True
09288180,"STRAWBERRY RIVER NEAR DUCHESNE, UTAH",77006575,none,True,True,True,True,False
09312600,"WHITE RIVER BL TABBYUNE C NEAR SOLDIER SUMMIT, UT",77008629,none,True,False,False,False,False
10011500,BEAR RIVER NEAR UTAH-WYOMING STATE LINE,77001021,none,True,False,False,False,False
10128500,"WEBER RIVER NEAR OAKLEY, UT",77007383,none,True,True,False,False,False
10129500,"WEBER RIVER NEAR WANSHIP, UT",77006887,none,True,True,True,True,True
10130500,"WEBER RIVER NEAR COALVILLE, UT",77006729,none,True,True,True,True,False
10131000,"CHALK CREEK AT COALVILLE, UT",77005783,none,True,False,False,False,False
10132000,"WEBER RIVER AT ECHO, UT",77000736,none,False,False,False,False,False
10134500,"EAST CANYON CREEK NEAR MORGAN, UT",77007339,none,True,True,True,True,True
10146400,"CURRANT CREEK NEAR MONA, UT",77007306,none,True,False,False,True,False
10150500,"SPANISH FORK AT CASTILLA, UT",77007066,none,True,False,False,True,False
10154200,"PROVO RIVER NEAR WOODLAND, UT",77007585,none,True,False,False,True,False
10155000,"PROVO RIVER NEAR HAILSTONE, UT",77007128,none,True,False,False,True,False
10163000,"PROVO RIVER AT PROVO, UT",77006494,none,True,True,True,True,True
10166430,"WEST CANYON CREEK NEAR CEDAR FORT, UT",77009080,none,True,False,False,False,False
10171000,"JORDAN RIVER @ 1700 SOUTH @ SALT LAKE CITY, UT",77006306,other mention,False,False,False,False,False
10172200,"RED BUTTE CREEK AT FORT DOUGLAS, NEAR SLC, UT",77012790,none,False,False,False,False,False
09310500,"FISH CREEK ABOVE RESERVOIR, NEAR SCOFIELD, UT",77008418,above,True,False,False,False,False
09326500,"FERRON CREEK (UPPER STATION) NEAR FERRON, UT",77007856,none,True,False,False,False,False
09328500,"SAN RAFAEL RIVER NEAR GREEN RIVER, UT",77013265,none,True,True,True,True,False
09330500,"MUDDY CREEK NEAR EMERY, UT",77013894,none,True,False,False,False,False
10205030,"SALINA CREEK NEAR EMERY, UT",77013775,none,True,False,False,False,False
10215900,"MANTI CREEK BELOW DUGWAY CREEK, NEAR MANTI, UT",77009708,none,False,False,False,False,False
10217000,"SEVIER RIVER BLW SAN PITCH RIVER, NR GUNNISON, UT",77005789,none,False,False,False,False,False
10219000,"SEVIER RIVER NEAR JUAB, UT",77005774,none,False,False,False,False,False
09330000,"FREMONT RIVER NEAR BICKNELL, UT",77014573,none,True,True,False,True,False
09330230,"FREMONT RIVER NEAR CAINEVILLE, UT",77014161,none,True,True,False,True,False
09337500,"ESCALANTE RIVER NEAR ESCALANTE, UT",77015305,none,False,False,False,False,False
09401260,"MOENKOPI WASH AT MOENKOPI, AZ",77021641,none,True,False,False,False,False
09386030,"LITTLE COLORADO RIVER AB ZION RES NR ST. JOHNS, AZ",77028503,above,False,False,False,False,False
09394500,"LITTLE COLORADO RIVER AT WOODRUFF, AZ",77027403,none,False,False,False,False,False
09384000,"LITTLE COLORADO R ABV LYMAN LAKE NR ST. JOHNS, AZ",77028151,above,True,False,False,False,False
09390500,"SHOW LOW CREEK NEAR LAKESIDE, AZ",77029006,none,True,False,False,False,False
09466500,"GILA RIVER AT CALVA, AZ.",77027320,none,True,False,False,False,False
09468500,"SAN CARLOS RIVER NEAR PERIDOT, AZ.",77028016,none,True,False,False,False,False
09469500,"GILA RIVER BELOW COOLIDGE DAM, AZ.",77027289,below,True,True,True,True,True
09489500,"BLACK RIVER BLW PUMPING PLANT, NR POINT OF PINES,",77027903,none,True,True,False,False,False
09490500,"BLACK RIVER NEAR FORT APACHE, AZ.",77027775,none,True,True,False,False,False
09492400,"EAST FORK WHITE RIVER NEAR FORT APACHE, AZ.",77028979,none,True,False,False,False,False
09494000,"WHITE RIVER NEAR FORT APACHE, AZ.",77027971,none,True,False,False,False,False
09496500,"CARRIZO CREEK NEAR SHOW LOW, AZ.",77028320,none,True,False,False,False,False
09497500,"SALT RIVER NEAR CHRYSOTILE, AZ.",77027751,none,True,True,False,False,False
09497980,"CHERRY CREEK NEAR GLOBE, AZ.",77028484,none,True,False,False,False,False
09444500,"SAN FRANCISCO RIVER AT CLIFTON, AZ.",77032403,none,False,False,False,False,False
09447000,"EAGLE CREEK ABOVE PUMPING PLANT, NEAR MORENCI, AZ.",77032404,none,True,False,False,False,False
09447800,"BONITA CREEK NEAR MORENCI, AZ.",77032408,none,True,False,False,False,False
09448500,"GILA RIVER AT HEAD OF SAFFORD VALLEY, NR SOLOMON,",77032293,none,True,False,False,False,False
09537200,"LESLIE CREEK NEAR MCNEAL, AZ.",77033900,none,True,False,False,False,False
06036650,Jefferson River near Three Forks MT,74009926,none,True,True,False,False,False
06043500,Gallatin River near Gallatin Gateway MT,74010867,none,True,False,False,False,False
06052500,Gallatin River at Logan MT,74010164,none,True,False,False,False,False
06054500,Missouri River at Toston MT,74004790,none,True,True,False,False,False
06192500,Yellowstone River near Livingston MT,74009801,none,True,False,False,False,False
06200000,Boulder River at Big Timber MT,74011083,none,True,False,False,False,False
06037500,Madison River near West Yellowstone MT,74010191,none,True,False,False,False,False
06038500,Madison River bl Hebgen Lake nr Grayling MT,74010095,below,True,True,True,False,False
06186500,Yellowstone River at Yellowstone Lk Outlet YNP,74009909,at dam / outlet,True,False,False,False,False
06188000,"LAMAR RIVER NR TOWER FALLS RANGER STATION, YNP",74011102,none,True,False,False,False,False
06191000,Gardner River near Mammoth YNP,74011640,none,True,False,False,False,False
06191500,Yellowstone River at Corwin Springs MT,74009843,none,True,False,False,False,False
06204050,West Rosebud Creek near Roscoe MT,74014403,none,False,False,False,False,False
06280300,"SOUTH FORK SHOSHONE RIVER NEAR VALLEY, WY",74017923,none,True,False,False,False,False
13010065,SNAKE RIVER AB JACKSON LAKE AT FLAGG RANCH WY,78022244,above,True,False,False,False,False
13039500,HENRYS FORK NR LAKE ID,78022608,other mention,True,False,False,True,False
13047500,FALLS RIVER NR SQUIRREL ID,78022257,none,False,False,False,False,False
06221400,"DINWOODY CREEK ABOVE LAKES, NEAR BURRIS, WYO.",74018979,none,True,False,False,False,False
13011000,SNAKE RIVER NR MORAN WY,78024200,none,False,False,False,False,False
13011500,PACIFIC CREEK AT MORAN WY,78024332,none,True,False,False,False,False
13018300,"CACHE CREEK NEAR JACKSON, WY",78025711,none,False,False,False,False,False
13018750,SNAKE RIVER BL FLAT CREEK NR JACKSON WY,78024190,none,True,True,False,True,False
13022500,SNAKE RIVER AB RESERVOIR NR ALPINE WY,78024184,above,True,True,False,True,False
13023000,GREYS RIVER AB RESERVOIR NR ALPINE WY,78024341,above,True,False,False,False,False
13027500,SALT RIVER AB RESERVOIR NR ETNA WY,78024173,above,False,False,False,False,False
13052200,TETON RIVER AB SOUTH LEIGH CREEK NR DRIGGS ID,78024671,none,False,False,False,False,False
09205000,"NEW FORK RIVER NEAR BIG PINEY, WY",77000921,none,True,True,False,True,False
09209400,"GREEN RIVER NEAR LA BARGE, WY",77000634,none,True,True,False,True,False
09210500,"FONTENELLE C NR HERSCHLER RANCH, NR FONTENELLE, WY",77001743,none,True,False,False,False,False
09211200,"GREEN RIVER BELOW FONTENELLE RESERVOIR, WY",77000631,below,True,True,False,True,True
09217000,"GREEN RIVER NEAR GREEN RIVER, WY",77000616,none,True,True,False,True,False
09223000,"HAMS FORK BELOW POLE CREEK, NEAR FRONTIER, WY",77001988,none,True,False,False,False,False
09224700,"BLACKS FORK NEAR LITTLE AMERICA, WY",77000900,none,True,True,True,True,False
10032000,"SMITHS FORK NEAR BORDER, WY",77002053,none,True,False,False,False,False
09234500,"GREEN RIVER NEAR GREENDALE, UT",77005456,none,True,True,True,True,True
09261700,"BIG BRUSH CREEK ABV RED FLEET RES, NR VERNAL, UT",77012765,above,False,False,False,False,False
09266500,"ASHLEY CREEK NEAR VERNAL, UT",77007691,none,True,False,False,False,False
09289500,"LAKE FORK RIVER AB MOON LAKE, NR MOUNTAIN HOME, UT",77008812,above,True,False,False,False,False
09291000,"LAKE FORK RIVER BL MOON LAKE NR MOUNTAIN HOME, UT",77007891,below,True,True,False,True,True
09292500,"YELLOWSTONE RIVER NEAR ALTONAH, UTAH",77007588,none,True,False,False,False,False
09299500,"WHITEROCKS RIVER NEAR WHITEROCKS, UT",77007810,none,True,False,False,False,False
09302000,"DUCHESNE RIVER NEAR RANDLETT, UT",77006285,none,True,True,True,True,False
09180000,"DOLORES RIVER NEAR CISCO, UT",77013937,none,True,True,True,True,False
09306500,"WHITE RIVER NEAR WATSON, UTAH",77006250,none,True,True,False,False,False
09166500,"DOLORES RIVER AT DOLORES, CO.",77014453,none,True,True,False,False,False
09166950,"LOST CANYON CREEK NEAR DOLORES, C0.",77017755,none,False,False,False,False,False
09169500,"DOLORES RIVER AT BEDROCK, CO.",77013955,none,True,True,True,False,False
09171100,"DOLORES RIVER NEAR BEDROCK, CO.",77013950,none,True,True,True,False,False
09183500,"MILL CREEK AT SHELEY TUNNEL, NEAR MOAB, UT.",77019612,none,False,False,False,False,False
09372000,MCELMO CREEK NEAR COLORADO-UTAH STATE LINE,77015020,none,True,True,True,False,False
09378170,"SOUTH CREEK ABOVE RESERVOIR NEAR MONTICELLO, UT",77018335,above,False,False,False,False,False
09378630,"RECAPTURE CREEK NEAR BLANDING, UT",77018107,none,False,False,False,False,False
09364500,"ANIMAS RIVER AT FARMINGTON, NM",77021133,none,True,True,False,False,False
09365000,"SAN JUAN RIVER AT FARMINGTON, NM",77020825,none,True,True,True,True,False
09366500,LA PLATA RIVER AT COLORADO-NEW MEXICO STATE LINE,77021358,none,True,False,False,False,False
09368000,"SAN JUAN RIVER AT SHIPROCK, NM",77020815,none,False,False,False,False,False
09371000,"MANCOS RIVER NEAR TOWAOC, CO.",77014405,none,True,True,False,False,False
09371010,"SAN JUAN RIVER AT FOUR CORNERS, CO",77013348,none,True,True,True,True,False
09379200,"CHINLE CREEK NEAR MEXICAN WATER, AZ",77021473,none,False,False,False,False,False
09386900,"RIO NUTRIA NEAR RAMAH, NM",77023116,none,True,False,False,False,False
09386950,"ZUNI RIVER ABV BLACK ROCK RESERVOIR, NM",77021096,above,True,False,False,True,False
09442680,"SAN FRANCISCO RIVER NEAR RESERVE, NM",77028396,none,True,False,False,False,False
08477110,"MIMBRES RIVER AT MIMBRES, NM",75005843,none,True,False,False,False,False
09430500,"GILA RIVER NEAR GILA, NM",77027499,none,True,False,False,False,False
09430600,"MOGOLLON CREEK NEAR CLIFF, NM",77028957,none,True,False,False,False,False
09431500,"GILA RIVER NEAR REDROCK, NM",77032332,none,True,False,False,False,False
09432000,"GILA RIVER BELOW BLUE CREEK, NEAR VIRDEN, NM",77032321,none,True,False,False,False,False
09444000,"SAN FRANCISCO RIVER NEAR GLENWOOD, NM",77027850,none,True,False,False,False,False
06208500,Clarks Fork Yellowstone River at Edgar MT,74010557,none,True,False,False,False,False
06214500,Yellowstone River at Billings MT,74009651,none,False,False,False,False,False
06207500,Clarks Fork Yellowstone River nr Belfry MT,74010713,none,True,False,False,False,False
06274300,"BIGHORN RIVER AT BASIN, WY",74016621,none,True,True,True,True,False
06279500,"BIGHORN RIVER AT KANE, WY",74013383,none,False,False,False,False,False
06279940,"NORTH FORK SHOSHONE RIVER AT WAPITI, WY",74016867,none,True,False,False,False,False
06281000,"SOUTH FORK SHOSHONE RIVER AB BUFFALO BILL RES, WY",74017609,above,True,False,False,False,False
06282000,"SHOSHONE RIVER BELOW BUFFALO BILL RESERVOIR, WY",74009599,below,True,True,True,True,True
06285100,"SHOSHONE RIVER NEAR LOVELL, WY",74009576,none,True,True,True,True,False
06224000,"BULL LAKE CREEK ABOVE BULL LAKE, WY",74017042,above,True,True,True,False,False
06225000,"BULL LAKE CREEK NEAR LENORE, WY",74017042,other mention,True,True,True,True,False
06225500,"WIND RIVER NEAR CROWHEART, WY",74016977,none,True,True,False,False,False
06228000,"WIND RIVER AT RIVERTON, WY",74016948,none,True,True,True,True,False
06235500,"LITTLE WIND RIVER NEAR RIVERTON, WY",74022869,none,True,True,False,False,False
06253000,"FIVEMILE CREEK NEAR SHOSHONI, WY",74017515,none,True,False,False,True,False
06259000,WIND R BL BOYSEN RES WYO,74016679,below,True,True,True,True,True
09247600,"YAMPA RIVER BELOW CRAIG, CO.",77006332,none,True,True,False,False,False
09251000,"YAMPA RIVER NEAR MAYBELL, CO.",77006255,none,True,True,False,False,False
09255000,"SLATER FORK NEAR SLATER, CO.",77007452,none,True,False,False,False,False
09260000,"LITTLE SNAKE RIVER NEAR LILY, CO.",77005336,none,True,False,False,False,False
09306255,"YELLOW CREEK NEAR WHITE RIVER, CO.",77007157,none,True,False,False,False,False
09306290,"WHITE RIVER BELOW BOISE CREEK, NEAR RANGELY, CO.",77006335,none,True,False,False,False,False
09070000,"EAGLE RIVER BELOW GYPSUM, CO.",77006571,none,True,True,False,False,False
09070500,"COLORADO RIVER NEAR DOTSERO, CO.",77006272,none,True,True,True,True,False
09073300,"ROARING FORK RIVER AB DIFFICULT C NR ASPEN, CO.",77007831,none,True,False,False,True,False
09073400,"ROARING FORK RIVER NEAR ASPEN, CO.",77007831,none,True,False,False,True,False
09074000,"HUNTER CREEK NEAR ASPEN, CO.",77009589,none,False,False,False,False,False
09080400,"FRYINGPAN RIVER NEAR RUEDI, CO.",77007296,none,True,True,True,True,True
09081600,"CRYSTAL RIVER AB AVALANCHE C, NEAR REDSTONE, CO.",77007381,none,True,False,False,False,False
09085000,"ROARING FORK RIVER AT GLENWOOD SPRINGS, CO.",77006548,none,True,True,False,True,False
09085100,"COLORADO RIVER BELOW GLENWOOD SPRINGS, CO.",77006256,none,True,True,True,True,False
09095500,"COLORADO RIVER NEAR CAMEO, CO.",77006205,none,True,True,False,False,False
09105000,"PLATEAU CREEK NEAR CAMEO, CO.",77006810,none,True,True,False,False,False
09132500,"NORTH FORK GUNNISON RIVER NEAR SOMERSET, CO.",77013767,none,True,True,False,False,False
09134000,"MINNESOTA CREEK NEAR PAONIA, CO.",77020266,none,False,False,False,False,False
09152500,"GUNNISON RIVER NEAR GRAND JUNCTION, CO.",77013462,none,True,True,True,True,False
09304200,"WHITE RIVER ABOVE COAL CREEK, NEAR MEEKER, CO.",77006711,none,True,False,False,False,False
09304500,"WHITE RIVER NEAR MEEKER, CO.",77006645,none,True,False,False,False,False
09304800,"WHITE RIVER BELOW MEEKER, CO",77006492,none,True,False,False,False,False
09306222,"PICEANCE CREEK AT WHITE RIVER, CO",77006877,none,True,False,False,False,False
09306242,"CORRAL GULCH NEAR RANGELY, CO.",77008932,none,True,False,False,False,False
09110000,"TAYLOR RIVER AT ALMONT, CO.",77014620,none,True,True,True,True,False
09112500,EAST RIVER AT ALMONT CO.,77014929,none,True,False,False,False,False
09114500,"GUNNISON RIVER NEAR GUNNISON, CO.",77014339,none,True,True,False,False,False
09118450,"COCHETOPA CREEK BELOW ROCK CREEK NR PARLIN, CO.",77014942,none,True,False,False,True,False
09119000,"TOMICHI CREEK AT GUNNISON, CO.",77014362,none,True,False,False,False,False
09124500,"LAKE FORK AT GATEVIEW, CO.",77014575,other mention,True,False,False,False,False
09126000,"CIMARRON RIVER NEAR CIMARRON, CO.",77015955,none,True,True,False,True,True
09128000,"GUNNISON RIVER BELOW GUNNISON TUNNEL, CO.",77014029,none,True,True,True,False,False
09144250,"GUNNISON RIVER AT DELTA, CO.",77013619,none,True,True,True,False,False
09146200,"UNCOMPAHGRE RIVER NEAR RIDGWAY, CO.",77015183,none,True,False,False,False,False
09147000,"DALLAS CREEK NEAR RIDGWAY, CO.",77015918,none,True,False,False,False,False
09147025,"UNCOMPAHGRE RIVER BELOW RIDGWAY RESERVOIR, CO",77015123,below,True,False,False,True,False
09147500,"UNCOMPAHGRE RIVER AT COLONA, CO.",77014692,none,True,False,False,False,False
09149500,"UNCOMPAHGRE RIVER AT DELTA, CO.",77014178,none,True,False,False,False,False
09352900,"VALLECITO CREEK NEAR BAYFIELD, CO.",77016387,none,True,False,False,False,False
08245000,"CONEJOS RIVER BELOW PLATORO RESERVOIR, CO.",75000290,below,True,True,True,True,True
08284100,"RIO CHAMA NEAR LA PUENTE, NM",75000124,none,True,False,False,False,False
08285500,"RIO CHAMA BELOW EL VADO DAM, NM",75000104,below,True,True,True,True,True
08286500,"RIO CHAMA ABOVE ABIQUIU RESERVOIR, NM",75000739,above,True,True,True,True,False
08287000,"RIO CHAMA BELOW ABIQUIU DAM, NM",75000732,below,True,True,True,True,True
09342500,"SAN JUAN RIVER AT PAGOSA SPRINGS, CO.",77015093,none,True,False,False,False,False
09346400,"SAN JUAN RIVER NEAR CARRACAS, CO.",77013450,none,True,False,False,False,False
09349800,"PIEDRA RIVER NEAR ARBOLES, CO.",77014457,none,True,True,False,False,False
09354500,"LOS PINOS RIVER AT LA BOCA, CO.",77014311,none,True,True,True,False,False
09355000,"SPRING CREEK AT LA BOCA, CO.",77017096,none,False,False,False,False,False
09355500,"SAN JUAN RIVER NEAR ARCHULETA, NM",77020839,none,True,True,True,True,True
09361500,"ANIMAS RIVER AT DURANGO, CO.",77014288,none,True,True,False,False,False
09363500,"ANIMAS RIVER NEAR CEDAR HILL, NM",77021350,none,True,True,False,False,False
09365500,"LA PLATA RIVER AT HESPERUS, CO.",77017544,none,False,False,False,False,False
08317950,"GALISTEO CREEK BELOW GALISTEO DAM, NM",75000868,below,True,False,False,True,False
08319000,"RIO GRANDE AT SAN FELIPE, NM",75000679,none,True,True,True,True,True
08324000,"JEMEZ RIVER NEAR JEMEZ, NM",75000882,none,True,False,False,False,False
08330000,"RIO GRANDE AT ALBUQUERQUE, NM",75000665,none,False,False,False,False,False
08334000,"RIO PUERCO ABV ARROYO CHICO NR GUADALUPE, NM",75000851,none,True,False,False,False,False
08353000,"RIO PUERCO NEAR BERNARDO, NM",75001846,none,False,False,False,False,False
06278300,"SHELL CREEK ABOVE SHELL CREEK RESERVOIR, WY",74010372,above,False,False,False,False,False
06289000,Little Bighorn River at State Line nr Wyola MT,74011687,none,True,False,False,False,False
06289600,"WEST PASS CREEK NEAR PARKMAN, WY",74013841,none,False,False,False,False,False
06289820,"EAST PASS CREEK NEAR DAYTON, WY",74013784,none,False,False,False,False,False
06298000,"TONGUE RIVER NEAR DAYTON, WY",74011650,none,True,False,False,False,False
06309200,"MIDDLE FORK POWDER RIVER NEAR BARNUM, WY",74019134,none,True,False,False,False,False
06311000,"NORTH FORK POWDER RIVER NEAR HAZELTON, WY",74021560,none,False,False,False,False,False
06311400,"NF POWDER RIVER BELOW PASS CREEK, NR MAYOWORTH, WY",74018166,none,True,False,False,True,False
06630000,"N PLATTE RIV AB SEMINOE RESERVOIR, NR SINCLAIR, WY",74022829,above,False,False,False,False,False
06634620,"L MEDICINE BOW R AT BOLES SPRING, NR MEDICINE BOW",74023816,none,False,False,False,False,False
06635000,"MEDICINE BOW R AB SEMINOE RESERVOIR, NR HANNA, WY",74022992,above,True,False,False,True,False
06647500,"BOX ELDER CREEK AT BOXELDER, WY",74025257,none,True,False,False,False,False
06614800,"MICHIGAN RIVER NEAR CAMERON PASS, CO.",74034337,none,False,False,False,False,False
06620000,"NORTH PLATTE RIVER NEAR NORTHGATE, CO",74030717,none,True,False,False,False,False
06622700,"NORTH BRUSH CREEK NEAR SARATOGA, WY",74036663,none,False,False,False,False,False
06623800,"ENCAMPMENT RIVER AB HOG PARK CR, NR ENCAMPMENT, WY",74032328,none,True,False,False,False,False
06625000,"ENCAMPMENT RIVER AT MOUTH, NEAR ENCAMPMENT, WY",74031271,none,True,True,False,True,False
06632400,"ROCK CREEK AB KING CANYON CANAL, NR ARLINGTON, WY",74023235,none,False,False,False,False,False
06746095,"JOE WRIGHT CREEK ABOVE JOE WRIGHT RESERVOIR, CO.",74034549,above,False,False,False,False,False
06746110,"JOE WRIGHT CREEK BELOW JOE WRIGHT RESERVOIR, CO.",74034549,below,False,False,False,False,False
06751490,"NORTH FORK CACHE LA POUDRE R. AT LIVERMORE, CO",74031046,none,True,False,False,False,False
09010500,"COLORADO R BELOW BAKER GULCH, NR GRAND LAKE, CO.",77008204,other mention,True,False,False,True,False
09237450,"YAMPA RIVER ABOVE STAGECOACH RESERVOIR, CO",77007357,above,True,True,True,False,False
09237500,"YAMPA RIVER BELOW STAGECOACH RESERVOIR, CO",77007357,below,True,True,True,True,False
09238900,"FISH CR AT UPPER STA NR STEAMBOAT SPRINGS, CO",77012273,none,False,False,False,False,False
09239500,"YAMPA RIVER AT STEAMBOAT SPRINGS, CO.",77006714,none,True,True,False,False,False
06710385,BEAR CREEK ABOVE EVERGREEN,74040179,none,True,False,False,False,False
06719505,"CLEAR CREEK AT GOLDEN, CO.",74038926,none,True,False,False,False,False
06730200,BOULDER CR AT NORTH 75TH ST NR BOULDER,74029632,none,True,True,False,True,False
07083000,"HALFMOON CREEK NEAR MALTA, CO.",74042821,none,False,False,False,False,False
09022000,"FRASER RIVER AT UPPER STA, NEAR WINTER PARK, CO.",77010916,none,False,False,False,False,False
09024000,"FRASER RIVER AT WINTER PARK, CO.",77010916,none,False,False,False,False,False
09025000,"VASQUEZ CREEK AT WINTER PARK, CO.",77010871,none,False,False,False,False,False
09026500,"ST. LOUIS CREEK NEAR FRASER, CO.",77010922,none,False,False,False,False,False
09032000,"RANCH CREEK NEAR FRASER, CO.",77009253,none,True,False,False,True,False
09032100,"CABIN CREEK NEAR FRASER, CO.",77009253,none,True,False,False,True,False
09034250,"COLORADO RIVER AT WINDY GAP, NEAR GRANBY, CO.",77006923,none,True,True,True,True,False
09034900,"BOBTAIL CREEK NEAR JONES PASS, CO.",77010786,none,False,False,False,False,False
09035500,"WILLIAMS FORK BELOW STEELMAN CREEK, CO.",77010786,none,False,False,False,False,False
09035700,"WILLIAMS FORK ABOVE DARLING CREEK, NR LEAL, CO.",77010786,none,False,False,False,False,False
09035800,"DARLING CREEK NEAR LEAL, CO.",77010786,none,False,False,False,False,False
09035900,"SOUTH FORK OF WILLIAMS FORK NEAR LEAL, CO.",77010664,none,False,False,False,False,False
09036000,"WILLIAMS FORK NEAR LEAL, CO.",77008065,none,True,False,False,True,False
09037500,"WILLIAMS FORK NEAR PARSHALL, CO.",77007451,none,True,False,False,True,False
09038500,"WILLIAMS FORK BELOW WILLIAMS FORK RESERVOIR, CO.",77007153,below,True,True,True,True,True
09046490,"BLUE RIVER AT BLUE RIVER, CO.",77009974,none,False,False,False,False,False
09046600,"BLUE RIVER NEAR DILLON, CO.",77007928,none,True,False,False,True,False
09047700,"KEYSTONE GULCH NEAR DILLON, CO.",77008438,none,False,False,False,False,False
09050100,"TENMILE CREEK BL NORTH TENMILE C, AT FRISCO, CO.",77007952,none,True,False,False,False,False
09050700,"BLUE RIVER BELOW DILLON, CO.",77007594,none,True,True,True,True,True
09051050,"STRAIGHT CR BLW LASKEY GULCH NR DILLON, CO",77010533,none,False,False,False,False,False
09057500,"BLUE RIVER BELOW GREEN MOUNTAIN RESERVOIR, CO.",77006776,below,True,True,True,True,True
09058000,"COLORADO RIVER NEAR KREMMLING, CO.",77006451,none,True,True,True,False,False
09059500,"PINEY RIVER NEAR STATE BRIDGE, CO.",77008045,none,True,False,False,False,False
09063000,"EAGLE RIVER AT RED CLIFF, CO.",77008476,none,True,False,False,True,False
09063900,"MISSOURI CREEK NEAR GOLD PARK, CO.",77009993,none,False,False,False,False,False
09064000,"HOMESTAKE CREEK AT GOLD PARK, CO.",77009153,none,True,True,True,True,False
09064500,"HOMESTAKE CREEK NEAR RED CLIFF, CO.",77009153,none,True,True,True,True,False
09064600,"EAGLE RIVER NEAR MINTURN, CO",77007707,none,True,True,True,True,False
09065500,"GORE CREEK AT UPPER STATION, NEAR MINTURN, CO.",77010473,none,False,False,False,False,False
09066000,"BLACK GORE CREEK NEAR MINTURN, CO.",77010411,none,False,False,False,False,False
09066200,"BOOTH CREEK NEAR MINTURN, CO.",77009034,none,False,False,False,False,False
09066300,"MIDDLE CREEK NEAR MINTURN, CO.",77009034,none,False,False,False,False,False
09067000,"BEAVER CREEK AT AVON, CO.",77010402,none,False,False,False,False,False
07096000,"ARKANSAS RIVER AT CANON CITY, CO.",74045901,none,True,True,False,True,False
08220000,"RIO GRANDE NEAR DEL NORTE, CO.",75000090,none,False,False,False,False,False
09107000,"TAYLOR RIVER AT TAYLOR PARK, CO.",77015438,none,True,False,False,False,False
09109000,"TAYLOR RIVER BELOW TAYLOR PARK RESERVOIR, CO.",77015250,below,True,True,True,True,False
07203000,"VERMEJO RIVER NEAR DAWSON, NM",74054432,none,True,False,False,False,False
07206000,"CIMARRON RIVER BELOW EAGLE NEST DAM, NM",74056233,below,True,False,False,True,False
07207000,"CIMARRON RIVER NEAR CIMARRON, NM",74055742,none,True,False,False,True,False
07207500,"PONIL CREEK NEAR CIMARRON, NM",74055910,none,True,False,False,False,False
07208500,"RAYADO CREEK NEAR CIMARRON, NM",74056957,none,True,False,False,False,False
08246500,"CONEJOS RIVER NEAR MOGOTE, CO.",75000116,none,True,True,False,True,False
08247500,"SAN ANTONIO RIVER AT ORTIZ, CO.",75000163,none,True,False,False,False,False
08248000,"LOS PINOS RIVER NEAR ORTIZ, CO.",75000151,none,True,False,False,False,False
08249000,"CONEJOS RIVER NEAR LASAUSES, CO.",75000025,none,False,False,False,False,False
08255500,"COSTILLA CREEK NEAR COSTILLA, NM",75000157,none,True,True,False,True,False
08265000,"RED RIVER NEAR QUESTA, NM",75000198,none,True,False,False,False,False
08266820,"RED RIVER BELOW FISH HATCHERY, NEAR QUESTA, NM",75000167,none,True,False,False,False,False
08267500,"RIO HONDO NEAR VALDEZ, NM",75000317,none,False,False,False,False,False
08269000,"RIO PUEBLO DE TAOS NEAR TAOS, NM",75001085,none,True,False,False,False,False
08271000,"RIO LUCERO NEAR ARROYO SECO, NM",75000797,none,False,False,False,False,False
08275500,"RIO GRANDE DEL RANCHO NEAR TALPA, NM",75001049,none,True,False,False,False,False
08276300,"RIO PUEBLO DE TAOS BELOW LOS CORDOVAS, NM",75000758,none,True,False,False,True,False
08276500,"RIO GRANDE BLW TAOS JUNCTION BRIDGE NEAR TAOS, NM",75000715,none,False,False,False,False,False
08289000,"RIO OJO CALIENTE AT LA MADERA, NM",75000754,none,True,False,False,False,False
07215500,"MORA RIVER AT LA CUEVA, NM",74055789,none,True,False,False,False,False
07216500,"MORA RIVER NEAR GOLONDRINAS, NM",74055532,none,True,False,False,False,False
07218000,"COYOTE CREEK NEAR GOLONDRINAS, NM",74055551,none,True,False,False,False,False
08279000,"EMBUDO CREEK AT DIXON, NM",75000893,none,True,False,False,False,False
08279500,"RIO GRANDE AT EMBUDO, NM",75000711,none,True,True,True,True,False
08290000,"RIO CHAMA NEAR CHAMITA, NM",75000721,none,False,False,False,False,False
08291000,"SANTA CRUZ RIVER NEAR CUNDIYO, NM",75000995,none,True,False,False,False,False
08294210,"RIO NAMBE BELOW NAMBE FALLS DAM NEAR NAMBE, NM",75001178,below,True,False,False,True,False
08313000,"RIO GRANDE AT OTOWI BRIDGE, NM",75000699,none,False,False,False,False,False
08316000,"SANTA FE RIVER NEAR SANTA FE, NM",75001585,none,False,False,False,False,False
08377900,"RIO MORA NEAR TERRERO, NM",75001068,none,True,False,False,False,False
08378500,"PECOS RIVER NEAR PECOS, NM",75001004,none,True,False,False,False,False
08379500,"PECOS RIVER NEAR ANTON CHICO, NM",75000822,none,True,False,False,False,False
08380500,"GALLINAS CREEK NEAR MONTEZUMA, NM",75001081,none,True,False,False,False,False
08382500,"GALLINAS R NR COLONIAS, NM",75000830,none,True,True,True,False,False
08382650,"PECOS RIVER ABOVE SANTA ROSA LAKE, NM",75000804,above,True,True,False,False,False
08382830,"PECOS RIVER BELOW SANTA ROSA DAM, NM",75000801,below,True,True,True,True,True
08383500,"PECOS RIVER NEAR PUERTO DE LUNA, NM",75001911,none,True,True,True,True,False
08386000,"PECOS RIVER NEAR ACME, NM",75001877,none,False,False,False,False,False
08387000,"RIO RUIDOSO AT HOLLYWOOD, NM",75003141,none,False,False,False,False,False
08390500,"RIO HONDO AT DIAMOND A RANCH NR ROSWELL, NM",75002278,none,True,False,False,False,False
08390800,"RIO HONDO BLW DIAMOND A DAM NR ROSWELL, NM",75002278,below,True,False,False,True,False
08395500,"PECOS RIVER NEAR LAKE ARTHUR, NM",75005244,other mention,False,False,False,False,False
08396500,"PECOS RIVER NEAR ARTESIA, NM",75005240,none,False,False,False,False,False
08401900,"ROCKY ARROYO AT HWY BRD NR CARLSBAD, NM",75006527,none,True,False,False,False,False
08405150,"DARK CANYON AT CARLSBAD, NM",75006224,none,True,False,False,False,False
06430500,REDWATER CR AT WY-SD STATE LINE,74009560,none,True,False,False,False,False
06433000,REDWATER RIVER ABOVE BELLE FOURCHE SD,74009545,none,True,False,False,False,False
06408700,RHOADS FORK NEAR ROCHFORD SD,74021663,none,False,False,False,False,False
06409000,CASTLE CR ABOVE DEERFIELD RES NEAR HILL CITY SD,74018904,above,True,True,True,False,False
06430800,"ANNIE CREEK NEAR LEAD, SD",74018681,none,False,False,False,False,False
06431500,SPEARFISH CR AT SPEARFISH SD,74010317,none,True,False,False,True,False
06670500,"LARAMIE RIVER NEAR FORT LARAMIE, WY",74022652,none,False,False,False,False,False
06741510,"BIG THOMPSON RIVER AT LOVELAND, CO.",74030882,none,True,False,False,True,False
06752260,"CACHE LA POUDRE RIVER AT FORT COLLINS, CO.",74030670,none,True,True,True,True,False
06752280,"CACHE LA POUDRE R AB BOXELDER C, NR TIMNATH, CO.",74030535,none,True,True,True,True,False
06711565,"SOUTH PLATTE RIVER AT ENGLEWOOD, CO.",74038438,none,False,False,False,False,False
06714215,"SOUTH PLATTE R AT 64TH AVE. COMMERCE CITY, CO.",74038417,none,True,True,True,True,True
06725450,"ST. VRAIN CREEK BELOW LONGMONT, CO.",74029618,none,False,False,False,False,False
07099970,"ARKANSAS RIVER AT MOFFAT STREET AT PUEBLO, CO",74045866,none,True,True,True,False,False
07103700,"FOUNTAIN CREEK NEAR COLORADO SPRINGS, CO.",74040205,none,True,True,True,False,False
07103800,"WEST MONUMENT CREEK AT AIR FORCE ACADEMY, CO.",74042308,none,False,False,False,False,False
07104000,"MONUMENT CREEK AT PIKEVIEW, CO.",74039652,none,True,True,True,False,False
07105500,"FOUNTAIN CREEK AT COLORADO SPRINGS, CO.",74039289,none,True,True,True,False,False
07105530,"FOUNTAIN CR BLW JANITELL RD BLW COLO. SPRINGS, CO",74039289,none,True,True,True,False,False
07105800,"FOUNTAIN CREEK AT SECURITY, CO.",74039171,none,True,True,False,False,False
07105945,"ROCK CREEK ABOVE FORT CARSON RESERVATION, CO.",74041493,none,False,False,False,False,False
07109500,"ARKANSAS RIVER NEAR AVONDALE, CO.",74045859,none,True,True,True,True,False
07124200,"PURGATOIRE RIVER AT MADRID, CO.",74046129,none,True,False,False,False,False
07124410,"PURGATOIRE RIVER BELOW TRINIDAD LAKE, CO.",74046113,below,True,True,True,True,True
07211500,"CANADIAN RIVER NEAR TAYLOR SPRINGS, NM",74054345,none,True,False,False,False,False
07226500,"UTE CREEK NEAR LOGAN, NM",74061640,none,True,False,False,False,False
08384500,"PECOS RIVER BELOW SUMNER DAM, NM",75001908,below,True,True,True,True,True
08405500,"BLACK RIVER ABOVE MALAGA, NM",75006364,none,True,False,False,False,False
08408500,"DELAWARE RIVER NR RED BLUFF, NM",75006268,none,True,False,False,False,False
06332515,"BEAR DEN CREEK NR MANDAREE, ND",74002470,none,True,False,False,False,False
06339100,"KNIFE RIVER AT MANNING, ND",74005665,none,True,False,False,False,False
06344600,"GREEN RIVER NR NEW HRADEC, ND",74005863,none,True,False,False,False,False
06350000,"CANNONBALL RIVER AT REGENT, ND",74005189,none,True,False,False,False,False
06352000,"CEDAR CREEK NR HAYNES, ND",74005227,none,True,False,False,False,False
06436190,WHITEWOOD CREEK NEAR WHITEWOOD SD,74010321,none,False,False,False,False,False
06436198,WHITEWOOD CR ABOVE VALE SD,74010321,none,False,False,False,False,False
06402000,FALL R AT HOT SPRINGS SD,74018189,none,True,False,False,True,False
06402500,BEAVER CR NEAR BUFFALO GAP SD,74018064,none,True,False,False,False,False
06403300,FRENCH CR ABOVE FAIRBURN SD,74018506,none,True,False,False,False,False
06404000,BATTLE CR NEAR KEYSTONE SD,74018707,none,True,False,False,False,False
06404998,GRACE COOLIDGE CR NR GAME LODGE NR CUSTER SD,74020962,none,False,False,False,False,False
06406000,BATTLE CR AT HERMOSA SD,74018152,none,True,False,False,False,False
06406500,BATTLE CR BELOW HERMOSA SD,74017777,none,True,False,False,False,False
06407500,"SPRING CREEK NEAR KEYSTONE, SD",74018053,none,True,True,True,False,False
06410500,"RAPID CR ABOVE PACTOLA RES AT SILVER CITY,  SD",74017872,above,True,True,True,True,True
06411500,RAPID CR BELOW PACTOLA DAM SD,74017872,below,True,True,True,True,False
06412500,RAPID CR ABOVE CANYON LAKE NEAR RAPID CITY SD,74017479,above,True,True,True,True,False
06414000,RAPID CR AT RAPID CITY SD,74017422,none,True,True,True,True,False
06418900,"RAPID CR BL SEWAGE TREATMENT PL NR RAPID CITY, SD",74017372,none,True,True,True,True,False
06422500,BOXELDER CR NEAR NEMO SD,74018255,none,True,False,False,False,False
06425100,ELK CR NR RAPID CITY SD,74017745,none,True,False,False,False,False
06436180,"WHITEWOOD CR ABOVE WHITEWOOD,SD",74010321,none,False,False,False,False,False
06437020,"BEAR BUTTE CREEK NEAR DEADWOOD, SD",74022007,none,False,False,False,False,False
08079600,"DMF Brazos Rv at Justiceburg, TX",75001944,none,True,False,False,False,False
05116500,"DES LACS RIVER AT FOXHOLM, ND",71044189,none,False,False,False,False,False
05120500,"WINTERING RIVER NR KARLSRUHE, ND",71044005,none,True,False,False,True,False
05123400,"WILLOW CREEK NR WILLOW CITY, ND",71044206,none,False,False,False,False,False
06339500,"KNIFE RIVER NR GOLDEN VALLEY, ND",74005073,none,True,False,False,False,False
06353000,"CEDAR CREEK NR RALEIGH, ND",74004483,none,True,False,False,False,False
06354000,"CANNONBALL RIVER AT BREIEN, ND",74004477,none,True,False,False,False,False
06360500,MOREAU R NEAR WHITEHORSE SD,74010462,none,True,False,False,False,False
06440200,"SOUTH FORK BAD R NEAR COTTONWOOD,SD",74017912,none,True,False,False,False,False
06441500,BAD R NEAR FORT PIERRE SD,74017150,none,True,False,False,False,False
06447000,WHITE R NEAR KADOKA SD,74016771,none,True,True,False,False,False
06450500,LITTLE WHITE R BELOW WHITE RIVER SD,74016829,none,True,False,False,False,False
06447500,LITTLE WHITE R NEAR MARTIN SD,74016847,none,True,False,False,False,False
06775500,"MIDDLE LOUP RIVER AT DUNNING, NEBR.",74023397,none,False,False,False,False,False
06846500,"BEAVER C AT CEDAR BLUFFS, KS",74038340,none,True,False,False,False,False
06847900,"PRAIRIE DOG C AB KEITH SEBELIUS LAKE, KS",74038522,above,True,False,False,False,False
07299670,"Groesbeck Ck at SH 6 nr Quanah, TX",74062543,none,True,False,False,False,False
07301500,"North Fork Red River near Carter, OK",74061325,none,True,False,False,False,False
08082700,"Millers Ck nr Munday, TX",75002891,none,True,False,False,False,False
08165300,"N Fk Guadalupe Rv nr Hunt, TX",75012857,none,True,False,False,False,False
08190000,"Nueces Rv at Laguna, TX",75018147,none,True,False,False,False,False
08190500,"W Nueces Rv nr Brackettville, TX",75018192,none,True,False,False,False,False
08195000,"Frio Rv at Concan, TX",75018245,none,True,False,False,False,False
08196000,"Dry Frio Rv nr Reagan Wells, TX",75017678,none,True,False,False,False,False
08198500,"Sabinal Rv at Sabinal, TX",75018249,none,True,False,False,False,False
08201500,"Seco Ck at Miller Ranch nr Utopia, TX",75018258,none,False,False,False,False,False
08202700,"Seco Ck at Rowe Ranch nr D'Hanis, TX",75018108,none,True,False,False,False,False
05056000,"SHEYENNE RIVER NR WARWICK, ND",71047102,none,True,False,False,False,False
06468170,"JAMES RIVER NR GRACE CITY, ND",74001449,none,True,False,False,False,False
06468250,"JAMES RIVER ABOVE ARROWWOOD LAKE NR KENSAL, ND",74004635,above,True,False,False,False,False
06470000,"JAMES RIVER AT JAMESTOWN, ND",74004602,none,True,True,True,True,False
06470500,"JAMES RIVER AT LAMOURE, ND",74004593,none,True,True,True,True,False
06471200,MAPLE R AT ND-SD STATE LINE,74010379,none,True,False,False,False,False
06471500,ELM R AT WESTPORT SD,74010112,none,False,False,False,False,False
06452000,WHITE R NEAR OACOMA SD,74016731,none,True,True,False,False,False
06477500,FIRESTEEL CR NEAR MOUNT VERNON SD,74017594,none,False,False,False,False,False
06453600,"PONCA CREEK AT VERDEL, NEBR.",74023062,none,True,False,False,False,False
06464500,KEYA PAHA R AT WEWELA SD,74016469,none,True,False,False,False,False
06784000,"SOUTH LOUP R AT ST. MICHAEL, NEBR.",74029356,none,False,False,False,False,False
06853800,"WHITE ROCK C NR BURR OAK, KS",74039096,none,True,False,False,False,False
07142300,"RATTLESNAKE C NR MACKSVILLE, KS",74046764,none,True,False,False,False,False
07144780,"NF NINNESCAH R AB CHENEY RE, KS",74046550,none,False,False,False,False,False
07148400,"Salt Fork Arkansas River nr Alva, OK",74053957,none,True,False,False,False,False
07149000,"MEDICINE LODGE R NR KIOWA, KS",74046707,none,True,False,False,False,False
07315200,"E Fk Little Wichita Rv nr Henrietta, TX",74068036,none,True,False,False,False,False
08086212,"Hubbard Ck bl Albany, TX",75006376,none,True,False,False,False,False
08086290,"Big Sandy Ck abv Breckenridge, TX",75006452,none,True,True,True,False,False
08101000,"Cowhouse Ck at Pidcoke, TX",75011886,none,True,False,False,False,False
08103900,"S Fk Rocky Ck nr Briggs, TX",75016819,none,False,False,False,False,False
08150800,"Beaver Ck nr Mason, TX",75012742,none,True,False,False,False,False
08155200,"Barton Ck at SH 71 nr Oak Hill, TX",75015649,none,False,False,False,False,False
08158700,"Onion Ck nr Driftwood, TX",75013052,none,True,False,False,False,False
08158810,"Bear Ck bl FM 1826 nr Driftwood, TX",75015371,none,False,False,False,False,False
08171300,"Blanco Rv nr Kyle, TX",75012138,none,True,False,False,False,False
08178880,"Medina Rv at Bandera, TX",75012391,none,True,False,False,False,False
08186000,"Cibolo Ck nr Falls City, TX",75017960,none,True,False,False,False,False
08200000,"Hondo Ck nr Tarpley, TX",75013557,none,True,False,False,False,False
08194200,"San Casimiro Ck nr Freer, TX",75018021,none,True,False,False,False,False
05057000,"SHEYENNE RIVER NR COOPERSTOWN, ND",71047086,none,False,False,False,False,False
05069000,"SAND HILL RIVER AT CLIMAX, MN",71047193,none,True,False,False,False,False
05078500,"CLEARWATER RIVER AT RED LAKE FALLS, MN",71047172,other mention,False,False,False,False,False
05079000,"RED LAKE RIVER AT CROOKSTON, MN",71047036,other mention,False,False,False,False,False
05084000,"FOREST RIVER NR FORDVILLE, ND",71044630,none,True,False,False,False,False
05085000,"FOREST RIVER AT MINTO, ND",71044524,none,True,False,False,False,False
05090000,"PARK RIVER AT GRAFTON, ND",71044538,none,True,False,False,True,False
05051300,"BOIS DE SIOUX RIVER NEAR DORAN, MN",71048393,none,False,False,False,False,False
05051500,"RED RIVER OF THE NORTH AT WAHPETON, ND",71048391,none,False,False,False,False,False
05051522,"RED RIVER OF THE NORTH AT HICKSON, ND",71048386,none,True,True,True,True,False
05053000,"WILD RICE RIVER NR ABERCROMBIE, ND",71048319,none,False,False,False,False,False
05054000,"RED RIVER OF THE NORTH AT FARGO, ND",71048311,none,False,False,False,False,False
05057200,"BALDHILL CREEK NR DAZEY, ND",71047232,none,False,False,False,False,False
05058000,"SHEYENNE RIVER BELOW BALDHILL DAM, ND",71047080,below,False,False,False,False,False
05058700,"SHEYENNE RIVER AT LISBON, ND",71048356,none,True,True,True,True,True
05059000,"SHEYENNE RIVER NEAR KINDRED, ND",71048344,none,True,True,False,True,False
05059500,"SHEYENNE RIVER AT WEST FARGO, ND",71048344,none,False,False,False,False,False
05059700,"MAPLE RIVER NR ENDERLIN, ND",71048426,none,True,False,False,False,False
05060500,"RUSH RIVER AT AMENIA, ND",71047490,none,True,False,False,False,False
05061000,"BUFFALO RIVER NEAR HAWLEY, MN",71048370,none,True,False,False,False,False
05061500,"SOUTH BRANCH BUFFALO RIVER AT SABIN, MN",71048467,none,False,False,False,False,False
05062000,"BUFFALO RIVER NEAR DILWORTH, MN",71048359,none,False,False,False,False,False
05064000,"WILD RICE RIVER AT HENDRUM, MN",71047230,none,False,False,False,False,False
05066500,"GOOSE RIVER AT HILLSBORO, ND",71047190,none,True,False,False,False,False
06470800,"BEAR CREEK NR OAKES, ND",74005251,none,True,False,False,False,False
05050000,"BOIS DE SIOUX RIVER NEAR WHITE ROCK, SD",71048838,none,False,False,False,False,False
05291000,"WHETSTONE RIVER NEAR BIG STONE CITY, SD",74011134,none,True,False,False,False,False
05292000,"MINNESOTA RIVER AT ORTONVILLE, MN",74010687,none,True,True,True,True,False
06479215,BIG SIOUX RIVER NR FLORENCE SD,74014714,none,False,False,False,False,False
06479438,BIG SIOUX R NEAR WATERTOWN SD,74010848,none,False,False,False,False,False
06479525,BIG SIOUX R NEAR CASTLEWOOD SD,74010668,none,False,False,False,False,False
06478690,WEST FORK VERMILLION R NEAR PARKER SD,74017434,none,False,False,False,False,False
06480000,BIG SIOUX RIVER NEAR BROOKINGS SD,74016690,none,True,False,False,False,False
06481000,BIG SIOUX R NEAR DELL RAPIDS SD,74016653,none,True,False,False,False,False
06482020,BIG SIOUX R AT NORTH CLIFF AVE AT SIOUX FALLS SD,74016636,none,True,False,False,True,False
06479010,VERMILLION RIVER NR VERMILLION SD,74022588,none,True,False,False,False,False
06483500,"Rock River near Rock Valley, IA",74017262,none,True,False,False,False,False
06485500,"Big Sioux River at Akron, IA",74022591,none,True,False,False,False,False
06600500,"Floyd River at James, IA",74023083,none,True,False,False,False,False
06601000,"OMAHA CR AT HOMER, NEBR",74024306,none,True,False,False,False,False
06799100,"NORTH FORK ELKHORN RIVER NEAR PIERCE, NEBR.",74023909,none,True,False,False,False,False
06799350,"ELKHORN RIVER AT WEST POINT, NEBR.",74023339,none,False,False,False,False,False
06800000,"MAPLE CREEK NEAR NICKERSON, NE",74024079,none,True,False,False,False,False
06800500,"ELKHORN RIVER AT WATERLOO, NE",74029691,none,False,False,False,False,False
06803500,"SALT CREEK AT LINCOLN, NEBR.",74031015,none,True,True,True,True,False
06803510,"LITTLE SALT CREEK NEAR LINCOLN, NEBR.",74035588,none,False,False,False,False,False
06803520,"STEVENS CREEK NR. LINCOLN, NEBR.",74035033,none,False,False,False,False,False
06803530,"ROCK CREEK NEAR CERESCO, NEBR.",74031895,none,True,False,False,False,False
06803555,"SALT CREEK AT GREENWOOD, NEBR.",74030713,none,True,True,False,True,False
06804000,"WAHOO CREEK AT ITHACA, NEBR.",74031201,none,True,False,False,False,False
06803000,"SALT CREEK AT ROCA, NEBR.",74031739,none,True,False,False,True,False
06885500,"BLACK VERMILLION R NR FRANKFORT, KS",74039211,none,True,False,False,False,False
06876700,"SALT C NR ADA, KS",74038931,none,True,False,False,False,False
06878000,"CHAPMAN C NR CHAPMAN, KS",74039032,none,True,False,False,False,False
06879650,"KINGS C NR MANHATTAN, KS",74040718,none,False,False,False,False,False
07180500,"CEDAR C NR CEDAR POINT, KS",74052267,none,False,False,False,False,False
07145700,"SLATE C AT WELLINGTON, KS",74047459,none,True,False,False,False,False
07151500,"CHIKASKIA R NR CORBIN, KS",74046594,none,True,False,False,False,False
07167500,"OTTER C AT CLIMAX, KS",74047983,none,True,False,False,False,False
07315700,"Mud Creek near Courtney, OK",74062345,none,True,False,False,False,False
08050800,"Timber Ck nr Collinsville, TX",75004183,none,False,False,False,False,False
08110430,"Big Ck nr Freestone, TX",75007521,none,True,False,False,False,False
08104900,"S Fk San Gabriel Rv at Georgetown, TX",75013210,none,True,False,False,False,False
08109700,"Middle Yegua Ck nr Dime Box, TX",75013232,none,True,False,False,False,False
08109800,"E Yegua Ck nr Dime Box, TX",75012719,none,True,True,False,False,False
08110100,"Davidson Ck nr Lyons, TX",75012529,none,True,False,False,False,False
08110500,"Navasota Rv nr Easterly, TX",75011842,none,True,True,True,True,True
08160800,"Redgate Ck nr Columbus, TX",75014778,none,False,False,False,False,False
08162600,"Tres Palacios Rv nr Midfield, TX",75018804,none,True,False,False,False,False
08164000,"Lavaca Rv nr Edna, TX",75017965,none,True,False,False,False,False
08164300,"Navidad Rv nr Hallettsville, TX",75018169,none,True,False,False,False,False
08164503,"W Mustang Ck nr Ganado, TX",75019723,none,False,False,False,False,False
08164600,"Garcitas Ck nr Inez, TX",75019325,none,True,False,False,False,False
08164800,"Placedo Ck nr Placedo, TX",75021584,none,False,False,False,False,False
08175000,"Sandies Ck nr Westhoff, TX",75018575,none,True,False,False,False,False
08176900,"Coleto Ck at Arnold Rd nr Schroeder, TX",75018660,none,True,False,False,False,False
08177500,"Coleto Ck nr Victoria, TX",75018528,none,True,True,True,True,True
08188500,"San Antonio Rv at Goliad, TX",75017895,none,True,True,True,True,False
08189200,"Copano Ck nr Refugio, TX",75018972,none,False,False,False,False,False
08189500,"Mission Rv at Refugio, TX",75018442,none,True,False,False,False,False
08189700,"Aransas Rv nr Skidmore, TX",75018884,none,True,False,False,False,False
08211520,"Oso Ck at Corpus Christi, TX",75023136,none,True,False,False,False,False
05104500,"ROSEAU RIVER BELOW SOUTH FORK NEAR MALUNG, MN",71044679,none,True,False,False,False,False
05076000,"THIEF RIVER NEAR THIEF RIVER FALLS, MN",71044540,none,False,False,False,False,False
05078000,"CLEARWATER RIVER AT PLUMMER, MN",71047186,none,True,True,False,False,False
05078230,"LOST RIVER AT OKLEE, MN",71047255,none,True,False,False,False,False
05046000,"OTTER TAIL RIVER BL ORWELL D NR FERGUS FALLS, MN",71048405,none,True,True,True,True,False
05247500,"CROW WING RIVER NEAR PILLAGER, MN",74004512,none,False,False,False,False,False
05245100,"LONG PRAIRIE RIVER AT LONG PRAIRIE, MN",74004528,none,True,True,True,False,False
05267000,"MISSISSIPPI RIVER NEAR ROYALTON, MN",74009284,none,True,True,True,False,False
05304500,"CHIPPEWA RIVER NEAR MILAN, MN",74009992,none,True,True,False,False,False
05311000,"MINNESOTA RIVER AT MONTEVIDEO, MN",74009814,none,False,False,False,False,False
05313500,"YELLOW MEDICINE RIVER NEAR GRANITE FALLS, MN",74010053,none,True,False,False,False,False
05315000,"REDWOOD RIVER NEAR MARSHALL, MN",74009718,none,True,False,False,False,False
05316500,"REDWOOD RIVER NEAR REDWOOD FALLS, MN",74009209,none,True,False,False,False,False
05317000,"COTTONWOOD RIVER NEAR NEW ULM, MN",74017198,none,True,False,False,False,False
05317200,"LITTLE COTTONWOOD RIVER NEAR COURTLAND, MN",74017582,none,True,False,False,False,False
05476000,"DES MOINES RIVER AT JACKSON, MN",74017241,none,True,True,False,False,False
05482300,"North Raccoon River near Sac City, IA",74023864,none,True,False,False,False,False
06600100,"Floyd River at Alton, IA",74023268,none,True,False,False,False,False
06605000,"Ocheyedan River near Spencer, IA",74017564,none,True,False,False,False,False
06605850,"Little Sioux River at Linn Grove, IA",74022497,none,True,False,False,False,False
06606600,"Little Sioux River at Correctionville, IA",74022486,none,True,False,False,False,False
06607200,"Maple River at Mapleton, IA",74023668,none,True,False,False,False,False
05482500,"North Raccoon River near Jefferson, IA",74023522,none,True,False,False,False,False
05483450,"Middle Raccoon River near Bayard, IA",74023868,none,True,False,False,False,False
06607500,"Little Sioux River near Turin, IA",74022481,none,False,False,False,False,False
06608500,"Soldier River at Pisgah, IA",74023902,none,True,False,False,False,False
06609500,"Boyer River at Logan, IA",74023639,none,True,False,False,False,False
06806500,"WEEPING WATER CREEK AT UNION, NEBR.",74031157,none,True,False,False,False,False
06807410,"West Nishnabotna River at Hancock, IA",74029997,none,True,False,False,False,False
06808500,"West Nishnabotna River at Randolph, IA",74029853,none,True,False,False,False,False
06809210,"East Nishnabotna River near Atlantic, IA",74029704,none,True,False,False,False,False
06809500,"East Nishnabotna River at Red Oak, IA",74029674,none,True,False,False,False,False
06817000,"Nodaway River at Clarinda, IA",74030678,none,True,False,False,False,False
06810000,"Nishnabotna River above Hamburg, IA",74029660,none,True,False,False,False,False
06811500,"LITTLE NEMAHA RIVER AT AUBURN, NE",74030766,none,True,False,False,False,False
06814000,"TURKEY C NR SENECA, KS",74038029,none,True,False,False,False,False
06815000,"BIG NEMAHA RIVER AT FALLS CITY, NEBR.",74029759,none,False,False,False,False,False
06817700,"Nodaway River near Graham, MO",74030415,none,True,True,False,False,False
06819185,"East Fork 102 River at Bedford, IA",74035219,none,False,False,False,False,False
06820500,"Platte River near Agency, MO",74037858,none,True,False,False,False,False
06821150,"Little Platte River at Smithville, MO",74039033,none,True,True,True,False,False
06821190,"Platte River at Sharps Station, MO",74037757,none,True,True,False,False,False
06890100,"DELAWARE R NR MUSCOTAH, KS",74043919,none,False,False,False,False,False
06888500,"MILL C NR PAXICO, KS",74039344,none,True,False,False,False,False
06889200,"SOLDIER C NR DELIA, KS",74039162,none,True,False,False,False,False
06889500,"SOLDIER C NR TOPEKA, KS",74038882,none,True,False,False,False,False
06891500,"WAKARUSA R NR LAWRENCE, KS",74038755,none,True,True,True,True,True
06892000,"STRANGER C NR TONGANOXIE, KS",74038786,none,True,False,False,False,False
06893080,"BLUE R NR STANLEY, KS",74040692,none,True,False,False,False,False
06893300,"INDIAN C AT OVERLAND PARK, KS",74042107,none,False,False,False,False,False
06893500,"Blue River at Kansas City, MO",74039458,none,True,False,False,False,False
06910800,"MARAIS DES CYGNES R NR READING, KS",74039316,none,True,False,False,False,False
06911900,"DRAGOON C NR BURLINGAME, KS",74039754,none,True,False,False,False,False
06912500,"HUNDRED AND TEN MILE C NR QUENEMO, KS",74038929,none,True,True,True,True,True
06913000,"MARAIS DES CYGNES R NR POMONA, KS",74037553,none,True,True,True,True,False
06913500,"MARAIS DES CYGNES R NR OTTAWA, KS",74037542,none,True,True,True,True,False
06915000,"BIG BULL C NR HILLSDALE, KS",74040063,none,True,True,True,True,False
06915800,"MARAIS DES CYGNES R AT LA CYGNE, KS",74045609,none,True,True,True,True,False
06916600,"MARAIS DES CYGNES R NR KS-MO ST LINE, KS",74045592,none,True,True,False,True,False
06917000,"L OSAGE R AT FULTON, KS",74047164,none,True,False,False,False,False
07170700,"BIG HILL C NR CHERRYVALE, KS",74050252,none,False,False,False,False,False
07184000,"LIGHTNING C NR MCCUNE, KS",74047675,none,True,False,False,False,False
07185000,"Neosho River near Commerce, OK",74054132,none,True,True,False,False,False
07186000,"Spring River near Waco, MO",74046031,none,True,False,False,False,False
07187000,"Shoal Creek above Joplin, MO",74046267,none,True,False,False,False,False
07188000,"Spring River near Quapaw, OK",74054254,none,True,False,False,False,False
07164600,"Joe Creek at 61st St at Tulsa, OK",74058581,none,False,False,False,False,False
07165562,"Haikey Creek at 101st St South at Tulsa, OK",74058443,none,False,False,False,False,False
07165565,"Little Haikey Creek at 101st St South at Tulsa, OK",74058443,none,False,False,False,False,False
07176000,"Verdigris River near Claremore, OK",74054046,none,True,True,True,True,False
07177650,"Flat Rock Creek at Cincinnati Ave at Tulsa, OK",74058910,none,False,False,False,False,False
07177800,"Coal Creek at Tulsa, OK",74058909,none,False,False,False,False,False
07189000,"Elk River near Tiff City, Mo",74055168,none,True,True,False,False,False
07191000,"Big Cabin Creek near Big Cabin, OK",74055425,none,True,False,False,False,False
07191220,"Spavinaw Creek near Sycamore, OK",74055886,none,True,False,False,False,False
07195500,"Illinois River near Watts, OK",74055277,none,True,False,False,False,False
07195855,FLINT CR NR W SILOAM SPRGS OK,74056351,none,True,True,True,True,False
07196500,"Illinois River near Tahlequah, OK",74054907,none,True,True,False,False,False
07197000,"Baron Fork at Eldon, OK",74055506,none,True,False,False,False,False
07198000,"Illinois River near Gore, OK",74054789,none,True,True,True,True,True
07334000,"Muddy Boggy Creek near Farris, OK",74061994,none,True,True,False,False,False
07335300,"Muddy Boggy Creek near Unger, OK",74067546,none,True,True,False,False,False
07335700,"Kiamichi River near Big Cedar, OK",74063970,none,True,False,False,False,False
07335790,"Kiamichi River near Clayton, OK",74062121,none,True,False,False,False,False
07336200,"Kiamichi River near Antlers, OK",74061942,none,True,False,False,False,False
07337900,"Glover River near Glover, OK",74062551,none,True,False,False,False,False
07339000,"Mountain Fork near Eagletown, OK",74067549,none,True,True,True,True,True
07338500,"Little River blw Lukfata Creek, nr Idabel, OK",74067456,none,False,False,False,False,False
07343500,"White Oak Ck nr Talco, TX",74067766,none,True,True,False,True,False
08065800,"Bedias Ck nr Madisonville, TX",75012620,none,True,False,False,False,False
08066170,"Kickapoo Ck nr Onalaska, TX",75013653,none,True,False,False,False,False
08066200,"Long King Ck at Livingston, TX",75013207,none,True,False,False,False,False
08066300,"Menard Ck nr Rye, TX",75014203,none,False,False,False,False,False
08068000,"W Fk San Jacinto Rv nr Conroe, TX",75012252,none,True,True,True,True,False
08068500,"Spring Ck nr Spring, TX",75012355,none,True,False,False,False,False
08068740,"Cypress Ck at House-Hahl Rd nr Cypress, TX",75012915,none,True,False,False,False,False
08069000,"Cypress Ck nr Westfield, TX",75012354,none,True,False,False,False,False
08070200,"E Fk San Jacinto Rv nr New Caney, TX",75012494,none,True,False,False,False,False
08070500,"Caney Ck nr Splendora, TX",75013111,none,True,False,False,False,False
08072730,"Bear Ck nr Barker, TX",75014846,none,False,False,False,False,False
08073600,"Buffalo Bayou at W Belt Dr at Houston, TX",75012683,none,False,False,False,False,False
08075000,"Brays Bayou at Houston, TX",75013152,none,True,False,False,False,False
08075730,"Vince Bayou at Pasadena, TX",75014577,none,False,False,False,False,False
08075770,"Hunting Bayou at IH 610, Houston, TX",75014728,none,False,False,False,False,False
08076000,"Greens Bayou nr Houston, TX",75013774,none,True,False,False,False,False
08078000,"Chocolate Bayou nr Alvin, TX",75022531,none,False,False,False,False,False
08115000,"Big Ck nr Needville, TX",75018153,none,True,False,False,False,False
08117500,"San Bernard Rv nr Boling, TX",75017828,none,True,False,False,False,False
05129115,"VERMILION RIVER NR CRANE LAKE, MN",71044075,other mention,True,True,True,False,False
05130500,"STURGEON RIVER NEAR CHISHOLM, MN",71047423,none,True,True,True,False,False
05131500,"LITTLE FORK RIVER AT LITTLEFORK, MN",71044056,none,True,True,False,False,False
04024000,"ST. LOUIS RIVER AT SCANLON, MN",72040035,none,True,True,False,False,False
05211000,"MISSISSIPPI RIVER AT GRAND RAPIDS, MN",74004663,none,False,False,False,False,False
05227500,"MISSISSIPPI RIVER AT AITKIN, MN",74005346,none,False,False,False,False,False
05242300,"MISSISSIPPI RIVER AT BRAINERD, MN",74004639,none,False,False,False,False,False
05336700,"KETTLE RIVER BELOW SANDSTONE, MN",74005286,none,True,False,False,False,False
05270700,"MISSISSIPPI RIVER AT ST. CLOUD, MN",74009275,none,False,False,False,False,False
05280000,"CROW RIVER AT ROCKFORD, MN",74010523,none,False,False,False,False,False
05286000,"RUM RIVER NEAR ST. FRANCIS, MN",74009517,none,False,False,False,False,False
05287890,"ELM CREEK NR CHAMPLIN, MN",74011970,none,True,False,False,False,False
05340500,"ST. CROIX RIVER AT ST. CROIX FALLS, WI",74009473,none,False,False,False,False,False
05319500,"WATONWAN RIVER NEAR GARDEN CITY, MN",74017350,none,True,True,False,False,False
05320000,"BLUE EARTH RIVER NEAR RAPIDAN, MN",74017199,none,False,False,False,False,False
05320500,"LE SUEUR RIVER NEAR RAPIDAN, MN",74017340,none,True,True,False,False,False
05327000,"HIGH ISLAND CREEK NEAR HENDERSON, MN",74010664,none,False,False,False,False,False
05345000,"VERMILLION RIVER NEAR EMPIRE, MN",74012050,none,True,False,False,False,False
05353800,"STRAIGHT RIVER NEAR FARIBAULT, MN",74017672,none,True,True,False,False,False
05372995,"SOUTH FORK ZUMBRO RIVER AT ROCHESTER, MN",74017834,none,True,False,False,False,False
05457000,"CEDAR RIVER NEAR AUSTIN, MN",74017827,none,True,False,False,False,False
05449500,"Iowa River near Rowan, IA",74023119,none,True,False,False,False,False
05451500,"Iowa River at Marshalltown, IA",74022976,none,True,False,False,False,False
05451700,"Timber Creek near Marshalltown, IA",74024507,none,True,False,False,False,False
05458000,"Little Cedar River near Ionia, IA",74023263,none,True,False,False,False,False
05458900,"West Fork Cedar River at Finchford, IA",74023043,none,True,False,False,False,False
05459500,"Winnebago River at Mason City, IA",74017370,none,True,False,False,False,False
05463000,"Beaver Creek at New Hartford, IA",74024061,none,True,False,False,False,False
05470500,"Squaw Creek at Ames, IA",74024264,none,True,False,False,False,False
05476750,"Des Moines River at Humboldt, IA",74023097,none,False,False,False,False,False
05479000,"East Fork Des Moines River at Dakota City, IA",74022632,none,False,False,False,False,False
05480500,"Des Moines River at Fort Dodge, IA",74022621,none,False,False,False,False,False
05481000,"Boone River near Webster City, IA",74022811,none,False,False,False,False,False
05481300,"Des Moines River near Stratford, IA",74022614,none,False,False,False,False,False
05471050,"South Skunk River at Colfax, IA",74023653,none,True,False,False,False,False
05471200,"Indian Creek near Mingo, IA",74023914,none,True,False,False,False,False
05471500,"South Skunk River near Oskaloosa, IA",74029634,none,True,False,False,False,False
05481650,"Des Moines River near Saylorville, IA",74022608,none,False,False,False,False,False
05481950,"Beaver Creek near Grimes, IA",74023764,none,True,False,False,False,False
05483600,"Middle Raccoon River at Panora, IA",74023756,none,True,True,False,True,True
05484000,"South Raccoon River at Redfield, IA",74023632,none,True,True,False,False,False
05484500,"Raccoon River at Van Meter, IA",74023414,none,True,True,False,False,False
05484800,"Walnut Creek at Des Moines, IA",74024670,none,True,False,False,False,False
05485500,"Des Moines River blw Raccoon Riv at Des Moines, IA",74022605,none,False,False,False,False,False
05486000,"North River near Norwalk, IA",74029850,none,True,False,False,False,False
05486490,"Middle River near Indianola, IA",74022904,none,True,False,False,False,False
05487470,"South River near Ackworth, IA",74030967,none,True,False,False,False,False
05487980,"White Breast Creek near Dallas, IA",74030833,none,True,False,False,False,False
05488200,"English Creek near Knoxville, IA",74032448,none,True,False,False,False,False
05489000,"Cedar Creek near Bussey, IA",74030911,none,True,False,False,False,False
06903400,"Chariton River near Chariton, IA",74031165,none,True,False,False,False,False
06903700,"South Fork Chariton River near Promise City, IA",74031563,none,True,False,False,False,False
06903900,"Chariton River near Rathbun, IA",74030675,none,True,True,True,True,False
06904010,"Chariton River near Moulton, IA",74030561,none,True,True,True,True,False
06897500,"Grand River near Gallatin, MO",74037397,none,True,True,False,False,False
06898000,"Thompson River at Davis City, IA",74030481,none,True,True,False,False,False
06899500,"Thompson River at Trenton, MO",74030278,none,True,True,False,False,False
06902000,"Grand River near Sumner, MO",74037365,none,True,True,False,False,False
06904050,"Chariton River at Livonia, MO",74030426,none,True,True,True,True,False
06904500,"Chariton River at Novinger, MO",74030321,none,True,True,True,True,False
06905500,"Chariton River near Prairie Hill, MO",74037841,none,True,True,False,True,False
06894000,"Little Blue River near Lake City, MO",74039388,other mention,True,True,True,False,False
06906800,"Lamine River near Otterville, MO",74037818,none,True,False,False,False,False
06908000,"Blackwater River at Blue Lick, MO",74038654,none,True,False,False,False,False
06918440,"Sac River near Dadeville, MO",74047543,none,True,False,False,False,False
06918460,"Turnback Creek above Greenfield, MO",74047441,none,True,False,False,False,False
06918740,"Little Sac River near Morrisville, MO",74047355,none,True,True,False,False,False
06919020,"Sac River at Hwy J below Stockton, MO",74046825,none,True,True,True,True,True
06919500,"Cedar Creek near Pleasant View, MO",74046870,none,True,False,False,False,False
06919900,"Sac River near Caplinger Mills, MO",74046670,none,True,True,True,True,False
06921070,"Pomme de Terre River near Polk, MO",74047116,none,True,False,False,False,False
06921200,"Lindley Creek near Polk, MO",74048014,none,True,False,False,False,False
06921350,"Pomme de Terre River near Hermitage, MO",74046746,none,True,True,True,True,True
07195800,"Flint Creek at Springtown, AR",74059023,none,False,False,False,False,False
07196900,"Baron Fork at Dutch Mills, AR",74057017,none,True,False,False,False,False
07247000,"Poteau River at Cauthron, AR",74063026,none,True,True,False,True,False
07249400,"James Fork near Hackett, AR",74063357,none,True,False,False,False,False
07340300,"Cossatot River near Vandervoort, AR",74063328,none,True,False,False,False,False
07356000,"Ouachita River near Mount Ida, AR",74062294,none,True,False,False,False,False
07359610,"Caddo River near Caddo Gap, AR",74062986,none,True,False,False,False,False
07361500,"Antoine River at Antoine, AR",74062667,none,True,False,False,False,False
07362587,"Alum Fork Saline River near Reform, AR",74065351,none,False,False,False,False,False
07340000,"Little River near Horatio, AR",74067142,none,True,True,True,True,False
07341200,"Saline River near Lockesburg, AR",74067528,none,True,True,True,True,False
07346045,"Black Cypress Bayou at Jefferson, TX",74067846,none,True,False,False,False,False
07346070,"Little Cypress Ck nr Jefferson, TX",74067692,none,True,False,False,False,False
07348700,"Bayou Dorcheat near Springhill, LA",74067803,none,False,False,False,False,False
07352000,"Saline Bayou near Lucky, LA",74070054,none,True,False,False,False,False
08022040,"Sabine Rv nr Beckville, TX",75005660,none,True,True,True,True,False
08023080,"Bayou Grand Cane near Stanley, LA",75007352,none,True,False,False,False,False
08025500,"Bayou Toro near Toro, LA",75006940,none,True,False,False,False,False
08025360,"Sabine Rv at Toledo Bd Res nr Burkeville, TX",75011579,other mention,True,True,True,True,True
08026000,"Sabine Rv nr Burkeville, TX",75011569,none,True,True,True,True,False
08028000,"Bayou Anacoco near Rosepine, LA",75011727,none,True,True,False,False,False
08029500,"Big Cow Ck nr Newton, TX",75012954,none,True,False,False,False,False
08033500,"Neches Rv nr Rockland, TX",75011278,none,True,True,True,True,False
08041000,"Neches Rv at Evadale, TX",75011263,none,False,False,False,False,False
05124480,"KAWISHIWI RIVER NEAR ELY, MN",71047286,none,True,False,False,False,False
05127000,"KAWISHIWI RIVER NEAR WINTON, MN",71047207,none,False,False,False,False,False
05127500,"BASSWOOD RIVER NEAR WINTON, MN",71044359,none,False,False,False,False,False
04015330,"KNIFE RIVER NEAR TWO HARBORS, MN",72041760,none,True,False,False,False,False
04024430,"NEMADJI RIVER NEAR SOUTH SUPERIOR, WI",72041048,none,True,False,False,False,False
04025500,"BOIS BRULE RIVER AT BRULE, WI",72041865,none,True,False,False,False,False
04027000,"BAD RIVER NEAR ODANAH, WI",72040349,none,True,False,False,False,False
04027500,"WHITE RIVER NEAR ASHLAND, WI",72041161,none,True,True,False,True,False
04029990,"MONTREAL RIVER AT SAXON FALLS NEAR SAXON, WI",72041256,none,True,True,False,False,False
05333500,"ST. CROIX RIVER NEAR DANBURY, WI",74004776,none,False,False,False,False,False
05356000,"CHIPPEWA RIVER AT BISHOPS BRIDGE NEAR WINTER, WI",74009437,none,True,True,True,True,True
05356500,"CHIPPEWA RIVER NEAR BRUCE, WI",74009402,none,True,True,False,True,False
05360500,"FLAMBEAU RIVER NEAR BRUCE, WI",74009856,none,True,True,False,True,True
05362000,"JUMP RIVER AT SHELDON, WI",74010895,none,True,False,False,False,False
05365500,"CHIPPEWA RIVER AT CHIPPEWA FALLS, WI",74009350,none,False,False,False,False,False
05368000,"HAY RIVER AT WHEELER, WI",74010992,none,True,False,False,False,False
05369000,"RED CEDAR RIVER AT MENOMONIE, WI",74010605,none,True,True,False,False,False
05370000,"EAU GALLE RIVER AT SPRING VALLEY, WI",74012619,none,True,False,False,True,False
05369500,"CHIPPEWA RIVER AT DURAND, WI",74009308,none,False,False,False,False,False
05379500,"TREMPEALEAU RIVER AT DODGE, WI",74017421,none,True,False,False,False,False
05382000,"BLACK RIVER NEAR GALESVILLE, WI",74016667,none,True,True,False,False,False
05388250,"Upper Iowa River near Dorchester, IA",74017203,none,True,False,False,False,False
05408000,"KICKAPOO RIVER AT LA FARGE, WI",74017888,none,True,False,False,False,False
05410490,"KICKAPOO RIVER AT STEUBEN, WI",74017323,none,True,False,False,False,False
05412500,"Turkey River at Garber, IA",74022462,none,False,False,False,False,False
05413500,"GRANT RIVER AT BURTON, WI",74024219,none,True,False,False,False,False
05421000,"Wapsipinicon River at Independence, IA",74022822,none,True,False,False,False,False
05458500,"Cedar River at Janesville, IA",74023088,none,True,False,False,False,False
05464000,"Cedar River at Waterloo, IA",74023011,none,True,True,False,False,False
05464500,"Cedar River at Cedar Rapids, IA",74022953,none,True,True,False,False,False
05451900,"Richland Creek near Haven, IA",74025295,none,True,False,False,False,False
05452000,"Salt Creek near Elberon, IA",74024469,none,True,False,False,False,False
05452200,"Walnut Creek near Hartwick, IA",74024672,none,True,False,False,False,False
05453000,"Big Bear Creek at Ladora, IA",74024180,none,True,False,False,False,False
05453100,"Iowa River at Marengo, IA",74022939,none,True,False,False,False,False
05454000,"Rapid Creek near Iowa City, IA",74026074,none,False,False,False,False,False
05454300,"Clear Creek near Coralville, IA",74024369,none,True,False,False,False,False
05454500,"Iowa River at Iowa City, IA",74022922,none,True,True,False,True,True
05455100,"Old Mans Creek near Iowa City, IA",74023948,none,True,False,False,False,False
05455500,"English River at Kalona, IA",74029080,none,True,False,False,False,False
05455700,"Iowa River near Lone Tree, IA",74029076,none,True,True,False,True,False
05465000,"Cedar River near Conesville, IA",74029777,none,True,True,False,False,False
05465500,"Iowa River at Wapello, IA",74029067,none,True,True,False,True,False
05466500,"EDWARDS RIVER NEAR NEW BOSTON, IL",74030666,none,True,False,False,False,False
05472500,"North Skunk River near Sigourney, IA",74029871,none,True,False,False,False,False
05473400,"Cedar Creek near Oakland Mills, IA",74030572,none,True,False,False,False,False
05474000,"Skunk River at Augusta, IA",74029540,none,True,False,False,False,False
05495000,"Fox River at Wayland, MO",74030539,none,True,False,False,False,False
05495500,"BEAR CREEK NEAR MARCELLINE, IL",74031472,none,True,False,False,False,False
05496000,"Wyaconda River above Canton, MO",74030688,none,True,False,False,False,False
05500000,"South Fabius River near Taylor, MO",74037316,none,True,False,False,False,False
05501000,"North River at Palmyra, MO",74037789,none,True,False,False,False,False
05502000,"Bear Creek at Hannibal, MO",74044366,none,False,False,False,False,False
05502300,"Salt River at Hagers Grove, MO",74037902,none,True,False,False,False,False
05502500,"Salt River near Shelbina, MO",74037848,none,True,True,False,False,False
05503800,"Crooked Creek near Paris, MO",74040795,none,True,False,False,False,False
05506800,"Elk Fork Salt River near Madison, MO",74039543,none,True,False,False,False,False
05507600,"Lick Creek at Perry, MO",74039958,none,True,False,False,False,False
05507800,"Salt River near Center, MO",74037697,none,True,True,True,False,False
05508000,"Salt River near New London, MO",74037673,none,True,True,True,True,False
05508805,"Spencer Cr. bl Plum Cr. nr Frankford, MO",74039319,none,True,False,False,False,False
05584500,"LA MOINE RIVER AT COLMAR, IL",74030821,none,True,False,False,False,False
06906200,"East Fork Little Chariton R. nr Macon, MO",74037925,none,True,True,True,True,True
06906300,"East Fork Little Chariton R. nr Huntsville, MO",74037822,none,True,True,True,False,False
05514500,"CUIVRE RIVER NEAR TROY, MO",74038647,none,True,False,False,False,False
06926000,"Osage River near Bagnell, MO",74045509,none,True,True,True,True,True
06934000,"Gasconade River near Rich Fountain, MO",74046407,none,True,False,False,False,False
07013000,"Meramec River near Steelville, MO",74046727,none,True,False,False,False,False
07014500,"Meramec River near Sullivan, MO",74046524,none,True,False,False,False,False
07015720,"Bourbeuse River near High Gate, MO",74048211,none,True,False,False,False,False
07016500,"Bourbeuse River at Union, MO",74046612,none,True,True,False,False,False
06932000,"Little Piney Creek at Newburg, MO",74047431,none,True,False,False,False,False
06933500,"Gasconade River at Jerome, MO",74046435,none,True,False,False,False,False
07057500,"North Fork River near Tecumseh, MO",74054405,none,True,False,False,False,False
07066000,"Jacks Fork at Eminence, MO",74045739,none,True,False,False,False,False
07071500,"Eleven Point River near Bardley, MO",74055028,none,True,False,False,False,False
07056000,"Buffalo River near St. Joe, AR",74054948,none,True,False,False,False,False
07060500,"White River at Calico Rock, AR",74053822,none,True,True,True,True,False
07060710,"North Sylamore Creek near Fifty Six, AR",74056758,none,True,False,False,False,False
07261000,"Cadron Creek near Guy, AR",74062767,none,True,False,False,False,False
07077555,"CACHE RIVER NEAR COTTON PLANT,AR.",74061552,none,False,False,False,False,False
07263295,"Maumelle River at Williams Junction, AR",74063286,none,True,True,True,False,False
07263300,"Maumelle River at Maumelle Dam at Natural Steps,AR",74063286,at dam / outlet,True,True,True,True,False
07264000,"Bayou Meto near Lonoke, AR",74062540,none,True,False,False,False,False
07362100,"SMACKOVER CREEK NEAR SMACKOVER, ARK.",74067882,none,True,False,False,False,False
07363500,"Saline River near Rye, AR",74067271,none,True,True,False,False,False
07364200,"Bayou Bartholomew near Jones, LA",74067226,none,False,False,False,False,False
07373000,"Big Creek at Pollock, LA",74070409,none,True,False,False,False,False
07385700,"BYU TECHE @ KEYSTONE LOCK NR ST. MARTINVILLE, LA",74071806,none,True,False,False,False,False
08010000,"BAYOU DES CANNES NR EUNICE, LA",74071730,none,True,False,False,False,False
08012000,"Bayou Nezpique near Basile, LA",74071510,none,False,False,False,False,False
08013500,"CALCASIEU RIVER NEAR OBERLIN, LA.",74071381,none,True,False,False,False,False
08014500,"Whiskey Chitto Creek Near Oberlin, LA",74071326,none,True,False,False,False,False
08015500,"CALCASIEU RIVER NR KINDER, LA",74071317,none,True,True,False,False,False
04043050,"TRAP ROCK RIVER NEAR LAKE LINDEN, MI",72042638,other mention,True,False,False,False,False
04034500,"MIDDLE BRANCH ONTONAGON RIVER NR TROUT CREEK, MI",72040348,none,True,True,True,True,True
04036000,"WEST BRANCH ONTONAGON RIVER NEAR BERGLAND, MI",72041664,none,True,True,True,True,True
04037500,"CISCO BRANCH ONTONAGON R AT CISCO LAKE OUTLET, MI",72040526,at dam / outlet,False,False,False,False,False
04040000,"ONTONAGON RIVER NEAR ROCKLAND, MI",72040301,none,True,True,False,False,False
04040500,"STURGEON RIVER NEAR SIDNAW, MI",72041505,none,True,False,False,False,False
04041500,"STURGEON RIVER NEAR ALSTON, MI",72041026,none,True,False,False,False,False
04074950,"WOLF RIVER AT LANGLADE, WI",72047028,none,True,False,False,False,False
05391000,"WISCONSIN RIVER @ RAINBOW LAKE NR LAKE TOMAHAWK,WI",74010123,other mention,True,True,False,True,False
05393500,"SPIRIT RIVER AT SPIRIT FALLS, WI",74011916,none,True,False,False,False,False
05394500,"PRAIRIE RIVER NEAR MERRILL, WI",74011354,none,True,False,False,False,False
05397500,"EAU CLAIRE RIVER AT KELLY, WI",74010875,none,True,False,False,False,False
05398000,"WISCONSIN RIVER AT ROTHSCHILD, WI",74009947,none,True,True,False,True,False
05399500,"BIG EAU PLEINE RIVER AT STRATFORD, WI",74011273,none,True,False,False,False,False
04073500,"FOX RIVER AT BERLIN, WI",72051013,none,True,True,False,False,False
04079000,"WOLF RIVER AT NEW LONDON, WI",72051231,none,True,True,False,False,False
05400760,"WISCONSIN RIVER AT WISCONSIN RAPIDS, WI",74016607,none,True,True,False,True,True
05404000,"WISCONSIN RIVER NEAR WISCONSIN DELLS, WI",74016584,none,True,True,False,False,False
05404116,"SOUTH BRANCH BARABOO RIVER AT HILLSBORO, WI",74019174,none,True,False,False,False,False
05405000,"BARABOO RIVER NEAR BARABOO, WI",74017331,none,True,True,False,False,False
05425912,"BEAVERDAM RIVER AT BEAVER DAM, WI",74018530,at dam / outlet,True,True,True,True,True
05427718,"YAHARA RIVER AT WINDSOR, WI",74018397,none,True,False,False,False,False
05406500,"BLACK EARTH CREEK AT BLACK EARTH, WI",74019295,none,True,False,False,False,False
05407000,"WISCONSIN RIVER AT MUSCODA, WI",74016560,none,False,False,False,False,False
05414000,"PLATTE RIVER NEAR ROCKVILLE, WI",74024922,none,True,False,False,False,False
05414820,"SINSINAWA RIVER NEAR MENOMINEE, IL",74027983,none,False,False,False,False,False
05418500,"Maquoketa River near Maquoketa, IA",74023533,none,False,False,False,False,False
05419000,"APPLE RIVER NEAR HANOVER, IL",74024149,none,True,True,False,False,False
05426000,"CRAWFISH RIVER AT MILFORD, WI",74016892,none,True,True,False,False,False
05427570,"ROCK RIVER AT INDIANFORD, WI",74022831,none,False,False,False,False,False
05427948,"PHEASANT BRANCH AT MIDDLETON, WI",74019554,none,False,False,False,False,False
05429500,"YAHARA RIVER AT MC FARLAND, WI",74022919,none,False,False,False,False,False
05430150,"BADFISH CREEK NEAR COOKSVILLE, WI",74024474,none,True,False,False,True,False
05430175,"YAHARA RIVER NEAR FULTON, WI",74022915,none,False,False,False,False,False
05430500,"ROCK RIVER AT AFTON, WI",74022817,none,False,False,False,False,False
05431486,"TURTLE CREEK AT CARVERS ROCK ROAD NEAR CLINTON, WI",74024342,none,True,True,False,False,False
05432500,"PECATONICA RIVER AT DARLINGTON, WI",74024104,none,True,False,False,False,False
05433000,"EAST BR PECATONICA RIVER NEAR BLANCHARDVILLE, WI",74024333,none,True,False,False,False,False
05434500,"PECATONICA RIVER AT MARTINTOWN, WI",74023661,none,True,False,False,False,False
05435500,"PECATONICA RIVER AT FREEPORT, IL",74023561,none,True,False,False,False,False
05436500,"SUGAR RIVER NEAR BRODHEAD, WI",74023071,none,True,False,False,False,False
05437500,"ROCK RIVER AT ROCKTON, IL",74022796,none,False,False,False,False,False
05439500,SOUTH BRANCH KISHWAUKEE RIVER NR FAIRDALE IL,74023855,none,True,False,False,False,False
05440000,"KISHWAUKEE RIVER NEAR PERRYVILLE, IL",74023752,none,True,False,False,False,False
05444000,"ELKHORN CREEK NEAR PENROSE, IL",74024347,none,True,False,False,False,False
05422000,"Wapsipinicon River near De Witt, IA",74022710,none,True,False,False,False,False
05446500,"ROCK RIVER NEAR JOSLIN, IL",74022708,none,False,False,False,False,False
05447500,"GREEN RIVER NEAR GENESEO, IL",74029895,none,True,False,False,False,False
05466000,"EDWARDS RIVER NEAR ORION, IL",74031746,none,True,False,False,False,False
05556500,"BIG BUREAU CREEK AT PRINCETON, IL",74029721,none,True,False,False,False,False
05567500,"MACKINAW RIVER NEAR CONGERVILLE, IL",74030671,none,True,True,False,False,False
05568800,"INDIAN CREEK NEAR WYOMING, IL",74036112,none,False,False,False,False,False
05569500,"SPOON RIVER AT LONDON MILLS, IL",74030473,none,True,True,False,False,False
05512500,"BAY CREEK AT PITTSFIELD, IL",74040498,none,True,False,False,False,False
05568000,"MACKINAW RIVER NEAR GREEN VALLEY, IL",74030382,none,False,False,False,False,False
05570000,"SPOON RIVER AT SEVILLE, IL",74030340,none,True,True,False,False,False
05576000,"SOUTH FORK SANGAMON RIVER NR ROCHESTER, IL",74038603,none,False,False,False,False,False
05576500,"SANGAMON RIVER AT RIVERTON, IL",74037446,none,True,True,False,False,False
05577500,"SPRING CREEK AT SPRINGFIELD, IL",74039780,none,True,False,False,False,False
05579500,"LAKE FORK NEAR CORNLAND, IL",74029802,other mention,True,False,False,False,False
05580000,"KICKAPOO CREEK AT WAYNESVILLE, IL",74031222,none,True,False,False,False,False
05582000,"SALT CREEK NEAR GREENVIEW, IL",74029755,none,False,False,False,False,False
05583000,"SANGAMON RIVER NEAR OAKFORD, IL",74029628,none,False,False,False,False,False
05585000,"LA MOINE RIVER AT RIPLEY, IL",74030431,none,True,False,False,False,False
05587000,"MACOUPIN CREEK NEAR KANE, IL",74038640,none,True,True,False,False,False
05587900,"CAHOKIA CREEK AT EDWARDSVILLE, IL",74039063,none,True,False,False,False,False
05588000,"INDIAN CREEK AT WANDA, IL",74042273,none,False,False,False,False,False
05592800,"HURRICANE CREEK NEAR MULBERRY GROVE, IL",74039349,none,True,False,False,False,False
05593000,"KASKASKIA RIVER AT CARLYLE, IL",74045947,none,True,True,True,True,False
05593575,"LITTLE CROOKED CREEK NEAR NEW MINDEN, IL",74048299,none,True,False,False,False,False
05593900,"EAST FORK SHOAL CREEK NEAR COFFEEN, IL",74043244,none,False,False,False,False,False
05594000,"SHOAL CREEK NEAR BREESE, IL",74038753,none,True,True,False,False,False
05594100,"KASKASKIA RIVER NEAR VENEDY STATION, IL",74045256,none,True,True,False,True,False
05594450,"SILVER CREEK NEAR TROY, IL",74039194,none,True,False,False,False,False
05594800,"SILVER CREEK NEAR FREEBURG, IL",74045487,none,True,False,False,False,False
05595200,"RICHLAND CREEK NEAR HECKER, IL",74046182,none,True,False,False,False,False
07018500,"Big River at Byrnesville, MO",74046544,none,True,True,False,False,False
07019000,"Meramec River near Eureka, MO",74037399,none,True,True,False,False,False
07061500,"Black River near Annapolis, MO",74047268,none,True,False,False,True,False
07063000,"Black River at Poplar Bluff, MO",74054225,none,True,True,False,True,True
07067000,"Current River at Van Buren, MO",74053771,none,True,False,False,False,False
07068000,"Current River at Doniphan, MO",74053748,none,True,False,False,False,False
07030240,"LOOSAHATCHIE RIVER NEAR ARLINGTON, TN",74062586,none,True,False,False,False,False
07072500,"Black River at Black Rock, AR",74053718,none,False,False,False,False,False
07077380,"Cache River at Egypt, AR",74055037,none,True,False,False,False,False
07047942,"LAnguille River near Colt, AR",74061573,none,True,False,False,False,False
07287400,"BLACK CREEK AT LEXINGTON, MS",74068128,none,True,False,False,False,False
07289350,"BIG BLACK RIVER AT WEST, MS",74067751,none,True,False,False,False,False
07369680,"Bayou Macon at Eudora, AR",74067863,none,False,False,False,False,False
02485700,"HANGING MOSS CREEK NR JACKSON, MS",74071121,none,False,False,False,False,False
02488500,"PEARL RIVER NR MONTICELLO, MS",74069959,none,True,True,True,False,False
07290000,"BIG BLACK RIVER NR BOVINA, MS",74069902,none,False,False,False,False,False
02492000,"Bogue Chitto River near Bush, LA",74071367,none,True,False,False,False,False
07375000,"Tchefuncta River near Folsom, LA",74071760,none,True,False,False,False,False
07375500,"Tangipahoa River at Robert, LA",74071366,none,True,False,False,False,False
07376000,"Tickfaw River at Holden, LA",74071384,none,True,False,False,False,False
07377000,"Amite River near Darlington, LA",74071420,none,True,False,False,False,False
07377500,"Comite River near Olive Branch, LA",74071329,none,True,False,False,False,False
07378000,"Comite River near Comite, LA",74071320,none,False,False,False,False,False
07378500,"Amite River near Denham Springs, LA",74071316,none,True,False,False,False,False
04057510,"STURGEON RIVER NEAR NAHMA JUNCTION, MI",72046585,none,True,False,False,False,False
04057800,"MIDDLE BRANCH ESCANABA RIVER AT HUMBOLDT, MI",72042504,none,True,True,True,False,False
04058100,"MIDDLE BRANCH ESCANABA RIVER NR PRINCETON, MI",72041089,none,True,True,False,True,False
04058200,"SCHWEITZER CREEK NEAR PALMER, MI",72043145,none,False,False,False,False,False
04059000,"ESCANABA RIVER AT CORNELL, MI",72046385,none,True,True,False,True,False
04060993,"BRULE RIVER AT US HIGHWAY 2 NEAR FLORENCE, WI",72047020,none,True,False,False,False,False
04062000,"PAINT RIVER NR ALPHA, MI",72046551,none,True,False,False,True,False
04062500,"MICHIGAMME RIVER NEAR CRYSTAL FALLS, MI",72046134,none,True,True,False,True,True
04063000,"MENOMINEE RIVER NEAR FLORENCE, WI",72046122,none,True,True,False,True,False
04063500,"MENOMINEE RIVER AT TWIN FALLS NEAR IRON MT, MI",72046118,none,True,True,False,True,False
04059500,"FORD RIVER NEAR HYDE, MI",72046928,none,True,False,False,False,False
04063700,"POPPLE RIVER NEAR FENCE, WI",72047270,none,True,False,False,False,False
04065722,"MENOMINEE RIVER NEAR VULCAN, MI",72046102,none,False,False,False,False,False
04066003,"MENOMINEE RIVER BELOW PEMENE CREEK NEAR PEMBINE,WI",72046094,none,True,True,False,False,False
04069500,"PESHTIGO RIVER AT PESHTIGO, WI",72051159,none,True,True,False,False,False
04071000,"OCONTO RIVER NEAR GILLETT, WI",72050960,none,True,True,False,False,False
04072150,"DUCK CREEK NEAR HOWARD, WI",72054095,none,False,False,False,False,False
04084445,"FOX RIVER AT APPLETON, WI",72050995,none,True,True,True,False,False
04084500,"FOX R AT RAPIDE CROCHE DAM NEAR WRIGHTSTOWN, WI",72050993,at dam / outlet,True,True,True,True,False
04086000,"SHEBOYGAN RIVER AT SHEBOYGAN, WI",72050970,none,True,False,False,False,False
04086600,"MILWAUKEE RIVER NEAR CEDARBURG, WI",72055500,none,True,False,False,False,False
04087030,"MENOMONEE RIVER AT MENOMONEE FALLS, WI",72057102,none,False,False,False,False,False
05425500,"ROCK RIVER AT WATERTOWN, WI",74017250,none,False,False,False,False,False
04087000,"MILWAUKEE RIVER AT MILWAUKEE, WI",72055451,none,True,False,False,False,False
04087088,"UNDERWOOD CREEK AT WAUWATOSA, WI",72056877,none,False,False,False,False,False
04087120,"MENOMONEE RIVER AT WAUWATOSA, WI",72055822,none,True,False,False,False,False
04087159,"KINNICKINNIC RIVER @ S. 11TH STREET @ MILWAUKEE,WI",72056801,none,False,False,False,False,False
04087204,"OAK CREEK AT SOUTH MILWAUKEE, WI",72056701,none,False,False,False,False,False
04087220,"ROOT RIVER NEAR FRANKLIN, WI",72056259,none,True,False,False,False,False
04087240,"ROOT RIVER AT RACINE, WI",72055872,none,True,False,False,False,False
04087257,"PIKE RIVER NEAR RACINE, WI",72056267,none,True,False,False,False,False
05426250,"BARK RIVER NEAR ROME, WI",74022906,none,True,False,False,False,False
05438500,"KISHWAUKEE RIVER AT BELVIDERE, IL",74024080,none,True,False,False,False,False
05439000,"SOUTH BRANCH KISHWAUKEE RIVER AT DEKALB, IL",74025117,none,True,False,False,False,False
05527800,"DES PLAINES RIVER AT RUSSELL, IL",72058091,none,True,False,False,False,False
05527950,"MILL CREEK AT OLD MILL CREEK, IL",72058031,none,True,False,False,False,False
05528000,"DES PLAINES RIVER NEAR GURNEE, IL",72058014,none,True,False,False,False,False
05528500,"BUFFALO CREEK NEAR WHEELING, IL",72059213,none,False,False,False,False,False
05529000,"DES PLAINES RIVER NEAR DES PLAINES, IL",72057971,none,True,False,False,False,False
05529500,"MC DONALD CREEK NEAR MOUNT PROSPECT, IL",72059153,none,False,False,False,False,False
05530000,"WELLER CREEK AT DES PLAINES, IL",72059121,none,False,False,False,False,False
05530990,"SALT CREEK AT ROLLING MEADOWS, IL",72058606,none,True,False,False,False,False
05531300,"SALT CREEK AT ELMHURST, IL",72058467,none,True,False,False,False,False
05531500,"SALT CREEK AT WESTERN SPRINGS, IL",72058467,none,True,False,False,False,False
05532000,"ADDISON CREEK AT BELLWOOD, IL",72059024,none,False,False,False,False,False
05532500,"DES PLAINES RIVER AT RIVERSIDE, IL",72057953,none,True,False,False,False,False
05534500,"NORTH BRANCH CHICAGO RIVER AT DEERFIELD, IL",72059280,none,False,False,False,False,False
05535000,"SKOKIE RIVER AT LAKE FOREST, IL",72059283,other mention,False,False,False,False,False
05535070,"SKOKIE RIVER NEAR HIGHLAND PARK, IL",72059283,none,False,False,False,False,False
05535500,WF OF NB CHICAGO RIVER AT NORTHBROOK IL,72059198,none,False,False,False,False,False
05536000,"NORTH BRANCH CHICAGO RIVER AT NILES, IL",72058357,none,True,False,False,False,False
05539900,"W BRANCH DU PAGE RIVER NR WEST CHICAGO, IL",74026672,none,False,False,False,False,False
05540060,"KRESS CREEK AT WEST CHICAGO, IL",74026421,none,False,False,False,False,False
05540095,"WEST BR DU PAGE RIVER NEAR WARRENVILLE, IL",74024721,none,True,False,False,False,False
05540160,"EAST BRANCH DU PAGE RIVER NEAR DOWNERS GROVE, IL",74026470,none,False,False,False,False,False
05540195,"ST. JOSEPH CREEK AT ROUTE 34 AT LISLE, IL",74026231,none,False,False,False,False,False
05543830,"FOX RIVER AT WAUKESHA, WI",74023280,none,True,True,False,False,False
05544200,"MUKWONAGO RIVER AT MUKWONAGO, WI",74025038,none,True,False,False,False,False
05548280,"NIPPERSINK CREEK NEAR SPRING GROVE, IL",74024416,none,True,False,False,False,False
05550500,"POPLAR CREEK AT ELGIN, IL",74026840,none,False,False,False,False,False
05551200,"FERSON CREEK NEAR ST. CHARLES, IL",74025450,none,True,False,False,False,False
04093000,"DEEP RIVER AT LAKE GEORGE OUTLET AT HOBART, IND.",72058324,at dam / outlet,True,False,False,False,False
05518000,"KANKAKEE RIVER AT SHELBY, IN",74029223,none,False,False,False,False,False
05520500,"KANKAKEE RIVER AT MOMENCE, IL",74029215,none,False,False,False,False,False
05524500,"IROQUOIS RIVER NEAR FORESMAN, IN",74031007,none,True,False,False,False,False
05525000,"IROQUOIS RIVER AT IROQUOIS, IL",74030714,none,True,False,False,False,False
05525500,"SUGAR CREEK AT MILFORD, IL",74030989,none,False,False,False,False,False
05526000,"IROQUOIS RIVER NEAR CHEBANSE, IL",74030395,none,False,False,False,False,False
05527500,"KANKAKEE RIVER NEAR WILMINGTON, IL",74029192,none,False,False,False,False,False
05533000,"FLAG CREEK NEAR WILLOW SPRINGS, IL",72058949,none,False,False,False,False,False
05533400,"SAWMILL CREEK NEAR LEMONT, IL",72058915,none,False,False,False,False,False
05536195,"LITTLE CALUMET RIVER AT MUNSTER, IND.",72058830,none,False,False,False,False,False
05536215,"THORN CREEK AT GLENWOOD, IL",72058778,none,False,False,False,False,False
05536235,"DEER CREEK NEAR CHICAGO HEIGHTS, IL",72058744,none,False,False,False,False,False
05536255,"BUTTERFIELD CREEK AT FLOSSMOOR, IL",72058779,none,False,False,False,False,False
05536275,"THORN CREEK AT THORNTON, IL",72058446,none,True,False,False,False,False
05536290,"LITTLE CALUMET RIVER AT SOUTH HOLLAND, IL",72058349,none,False,False,False,False,False
05536340,"MIDLOTHIAN CREEK AT OAK FOREST, IL",72058831,none,False,False,False,False,False
05536500,"TINLEY CREEK NEAR PALOS PARK, IL",72058859,none,False,False,False,False,False
05537500,"LONG RUN NEAR LEMONT, IL",74025889,none,False,False,False,False,False
05539000,"HICKORY CREEK AT JOLIET, IL",74023135,none,True,False,False,False,False
05540130,"WEST BRANCH DU PAGE RIVER NEAR NAPERVILLE, IL",74024503,none,True,False,False,False,False
05540250,"EAST BRANCH DU PAGE RIVER AT BOLINGBROOK, IL",74025075,none,True,False,False,False,False
05540275,"SPRING BROOK AT 87TH STREET NEAR NAPERVILLE, IL",74026102,none,False,False,False,False,False
05540500,"DU PAGE RIVER AT SHOREWOOD, IL",74030109,none,True,False,False,False,False
05543500,"ILLINOIS RIVER AT MARSEILLES, IL",74029175,none,False,False,False,False,False
05551700,"BLACKBERRY CREEK NEAR YORKVILLE, IL",74025088,none,True,False,False,False,False
05552500,"FOX RIVER AT DAYTON, IL",74029781,none,False,False,False,False,False
05554500,"VERMILION RIVER AT PONTIAC, IL",74030947,none,True,False,False,False,False
05555300,"VERMILION RIVER NEAR LEONORE, IL",74030511,none,True,False,False,False,False
03336000,"WABASH RIVER AT COVINGTON, IN",74030209,none,True,True,False,False,False
03336645,"MIDDLE FORK VERMILION RIVER ABOVE OAKWOOD, IL",74033322,none,False,False,False,False,False
03337000,"BONEYARD CREEK AT URBANA, IL",74032718,none,False,False,False,False,False
03338780,"NORTH FORK VERMILION RIVER NEAR BISMARCK, IL",74031173,none,True,False,False,False,False
03339000,"VERMILION RIVER NEAR DANVILLE, IL",74030550,none,True,False,False,False,False
03340500,"WABASH RIVER AT MONTEZUMA, IND.",74037474,none,True,True,False,False,False
03341500,"WABASH RIVER AT TERRE HAUTE, IND.",74037457,none,True,True,False,False,False
03343400,"EMBARRAS RIVER NEAR CAMARGO, IL",74037967,none,True,False,False,False,False
05570910,"SANGAMON RIVER AT FISHER, IL",74031280,none,True,False,False,False,False
05572000,"SANGAMON RIVER AT MONTICELLO, IL",74030627,none,True,False,False,False,False
05573540,"SANGAMON RIVER AT RT 48 AT DECATUR, IL",74037478,none,True,True,False,True,True
05578500,"SALT CREEK NEAR ROWELL, IL",74030978,none,True,True,True,True,True
05580950,"SUGAR CREEK NEAR BLOOMINGTON, IL",74034308,none,False,False,False,False,False
05590800,"LAKE FORK AT ATWOOD, IL",74037913,other mention,True,False,False,False,False
05591200,"KASKASKIA RIVER AT COOKS MILLS, IL",74037819,none,False,False,False,False,False
05591550,"WHITLEY CREEK NEAR ALLENVILLE, IL",74040654,none,True,False,False,False,False
05591700,"WEST OKAW RIVER NEAR LOVINGTON, IL",74039970,none,True,False,False,False,False
05592000,"KASKASKIA RIVER AT SHELBYVILLE, IL",74037736,none,True,True,True,True,True
05592050,"ROBINSON CREEK NEAR SHELBYVILLE, IL",74039729,none,True,False,False,False,False
05592100,"KASKASKIA RIVER NEAR COWDEN, IL",74037679,none,True,True,True,True,False
03345500,"EMBARRAS RIVER AT STE. MARIE, IL",74037669,none,True,False,False,False,False
03346000,"NORTH FORK EMBARRAS RIVER NEAR OBLONG, IL",74038919,none,True,False,False,False,False
03376500,"PATOKA RIVER NEAR PRINCETON, IND.",74046533,none,True,True,False,True,False
03378000,"BONPAS CREEK AT BROWNS, IL",74045756,none,True,False,False,False,False
03378550,"BIG CREEK NEAR WADESVILLE, IN",74048062,none,True,False,False,False,False
03378635,"LITTLE WABASH RIVER NEAR EFFINGHAM, IL",74039170,none,True,True,False,False,False
03379500,"LITTLE WABASH RIVER BELOW CLAY CITY, IL",74038531,none,True,True,False,False,False
03380500,"SKILLET FORK AT WAYNE CITY, IL",74046137,none,True,True,False,False,False
03381500,"LITTLE WABASH RIVER AT CARMI, IL",74046042,none,True,True,False,False,False
05592575,"HICKORY CREEK NEAR BROWNSTOWN, IL",74040736,none,True,False,False,False,False
05592900,"EAST FORK KASKASKIA RIVER NEAR SANDOVAL, IL",74041466,none,False,False,False,False,False
05595730,"RAYSE CREEK NEAR WALTONVILLE, IL",74048212,none,True,False,False,False,False
05595820,"CASEY FORK AT MOUNT VERNON, IL",74052801,none,False,False,False,False,False
05597000,"BIG MUDDY RIVER AT PLUMFIELD, IL",74047008,none,True,True,True,True,False
03382100,"SOUTH FORK SALINE RIVER NR CARRIER MILLS, IL",74047566,none,True,True,True,False,False
03383000,"TRADEWATER RIVER AT OLNEY, KY",74046075,none,True,False,False,False,False
03384450,"LUSK CREEK NEAR EDDYVILLE, IL",74048946,none,True,False,False,False,False
03438000,"LITTLE RIVER NEAR CADIZ, KY",74055322,none,True,False,False,False,False
03610200,"CLARKS RIVER AT ALMO, KY",74056222,none,True,False,False,False,False
03611260,"MASSAC CREEK NEAR PADUCAH, KY",74049262,none,False,False,False,False,False
03612000,"CACHE RIVER AT FORMAN, IL",74047407,none,False,False,False,False,False
05597500,"CRAB ORCHARD CREEK NEAR MARION, IL",74048989,none,True,False,False,False,False
03604000,"BUFFALO RIVER NEAR FLAT WOODS, TN",74054257,none,True,False,False,False,False
02430085,"RED BUD CREEK NR MOORES MILL, MS",73013773,none,False,False,False,False,False
02430615,"MUD CREEK NR FAIRVIEW, MS",73013690,none,False,False,False,False,False
02430680,"TWENTYMILE CREEK NR GUNTOWN, MS",73012173,none,True,False,False,False,False
02430880,"CUMMINGS CREEK NR FULTON, MS",73013612,none,False,False,False,False,False
02439400,"BUTTAHATCHEE RIVER NR ABERDEEN, MS",73011578,none,True,False,False,False,False
03592718,"LITTLE YELLOW CREEK EAST NR BURNSVILLE, MS",73012618,none,True,False,False,False,False
07283000,"SKUNA RIVER AT BRUCE, MS",74067523,none,True,False,False,False,False
02441390,"TOMBIGBEE RIVER AT STENNIS LOCK AND DAM, MS",73014346,at dam / outlet,False,False,False,False,False
02447025,TOMBIGBEE R AT GAINESVILLE L&D NR GAINESVILLE AL,73014316,none,False,False,False,False,False
02467500,SUCARNOOCHEE RIVER AT LIVINGSTON AL,73015002,none,True,True,False,False,False
02481880,"PEARL RIVER AT BURNSIDE, MS",74067837,none,True,False,False,False,False
02482000,"PEARL RIVER AT EDINBURG, MS",74067733,none,True,False,False,False,False
02482550,"PEARL RIVER NR CARTHAGE, MS",74067683,none,True,False,False,False,False
02484000,"YOCKANOOKANY RIVER NR KOSCIUSKO, MS",74067904,none,True,False,False,False,False
02472000,"LEAF RIVER NR COLLINS, MS",73017623,none,True,False,False,False,False
02472500,"BOUIE CREEK NR HATTIESBURG, MS",73018136,none,True,False,False,False,False
02473000,"LEAF RIVER AT HATTIESBURG, MS",73017599,none,True,False,False,False,False
02473500,"TALLAHALA CREEK AT LAUREL, MS",73017823,none,True,False,False,False,False
02474500,"TALLAHALA CREEK NR RUNNELSTOWN, MS",73017789,none,True,False,False,False,False
02474560,"LEAF RIVER NR NEW AUGUSTA, MS",73017585,none,True,False,False,False,False
02475000,"LEAF RIVER NR MCLAIN, MS",73017567,none,True,False,False,False,False
02476500,"SOWASHEE CREEK AT MERIDIAN, MS",73015791,none,True,False,False,False,False
02476600,"OKATIBBEE CREEK AT ARUNDEL, MS",73015079,none,True,True,False,True,False
02477000,"CHICKASAWHAY RIVER AT ENTERPRISE, MS",73015004,none,True,True,False,False,False
02477990,"BUCKATUNNA CREEK NR DENHAM, MS",73017804,none,True,False,False,False,False
02478500,"CHICKASAWHAY RIVER AT LEAKESVILLE, MS",73017511,none,True,True,False,False,False
02479000,"PASCAGOULA RIVER AT MERRILL, MS",73017506,none,False,False,False,False,False
02479155,"CYPRESS CREEK NR JANICE, MS",73018739,none,True,False,False,False,False
02479160,"BLACK CREEK NR WIGGINS, MS",73017995,none,True,False,False,False,False
02479300,"RED CREEK AT VESTRY, MS",73018069,none,True,True,False,False,False
02479560,ESCATAWPA RIVER NEAR AGRICOLA MS,73018026,none,True,False,False,False,False
02481510,"WOLF RIVER NR LANDON, MS",74071373,none,True,False,False,False,False
04045500,"TAHQUAMENON RIVER NEAR PARADISE, MI",72040114,none,False,False,False,False,False
04056500,"MANISTIQUE RIVER NEAR MANISTIQUE, MI",72046127,none,True,True,False,False,False
04127918,"PINE RIVER NEAR RUDYARD, MI",72046420,none,True,False,False,False,False
04124000,"MANISTEE RIVER NEAR SHERMAN, MI",72051516,none,False,False,False,False,False
04127800,"JORDAN RIVER NEAR EAST JORDAN, MI",72048403,none,False,False,False,False,False
04118500,"ROGUE RIVER NEAR ROCKFORD, MI",72055710,none,True,False,False,False,False
04121300,"CLAM RIVER AT VOGEL CENTER, MI",72051768,none,False,False,False,False,False
04121500,"MUSKEGON RIVER AT EVART, MI",72051529,none,True,True,False,False,False
04122100,"BEAR CREEK NEAR MUSKEGON, MI",72057199,none,False,False,False,False,False
04122200,"WHITE RIVER NEAR WHITEHALL, MI",72055577,none,True,False,False,False,False
04122500,"PERE MARQUETTE RIVER AT SCOTTVILLE, MI",72051286,none,True,False,False,False,False
04097540,"PRAIRIE RIVER NEAR NOTTAWA, MI",72058360,none,True,False,False,False,False
04099000,"ST. JOSEPH RIVER AT MOTTVILLE, MI",72058145,none,True,True,False,True,False
04099750,"PIGEON RIVER NEAR SCOTT, IN",72058170,none,True,False,False,False,False
04101000,"ST. JOSEPH RIVER AT ELKHART, IND",72058135,none,True,True,False,True,False
04101500,"ST. JOSEPH RIVER AT NILES, MI",72058127,none,True,True,False,False,False
04101800,"DOWAGIAC RIVER AT SUMNERVILLE, MI",72058296,none,False,False,False,False,False
04102500,"PAW PAW RIVER AT RIVERSIDE, MI",72058201,none,False,False,False,False,False
04102700,"SOUTH BRANCH BLACK RIVER NEAR BANGOR, MI",72058543,none,True,False,False,False,False
04105500,"KALAMAZOO RIVER NEAR BATTLE CREEK, MI",72057981,none,True,False,False,False,False
04105700,"AUGUSTA CREEK NEAR AUGUSTA, MI",72059423,none,False,False,False,False,False
04106000,"KALAMAZOO RIVER AT COMSTOCK, MI",72057962,none,True,False,False,True,False
04106400,"WEST FORK PORTAGE CREEK AT KALAMAZOO, MI",72059253,none,False,False,False,False,False
04108600,"RABBIT RIVER NEAR HOPKINS, MI",72056132,none,True,False,False,False,False
04108800,"MACATAWA RIVER AT STATE ROAD NEAR ZEELAND, MI",72056242,none,True,False,False,False,False
04117500,"THORNAPPLE RIVER NEAR HASTINGS, MI",72055289,none,True,False,False,False,False
04119000,"GRAND RIVER AT GRAND RAPIDS, MI",72055012,none,False,False,False,False,False
03324000,"LITTLE RIVER NEAR HUNTINGTON, IND",74031699,none,True,False,False,False,False
03324300,"SALAMONIE RIVER NEAR WARREN, IND.",74030865,none,True,False,False,False,False
03325000,"WABASH RIVER AT WABASH, IND.",74030316,none,True,True,False,True,False
03326500,"MISSISSINEWA RIVER AT MARION, IND.",74030526,none,True,False,False,False,False
03327500,"WABASH RIVER AT PERU, IND.",74030286,none,False,False,False,False,False
03328000,"EEL RIVER AT NORTH MANCHESTER, IND.",74030665,none,False,False,False,False,False
03328500,"EEL RIVER NEAR LOGANSPORT, IN",74030380,none,False,False,False,False,False
03329000,"WABASH RIVER AT LOGANSPORT, IND.",74030259,none,False,False,False,False,False
03329700,"DEER CREEK NEAR DELPHI, IND.",74031174,none,True,False,False,False,False
03330241,"TIPPECANOE RIVER AT NORTH WEBSTER, IN",74036423,none,False,False,False,False,False
03330500,"TIPPECANOE RIVER AT OSWEGO, IND.",74032011,none,True,False,False,False,False
03331500,"TIPPECANOE RIVER NEAR ORA, IN",74030476,none,True,False,False,False,False
03333050,"TIPPECANOE RIVER NEAR DELPHI, IN",74030270,none,True,True,False,True,False
03333450,"WILDCAT CREEK NEAR JEROME, IN",74032071,none,False,False,False,False,False
03333600,"KOKOMO CREEK NEAR KOKOMO, IND.",74034192,none,False,False,False,False,False
03333700,"WILDCAT CREEK AT KOKOMO, IND.",74031241,none,True,False,False,False,False
03334000,"WILDCAT CREEK AT OWASCO, IND.",74030902,none,True,False,False,False,False
03334500,"SOUTH FORK WILDCAT CREEK NEAR LAFAYETTE, IND.",74031009,none,True,False,False,False,False
03335000,"WILDCAT CREEK NEAR LAFAYETTE, IN",74030492,none,True,False,False,False,False
03335500,WABASH RIVER AT LAFAYETTE IND,74030230,none,False,False,False,False,False
04094000,"LITTLE CALUMET RIVER AT PORTER, IND.",72058444,none,True,False,False,False,False
04100222,"NB ELKHART RIVER AT COSPERVILLE, IND.",72058325,none,True,False,False,False,False
04100500,"ELKHART RIVER AT GOSHEN, IND.",72058189,none,True,False,False,False,False
05515500,"KANKAKEE RIVER AT DAVIS, IND.",74029950,none,False,False,False,False,False
05516500,"YELLOW RIVER AT PLYMOUTH, IND.",74029277,none,True,False,False,False,False
05517000,"YELLOW RIVER AT KNOX, IND.",74029256,none,True,False,False,False,False
05517500,"KANKAKEE RIVER AT DUNNS BRIDGE, IND.",74029241,none,False,False,False,False,False
05517530,"KANKAKEE RIVER NR KOUTS, IND.",74029236,none,False,False,False,False,False
05522500,"IROQUOIS RIVER AT RENSSELAER, IND.",74031335,none,True,False,False,False,False
03339280,"PRAIRIE CREEK NEAR LEBANON, IN",74033170,none,False,False,False,False,False
03339500,"SUGAR CREEK AT CRAWFORDSVILLE, IND.",74029774,none,True,False,False,False,False
03340800,BIG RACCOON CREEK NEAR FINCASTLE IND,74039456,none,True,False,False,False,False
03349000,"WHITE RIVER AT NOBLESVILLE, IN",74030468,none,False,False,False,False,False
03350700,"STONY CREEK NEAR NOBLESVILLE, IND.",74033200,none,False,False,False,False,False
03351000,"WHITE RIVER NEAR NORA, IN",74037999,none,True,True,False,False,False
03351310,"CROOKED CREEK AT INDIANAPOLIS, IND",74044835,none,False,False,False,False,False
03351500,"FALL CREEK NEAR FORTVILLE, IND.",74037989,none,True,False,False,False,False
03352500,"FALL CREEK AT MILLERSVILLE, IND.",74037899,none,True,True,False,True,True
03353000,"WHITE RIVER AT INDIANAPOLIS, IN",74037829,none,True,True,False,False,False
03353120,"PLEASANT RN AT ARLINGTON AVE AT INDPLS, IND.",74044496,none,False,False,False,False,False
03353200,"EAGLE CREEK AT ZIONSVILLE, IN",74037344,none,True,False,False,False,False
03353500,"EAGLE CREEK AT INDIANAPOLIS, IND",74037334,none,True,True,True,True,True
03353600,"LITTLE EAGLE CREEK AT SPEEDWAY, IND.",74044679,none,False,False,False,False,False
03353620,"LICK CREEK AT INDIANAPOLIS, IND.",74044280,none,False,False,False,False,False
03353637,"LITTLE BUCK CREEK NEAR INDIANAPOLIS, IN",74044188,none,False,False,False,False,False
03353800,"WHITE LICK CREEK AT MOORESVILLE, IN",74039275,none,True,False,False,False,False
03354000,"WHITE RIVER NEAR CENTERTON, IN",74037309,none,True,True,False,False,False
03357350,"PLUM CREEK NEAR BAINBRIDGE, IND.",74044397,none,False,False,False,False,False
03358000,"MILL CREEK NEAR CATARACT, IND.",74039500,none,True,False,False,False,False
03360000,"EEL RIVER AT BOWLING GREEN, IN",74038650,none,True,True,False,True,False
03361500,"BIG BLUE RIVER AT SHELBYVILLE, IN",74037804,none,True,True,False,False,False
03361650,"SUGAR CREEK AT NEW PALESTINE, IND.",74044952,none,False,False,False,False,False
03361850,"BUCK CREEK AT ACTON, IND.",74040177,none,True,False,False,False,False
03362000,YOUNGS CREEK NEAR EDINBURGH IND,74039778,none,True,False,False,False,False
03362500,"SUGAR CREEK NEAR EDINBURGH, IN",74038701,none,True,False,False,False,False
03363500,"FLATROCK RIVER AT ST. PAUL, IND.",74038791,none,True,False,False,False,False
03363900,"FLATROCK RIVER AT COLUMBUS, IN",74038588,none,True,False,False,False,False
03364000,"EAST FORK WHITE RIVER AT COLUMBUS, IND.",74037723,none,True,True,False,False,False
03364500,"CLIFTY CREEK AT HARTSVILLE, IN",74040366,none,True,False,False,False,False
03365500,EAST FORK WHITE RIVER AT SEYMOUR IND,74037678,none,True,True,False,False,False
03302220,"BUCK CREEK NEAR NEW MIDDLETOWN, IND",74048682,none,True,False,False,False,False
03302680,"WEST FORK BLUE RIVER AT SALEM, IND.",74041330,none,False,False,False,False,False
03302800,"BLUE RIVER AT FREDERICKSBURG, IN",74045612,none,True,False,False,False,False
03303000,"BLUE RIVER NEAR WHITE CLOUD, IND",74045586,none,True,False,False,False,False
03303300,"MIDDLE FORK ANDERSON RIVER AT BRISTOW, IND.",74052433,none,False,False,False,False,False
03360500,"WHITE RIVER AT NEWBERRY, IND.",74037273,none,True,True,False,False,False
03371500,"EAST FORK WHITE RIVER NEAR BEDFORD, IN",74037600,none,True,True,False,False,False
03373500,"EAST FORK WHITE RIVER AT SHOALS, IN",74037589,none,True,True,False,False,False
03374000,"WHITE RIVER AT PETERSBURG, IN",74037217,none,True,True,False,False,False
03375500,"PATOKA RIVER AT JASPER, IN",74046972,none,True,True,True,True,False
03376300,"PATOKA RIVER AT WINSLOW, IND.",74046679,none,True,True,False,True,False
03310300,"NOLIN RIVER AT WHITE MILLS, KY",74047443,none,True,False,False,False,False
03320000,"GREEN RIVER AT LOCK 2 AT CALHOUN, KY",74045470,none,True,True,False,True,False
03320500,"POND RIVER NEAR APEX, KY",74046142,other mention,True,False,False,False,False
03428200,"WEST FORK STONES RIVER AT MURFREESBORO, TN",74055817,none,True,False,False,False,False
03432350,"HARPETH RIVER AT FRANKLIN, TN",74055838,none,True,False,False,False,False
03433500,"HARPETH RIVER AT BELLEVUE, TN",74055142,none,True,False,False,False,False
03434500,"HARPETH RIVER NEAR KINGSTON SPRINGS, TN",74054953,none,True,False,False,False,False
03597590,"WARTRACE CREEK BELOW COUNTY ROAD AT WARTRACE, TN",74057353,none,False,False,False,False,False
02423130,"CAHABA RIVER AT TRUSSVILLE, AL.",73012815,none,False,False,False,False,False
02450000,"MULBERRY FORK NEAR GARDEN CITY, AL.",73011862,none,True,True,False,False,False
02450180,"MULBERRY FORK NEAR ARKADELPHIA, AL.",73011669,none,True,True,False,False,False
02450250,SIPSEY FORK NEAR GRAYSON AL,73012267,none,True,False,False,False,False
02453000,BLACKWATER CREEK NEAR MANCHESTER AL,73011763,none,True,False,False,False,False
02455980,TURKEY CREEK AT SEWAGE PLANT NEAR PINSON AL,73012841,none,False,False,False,False,False
03574500,PAINT ROCK RIVER NEAR WOODVILLE AL,74062486,none,True,False,False,False,False
03586500,BIG NANCE CREEK AT COURTLAND AL,74063032,none,True,False,False,False,False
02422500,MULBERRY CREEK AT JONES AL,73015275,none,True,False,False,False,False
02423380,CAHABA RIVER NEAR MOUNTAIN BROOK AL,73014908,none,True,False,False,False,False
02423496,"CAHABA RIVER NEAR HOOVER, AL",73014596,none,True,True,False,False,False
02423500,CAHABA RIVER NEAR ACTON AL,73014596,none,True,True,False,False,False
02424000,CAHABA RIVER AT CENTREVILLE AL,73014575,none,True,True,False,False,False
02424590,"CAHABA RIVER NEAR SUTTLE, AL.",73014562,none,True,True,False,False,False
02425000,CAHABA RIVER NEAR MARION JUNCTION AL,73014559,none,True,True,False,False,False
02446500,"SIPSEY RIVER NR ELROD, AL",73014650,none,True,False,False,False,False
02457595,"FIVEMILE CREEK NEAR REPUBLIC, AL",73012128,none,True,False,False,False,False
02458450,"VILLAGE CREEK AT AVENUE W AT ENSLEY, AL",73012694,none,False,False,False,False,False
02462000,VALLEY CREEK NEAR OAK GROVE AL,73014825,none,True,False,False,False,False
02462500,BLACK WARRIOR R AT BANKHEAD L&D NEAR BESSEMER AL,73014378,none,True,True,False,False,False
02464000,NORTH RIVER NEAR SAMANTHA AL,73014906,none,True,False,False,False,False
02464146,TURKEY CREEK NEAR TUSCALOOSA,73017340,none,False,False,False,False,False
02464360,BINION CREEK BELOW GIN CREEK NEAR SAMANTHA AL,73015619,none,True,False,False,False,False
02465000,BLACK WARRIOR RIVER AT NORTHPORT AL,73014370,none,True,True,False,False,False
02465493,ELLIOTTS CREEK AT MOUNDVILLE AL,73016821,none,False,False,False,False,False
02466030,"BLACK WARRIOR RIVER AT SELDEN L & D NEAR EUTAW, AL",73014355,none,True,True,False,False,False
02467000,"TOMBIGBEE R AT DEMOPOLIS L&D NEAR COATOPA, AL.",73014304,none,False,False,False,False,False
02369800,BLACKWATER RIVER NEAR BRADLEY AL,73018523,none,True,False,False,False,False
02373000,SEPULGA RIVER NEAR MCKENZIE AL,73018127,none,True,False,False,False,False
02374500,MURDER CREEK NEAR EVERGREEN AL,73018370,none,True,False,False,False,False
02375500,"ESCAMBIA RIVER NEAR CENTURY, FL",73017757,none,True,True,False,False,False
02427250,"PINE BARREN CREEK NEAR SNOW HILL, AL.",73014517,none,True,False,False,False,False
02469800,SATILPA CREEK NEAR COFFEEVILLE AL,73018366,none,True,False,False,False,False
02376115,"ELEVENMILE CREEK NEAR PENSACOLA, FL.",73020532,none,False,False,False,False,False
02376500,"PERDIDO RIVER AT BARRINEAU PARK, FL",73018153,none,True,False,False,False,False
02377570,"STYX RIVER NEAR ELSANOR, AL.",73018302,none,True,False,False,False,False
02378500,FISH RIVER NEAR SILVER HILL AL,73018574,none,True,False,False,False,False
02471001,CHICKASAW CREEK NEAR KUSHLA AL,73018465,none,True,False,False,False,False
04127997,"STURGEON RIVER AT WOLVERINE, MI",72047462,none,True,False,False,False,False
04128990,"PIGEON R AT STURGEON VALLEY RD NEAR VANDERBILT, MI",72048281,none,True,False,False,False,False
04136500,"AU SABLE RIVER AT MIO, MI",72051252,none,True,True,False,False,False
04137500,"AU SABLE RIVER NEAR AU SABLE, MI",72051217,none,True,True,False,False,False
04115000,"MAPLE RIVER AT MAPLE RAPIDS, MI",72055536,none,False,False,False,False,False
04115265,"FISH CREEK NEAR CRYSTAL, MI",72057217,none,False,False,False,False,False
04116000,"GRAND RIVER AT IONIA, MI",72055023,none,True,False,False,False,False
04142000,"RIFLE RIVER NEAR STERLING, MI",72051870,none,True,False,False,False,False
04146000,"FARMERS CREEK NEAR LAPEER, MI",72056246,none,True,False,False,False,False
04146063,"SOUTH BRANCH FLINT RIVER NEAR COLUMBIAVILLE,MI",72055704,none,True,False,False,False,False
04148140,"KEARSLEY CREEK NEAR DAVISON, MI",72055759,none,True,False,False,False,False
04148500,"FLINT RIVER NEAR FLINT, MI",72055493,none,True,True,False,False,False
04151500,"CASS RIVER AT FRANKENMUTH, MI",72055455,none,True,False,False,False,False
04152238,"SOUTH BRANCH TOBACCO RIVER NEAR BEAVERTON, MI",72051895,none,True,False,False,False,False
04154000,"CHIPPEWA RIVER NEAR MOUNT PLEASANT, MI",72055114,none,True,False,False,False,False
04155000,"PINE RIVER AT ALMA, MI",72055563,none,True,False,False,False,False
04156000,"TITTABAWASSEE RIVER AT MIDLAND, MI",72055087,none,True,True,False,False,False
04096405,"ST. JOSEPH RIVER AT BURLINGTON, MI",72058233,none,True,False,False,False,False
04096515,"SOUTH BRANCH HOG CREEK NEAR ALLEN, MI",72058541,none,True,False,False,False,False
04099510,"PIGEON CREEK NR ANGOLA, IND.",72058312,none,True,False,False,False,False
04103010,"KALAMAZOO RIVER NEAR MARENGO, MI",72058271,none,True,False,False,False,False
04105000,"BATTLE CREEK AT BATTLE CREEK, MI",72057988,none,True,False,False,False,False
04109000,"GRAND RIVER AT JACKSON, MI",72058258,none,True,False,False,False,False
04111500,"DEER CREEK NEAR DANSVILLE, MI",72056393,none,False,False,False,False,False
04112000,"SLOAN CREEK NEAR WILLIAMSTON, MI",72056493,none,False,False,False,False,False
04112500,"RED CEDAR RIVER AT EAST LANSING, MI",72055646,none,True,False,False,False,False
04113000,"GRAND RIVER AT LANSING, MI",72055030,none,True,False,False,True,False
04114000,"GRAND RIVER AT PORTLAND, MI",72055027,none,True,False,False,False,False
04166300,"UPPER RIVER ROUGE AT FARMINGTON, MI",72059447,none,False,False,False,False,False
04170000,"HURON RIVER AT MILFORD, MI",72055781,none,True,True,False,False,False
04170500,"HURON RIVER NEAR NEW HUDSON, MI",72055781,none,True,True,False,True,False
04172000,"HURON RIVER NEAR HAMBURG, MI",72058026,none,True,True,False,False,False
04174500,"HURON RIVER AT ANN ARBOR, MI",72057980,none,False,False,False,False,False
04175600,"RIVER RAISIN NEAR MANCHESTER, MI",72058337,none,True,True,True,False,False
04176000,"RIVER RAISIN NEAR ADRIAN, MI",72058200,none,True,True,False,False,False
04176500,"RIVER RAISIN NEAR MONROE, MI",72058147,none,True,True,False,False,False
04176605,"OTTER CREEK AT LA SALLE, MI",72058336,none,False,False,False,False,False
04177000,Ottawa River at University of Toledo Toledo OH,72058315,none,False,False,False,False,False
04193500,Maumee River at Waterville OH,72057832,none,False,False,False,False,False
03261500,Great Miami River at Sidney OH,74030930,none,False,False,False,False,False
03261950,Loramie Creek near Newport OH,74031695,none,True,False,False,False,False
03262000,Loramie Creek at Lockington OH,74031150,none,False,False,False,False,False
03322900,"WABASH RIVER AT LINN GROVE, IN",74030812,none,True,True,False,False,False
03325500,"MISSISSINEWA RIVER NEAR RIDGEVILLE, IND.",74032109,none,True,False,False,False,False
04177720,"FISH CREEK AT HAMILTON, IND.",72058787,none,False,False,False,False,False
04178000,"ST. JOSEPH RIVER NEAR NEWVILLE, IN",72058176,none,True,True,False,False,False
04180000,"CEDAR CREEK NEAR CEDARVILLE, IND.",72059467,none,False,False,False,False,False
04180500,"ST. JOSEPH RIVER NEAR FORT WAYNE, IN",72059464,none,True,True,False,True,False
04181500,"ST. MARYS RIVER AT DECATUR, IND.",72059495,none,True,False,False,False,False
04182000,"ST. MARYS RIVER NEAR FORT WAYNE, IND.",72059481,none,False,False,False,False,False
04183000,"MAUMEE RIVER AT NEW HAVEN, IND.",72059463,none,False,False,False,False,False
04185000,Tiffin River at Stryker OH,72058177,none,True,False,False,False,False
04186500,Auglaize River near Fort Jennings OH,72059524,none,True,False,False,False,False
04189000,Blanchard River near Findlay OH,72059518,none,True,True,False,False,False
04191500,Auglaize River near Defiance OH,72058054,none,False,False,False,False,False
04192500,Maumee River near Defiance OH,72057844,none,True,True,False,False,False
03240000,Little Miami River near Oldtown OH,74040110,none,True,False,False,False,False
03241500,Massies Creek at Wilberforce OH,74040187,none,True,False,False,False,False
03245500,Little Miami River at Milford OH,74038584,none,True,True,False,True,False
03247500,East Fork Little Miami River at Perintown OH,74038663,none,True,True,True,True,True
03262700,Great Miami River at Troy OH,74030653,none,False,False,False,False,False
03263000,Great Miami River at Taylorsville OH,74037973,none,False,False,False,False,False
03265000,Stillwater River at Pleasant Hill OH,74030956,none,False,False,False,False,False
03266000,Stillwater River at Englewood OH,74037394,none,True,False,False,True,False
03269500,Mad River near Springfield OH,74037564,none,True,True,False,True,False
03270000,Mad River near Dayton OH,74037551,none,True,True,False,True,False
03270500,Great Miami River at Dayton OH,74037387,none,True,True,False,True,False
03272000,Twin Creek near Germantown OH,74039066,none,True,False,False,True,False
03274000,Great Miami River at Hamilton OH,74037366,none,True,True,False,True,False
03274650,"WHITEWATER RIVER NEAR ECONOMY, IND",74038155,none,False,False,False,False,False
03275000,"WHITEWATER RIVER NEAR ALPINE, IN",74037834,none,True,False,False,False,False
03275600,"EAST FORK WHITEWATER RIVER AT ABINGTON, IND.",74039411,none,True,False,False,False,False
03276500,"WHITEWATER RIVER AT BROOKVILLE, IND",74037774,none,True,True,False,True,False
03347000,"WHITE RIVER AT MUNCIE, IN",74031130,none,True,True,False,True,False
03368000,"BRUSH CREEK NEAR NEBRASKA, IN",74042595,none,False,False,False,False,False
03369500,"VERNON FORK MUSCATATUCK RIVER AT VERNON, IN",74039148,none,False,False,False,False,False
03284000,"KENTUCKY RIVER AT LOCK 10 NEAR WINCHESTER, KY",74045537,none,True,True,False,False,False
03285000,"DIX RIVER NEAR DANVILLE, KY",74047166,none,True,False,False,False,False
03289300,"SOUTH ELKHORN CREEK NEAR MIDWAY, KY",74048125,none,True,False,False,False,False
03289500,"ELKHORN CREEK NEAR FRANKFORT, KY",74046840,none,True,False,False,False,False
03290500,"KENTUCKY RIVER AT LOCK 2 AT LOCKPORT, KY",74037260,none,True,True,False,False,False
03291500,"EAGLE CREEK AT GLENCOE, KY",74037844,none,True,False,False,False,False
03291780,"INDIAN-KENTUCK CREEK NR CANAAN, IND.",74042178,none,False,False,False,False,False
03293000,"M FK BEARGRASS CR AT OLD CANNONS LN AT LOUISVILLE,",74052508,none,False,False,False,False,False
03294000,"SILVER CREEK NEAR SELLERSBURG, IND",74045753,none,True,False,False,False,False
03295890,"BRASHEARS CREEK AT TAYLORSVILLE, KY",74047283,none,True,False,False,False,False
03298500,"SALT RIVER AT SHEPHERDSVILLE, KY",74046551,none,True,True,False,True,False
03300400,"BEECH FORK AT MAUD, KY",74046735,none,True,False,False,False,False
03301500,"ROLLING FORK NEAR BOSTON, KY",74046496,none,True,False,False,False,False
03302000,"POND CREEK NEAR LOUISVILLE, KY",74048530,other mention,True,False,False,False,False
03366500,"MUSCATATUCK RIVER NEAR DEPUTY, IN",74038908,none,True,False,False,False,False
03307000,"RUSSELL CREEK NEAR COLUMBIA, KY",74047388,none,True,False,False,False,False
03308500,"GREEN RIVER AT MUNFORDVILLE, KY",74046040,none,True,True,False,True,False
02384500,"CONASAUGA RIVER NEAR ETON, GA",73011156,none,True,False,False,False,False
02384540,"MILL CREEK NEAR CRANDALL, GA",73014158,none,False,False,False,False,False
03421000,"COLLINS RIVER NEAR MCMINNVILLE, TN",74054427,none,True,False,False,False,False
03540500,"EMORY RIVER AT OAKDALE, TN",74055166,none,False,False,False,False,False
03566000,"HIWASSEE RIVER AT CHARLESTON, TN",74061896,none,True,True,False,True,False
03568933,"LOOKOUT CREEK NEAR NEW ENGLAND, GA",74062777,none,False,False,False,False,False
02337500,"SNAKE CREEK NEAR WHITESBURG, GA",73014913,none,False,False,False,False,False
02338000,"CHATTAHOOCHEE RIVER NEAR WHITESBURG, GA",73014857,none,True,True,True,True,False
02382500,"COOSAWATTEE RIVER AT CARTERS, GA",73011684,none,True,True,True,True,True
02383500,"COOSAWATTEE RIVER NEAR PINE CHAPEL, GA",73011614,none,True,True,True,True,False
02385800,"HOLLY CREEK NEAR CHATSWORTH, GA",73014114,none,False,False,False,False,False
02387000,"CONASAUGA RIVER AT TILTON, GA",73011132,none,True,False,False,False,False
02387500,"OOSTANAULA RIVER AT RESACA, GA",73011126,none,True,True,False,True,False
02388320,"HEATH CREEK NEAR ARMUCHEE, GA",73013650,none,False,False,False,False,False
02388500,"OOSTANAULA RIVER NEAR ROME, GA",73011103,none,True,True,False,False,False
02394000,"ETOWAH RIVER AT ALLATOONA DAM, ABV CARTERSVILLE,GA",73011526,at dam / outlet,True,True,True,True,True
02395120,"TWO RUN CREEK NEAR KINGSTON, GA",73012574,none,True,False,False,False,False
02395980,"ETOWAH RIVER AT GA 1 LOOP, NEAR ROME, GA",73011489,none,True,True,False,True,False
02397000,"COOSA RIVER NEAR ROME, GA",73011098,none,True,True,False,True,False
02398000,"CHATTOOGA RIVER AT SUMMERVILLE, GA",73012007,none,True,False,False,False,False
02398300,CHATTOOGA RIVER ABOVE GAYLESVILLE AL,73011699,none,True,False,False,False,False
02399200,LITTLE RIVER NEAR BLUE POND AL,73011794,other mention,True,False,False,False,False
02400100,TERRAPIN CREEK AT ELLISVILLE AL,73011959,none,True,False,False,False,False
02401000,BIG WILLS CREEK NEAR REECE CITY,73011799,none,True,False,False,False,False
02401390,BIG CANOE CREEK AT ASHVILLE AL,73011906,none,True,False,False,False,False
02412000,"TALLAPOOSA RIVER NEAR HEFLIN, ALA.",73011621,none,True,False,False,False,False
02338660,"NEW RIVER AT GA 100, NEAR CORINTH, GA",73015465,none,True,False,False,False,False
02339500,"CHATTAHOOCHEE RIVER AT WEST POINT, GA",73014776,none,True,True,True,True,True
02341505,"CHATTAHOOCHEE RIVER AT US 280, NEAR COLUMBUS, GA",73014736,none,True,True,True,True,False
02342500,"UCHEE CREEK NEAR FORT MITCHELL, AL.",73015143,none,True,False,False,False,False
02404400,CHOCCOLOCCO CREEK AT JACKSON SHOAL NR LINCOLN AL,73011154,none,True,False,False,False,False
02405500,KELLY CREEK NEAR VINCENT AL,73014667,none,True,False,False,False,False
02406500,TALLADEGA CREEK AT ALPINE AL,73015113,none,True,False,False,False,False
02408540,HATCHET CREEK BELOW ROCKFORD AL,73015053,none,True,False,False,False,False
02411000,COOSA RIVER AT JORDAN DAM NEAR WETUMPKA AL,73014439,at dam / outlet,True,True,False,False,False
02413300,LITTLE TALLAPOOSA RIVER NEAR NEWELL AL,73014478,none,True,False,False,False,False
02414500,TALLAPOOSA RIVER AT WADLEY AL,73014448,none,True,True,False,False,False
02414715,"TALLAPOOSA RIVER NR NEW SITE, AL.(HORSESHOE BEND)",73014437,none,True,True,False,False,False
02415000,HILLABEE CREEK NEAR HACKNEYVILLE AL,73015210,none,True,False,False,False,False
02418500,TALLAPOOSA RIVER BELOW TALLASSEE AL,73014425,none,True,True,True,False,False
02419000,UPHAPEE CREEK NEAR TUSKEGEE AL,73015066,none,True,False,False,False,False
02421000,CATOMA CREEK NEAR MONTGOMERY AL,73015093,none,True,False,False,False,False
02342933,SOUTH FORK COWIKEE CREEK NEAR BATESVILLE AL,73017744,none,True,False,False,False,False
02343801,"CHATTAHOOCHEE RIVER NEAR COLUMBIA, AL",73017683,none,True,True,True,False,False
02361000,"CHOCTAWHATCHEE RIVER NEAR NEWTON, AL.",73018086,none,False,False,False,False,False
02362240,"LITTLE DOUBLE BRIDGES CREEK NR ENTERPRISE, AL.",73019560,none,False,False,False,False,False
02363000,PEA RIVER NEAR ARITON AL,73017617,none,True,False,False,False,False
02371500,CONECUH RIVER AT BRANTLEY AL,73017793,none,True,False,False,False,False
02372250,PATSALIGA CREEK NEAR BRANTLEY AL,73017796,none,True,False,False,False,False
02366500,"CHOCTAWHATCHEE RIVER NR BRUCE, FLA.",73020332,none,True,True,False,False,False
02369000,"SHOAL RIVER NR CRESTVIEW, FLA.",73018159,none,True,False,False,False,False
04159492,"BLACK RIVER NEAR JEDDO, MI",72055582,none,False,False,False,False,False
04159900,"MILL CREEK NEAR AVOCA, MI",72055778,none,True,False,False,False,False
04160600,"BELLE RIVER AT MEMPHIS, MI",72055842,none,True,False,False,False,False
04161580,"STONY CREEK NEAR ROMEO, MI",72056630,none,False,False,False,False,False
04164100,"EAST POND CREEK AT ROMEO, MI",72056698,other mention,False,False,False,False,False
04164300,"EAST BRANCH COON CREEK AT ARMADA, MI",72056711,none,False,False,False,False,False
04161540,"PAINT CREEK AT ROCHESTER, MI",72056004,none,True,False,False,False,False
04161800,"STONY CREEK NEAR WASHINGTON, MI",72056018,none,True,False,False,True,False
04164000,"CLINTON RIVER NEAR FRASER, MI",72055287,none,True,False,False,False,False
04164500,"NORTH BRANCH CLINTON RIVER NEAR MT. CLEMENS, MI",72055701,none,True,False,False,False,False
04165500,"CLINTON RIVER AT MORAVIAN DRIVE AT MT. CLEMENS, MI",72055279,none,True,False,False,False,False
04166000,"RIVER ROUGE AT BIRMINGHAM, MI",72056391,none,False,False,False,False,False
04166100,"RIVER ROUGE AT SOUTHFIELD, MI",72058040,none,True,False,False,False,False
04166500,"RIVER ROUGE AT DETROIT, MI",72058010,none,True,False,False,False,False
04167000,"MIDDLE RIVER ROUGE NEAR GARDEN CITY, MI",72058333,none,True,False,False,False,False
04168000,"LOWER RIVER ROUGE AT INKSTER, MI",72058519,none,True,False,False,False,False
04195500,Portage River at Woodville OH,72057990,none,True,False,False,False,False
04200500,Black River at Elyria OH,72057896,none,True,False,False,False,False
04201500,Rocky River near Berea OH,72057997,none,False,False,False,False,False
03136500,Kokosing River at Mount Vernon OH,74031491,none,True,False,False,False,False
03139000,Killbuck Creek at Killbuck OH,74030849,none,True,False,False,False,False
03144000,Wakatomika Creek near Frazeysburg OH,74031412,none,True,False,False,False,False
03145000,South Fork Licking River near Hebron OH,74029804,none,True,True,False,True,False
03146500,Licking River near Newark OH,74029397,none,True,True,False,False,False
03219500,Scioto River near Prospect OH,74030768,none,True,False,False,False,False
03220000,Mill Creek near Bellepoint OH,74032837,none,True,False,False,False,False
03221000,Scioto River below O Shaughnessy Dam nr Dublin OH,74030552,below,True,True,False,False,False
03225500,Olentangy River near Delaware OH,74038104,none,True,True,False,True,True
03228300,Big Walnut Creek at Sunbury OH,74031795,none,True,False,False,False,False
03228500,Big Walnut Creek at Central College OH,74031420,none,True,True,True,True,False
03228805,Alum Creek at Africa OH,74038110,none,True,True,True,True,False
04196800,Tymochtee Creek at Crawford OH,72059517,none,True,False,False,False,False
04197100,Honey Creek at Melmore OH,72059542,none,True,False,False,False,False
04197170,Rock Creek at Tiffin OH,72059753,none,False,False,False,False,False
04198000,Sandusky River near Fremont OH,72057872,none,True,False,False,False,False
04199000,Huron River at Milan OH,72058018,none,True,False,False,False,False
03157000,Clear Creek near Rockbridge OH,74044222,none,False,False,False,False,False
03157500,Hocking River at Enterprise OH,74039045,none,True,False,False,False,False
03159500,Hocking River at Athens OH,74038624,none,True,True,False,False,False
03229500,Big Walnut Creek at Rees OH,74037922,none,True,True,True,True,False
03230500,Big Darby Creek at Darbyville OH,74037836,none,True,False,False,False,False
03231500,Scioto River at Chillicothe OH,74037750,none,True,True,False,True,False
03232500,Rocky Fork near Barretts Mills OH,74040252,none,True,True,True,True,True
03234300,Paint Creek at Chillicothe OH,74038534,none,True,True,False,True,False
03234500,Scioto River at Higby OH,74037704,none,True,True,False,True,False
03237500,Ohio Brush Creek near West Union OH,74038888,none,True,False,False,False,False
03238500,White Oak Creek near Georgetown OH,74039380,none,True,False,False,False,False
03209500,"LEVISA FORK AT PIKEVILLE, KY",74046724,none,True,True,False,True,False
03212500,"LEVISA FORK AT PAINTSVILLE, KY",74047640,none,False,False,False,False,False
03214500,"TUG FORK AT KERMIT, WV",74046543,none,True,False,False,False,False
03216500,"LITTLE SANDY RIVER AT GRAYSON, KY",74047289,none,True,True,False,True,False
03217000,"TYGARTS CREEK NEAR GREENUP, KY",74038048,none,True,False,False,False,False
03237280,Upper Twin Creek at McGaw OH,74041395,none,False,False,False,False,False
03281000,"MIDDLE FORK KENTUCKY RIVER AT TALLEGA, KY",74045581,none,True,True,False,True,True
03281500,"SOUTH FORK KENTUCKY RIVER AT BOONEVILLE, KY",74046032,none,True,False,False,False,False
03282000,"KENTUCKY RIVER AT LOCK 14 AT HEIDELBERG, KY",74045566,none,True,True,False,False,False
03280700,"CUTSHIN CREEK AT WOOTON, KY",74048363,none,True,False,False,False,False
03404000,"CUMBERLAND RIVER AT WILLIAMSBURG, KY",74054027,none,True,True,False,False,False
03528000,"CLINCH RIVER ABOVE TAZEWELL, TN",74053880,none,True,False,False,False,False
03531500,"POWELL RIVER NEAR JONESVILLE, VA",74055393,none,True,False,False,False,False
02177000,"CHATTOOGA RIVER NEAR CLAYTON, GA",73011365,none,True,False,False,False,False
02178400,"TALLULAH RIVER NEAR CLAYTON, GA",73012339,none,True,False,False,False,False
02330450,"CHATTAHOOCHEE RIVER AT HELEN, GA",73012500,none,True,False,False,False,False
03455500,"W F PIGEON R ABOVE LAKE LOGAN NR HAZELWOOD, NC",74063960,above,True,False,False,False,False
03456100,"W FK PIGEON R AT BETHEL, NC",74063651,none,True,False,False,True,False
03456500,"EAST FORK PIGEON RIVER NEAR CANTON, NC",74066647,none,False,False,False,False,False
03456991,"PIGEON RIVER NEAR CANTON, NC",74054584,none,True,False,False,False,False
03459500,"PIGEON RIVER NEAR HEPCO, NC",74054122,none,True,False,False,False,False
03460000,"CATALOOCHEE CREEK NEAR CATALOOCHEE, NC",74056987,none,True,False,False,False,False
03497300,"LITTLE RIVER ABOVE TOWNSEND, TN",74055911,none,False,False,False,False,False
03498500,"LITTLE RIVER NEAR MARYVILLE, TN",74055449,none,True,False,False,False,False
03500000,"LITTLE TENNESSEE RIVER NEAR PRENTISS, NC",74063021,none,True,False,False,False,False
03500240,"CARTOOGECHAYE CREEK NEAR FRANKLIN, NC",74063851,none,True,False,False,False,False
03503000,"LITTLE TENNESSEE RIVER AT NEEDMORE, NC",74062424,none,True,False,False,False,False
03504000,"NANTAHALA RIVER NEAR RAINBOW SPRINGS, NC",74063292,none,True,True,True,False,False
03512000,"OCONALUFTEE RIVER AT BIRDTOWN, NC",74061518,none,True,False,False,False,False
03550000,"VALLEY RIVER AT TOMOTLA, NC",74066312,none,False,False,False,False,False
02204070,"SOUTH RIVER AT KLONDIKE ROAD, NEAR LITHONIA, GA",73011979,none,True,False,False,False,False
02208450,"ALCOVY RIVER ABOVE COVINGTON, GA",73011809,none,True,False,False,False,False
02217475,"MIDDLE OCONEE RIVER NEAR ARCADE, GA",73011835,none,True,False,False,False,False
02217500,"MIDDLE OCONEE RIVER NEAR ATHENS, GA",73011747,none,True,False,False,False,False
02218300,"OCONEE RIVER NEAR PENFIELD, GA",73011588,none,True,False,False,False,False
02219000,"APALACHEE RIVER NEAR BOSTWICK, GA",73011766,none,True,False,False,False,False
02220900,"LITTLE RIVER NEAR EATONTON, GA",73014838,none,True,False,False,False,False
02331600,"CHATTAHOOCHEE RIVER NEAR CORNELIA, GA",73011924,none,True,False,False,False,False
02333500,"CHESTATEE RIVER NEAR DAHLONEGA, GA",73012161,none,True,False,False,False,False
02334430,"CHATTAHOOCHEE RIVER AT BUFORD DAM, NEAR BUFORD, GA",73011587,at dam / outlet,True,True,True,True,True
02334885,"SUWANEE CREEK AT SUWANEE, GA",73012450,none,True,False,False,False,False
02335000,"CHATTAHOOCHEE RIVER NEAR NORCROSS, GA",73011555,none,True,True,True,True,False
02335450,"CHATTAHOOCHEE RIVER ABOVE ROSWELL, GA",73011540,none,True,True,True,True,False
02335700,"BIG CREEK NEAR ALPHARETTA, GA",73012537,none,True,False,False,False,False
02335870,"SOPE CREEK NEAR MARIETTA, GA",73012589,none,True,False,False,False,False
02336000,"CHATTAHOOCHEE RIVER AT ATLANTA, GA",73011511,none,True,True,True,True,False
02336300,"PEACHTREE CREEK AT ATLANTA, GA",73012319,none,True,False,False,False,False
02336490,"CHATTAHOOCHEE RIVER AT GA 280, NEAR ATLANTA, GA",73011507,none,True,True,True,True,False
02337000,"SWEETWATER CREEK NEAR AUSTELL, GA",73011921,none,True,False,False,False,False
02337170,"CHATTAHOOCHEE RIVER NEAR FAIRBURN, GA",73011492,none,True,True,True,True,False
02344350,"FLINT RIVER NEAR LOVEJOY, GA",73014872,none,True,False,False,False,False
02380500,"COOSAWATTEE RIVER NEAR ELLIJAY, GA",73011887,none,True,False,False,False,False
02381600,"FAUSETT CREEK NEAR TALKING ROCK, GA",73013873,none,False,False,False,False,False
02382200,"TALKING ROCK CREEK NEAR HINTON, GA",73012083,none,True,False,False,False,False
02392000,"ETOWAH RIVER AT CANTON, GA",73011618,none,True,False,False,False,False
02210500,"OCMULGEE RIVER NEAR JACKSON, GA",73014649,none,True,True,False,True,False
02212600,"FALLING CREEK NEAR JULIETTE, GA",73015664,none,True,False,False,False,False
02213000,"OCMULGEE RIVER AT MACON, GA",73014631,none,True,True,False,False,False
02215100,"TUCSAWHATCHEE CREEK NEAR HAWKINSVILLE, GA",73015359,none,True,False,False,False,False
02221525,"MURDER CREEK BELOW EATONTON, GA",73015204,none,True,False,False,False,False
02341800,"UPATOI CREEK NEAR COLUMBUS, GA",73015127,none,True,False,False,False,False
02344500,"FLINT RIVER NEAR GRIFFIN, GA",73014826,none,True,True,False,False,False
02344700,"LINE CREEK NEAR SENOIA, GA",73015340,none,True,True,False,False,False
02347500,"FLINT RIVER NEAR CULLODEN, GA",73014761,none,True,True,False,False,False
02349605,"FLINT RIVER AT GA 26, NEAR MONTEZUMA, GA",73014706,none,True,True,False,False,False
02349900,"TURKEY CREEK AT BYROMVILLE, GA",73015837,none,True,False,False,False,False
02318700,"OKAPILCO CREEK AT GA 33, NEAR QUITMAN, GA",73018104,none,True,False,False,False,False
02350512,"FLINT RIVER AT GA 32, NEAR OAKFIELD, GA",73017710,none,True,True,False,False,False
02350900,"KINCHAFOONEE CREEK NEAR DAWSON, GA",73017807,none,False,False,False,False,False
02351890,"MUCKALEE CREEK AT GA 195, NEAR LEESBURG, GA",73017833,none,True,False,False,False,False
02352500,"FLINT RIVER AT ALBANY, GA",73017692,none,True,True,False,False,False
02353000,"FLINT RIVER AT NEWTON, GA",73017670,none,False,False,False,False,False
02353400,"PACHITLA CREEK NEAR EDISON, GA",73019869,none,False,False,False,False,False
02353500,"ICHAWAYNOCHAWAY CREEK AT MILFORD, GA",73018091,none,True,False,False,False,False
02357000,"SPRING CREEK NEAR IRON CITY, GA",73018134,none,False,False,False,False,False
02326000,"ECONFINA RIVER NEAR PERRY, FLA.",73020588,none,True,False,False,False,False
02327100,"SOPCHOPPY RIVER NR SOPCHOPPY, FLA.",73020707,none,True,False,False,False,False
02329000,"OCHLOCKONEE RIVER NR HAVANA, FLA.",73017982,none,True,False,False,False,False
02329600,"LITTLE RIVER NR MIDWAY, FLA.",73020516,none,True,False,False,False,False
02330000,"OCHLOCKONEE RIVER NR BLOXHAM, FLA.",73020463,none,True,True,False,True,False
02330100,"TELOGIA CREEK NR BRISTOL, FLA.",73020525,none,True,False,False,False,False
02358000,APALACHICOLA RIVER AT CHATTAHOOCHEE FLA,73017652,none,False,False,False,False,False
02359000,"CHIPOLA RIVER NR ALTHA, FLA.",73020510,none,True,False,False,False,False
03021350,"French Creek near Wattsburg, PA",74024575,none,True,False,False,False,False
03023100,"French Creek at Meadville, PA",74023669,none,True,False,False,True,False
03024000,"French Creek at Utica, PA",74030011,none,True,False,False,True,False
03093000,Eagle Creek at Phalanx Station OH,74031935,none,True,False,False,False,False
03094000,Mahoning River at Leavittsburg OH,74030829,none,True,True,True,True,False
03097550,Mahoning River at Ohio Edison P Plt at Niles OH,74029909,none,True,True,True,True,False
03101500,"Shenango River at Pymatuning Dam, PA",74030124,at dam / outlet,False,False,False,False,False
03102500,"Little Shenango River at Greenville, PA",74030000,none,True,False,False,False,False
03102850,"Shenango River near Transfer, PA",74029962,none,True,True,True,True,False
04202000,Cuyahoga River at Hiram Rapids OH,72059458,none,True,True,False,True,False
04207200,Tinkers Creek at Bedford OH,72058041,none,True,False,False,False,False
04208000,Cuyahoga River at Independence OH,72057887,none,True,True,False,False,False
04212100,Grand River near Painesville OH,72058161,none,True,False,False,False,False
04213000,Conneaut Creek at Conneaut OH,72058362,none,True,False,False,False,False
04213075,"Brandy Run near Girard, PA",72058365,none,False,False,False,False,False
03085500,"Chartiers Creek at Carnegie, PA",74031153,none,True,False,False,False,False
03091500,Mahoning River at Pricetown OH,74031441,none,True,True,True,True,False
03098600,Mahoning River below West Ave at Youngstown OH,74029884,none,True,True,True,True,False
03105500,"Beaver River at Wampum, PA",74029843,none,True,True,True,True,False
03106000,"Connoquenessing Creek near Zelienople, PA",74031017,none,True,False,False,False,False
03106500,"Slippery Rock Creek at Wurtemburg, PA",74031187,none,True,True,False,False,False
03107500,"Beaver River at Beaver Falls, PA",74029835,none,True,True,False,True,False
03108000,"Raccoon Creek at Moffatts Mill, PA",74031297,none,True,True,False,False,False
03109500,Little Beaver Creek near East Liverpool OH,74030961,none,True,False,False,False,False
03110000,Yellow Creek near Hammondsville OH,74031446,none,True,False,False,False,False
03111500,Short Creek near Dillonvale OH,74031779,none,True,False,False,False,False
03111548,Wheeling Creek below Blaine OH,74032602,none,True,False,False,False,False
03112000,"WHEELING CREEK AT ELM GROVE, WV",74029803,none,False,False,False,False,False
03117000,Tuscarawas River at Massillon OH,74031039,none,True,True,False,False,False
03117500,Sandy Creek at Waynesburg OH,74031417,none,True,True,False,False,False
03118000,Middle Branch Nimishillen Creek at Canton OH,74035577,none,False,False,False,False,False
03118500,Nimishillen Creek at North Industry OH,74031641,none,True,False,False,False,False
03124500,Sugar Creek at Strasburg OH,74031269,none,True,False,False,True,False
03129000,Tuscarawas River at Newcomerstown OH,74030400,none,True,True,False,True,False
03140000,Mill Creek near Coshocton OH,74034097,none,False,False,False,False,False
03140500,Muskingum River near Coshocton OH,74030304,none,False,False,False,False,False
04206000,Cuyahoga River at Old Portage OH,72059454,none,True,True,False,False,False
03151400,"L KANAWHA RIVER NR WILDCAT, WV",74039811,none,True,False,False,False,False
03155000,"LITTLE KANAWHA RIVER AT PALESTINE, WV",74038424,none,True,True,False,False,False
03159540,Shade River near Chester OH,74039270,none,True,False,False,False,False
03194700,"ELK RIVER BELOW WEBSTER SPRINGS, WV",74037349,none,True,False,False,False,False
03176500,"NEW RIVER AT GLEN LYN, VA",74045388,none,True,True,False,True,False
03179000,"BLUESTONE RIVER NEAR PIPESTEM, WV",74046879,none,True,False,False,False,False
03184000,"GREENBRIER RIVER AT HILLDALE, WV",74045969,none,True,False,False,False,False
03185400,"NEW RIVER AT THURMOND, WV",74045365,none,True,True,False,True,False
03189100,"GAULEY RIVER NEAR CRAIGSVILLE, WV",74047057,none,True,False,False,False,False
03190400,"MEADOW RIVER NEAR MT. LOOKOUT, WV",74047147,none,True,False,False,False,False
03192000,"GAULEY RIVER ABOVE BELVA, WV",74046593,none,True,True,False,True,False
03193000,"KANAWHA RIVER AT KANAWHA FALLS, WV",74045352,none,True,True,False,True,False
03197000,"ELK RIVER AT QUEEN SHOALS, WV",74045300,none,True,True,False,True,False
03198000,"KANAWHA RIVER AT CHARLESTON, WV",74045284,none,True,True,False,True,False
03198500,"BIG COAL RIVER AT ASHFORD, WV",74047063,none,True,False,False,False,False
03200500,"COAL RIVER AT TORNADO, WV",74046817,none,True,False,False,False,False
03202400,"GUYANDOTTE RIVER NEAR BAILEYSVILLE, WV",74047398,none,True,False,False,False,False
03202750,"CLEAR FORK AT CLEAR FORK, WV",74047907,none,True,False,False,False,False
03203600,"GUYANDOTTE RIVER AT LOGAN, WV",74046653,none,True,True,False,True,False
03207800,"LEVISA FORK AT BIG ROCK, VA",74047223,none,True,False,False,False,False
03213700,"TUG FORK AT WILLIAMSON, WV",74046628,none,True,False,False,False,False
02111000,"YADKIN RIVER AT PATTERSON, NC",73010751,none,False,False,False,False,False
02111180,"ELK CREEK AT ELKVILLE, NC",73010813,none,False,False,False,False,False
02111500,"REDDIES RIVER AT NORTH WILKESBORO, NC",73009869,none,True,False,False,False,False
02112000,"YADKIN RIVER AT WILKESBORO, NC",73009496,none,True,True,True,True,True
02112120,"ROARING RIVER NEAR ROARING RIVER, NC",73009736,none,True,False,False,False,False
02140991,"JOHNS RIVER AT ARNEYS STORE, NC",73009623,none,True,False,False,False,False
03161000,"SOUTH FORK NEW RIVER NEAR JEFFERSON, NC",74055269,none,True,False,False,False,False
03164000,"NEW RIVER NEAR GALAX, VA",74054784,none,True,False,False,False,False
03165000,"CHESTNUT CREEK AT GALAX, VA",74059851,none,False,False,False,False,False
03208500,"RUSSELL FORK AT HAYSI, VA",74047684,none,True,False,False,False,False
03208950,"CRANES NEST RIVER NEAR CLINTWOOD, VA",74048943,none,True,False,False,False,False
03209000,"POUND RIVER BELOW FLANNAGAN DAM NEAR HAYSI, VA",74047454,below,True,True,True,True,True
03465500,"NOLICHUCKY RIVER AT EMBREEVILLE, TN",74054966,none,True,False,False,False,False
03471500,"S F HOLSTON RIVER AT RIVERSIDE NR CHILHOWIE, VA",74060332,none,False,False,False,False,False
03473000,"S F HOLSTON RIVER NEAR DAMASCUS, VA",74055453,none,True,False,False,False,False
03475000,"M F HOLSTON RIVER NEAR MEADOWVIEW, VA",74055436,none,True,False,False,False,False
03479000,"WATAUGA RIVER NEAR SUGAR GROVE, NC",74056281,none,True,False,False,False,False
03488000,"N F HOLSTON RIVER NEAR SALTVILLE, VA",74054418,none,True,False,False,False,False
03524000,"CLINCH RIVER AT CLEVELAND, VA",74053963,none,True,False,False,False,False
02137727,"CATAWBA R NR PLEASANT GARDENS, NC",73009787,none,True,False,False,False,False
02138500,"LINVILLE RIVER NEAR NEBO, NC",73010741,none,False,False,False,False,False
02143000,"HENRY FORK NEAR HENRY RIVER, NC",73009716,none,True,False,False,False,False
02143040,"JACOB FORK AT RAMSEY, NC",73010425,none,False,False,False,False,False
02143500,"INDIAN CREEK NEAR LABORATORY, NC",73010363,none,False,False,False,False,False
02144000,"LONG CREEK NEAR BESSEMER CITY, NC",73010220,none,False,False,False,False,False
02149000,"COVE CREEK NEAR LAKE LURE, NC",73009781,other mention,True,False,False,False,False
02151500,"BROAD RIVER NEAR BOILING SPRINGS, NC",73009407,none,True,True,False,False,False
02152100,"FIRST BROAD RIVER NEAR CASAR, NC",73009768,none,True,False,False,False,False
02154500,"NORTH PACOLET RIVER AT FINGERVILLE, S. C.",73009640,none,True,False,False,False,False
02154790,"SOUTH PACOLET RIVER NR CAMPOBELLO, SC",73009837,none,True,True,True,False,False
02156500,"BROAD RIVER NEAR CARLISLE, S. C.",73011042,none,True,True,False,False,False
02160105,"TYGER RIVER NEAR DELTA, SC",73011290,none,True,True,False,False,False
02160700,"ENOREE RIVER AT WHITMIRE ,SC",73011639,none,True,False,False,False,False
02164000,"REEDY RIVER NEAR GREENVILLE, S. C.",73014206,none,False,False,False,False,False
03439000,"FRENCH BROAD RIVER AT ROSMAN, NC",74063306,none,True,False,False,False,False
03443000,"FRENCH BROAD RIVER AT BLANTYRE, NC",74062454,none,True,False,False,False,False
03446000,"MILLS RIVER NEAR MILLS RIVER, NC",74062938,none,True,False,False,False,False
03450000,"BEETREE CREEK NEAR SWANNANOA, NC",74057433,none,False,False,False,False,False
03451000,"SWANNANOA RIVER AT BILTMORE, NC",74056140,none,True,True,False,False,False
03451500,"FRENCH BROAD RIVER AT ASHEVILLE, NC",74054245,none,True,True,False,False,False
03453500,"FRENCH BROAD RIVER AT MARSHALL, NC",74054221,none,True,True,False,False,False
03463300,"SOUTH TOE RIVER NEAR CELO, NC",74057692,none,False,False,False,False,False
02163500,"SALUDA RIVER NEAR WARE SHOALS, SC",73011129,none,True,True,False,False,False
02167000,"SALUDA RIVER AT CHAPPELLS, SC",73011107,none,True,True,False,True,False
02192000,"BROAD RIVER NEAR BELL, GA",73011562,none,True,False,False,False,False
02193340,"KETTLE CREEK NEAR WASHINGTON, GA",73012886,none,False,False,False,False,False
02193500,"LITTLE RIVER NEAR WASHINGTON, GA.",73011858,none,True,False,False,False,False
02196000,"STEVENS CREEK NEAR MODOC, SC",73011798,none,True,False,False,False,False
02197000,"SAVANNAH RIVER AT AUGUSTA, GA",73014555,none,True,True,True,True,True
02198000,"BRIER CREEK AT MILLHAVEN, GA",73014978,none,True,False,False,False,False
02198100,"BEAVERDAM CREEK NEAR SARDIS, GA",73016815,none,False,False,False,False,False
02201000,"WILLIAMSON SWAMP CREEK AT DAVISBORO, GA",73015410,none,True,False,False,False,False
02203000,"CANOOCHEE RIVER NEAR CLAXTON, GA",73015010,none,True,False,False,False,False
02215500,"OCMULGEE RIVER AT LUMBER CITY, GA",73017603,none,True,True,False,False,False
02216180,"TURNPIKE CREEK NEAR MCRAE, GA",73017922,none,False,False,False,False,False
02223500,"OCONEE RIVER AT DUBLIN, GA",73014737,none,True,True,False,False,False
02225000,"ALTAMAHA RIVER NEAR BAXLEY, GA",73017582,none,False,False,False,False,False
02225500,"OHOOPEE RIVER NEAR REIDSVILLE, GA",73014960,none,True,False,False,False,False
02226000,"ALTAMAHA RIVER AT DOCTORTOWN, GA",73017551,none,True,True,False,False,False
02226500,"SATILLA RIVER NEAR WAYCROSS, GA",73017988,none,False,False,False,False,False
02227500,"LITTLE SATILLA RIVER NEAR OFFERMAN, GA",73018100,none,True,False,False,False,False
02314500,"SUWANNEE RIVER AT US 441, AT FARGO, GA",73017974,none,False,False,False,False,False
02317500,"ALAPAHA RIVER AT STATENVILLE, GA",73017764,none,False,False,False,False,False
02319000,"WITHLACOOCHEE RIVER NEAR PINETTA, FLA.",73017958,none,True,False,False,False,False
02231000,"ST. MARYS RIVER NR MACCLENNY, FLA.",73020465,none,False,False,False,False,False
02315500,"SUWANNEE RIVER AT WHITE SPRINGS, FLA.",73020386,none,True,False,False,False,False
02319500,"SUWANNEE RIVER AT ELLAVILLE, FLA",73020369,none,False,False,False,False,False
02320500,"SUWANNEE RIVER AT BRANFORD, FLA.",73020351,none,False,False,False,False,False
02321500,"SANTA FE RIVER AT WORTHINGTON SPRINGS, FLA.",73020597,none,True,False,False,False,False
02322500,"SANTA FE RIVER NEAR FORT WHITE, FLA.",73020565,none,False,False,False,False,False
02323500,"SUWANNEE RIVER NEAR WILCOX, FLA.",73020341,none,True,False,False,False,False
02324000,"STEINHATCHEE RIVER NEAR CROSS CITY, FLA.",73020606,none,False,False,False,False,False
02324400,"FENHOLLOWAY RIVER NEAR FOLEY, FLA.",73020735,none,False,False,False,False,False
02325000,FENHOLLOWAY RIVER NR PERRY FLA,73020609,none,False,False,False,False,False
02306500,SWEETWATER CREEK NEAR SULPHUR SPRINGS FL,73021986,none,False,False,False,False,False
02306647,SWEETWATER CREEK NEAR TAMPA FL,73021986,none,False,False,False,False,False
02306774,ROCKY CREEK AT ST HWY 587 AT CITRUS PARK FL,73022003,none,False,False,False,False,False
02307000,ROCKY CREEK NEAR SULPHUR SPRINGS FL,73021986,none,False,False,False,False,False
02307359,"BROOKER CREEK NEAR TARPON SPRINGS, FL.",73022029,none,False,False,False,False,False
02309848,"SOUTH BRANCH ANCLOTE RIVER NEAR ODESSA, FL.",73022020,none,False,False,False,False,False
02310000,ANCLOTE RIVER NEAR ELFERS FL,73021661,none,False,False,False,False,False
02313000,"WITHLACOOCHEE RIVER NR HOLDER, FLA.",73021538,none,False,False,False,False,False
02313230,"WITHLACOOCHEE R AT INGLIS DAM NR DUNNELLON, FLA.",73021530,at dam / outlet,False,False,False,False,False
04215000,CAYUGA CREEK NR LANCASTER NY,72055791,none,True,False,False,False,False
04215500,CAZENOVIA CREEK AT EBENEZER NY,72055929,none,True,False,False,False,False
04216418,TONAWANDA CREEK AT ATTICA NY,72055995,none,True,False,False,False,False
04218000,TONAWANDA CREEK AT RAPIDS NY,72055497,none,True,False,False,False,False
04218518,ELLICOTT CREEK BELOW WILLIAMSVILLE NY,72055989,none,True,False,False,False,False
04221000,GENESEE RIVER AT WELLSVILLE NY,72058329,none,True,False,False,False,False
04223000,GENESEE RIVER AT PORTAGEVILLE NY,72055054,none,True,True,False,False,False
04224775,CANASERAGA CREEK ABOVE DANSVILLE NY,72055236,none,True,False,False,False,False
04227000,CANASERAGA CREEK AT SHAKERS CROSSING NY,72055183,none,True,False,False,False,False
04227500,GENESEE RIVER NEAR MOUNT MORRIS NY,72055051,none,True,True,False,True,False
04228500,GENESEE RIVER AT AVON NY,72055045,none,True,True,False,True,False
04230380,OATKA CREEK AT WARSAW NY,72056244,none,True,False,False,False,False
04230500,OATKA CREEK AT GARBUTT NY,72055642,none,True,False,False,False,False
04231000,BLACK CREEK AT CHURCHVILLE NY,72055801,none,True,False,False,False,False
04231600,"GENESEE RIVER AT FORD STREET BRIDGE, ROCHESTER NY",72055041,none,True,True,False,True,False
01541000,"West Branch Susquehanna River at Bower, PA",73005411,none,True,False,False,False,False
01541200,"WB Susquehanna River near Curwensville, PA",73005384,none,True,True,False,True,True
01541303,"West Branch Susquehanna River at Hyde, PA",73003074,none,True,True,False,True,False
01541500,"Clearfield Creek at Dimeling, PA",73003264,none,True,True,False,True,False
01542810,"Waldy Run near Emporium, PA",73004375,none,False,False,False,False,False
01543000,"Driftwood Br Sinnemahoning Cr at Sterling Run, PA",73003457,none,False,False,False,False,False
01543500,"Sinnemahoning Creek at Sinnemahoning, PA",73003403,none,True,False,False,False,False
01544000,"First Fork Sinnemahoning Cr near Sinnemahoning, PA",73003559,none,True,False,False,True,False
03007800,"Allegheny River at Port Allegany, PA",74024147,none,True,False,False,False,False
03010500,"Allegheny River at Eldred, PA",74023951,none,True,False,False,False,False
03010655,"Oswayo Creek at Shinglehouse, PA",74025138,none,True,False,False,False,False
03011020,ALLEGHENY RIVER AT SALAMANCA NY,74023618,none,True,True,False,False,False
03011800,"Kinzua Creek near Guffey, PA",74026178,none,False,False,False,False,False
03014500,CHADAKOIN RIVER AT FALCONER NY,74024793,none,True,True,False,True,True
03015000,"Conewango Creek at Russell, PA",74023862,none,True,True,False,True,False
03015500,"Brokenstraw Creek at Youngsville, PA",74024112,none,True,False,False,False,False
03020500,"Oil Creek at Rouseville, PA",74030115,none,True,False,False,False,False
03025500,"Allegheny River at Franklin, PA",74029612,none,True,True,False,True,False
03026500,"Sevenmile Run near Rasselas, PA",74025874,none,False,False,False,False,False
03028000,"West Branch Clarion River at Wilcox, PA",74025214,none,True,False,False,False,False
03029500,"Clarion River at Cooksburg, PA",74029854,none,True,True,False,False,False
03030500,"Clarion River near Piney, PA",74029837,none,True,True,False,True,False
03031500,"Allegheny River at Parker, PA",74029592,none,True,True,False,True,False
03032500,"Redbank Creek at St. Charles, PA",74030614,none,True,False,False,False,False
03034000,"Mahoning Creek at Punxsutawney, PA",74031744,none,True,False,False,False,False
01557500,"Bald Eagle Creek at Tyrone, PA",73005799,none,True,False,False,False,False
01560000,"Dunning Creek at Belden, PA",73005506,none,True,False,False,False,False
01596500,"SAVAGE RIVER NEAR BARTON, MD",73005874,none,False,False,False,False,False
01601500,"WILLS CREEK NEAR CUMBERLAND, MD",73005422,none,True,False,False,False,False
01603000,"NORTH BRANCH POTOMAC RIVER NEAR CUMBERLAND, MD",73005179,none,True,True,False,True,False
03036500,"Allegheny River at Kittanning, PA",74029563,none,True,True,False,True,False
03038000,"Crooked Creek at Idaho, PA",74031492,none,True,True,False,False,False
03041500,"Conemaugh River at Seward, PA",74029869,none,True,True,False,False,False
03042000,"Blacklick Creek at Josephine, PA",74031351,none,True,False,False,False,False
03042280,"Yellow Creek near Homer City, PA",74032667,none,True,True,True,True,True
03042500,"Two Lick Creek at Graceton, PA",74031458,none,True,True,False,True,False
03045000,"Loyalhanna Creek at Kingston, PA",74032181,none,True,False,False,False,False
03048500,"Kiskiminetas River at Vandergrift, PA",74029823,none,True,True,False,True,False
03049000,"Buffalo Creek near Freeport, PA",74031680,none,True,False,False,False,False
03049500,"Allegheny River at Natrona, PA",74029552,none,True,True,False,True,False
03049800,"Little Pine Creek near Etna, PA",74032892,none,False,False,False,False,False
03072000,"Dunkard Creek at Shannopin, PA",74039326,none,True,False,False,False,False
03072655,"Monongahela River near Masontown, PA",74037603,none,True,True,False,True,False
03074500,"Redstone Creek at Waltersburg, PA",74030063,none,True,False,False,False,False
03075070,"Monongahela River at Elizabeth, PA",74029501,none,True,True,False,True,False
03076500,"YOUGHIOGHENY RIVER AT FRIENDSVILLE, MD",74039567,none,True,True,False,True,False
03076600,"BEAR CREEK AT FRIENDSVILLE, MD",74040462,none,True,False,False,False,False
03078000,"CASSELMAN RIVER AT GRANTSVILLE, MD",74040372,none,True,False,False,False,False
03079000,"Casselman River at Markleton, PA",74037954,none,True,False,False,False,False
03080000,"Laurel Hill Creek at Ursina, PA",74037958,none,True,False,False,False,False
03081000,"Youghiogheny River below Confluence, PA",74037857,none,True,True,False,True,False
03082500,"Youghiogheny River at Connellsville, PA",74029798,none,True,True,False,True,False
03083500,"Youghiogheny River at Sutersville, PA",74029763,none,True,True,False,True,False
01594950,"MCMILLAN F NEAR FORT PENDLETON, MD",73007695,none,False,False,False,False,False
01595000,"NORTH BRANCH POTOMAC RIVER AT STEYER, MD",73007067,none,True,False,False,False,False
01595200,"STONY RIVER NEAR MOUNT STORM,WV",73007637,none,False,False,False,False,False
01597500,"SAVAGE RIV BL SAVAGE RIV DAM NEAR BLOOMINGTON, MD",73006655,below,True,True,False,True,True
01598500,"NORTH BRANCH POTOMAC RIVER AT LUKE, MD",73006654,none,True,True,False,True,False
01599000,"GEORGES CREEK AT FRANKLIN, MD",73006714,none,False,False,False,False,False
01604500,"PATTERSON CREEK NEAR HEADSVILLE, WV",73006821,none,True,False,False,True,False
01605500,"SOUTH BRANCH POTOMAC RIVER AT FRANKLIN, WV",73006896,none,True,False,False,False,False
01606500,"SO. BRANCH POTOMAC RIVER NR PETERSBURG, WV",73006784,none,False,False,False,False,False
01607500,"SO FK SO BR POTOMAC R AT BRANDYWINE, WV",73006993,none,True,False,False,True,False
01608000,"SO FK SOUTH BRANCH POTOMAC R NR MOOREFIELD, WV",73006825,none,True,False,False,False,False
01608500,"SOUTH BRANCH POTOMAC RIVER NEAR SPRINGFIELD, WV",73005246,none,True,False,False,False,False
01620500,"NORTH RIVER NEAR STOKESVILLE, VA",73007306,none,False,False,False,False,False
01622000,"NORTH RIVER NEAR BURKETOWN, VA",73006833,none,True,False,False,False,False
01625000,"MIDDLE RIVER NEAR GROTTOES, VA",73006800,none,True,False,False,False,False
01627500,"SOUTH RIVER AT HARRISTON, VA",73006690,none,True,False,False,False,False
01632000,"N F SHENANDOAH RIVER AT COOTES STORE, VA",73006881,none,True,False,False,False,False
01632082,"LINVILLE CREEK AT BROADWAY, VA",73007387,none,False,False,False,False,False
03050000,"TYGART VALLEY RIVER NEAR DAILEY, WV",74037901,none,True,False,False,False,False
03051000,"TYGART VALLEY RIVER AT BELINGTON, WV",74037796,none,True,False,False,False,False
03052000,"MIDDLE FORK RIVER AT AUDRA, WV",74039725,none,True,False,False,False,False
03052500,"SAND RUN NEAR BUCKHANNON, WV",74042272,none,False,False,False,False,False
03053500,"BUCKHANNON RIVER AT HALL, WV",74038894,none,True,False,False,False,False
03054500,"TYGART VALLEY RIVER AT PHILIPPI, WV",74037753,none,True,False,False,False,False
03056250,"THREE FORK CREEK NR GRAFTON, WV",74040153,none,True,False,False,False,False
03061000,"WEST FORK RIVER AT ENTERPRISE, WV",74038630,none,True,True,False,True,False
03061500,"BUFFALO CREEK AT BARRACKVILLE, WV",74039685,none,True,False,False,False,False
03066000,"BLACKWATER R AT DAVIS, WV",74039806,none,True,False,False,False,False
03069500,"CHEAT RIVER NEAR PARSONS, WV",74037748,none,True,False,False,False,False
03070500,"BIG SANDY CREEK AT ROCKVILLE, WV",74039710,none,True,False,False,False,False
03075500,"YOUGHIOGHENY RIVER NEAR OAKLAND, MD",74039976,none,True,False,False,False,False
03180500,"GREENBRIER RIVER AT DURBIN, WV",74046330,none,True,False,False,False,False
01626000,"SOUTH RIVER NEAR WAYNESBORO, VA",73006707,none,True,False,False,False,False
02011400,"JACKSON RIVER NEAR BACOVA, VA",73006835,none,True,False,False,False,False
02011460,"BACK CREEK NEAR SUNRISE, VA",73007045,none,True,True,True,False,False
02011470,"BACK CREEK AT SUNRISE, VA",73007045,none,True,True,False,True,False
02011490,"LITTLE BACK CREEK NEAR SUNRISE, VA",73007228,none,False,False,False,False,False
02011500,"BACK CREEK NEAR MOUNTAIN GROVE, VA",73006868,none,True,True,False,True,False
02011800,"JACKSON RIVER BL GATHRIGHT DAM NR HOT SPGS, VA",73007996,below,True,True,True,True,False
02013000,"DUNLAP CREEK NEAR COVINGTON, VA",73008234,none,True,False,False,False,False
02013100,"JACKSON RIVER BL DUNLAP CREEK AT COVINGTON, VA",73007966,none,True,True,True,True,False
02014000,"POTTS CREEK NEAR COVINGTON, VA",73008178,none,True,False,False,False,False
02015700,"BULLPASTURE RIVER AT WILLIAMSVILLE, VA",73007072,none,True,False,False,False,False
02016000,"COWPASTURE RIVER NEAR CLIFTON FORGE, VA",73007866,none,True,False,False,False,False
02016500,"JAMES RIVER AT LICK RUN, VA",73007865,none,True,True,False,True,False
02017500,"JOHNS CREEK AT NEW CASTLE, VA",73008391,none,True,False,False,False,False
02018000,"CRAIG CREEK AT PARR, VA",73008176,none,True,False,False,False,False
02018500,"CATAWBA CREEK NEAR CATAWBA, VA",73008842,none,False,False,False,False,False
02019500,"JAMES RIVER AT BUCHANAN, VA",73007860,none,True,True,False,True,False
02021500,"MAURY RIVER AT ROCKBRIDGE BATHS, VA",73007910,none,True,False,False,False,False
02022500,"KERRS CREEK NEAR LEXINGTON, VA",73009041,none,False,False,False,False,False
02024000,"MAURY RIVER NEAR BUENA VISTA, VA",73007894,none,True,False,False,False,False
02025500,"JAMES RIVER AT HOLCOMB ROCK, VA",73007852,none,True,True,False,True,False
02027000,"TYE RIVER NEAR LOVINGSTON, VA",73008290,none,True,False,False,False,False
02027500,"PINEY RIVER AT PINEY RIVER, VA",73009008,none,False,False,False,False,False
02053800,"S F ROANOKE RIVER NEAR SHAWSVILLE, VA",73008331,none,True,False,False,False,False
02054500,"ROANOKE RIVER AT LAFAYETTE, VA",73008222,none,True,True,False,False,False
02055100,"TINKER CREEK NEAR DALEVILLE, VA",73008867,none,False,False,False,False,False
02056000,"ROANOKE RIVER AT NIAGARA, VA",73008141,none,True,True,False,False,False
02056650,"BACK CREEK NEAR DUNDEE, VA",73008769,none,False,False,False,False,False
02056900,"BLACKWATER RIVER NEAR ROCKY MOUNT, VA",73008239,none,True,False,False,False,False
02058400,"PIGG RIVER NEAR SANDY LEVEL, VA",73008126,none,True,False,False,False,False
02059500,"GOOSE CREEK NEAR HUDDLESTON, VA",73008213,none,True,False,False,False,False
02060500,"ROANOKE RIVER AT ALTAVISTA, VA",73008081,none,True,True,True,True,False
02061500,"BIG OTTER RIVER NEAR EVINGTON, VA",73008201,none,True,False,False,False,False
03170000,"LITTLE RIVER AT GRAYSONTOWN, VA",74045416,none,True,False,False,False,False
03171000,"NEW RIVER AT RADFORD, VA",74045407,none,True,True,False,True,True
03173000,"WALKER CREEK AT BANE, VA",74046980,none,True,False,False,False,False
03182500,"GREENBRIER RIVER AT BUCKEYE, WV",74052399,none,False,False,False,False,False
03183500,"GREENBRIER RIVER AT ALDERSON, WV",74045986,none,True,False,False,False,False
03186500,"WILLIAMS RIVER AT DYER, WV",74047864,none,True,False,False,False,False
03187500,"CRANBERRY RIVER NEAR RICHWOOD, WV",74049036,none,True,False,False,False,False
02069700,"SOUTH MAYO RIVER NEAR NETTLERIDGE, VA",73008283,none,True,False,False,False,False
02070000,"NORTH MAYO RIVER NEAR SPENCER, VA",73008269,none,True,False,False,False,False
02071000,"DAN RIVER NEAR WENTWORTH, NC",73009212,none,True,False,False,False,False
02072000,"SMITH RIVER NEAR PHILPOTT, VA",73008205,none,True,True,True,True,True
02072500,"SMITH RIVER AT BASSETT, VA",73008181,none,True,True,True,True,False
02073000,"SMITH RIVER AT MARTINSVILLE, VA",73008147,none,True,True,True,True,False
02074000,"SMITH RIVER AT EDEN, NC",73009253,none,True,True,True,True,False
02074500,"SANDY RIVER NEAR DANVILLE, VA",73008309,none,True,False,False,False,False
02093800,"REEDY FORK NEAR OAK RIDGE, NC",73010780,none,False,False,False,False,False
02094500,"REEDY FORK NEAR GIBSONVILLE, NC",73009785,none,True,True,True,True,True
02096500,"HAW RIVER AT HAW RIVER, NC",73009477,none,True,True,False,False,False
02100500,"DEEP RIVER AT RAMSEUR, NC",73009519,none,True,True,False,False,False
02112250,"YADKIN RIVER AT ELKIN, NC",73009402,none,True,True,False,True,False
02112360,"MITCHELL RIVER NEAR STATE ROAD, NC",73009739,none,True,False,False,False,False
02113850,"ARARAT RIVER AT ARARAT, NC",73009233,none,True,False,False,False,False
02114450,"LITTLE YADKIN RIVER AT DALTON, NC",73009973,none,True,False,False,False,False
02115360,"YADKIN RIVER AT ENON, NC",73009211,none,True,True,False,True,False
02118000,"SOUTH YADKIN RIVER NEAR MOCKSVILLE, NC",73009502,none,True,False,False,False,False
02118500,"HUNTING CREEK NEAR HARMONY, NC",73009604,none,True,False,False,False,False
02120780,"SECOND CREEK NEAR BARBER, NC",73009730,none,True,False,False,False,False
02121500,"ABBOTTS CREEK AT LEXINGTON, NC",73009646,none,True,True,False,False,False
03168000,"NEW RIVER AT ALLISONIA, VA",74054398,none,True,False,False,False,False
02125000,"BIG BEAR CR NR RICHFIELD, NC",73009897,none,True,False,False,False,False
02126000,"ROCKY RIVER NEAR NORWOOD, NC",73009132,none,False,False,False,False,False
02128000,"LITTLE RIVER NEAR STAR, NC",73009620,none,True,False,False,False,False
02129000,"PEE DEE R NR ROCKINGHAM, NC",73011170,none,True,True,False,True,True
02130900,"BLACK CREEK NEAR MCBEE, S. C.",73011945,none,True,False,False,False,False
02130910,"BLACK CREEK NEAR HARTSVILLE, SC",73011822,none,True,True,False,False,False
02142900,"LONG CREEK NEAR PAW CREEK, NC",73010246,none,False,False,False,False,False
02146507,"LITTLE SUGAR C AT ARCHDALE DR AT CHARLOTTE, NC",73009903,none,True,False,False,False,False
02146600,"MCALPINE CR AT SARDIS ROAD NEAR CHARLOTTE, NC",73010017,none,True,False,False,False,False
02146700,"MCMULLEN CR AT SHARON VIEW RD NEAR CHARLOTTE, NC",73010089,none,False,False,False,False,False
02146750,"MCALPINE CR BELOW MCMULLEN CR NR PINEVILLE, NC",73009749,none,True,False,False,False,False
02147500,"ROCKY CREEK AT GREAT FALLS, SC",73011965,none,True,False,False,False,False
02136000,"BLACK RIVER AT KINGSTREE, SC",73011566,none,True,False,False,False,False
02161000,"BROAD RIVER AT ALSTON, SC",73011032,none,True,True,False,False,False
02168504,"SALUDA RIVER BELOW LK MURRAY DAM NR COLUMBIA, SC",73011078,below,True,True,True,True,False
02169000,"SALUDA RIVER NEAR COLUMBIA, SC",73011073,none,True,True,True,True,False
02169500,"CONGAREE RIVER AT COLUMBIA, SC",73011026,none,True,True,True,True,False
02169570,"GILLS CREEK AT COLUMBIA, SC",73012508,none,True,False,False,False,False
02173000,"SOUTH FORK EDISTO RIVER NEAR DENMARK, S.C.",73014652,none,True,False,False,False,False
02173500,"NORTH FORK EDISTO RIVER AT ORANGEBURG, SC",73014600,none,True,False,False,False,False
02175000,"EDISTO RIVER NR GIVHANS, SC",73014501,none,True,False,False,False,False
02175500,"SALKEHATCHIE RIVER NEAR MILEY, SC",73015029,none,True,False,False,False,False
02176500,"COOSAWHATCHIE RIVER NEAR HAMPTON, SC",73015393,none,True,False,False,False,False
02202500,"OGEECHEE RIVER NEAR EDEN, GA",73014680,none,True,False,False,False,False
02202600,"BLACK CREEK NEAR BLITCHTON, GA",73015227,none,False,False,False,False,False
02228000,"SATILLA RIVER AT ATKINSON, GA",73017959,none,True,False,False,False,False
02240000,"OCKLAWAHA RIVER NR CONNER, FL.",73020423,none,False,False,False,False,False
02240500,"OCKLAWAHA RIVER AT EUREKA,FLA.",73020419,none,False,False,False,False,False
02243000,"ORANGE CREEK AT ORANGE SPRINGS, FLA.",73021031,none,False,False,False,False,False
02243960,"OCKLAWAHA R AT RODMAN DAM NR ORANGE SPRINGS, FL.",73020414,at dam / outlet,False,False,False,False,False
02245500,"SOUTH FORK BLACK CREEK NR PENNEY FARMS, FLA.",73020736,none,True,False,False,False,False
02246000,"NORTH FORK BLACK CREEK NR MIDDLEBURG, FLA.",73020695,none,True,False,False,False,False
02247510,"TOMOKA RIVER NR HOLLY HILL, FLA.",73020948,none,False,False,False,False,False
02248000,"SPRUCE CREEK NR SAMSULA, FLA.",73020916,none,False,False,False,False,False
02231600,"JANE GREEN CREEK NEAR DEER PARK, FLA.",73021683,none,True,False,False,False,False
02232200,"WOLF CREEK NEAR DEER PARK, FLA.",73022047,none,False,False,False,False,False
02233200,"LITTLE ECONLOCKHATCHEE R NR UNION PARK, FLA.",73021840,none,True,False,False,False,False
02233500,"ECONLOCKHATCHEE RIVER NR. CHULUOTA, FLA.",73021658,none,True,False,False,False,False
02234324,"HOWELL CREEK NR SLAVIA, FLA.",73022151,none,False,False,False,False,False
02234384,"SOLDIER CREEK NR LONGWOOD, FLA.",73022182,none,False,False,False,False,False
02234400,"GEE CREEK NR LONGWOOD, FLA.",73022170,none,False,False,False,False,False
02234990,"LITTLE WEKIVA RIVER NR ALTAMONTE SPRINGS, FL",73021760,none,True,False,False,False,False
02235000,"WEKIVA RIVER NR SANFORD, FLA.",73021681,none,True,False,False,False,False
02235200,"BLACKWATER CREEK NEAR CASSIA, FL",73022209,none,False,False,False,False,False
02236500,"BIG CREEK NEAR CLERMONT, FL",73022110,none,False,False,False,False,False
02237293,"PALATLAKAHA R AT STRUCT M-1, NR OKAHUMPKA, FLA.",73021626,none,False,False,False,False,False
02238000,"HAINES CREEK AT LISBON, FLA.",73021604,none,False,False,False,False,False
02262900,"BOGGY CREEK NR TAFT, FLA.",73021738,none,True,False,False,False,False
02263800,"SHINGLE CREEK AT AIRPORT NR KISSIMMEE, FLA.",73021682,none,True,False,False,False,False
02263869,"SOUTH LAKE OUTLET AB S-15, NR VINELAND, FLA.",73022119,at dam / outlet,False,False,False,False,False
02264100,"BONNET CREEK NR VINELAND, FLA.",73022119,none,False,False,False,False,False
02266205,"WHITTENHORSE CREEK AT S-411 NR VINELAND,FL",73022073,none,False,False,False,False,False
02266300,"REEDY CREEK NR VINELAND, FLA.",73021733,none,True,False,False,False,False
02266480,"DAVENPORT CREEK NR LOUGHMAN, FLA.",73022046,none,False,False,False,False,False
02266500,"REEDY CREEK NR LOUGHMAN, FLA.",73022050,none,False,False,False,False,False
02267000,"CATFISH CREEK NR LAKE WALES, FLA.",73021780,other mention,True,False,False,False,False
02294491,SADDLE CREEK AT STRUCTURE P-11 NEAR BARTOW FL,73021698,none,True,True,True,True,False
02294650,PEACE RIVER AT BARTOW FL,73021629,none,True,True,True,False,False
02294898,PEACE RIVER AT FORT MEADE FL,73021624,none,True,True,True,False,False
02300700,BULLFROG CREEK NEAR WIMAUMA FL,73021915,none,False,False,False,False,False
02301300,SOUTH PRONG ALAFIA RIVER NEAR LITHIA FL,73021723,none,True,True,False,False,False
02301500,ALAFIA RIVER AT LITHIA FL,73021654,none,True,True,False,False,False
02301750,DELANEY CREEK NEAR TAMPA FL,73021959,none,False,False,False,False,False
02301900,"FOX BRANCH NEAR SOCRUM, FL",73022036,none,False,False,False,False,False
02301990,HILLSBOROUGH R AB CRYSTAL SPR NEAR ZEPHYRHILLS FL,73021728,none,True,False,False,False,False
02302500,BLACKWATER CREEK NEAR KNIGHTS FL,73021819,none,True,False,False,False,False
02303330,HILLSBOROUGH R AT MORRIS BR NEAR THONOTOSASSA FL,73021653,none,True,False,False,True,False
02303350,TROUT CREEK NEAR SULPHUR SPRINGS FL,73022012,none,False,False,False,False,False
02303800,CYPRESS CREEK NEAR SULPHUR SPRINGS FL,73021657,none,True,False,False,False,False
02304500,HILLSBOROUGH RIVER NEAR TAMPA FL,73021995,none,False,False,False,False,False
02310947,"WITHLACOOCHEE RIVER NEAR CUMPRESSCO, FLA.",73021599,none,False,False,False,False,False
02311500,"WITHLACOOCHEE RIVER NR DADE CITY, FLA.",73021593,none,False,False,False,False,False
02312000,"WITHLACOOCHEE RIVER AT TRILBY, FLA.",73021581,none,False,False,False,False,False
02312200,"LITTLE WITHLACOOCHEE RIVER AT RERDELL, FLA.",73021684,none,False,False,False,False,False
02312500,"WITHLACOOCHEE RIVER AT CROOM, FLA.",73021569,none,False,False,False,False,False
02312600,"WITHLACOOCHEE RIVER NR FLORAL CITY, FLA.",73021566,none,False,False,False,False,False
02312720,"WITHLACOOCHEE R AT WYSONG DAM AT CARLSON, FLA.",73021540,at dam / outlet,True,True,False,False,False
02256500,"FISHEATING CREEK AT PALMDALE, FLA.",73022364,none,False,False,False,False,False
02270500,"ARBUCKLE CREEK NR DE SOTO CITY, FLA.",73022310,none,True,False,False,False,False
02271500,JOSEPHINE CREEK NEAR DE SOTO CITY FL,73022488,none,False,False,False,False,False
02291500,"IMPERIAL RIVER NEAR BONITA SPRINGS, FL",73022393,none,False,False,False,False,False
02291580,"NORTH BRANCH ESTERO RIVER AT ESTERO, FL",73022729,none,False,False,False,False,False
02295420,PAYNE CREEK NEAR BOWLING GREEN FL,73021665,none,False,False,False,False,False
02295637,PEACE RIVER AT ZOLFO SPRINGS FL,73022317,none,True,True,False,False,False
02296500,CHARLIE CREEK NEAR GARDNER FL,73022246,none,False,False,False,False,False
02296750,PEACE RIVER AT ARCADIA FL,73022243,none,True,True,False,False,False
02297100,JOSHUA CREEK AT NOCATEE FL,73022472,none,True,False,False,False,False
02297155,HORSE CREEK NEAR MYAKKA HEAD FL,73022321,none,False,False,False,False,False
02298123,PRAIRIE CREEK NEAR FORT OGDEN FL,73022398,none,False,False,False,False,False
02298608,MYAKKA RIVER AT MYAKKA CITY FL,73022521,none,True,False,False,False,False
02298830,MYAKKA RIVER NEAR SARASOTA FL,73022434,none,True,False,False,False,False
02299950,MANATEE RIVER NEAR MYAKKA HEAD FL,73022312,none,True,False,False,False,False
02300100,LITTLE MANATEE RIVER NEAR FT. LONESOME FL,73021892,none,False,False,False,False,False
02300500,LITTLE MANATEE RIVER NEAR WIMAUMA FL,73021703,none,True,True,False,False,False
04263000,OSWEGATCHIE RIVER NEAR HEUVELTON NY,72051498,none,True,True,False,False,False
04249000,"OSWEGO RIVER AT LOCK 7, OSWEGO NY",72055079,none,False,False,False,False,False
04260500,BLACK RIVER AT WATERTOWN NY,72051122,none,False,False,False,False,False
04262500,WEST BRANCH OSWEGATCHIE R NR HARRISVILLE NY,72051767,none,True,False,False,False,False
01509000,TIOUGHNIOGA RIVER AT CORTLAND NY,73001957,none,True,False,False,False,False
01510000,OTSELIC RIVER AT CINCINNATUS NY,73002001,none,True,False,False,False,False
01521500,CANISTEO RIVER AT ARKPORT NY,73004982,none,False,False,False,False,False
01523500,CANACADEA CREEK NEAR HORNELL NY,73003908,none,True,False,False,True,False
01524500,CANISTEO R BELOW CANACADEA CR @ HORNELL NY,73003605,none,True,False,False,True,False
01526500,TIOGA RIVER NEAR ERWINS NY,73003354,none,True,True,False,True,False
01529500,COHOCTON RIVER NEAR CAMPBELL NY,73003191,none,False,False,False,False,False
01529950,CHEMUNG RIVER AT CORNING NY,73003171,none,False,False,False,False,False
01531000,CHEMUNG RIVER AT CHEMUNG NY,73003145,none,True,True,False,False,False
04229500,HONEOYE CREEK AT HONEOYE FALLS NY,72055824,none,True,True,False,False,False
04232050,ALLEN CREEK NEAR ROCHESTER NY,72056947,none,False,False,False,False,False
04232482,KEUKA LAKE OUTLET AT DRESDEN NY,72055238,at dam / outlet,True,True,True,True,True
04233000,CAYUGA INLET NEAR ITHACA NY,72058582,none,True,False,False,False,False
04234000,FALL CREEK NEAR ITHACA NY,72057916,none,True,False,False,False,False
04237500,SENECA RIVER AT BALDWINSVILLE NY,72055094,none,False,False,False,False,False
04239000,"ONONDAGA CR AT DORWIN AVE., SYRACUSE NY",72056123,none,True,False,False,True,False
04240010,"ONONDAGA CR AT SPENCER ST., SYRACUSE NY",72056123,none,True,False,False,False,False
04240120,"LEY CREEK AT PARK STREET, SYRACUSE NY",72056964,none,False,False,False,False,False
04240180,NINEMILE CREEK NEAR MARIETTA NY,72056197,none,True,True,True,True,True
04240300,NINEMILE CREEK AT LAKELAND NY,72055771,none,True,True,False,True,False
01516350,"Tioga River near Mansfield, PA",73003538,none,True,False,False,False,False
01516500,"Corey Creek near Mainesburg, PA",73004544,none,False,False,False,False,False
01518000,"Tioga River at Tioga, PA",73003466,none,True,True,False,True,False
01518700,"Tioga River at Tioga Junction, PA",73003439,none,True,True,True,True,False
01518862,"Cowanesque River at Westfield, PA",73003691,none,True,False,False,False,False
01520000,"Cowanesque River near Lawrenceville, PA",73003440,none,True,False,False,True,False
01531500,"Susquehanna River at Towanda, PA",73003104,none,False,False,False,False,False
01532000,"Towanda Creek near Monroeton, PA",73003481,none,True,False,False,False,False
01539000,"Fishing Creek near Bloomsburg, PA",73003470,none,True,False,False,False,False
01540500,"Susquehanna River at Danville, PA",73005126,none,False,False,False,False,False
01544500,"Kettle Creek at Cross Fork, PA",73003580,none,True,False,False,False,False
01545000,"Kettle Creek near Westport, PA",73003473,none,True,False,False,True,False
01545500,"West Branch Susquehanna River at Renovo, PA",73003051,none,True,True,False,True,False
01545600,"Young Womans Creek near Renovo, PA",73003988,none,True,False,False,False,False
01546400,"Spring Creek at Houserville, PA",73005720,none,True,False,False,False,False
01546500,"Spring Creek near Axemann, PA",73005663,none,True,False,False,False,False
01547100,"Spring Creek at Milesburg, PA",73005529,none,True,False,False,False,False
01547200,"Bald Eagle Creek bl Spring Creek at Milesburg, PA",73005469,none,True,False,False,False,False
01547500,"Bald Eagle Creek at Blanchard, PA",73003252,none,True,True,True,True,True
01547700,"Marsh Creek at Blanchard, PA",73003910,none,True,False,False,False,False
01547950,"Beech Creek at Monument, PA",73003520,none,True,False,False,False,False
01548500,"Pine Creek at Cedar Run, PA",73003377,none,True,False,False,False,False
01549500,"Blockhouse Creek near English Center, PA",73004337,none,False,False,False,False,False
01549700,"Pine Creek bl L Pine Creek near Waterville, PA",73003336,none,True,False,False,False,False
01550000,"Lycoming Creek near Trout Run, PA",73003587,none,True,False,False,False,False
01551500,"WB Susquehanna River at Williamsport, PA",73003034,none,True,True,False,True,False
01552000,"Loyalsock Creek at Loyalsockville, PA",73003371,none,True,False,False,False,False
01552500,"Muncy Creek near Sonestown, PA",73004221,none,False,False,False,False,False
01553500,"West Branch Susquehanna River at Lewisburg, PA",73005193,none,True,True,False,True,False
01555000,"Penns Creek at Penns Creek, PA",73005372,none,True,False,False,False,False
01555500,"East Mahantango Creek near Dalmatia, PA",73005419,none,True,False,False,False,False
01556000,"Frankstown Br Juniata River at Williamsburg, PA",73005428,none,True,False,False,False,False
01558000,"Little Juniata River at Spruce Creek, PA",73005473,none,True,False,False,False,False
01559000,"Juniata River at Huntingdon, PA",73005343,none,True,False,False,False,False
01562000,"Raystown Branch Juniata River at Saxton, PA",73005315,none,True,False,False,False,False
01563200,"Rays Br Juniata R bl Rays Dam nr Huntingdon, PA",73005301,below,True,True,True,True,True
01563500,"Juniata River at Mapleton Depot, PA",73005292,none,True,True,False,True,False
01564500,"Aughwick Creek near Three Springs, PA",73005494,none,True,False,False,False,False
01567000,"Juniata River at Newport, PA",73005278,none,True,True,False,True,False
01567500,"Bixler Run near Loysville, PA",73006263,none,False,False,False,False,False
01568000,"Sherman Creek at Shermans Dale, PA",73005424,none,True,False,False,False,False
01570000,"Conodoguinet Creek near Hogestown, PA",73005309,none,True,False,False,False,False
01571500,"Yellow Breeches Creek near Camp Hill, PA",73005350,none,True,False,False,False,False
01573000,"Swatara Creek at Harper Tavern, PA",73005388,none,True,False,False,False,False
01573560,"Swatara Creek near Hershey, PA",73005349,none,True,False,False,False,False
01574000,"West Conewago Creek near Manchester, PA",73005317,none,True,False,False,False,False
01574500,"Codorus Creek at Spring Grove, PA",73005671,none,True,True,True,True,False
01585500,"CRANBERRY BRANCH NEAR WESTMINSTER, MD",73005853,none,False,False,False,False,False
01586000,"NORTH BRANCH PATAPSCO RIVER AT CEDARHURST, MD",73006717,none,True,False,False,False,False
01586210,"BEAVER RUN NEAR FINKSBURG, MD",73006721,none,False,False,False,False,False
01586610,"MORGAN RUN NEAR LOUISVILLE, MD",73007809,none,False,False,False,False,False
01610000,"POTOMAC RIVER AT PAW PAW, WV",73005081,none,True,True,False,False,False
01613000,"POTOMAC RIVER AT HANCOCK, MD",73005077,none,True,True,False,False,False
01613050,"Tonoloway Creek near Needmore, PA",73006019,none,False,False,False,False,False
01614500,"CONOCOCHEAGUE CREEK AT FAIRVIEW, MD",73005344,none,True,False,False,False,False
01616500,"OPEQUON CREEK NEAR MARTINSBURG, WV",73006807,none,True,False,False,False,False
01617800,"MARSH RUN AT GRIMES, MD",73005838,none,False,False,False,False,False
01619500,"ANTIETAM CREEK NEAR SHARPSBURG, MD",73006708,none,True,False,False,False,False
01637500,"CATOCTIN CREEK NEAR MIDDLETOWN, MD",73006648,none,True,False,False,False,False
01639000,"MONOCACY RIVER AT BRIDGEPORT, MD",73005485,none,True,False,False,False,False
01639500,"BIG PIPE CREEK AT BRUCEVILLE, MD",73005546,none,True,False,False,False,False
01643000,"MONOCACY RIVER AT JUG BRIDGE NEAR FREDERICK, MD",73006691,none,True,False,False,False,False
01591000,"PATUXENT RIVER NEAR UNITY, MD",73007727,none,False,False,False,False,False
01591400,"CATTAIL CREEK NEAR GLENWOOD, MD",73007733,none,False,False,False,False,False
01591610,"PATUXENT RIVER BELOW BRIGHTON DAM NEAR BRIGHTON,MD",73007024,below,True,True,False,True,False
01591700,"HAWLINGS RIVER NEAR SANDY SPRING, MD",73007689,none,False,False,False,False,False
01592500,"PATUXENT RIV NEAR LAUREL, MD",73006954,none,True,True,True,True,True
01593500,"LITTLE PATUXENT RIVER AT GUILFORD, MD",73007713,none,False,False,False,False,False
01594000,"LITTLE PATUXENT RIVER AT SAVAGE, MD",73006925,none,True,False,False,False,False
01628500,"S F SHENANDOAH RIVER NEAR LYNNWOOD, VA",73006679,none,True,False,False,False,False
01629500,"S F SHENANDOAH RIVER NEAR LURAY, VA",73006669,none,True,False,False,False,False
01631000,"S F SHENANDOAH RIVER AT FRONT ROYAL, VA",73006664,none,True,False,False,False,False
01632900,"SMITH CREEK NEAR NEW MARKET, VA",73007002,none,True,False,False,False,False
01633000,"N F SHENANDOAH RIVER AT MOUNT JACKSON, VA",73006792,none,True,False,False,False,False
01634000,"N F SHENANDOAH RIVER NEAR STRASBURG, VA",73006736,none,True,False,False,False,False
01634500,"CEDAR CREEK NEAR WINCHESTER, VA",73006923,none,True,False,False,False,False
01635500,"PASSAGE CREEK NEAR BUCKTON, VA",73007484,none,False,False,False,False,False
01636500,"SHENANDOAH RIVER AT MILLVILLE, WV",73006656,none,True,False,False,False,False
01638480,"CATOCTIN CREEK AT TAYLORSTOWN, VA",73006989,none,True,False,False,False,False
01638500,"POTOMAC RIVER AT POINT OF ROCKS, MD",73006629,none,True,True,False,False,False
01643500,"BENNETT CREEK AT PARK MILLS, MD",73007041,none,True,False,False,False,False
01644000,"GOOSE CREEK NEAR LEESBURG, VA",73006818,none,True,False,False,False,False
01645000,"SENECA CREEK AT DAWSONVILLE, MD",73006937,none,True,True,False,False,False
01646000,"DIFFICULT RUN NEAR GREAT FALLS, VA",73007551,none,False,False,False,False,False
01646500,"POTOMAC RIVER NEAR WASH, DC LITTLE FALLS PUMP STA",73006616,none,True,True,False,False,False
01646502,"POTOMAC RIVER (ADJUSTED) NEAR WASH, DC",73006616,none,True,True,False,False,False
01648000,"ROCK CREEK AT SHERRILL DRIVE WASHINGTON, DC",73007142,none,True,False,False,True,False
01649500,"NORTH EAST BRANCH ANACOSTIA RIVER AT RIVERDALE, MD",73007044,none,True,False,False,False,False
01651000,"NW BRANCH ANACOSTIA RIVER NEAR HYATTSVILLE, MD",73006966,none,True,False,False,False,False
01653000,"CAMERON RUN AT ALEXANDRIA, VA",73007105,none,True,False,False,False,False
01654000,"ACCOTINK CREEK NEAR ANNANDALE, VA",73007536,none,False,False,False,False,False
01656000,"CEDAR RUN NEAR CATLETT, VA",73006942,none,True,False,False,True,False
01658500,"S F QUANTICO CREEK NEAR INDEPENDENT HILL, VA",73007417,none,False,False,False,False,False
01664000,"RAPPAHANNOCK RIVER AT REMINGTON, VA",73006802,none,True,False,False,False,False
01666500,"ROBINSON RIVER NEAR LOCUST DALE, VA",73006869,none,True,False,False,False,False
01667500,"RAPIDAN RIVER NEAR CULPEPER, VA",73006805,none,True,False,False,False,False
01668000,"RAPPAHANNOCK RIVER NEAR FREDERICKSBURG, VA",73006743,none,True,True,False,False,False
01673800,"PO RIVER NEAR SPOTSYLVANIA, VA",73006976,none,True,False,False,False,False
01674000,"MATTAPONI RIVER NEAR BOWLING GREEN, VA",73006826,none,True,True,False,True,False
01671020,"NORTH ANNA RIVER AT HART CORNER NEAR DOSWELL, VA",73008037,none,True,True,True,True,False
01673000,"PAMUNKEY RIVER NEAR HANOVER, VA",73007885,none,True,True,False,True,False
01673550,"TOTOPOTOMOY CREEK NEAR STUDLEY, VA",73008962,none,False,False,False,False,False
01674500,"MATTAPONI RIVER NEAR BEULAHVILLE, VA",73007906,none,True,True,False,False,False
02026000,"JAMES RIVER AT BENT CREEK, VA",73007841,none,True,True,False,True,False
02028500,"ROCKFISH RIVER NEAR GREENFIELD, VA",73008381,none,True,False,False,False,False
02029000,"JAMES RIVER AT SCOTTSVILLE, VA",73007833,none,True,True,False,False,False
02031000,"MECHUMS RIVER NEAR WHITE HALL, VA",73006982,none,True,False,False,False,False
02034000,"RIVANNA RIVER AT PALMYRA, VA",73007871,none,True,True,False,True,False
02035000,"JAMES RIVER AT CARTERSVILLE, VA",73007826,none,True,True,False,False,False
02036500,"FINE CREEK AT FINE CREEK MILLS, VA",73008938,none,False,False,False,False,False
02037500,"JAMES RIVER NEAR RICHMOND, VA",73007817,none,True,True,False,False,False
02038850,"HOLIDAY CREEK NEAR ANDERSONVILLE, VA",73008854,none,False,False,False,False,False
02039000,"BUFFALO CREEK NEAR HAMPDEN SYDNEY, VA",73008332,none,True,False,False,True,False
02039500,"APPOMATTOX RIVER AT FARMVILLE, VA",73008173,none,True,False,False,False,False
02040000,"APPOMATTOX RIVER AT MATTOAX, VA",73008100,none,True,False,False,False,False
02041000,"DEEP CREEK NEAR MANNBORO, VA",73008284,none,True,False,False,False,False
02041650,"APPOMATTOX RIVER AT MATOACA, VA",73008074,none,True,True,False,True,False
02044500,"NOTTOWAY RIVER NEAR RAWLINGS, VA",73008183,none,True,False,False,False,False
02045500,"NOTTOWAY RIVER NEAR STONY CREEK, VA",73008114,none,True,False,False,False,False
02046000,"STONY CREEK NEAR DINWIDDIE, VA",73008265,none,True,False,False,False,False
02051000,"NORTH MEHERRIN RIVER NEAR LUNENBURG, VA",73008396,none,True,False,False,False,False
02051500,"MEHERRIN RIVER NEAR LAWRENCEVILLE, VA",73008131,none,True,False,False,False,False
02052000,"MEHERRIN RIVER AT EMPORIA, VA",73008106,none,True,False,False,False,False
02062500,"ROANOKE (STAUNTON) RIVER AT BROOKNEAL, VA",73008065,none,True,True,True,True,False
02064000,"FALLING RIVER NEAR NARUNA, VA",73008271,none,True,False,False,False,False
02065500,"CUB CREEK AT PHENIX, VA",73008382,none,True,False,False,False,False
02066000,"ROANOKE (STAUNTON) RIVER AT RANDOLPH, VA",73008054,none,True,True,True,True,False
02075500,"DAN RIVER AT PACES, VA",73007942,none,True,True,False,True,False
02077000,"BANISTER RIVER AT HALIFAX, VA",73008125,none,True,False,False,False,False
02077200,"HYCO CREEK NEAR LEASBURG, NC",73009992,none,True,False,False,False,False
02077303,"HYCO R BL ABAY D NR MCGEHEES MILL, NC",73008005,none,True,False,False,True,False
02077500,"HYCO RIVER NEAR DENNISTON, VA",73007981,none,True,False,False,True,False
02077670,"MAYO CR NR BETHEL HILL, NC",73008019,none,True,False,False,True,False
02081500,"TAR RIVER NEAR TAR RIVER, NC",73009612,none,True,False,False,False,False
02081747,"TAR R AT US 401 AT LOUISBURG, NC",73009485,none,True,False,False,False,False
02082506,"TAR R BL TAR R RESERVOIR NR ROCKY MOUNT, NC",73009358,below,True,False,False,False,False
02082950,"LITTLE FISHING CREEK NEAR WHITE OAK, NC",73009636,none,True,False,False,False,False
02085000,"ENO RIVER AT HILLSBOROUGH, NC",73009886,none,True,False,False,False,False
02085070,"ENO RIVER NEAR DURHAM, NC",73009886,none,True,False,False,False,False
02085500,"FLAT RIVER AT BAHAMA, NC",73009720,none,True,False,False,False,False
02087183,"NEUSE RIVER NEAR FALLS, NC",73009439,none,True,True,True,True,True
02087500,"NEUSE RIVER NEAR CLAYTON, NC",73009364,none,True,True,True,True,False
02088000,"MIDDLE CREEK NEAR CLAYTON, NC",73009684,none,False,False,False,False,False
02088500,"LITTLE RIVER NEAR PRINCETON, NC",73009524,none,True,False,False,False,False
02089000,"NEUSE RIVER NEAR GOLDSBORO, NC",73009315,none,True,True,True,True,False
02096846,"CANE CREEK NEAR ORANGE GROVE, NC",73010692,none,False,False,False,False,False
02096960,"HAW RIVER NEAR BYNUM, NC",73009382,none,True,True,False,False,False
02097314,"NEW HOPE CREEK NEAR BLANDS, NC",73009701,none,True,False,False,False,False
02097464,"MORGAN CREEK NEAR WHITE CROSS, NC",73010642,none,False,False,False,False,False
02097517,"MORGAN CREEK NEAR CHAPEL HILL, NC",73010018,none,True,False,False,True,False
02102000,"DEEP RIVER AT MONCURE, NC",73009347,none,True,True,False,False,False
02102192,"BUCKHORN CREEK NR CORINTH, NC",73009813,none,True,False,False,True,False
02102500,"CAPE FEAR RIVER AT LILLINGTON, NC",73009325,none,True,True,True,True,False
02102908,"FLAT CREEK NEAR INVERNESS, NC",73009628,none,False,False,False,False,False
02104220,"ROCKFISH CREEK AT RAEFORD, NC",73011451,none,True,False,False,False,False
02105500,"CAPE FEAR R AT WILM O HUSKE LOCK NR TARHEEL, NC",73011203,none,False,False,False,False,False
02105769,"CAPE FEAR R AT LOCK #1 NR KELLY, NC",73011192,none,True,True,False,True,False
02106500,"BLACK RIVER NEAR TOMAHAWK, NC",73011346,none,False,False,False,False,False
02109500,"WACCAMAW RIVER AT FREELAND, NC",73011706,none,True,False,False,False,False
02133500,"DROWNING CREEK NEAR HOFFMAN, NC",73009615,none,True,True,False,False,False
02133624,"LUMBER RIVER NEAR MAXTON, NC",73011405,none,True,True,False,False,False
02134480,"BIG SWAMP NR TARHEEL, NC",73011908,none,True,False,False,False,False
02134500,"LUMBER RIVER AT BOARDMAN, NC",73011300,none,True,True,False,False,False
02110500,"WACCAMAW RIVER NEAR LONGS, SC",73011586,none,True,False,False,False,False
02135000,"LITTLE PEE DEE R. AT GALIVANTS FERRY, S.C.",73011257,none,True,True,False,False,False
02231342,"FT DRUM CREEK AT SUNSHINE ST PKY NEAR FT DRUM, FL",73021833,none,True,False,False,False,False
04270000,SALMON RIVER AT CHASM FALLS NY,72052280,none,True,False,False,False,False
04273500,SARANAC RIVER AT PLATTSBURGH NY,72051563,none,True,True,False,False,False
01315000,INDIAN RIVER NEAR INDIAN LAKE NY,73002031,other mention,True,True,True,True,False
01315500,HUDSON RIVER AT NORTH CREEK NY,73001774,none,True,True,False,True,False
01318500,HUDSON RIVER AT HADLEY NY,73001752,none,True,True,False,False,False
01321000,SACANDAGA RIVER NEAR HOPE NY,73001939,none,True,False,False,False,False
01325000,SACANDAGA RIVER AT STEWARTS BRIDGE NR HADLEY NY,73001864,none,True,True,False,True,False
01336000,MOHAWK RIVER BELOW DELTA DAM NEAR ROME NY,73002079,below,True,True,False,True,False
01346000,WEST CANADA CREEK AT KAST BRIDGE NY,73001862,none,True,True,False,True,False
01347000,MOHAWK RIVER NEAR LITTLE FALLS NY,73001859,none,True,True,False,True,False
04252500,BLACK RIVER NEAR BOONVILLE NY,72055669,none,True,True,False,False,False
04256000,INDEPENDENCE RIVER AT DONNATTSBURG NY,72055352,none,True,False,False,False,False
04258000,BEAVER RIVER AT CROGHAN NY,72051652,none,True,True,False,True,False
04262000,OSWEGATCHIE RIVER NEAR OSWEGATCHIE NY,72051735,none,True,True,False,True,False
04266500,RAQUETTE RIVER AT PIERCEFIELD NY,72051591,none,True,True,False,True,True
01350000,SCHOHARIE CREEK AT PRATTSVILLE NY,73003490,none,True,False,False,False,False
01350080,MANOR KILL AT WEST CONESVILLE NEAR GILBOA NY,73003913,none,True,False,False,False,False
01350120,PLATTER KILL AT GILBOA NY,73003434,none,False,False,False,False,False
01350140,MINE KILL NEAR NORTH BLENHEIM NY,73005032,none,False,False,False,False,False
01350355,SCHOHARIE CREEK AT BREAKABEEN NY,73001724,none,True,True,False,True,True
01351500,SCHOHARIE CREEK AT BURTONSVILLE NY,73001702,none,True,True,False,True,False
01362200,ESOPUS CREEK AT ALLABEN NY,73003774,none,True,False,False,False,False
01362500,ESOPUS CREEK AT COLDBROOK NY,73003531,none,True,False,False,False,False
01365000,RONDOUT CREEK NEAR LOWES CORNERS NY,73004654,none,False,False,False,False,False
01413500,EAST BR DELAWARE R AT MARGARETVILLE NY,73003667,none,True,False,False,False,False
01414500,MILL BROOK NEAR DUNRAVEN NY,73004768,none,False,False,False,False,False
01415000,TREMPER KILL NEAR ANDES NY,73004854,none,False,False,False,False,False
01417000,EAST BRANCH DELAWARE RIVER AT DOWNSVILLE NY,73003431,none,True,True,True,True,False
01417500,EAST BR DELAWARE RIVER AT HARVARD NY,73003373,none,True,True,True,True,False
01420500,BEAVER KILL AT COOKS FALLS NY,73003496,none,True,False,False,False,False
01421000,EAST BR DELAWARE R AT FISHS EDDY NY,73003356,none,True,True,True,True,False
01423000,WEST BRANCH DELAWARE RIVER AT WALTON NY,73003395,none,True,False,False,False,False
01425000,WEST BR DELAWARE RIVER AT STILESVILLE NY,73003347,none,True,True,True,True,False
01426500,WEST BRANCH DELAWARE RIVER AT HALE EDDY NY,73003334,none,True,True,True,True,False
01427510,DELAWARE RIVER AT CALLICOON NY,73003321,none,True,True,False,True,False
01434025,BISCUIT BK ABOVE PIGEON BK AT FROST VALLEY NY,73004704,none,False,False,False,False,False
01435000,NEVERSINK RIVER NEAR CLARYVILLE NY,73003743,none,True,True,True,False,False
01436000,NEVERSINK RIVER AT NEVERSINK NY,73003743,none,True,True,True,True,False
01500000,OULEOUT CREEK AT EAST SIDNEY NY,73003625,none,True,False,False,True,False
01503000,SUSQUEHANNA RIVER AT CONKLIN NY,73003126,none,True,True,False,False,False
01512500,CHENANGO RIVER NEAR CHENANGO FORKS NY,73003183,none,True,True,False,False,False
04243500,ONEIDA CREEK AT ONEIDA NY,72055838,none,True,False,False,False,False
01379773,GREEN POND BROOK AT PICATINNY ARSENAL NJ,73006584,other mention,False,False,False,False,False
01379780,GREEN PD BK BL PICATINNY LK AT PICATINNY ARS NJ,73006584,below,False,False,False,False,False
01396500,SOUTH BRANCH RARITAN RIVER NEAR HIGH BRIDGE NJ,73005792,none,True,False,False,False,False
01396660,MULHOCKAWAY CREEK AT VAN SYCKEL NJ,73006391,none,False,False,False,False,False
01396800,SPRUCE RUN AT CLINTON NJ,73005744,none,True,True,True,False,False
01397000,SOUTH BRANCH RARITAN RIVER AT STANTON NJ,73005461,none,True,True,False,False,False
01398000,NESHANIC RIVER AT REAVILLE NJ,73005810,none,True,False,False,False,False
01398500,NORTH BRANCH RARITAN RIVER NEAR FAR HILLS NJ,73006467,none,False,False,False,False,False
01399500,LAMINGTON (BLACK) RIVER NEAR POTTERSVILLE NJ,73006590,none,False,False,False,False,False
01399670,SB ROCKAWAY CREEK AT WHITEHOUSE STATION NJ,73006384,none,False,False,False,False,False
01400000,NORTH BRANCH RARITAN RIVER NEAR RARITAN NJ,73005379,none,True,True,False,False,False
01400500,RARITAN RIVER AT MANVILLE NJ,73005342,none,True,True,False,False,False
01401000,STONY BROOK AT PRINCETON NJ,73006262,none,False,False,False,False,False
01401650,PIKE RUN AT BELLE MEAD NJ,73006295,none,False,False,False,False,False
01403150,WEST BRANCH MIDDLE BROOK NEAR MARTINSVILLE NJ,73006365,none,False,False,False,False,False
01428500,DELAWARE R ABOVE LACKAWAXEN R NR BARRYVILLE NY,73003317,none,True,True,False,False,False
01428750,"West Branch Lackawaxen River near Aldenville, PA",73003858,none,True,False,False,False,False
01429000,"West Branch Lackawaxen River at Prompton, PA",73003858,none,True,False,False,True,False
01429500,"Dyberry Creek near Honesdale, PA",73003736,none,True,False,False,True,False
01430000,"Lackawaxen River near Honesdale, PA",73003572,none,True,False,False,True,False
01431500,"Lackawaxen River at Hawley, PA",73003471,none,True,False,False,False,False
01434000,DELAWARE RIVER AT PORT JERVIS NY,73003309,none,True,True,False,False,False
01437500,NEVERSINK RIVER AT GODEFFROY NY,73003376,none,True,True,False,False,False
01438500,DELAWARE RIVER AT MONTAGUE NJ,73003307,none,True,True,False,False,False
01439500,"Bush Kill at Shoemakers, PA",73003502,none,True,False,False,False,False
01440000,FLAT BROOK NEAR FLATBROOKVILLE NJ,73003791,none,True,False,False,False,False
01440400,"Brodhead Creek near Analomink, PA",73004092,none,False,False,False,False,False
01442500,"Brodhead Creek at Minisink Hills, PA",73005204,none,True,False,False,False,False
01443500,PAULINS KILL AT BLAIRSTOWN NJ,73005256,none,True,False,False,False,False
01443900,YARDS CREEK NEAR BLAIRSTOWN NJ,73005256,none,False,False,False,False,False
01445500,PEQUEST RIVER AT PEQUEST NJ,73005231,none,True,False,False,False,False
01446500,DELAWARE RIVER AT BELVIDERE NJ,73005181,none,True,True,False,False,False
01447500,"Lehigh River at Stoddartsville, PA",73003661,none,True,False,False,False,False
01447680,"Tunkhannock Creek near Long Pond, PA",73004021,other mention,False,False,False,False,False
01447720,"Tobyhanna Creek near Blakeslee, PA",73003566,none,True,False,False,False,False
01447800,Lehigh R bl Francis E Walter Res nr White Haven PA,73003454,below,True,False,False,True,False
01449000,"Lehigh River at Lehighton, PA",73005225,none,True,False,False,True,False
01449360,"Pohopoco Creek at Kresgeville, PA",73005651,none,True,False,False,False,False
01449800,"Pohopoco Cr bl Beltzville Dam nr Parryville, PA",73005518,below,True,True,True,True,True
01450500,"Aquashicola Creek at Palmerton, PA",73005598,none,True,False,False,False,False
01451000,"Lehigh River at Walnutport, PA",73005217,none,True,True,False,True,False
01451500,"Little Lehigh Creek near Allentown, PA",73005682,none,True,False,False,False,False
01451650,Little Lehigh Creek at Tenth St. Br. at Allentown,73005542,none,True,False,False,False,False
01451800,"Jordan Creek near Schnecksville, PA",73005689,none,True,False,False,False,False
01452000,"Jordan Creek at Allentown, PA",73005689,none,True,False,False,False,False
01452500,"Monocacy Creek at Bethlehem, PA",73005801,none,True,False,False,False,False
01453000,"Lehigh River at Bethlehem, PA",73005208,none,True,True,False,True,False
01457000,MUSCONETCONG RIVER NEAR BLOOMSBURY NJ,73005764,none,True,False,False,False,False
01459500,"Tohickon Creek near Pipersville, PA",73005519,none,True,True,True,True,False
01468500,"Schuylkill River at Landingville, PA",73005525,none,True,False,False,False,False
01469500,"Little Schuylkill River at Tamaqua, PA",73005775,none,True,True,False,False,False
01470500,"Schuylkill River at Berne, PA",73005425,none,True,True,False,False,False
01472198,"Perkiomen Creek at East Greenville, PA",73005805,none,True,False,False,False,False
01472620,"East Branch Perkiomen Creek near Dublin, PA",73006266,none,False,False,False,False,False
01533400,"Susquehanna River at Meshoppen, PA",73003095,none,False,False,False,False,False
01534000,"Tunkhannock Creek near Tunkhannock, PA",73003453,none,True,False,False,False,False
01534300,"Lackawanna River near Forest City, PA",73003804,none,True,True,False,True,True
01534500,"Lackawanna River at Archbald, PA",73003568,none,True,True,False,True,False
01536000,"Lackawanna River at Old Forge, PA",73003399,none,True,True,False,True,False
01536500,"Susquehanna River at Wilkes-Barre, PA",73003085,none,False,False,False,False,False
01538000,"Wapwallopen Creek near Wapwallopen, PA",73004062,none,False,False,False,False,False
01411456,Little Ease Run near Clayton NJ,73005875,none,False,False,False,False,False
01411500,MAURICE RIVER AT NORMA NJ,73006715,none,True,False,False,False,False
01463500,DELAWARE RIVER AT TRENTON NJ,73005147,none,True,True,False,False,False
01464000,ASSUNPINK CREEK AT TRENTON NJ,73005497,none,False,False,False,False,False
01464645,"NB Neshaminy Cr bl Lake Galena nr New Britain, PA",73006240,below,False,False,False,False,False
01465500,"Neshaminy Creek near Langhorne, PA",73005399,none,True,False,False,False,False
01467048,"Pennypack Cr at Lower Rhawn St Bdg, Phila., PA",73006145,none,False,False,False,False,False
01467081,SOUTH BRANCH PENNSAUKEN CREEK AT CHERRY HILL NJ,73006032,none,False,False,False,False,False
01467087,"Frankford Creek at Castor Ave, Philadelphia, PA",73006096,none,False,False,False,False,False
01467150,COOPER RIVER AT HADDONFIELD NJ,73005997,none,False,False,False,False,False
01470779,"Tulpehocken Creek near Bernville, PA",73005649,none,True,False,False,False,False
01470960,Tulpehocken Cr at Blue Marsh Damsite near Reading,73005452,none,True,True,True,True,True
01471000,"Tulpehocken Creek near Reading, PA",73005421,none,True,True,True,True,False
01471510,"Schuylkill River at Reading, PA",73005340,none,True,True,False,True,False
01472000,"Schuylkill River at Pottstown, PA",73005310,none,True,True,False,True,False
01472157,"French Creek near Phoenixville, PA",73005727,none,True,False,False,False,False
01472199,"West Branch Perkiomen Creek at Hillegass, PA",73006281,none,False,False,False,False,False
01473000,"Perkiomen Creek at Graterford, PA",73005475,none,True,True,False,False,False
01473169,Valley Creek at PA Turnpike Br near Valley Forge,73006097,none,False,False,False,False,False
01474000,"Wissahickon Creek at Mouth, Philadelphia, PA",73005734,none,True,False,False,False,False
01474500,"Schuylkill River at Philadelphia, PA",73005295,none,True,True,False,False,False
01475850,"Crum Creek near Newtown Square, PA",73006067,none,False,False,False,False,False
01477000,"Chester Creek near Chester, PA",73005646,none,True,False,False,False,False
01477120,RACCOON CREEK NEAR SWEDESBORO NJ,73005905,none,False,False,False,False,False
01477800,"SHELLPOT CREEK AT WILMINGTON, DE",73005920,none,False,False,False,False,False
01478000,"CHRISTINA RIVER AT COOCHS BRIDGE, DE",73005883,none,False,False,False,False,False
01479000,"WHITE CLAY CREEK NEAR NEWARK, DE",73005667,none,True,False,False,False,False
01479820,"Red Clay Creek near Kennett Square, PA",73005768,none,True,False,False,False,False
01480000,"RED CLAY CREEK AT WOODDALE, DE",73005768,none,True,False,False,False,False
01480015,"RED CLAY CREEK NEAR STANTON, DE",73005768,none,True,False,False,False,False
01480300,"West Branch Brandywine Creek near Honey Brook, PA",73006099,none,False,False,False,False,False
01480500,"West Branch Brandywine Creek at Coatesville, PA",73006099,none,False,False,False,False,False
01480617,"West Branch Brandywine Creek at Modena, PA",73006099,none,False,False,False,False,False
01480675,"Marsh Creek near Glenmoore, PA",73006106,none,False,False,False,False,False
01480685,"Marsh Creek near Downingtown, PA",73006106,none,False,False,False,False,False
01480700,"East Branch Brandywine Creek near Downingtown, PA",73005647,none,True,False,False,True,False
01480870,"East Branch Brandywine Creek below Downingtown, PA",73005590,none,True,False,False,True,False
01481000,"Brandywine Creek at Chadds Ford, PA",73005442,none,True,False,False,False,False
01481500,"BRANDYWINE CREEK AT WILMINGTON, DE",73005442,none,True,False,False,False,False
01483200,"BLACKBIRD CREEK AT BLACKBIRD, DE",73007760,none,False,False,False,False,False
01483700,"ST JONES RIVER AT DOVER, DE",73007150,none,True,False,False,False,False
01495000,"BIG ELK CREEK AT ELK MILLS, MD",73005765,none,True,False,False,False,False
01576500,"Conestoga River at Lancaster, PA",73005410,none,True,False,False,False,False
01576754,"Conestoga River at Conestoga, PA",73005336,none,True,False,False,False,False
01580000,"DEER CREEK AT ROCKS, MD",73005516,none,True,False,False,False,False
01581700,"WINTERS RUN NEAR BENSON, MD",73006719,none,False,False,False,False,False
01582000,"LITTLE FALLS AT BLUE MOUNT, MD",73005789,none,True,False,False,False,False
01582500,"GUNPOWDER FALLS AT GLENCOE, MD",73005488,none,True,True,True,True,False
01583500,"WESTERN RUN AT WESTERN RUN, MD",73006645,none,True,False,False,False,False
01583600,"BEAVERDAM RUN AT COCKEYSVILLE, MD",73007805,none,False,False,False,False,False
01584050,"LONG GREEN CREEK AT GLEN ARM, MD",73007797,none,False,False,False,False,False
01484100,"BEAVERDAM BRANCH AT HOUSTON, DE",73007554,none,False,False,False,False,False
01485500,"NASSAWANGO CREEK NEAR SNOW HILL, MD",73007281,none,False,False,False,False,False
01486000,"MANOKIN BRANCH NEAR PRINCESS ANNE, MD",73007248,none,False,False,False,False,False
01487000,"NANTICOKE RIVER NEAR BRIDGEVILLE, DE",73007053,none,True,False,False,False,False
01491000,"CHOPTANK RIVER NEAR GREENSBORO, MD",73007017,none,True,False,False,False,False
01589500,"SAWMILL CREEK AT GLEN BURNIE, MD",73007671,none,False,False,False,False,False
01594440,"PATUXENT RIVER NEAR BOWIE, MD",73006797,none,True,True,False,False,False
01669000,"PISCATAWAY CREEK NEAR TAPPAHANNOCK, VA",73009047,none,False,False,False,False,False
01669520,"DRAGON SWAMP AT MASCOT, VA",73008346,none,True,False,False,False,False
02042500,"CHICKAHOMINY RIVER NEAR PROVIDENCE FORGE, VA",73008159,none,True,False,False,False,False
02047000,"NOTTOWAY RIVER NEAR SEBRELL, VA",73008085,none,True,False,False,False,False
02047500,"BLACKWATER RIVER NEAR DENDRON, VA",73008164,none,True,False,False,False,False
02049500,"BLACKWATER RIVER NEAR FRANKLIN, VA",73008605,none,False,False,False,False,False
02053200,"POTECASI CREEK NEAR UNION, NC",73009565,none,True,False,False,False,False
02053500,"AHOSKIE CREEK AT AHOSKIE, NC",73009809,none,True,False,False,False,False
02084557,"VAN SWAMP NEAR HOKE, NC",73009987,none,True,False,False,False,False
02089500,"NEUSE RIVER AT KINSTON, NC",73009288,none,True,True,True,True,False
02092500,"TRENT RIVER NEAR TRENTON, NC",73009170,none,True,False,False,False,False
02093000,"NEW RIVER NEAR GUM BRANCH, NC",73012274,none,True,False,False,False,False
02108000,"NORTHEAST CAPE FEAR RIVER NEAR CHINQUAPIN, NC",73011373,none,True,False,False,False,False
14400000,"CHETCO RIVER NEAR BROOKINGS, OR",78026912,none,True,False,False,False,False
11469000,MATTOLE R NR PETROLIA CA,77006723,none,True,False,False,False,False
11476600,BULL C NR WEOTT CA,77011847,none,False,False,False,False,False
11477000,EEL R A SCOTIA CA,77006259,none,True,True,False,False,False
11478500,VAN DUZEN R NR BRIDGEVILLE CA,77006869,none,True,False,False,False,False
11481000,MAD R NR ARCATA CA,77006366,none,True,True,False,True,False
11481200,LITTLE R NR TRINIDAD CA,77003000,none,False,False,False,False,False
11482500,REDWOOD C A ORICK CA,77000949,none,True,False,False,False,False
11528700,SF TRINITY R BL HYAMPOM CA,77006661,none,True,False,False,False,False
11530000,TRINITY R A HOOPA CA,77000726,none,True,True,True,True,False
11461000,RUSSIAN R NR UKIAH CA,77007882,none,True,False,False,False,False
11461500,EF RUSSIAN R NR CALPELLA CA,77008189,none,True,True,True,False,False
11462000,EF RUSSIAN R NR UKIAH CA,77008189,none,True,True,True,True,False
11468000,NAVARRO R NR NAVARRO CA,77005961,none,True,False,False,False,False
11468500,NOYO R NR FORT BRAGG CA,77007373,none,True,False,False,False,False
11470500,EEL R BL SCOTT DAM NR POTTER VALLEY CA,77007165,below,True,True,False,True,False
11471500,EEL R A VAN ARSDALE DAM NR POTTER VALLEY CA,77006968,other mention,True,True,False,True,False
11473900,MF EEL R NR DOS RIOS CA,77006583,none,True,False,False,False,False
11475000,EEL R A FORT SEWARD CA,77006297,none,True,True,False,False,False
11475560,ELDER C NR BRANSCOMB CA,77010465,none,False,False,False,False,False
11476500,SF EEL R NR MIRANDA CA,77006475,none,True,False,False,False,False
11480390,MAD R AB RUTH RES NR FOREST GLEN CA,77008702,above,True,True,False,False,False
11480410,MAD R BL RUTH RES NR FOREST GLEN CA,77008702,below,True,True,False,True,False
11449500,KELSEY C NR KELSEYVILLE CA,77020286,none,False,False,False,False,False
11459500,NOVATO C A NOVATO CA,77018849,none,False,False,False,False,False
11460400,LAGUNITAS C A SP TAYLOR STATE PK CA,77018505,none,False,False,False,False,False
11460600,LAGUNITAS C NR PT REYES STATION CA,77015456,none,True,True,False,True,False
11460750,WALKER C NR MARSHALL CA,77018895,none,False,False,False,False,False
11462500,RUSSIAN R NR HOPLAND CA,77013882,none,True,True,False,True,False
11463000,RUSSIAN R NR CLOVERDALE CA,77013750,none,True,True,False,True,False
11463170,BIG SULPHUR C A G RESORT NR CLOVERDALE CA,77020172,none,False,False,False,False,False
11464000,RUSSIAN R NR HEALDSBURG CA,77013659,none,True,True,False,True,False
11465000,DRY C BL WARM SPGS DAM NR GEYSERVILLE CA,77014992,below,True,True,True,True,True
11465200,DRY C NR GEYSERVILLE CA,77014832,none,True,True,True,True,False
11467000,RUSSIAN R NR GUERNEVILLE CA,77013615,none,True,True,False,True,False
11160500,SAN LORENZO R A BIG TREES CA,77021366,none,True,True,False,False,False
11161000,SAN LORENZO R A SANTA CRUZ CA,77021366,none,True,True,False,False,False
11162500,PESCADERO C NR PESCADERO CA,77016716,none,True,False,False,False,False
11162630,PILARCITOS C A HALF MOON BAY CA,77017700,none,False,False,False,False,False
11164500,SAN FRANCISQUITO C A STANFORD UNIVERSITY CA,77016859,none,True,False,False,False,False
11143000,BIG SUR R NR BIG SUR CA,77023838,none,True,False,False,False,False
11143250,CARMEL R NR CARMEL CA,77022446,none,True,False,False,False,False
01408120,NORTH BRANCH METEDECONK RIVER NEAR LAKEWOOD NJ,73005656,none,True,False,False,False,False
01408500,TOMS RIVER NEAR TOMS RIVER NJ,73005558,none,True,False,False,False,False
01409400,MULLICA RIVER NEAR BATSTO NJ,73005950,none,False,False,False,False,False
01410000,OSWEGO RIVER AT HARRISVILLE NJ,73005605,none,False,False,False,False,False
01410150,EAST BRANCH BASS RIVER NEAR NEW GRETNA NJ,73005868,none,False,False,False,False,False
01411000,GREAT EGG HARBOR RIVER AT FOLSOM NJ,73005860,none,False,False,False,False,False
01411300,TUCKAHOE RIVER AT HEAD OF RIVER NJ,73007753,none,False,False,False,False,False
01464500,CROSSWICKS CREEK AT EXTONVILLE NJ,73005674,none,True,False,False,False,False
01466500,MCDONALDS BRANCH IN LEBANON STATE FOREST NJ,73006015,none,False,False,False,False,False
01467000,NORTH BRANCH RANCOCAS CREEK AT PEMBERTON NJ,73005578,none,True,False,False,False,False
01208873,"ROOSTER RIVER AT FAIRFIELD, CT",73004076,none,False,False,False,False,False
01208925,"MILL R NR FAIRFIELD, CT",73003778,none,True,True,True,False,False
01208950,"SASCO BROOK NEAR SOUTHPORT, CT.",73004059,none,False,False,False,False,False
01208990,"SAUGATUCK RIVER NEAR REDDING, CT.",73004179,none,False,False,False,False,False
01209700,"NORWALK R AT SOUTH WILTON, CT.",73004142,none,False,False,False,False,False
01303500,COLD SPRING BROOK AT COLD SPRING HARBOR NY,73006534,none,False,False,False,False,False
01304000,NISSEQUOGUE RIVER NEAR SMITHTOWN NY,73006524,none,False,False,False,False,False
01304500,PECONIC RIVER AT RIVERHEAD NY,73005808,none,True,False,False,False,False
01305000,CARMANS RIVER AT YAPHANK NY,73005597,none,True,False,False,False,False
01306440,CONNETQUOT BROOK AT CENTRAL ISLIP NY,73006525,none,False,False,False,False,False
01306460,CONNETQUOT BK NR CENTRAL ISLIP NY,73006525,none,False,False,False,False,False
01306500,CONNETQUOT RIVER NEAR OAKDALE NY,73006525,none,False,False,False,False,False
01308000,SAMPAWAMS CREEK AT BABYLON NY,73006509,none,False,False,False,False,False
01308500,CARLLS RIVER AT BABYLON NY,73005821,none,True,False,False,False,False
01311500,VALLEY STREAM AT VALLEY STREAM NY,73006399,none,False,False,False,False,False
01375000,CROTON R @ NEW CROTON DAM NR CROTON-ON-HUDSON NY,73003424,other mention,True,True,True,True,False
01376800,HACKENSACK RIVER AT WEST NYACK NY,73005205,none,False,False,False,False,False
01377000,HACKENSACK RIVER AT RIVERVALE NJ,73005205,none,False,False,False,False,False
01377500,PASCACK BROOK AT WESTWOOD NJ,73005203,none,False,False,False,False,False
01378500,HACKENSACK RIVER AT NEW MILFORD NJ,73005190,none,True,True,True,False,False
01379000,PASSAIC RIVER NEAR MILLINGTON NJ,73005692,none,True,False,False,False,False
01379500,PASSAIC RIVER NEAR CHATHAM NJ,73005602,none,True,False,False,False,False
01381000,ROCKAWAY RIVER BELOW RESERVOIR AT BOONTON NJ,73005222,below,True,True,False,False,False
01381500,WHIPPANY RIVER AT MORRISTOWN NJ,73006496,none,False,False,False,False,False
01381900,PASSAIC RIVER AT PINE BROOK NJ,73005214,none,True,True,False,False,False
01383500,WANAQUE RIVER AT AWOSTING NJ,73003897,none,True,True,True,False,False
01384500,RINGWOOD CREEK NEAR WANAQUE NJ,73004071,none,False,False,False,False,False
01387400,RAMAPO RIVER AT RAMAPO NY,73003669,none,True,False,False,False,False
01387420,RAMAPO RIVER AT SUFFERN NY,73003669,none,True,False,False,False,False
01387500,RAMAPO RIVER NEAR MAHWAH NJ,73005255,none,True,True,False,False,False
01388000,RAMAPO RIVER AT POMPTON LAKES NJ,73005255,none,True,True,False,True,False
01388500,POMPTON RIVER AT POMPTON PLAINS NJ,73005192,none,True,True,False,True,False
01389500,PASSAIC RIVER AT LITTLE FALLS NJ,73005183,none,True,True,False,False,False
01390500,SADDLE RIVER AT RIDGEWOOD NJ,73005269,none,False,False,False,False,False
01391500,SADDLE RIVER AT LODI NJ,73005236,none,True,False,False,False,False
01393450,ELIZABETH R AT URSINO LAKE AT ELIZABETH NJ,73006419,other mention,False,False,False,False,False
01394500,RAHWAY RIVER NEAR SPRINGFIELD NJ,73006430,none,False,False,False,False,False
01395000,RAHWAY RIVER AT RAHWAY NJ,73006430,none,False,False,False,False,False
01402000,MILLSTONE RIVER AT BLACKWELLS MILLS NJ,73005448,none,False,False,False,False,False
01403060,RARITAN RIVER BELOW CALCO DAM AT BOUND BROOK NJ,73005331,below,True,True,False,False,False
01403400,GREEN BROOK AT SEELEY MILLS NJ,73006373,none,False,False,False,False,False
01403540,STONY BROOK AT WATCHUNG NJ,73006373,none,False,False,False,False,False
01405400,MANALAPAN BROOK AT SPOTSWOOD NJ,73006196,none,False,False,False,False,False
01407500,SWIMMING RIVER NEAR RED BANK NJ,73005748,none,True,False,False,False,False
01407705,SHARK RIVER NEAR NEPTUNE CITY NJ,73006165,none,False,False,False,False,False
01407760,JUMPING BROOK NEAR NEPTUNE CITY NJ,73006165,none,False,False,False,False,False
01408000,MANASQUAN RIVER AT SQUANKUM NJ,73006171,none,False,False,False,False,False
01166500,"MILLERS RIVER AT ERVING, MA",73001908,none,False,False,False,False,False
01168500,"DEERFIELD RIVER AT CHARLEMONT, MA",73001886,none,True,True,True,False,False
01169000,"NORTH RIVER AT SHATTUCKVILLE, MA",73002067,none,True,False,False,False,False
01169900,"SOUTH RIVER NEAR CONWAY, MA",73002294,none,False,False,False,False,False
01170000,"DEERFIELD RIVER NEAR WEST DEERFIELD, MA",73001863,none,True,True,False,False,False
01170500,"CONNECTICUT RIVER AT MONTAGUE CITY, MA",73001642,none,True,True,False,True,True
01171500,"MILL RIVER AT NORTHAMPTON, MA",73005011,none,False,False,False,False,False
01173500,"WARE RIVER AT GIBBS CROSSING, MA",73003449,none,True,False,False,True,False
01174500,"EAST BRANCH SWIFT RIVER NEAR HARDWICK, MA",73005058,none,False,False,False,False,False
01175500,"SWIFT RIVER AT WEST WARE, MA",73004875,none,False,False,False,False,False
01176000,"QUABOAG RIVER AT WEST BRIMFIELD, MA",73003594,none,True,False,False,False,False
01177000,"CHICOPEE RIVER AT INDIAN ORCHARD, MA",73003185,none,True,True,True,True,False
01181000,"WEST BRANCH WESTFIELD RIVER AT HUNTINGTON, MA",73003733,none,True,False,False,False,False
01183500,"WESTFIELD RIVER NEAR WESTFIELD, MA",73003163,none,True,True,False,True,False
01184000,"CONNECTICUT RIVER AT THOMPSONVILLE, CT.",73002999,none,True,True,False,False,False
01184100,"STONY BROOK NEAR WEST SUFFIELD, CT.",73004678,none,False,False,False,False,False
01184490,"BROAD BROOK AT BROAD BROOK, CT.",73004653,none,False,False,False,False,False
01185500,"WEST BRANCH FARMINGTON RIVER NEAR NEW BOSTON, MA",73003677,none,True,True,False,False,False
01186000,"WEST BRANCH FARMINGTON RIVER AT RIVERTON, CT",73003600,none,True,True,True,True,True
01187300,"HUBBARD RIVER NR. WEST HARTLAND, CT.",73004772,none,False,False,False,False,False
01188000,"BURLINGTON BROOK NEAR BURLINGTON, CT.",73003423,none,False,False,False,False,False
01188090,"FARMINGTON RIVER AT UNIONVILLE, CT.",73003423,none,True,True,True,True,False
01189995,"FARMINGTON RIVER AT TARIFFVILLE, CT.",73003349,none,True,True,False,True,False
01192500,"HOCKANUM RIVER NEAR EAST HARTFORD, CT.",73003588,none,True,True,False,False,False
01192883,"COGINCHAUG RIVER AT MIDDLEFIELD, CT",73004293,none,False,False,False,False,False
01193500,"SALMON RIVER NEAR EAST HAMPTON, CT.",73003729,none,True,False,False,False,False
01195490,"QUINNIPIAC RIVER AT SOUTHINGTON, CT.",73004429,none,False,False,False,False,False
01196500,"QUINNIPIAC RIVER AT WALLINGFORD, CT.",73003644,none,True,False,False,False,False
01196620,"MILL R NR HAMDEN, CT.",73004297,none,False,False,False,False,False
01197000,"EAST BRANCH HOUSATONIC RIVER AT COLTSVILLE, MA",73003821,none,True,False,False,False,False
01197500,"HOUSATONIC RIVER NEAR GREAT BARRINGTON, MA",73003192,none,True,True,False,False,False
01199000,"HOUSATONIC RIVER AT FALLS VILLAGE, CT.",73003155,none,True,True,False,False,False
01199050,"SALMON CREEK AT LIME ROCK, CT.",73003993,none,True,False,False,False,False
01200500,"HOUSATONIC RIVER AT GAYLORDSVILLE, CT.",73003140,none,True,True,False,False,False
01204000,"POMPERAUG RIVER AT SOUTHBURY, CT.",73003842,none,True,False,False,False,False
01205500,"HOUSATONIC RIVER AT STEVENSON, CT.",73003122,none,True,True,False,True,False
01206900,"NAUGATUCK RIVER AT THOMASTON, CT.",73003590,none,True,False,False,True,False
01208500,"NAUGATUCK RIVER AT BEACON FALLS, CT.",73003429,none,True,False,False,True,False
01331500,"HOOSIC RIVER AT ADAMS, MA",73002191,none,True,False,False,False,False
01332500,"HOOSIC RIVER NEAR WILLIAMSTOWN, MA",73002068,none,True,False,False,False,False
01333000,"GREEN RIVER AT WILLIAMSTOWN, MA",73002274,none,True,False,False,False,False
01357500,MOHAWK RIVER AT COHOES NY,73001663,none,False,False,False,False,False
01364500,ESOPUS CREEK AT MOUNT MARION NY,73003363,none,True,True,True,True,False
01367500,RONDOUT CREEK AT ROSENDALE NY,73003381,none,True,True,False,False,False
01371500,WALLKILL RIVER AT GARDINER NY,73003348,none,True,False,False,False,False
01372500,WAPPINGER CREEK NEAR WAPPINGERS FALLS NY,73003579,none,True,False,False,False,False
01098530,"SUDBURY RIVER AT SAXONVILLE, MA",73003584,none,True,True,False,True,False
01103500,"CHARLES RIVER AT DOVER, MA",73003441,none,True,False,False,False,False
01104200,"CHARLES RIVER AT WELLESLEY, MA",73003441,none,True,False,False,True,False
01105000,"NEPONSET RIVER AT NORWOOD, MA",73004810,none,False,False,False,False,False
01105500,"EAST BRANCH NEPONSET RIVER AT CANTON, MA",73004831,none,False,False,False,False,False
01105600,"OLD SWAMP RIVER NEAR SOUTH WEYMOUTH, MA",73004878,none,False,False,False,False,False
01105730,"INDIAN HEAD RIVER AT HANOVER, MA",73004796,none,False,False,False,False,False
01105870,"JONES RIVER AT KINGSTON, MA",73004708,none,False,False,False,False,False
01109000,"WADING RIVER NEAR NORTON, MA",73004729,none,False,False,False,False,False
01109060,"THREEMILE RIVER AT NORTH DIGHTON, MA",73003643,none,True,False,False,False,False
01109403,"TEN MILE RIVER AT PAWTUCKET AVE @ E PROVIDENCE, RI",73003765,none,True,False,False,False,False
01110000,"QUINSIGAMOND RIVER AT NORTH GRAFTON, MA",73004939,none,False,False,False,False,False
01111500,"BRANCH RIVER AT FORESTDALE, RI",73003717,none,True,False,False,False,False
01112500,"BLACKSTONE RIVER AT WOONSOCKET, RI",73003415,none,False,False,False,False,False
01114000,"MOSHASSUCK RIVER AT PROVIDENCE, RI",73004602,none,False,False,False,False,False
01114500,"WOONASQUATUCKET RIVER AT CENTERDALE, RI",73004625,none,False,False,False,False,False
01116000,"SOUTH BRANCH PAWTUXET RIVER AT WASHINGTON, RI",73003836,none,True,False,False,False,False
01116500,"PAWTUXET RIVER AT CRANSTON, RI",73003545,none,True,False,False,True,False
01117000,"HUNT RIVER NEAR EAST GREENWICH, RI",73004415,none,False,False,False,False,False
01117350,"CHIPUXET RIVER AT WEST KINGSTON, RI",73004304,none,False,False,False,False,False
01117420,"USQUEPAUG RIVER NEAR USQUEPAUG, RI",73004355,none,False,False,False,False,False
01117468,"BEAVER RIVER NEAR USQUEPAUG, RI",73004306,none,False,False,False,False,False
01117500,"PAWCATUCK RIVER AT WOOD RIVER JUNCTION, RI",73003672,none,True,False,False,False,False
01117800,"WOOD RIVER NEAR ARCADIA, RI",73003873,none,True,False,False,False,False
01118000,"WOOD RIVER AT HOPE VALLEY, RI",73003658,none,True,False,False,False,False
01118300,"PENDLETON HILL BROOK NEAR CLARKS FALLS, CT.",73004283,none,False,False,False,False,False
01118500,"PAWCATUCK RIVER AT WESTERLY, RI",73003432,none,True,False,False,False,False
01119500,"WILLIMANTIC RIVER NEAR COVENTRY, CT.",73003748,none,True,False,False,False,False
01121000,"MOUNT HOPE RIVER NEAR WARRENVILLE, CT.",73004623,none,False,False,False,False,False
01122500,"SHETUCKET RIVER NEAR WILLIMANTIC, CT.",73003458,none,True,False,False,True,False
01123000,"LITTLE RIVER NEAR HANOVER, CT.",73004536,none,False,False,False,False,False
01124000,"QUINEBAUG RIVER AT QUINEBAUG, CT.",73003543,none,True,False,False,True,False
01127000,"QUINEBAUG RIVER AT JEWETT CITY, CT.",73003344,none,True,False,False,True,False
01127500,"YANTIC RIVER AT YANTIC, CT.",73003702,none,True,False,False,False,False
01172500,"WARE RIVER NEAR BARRE, MA",73003758,none,True,False,False,True,False
01173000,"WARE RIVER AT INTAKE WORKS NEAR BARRE, MA",73003701,none,True,False,False,True,False
01175670,"SEVENMILE RIVER NEAR SPENCER, MA",73004908,none,False,False,False,False,False
01076500,"PEMIGEWASSET RIVER AT PLYMOUTH, NH",73001790,none,True,False,False,False,False
01078000,"SMITH RIVER NEAR BRISTOL, NH",73002246,none,True,False,False,False,False
01142500,"AYERS BROOK AT RANDOLPH, VT",73001843,none,False,False,False,False,False
01144000,"WHITE RIVER AT WEST HARTFORD, VT",73001771,none,True,False,False,False,False
01150900,"OTTAUQUECHEE RIVER NEAR WEST BRIDGEWATER, VT",73002832,none,False,False,False,False,False
01151500,"OTTAUQUECHEE RIVER AT NORTH HARTLAND, VT",73001980,none,True,False,False,True,False
01152500,"SUGAR RIVER AT WEST CLAREMONT, NH",73002047,none,True,True,False,True,False
01153550,WILLIAMS RIVER NEAR ROCKINGHAM VT,73002124,none,True,False,False,False,False
01154500,"CONNECTICUT RIVER AT NORTH WALPOLE, NH",73001671,none,True,True,False,True,True
01161000,"ASHUELOT RIVER AT HINSDALE, NH",73001880,none,True,False,False,True,False
01162000,"MILLERS RIVER NEAR WINCHENDON, MA",73002069,none,True,True,False,False,False
01162500,"PRIEST BROOK NEAR WINCHENDON, MA",73002241,none,True,False,False,False,False
01163200,"OTTER RIVER AT OTTER RIVER, MA",73002305,none,False,False,False,False,False
01170100,"GREEN RIVER NEAR COLRAIN, MA",73002442,none,False,False,False,False,False
01327750,HUDSON RIVER AT FORT EDWARD NY,73001748,none,True,True,False,True,True
01331095,HUDSON RIVER AT STILLWATER NY,73001737,none,True,True,False,True,False
01334000,"WALLOOMSAC RIVER NEAR NORTH BENNINGTON, VT",73002115,none,True,False,False,False,False
01334500,HOOSIC RIVER NEAR EAGLE BRIDGE NY,73001900,none,True,False,False,False,False
01335754,HUDSON R ABOVE LOCK 1 NR WATERFORD NY,73001734,none,False,False,False,False,False
04280000,"POULTNEY RIVER BELOW FAIR HAVEN, VT",72055853,none,True,False,False,True,False
04282000,"OTTER CREEK AT CENTER RUTLAND, VT",72055752,none,True,True,False,False,False
04282500,"OTTER CREEK AT MIDDLEBURY, VT",72051184,none,True,True,False,False,False
01129200,"CONNECTICUT R BELOW INDIAN STREAM NR PITTSBURG, NH",73000695,none,True,True,True,True,True
01134500,"MOOSE RIVER AT VICTORY, VT",73000849,none,True,False,False,False,False
01135500,"PASSUMPSIC RIVER AT PASSUMPSIC, VT",73000692,none,True,False,False,False,False
01137500,"AMMONOOSUC RIVER AT BETHLEHEM JUNCTION, NH",73000783,none,True,False,False,False,False
01139000,"WELLS RIVER AT WELLS RIVER, VT",73000925,none,True,False,False,False,False
01139800,"EAST ORANGE BRANCH AT EAST ORANGE, VT",73001025,none,False,False,False,False,False
04285500,"NORTH BRANCH WINOOSKI RIVER AT WRIGHTSVILLE, VT",72052452,none,True,False,False,True,False
04286000,"WINOOSKI RIVER AT MONTPELIER, VT",72051916,none,True,True,False,True,False
04287000,"DOG RIVER AT NORTHFIELD FALLS, VT",72052525,none,True,False,False,False,False
04288000,"MAD RIVER NEAR MORETOWN, VT",72052225,none,True,False,False,False,False
04289000,"LITTLE RIVER NEAR WATERBURY, VT",72052366,none,True,True,False,True,False
04290500,"WINOOSKI RIVER NEAR ESSEX JUNCTION, VT",72051579,none,False,False,False,False,False
04292000,"LAMOILLE RIVER AT JOHNSON, VT",72051824,none,True,True,False,False,False
04292500,"LAMOILLE RIVER AT EAST GEORGIA, VT",72051590,none,True,True,False,False,False
04296000,"BLACK RIVER AT COVENTRY, VT",72051993,none,True,False,False,False,False
04296500,"CLYDE RIVER AT NEWPORT, VT",72052251,none,True,False,False,True,False
01073000,"OYSTER RIVER NEAR DURHAM, NH",73002627,none,False,False,False,False,False
01073500,"LAMPREY RIVER NEAR NEWMARKET, NH",73001947,none,True,True,False,True,False
01081000,"WINNIPESAUKEE RIVER AT TILTON, NH",73001894,none,True,True,False,True,True
01089100,"SOUCOOK RIVER, AT PEMBROKE ROAD, NEAR CONCORD, NH",73002101,none,True,False,False,False,False
01092000,"MERRIMACK R NR GOFFS FALLS, BELOW MANCHESTER, NH",73001746,none,True,True,False,True,False
01094400,"NORTH NASHUA RIVER AT FITCHBURG, MA",73002178,none,True,False,False,False,False
01094500,"NORTH NASHUA RIVER NEAR LEOMINSTER, MA",73003280,none,True,False,False,False,False
01096000,"SQUANNACOOK RIVER NEAR WEST GROTON, MA",73002284,none,True,False,False,False,False
01096500,"NASHUA RIVER AT EAST PEPPERELL, MA",73001716,none,True,True,False,False,False
01097000,"ASSABET RIVER AT MAYNARD, MA",73003541,none,True,False,False,False,False
01097300,"NASHOBA BROOK NEAR ACTON, MA",73003292,none,False,False,False,False,False
01099500,"CONCORD R BELOW R MEADOW BROOK, AT LOWELL, MA",73001714,none,True,True,False,False,False
01100000,"MERRIMACK RIVER BL CONCORD RIVER AT LOWELL, MA",73001690,none,True,True,False,False,False
01100600,"SHAWSHEEN RIVER NEAR WILMINGTON, MA",73001821,none,False,False,False,False,False
01101000,"PARKER RIVER AT BYFIELD, MA",73002408,none,False,False,False,False,False
01101500,"IPSWICH RIVER AT SOUTH MIDDLETON, MA",73002255,none,True,False,False,False,False
01102000,"IPSWICH RIVER NEAR IPSWICH, MA",73002039,none,True,False,False,False,False
01102500,"ABERJONA RIVER AT WINCHESTER, MA",73005055,none,False,False,False,False,False
01104500,"CHARLES RIVER AT WALTHAM, MA",73003374,none,True,False,False,False,False
01038000,"Sheepscot River at North Whitefield, Maine",73000737,none,True,True,False,False,False
01047000,"Carrabassett River near North Anson, Maine",73000656,none,True,False,False,False,False
01048000,"Sandy River near Mercer, Maine",73000613,none,True,True,False,False,False
01049000,"Sebasticook River near Pittsfield, Maine",73000621,none,True,True,False,False,False
01049500,"Cobbosseecontee Stream at Gardiner, Maine",73000681,none,True,True,False,True,True
01052500,"Diamond River near Wentworth Location, NH",73000749,none,True,False,False,False,False
01053500,"Androscoggin River at Errol, NH",73000610,none,True,True,True,True,True
01054000,"Androscoggin River near Gorham, NH",73000578,none,True,True,False,True,False
01054200,"Wild River at Gilead, Maine",73000852,none,True,False,False,False,False
01054500,"Androscoggin River at Rumford, Maine",73000559,none,True,True,False,True,False
01055000,"Swift River near Roxbury, Maine",73000920,none,True,False,False,False,False
01057000,"Little Androscoggin River near South Paris, Maine",73000864,none,True,False,False,False,False
01059000,"Androscoggin River near Auburn, Maine",73000484,none,True,True,False,True,True
01064500,"Saco River near Conway, NH",73001631,none,True,False,False,False,False
01066000,"Saco River at Cornish, Maine",73001624,none,True,True,False,False,False
01031500,"Piscataquis River near Dover-Foxcroft, Maine",73000663,none,True,False,False,False,False
01042500,"Kennebec River at The Forks, Maine",73000479,none,True,True,True,True,False
01046500,"Kennebec River at Bingham, Maine",73000473,none,True,True,True,True,True
01011000,"Allagash River near Allagash, Maine",72040788,none,True,True,False,False,False
01013500,"Fish River near Fort Kent, Maine",72040863,none,True,False,False,False,False
01019000,"Grand Lake Stream at Grand Lake Stream, Maine",73000706,other mention,True,True,True,True,True
01022500,"Narraguagus River at Cherryfield, Maine",73000670,none,True,False,False,False,False
01030500,"Mattawamkeag River near Mattawamkeag, Maine",73000453,none,True,True,False,False,False
01034000,"Piscataquis River at Medford, Maine",73000492,none,True,True,False,False,False
01034500,"Penobscot River at West Enfield, Maine",73000437,none,True,True,False,True,False
01015800,"Aroostook River near Masardis, Maine",72040358,none,True,True,False,False,False
01017000,"Aroostook River at Washburn, Maine",72040306,none,True,True,False,False,False
