STAID,dor,storage,height,purpose,huc2,on_reach,lat,lon,clim_base,clim_base_ctl,clim_routed,clim_routed_ctl,nse_routed,nse_routed_ctl,g_bucket_off,g_seasbucket_off,g_rule_off,g_bucket_engine,clim_excess,gap,size,dorbin,purp,region,vol_x,shape_x,beta,beta_ctl
01019000,0.5685631018313474,198.467228056,3.9624,Hydroelectric,01,True,45.172522,-67.7688,0.1855013254111497,0.027029146974693,0.1854837478549129,0.0034145669812264,0.1418841390966402,0.7075780084123959,0.0261101010343406,0.0970604656790097,0.1307326144767069,0.0071891492047114,0.1584721784364566,-0.5656938693157557,100-1000 MCM,0.5-1,Hydroelectric,Northeast,0.018568728024708096,0.13990345041174856,1.1609498864047305,1.1932270725969023
01022500,0.0269711634491718,11.9894434848,7.62,Flood Risk Reduction,01,True,44.607972,-67.935242,0.0105587360605297,0.0055015515529531,0.0108311341267466,0.0032479026868667,0.8429867857306944,0.8118318640782047,0.0039941988022262,0.0044563234115549,0.006399181675106,-0.0006654382858658,0.0050571845075765,0.0311549216524896,10-100 MCM,<=0.1,Flood Risk Reduction,Northeast,-0.004424967813478473,0.009482152321055062,1.0157325725659796,1.109070013104325
01042500,0.1483594665880528,96.21158352,53.34,Hydroelectric,01,False,45.339708,-69.962058,0.1775434389630165,0.003553656496501,0.1733981249948912,0.0035545970236544,0.3091810997092221,0.6856697048423374,0.0169331624247119,0.0794784361865444,0.1110033004787454,0.0108288562450611,0.1739897824665154,-0.3764886051331152,10-100 MCM,0.1-0.5,Hydroelectric,Northeast,0.03610379143641185,0.13788599103010357,1.1299273443759423,1.0327546296745147
01046500,0.2395101941174054,257.6866911944,47.244,Hydroelectric,01,False,45.05205,-69.885506,0.1283694677946885,0.0022225868580686,0.1220222158434059,0.0028836235299275,0.5665121355387278,0.7383812894119024,0.0001306183945818,-0.0102329695218151,0.0578966863506283,-0.0089406729036822,0.1261468809366198,-0.1718691538731745,100-1000 MCM,0.1-0.5,Hydroelectric,Northeast,0.04459426137968157,0.0815526195569383,1.159213445300036,1.0239288193906777
01049000,0.0663315214133134,29.0114928768,4.8768,Flood Risk Reduction,01,False,44.716778,-69.413819,0.0142113424561875,0.0036963687016156,0.0160806062581089,0.0024092016049214,0.8137834799120763,0.8779850429378889,-0.0075188754017345,-0.009785773935365,-0.0018689064595942,-0.000340636764854,0.0105149737545718,-0.0642015630258125,10-100 MCM,<=0.1,Flood Risk Reduction,Northeast,-0.0017633249593399063,0.012278298713911766,0.9797399041771677,1.0634724649352036
01049500,0.2073752156816888,62.59920338,4.2672,Other,01,False,44.229097,-69.778047,0.0235944307578338,0.0326386206608275,0.021027309001461,0.004903427794024,0.7689147917593591,0.6611809963488878,0.0028058174017423,0.0060653677114552,0.0023997085160649,0.0040680358282543,-0.0090441899029937,0.1077337954104712,10-100 MCM,0.1-0.5,Other,Northeast,-0.026151005435546437,0.017106815532552687,1.0331048707828718,1.2602264665475642
01053500,0.4121193671352544,98.6785472,7.62,Hydroelectric,01,True,44.782558,-71.128686,0.0819144883474175,0.024559543133595,0.0798929004750456,0.0188216746699856,0.5277878133421692,0.835878068049785,-0.0073985104030027,0.0395096593412913,0.009925701600312,0.001269251179228,0.0573549452138224,-0.3080902547076158,10-100 MCM,0.1-0.5,Hydroelectric,Northeast,0.002669058215358344,0.054685886998464134,1.0939179815352629,1.1747832344219191
01054000,0.3288247062758004,98.6785472,7.62,Hydroelectric,01,False,44.435792,-71.190178,0.0389929465394779,0.0208339829448263,0.0361377132518756,0.0144735804455032,0.7306855559037313,0.8330377389331395,-0.0051607529374048,-0.0083038809686728,0.0051365875795093,-0.0029951032965167,0.0181589635946516,-0.1023521830294081,10-100 MCM,0.1-0.5,Hydroelectric,Northeast,-0.00850850529808134,0.026667468892732967,1.068756968364107,1.2071484214959596
01054500,0.2035015191416713,98.6785472,7.62,Hydroelectric,01,False,44.551814,-70.544067,0.0118685544692923,0.4160367160421753,0.0104023179320014,0.0168675666711994,0.8197998289629402,0.7195318858576512,0.0044094457143946,0.0064636551752511,0.0090079296741798,0.0004705225935712,-0.404168161572883,0.100267943105289,10-100 MCM,0.1-0.5,Hydroelectric,Northeast,-0.25337375093599795,-0.1507944106368851,1.0224752796542362,1.6771822176382147
01059000,0.1619381576240299,67.96484938399999,30.1752,Hydroelectric,01,False,44.072297,-70.208014,0.012941601065275,0.0633769976540861,0.0076599205410416,0.0067992549858477,0.8607494485615221,0.7104710934119304,0.0031117315650392,0.0065619997820477,0.004960054721707,0.0002423778535952,-0.050435396588811,0.1502783551495917,10-100 MCM,0.1-0.5,Hydroelectric,Northeast,-0.029315284906000834,-0.021120111682810253,1.0368747832057028,1.3114377582324743
01081000,0.3527654169536772,25.656422272,3.3528,Hydroelectric,01,False,43.441744,-71.587575,0.0357022728532421,0.0108119459790868,0.0245795548061446,0.0115108378331215,0.7155469794628986,0.773878106434896,0.0007011006331699,-0.000351349021275,0.010753012672204,0.0192569017220979,0.0248903268741552,-0.0583311269719973,10-100 MCM,0.1-0.5,Hydroelectric,Northeast,0.002570680350539322,0.022319646523615896,1.0486696455867455,0.948193949124176
01100000,0.0969983581703569,24.546288616,11.5824,Hydroelectric,01,True,42.645925,-71.298394,0.0044845577354032,0.0313576511905573,0.0072075694534127,0.0183584272229843,0.9252505643627884,0.7832559273979027,-0.0008671997000379,-0.0039516470004919,-3.465347474118641e-05,-9.95438483261113e-05,-0.0268730934551541,0.1419946369648858,10-100 MCM,<=0.1,Hydroelectric,Northeast,-0.0013772407539928454,-0.025495852701161295,0.9623880589770462,1.0647092196144377
01116500,0.4348265375289169,140.61692976,57.607200000000006,Water Supply,01,False,41.750934,-71.445058,0.0154015688522322,0.0433183690545118,0.0076301486701791,0.0053465754350672,0.8470330762498322,0.8719802564545948,0.0020338123951431,0.0013875384526457,0.0089376921302837,-0.009326298131449,-0.0279168002022795,-0.0249471802047626,100-1000 MCM,0.1-0.5,Water Supply,Northeast,-0.034355609210888885,0.006438809008609301,1.0939841587290184,1.2067324251376552
01129200,0.4801109951924168,122.73144308,32.308800000000005,Recreation,01,False,45.040324,-71.443971,0.1617266316829815,0.015999560196656,0.1129985171164267,0.0108116703247714,0.4121243178228219,0.825507878490431,-0.0004008056604513,-0.0072930435405031,-0.0018290894203882,-0.0198692904567199,0.1457270714863255,-0.413383560667609,100-1000 MCM,0.1-0.5,Recreation,Northeast,0.08076950411082202,0.06495756737550351,1.2249840911584513,1.1523894055804191
01154500,0.0833737971205421,37.0044552,14.630400000000002,Hydroelectric,01,False,43.126189,-72.436755,0.0080510046367364,0.0063586641057568,0.0072299083904065,0.0064553546127817,0.8769328773155866,0.8306007824925381,-0.0017099820164838,-0.0019797266853728,0.0022697731003933,-0.0011424178872381,0.0016923405309796,0.0463320948230484,10-100 MCM,<=0.1,Hydroelectric,Northeast,1.977619146233147e-05,0.001672564339517295,1.010419408091632,0.9838388977864657
01168500,0.2074582685916253,127.51118521,56.692800000000005,Hydroelectric,01,False,42.625918,-72.855096,0.0237850952377628,0.0060914251435142,0.0162689052797375,0.0012813306384639,0.7431858268198521,0.8214669854548193,-0.0011221611496194,-0.0027441470324154,0.00542185370442,-0.0058859545923971,0.0176936700942486,-0.0782811586349672,100-1000 MCM,0.1-0.5,Hydroelectric,Northeast,0.005899316505947499,0.011794353588301155,1.0850771486631918,1.0777720776967665
01170000,0.1435748842541393,127.51118521,56.692800000000005,Hydroelectric,01,False,42.535919,-72.653423,0.0109818978825274,0.0275219423696654,0.0121287826342125,0.09100466551576,0.7570851446919453,0.6405599252270843,-0.0003125299984723,-0.0024701560317725,0.0039513201817862,-0.0003446023950361,-0.016540044487138,0.116525219464861,100-1000 MCM,0.1-0.5,Hydroelectric,Northeast,-0.019551796949009555,0.0030117524618715336,1.0375124309208767,0.8261172704859804
01170500,0.0811880554579965,20.475798544,19.812,Hydroelectric,01,False,42.578697,-72.574533,0.0061886676555007,0.0122922973671584,0.0047017384636577,0.0097237820548549,0.8969005760136629,0.9104846593248016,-0.0011753560986652,-0.0013762590116607,0.0020707484714057,-0.0003652103586444,-0.0061036297116576,-0.0135840833111386,10-100 MCM,<=0.1,Hydroelectric,Northeast,0.00017314466637162647,-0.006276774378029231,1.0141610472929323,0.9891864989904754
01172500,0.8559050412818364,77.70935592,21.0312,Flood Risk Reduction,01,True,42.42509,-72.024521,0.0126549841201482,0.5598209824748343,0.0127732425167506,0.0018533089993159,0.4663685603039478,0.8149180798852365,0.1646033324323423,0.16372968322806,0.1734793394687282,0.0005554146079784,-0.547165998354686,-0.3485495195812886,10-100 MCM,0.5-1,Flood Risk Reduction,Northeast,-0.4706475164305536,-0.07651848192413241,0.9858697601461257,1.6497317564245249
01173000,0.4941013670790822,77.70935592,21.0312,Flood Risk Reduction,01,False,42.390646,-72.060355,0.0147461242218685,0.0070349253277053,0.0146655649699576,0.0061649227195017,0.7400194229671127,0.8385510805854335,0.047909728972549,0.040537936592674,0.0586542807060547,0.0002606258300504,0.0077111988941632,-0.0985316576183208,10-100 MCM,0.1-0.5,Flood Risk Reduction,Northeast,-0.003410358458046164,0.01112155735220938,0.9907476184242227,1.0863293720112879
01183500,0.204358635513269,78.94283775999999,45.72,Flood Risk Reduction,01,False,42.10676,-72.698981,0.0017448567731155,0.0201447624092076,0.0017061156035493,0.0079283440201333,0.7924443906247336,0.8096612193311027,0.0228182301405404,0.0248569575886761,0.0231196436363624,0.0062897438376887,-0.0183999056360921,-0.017216828706369,10-100 MCM,0.1-0.5,Flood Risk Reduction,Northeast,-0.015195659056850429,-0.0032042465792417206,1.0234290129006522,1.1757032063346475
01186000,0.393765270641818,10.52406705888,38.1,Hydroelectric,01,True,41.962873,-73.017606,0.1259712024297491,0.0098182682735766,0.120897045960133,0.0015265941913178,-0.1747324959213023,0.8036533737726871,0.4831351321436565,0.4812057973355373,0.5270715619862835,0.0806482236422769,0.1161529341561725,-0.9783858696939894,10-100 MCM,0.1-0.5,Hydroelectric,Northeast,0.05397520807328564,0.062177726082886874,1.1661652431454934,1.092798954715639
01188090,0.444693634587043,10.52406705888,38.1,Hydroelectric,01,False,41.755933,-72.886768,0.0540490101123395,0.0203096378963089,0.0333997818479027,0.0094242827162445,0.7787225380101813,0.825265252422817,0.0142530332586992,0.0097056048461912,0.026812983251046,0.0049648090559326,0.0337393722160306,-0.0465427144126356,10-100 MCM,0.1-0.5,Hydroelectric,Northeast,0.01901085143791793,0.014728520778112677,1.1801560169665612,1.1872493161913038
01192500,0.0989068611159534,10.731292008,8.2296,Water Supply,01,False,41.783155,-72.587311,0.0140483307189636,0.0437853635644406,0.0103379943384421,0.0068780673100977,0.7663367758719501,0.7899795696105294,-0.0056972826469466,-0.0096261129240947,-0.0006072656711803,-0.0046255400715918,-0.0297370328454769,-0.0236427937385792,10-100 MCM,<=0.1,Water Supply,Northeast,-0.033532337557616976,0.0037953047121400164,1.0713939167269735,1.3088093365842766
01205500,0.1373485547106716,29.0114928768,31.3944,Hydroelectric,01,True,41.383985,-73.167612,0.0063705443944257,0.0119268895293685,0.0034205167421081,0.0073609439974321,0.8485857506947988,0.8928388510621028,-0.0027488663284914,-0.0036527875942908,-0.0007144165723735,-0.0075922102338186,-0.0055563451349427,-0.044253100367304,10-100 MCM,0.1-0.5,Hydroelectric,Northeast,-0.00683755786322705,0.001281212728284274,1.047755392423758,1.1423646589778738
01206900,0.5519323640142991,77.70935592,41.7576,Flood Risk Reduction,01,True,41.673708,-73.069553,0.0107153153288291,5.106705089210657,0.0027433440111518,1.2300271662925215,0.534923291612003,-0.4905188726498564,0.0120531952411599,0.0070611712631662,0.0126016256281744,-0.0012669225526822,-5.095989773881828,1.0254421642618594,10-100 MCM,0.5-1,Flood Risk Reduction,Northeast,-5.020882594173076,-0.07510717970875165,1.1219713019310542,2.063820693184147
01208500,0.2154521490781794,77.70935592,41.7576,Flood Risk Reduction,01,False,41.442319,-73.062608,0.0299501945016074,0.0045492855886227,0.0065930482588976,0.0050317666799475,0.802444536928021,0.8294711094993313,-0.0018204674012261,-0.0036630916493731,-0.0026690145630519,-0.0001558821342158,0.0254009089129846,-0.0270265725713103,10-100 MCM,0.1-0.5,Flood Risk Reduction,Northeast,0.023423845600101315,0.001977063312883329,1.167796599444165,0.9533287004849551
01208925,1.2280743967058183,44.40534624,37.4904,Water Supply,01,False,41.165652,-73.270393,1.1989758995660285,0.0150540025638141,1.184183817694458,0.0063890950091928,-1.4190076616623868,0.740062073702942,0.395096356282824,0.4208389208002833,0.4630981646916563,0.0808208645803216,1.1839218970022145,-2.1590697353653288,10-100 MCM,>1,Water Supply,Northeast,1.0669538030115369,0.11696809399067742,2.6108216861804596,1.1061289379048753
01315000,0.7594492357961864,209.9817810324,14.3256,Recreation,02,True,43.756453,-74.267093,0.0317612372549939,0.0253792479577448,0.032033179761459,0.0034732113509858,0.3365502962146111,0.8187470624932125,-0.0070159351042988,-0.0833493625020295,-0.0631288063816972,-9.020996106134938e-05,0.0063819892972491,-0.4821967662786014,100-1000 MCM,0.5-1,Recreation,Northeast,-0.02375230458751182,0.030134293884760945,1.0018230228757579,1.244415205946573
01325000,0.4181137265580746,22.942762224,34.4424,Hydroelectric,02,True,43.31146,-73.867346,0.2253154235931039,0.0116213271184765,0.2242352845638637,0.038743064990832,-0.149962372766425,0.6787887204159002,0.3139238934767046,0.3429141863947553,0.4085681967141995,0.1676521434678429,0.2136940964746274,-0.8287510931823252,10-100 MCM,0.1-0.5,Hydroelectric,Northeast,0.0006358836307417315,0.2130582128438857,0.9731851197762263,0.9574996251416198
01327750,0.2439268938557489,38.23793704,44.500800000000005,Hydroelectric,02,True,43.269517,-73.595949,0.0453004007573665,0.0057656760303972,0.0437416656539264,0.004638551308055,0.6682195063348212,0.8598565925614678,0.0936134340766011,0.0907477209301613,0.1199279964039813,0.0626484527142904,0.0395347247269692,-0.1916370862266466,10-100 MCM,0.1-0.5,Hydroelectric,Northeast,-0.002895672510081061,0.04243039723705027,0.9991365520092939,1.0809214115266317
01336000,0.2171391557136577,77.87094204104,32.308800000000005,Navigation,02,True,43.264514,-75.436286,0.026584183946267,0.0267154811591626,0.0301783155362918,0.0155612685251492,0.465442960197907,0.6398206709059105,-0.0016358325995903,0.0001052335998635,0.0066422930932962,-0.0067977800670676,-0.0001312972128955,-0.1743777107080035,10-100 MCM,0.1-0.5,Other,Northeast,-0.02169241646265455,0.021561119249758967,0.9588502782383659,1.247560285129936
01346000,0.0754821022236786,93.991316208,25.2984,Hydroelectric,02,False,43.068959,-74.988212,0.0180963287907579,0.0466526749356064,0.0195430837624418,0.0440702690390559,0.7345825591029183,0.7745828556716035,-0.000944942361998,-0.0034749463119825,-0.000967803497851,-0.004754309399148,-0.0285563461448485,-0.0400002965686852,10-100 MCM,<=0.1,Hydroelectric,Northeast,-0.02842505589133531,-0.00013129025351326512,0.9063640211917802,1.181553537376127
01350355,0.1593124610486642,20.1427584472,50.292,Hydroelectric,02,False,42.537021,-74.41042,0.012948952731465,0.0235544607970174,0.0110163989471526,0.022003260131566,0.7106754273158908,0.7620016867206741,0.008429513879662,-0.0053984303427436,0.0055312335309314,0.0164723587109184,-0.0106055080655523,-0.0513262594047833,10-100 MCM,0.1-0.5,Hydroelectric,Northeast,-0.013054371810527609,0.002448863744975235,1.1837504326956634,1.271444195572502
01351500,0.0784003847866659,20.1427584472,50.292,Hydroelectric,02,False,42.800075,-74.262907,0.0085284701096368,0.0738509497160959,0.0062188027707903,0.0061034722057152,0.792278307245494,0.804071043865119,0.0020896870803246,-0.0098357535696462,0.0015932841936038,-0.0195819798548118,-0.065322479606459,-0.0117927366196249,10-100 MCM,<=0.1,Hydroelectric,Northeast,-0.051165288239705134,-0.014157191366753922,1.1303206167673783,1.3049649873387912
01364500,0.9166985173364464,484.13915523632,64.92240000000001,Water Supply,02,False,42.037869,-73.972081,0.0289847516228907,0.0132605416954617,0.0064066346352614,0.0142909564418255,0.6800828514359717,0.703243390633969,0.045126147243068,0.0263623184392446,0.0438363953268845,0.0303136624641828,0.015724209927429,-0.0231605391979973,100-1000 MCM,0.5-1,Water Supply,Northeast,0.018127508625624546,-0.002403298698195484,1.3138354485790367,0.8496356102642023
01375000,0.7178938120911792,89.92082613599999,53.0352,Water Supply,02,True,41.225094,-73.859303,0.0077192145391594,0.0045185399897717,0.0079867857561925,0.0102404281069808,0.7443012738188719,0.8306510451060248,-0.0021683120367524,0.0032512031160412,-0.0001805634973914,-0.0278535512345451,0.0032006745493876,-0.0863497712871529,10-100 MCM,0.5-1,Water Supply,Northeast,-0.0022194274138205576,0.00542010196320823,0.9806762890840887,1.0928281411146694
01378500,0.7144335689253071,13.2475949616,7.62,Water Supply,02,True,40.948333,-74.026667,0.1702186120037266,0.0165361993411559,0.1248646211331115,0.0059322178171246,0.6113348161080975,0.6282338339329808,-0.0070865061596459,-0.0210323614149177,-0.0034350140732604,-0.0413882931281756,0.1536824126625706,-0.0168990178248833,10-100 MCM,0.5-1,Water Supply,Northeast,0.14951877638945033,0.00416363627312032,2.522050789976468,1.1772251832225753
01381000,0.4574612246660852,34.53749152,9.144,Water Supply,02,True,40.896944,-74.394722,0.0289599052334773,0.0188396756789135,0.0053415886463674,0.0058605106502301,0.8490842654094148,0.6894808479240827,-0.0024704039289863,-0.0087703701136649,-0.0015836403065752,-0.0193447059603848,0.0101202295545638,0.1596034174853321,10-100 MCM,0.1-0.5,Water Supply,Northeast,0.011824813455153432,-0.0017045839005896159,1.2673467015368496,1.2477143463492135
01381900,0.1177491687051996,34.53749152,9.144,Water Supply,02,False,40.8625,-74.321389,0.0018279455475601,0.0251286749084806,0.0203454618604511,0.02235448635134,0.7497424055311013,0.756548371224822,0.0718265323731964,0.0703310829578778,0.0715759558896199,0.0183290854002062,-0.0233007293609205,-0.0068059656937207,10-100 MCM,0.1-0.5,Water Supply,Northeast,-0.019177808224396808,-0.0041229211365237045,0.9754329293594539,1.230494021969446
01383500,0.9974676103488744,16.36707053496,5.1816,Recreation,02,False,41.160278,-74.333611,0.1688093946707133,0.0105799521301641,0.167646476140278,0.000544283111497,0.2473558324918083,0.6458898495745024,0.1805145937542029,0.1779582611985552,0.2340490433989527,0.0477886786157502,0.1582294425405491,-0.398534017082694,10-100 MCM,0.5-1,Recreation,Northeast,0.0942864364712753,0.06394300606927382,1.4606256868989225,1.3015489739693373
01396800,0.6168111410242432,41.5313335528,28.346400000000003,Water Supply,02,True,40.64,-74.915556,0.0560515937064948,0.0079718077478217,0.0560378216400031,0.0116124790563522,0.4237652789604285,0.7528198767640892,0.0042401120737775,-0.0156327452655299,0.0552816589621245,0.0069721424309774,0.0480797859586731,-0.3290545978036607,10-100 MCM,0.5-1,Water Supply,Northeast,-0.0019865783846787434,0.050066364343351925,0.9617572662455539,0.9361185844906172
01417000,1.6448671890849822,518.4077477152,62.1792,Water Supply,02,True,42.075087,-74.976275,0.0998188230539688,0.0114684491512914,0.0865944986596731,0.0084858256801232,0.266237278656572,0.7475348007842739,-0.1823954932871381,-0.1516577774801385,-0.0780208423135378,0.0438629794353313,0.0883503739026774,-0.4812975221277019,100-1000 MCM,>1,Water Supply,Northeast,0.06777689745760826,0.020573476445069162,1.616711791191913,1.1706440696659695
01417500,1.0790075093991245,518.4077477152,62.1792,Water Supply,02,False,42.024809,-75.11989,0.0151614126990766,0.0099503366378485,0.0095417201365279,0.0092718828849004,0.6016740910198353,0.7778072923497809,-0.0380044971557131,-0.0523584343665692,-0.0478246623013703,-0.0652080368915564,0.0052110760612281,-0.1761332013299456,100-1000 MCM,>1,Water Supply,Northeast,-0.0028093339202814828,0.008020409981509588,1.1418192769636286,1.1607718759342076
01421000,0.4170478548612384,518.4077477152,62.1792,Water Supply,02,False,41.973143,-75.174058,0.0051666024235246,0.0048700837974673,0.0053372609525528,0.0037672308737704,0.7925800255333442,0.7881141998487905,0.0009484074595202,0.0056670175411994,0.0005362174113072,-0.0332022759563034,0.0002965186260572,0.0044658256845536,100-1000 MCM,0.1-0.5,Water Supply,Northeast,-0.000608614425119513,0.0009051330511767588,0.977920608823177,1.04710769776445
01425000,0.5366688023012848,371.27680035816,53.34,Water Supply,02,True,42.074806,-75.396009,0.0221216334824036,0.0217850934961091,0.0477789624838042,0.0175680143965478,0.5397431547120148,0.6898898536688913,0.0250736128429286,0.0064311436840025,0.0300761634518836,-0.0244996762631986,0.0003365399862944,-0.1501466989568765,100-1000 MCM,0.5-1,Water Supply,Northeast,-0.01599609465336461,0.0163326346396591,0.9362646538426831,1.248616900698753
01426500,0.4008365518154757,371.27680035816,53.34,Water Supply,02,False,42.00314,-75.383508,0.0178847557068453,0.0014878045005422,0.0471720152868106,0.0024112135104808,0.675565188601466,0.79369844113852,0.0071017609023168,0.0043609846101522,0.0055357026099235,-0.046548152231808,0.016396951206303,-0.1181332525370539,100-1000 MCM,0.1-0.5,Water Supply,Northeast,0.00732474969996827,0.009072201506334823,0.8868044882939989,0.9621551466340011
01429500,0.5075212405561513,58.343691032,33.528,Flood Risk Reduction,02,True,41.60731,-75.26712,0.0030641661813956,0.0059553144723315,0.0020535478205101,0.0055769911114204,0.7535323671403001,0.7941975225552097,0.0050273939242498,0.0067699321562069,0.0044322735841512,0.0001304465768254,-0.0028911482909359,-0.0406651554149095,10-100 MCM,0.5-1,Flood Risk Reduction,Northeast,-0.00011086533819351153,-0.0027802829527424043,1.0516739046256485,1.0457308496719895
01435000,0.6968645374412005,134.29163488448,57.912000000000006,Water Supply,02,True,41.890092,-74.589879,0.0762042846709178,0.0090415152011312,0.0982117362679973,0.0024735570966654,0.3041495181465208,0.6874692622008503,-0.0075602525169231,-0.0144759503280091,0.0111549193530506,-0.0404325530828422,0.0671627694697866,-0.3833197440543294,100-1000 MCM,0.5-1,Water Supply,Northeast,0.031130054748542635,0.036032714721244044,0.7073365898648922,1.168025992034924
01436000,1.5091436906356177,134.29163488448,57.912000000000006,Water Supply,02,True,41.820091,-74.635437,0.0871371969151489,0.0174847087869326,0.0367389082959914,0.0102830843906206,0.3340286172122183,0.7436746232735842,-0.0527023073939753,-0.0444006663986993,-0.0526736828452266,-0.0249556421015409,0.0696524881282163,-0.4096460060613659,100-1000 MCM,>1,Water Supply,Northeast,0.047408603313316276,0.02224388481490002,1.6120269140907477,1.1650316244791261
01437500,0.2870803335728334,134.29163488448,57.912000000000006,Water Supply,02,False,41.441204,-74.601828,0.0051051473662032,0.0038781532210761,0.0039510884792924,0.0047514284173357,0.788506908691089,0.8255364602424465,-0.0007061748699445,-0.0016254641644116,-0.0004236430046864,-0.002624136470367,0.0012269941451271,-0.0370295515513575,100-1000 MCM,0.1-0.5,Water Supply,Northeast,0.001813591383833656,-0.0005865972387065267,1.0567917287154014,1.0005200145122517
01449800,0.583266919829861,50.8441214448,53.9496,Flood Risk Reduction,02,True,40.845648,-75.645744,0.0906581759492999,0.0536660245616611,0.021209156469825,0.0083094551491379,0.2306456071531888,0.7837389613397868,0.3902651098988691,0.3999044751825172,0.3906079294521999,0.2429077521644081,0.0369921513876387,-0.553093354186598,10-100 MCM,0.5-1,Flood Risk Reduction,Northeast,0.040268270976862856,-0.003276119589224087,1.3099193305096952,1.252707275841339
01459500,0.3061828155027313,49.3392736,34.1376,Recreation,02,False,40.433715,-75.116561,0.0146677208791559,0.0185484406429269,0.0037154558213099,0.0177991946618554,0.7405825555298671,0.6389983279093485,0.0174227710276171,0.0238194576341468,0.0187779712211897,0.030637999757309,-0.003880719763771,0.1015842276205185,10-100 MCM,0.1-0.5,Recreation,Northeast,0.00037873527254768564,-0.004259455036318714,1.2603199384523,1.1386128773655588
01470960,0.1084033414997146,28.24303369048,30.48,Flood Risk Reduction,02,True,40.370648,-76.025216,0.0205563164928478,0.0067723278706338,0.0173387067733152,0.0064039727269974,0.5447516574247178,0.7225262891730135,0.0174023262245295,0.0128006146876056,0.0246674375257617,0.0206336953533867,0.0137839886222139,-0.1777746317482957,10-100 MCM,0.1-0.5,Flood Risk Reduction,Northeast,0.004671209695600422,0.009112778926613517,1.1050173517385349,1.1001090028044018
01471000,0.0904967367160912,28.24303369048,30.48,Flood Risk Reduction,02,False,40.368982,-75.979102,0.0204534559982872,0.027490649351892,0.0131877526919392,0.0085821694216619,0.6359994219991776,0.6296538280673494,0.0073956723176393,0.0009259228751068,0.0141476215555742,0.0033880434198656,-0.0070371933536048,0.0063455939318282,10-100 MCM,<=0.1,Flood Risk Reduction,Northeast,-0.008900203307044845,0.0018630099534400184,1.1000502256001474,1.2427400267692579
01518000,0.0292994853406407,12.2669768988,42.9768,Flood Risk Reduction,02,True,41.908407,-77.129415,0.0028297779580257,0.0274667687693199,0.0029658163584222,0.0162031166516211,0.558433514375198,0.7562843255190964,0.109613802307479,0.0974713302353259,0.1052280742188407,0.0061576497206226,-0.0246369908112942,-0.1978508111438984,10-100 MCM,<=0.1,Flood Risk Reduction,Northeast,-0.01601259992337313,-0.008624390887921067,0.9956437705645322,1.1913947211324676
01518700,0.0467857685578575,12.2669768988,42.9768,Flood Risk Reduction,02,False,41.952574,-77.115249,0.02513454062546,0.0138006185747827,0.014703503142424,0.0058866588353251,0.56449916889095,0.7355626724569064,0.1184307232219807,0.1007349987080901,0.1140235686389152,0.0477129827462587,0.0113339220506772,-0.1710635035659564,10-100 MCM,<=0.1,Flood Risk Reduction,Northeast,0.010839567802779143,0.0004943542478981558,1.2443150189718495,1.2509949737115582
01520000,0.1237886827389487,36.85150345184,46.0248,Flood Risk Reduction,02,True,41.99674,-77.139972,0.0039092122504832,0.0174051073767134,0.0014535531012238,0.0189027526773692,0.4754357022943107,0.7835628991322863,0.1399996598206158,0.1151798465032562,0.1378565112185398,0.0520670668328848,-0.0134958951262301,-0.3081271968379755,10-100 MCM,0.1-0.5,Flood Risk Reduction,Northeast,-0.006616072140781024,-0.00687982298544916,1.0885204468760712,0.9424225350001212
01534300,0.2074023068160662,14.80178208,23.4696,Flood Risk Reduction,02,True,41.679805,-75.47185,0.4702187680899887,0.0168930223827945,0.0080460741115186,0.001934441704607,0.4946828467633178,0.6991070656731635,0.0695257286210784,0.0695428832605891,0.0696471446126059,0.0028068401946825,0.4533257457071942,-0.2044242189098456,10-100 MCM,0.1-0.5,Flood Risk Reduction,Northeast,0.3826234663680601,0.07070227933913403,1.857556786157718,1.2011314724725777
01534500,0.076404595441299,14.80178208,23.4696,Flood Risk Reduction,02,False,41.504526,-75.54213,0.1426625577377402,0.0053096764727995,0.0871893363627731,0.0031412135395412,0.667309127361299,0.706413426863507,-0.0011995392061541,-0.001681194860723,-0.004787196537483,-0.0003622684061272,0.1373528812649407,-0.039104299502208,10-100 MCM,<=0.1,Flood Risk Reduction,Northeast,0.1206283667958791,0.016724514469061605,1.4225829367304557,1.119839021349603
01541200,0.0203231203822285,11.71807748,39.9288,Flood Risk Reduction,02,True,40.961447,-78.519191,0.0042207243748069,0.002238924047402,0.0042039473846276,0.0016478711549365,0.6923594498179497,0.7693314504114395,0.0527264778112448,0.0375541303770587,0.0550483938031689,0.0073187550861343,0.0019818003274049,-0.0769720005934897,10-100 MCM,<=0.1,Flood Risk Reduction,Northeast,-0.0008160368042377394,0.0027978371316426578,1.0294457824107373,1.0891958103359556
01541303,0.0197940916061291,11.71807748,39.9288,Flood Risk Reduction,02,False,41.004502,-78.456689,0.0046136718398859,0.0035429549981543,0.0041400834783547,0.0029175798554091,0.7896870496581737,0.6867702073066283,0.0196839797361438,0.0146588447101896,0.0212042442607951,0.001385173596765,0.0010707168417316,0.1029168423515454,10-100 MCM,<=0.1,Flood Risk Reduction,Northeast,-0.0009889977447979947,0.0020597145865296086,1.0467828688242666,1.1125900059917422
01547500,0.0815905972552471,35.524276992,30.48,Flood Risk Reduction,02,True,41.051731,-77.604438,0.0502247791191029,0.0206089473407996,0.0504166306128287,0.0070198238300651,0.2487082285925514,0.8487303757868245,0.2645866436647894,0.2211076076735228,0.2703943904084073,0.1405868104568425,0.0296158317783033,-0.600022147194273,10-100 MCM,<=0.1,Flood Risk Reduction,Northeast,-0.009812965029216246,0.03942879680751955,1.047041206103987,1.130529797604055
01563200,0.6068357033244853,634.00966576,68.58,Flood Risk Reduction,02,True,40.428964,-77.991114,0.0013729192214182,0.0043405543229422,0.0043532612666755,0.0041731433136989,0.6235263020103353,0.7800336223829295,0.0550501934892443,0.0290401839251306,0.0558887603805844,-0.1080262935405547,-0.002967635101524,-0.1565073203725941,100-1000 MCM,0.5-1,Flood Risk Reduction,Northeast,-0.002875502115670085,-9.213298585396225e-05,1.0057462017526337,1.0807575844278112
01563500,0.2696125801097618,634.00966576,68.58,Flood Risk Reduction,02,False,40.392299,-77.935,0.0010967615309746,0.0187190699589887,0.002983487966324,0.0172057156476261,0.8455922322354394,0.776786197892253,-0.0023438567615619,-0.0027044034880117,-0.0024934919694252,-0.0165099920086355,-0.017622308428014,0.0688060343431864,100-1000 MCM,0.1-0.5,Flood Risk Reduction,Northeast,-0.015988477763711925,-0.001633830664302114,1.0170692596288775,1.2297226097844913
01574500,1.4970416086038372,59.20712832,25.2984,Flood Risk Reduction,02,True,39.87871,-76.853307,0.1831451836367312,0.0606925878559915,0.0227140578058805,0.0083915593665887,0.6289664428113846,0.7476050382596737,-0.0066742331788219,-0.0097418958448648,0.0007756598621784,-0.0352331350181773,0.1224525957807396,-0.1186385954482891,10-100 MCM,>1,Flood Risk Reduction,Northeast,0.08206306374064212,0.04038953204009752,1.3778935736921443,1.2906105160814707
01582500,0.4093335610850673,74.132258584,47.244,Water Supply,02,False,39.549694,-76.636111,0.0651767298803651,0.0695881323430251,0.0576336168896858,0.0080897225087875,0.5075635142883184,0.6786405205244055,0.0019173084482914,0.0043535281431683,0.010047257561206,-0.0003909854690411,-0.0044114024626599,-0.1710770062360871,10-100 MCM,0.1-0.5,Water Supply,Northeast,-0.00896967843541989,0.004558275972759929,1.1722419057126623,1.3599415512194344
01591610,0.2818729537376809,21.215887648,24.9936,Hydroelectric,02,True,39.192194,-77.004389,0.0374423916841979,0.0250274288081392,0.0348690458388526,0.0093863311041667,-0.0824815290445861,0.7672928188723505,0.316067804828652,0.2838372809037111,0.3331940170109301,-0.006521367317956,0.0124149628760587,-0.8497743479169366,10-100 MCM,0.1-0.5,Hydroelectric,Northeast,-0.01472450074998618,0.0271394636260449,1.097902118230116,1.2711937717462392
01592500,0.6038591673661992,20.96919128,42.3672,Water Supply,02,True,39.115722,-76.87375,0.3001876637090601,0.1381705615869634,0.1264742036800157,0.0059835895741509,0.1279290690962262,0.6714243294739546,0.1553652304225933,0.0870793115349276,0.1630592143262854,0.0094330386632912,0.1620171021220966,-0.5434952603777283,10-100 MCM,0.5-1,Water Supply,Northeast,0.13125265103440723,0.030764451087689382,1.9169967162032342,1.7742917781241925
01594440,0.117865849191076,20.96919128,42.3672,Water Supply,02,False,38.955917,-76.693694,0.0264891962243286,0.0587540285307049,0.0350605302848685,0.0276450217012596,0.6285033230723823,0.7854474222780855,-0.0040431562153516,-0.0036075900874611,-0.0040889567405731,-0.0047566744641704,-0.0322648323063762,-0.1569440992057031,10-100 MCM,0.1-0.5,Water Supply,Northeast,-0.028478426724760975,-0.0037864055816153007,1.196514399436542,1.401749231684071
01597500,0.1636704766098458,24.6696368,56.083200000000005,Flood Risk Reduction,02,True,39.50275,-79.123972,0.0289806187015454,0.0142532278207907,0.0134721534518199,0.0130194061389735,0.4517338592808196,0.7458248823035512,0.1341941666109892,0.1598962787382421,0.1391824947042303,0.011337543729222,0.0147273908807547,-0.2940910230227315,10-100 MCM,0.1-0.5,Flood Risk Reduction,Northeast,0.00944509923032957,0.0052822916504251735,1.1460358301848652,1.0341035988896714
01671020,1.2135339797068008,376.2119612,30.48,Hydroelectric,02,False,37.85014,-77.427759,0.0243881382073565,0.0140888479056193,0.0147156775359106,0.0103405098968946,0.7311877758260326,0.6211198923064476,-0.0052392675224672,-0.0121471835474312,-0.0063304917754668,-0.305816096199649,0.0102992903017371,0.1100678835195849,100-1000 MCM,>1,Hydroelectric,Northeast,0.015034887582043084,-0.004735597280305947,1.274328652052453,1.1608128876217758
02011800,0.5080342289019305,152.581703608,78.3336,Flood Risk Reduction,02,True,37.948458,-79.949224,0.0234612072234524,0.0333076642843228,0.0160913243574645,0.0321775977130239,0.1951013279084535,0.6725352498188113,0.4731870856133079,0.4806910571859406,0.4644285775413905,0.4151926333799349,-0.0098464570608704,-0.4774339219103577,100-1000 MCM,0.5-1,Flood Risk Reduction,Northeast,-0.026177291223816707,0.016330834162946273,1.0396081975690221,1.3243458552037193
02013100,0.3153543935392538,152.581703608,78.3336,Flood Risk Reduction,02,False,37.788736,-80.000613,0.0180148566751633,0.0028133324764842,0.0071428756219116,0.0026660827184235,0.6797498810493108,0.8503913938377179,0.1055716473484513,0.1058251910844696,0.1131282639732638,0.0933359500874383,0.0152015241986791,-0.1706415127884071,100-1000 MCM,0.1-0.5,Flood Risk Reduction,Northeast,0.004995940162099345,0.010205584036579767,1.098031703204445,1.0506547528210728
02034000,0.0916283784638829,47.612399024,15.24,Hydroelectric,02,False,37.857919,-78.265837,0.0082736928318716,0.014916421173495,0.0062648140703343,0.001782149362319,0.7658774633763689,0.8336435456358734,-0.0051657577823026,-0.004046319107268,-0.0052938306929424,0.0008422349952269,-0.0066427283416233,-0.0677660822595045,10-100 MCM,<=0.1,Hydroelectric,Northeast,-0.006225224234878457,-0.00041750410674488807,1.1606744326879301,1.132300853985816
02041650,0.0576191147735205,43.60851697136,22.250400000000003,Water Supply,02,True,37.22515,-77.475263,0.0110190999692513,0.0072452106255105,0.0055029386771247,0.0058174557406116,0.7716379102231335,0.7798323572034421,0.0594134225747829,0.0585551390061633,0.0582595986769243,0.0016739241556376,0.0037738893437407,-0.0081944469803085,10-100 MCM,<=0.1,Water Supply,Northeast,0.0052551771987697634,-0.0014812878550289647,1.1585381875921783,1.129094515193514
04273500,0.144830837266828,10.977988376,7.315200000000001,Hydroelectric,02,False,44.68171,-73.471246,0.0139007546562218,0.0034434409690349,0.0145080451716468,0.0031092204934362,0.8509920358233765,0.8049881500762546,-0.0024302394732379,-0.0034498773806383,-0.0010273976495182,-0.0001132844830213,0.0104573136871869,0.0460038857471218,10-100 MCM,0.1-0.5,Hydroelectric,Northeast,0.009569783261504433,0.0008875304256825336,0.9234775753913681,1.052360511474808
04285500,0.3149456556848356,44.40534624,35.052,Flood Risk Reduction,02,True,44.299503,-72.578721,0.0106410447513504,0.0246672732600769,0.004559671052034,0.017173974149037,0.7396299852429951,0.6830799132861628,0.0014901404988522,0.0022732431802984,-0.0030534182204783,0.0005608080223226,-0.0140262285087265,0.0565500719568322,10-100 MCM,0.1-0.5,Flood Risk Reduction,Northeast,-0.018229756800102477,0.004203528291375944,1.0657287469410588,1.1492860334376611
04289000,0.4158711389402693,108.54640192,56.997600000000006,Flood Risk Reduction,02,True,44.370056,-72.769285,0.0248852671519635,0.012094572209886,0.0255469921712535,0.0018541158863978,0.5167430731718421,0.7478748404826858,0.0014572000965399,0.0025569246321547,0.0022441372012377,0.0001512749651698,0.0127906949420774,-0.2311317673108437,100-1000 MCM,0.1-0.5,Flood Risk Reduction,Northeast,-0.010517530628175925,0.023308225570253416,0.9904669952791927,1.207992826994553
04292500,0.0451034843633365,12.3348184,12.192,Hydroelectric,02,True,44.679215,-73.072636,0.0176337918093001,0.0117275050547285,0.0125510736142492,0.004535560391417,0.8111461879835853,0.8275335673222269,-0.0070939292753207,-0.0084593936675395,-0.0049621221781264,-0.0013703648391354,0.0059062867545716,-0.0163873793386416,10-100 MCM,<=0.1,Hydroelectric,Northeast,-0.0036684872403748604,0.00957477399494647,1.0831080412730392,1.1530588936886805
02060500,1.0840975899689953,117.1314355264,27.432,Hydroelectric,03,False,37.104587,-79.295301,0.025736520740292,0.0159828855610353,0.0039767190032466,0.0147912184038144,0.7856519759349405,0.7957388742786311,0.0151233547287609,0.0101869099571747,0.0149985689717254,-0.0572896975502557,0.0097536351792567,-0.0100868983436905,100-1000 MCM,>1,Hydroelectric,Southeast,0.009866284318475381,-0.00011264913921865682,1.1853356837134055,1.222769747460316
02062500,0.8115696531084023,117.1314355264,27.432,Hydroelectric,03,False,37.041252,-78.950291,0.0333457018466984,0.00292537807418,0.0109269499078119,0.0022241758632532,0.8234597566324301,0.7773983806010031,-0.0043800971832107,-0.0019015808406215,-0.0041823136312076,-0.0555989276488806,0.0304203237725183,0.046061376031427,100-1000 MCM,0.5-1,Hydroelectric,Southeast,0.02995627218628399,0.00046405158623438704,1.2267691520305224,1.0766950458495619
02066000,0.6643769878289045,117.1314355264,27.432,Hydroelectric,03,False,36.915142,-78.740838,0.0349215389703348,0.0059658203721613,0.0136819613578845,0.0037344427282049,0.7986490405163099,0.7426531041349202,0.0108694797537908,0.0119588704188342,0.0117270005356358,-0.0165943203442261,0.0289557185981734,0.0559959363813896,100-1000 MCM,0.5-1,Hydroelectric,Southeast,0.029556675055902322,-0.0006009564577288424,1.2420679284398464,1.1100859276958968
02072000,0.9037526788619392,204.9923469896,67.056,Flood Risk Reduction,03,True,36.780693,-80.024765,0.0774788261279794,0.0207440202674395,0.073022103670145,0.016498032726371,-0.0008341639215088,0.612071215969171,0.3452128120044549,0.3470706815332663,0.362016605600634,0.3414133937904114,0.0567348058605398,-0.6129053798906798,100-1000 MCM,0.5-1,Flood Risk Reduction,Southeast,0.033763192307160295,0.02297161355337959,1.2264955804263613,1.3608165454969647
02072500,0.7542452828916762,204.9923469896,67.056,Flood Risk Reduction,03,False,36.770137,-80.000875,0.0852970942587188,0.0086301474615214,0.0657862716376553,0.0064947620413378,0.1503787055419354,0.8084069131138902,0.2826683989275282,0.289264980261733,0.2923164913470316,0.2695484032754005,0.0766669467971974,-0.6580282075719548,100-1000 MCM,0.5-1,Flood Risk Reduction,Southeast,0.06134988942136952,0.015317057375827878,1.2420540880633095,1.2508678110087434
02073000,0.5223154913012674,204.9923469896,67.056,Flood Risk Reduction,03,False,36.661249,-79.880595,0.147649998405514,0.0274736674566963,0.0623214950745351,0.0271543291880005,0.4990540087278187,-0.0613946346567519,0.0132342191527625,0.0102528122836467,0.0241071461724688,0.0806033360858248,0.1201763309488176,0.5604486433845707,100-1000 MCM,0.5-1,Flood Risk Reduction,Southeast,0.13146048398585222,-0.011284153037034516,1.3389553888922616,1.0029974746745052
02074000,0.3705070134424575,204.9923469896,67.056,Flood Risk Reduction,03,False,36.525556,-79.765556,0.0508816271710847,0.1227497955563354,0.014387760250645,0.051346639116238,0.6839615938792862,0.6482362436159419,-0.0029479648713872,-0.0121043807837399,-0.0023785635750006,0.0298514926432739,-0.0718681683852507,0.0357253502633443,100-1000 MCM,0.1-0.5,Flood Risk Reduction,Southeast,-0.07173733498049487,-0.00013083340475589927,1.2175607732469023,1.703955308659421
02077303,1.0554043531481705,96.21158352,20.7264,Recreation,03,True,36.5225,-78.9975,0.0666616116472152,0.0049714588322487,0.0228012518117381,0.0009525846844398,0.6305621290536538,0.8374914050398061,0.0454610591334495,0.0590826948882863,0.0299524329508205,0.0328471286227444,0.0616901528149664,-0.2069292759861523,10-100 MCM,>1,Recreation,Southeast,0.05233689534419876,0.009353257470767672,1.6621171609954728,1.145187188010815
02077500,0.568358490563864,96.21158352,20.7264,Recreation,03,False,36.587917,-78.89862,0.0072066914668118,0.0094111851216662,0.0028917173548721,0.0093015591086619,0.7080048620694568,0.7916071626842167,0.0287286186299131,0.0271132407396054,0.0247353715245224,0.0513093914651827,-0.0022044936548543,-0.0836023006147599,10-100 MCM,0.5-1,Recreation,Southeast,0.000166726152401684,-0.0023712198072560736,1.1498419013719516,1.0803049810599734
02082506,0.0282357227800525,13.814996608,10.668,Other,03,True,35.900556,-77.865556,0.0116999391103611,0.042208857665258,0.0013211217442311,0.0301915081529606,0.6577501343920403,0.8361277936238134,0.0326305299176938,0.0232866364962783,0.0299556362493709,0.0003730008988382,-0.0305089185548968,-0.178377659231773,10-100 MCM,<=0.1,Other,Southeast,-0.031383911185935386,0.0008749926310385372,1.169847240392952,1.1985392294099633
02085500,0.1273466034659983,15.295174816,28.041600000000003,Other,03,True,36.182778,-78.878889,0.0094130536757626,0.0043108387107123,0.0012343401666306,0.0016496058426953,0.7662769644064532,0.6665894107407783,-0.0161340866544976,-0.0408763575707534,-0.0156222073574694,-0.0014569179681361,0.0051022149650502,0.0996875536656749,10-100 MCM,0.1-0.5,Other,Southeast,0.004974231080738409,0.00012798388431184415,1.320285717865895,1.0790656343982237
02094500,0.5697484340805994,25.00761082416,12.4968,Recreation,03,True,36.173056,-79.614167,0.0194400039276486,0.0032735703949504,0.0148146026937187,0.0021760594341325,0.6933876920344917,0.6786042200217077,-0.0028580034009149,-0.0036371983287538,-0.0047647597661043,-0.0032447939990976,0.0161664335326981,0.0147834720127839,10-100 MCM,0.5-1,Recreation,Southeast,0.015980387638878827,0.0001860458938193186,1.4204430375016983,1.1641916446300473
02102500,0.2523645811334617,265.3589482392,34.7472,Flood Risk Reduction,03,False,35.406111,-78.813333,0.017037708429169,0.0033371167401379,0.0067161669459624,0.0017541521286229,0.3845824831046083,0.8676237605255559,0.3130968667218986,0.2918035531029288,0.3103893381149805,0.2953942441636185,0.013700591689031,-0.4830412774209476,100-1000 MCM,0.1-0.5,Flood Risk Reduction,Southeast,0.00998120507765608,0.0037193866113750056,1.1436479746548551,1.0786462536437342
02105769,0.1574842018682118,24.6696368,7.010400000000001,Navigation,03,True,34.404444,-78.293611,0.0059743264224639,0.0028835509921015,0.0028253187401103,0.0026029099176998,0.5485484888465861,0.9136838990211498,0.2772628868146116,0.2681290347058642,0.2777737899365083,0.2593058802514083,0.0030907754303624,-0.3651354101745636,10-100 MCM,0.1-0.5,Other,Southeast,0.002194522623838698,0.0008962528065237681,1.0632123475288078,1.0491165944516765
02112000,0.0823003598300965,50.57275544,45.110400000000006,Flood Risk Reduction,03,False,36.1525,-81.145556,0.0557374332482318,0.0037163333869895,0.0497235503095426,0.0012357728469236,0.5537340011158038,0.7934540263716241,0.1433103255747837,0.1432383994746126,0.1436940558474831,0.1084581855681376,0.0520210998612423,-0.2397200252558202,10-100 MCM,<=0.1,Flood Risk Reduction,Southeast,0.050163016127350434,0.0018580837338919012,1.1925197171719386,1.1453562440391705
02112250,0.0504473340997123,50.57275544,45.110400000000006,Flood Risk Reduction,03,False,36.241111,-80.846667,0.0358206351401449,0.065752258449738,0.0157386143128707,0.0509021652215833,0.7521174916826274,0.5174928514469299,0.0177886751274446,0.0066998441367518,0.0159810055820925,0.0117875192695607,-0.0299316233095931,0.2346246402356975,10-100 MCM,<=0.1,Flood Risk Reduction,Southeast,-0.017996838374532247,-0.011934784935060935,1.15684808504454,1.3270804271131869
02129000,0.1616496535856818,119.64773848,23.4696,Hydroelectric,03,False,34.945833,-79.869722,0.0076087945993333,0.016111182616354,0.0026701727924417,0.003815894428249,0.8284320793761744,0.8131637374990296,0.0023304585309307,0.0003809442065461,0.0022525133796913,0.0059755167451175,-0.0085023880170207,0.0152683418771447,100-1000 MCM,0.1-0.5,Hydroelectric,Southeast,-0.00800107436957933,-0.0005013136474413954,1.1115662488631273,1.1833349411309588
02161000,0.1921505291495957,39.47141888,16.764,Hydroelectric,03,False,34.243203,-81.319541,0.0296915606973482,0.0090018514593993,0.019868322228287,0.008117544240424,0.853527492787258,0.7719878248300963,-0.0003955522211833,0.0016831630081268,0.0001896296410076,0.0005495330109079,0.0206897092379488,0.0815396679571617,10-100 MCM,0.1-0.5,Hydroelectric,Southeast,0.021501629753949154,-0.0008119205160002727,1.2157009626550077,1.130453303654139
02167000,0.3735545498928991,315.77135104,24.9936,Hydroelectric,03,False,34.17791,-81.860946,0.0761807840204597,0.0060161091257199,0.0615529846223033,0.0051004658134447,0.7355747397582479,0.7852914009669951,-0.0019212273468496,-0.0034000091099722,0.0022806318707039,-0.0638535917160403,0.0701646748947397,-0.0497166612087471,100-1000 MCM,0.1-0.5,Hydroelectric,Southeast,0.06327226655021087,0.0068924083445288924,1.2716178244271918,1.2124550132180323
02169000,1.7188682092789156,2590.311864,71.3232,Hydroelectric,03,False,34.014042,-81.087872,0.0505803396422993,0.0079797324027684,0.0415933889777728,0.002992360116849,0.4662015365002916,0.7592481033841699,0.0386606872607819,0.0403863824159553,0.0455238862755372,0.0252212692210912,0.0426006072395309,-0.2930465668838783,>1000 MCM,>1,Hydroelectric,Southeast,0.031031596837603204,0.011569010401927732,1.2349744214827523,1.1871839731890181
02169500,0.6388882099879105,39.47141888,16.764,Hydroelectric,03,False,33.99321,-81.049815,0.0476561496671201,0.0036519086834083,0.033755863462136,0.0021674827557323,0.8459931577911501,0.9002707120434144,0.0014151827290507,0.0038412562662514,0.0015388815926105,-0.0012180420525176,0.0440042409837117,-0.0542775542522642,10-100 MCM,0.5-1,Hydroelectric,Southeast,0.044999223561507165,-0.0009949825777953855,1.2546215794254014,1.0696789176403365
02197000,1.4261255309556553,11.841425664,21.336,Water Supply,03,True,33.373752,-81.942893,0.1594183059660992,0.0022140649143139,0.1419217546605045,0.0021169390680918,0.198143719697067,0.7981532169559254,0.341190710263234,0.3399327505463536,0.374771366193362,0.33530815440471,0.1572042410517852,-0.6000094972588584,10-100 MCM,>1,Water Supply,Southeast,0.12170519636181443,0.035499044689970824,1.2679049421016568,1.0502302532003733
02223500,0.3092661546686084,410.74945272,32.004000000000005,Hydroelectric,03,False,32.544611,-82.894587,0.0348798223620081,0.0065965050467982,0.0248983827723979,0.0025214691874184,0.5573281327837745,0.6174685493066903,0.246187500744011,0.2460451543652395,0.2477566692588031,0.2917416222309514,0.0282833173152099,-0.0601404165229157,100-1000 MCM,0.1-0.5,Hydroelectric,Southeast,0.026543929667387063,0.0017393876478228416,1.2496270558953655,1.1025920926256054
02294491,1.5292592782469057,54.33240808832,3.048,Flood Risk Reduction,03,True,27.938358,-81.851193,0.0225434694964218,0.2300915634676071,0.021290975077222,0.045902934926581,0.4526939253501885,0.6525536729950441,0.2097007460557599,0.1893892518005622,0.2148965513324328,0.0297514232154987,-0.2075480939711852,-0.1998597476448556,10-100 MCM,>1,Flood Risk Reduction,Southeast,-0.21273607612860995,0.0051879821574247545,1.2812747128294009,1.760699788468174
02294650,1.6522326025734209,54.33240808832,3.048,Flood Risk Reduction,03,False,27.902248,-81.817304,0.0079643182221994,0.0151308860782607,0.0073346204499882,0.0016793270050309,0.5656812232130353,0.8688371524231127,0.1288609490703043,0.1145867494136779,0.1325172888932584,0.0425936767462984,-0.0071665678560613,-0.3031559292100774,10-100 MCM,>1,Flood Risk Reduction,Southeast,-0.007194495579735945,2.792772367460339e-05,1.133076458682863,1.2936423927377807
02315500,0.1040853137254836,121.64227861528,3.9624,Fish and Wildlife Pond,03,False,30.325781,-82.738183,0.0174301193430297,0.0469463119810467,0.0181054503892991,0.0330556158099417,0.8342917636278397,0.7645847824177509,-0.000375690706141,-0.0017902332479077,-0.0270700373933577,-0.0006716143276938,-0.0295161926380169,0.0697069812100888,100-1000 MCM,0.1-0.5,Other,Southeast,-0.03645528460311304,0.006939091965096046,1.1644601207544731,1.3457922362187926
02334430,1.7240535848198353,2364.58468728,70.4088,Flood Risk Reduction,03,True,34.156944,-84.078889,0.2554587223441338,0.0248570069449504,0.2169831702961807,0.0092612024337785,0.0865498788661419,0.4859758632867811,0.1447515837241881,0.154823824576077,0.1745163805663466,0.1535338382355957,0.2306017153991834,-0.3994259844206391,>1000 MCM,>1,Flood Risk Reduction,Southeast,0.20003846041751608,0.030563254981667336,1.3848966882579758,1.1393612078302957
02335000,1.51078868017578,2364.58468728,70.4088,Flood Risk Reduction,03,False,33.997222,-84.201944,0.1934012671383456,0.0674325189878435,0.1547777049918137,0.004266189040633,0.2618457192374537,0.7731856981551013,0.1064693409629217,0.0955583401395896,0.1305533884972439,0.1165555888034567,0.1259687481505021,-0.5113399789176476,>1000 MCM,>1,Flood Risk Reduction,Southeast,0.08812886969700037,0.03783987845350176,1.2885846387109685,1.4226317463120755
02335450,1.534434680445928,2364.58468728,70.4088,Flood Risk Reduction,03,False,33.985934,-84.316036,0.1873843007378774,0.0201183240126101,0.1487213581066915,0.0067873055659514,0.308098342023938,0.7930086639142852,0.060151674787595,0.0324793360542722,0.071850924339952,0.0833598205087279,0.1672659767252672,-0.4849103218903471,>1000 MCM,>1,Flood Risk Reduction,Southeast,0.13522469249245278,0.03204128423281449,1.3354044458383834,1.256242597164485
02336000,1.2466892370077067,2364.58468728,70.4088,Flood Risk Reduction,03,False,33.859167,-84.454444,0.1100871387513367,0.0043858543732035,0.0766394913293696,0.0034497214542309,0.5194516612201595,0.8204291648767783,-0.0012560036522248,-0.1151827743110579,0.0063859606304834,0.0511923072592652,0.1057012843781331,-0.3009775036566188,>1000 MCM,>1,Flood Risk Reduction,Southeast,0.08376262431574809,0.021938660062385075,1.240038932429629,1.114120085883219
02336490,1.0922427891348114,2364.58468728,70.4088,Flood Risk Reduction,03,False,33.816944,-84.48,0.0509694564269871,0.0504368534322787,0.0318502858891969,0.0381442961896214,0.6381942667062372,0.7683487151615345,-0.0033743118081424,-0.0048644469843019,-0.0021306585829428,0.0150861844757423,0.0005326029947084,-0.1301544484552972,>1000 MCM,>1,Flood Risk Reduction,Southeast,-0.01105203887720714,0.011584641871915602,1.1783189120638926,1.3496135669632525
02337170,0.8822428192860013,2364.58468728,70.4088,Flood Risk Reduction,03,False,33.656667,-84.673611,0.0474681036521176,0.0095924828373498,0.0293087561093806,0.0034458314853141,0.7675159300501586,0.8291986763827117,0.0087679684653795,0.0029012662621328,0.0085886945358095,0.0047733241591778,0.0378756208147678,-0.0616827463325531,>1000 MCM,0.5-1,Flood Risk Reduction,Southeast,0.03240971962740629,0.005465901187361521,1.1856006519882976,1.2143517076744508
02338000,0.7667032521637607,2364.58468728,70.4088,Flood Risk Reduction,03,False,33.477058,-84.900772,0.0290600483537703,0.011243424229409,0.0177311033942659,0.0106956598384591,0.8054495839599097,0.7493214697216507,0.0042303566748852,-0.0007340642761008,0.0023336170227798,-0.0096551844994811,0.0178166241243612,0.056128114238259,>1000 MCM,0.5-1,Flood Risk Reduction,Southeast,0.02562953595062296,-0.00781291182626171,1.1642508419207613,0.9698995826152955
02339500,0.7476776913673164,746.2565132,40.2336,Hydroelectric,03,False,32.886239,-85.182164,0.0317065061378861,0.0031235864401429,0.0232771902878356,0.0026342538948409,0.6091856901483237,0.844992869881093,0.10192375007843,0.0928632839197214,0.0985556108125079,0.1319422808508057,0.0285829196977431,-0.2358071797327693,100-1000 MCM,0.5-1,Hydroelectric,Southeast,0.023255239322555195,0.005327680375187938,1.1539659016315913,1.03841443464339
02341505,0.6576906725353736,39.47141888,21.0312,Hydroelectric,03,False,32.453199,-84.99521,0.0487820572528968,0.0342301316915884,0.0387421712784711,0.0231102762857527,0.6864812854923502,0.6681690687371851,0.031172536528893,0.0113975760684469,0.0329558701259646,0.0677066315285078,0.0145519255613083,0.0183122167551651,10-100 MCM,0.5-1,Hydroelectric,Southeast,0.012770978039898996,0.0017809475214093512,1.2230602105721544,1.5907240956842923
02343801,0.5689522904986983,22.4246998512,17.9832,Navigation,03,True,31.259344,-85.110208,0.0566107853810521,0.0041806064167674,0.0419743268889398,0.0035860078120192,0.7050354098337903,0.7576894542699152,0.048009466609471,0.0402226368196705,0.0507202250108282,0.0729381949248116,0.0524301789642847,-0.0526540444361248,10-100 MCM,0.5-1,Other,Southeast,0.04934636562477777,0.0030838133395069563,1.2474238772400636,1.0915035574128458
02352500,0.0620673961308711,178.8548668,15.24,Hydroelectric,03,False,31.594167,-84.144167,0.0371548710962635,0.0070175768862682,0.0292694412488537,0.0073912421619259,0.6386245509374802,0.7545191410878562,0.1992951780319414,0.1959089608885665,0.1977919284353909,0.0554690784286319,0.0301372942099952,-0.115894590150376,100-1000 MCM,<=0.1,Hydroelectric,Southeast,0.03191822740791663,-0.0017809331979213986,1.2274208724498121,1.1170900137357185
02382500,0.638955049231018,20.0934191736,32.004000000000005,Hydroelectric,03,True,34.603697,-84.695491,0.1504483461514339,0.0573854609742026,0.0470083664596091,0.0401764766440724,0.3755382821848024,0.797426992052672,0.3438906356999944,0.3424533848051554,0.3451917532066349,0.1308429063153801,0.0930628851772313,-0.4218887098678695,10-100 MCM,0.5-1,Hydroelectric,Southeast,0.08908737670112324,0.003975508476108065,1.2853051952831955,1.183112466221387
02383500,0.4551288057150512,20.0934191736,32.004000000000005,Hydroelectric,03,False,34.564167,-84.833056,0.0687450887198132,0.0853193868069863,0.0226430474276844,0.0136403598190382,0.7819528004939278,0.798700454733048,0.0412859443728249,0.0389481483289936,0.0404826314192986,0.0356120366757681,-0.0165742980871731,-0.0167476542391201,10-100 MCM,0.1-0.5,Hydroelectric,Southeast,-0.0059534769216724875,-0.010620821165500643,1.2341371631067253,1.429988499882397
02394000,0.324153042476101,453.26880522664,57.302400000000006,Flood Risk Reduction,03,True,34.163153,-84.741047,0.1606324298671949,0.0154828235906896,0.1551252285829048,0.0131532459564399,-0.1392528247360713,0.4163378923471112,0.4273836767363732,0.4391510416227838,0.4967770616576719,0.4085309701651803,0.1451496062765053,-0.5555907170831826,100-1000 MCM,0.1-0.5,Flood Risk Reduction,Southeast,0.08852132450937726,0.056628281767128044,1.3156178023679588,1.1450774328918074
02395980,0.2182033214157803,453.26880522664,57.302400000000006,Flood Risk Reduction,03,False,34.232317,-85.116893,0.1186413584156139,0.0892717824931309,0.0995292124454903,0.0711696515631861,0.4209735006940801,0.6704327788271818,0.0591452577961365,0.0781772626332598,0.100682868854488,0.156065098351475,0.0293695759224829,-0.2494592781331016,100-1000 MCM,0.1-0.5,Flood Risk Reduction,Southeast,-0.0029738800072960925,0.032343455929779066,1.2637220406500336,1.4895081422051615
02418500,0.705700192584485,66.60801936,26.5176,Hydroelectric,03,False,32.512636,-85.889125,0.1177180986004765,0.0020058363029519,0.109961662159525,0.0013340921570636,0.5380183315273737,0.7912189043457407,0.0012971070631482,0.0227444990287239,0.0644251811910801,-0.0378496005527522,0.1157122622975247,-0.253200572818367,10-100 MCM,0.5-1,Hydroelectric,Southeast,0.051696901331751054,0.06401536096577365,1.2529076748796815,1.0333043880087007
02462500,0.3586314817912054,332.0718135556,33.8328,Navigation,03,True,33.458446,-87.354168,0.0098955738702261,0.0036672892714836,0.0044180320712743,0.0037972801392237,0.7518628747091112,0.8575760905706747,-0.0077693484403501,-0.0092271246996386,-0.0070872340410986,-0.0730721132116312,0.0062282845987425,-0.1057132158615635,100-1000 MCM,0.1-0.5,Other,Southeast,0.006290710005524262,-6.242540678171862e-05,1.133201680617984,1.0600738567971855
02466030,0.2912450925692142,60.563958344,21.6408,Navigation,03,True,32.777908,-87.840569,0.005727337389748,0.0177201845992519,0.0024392843986536,0.0160435765128957,0.7820924367867021,0.808677982508898,0.0138655389987449,0.0166867545829185,0.0122638417397545,0.0483421409515453,-0.0119928472095039,-0.0265855457221958,10-100 MCM,0.1-0.5,Other,Southeast,-0.013818635283554172,0.0018257880740502309,1.0611500985610252,1.2590036377184377
02476600,0.1357074946810072,57.40377786992,21.9456,Flood Risk Reduction,03,False,32.298333,-88.753611,0.0102237462572213,0.0038332180768406,0.0208213741168669,0.0031630962482699,0.7087356622501013,0.8272723573424183,0.015836994756203,0.0131182439443897,0.0219515360191197,0.0054498089131826,0.0063905281803807,-0.118536695092317,10-100 MCM,0.1-0.5,Flood Risk Reduction,Southeast,-0.0001557241025210498,0.006546252282901765,0.9626859257434339,1.0676336112590528
02488500,0.0816460681776134,444.0534624,19.812,Water Supply,03,False,31.553333,-90.088056,0.0080089334332499,0.129325072906082,0.0055015545376677,0.1225650760371277,0.831209561605748,-0.3111336652964058,-0.0098297773073029,-0.0080696397549941,-0.0097298652602002,0.0313589601441397,-0.121316139472832,1.1423432269021538,100-1000 MCM,<=0.1,Water Supply,Southeast,-0.11012339110168325,-0.011192748371148765,1.0988630748131722,1.8294227288965472
04034500,0.6195892206519147,44.40534624,15.24,Hydroelectric,04,True,46.477722,-89.090419,0.1171611029809443,0.0687571341230673,0.1183399548480597,0.0109208182050036,0.1850906069951274,0.698234500551884,0.0004326264248408,0.0004392079909696,0.0043288766729308,0.0006005524161304,0.048403968857877,-0.5131438935567565,10-100 MCM,0.5-1,Hydroelectric,Great Lakes-Upper Miss,-0.012391739196462557,0.060795708054339585,0.772478710374873,1.3131729750913135
04040000,0.0548674137994481,12.704862952,64.00800000000001,Hydroelectric,04,False,46.720774,-89.207086,0.0533111849862464,0.0023168800728238,0.0468830424578713,0.0070536615455059,0.7322661688939824,0.7607083854932907,0.0118368106958693,0.0064279257132626,0.0216221601745164,0.0001086407146414,0.0509943049134226,-0.0284422165993082,10-100 MCM,<=0.1,Hydroelectric,Great Lakes-Upper Miss,0.03136863814805204,0.019625666765370604,1.2663739497598927,0.9425280084743909
04062500,0.3338643612249593,124.07840524928,22.250400000000003,Hydroelectric,04,True,46.113838,-88.215969,0.5312848690821609,0.2635929032456635,0.2342796934383515,0.1021115667943543,0.3782196809582557,0.4177211481655757,0.0110660846053032,0.1491770155259603,0.1066143500461067,0.0036675078848551,0.2676919658364974,-0.0395014672073199,100-1000 MCM,0.1-0.5,Hydroelectric,Great Lakes-Upper Miss,0.1548490525677586,0.1128429132687388,1.3695009526122979,1.3805919518039034
04063000,0.1514106092037822,10.607943824,24.0792,Hydroelectric,04,False,45.951064,-88.187077,0.0496439314034966,0.0397865563581242,0.1599059057404716,0.0394175160672967,0.6013954985713266,0.6818436842064708,-0.0005782113398651,0.0001379354798856,0.0357971364742029,-0.0068788429488333,0.0098573750453724,-0.0804481856351442,10-100 MCM,0.1-0.5,Hydroelectric,Great Lakes-Upper Miss,-0.027501174194090927,0.03735854923946335,0.9562416843467688,1.2189793633138617
04063500,0.1565456287576212,12.02644794,13.1064,Hydroelectric,04,True,45.871343,-88.070129,0.0480617241899766,0.0033054738790891,0.1756180861851062,0.0040531916518602,0.5976320996132859,0.8083525831791373,-0.0006831903709761,-3.7565376632686656e-06,0.0325950372554253,-0.0069032907634608,0.0447562503108875,-0.2107204835658513,10-100 MCM,0.1-0.5,Hydroelectric,Great Lakes-Upper Miss,0.00460272398383278,0.04015352632705473,0.9485542890909555,0.9091460612795841
04066003,0.1255033251474354,12.02644794,13.1064,Hydroelectric,04,False,45.57941,-87.787063,0.0351907714118541,0.0391940996020617,0.0187470255587872,0.0245282257493236,0.8639721635706881,0.6787310675344129,-0.0006342398163844,-0.0005516830813941,0.0119358556351277,-0.0028234223895331,-0.0040033281902075,0.1852410960362751,10-100 MCM,0.1-0.5,Hydroelectric,Great Lakes-Upper Miss,0.0010732449897107033,-0.005076573179918296,1.1073021320128777,1.213610831749449
04069500,0.083302989242985,19.5013478904,25.2984,Hydroelectric,04,False,45.047486,-87.74455,0.1287489376981763,0.0061257639514336,0.1308269387087391,0.0028444135527883,0.6185590095858193,0.8384224232146789,-0.0013162092266126,-0.0013867078146978,0.0169395259684901,-0.0004676982749918,0.1226231737467427,-0.2198634136288595,10-100 MCM,<=0.1,Hydroelectric,Great Lakes-Upper Miss,0.07681475727755938,0.04580841646918335,1.2345634063198323,1.0990345690071925
04084500,0.6824900971968615,863.437288,4.572,Flood Risk Reduction,04,False,44.317489,-88.197326,0.0699442490970588,0.0155258516229558,0.064570225369327,0.0147671571079873,0.6791307107177698,0.8102237318475863,-0.000287626550686,-0.0036948963728036,0.0146299988874588,-0.083839381974372,0.054418397474103,-0.1310930211298165,100-1000 MCM,0.5-1,Flood Risk Reduction,Great Lakes-Upper Miss,0.03449106684891185,0.019927330625191177,1.147217073241234,1.2082589343859236
04101500,0.0259629898571102,11.964773848,12.4968,Hydroelectric,04,False,41.829214,-86.259732,0.0088828264050659,0.0018290989486554,0.0036387268989915,0.0008641800286793,0.8794313390131425,0.7518222901815901,-0.0009608061283594,-0.0011973176847441,-0.0019454844569777,-7.39616366477458e-05,0.0070537274564105,0.1276090488315524,10-100 MCM,<=0.1,Hydroelectric,Great Lakes-Upper Miss,0.004395792517844782,0.002657934938565783,1.0425815748436682,1.0655544141594668
04148500,0.0562343176408039,18.933946244,11.5824,Recreation,04,False,43.038916,-83.771626,0.0470833769718981,0.003021227777692,0.035753124041755,0.0027616836039042,0.6839170709706366,0.8031182082701276,-0.0004499575823767,-0.0029337372192276,-0.0011417776349552,-0.0003129853794322,0.0440621491942061,-0.119201137299491,10-100 MCM,<=0.1,Recreation,Great Lakes-Upper Miss,0.028663709128129017,0.01539844006607713,1.1917038562953917,1.0568070804191432
04156000,0.1040283120753233,18.5022276,10.9728,Recreation,04,False,43.595305,-84.235544,0.0578783672023729,0.0751833765863537,0.0540767953477741,0.009934343399872,0.6441681620979444,0.8400697287713182,-0.0019724663757907,-0.0024326800350904,-0.0105504061028548,-0.0023457122726898,-0.0173050093839807,-0.1959015666733738,10-100 MCM,0.1-0.5,Recreation,Great Lakes-Upper Miss,-0.031218438305833277,0.013913428921852544,1.2279700358896228,1.2020741419647776
04170000,0.2889058814438201,11.841425664,6.096,Recreation,04,True,42.578921,-83.626608,0.0583426975865678,0.1167208121007947,0.0583195748923171,0.1164376120783126,0.7754738641777469,0.6754398999399582,0.0073778801702141,0.003097545229561,0.0115769410638078,0.0008963825601304,-0.0583781145142268,0.1000339642377886,10-100 MCM,0.1-0.5,Recreation,Great Lakes-Upper Miss,-0.04028354561471104,-0.01809456889951578,1.1260448844127855,1.1336410218061157
04170500,0.2576057045412966,11.841425664,6.096,Recreation,04,True,42.512533,-83.676329,0.1055253228867942,0.0067451080686972,0.1062928144795373,0.002985497160647,0.6599757776773196,0.7613678100079241,0.0219373950884378,0.023228102135929,0.078032881228802,0.0011903424198562,0.0987802148180969,-0.1013920323306044,10-100 MCM,0.1-0.5,Recreation,Great Lakes-Upper Miss,-0.0032144912317824932,0.10199470604987945,1.003686605650033,1.1252789513498724
04172000,0.164698860192935,11.841425664,6.096,Recreation,04,False,42.465312,-83.799943,0.0263920258499598,0.0992182168810217,0.0214402859119934,0.0988669195522873,0.7623463220640783,0.6954316323469532,0.0614376020616187,0.0603541367104596,0.0652190433260321,0.0005503279031414,-0.0728261910310618,0.0669146897171251,10-100 MCM,0.1-0.5,Recreation,Great Lakes-Upper Miss,-0.059324883999718137,-0.013501307031343748,1.0441153879253686,1.426695661738255
04206000,0.0850924472175393,10.08001359648,10.668,Water Supply,04,False,41.135611,-81.547062,0.0035680223762691,0.0095812850955197,0.0166806720353888,0.0162790309292112,0.7938301922866188,0.4794869215708048,0.0110610214546021,0.0122080222407728,0.0122047744657636,0.0003427315502846,-0.0060132627192506,0.3143432707158139,10-100 MCM,<=0.1,Water Supply,Great Lakes-Upper Miss,0.00033510451785887684,-0.0063483672371094976,1.0267526348924654,1.0336517657326991
04232482,0.6095386018872846,99.29528812,3.3528,Recreation,04,True,42.680348,-76.953852,0.0935250806477396,0.2010744206320174,0.0127620738808046,0.0551326722696383,0.5113020742363796,0.7730273716222963,0.0005386681662237,-0.0050681394686304,0.0046423731422693,-0.0006783835062149,-0.1075493399842777,-0.2617252973859166,10-100 MCM,0.5-1,Recreation,Great Lakes-Upper Miss,-0.05227539653521564,-0.05527394344906213,1.3031114506353447,1.4204930729491614
04239000,0.4710104984780751,59.700521056,20.4216,Flood Risk Reduction,04,True,42.983399,-76.150758,0.053963516220181,0.0281925935033065,0.0531474086837169,0.0226083781746974,0.6788546138335181,0.7019305222225314,0.0273233497541462,0.0242503603595879,0.0346097219926309,0.0165418299156304,0.0257709227168745,-0.0230759083890133,10-100 MCM,0.1-0.5,Flood Risk Reduction,Great Lakes-Upper Miss,0.02163203596561016,0.0041388867512643715,1.2212693275281743,1.3392967314393958
04240010,0.3660817668827337,59.700521056,20.4216,Flood Risk Reduction,04,True,43.057567,-76.162425,0.0147272013352104,0.2305621776499355,0.0148886915922839,0.0256691692337956,0.7813916518730873,0.8034296216149774,0.0126991364814446,0.0140461976855862,0.019816235890419,3.5353701418383565e-05,-0.215834976314725,-0.02203796974189,10-100 MCM,0.1-0.5,Flood Risk Reduction,Great Lakes-Upper Miss,-0.17904951353953402,-0.036785462775191055,0.9489506609081683,1.4225303525714081
04240180,0.776111513000659,32.15317112328,5.486400000000001,Recreation,04,True,42.9209,-76.329376,0.0682741903254059,0.1425925843357679,0.0242217466126787,0.0414146978231162,0.6141638606828816,0.7558272949755258,0.0321324060188353,0.0464487489603068,0.0380378919990854,0.0041340849411266,-0.0743183940103619,-0.1416634342926441,10-100 MCM,0.5-1,Recreation,Great Lakes-Upper Miss,-0.0670056874058163,-0.0073127066045456865,1.2935957084954806,1.3737624530805195
04240300,0.2210333478504365,32.15317112328,5.486400000000001,Recreation,04,False,43.0809,-76.226316,0.0503053674065726,0.0038399695330487,0.0347187082378243,0.0038945171197989,0.7360443511699426,0.7189576551521646,0.0080610292175882,0.0062106681585459,0.0211643211467404,0.0024857253343778,0.0464653978735239,0.017086696017778,10-100 MCM,0.1-0.5,Recreation,Great Lakes-Upper Miss,0.030120335345632403,0.016345062527891523,1.1576386959672844,1.0189849875124228
04258000,0.2552020938897356,133.21603872,16.764,Hydroelectric,04,False,43.897291,-75.404075,0.1981657399420361,0.0038248762201391,0.1969288590151627,0.0023211844549004,0.3324001094352309,0.7198074737151957,-0.0024813987501363,-0.020975553011118,0.0287462668636874,-0.0069042138501848,0.1943408637218969,-0.3874073642799648,100-1000 MCM,0.1-0.5,Hydroelectric,Great Lakes-Upper Miss,0.13654750199969784,0.05779336172219912,1.1923221002748956,1.109484174767852
04266500,0.0337537700431245,24.176244064,5.486400000000001,Other,04,True,44.234783,-74.571841,0.0192158836105032,0.1429009988416769,0.0158996134792027,0.0817997794339104,0.8660426795687415,0.4965438226951075,-0.0006175563978325,-0.004758089421412,0.0047687788917148,-0.0004994636494376,-0.1236851152311736,0.3694988568736339,10-100 MCM,<=0.1,Other,Great Lakes-Upper Miss,-0.06419759074094895,-0.059487524490224736,0.9343863369431471,1.3497415496690104
03014500,0.1729490225564962,61.674092,3.6576,Recreation,05,True,42.112558,-79.203936,0.050244248628698,0.0026017105195613,0.0511471477836207,0.0011316801434052,0.7067956181257385,0.9021664543285732,0.007647153110648,0.0423696787549839,0.0476177964666488,0.0047398048466344,0.0476425381091367,-0.1953708362028348,10-100 MCM,0.1-0.5,Recreation,Ohio-Tennessee,-5.819174622291676e-06,0.047648357283759,1.0386109946494126,1.119486935131933
03025500,0.0942788910051772,706.78509432,53.9496,Flood Risk Reduction,05,False,41.389503,-79.820332,0.0120009580321948,0.0081797726187771,0.0124991204339666,0.0031206690037088,0.7890977610019888,0.813289072420375,0.0823403225699235,0.0830129761770492,0.0903786455509814,0.0705551214551587,0.0038211854134176,-0.0241913114183861,100-1000 MCM,<=0.1,Flood Risk Reduction,Ohio-Tennessee,-0.006730109290567772,0.010551294703985432,1.003607171562319,1.1621121416204283
03030500,0.0717923277346204,32.810616944,39.3192,Hydroelectric,05,True,41.192563,-79.440045,0.0029226395878982,0.0030084153583065,0.0024154938038657,0.001244292150987,0.8697575924224814,0.8305591250556537,-0.0032269012626374,-0.0041858539921966,-0.0035097788073539,0.0010695325626637,-8.577577040837399e-05,0.0391984673668277,10-100 MCM,<=0.1,Hydroelectric,Ohio-Tennessee,-0.0014477040462026274,0.0013619282757942534,1.033722928924228,1.1477450124542858
03036500,0.0794837241651108,10.361247456,9.7536,Navigation,05,True,40.820342,-79.531434,0.0070883905119997,0.0046612778642345,0.0058729467316118,0.0047040961426292,0.8615389331682509,0.8097048426317803,0.0131314715502044,0.0096818749872691,0.0169272135693878,0.0364953182277978,0.0024271126477652,0.0518340905364705,10-100 MCM,<=0.1,Other,Ohio-Tennessee,-0.0008410081035307448,0.0032681207512960182,1.0360795394141518,1.1015124846624562
03042280,0.1897280087206172,17.022049392,18.8976,Recreation,05,True,40.572567,-79.103366,0.003436058676476,0.0026352092220925,0.0041189345776848,0.002169185925363,0.8038996834616301,0.6787522710925168,-0.0077920596757333,-0.0129022605921387,-0.0061380746974557,0.0019587939982117,0.0008008494543834,0.1251474123691133,10-100 MCM,0.1-0.5,Recreation,Ohio-Tennessee,-3.249224928030805e-05,0.0008333417036637709,1.055540850006971,1.0920424172575367
03042500,0.1446234382901292,19.982405808,27.432,Grade Stabilization,05,False,40.51729,-79.171701,0.0025489391153858,0.0132224359581594,0.0042238215104824,0.0148124296334784,0.8139155405264983,0.7187093388626751,-0.0072359203010035,-0.0126412774244721,-0.0070955049473517,-0.0013579994395863,-0.0106734968427736,0.0952062016638232,10-100 MCM,0.1-0.5,Other,Ohio-Tennessee,-0.00803929274339838,-0.002634204099375227,0.988833314765715,0.7678344083021834
03075070,0.0476844756806046,30.960394184,12.192,Navigation,05,False,40.262292,-79.90116,0.0070255381394083,0.0020414244725562,0.004133627894196,0.0023447719593955,0.858910786658126,0.8240163369301603,-0.0010802014753978,-0.0015273718540621,0.0014879115187564,-0.0002719988635823,0.0049841136668521,0.0348944497279657,10-100 MCM,<=0.1,Other,Ohio-Tennessee,0.004914958339689676,6.915532716242475e-05,1.0795438647629347,1.010282965046331
03081000,0.1617647505573493,184.158838712,56.083200000000005,Flood Risk Reduction,05,False,39.827577,-79.372535,0.0222171858100567,0.0095517519270791,0.0126210929892318,0.0093424432758086,0.7574537709369951,0.7637673493420248,0.0488811594016909,0.0453214894807965,0.0505005864117836,0.0594358604147573,0.0126654338829775,-0.0063135784050297,100-1000 MCM,0.1-0.5,Flood Risk Reduction,Ohio-Tennessee,0.010932494137746461,0.0017329397452310923,1.1161214564572723,1.0661331601623911
03091500,0.361141226922211,26.643207744,16.154400000000003,Recreation,05,True,41.131446,-80.971202,0.0767934668955035,0.0017000963066267,0.0687563255345889,0.0015061482854417,0.5523452711496775,0.7845697962428604,0.0114713037453152,0.012163687890219,0.0527050614547434,0.0062130151123717,0.0750933705888767,-0.2322245250931829,10-100 MCM,0.1-0.5,Recreation,Ohio-Tennessee,0.001468697460617826,0.07362467312825896,1.0469443793973978,1.0316045056104488
03094000,0.285360051054038,26.643207744,16.154400000000003,Recreation,05,False,41.239223,-80.880642,0.0361266182152192,0.0040415170440567,0.0279479906378593,0.0024492863821707,0.7299900802621309,0.7497726180653914,0.0746835754784212,0.0735909283963994,0.0930252090199619,0.0555043083487599,0.0320851011711624,-0.0197825378032605,10-100 MCM,0.1-0.5,Recreation,Ohio-Tennessee,-0.00151238553531193,0.03359748670647437,1.0430070347679912,1.1561296319778238
03102850,0.5322962285083789,231.89458592,15.24,Flood Risk Reduction,05,False,41.353666,-80.397845,0.0314425794926258,0.0036874130899528,0.0308928993738424,0.0041836901639204,0.8010845813085261,0.8368228925509866,-0.0046032808013387,-0.0052259439169564,-0.0080818253347694,0.0074687901495077,0.027755166402673,-0.0357383112424605,100-1000 MCM,0.5-1,Flood Risk Reduction,Ohio-Tennessee,0.01983711442202197,0.007918051980651089,1.1493375151997942,0.9370763896896632
03129000,0.2435983337127016,250.39681352,25.2984,Flood Risk Reduction,05,False,40.261459,-81.60901,0.0038101427964431,0.0023535435194299,0.0071129237714328,0.0048103173285149,0.7794142033655866,0.7516167773915767,0.0536300282433255,0.0531343264250988,0.0548915489163756,0.0106984951119506,0.0014565992770132,0.0277974259740099,100-1000 MCM,0.1-0.5,Flood Risk Reduction,Ohio-Tennessee,-0.00012868179472600967,0.0015852810717392578,0.9793410218651654,1.0552960902749804
03171000,0.0949685727419138,286.16778688,42.3672,Hydroelectric,05,False,37.141793,-80.569225,0.0431797451216572,0.0194379305392087,0.0300469649147321,0.018742625010377,0.8267645884876388,0.7908322123115292,-0.0019015930483009,-0.002320043117158,-0.0010815043955042,-0.0417418405847419,0.0237418145824485,0.0359323761761095,100-1000 MCM,<=0.1,Hydroelectric,Ohio-Tennessee,0.025645766235005488,-0.0019039516525569643,1.1913274968046141,1.1437364019207508
03176500,0.0711180875587168,286.16778688,42.3672,Hydroelectric,05,False,37.372899,-80.860635,0.0233674122067891,0.0007474932713101,0.0164512022594275,0.0073884659211729,0.8772558387704282,0.8231436675274988,-0.001076924495493,-0.0014427209513399,-0.0009503975252831,-0.0212921329755718,0.0226199189354789,0.0541121712429294,100-1000 MCM,<=0.1,Hydroelectric,Ohio-Tennessee,0.0216489427537801,0.0009709761816988473,1.1488727665770933,0.9817598801234025
03185400,0.0459420379497809,47.304028564,50.292,Flood Risk Reduction,05,False,37.955113,-81.076488,0.0120164730753204,0.0039598717016949,0.0078452344025775,0.0031828139937683,0.8815676123521959,0.8062781364591431,-6.177141699670319e-05,-0.00585932131118,0.001720817711324,-0.0114985284911214,0.0080566013736254,0.0752894758930527,10-100 MCM,<=0.1,Flood Risk Reduction,Ohio-Tennessee,0.0072301567077820445,0.0008264446658434433,1.109645246172906,1.096751068912422
03192000,0.0936837453297476,236.2611116336,118.872,Flood Risk Reduction,05,False,38.23344,-81.180942,0.0348564132674058,0.0025509988827543,0.029604020780641,0.0029919802754791,0.6712816041016896,0.7452862899939323,0.0894300734253925,0.0891248771766327,0.1030774568301031,0.0455287659973865,0.0323054143846514,-0.0740046858922427,100-1000 MCM,<=0.1,Flood Risk Reduction,Ohio-Tennessee,0.011455662176919615,0.02084975220773188,1.1254077519557764,1.0308319437100109
03193000,0.0550861822642864,47.304028564,50.292,Flood Risk Reduction,05,False,38.138163,-81.214274,0.0088411339051169,0.0025913995267159,0.0065427268671299,0.000933704848307,0.8829141305879193,0.8889677505491496,0.0059803675519007,0.0050667627622132,0.0083670991691592,-0.0142038874008403,0.0062497343784009,-0.0060536199612302,10-100 MCM,<=0.1,Flood Risk Reduction,Ohio-Tennessee,0.004619249238715361,0.0016304851396856176,1.0822496850160206,1.0732566487069184
03197000,0.0407958612249429,74.132258584,64.00800000000001,Flood Risk Reduction,05,False,38.470932,-81.284006,0.0311108750340701,0.0067087522842608,0.0191571384309146,0.0046895724540149,0.7601335266647545,0.8360377338371486,0.0045227645934392,0.0046121586475313,0.0045393368013033,0.0028877549279171,0.0244021227498093,-0.0759042071723941,10-100 MCM,<=0.1,Flood Risk Reduction,Ohio-Tennessee,0.023784502417121975,0.0006176203326873665,1.1942131453662186,1.0990616506652988
03203600,0.0528236284633862,42.308427112,94.488,Flood Risk Reduction,05,False,37.842326,-81.975957,0.001765837283452,0.0557909256797718,0.0016440556283965,0.0444120548312149,0.6696744984921208,0.7827105365077139,0.0799015439545807,0.0829526137643844,0.0806444217577242,-0.0103299282076555,-0.0540250883963198,-0.1130360380155931,10-100 MCM,<=0.1,Flood Risk Reduction,Ohio-Tennessee,-0.05399799536149844,-2.7093034821378155e-05,1.0149974086514995,1.2560574737368422
03209000,0.3535703800308784,82.766631464,76.2,Flood Risk Reduction,05,True,37.237054,-82.343202,0.0581452072494987,0.0313926099994733,0.038623095115165,0.0128522683019933,0.4695889996041666,0.7657276994641518,0.1160197218410602,0.0832622633060792,0.1490600379098162,0.0654540591313969,0.0267525972500254,-0.2961386998599851,10-100 MCM,0.1-0.5,Flood Risk Reduction,Ohio-Tennessee,-0.02297564790292423,0.04972824515294964,1.096000778221822,1.1591303000657347
03216500,0.0827400006570585,36.2520312776,36.576,Flood Risk Reduction,05,False,38.330081,-82.939335,0.0081818607111404,0.002734748736131,0.0076600158946772,0.0028463167587899,0.7928709706634836,0.8441206761185267,-0.0020154855139594,-0.0034608152187327,-0.0032830366661715,-0.015194105026796,0.0054471119750094,-0.0512497054550431,10-100 MCM,<=0.1,Flood Risk Reduction,Ohio-Tennessee,0.0036613994790403075,0.0017857124959691,1.1070144480909327,0.9579360787735309
03221000,0.0203623032738094,18.255531232,24.0792,Water Supply,05,True,40.143396,-83.120466,0.0042094903766474,0.0013203187198524,0.0049789273674495,0.0011894376144863,0.8607304826651654,0.8654646810755071,0.0210824537517317,0.0205907624627511,0.0217699375908176,0.0009777261524206,0.002889171656795,-0.0047341984103417,10-100 MCM,<=0.1,Water Supply,Ohio-Tennessee,0.0001457883905345814,0.002743383266260502,0.9682487134755079,1.0215963314732406
03225500,0.0481137331202186,17.268745759999998,28.041600000000003,Flood Risk Reduction,05,True,40.355061,-83.067132,0.0781579207748865,0.00815360197097,0.0085106987463916,0.0077802457145118,0.3205458536420241,0.8838784845469113,0.079756632860841,0.0666691661872146,0.0813865950638418,0.0250700447497941,0.0700043188039164,-0.5633326309048872,10-100 MCM,<=0.1,Flood Risk Reduction,Ohio-Tennessee,0.06181790730886167,0.008186411495054773,1.4568421457658154,1.0539870773917999
03228500,0.4499852751126348,89.43976821839999,26.2128,Water Supply,05,True,40.103674,-82.884068,0.0124730903273229,0.0191388820700159,0.0099700633680095,0.0170156597069984,0.67856231388953,0.7672247817740174,-0.0040847719798224,0.0100517871185372,0.0023530513286382,-0.0102807689939828,-0.0066657917426929,-0.0886624678844874,10-100 MCM,0.1-0.5,Water Supply,Ohio-Tennessee,-0.01664906778732083,0.009983276044627846,1.05035152759424,1.334330760621748
03228805,1.2332582086618709,100.775466328,28.346400000000003,Flood Risk Reduction,05,True,40.182285,-82.961571,0.3389305055430045,0.0058751234244889,0.0488947413140701,0.0078034447509147,-0.1009791929570504,0.833655018600651,0.2388022176214045,0.2088504571014874,0.2430449017279162,0.2168662611252194,0.3330553821185156,-0.9346342115577017,100-1000 MCM,>1,Flood Risk Reduction,Ohio-Tennessee,0.21828996997044123,0.11476541214807436,2.076324079823367,0.9485577513459461
03229500,0.4290569423142032,89.43976821839999,26.2128,Water Supply,05,False,39.85673,-82.957126,0.0231166744516889,0.004295296454831,0.0041501729036971,0.0044806810108162,0.7549603238357474,0.8102922929808231,-0.006234580800456,-0.0066816447284535,-0.0061793848399905,-0.0164324144580305,0.0188213779968578,-0.0553319691450756,10-100 MCM,0.1-0.5,Water Supply,Ohio-Tennessee,0.01231918098517457,0.006502197011683269,1.1862660999018728,1.0118624343655116
03232500,0.3303158750215714,43.54067547016,22.555200000000003,Recreation,05,True,39.218399,-83.38547,0.0087062422434345,0.0010059862709779,0.0048186544575847,0.0006242213098274,0.7504177551108713,0.8030865117321151,-0.0042284534862193,-0.0053733597227901,-0.0039508612677361,-0.0078430862772308,0.0077002559724566,-0.0526687566212438,10-100 MCM,0.1-0.5,Recreation,Ohio-Tennessee,0.0036452625129751812,0.004054993459481471,1.1343038238362975,1.0569869184925604
03247500,0.2107845336349219,114.220418384,62.484,Flood Risk Reduction,05,False,39.137005,-84.237992,0.0045959531578538,0.0061163737352631,0.0031781702630652,0.0042537463616632,0.5549159513031674,0.8559158943111422,-0.0085363204242349,-0.0038599472943364,-0.0091670024254536,0.0289833989560674,-0.0015204205774093,-0.3009999430079748,100-1000 MCM,0.1-0.5,Flood Risk Reduction,Ohio-Tennessee,-0.0010966709289340468,-0.00042374964847530835,1.0708003553753032,1.0782297040189406
03266000,0.777036705186347,509.42799992,36.8808,Flood Risk Reduction,05,True,39.870333,-84.286056,0.0037531302730215,0.0027781351854356,0.0062082314850879,0.0027066695016181,0.7510099485160241,0.848257238890244,0.0340363743429035,0.0395376429780639,0.0329490371501917,0.0677342836645334,0.0009749950875859,-0.0972472903742198,100-1000 MCM,0.5-1,Flood Risk Reduction,Ohio-Tennessee,0.0012687842363459938,-0.0002937891487600874,0.9252813536397599,1.0491087074090681
03270000,0.6021740295125395,366.34410648,22.250400000000003,Flood Risk Reduction,05,True,39.797281,-84.088548,0.0047647392066123,0.0096729324051333,0.0019328482410684,0.0026836815027632,0.875943005364392,0.8326031750507316,0.0025696041818878,0.0014003127655557,0.0020051615041944,-0.0026701501607635,-0.0049081931985209,0.0433398303136604,100-1000 MCM,0.5-1,Flood Risk Reduction,Ohio-Tennessee,-0.004775761403273417,-0.000132431795247555,1.0517591806950666,1.1296443170297799
03270500,0.6474376691325158,476.12399024,23.7744,Flood Risk Reduction,05,False,39.765337,-84.19744,0.0009850506303403,0.00297774521207,0.0005988379608064,0.0006852954125537,0.866628607405646,0.7453858624931873,0.0102506552044633,0.0104738360865328,0.0097272697552709,0.0491317259344974,-0.0019926945817296,0.1212427449124586,100-1000 MCM,0.5-1,Flood Risk Reduction,Ohio-Tennessee,-0.002076692198814964,8.39976170852923e-05,1.0305554558466203,1.1333449084967717
03272000,0.5940865741796838,175.15442127999998,32.6136,Flood Risk Reduction,05,True,39.637834,-84.403834,0.0008606689502376,0.0027000053573256,0.0008707086280015,0.001836077040625,0.8344175495704831,0.8395406974026953,0.007190451540875,0.0081251871160367,0.0071455089134496,0.0133517814003982,-0.001839336407088,-0.0051231478322122,100-1000 MCM,0.5-1,Flood Risk Reduction,Ohio-Tennessee,-0.0011180349645092602,-0.0007213014425787646,1.0039386807432769,1.0705983199750775
03274000,0.4877400254813846,476.12399024,23.7744,Flood Risk Reduction,05,False,39.391167,-84.572169,0.000710008531095,0.0022404950281558,0.0009594713082994,0.0013137183601209,0.862951166116863,0.8369569980763959,-0.0022647009053053,-0.0025875999313145,-0.0031989095780518,0.0202505898993047,-0.0015304864970608,0.025994168040467,100-1000 MCM,0.1-0.5,Flood Risk Reduction,Ohio-Tennessee,-0.000874551046108143,-0.000655935450952711,1.0072359467696221,1.0569632564842766
03281000,0.0729174514565028,39.594767064,48.768,Flood Risk Reduction,05,False,37.555088,-83.593799,0.0061408567747783,0.0010707437047976,0.0057250898457777,0.0006226687412874,0.6233626520274265,0.8091588029853467,0.109228241871855,0.0994059547346069,0.1094902964060675,0.0160708449356876,0.0050701130699806,-0.1857961509579202,10-100 MCM,<=0.1,Flood Risk Reduction,Ohio-Tennessee,0.0011045764062458943,0.003965536663734772,1.06135009081977,1.0695265058491634
03284000,0.0317927251198324,11.10133656,11.2776,Other,05,True,37.894801,-84.262153,0.0077480122445694,0.0026824009303785,0.0047307303173498,0.0027100377259027,0.8401659103534427,0.8604336072820473,0.0184144180136761,0.0186967614069131,0.0191389341745662,0.0056706155122332,0.0050656113141909,-0.0202676969286046,10-100 MCM,<=0.1,Other,Ohio-Tennessee,0.006968377682159417,-0.001902766367968504,1.1262164005592883,0.9971432485725609
03320000,0.0968999622938925,30.55087821312,7.9248,Navigation,05,True,37.533935,-87.263887,0.0240824736439126,0.0051621975640538,0.0222237721837979,0.0056157670109879,0.74664889465279,0.7200327269529735,0.0460630729234781,0.0674104038579839,0.0615433040310404,0.0923811976276741,0.0189202760798588,0.0266161676998165,10-100 MCM,<=0.1,Other,Ohio-Tennessee,0.008944281175152766,0.009975994904706045,1.095972110415424,0.9759708644271886
03325000,0.095806343577676,15.418523,31.6992,Flood Risk Reduction,05,False,40.790877,-85.820263,0.0105533159756312,0.0083906457465293,0.0169002934473771,0.0002763028919698,0.485995827313159,0.8875767567292275,0.1623531121427022,0.1727283839911558,0.1670012777556443,0.0548475649806997,0.0021626702291019,-0.4015809294160685,10-100 MCM,<=0.1,Flood Risk Reduction,Ohio-Tennessee,-0.006061529485275665,0.008224199714377586,0.9908882243098937,1.1720173292138027
03352500,0.0803703712150384,26.1251453712,13.4112,Water Supply,05,False,39.851985,-86.087486,0.0065237883306536,0.0076070723444924,0.0057766359012268,0.0067042880077715,0.9046003715790388,0.8763290053826881,-0.0031414154758784,-0.0056180940008651,-0.0020118913165372,-0.0020011810046157,-0.0010832840138387,0.0282713661963507,10-100 MCM,<=0.1,Water Supply,Ohio-Tennessee,-0.0015303105282483483,0.00044702651440957234,1.1031762861874053,1.1429920639472015
03353500,0.1810024630706097,29.60356416,28.041600000000003,Flood Risk Reduction,05,True,39.777821,-86.250267,0.0055239902644843,0.0054208557679159,0.0020590537778072,0.0207238693101292,0.849094408908273,0.7721128789067111,0.0093116339085925,0.0072268863762265,0.0096991666124139,-0.0361134882133322,0.0001031344965684,0.0769815300015619,10-100 MCM,0.1-0.5,Flood Risk Reduction,Ohio-Tennessee,0.0015232301930724118,-0.0014200956965039978,1.1264835704264309,1.0449227461706807
03360000,0.0494362668107192,33.44215964608,45.72,Flood Risk Reduction,05,False,39.38282,-87.020568,0.0056275546687257,0.0168887456024432,0.003412456184092,0.015170456860581,0.8360417960027507,0.8199873066732836,0.0028733741610862,0.0037442358850171,0.0034941463184302,-0.010713338607443,-0.0112611909337174,0.0160544893294671,10-100 MCM,<=0.1,Flood Risk Reduction,Ohio-Tennessee,-0.009805456829906072,-0.0014557341038113824,1.0794015939255348,1.1952249662225758
03375500,0.6109172662775275,206.3491770136,44.196000000000005,Flood Risk Reduction,05,False,38.413665,-86.876664,0.1036487282927153,0.0016574823277126,0.0962162067173678,0.0014945606090871,0.5575526098557306,0.8578515316076905,0.0097414702219036,0.0083780811642675,0.0969677160554316,-0.0162645658151845,0.1019912459650027,-0.3002989217519598,100-1000 MCM,0.5-1,Flood Risk Reduction,Ohio-Tennessee,0.013532172333231094,0.08845907363177159,1.1344297106277381,1.0251287207194204
03504000,0.9187646593324345,155.41871184,76.2,Hydroelectric,06,True,35.1275,-83.618611,1.6569165801633452,0.0863354141210369,0.0064271635490553,0.0126057663450274,0.8030580279084281,0.7358138739347887,-0.0016306155332763,-0.0052080407006332,0.0002062799592715,-0.0459115373012117,1.5705811660423084,0.0672441539736393,100-1000 MCM,0.5-1,Hydroelectric,Ohio-Tennessee,1.5219294131832444,0.04865175285906381,2.0206357219932514,1.25659923008058
05245100,3.2961023827429043,10.91508080216,2.4384,Recreation,07,False,45.974964,-94.865855,0.0815535586125976,0.0698301719310318,0.0831048102005512,0.0678936354539076,0.7234291781660365,0.6974154654886462,-0.0029593834048853,-0.0108348337272092,0.008123014473092,-0.0012304926521611,0.0117233866815657,0.0260137126773902,10-100 MCM,>1,Recreation,Great Lakes-Upper Miss,-0.011699879589678448,0.0234232662712442,0.7617418326189374,1.2900893770216986
05292000,0.5809587229383059,124.4336480192,4.572,Recreation,07,True,45.295521,-96.444223,0.0109938248143173,0.0052037905103092,0.009347037728199,0.0016699092136588,0.580170383245955,0.703609463714583,0.2144964220564762,0.2167077198869256,0.2188599783504283,0.0183611983452911,0.005790034304008,-0.1234390804686279,100-1000 MCM,0.5-1,Recreation,Great Lakes-Upper Miss,0.0026045724073863203,0.003185461896621761,1.1805119066021401,1.1820874893691085
05356000,0.5548469483071284,283.7008232,13.716,Hydroelectric,07,True,45.848611,-91.078889,0.0438243500925,0.0100559320089786,0.0433904181762683,0.0036270848949025,0.4625356202691887,0.714914389642437,0.0011821206450753,-0.0787702440041058,-0.0698280354412649,-0.0049640541562416,0.0337684180835214,-0.2523787693732483,100-1000 MCM,0.5-1,Hydroelectric,Great Lakes-Upper Miss,0.004041704690483247,0.029726713393038198,1.10129282331917,1.2570941672068245
05356500,0.2954477666201795,283.7008232,13.716,Hydroelectric,07,False,45.451631,-91.261266,0.0299185978225568,0.0596121773827889,0.0284534088672027,0.0577470514060351,0.7615399323284073,0.6914824860063506,0.0071872869327981,0.0116342550505926,0.0045187078895793,0.0049880663948653,-0.029693579560232,0.0700574463220566,100-1000 MCM,0.1-0.5,Hydroelectric,Great Lakes-Upper Miss,-0.016907818066061692,-0.012785761494170374,1.1657490104934252,1.304196130630297
05360500,0.2093699184624572,53.65646004,28.041600000000003,Hydroelectric,07,True,45.371389,-91.208333,0.0393785169703374,0.0052304145938857,0.0234883531678188,0.004942578490632,0.8241603512341308,0.7565635133148291,-0.0033815728456083,-0.0041563866694549,-0.0003502034526069,-0.004255955907146,0.0341481023764517,0.0675968379193017,10-100 MCM,0.1-0.5,Hydroelectric,Great Lakes-Upper Miss,0.028225423914891853,0.0059226784615598995,1.1820474141050912,1.059661387783413
05369000,0.1639641252736576,18.5022276,11.2776,Hydroelectric,07,True,44.875278,-91.938056,0.0150972576078573,0.0234062216957674,0.0146249068677075,0.0225525974928729,0.7409805483075014,0.7791754543766518,0.0091532720181365,0.0146373157070459,0.0084328132118689,0.0021260416424533,-0.0083089640879101,-0.0381949060691504,10-100 MCM,0.1-0.5,Hydroelectric,Great Lakes-Upper Miss,0.006341135919550527,-0.014650100007460691,1.0808720474213,1.083584028854421
05382000,0.0144853467671471,13.321603872,28.041600000000003,Hydroelectric,07,False,44.060239,-91.28737,0.0141996349023967,0.0034784125838754,0.0111441785161944,0.0038496512819857,0.7377649134435392,0.8986563823820642,0.0910449883970875,0.088614348286194,0.0913767213082438,0.0008860684095736,0.0107212223185212,-0.160891468938525,10-100 MCM,<=0.1,Hydroelectric,Great Lakes-Upper Miss,0.012184691666142746,-0.0014634693476214549,1.157924787827178,1.0123861110097558
05391000,1.2826253923796298,56.74756553104,11.8872,Hydroelectric,07,True,45.830509,-89.552364,0.2480502303932268,0.0080427345344599,0.2516491713506688,0.0129652293661776,0.2284743355749128,0.6470943185437961,0.0335208278651447,0.0511426793096091,0.1174467266278055,0.0044900691360644,0.2400074958587669,-0.4186199829688832,10-100 MCM,>1,Hydroelectric,Great Lakes-Upper Miss,0.07443067743874261,0.16557681842002434,1.1225433268491019,0.9509423850006511
05398000,0.4249328326439671,17.145397576,8.2296,Hydroelectric,07,True,44.885802,-89.634844,0.0032400373144155,0.0034626128546405,0.0073764080557653,0.003812930249798,0.9095716082397308,0.7665734055959242,4.73369560766157e-05,6.698480625144665e-05,0.0005225960806289,0.0001832485318788,-0.000222575540225,0.1429982026438065,10-100 MCM,0.1-0.5,Hydroelectric,Great Lakes-Upper Miss,-0.00040043180869029575,0.00017785626846524537,0.9834208110593757,1.0640407791121074
05400760,0.4346641084577403,24.05289588,7.315200000000001,Hydroelectric,07,False,44.394687,-89.825402,0.0041667819165897,0.0054541986952333,0.0041442891871324,0.0042546846171266,0.8905288931793149,0.8985377264813438,-0.0006946728170575,-0.0008168398359805,0.0008620377082437,-0.0110348064350095,-0.0012874167786435,-0.0080088333020288,10-100 MCM,0.1-0.5,Hydroelectric,Great Lakes-Upper Miss,-0.0029288754459620477,0.0016414586673184958,1.0133388500060605,1.0804917106101932
05404000,0.4479189905806331,22.81941404,18.5928,Hydroelectric,07,False,43.60498,-89.756791,0.0311968945980793,0.0141364234523129,0.0191723079877754,0.0132447885260397,0.7689983833478664,0.7998005976251044,0.0366146649892606,0.0385706609443166,0.0388066161411703,0.0298480676283481,0.0170604711457664,-0.0308022142772379,10-100 MCM,0.1-0.5,Hydroelectric,Great Lakes-Upper Miss,0.012937656703895,0.004122814441871411,1.1187116448244885,1.106592027529804
05454500,0.026799650354999,34.660839704,40.2336,Flood Risk Reduction,07,False,41.656683,-91.541002,0.0157652678622144,0.0068373480483093,0.0128664262705945,0.0018888244704474,0.633853458789667,0.771205342849576,0.1731601153240569,0.1450128792986449,0.1678297519162263,0.0136032028136805,0.0089279198139051,-0.1373518840599089,10-100 MCM,<=0.1,Flood Risk Reduction,Great Lakes-Upper Miss,-0.005802932798624731,0.014730852612529892,1.0014137864170762,1.2117106426128172
05455700,0.0205036087265385,34.660839704,40.2336,Flood Risk Reduction,07,False,41.423799,-91.478661,0.0096802545815689,0.0045312301778746,0.008212708152349,0.0043899561410336,0.7447561296107481,0.8079396048817855,0.0848368917465152,0.0693879747238935,0.0800080246175509,0.0116454271331476,0.0051490244036942,-0.0631834752710374,10-100 MCM,<=0.1,Flood Risk Reduction,Great Lakes-Upper Miss,-0.0009301359345015533,0.006079160338195803,1.005004555316567,1.0674192400451026
05464500,0.0131180874825009,12.14116175112,4.8768,Hydroelectric,07,True,41.971945,-91.667124,0.0067844631432393,0.0543485408651903,0.0046640922199488,0.0503957212551143,0.7733378514629857,0.2169828956985106,0.1043530942894231,0.1015441616330496,0.1038346895921377,0.0003994549486923,-0.047564077721951,0.5563549557644751,10-100 MCM,<=0.1,Hydroelectric,Great Lakes-Upper Miss,-0.03809924683702876,-0.009464830884922256,1.0725120058913942,1.1658040028987962
05465000,0.0112233851044351,12.14116175112,4.8768,Hydroelectric,07,False,41.409192,-91.290434,0.0053315407623142,0.0140750739122251,0.0055046640000343,0.0141914701126673,0.7423644349445122,0.8051904018432771,0.1241459783536523,0.1211445361332052,0.124287384555306,-2.1151669725938405e-05,-0.0087435331499109,-0.0628259668987648,10-100 MCM,<=0.1,Hydroelectric,Great Lakes-Upper Miss,-0.007308113983180462,-0.0014354191667305238,1.0388259162961806,1.1679545882434563
05476000,0.2748522824534805,89.51501061063999,3.048,Fish and Wildlife Pond,07,False,43.619403,-94.98638,0.0643168625888905,0.0073777942320923,0.0371430229627054,0.0073680406149846,0.745608461266396,0.8358244063244209,0.0576396148383084,0.0480222345197082,0.0657364457765878,0.0022574609448547,0.0569390683567981,-0.0902159450580248,10-100 MCM,0.1-0.5,Other,Great Lakes-Upper Miss,0.03071560131436389,0.02622346704243429,1.2749508275181705,1.0354925810305273
05483600,0.0952180122077753,24.299592248,21.336,Recreation,07,True,41.687209,-94.371077,0.0099793302786114,0.0151814916378168,0.0053019097029628,0.0534984346562521,0.7578885707473612,0.802833802555331,-0.0028527333509735,-0.0034236599021357,-0.0018702870140521,-0.0014585718201612,-0.0052021613592053,-0.0449452318079698,10-100 MCM,<=0.1,Recreation,Great Lakes-Upper Miss,0.0022566780008694935,-0.007458839360074848,1.154421824454576,0.9142718622953471
05484000,0.0434780595688178,24.299592248,21.336,Recreation,07,False,41.589432,-94.151346,0.0060283961550331,0.0038311659659813,0.003372151675495,0.002112265498062,0.7899117762434541,0.7559465321172477,-0.0061021198511141,-0.0065095185149721,-0.0056495795001934,-0.0007654901407928,0.0021972301890518,0.0339652441262063,10-100 MCM,<=0.1,Recreation,Great Lakes-Upper Miss,0.0011903143339043664,0.0010069158551474573,1.1179288912710401,1.122586218439125
05573540,0.0339360866473955,22.7207354928,10.0584,Recreation,07,False,39.831148,-88.976467,0.0140736282545935,0.0027861320396712,0.0113574219919974,0.0036100771208495,0.8097830697755601,0.7838362164676067,0.016711876257352,0.0174042789816618,0.0191371175887156,0.0013035193932878,0.0112874962149222,0.0259468533079534,10-100 MCM,<=0.1,Recreation,Great Lakes-Upper Miss,0.00982815861582542,0.0014593375990968687,1.185688246805358,0.976169597474225
05578500,0.3614590457890992,91.524352528,19.812,Recreation,07,False,40.115038,-89.049251,0.0264699877249276,0.0051692061299358,0.0229968852010124,0.0048480174688155,0.5378128200260839,0.749595346126652,0.2721864127218483,0.2691515907222486,0.2727134161677279,0.1868525368790596,0.0213007815949918,-0.2117825261005681,10-100 MCM,0.1-0.5,Recreation,Great Lakes-Upper Miss,0.021657635193931803,-0.00035685359893994784,1.2523318032056854,1.1315562394965895
05592000,0.2944401772793736,256.35699777088,42.0624,Flood Risk Reduction,07,True,39.407262,-88.781457,0.1157913501045138,0.001938988997696,0.1224900540626393,0.0010653780704374,0.3020587841935684,0.806279538022616,0.2763655734354785,0.375796776485959,0.3931454576456111,0.2481052769528076,0.1138523611068177,-0.5042207538290475,100-1000 MCM,0.1-0.5,Flood Risk Reduction,Great Lakes-Upper Miss,-0.000811638383658276,0.11466399949047602,0.9716528665080498,1.1425379742842237
05592100,0.2391229666779224,256.35699777088,42.0624,Flood Risk Reduction,07,False,39.229764,-88.841732,0.0760311259219975,0.0114946554970056,0.080754267601141,0.001809619270967,0.5965656543979494,0.7661098090578693,-0.0101757808181927,0.043213648331471,0.0662121910866995,0.049558295434984,0.0645364704249919,-0.1695441546599199,100-1000 MCM,0.1-0.5,Flood Risk Reduction,Great Lakes-Upper Miss,-0.008840956947858528,0.07337742737285045,0.9937324476537727,1.1711998584443815
05593000,0.2636363043822332,287.40126872,20.7264,Flood Risk Reduction,07,True,38.611715,-89.35619,0.0743745616338499,0.0101921893717054,0.0779923275447958,0.0064367665358268,0.3658114709838183,0.7001774150109534,0.3685877707378344,0.4339511753340705,0.4502253878381143,0.4091367161549231,0.0641823722621444,-0.3343659440271351,100-1000 MCM,0.1-0.5,Flood Risk Reduction,Great Lakes-Upper Miss,-0.006420147665573723,0.07060251992771821,1.0366371294345686,1.3236399602341806
05594100,0.1867485985980515,287.40126872,20.7264,Flood Risk Reduction,07,False,38.450605,-89.627593,0.0255265734003233,0.0151057360757283,0.0293223999229836,0.0141749066071459,0.6156414297921292,0.8257288080158739,0.2403581113088883,0.2396963683055936,0.2575765516776874,0.2856801934105911,0.010420837324595,-0.2100873782237446,100-1000 MCM,0.1-0.5,Flood Risk Reduction,Great Lakes-Upper Miss,-0.010271041983911093,0.0206918793085061,1.0283244757099228,1.209403832972653
05597000,0.3454576461030275,227.793258802,16.4592,Flood Risk Reduction,07,False,37.901439,-89.013962,0.0229509900048974,0.0240561515062356,0.0138687295873832,0.0233093704067403,0.028382439508479,0.7891802190950801,0.8686333668089249,0.8689488642090606,0.8679749757397823,0.4445126134376577,-0.0011051615013381,-0.760797779586601,100-1000 MCM,0.1-0.5,Flood Risk Reduction,Great Lakes-Upper Miss,0.0048324126467601345,-0.005937574148098321,1.1756173543232822,1.1423243541540409
08015500,0.0055899142033903,11.348032928,14.0208,Recreation,08,False,30.502556,-92.915417,0.0122007409755232,0.010416600051369,0.0065247817015902,0.0055084803651212,0.7834011940535109,0.6768642673549384,0.0137645476847088,0.0127722221588568,0.0144528148657552,0.0020757776397877,0.0017841409241541,0.1065369266985725,10-100 MCM,<=0.1,Recreation,Plains-Texas,-0.0011901486397579864,0.002974289563912184,1.1590831602069125,1.1973042406883743
05046000,2.093729641710969,624.14181104,3.048,Other,09,False,46.209682,-96.185061,0.1957944121541632,0.1030710405768269,0.2005320305179,0.0981075405474869,0.5912130505053315,0.6782630094205526,0.0038300434223846,0.0434903752594674,0.0901739692937469,0.0040928944116149,0.0927233715773362,-0.0870499589152211,100-1000 MCM,>1,Other,Great Lakes-Upper Miss,0.03771989436721433,0.05500347721012196,0.8619180321847879,1.234224494699032
05014500,0.7047326908208239,83.69667677135999,33.2232,Irrigation,10,True,48.799145,-113.656776,0.4428752083311182,0.0147116287276578,0.0400697835088633,0.003974377346813,0.8153140747796415,0.6633213061440013,0.0012264058835489,-0.0030160948327434,0.0116072373214248,9.951333984903332e-05,0.4281635796034603,0.1519927686356401,10-100 MCM,0.5-1,Irrigation,Plains-Texas,0.19596391792834242,0.2321996616751179,1.6010528373229072,1.4770431354610476
06020600,0.282738439212062,46.39248548424,33.8328,Irrigation,10,True,45.242146,-112.11082,0.1053723269988961,0.1971623262713952,0.1053613674758668,0.1959917316030635,0.7811557245715945,0.2558698691648424,0.0012515041136709,-0.0038874501128949,0.0415762147997534,0.0001830269998418,-0.091789999272499,0.5252858554067521,10-100 MCM,0.1-0.5,Irrigation,Plains-Texas,-0.1658127055515022,0.07402270627900313,0.8940458584623714,0.6864328272101415
06038500,0.5119736706176791,476.12399024,36.576,Hydroelectric,10,True,44.866593,-111.338288,0.3036028253446022,0.0577614975144175,0.2110317609879667,0.0080882153749149,0.0708808048768884,0.7665463654644227,0.0654776798116216,-0.0323551150843601,-0.0049876097991445,-5.195072543462409e-05,0.2458413278301847,-0.6956655605875343,100-1000 MCM,0.5-1,Hydroelectric,Plains-Texas,0.0746547890899791,0.17118653874020565,1.1449373980204927,1.3506930941822617
06224000,0.7991719009460544,188.05540784456,24.6888,Flood Risk Reduction,10,True,43.176901,-109.202911,0.1439268481281886,0.0226190734057479,0.1457936454695705,0.020253040972522,0.7045059756171457,0.372196011239795,-0.0003415507815569,0.0628326324880049,0.1288206358799165,-0.0151277058299351,0.1213077747224407,0.3323099643773506,100-1000 MCM,0.5-1,Flood Risk Reduction,Plains-Texas,-0.0030173988226725123,0.12432517354511324,1.0905626111408064,1.2485306705927932
06225000,0.8453160999007704,188.05540784456,24.6888,Flood Risk Reduction,10,True,43.242457,-109.022905,0.2242397773528868,0.0035746550235675,0.2219458055592421,0.0073294987123607,0.3255174953782737,0.4057388794386783,0.1176532680454804,0.2359844004595093,0.2301109062247701,0.0108310481512234,0.2206651223293192,-0.0802213840604046,100-1000 MCM,0.5-1,Flood Risk Reduction,Plains-Texas,0.010514152502845675,0.2101509698264736,1.1470376850736261,1.1126866309912424
06259000,1.0687085679820103,865.2998455784,67.056,Flood Risk Reduction,10,True,43.424958,-108.178986,0.1376743931913411,0.0059084852581484,0.1224594813596132,0.0011134274878568,0.408627605872193,0.6446945926530869,0.1889467252983048,0.2003730629212892,0.1796197438561464,0.0618850901006833,0.1317659079331926,-0.2360669867808938,100-1000 MCM,>1,Flood Risk Reduction,Plains-Texas,0.006161158715219082,0.1256047492179736,1.0864342547824966,1.0897758557723358
06282000,0.986824666377745,797.5261858796,106.68,Fish and Wildlife Pond,10,False,44.51662,-109.097922,0.0235690733478017,0.0294252949994328,0.0249427078619372,0.0064484201953387,0.5909377809757891,0.6316695050468906,0.0386059718887228,0.071448615930902,0.0571541242444189,0.0073551054079199,-0.005856221651631,-0.0407317240711014,100-1000 MCM,0.5-1,Other,Plains-Texas,-0.012266594711352245,0.006410373059721176,0.9730098842883422,1.1605198560029149
06285100,1.1353410234888963,797.5261858796,106.68,Fish and Wildlife Pond,10,False,44.838564,-108.435119,0.0549939011272174,0.1855691958600777,0.0544702473406605,0.1953728738048192,0.4024715131094674,0.5626667071883131,0.041411531997857,0.0267351159453498,0.0740672533016323,0.0088782263022422,-0.1305752947328603,-0.1601951940788457,100-1000 MCM,>1,Other,Plains-Texas,-0.13518799413704433,0.004612699404184004,1.0953597140693854,0.6927933194040161
06409000,1.3557106784787911,19.3101582052,52.1208,Fish and Wildlife Pond,10,True,44.013592,-103.830478,0.1058158593340065,0.0161622741349348,0.0510978012505974,0.0156570146526894,0.5042212779968638,-0.0285470178363056,-0.0004183787501885,0.0241330286754219,0.0276346646715341,-0.0001571373138051,0.0896535851990716,0.5327682958331694,10-100 MCM,>1,Other,Plains-Texas,0.06209297565557995,0.02756060954349173,1.1716510354938316,1.6559483896140625
06410500,1.601322124353945,69.0318111756,74.676,Flood Risk Reduction,10,True,44.084708,-103.58047,0.0834166918749955,0.0224917807439822,0.107015536342894,0.0102297837526496,0.5651079943069934,0.7030617436706823,-0.0006673053627856,0.0239297754473841,0.0433200934692321,-0.0057825504923634,0.0609249111310133,-0.1379537493636888,10-100 MCM,>1,Flood Risk Reduction,Plains-Texas,0.03212943625001771,0.028795474880995597,0.770065257112406,1.4361791498088978
06411500,1.5941609310218403,69.0318111756,74.676,Flood Risk Reduction,10,True,44.076654,-103.482134,0.0791235671483548,0.0023681263552808,0.1040908407933594,0.0005919281639492,0.5094191098079346,0.6444104509180602,0.0033311613468784,0.0322838326219853,0.0358744447168319,0.0018223954139662,0.076755440793074,-0.1349913411101255,10-100 MCM,>1,Flood Risk Reduction,Plains-Texas,0.04459489430456932,0.03216054648850469,0.7665554866650721,1.180659655199367
06412500,1.5720210193001116,69.0318111756,74.676,Flood Risk Reduction,10,False,44.052766,-103.311851,0.0526934034458933,0.0019566855006469,0.071765584262982,0.0024693359196348,0.5308458564966929,0.5256726063748163,0.008600996728226,0.0406937939392335,0.0453851067885791,0.0011641188565657,0.0507367179452463,0.0051732501218766,10-100 MCM,>1,Flood Risk Reduction,Plains-Texas,0.019161991656615956,0.03157472628863043,0.8072880898939017,1.0234464951691582
06414000,1.1570745886576763,69.0318111756,74.676,Flood Risk Reduction,10,False,44.085821,-103.242404,0.0999326752705003,0.1059725485736876,0.1617967243477012,0.1066957570287922,0.4376470364593151,0.7494303693378781,0.0067895726676094,0.0373351804574251,0.0344901856231862,0.0005864537737607,-0.0060398733031873,-0.3117833328785629,10-100 MCM,>1,Flood Risk Reduction,Plains-Texas,0.06599419541263714,-0.07203406871582445,0.7008811355912906,0.8454688468868713
06418900,0.9856571585201545,69.0318111756,74.676,Flood Risk Reduction,10,False,44.023322,-103.095733,0.1458475742271517,0.0541607376941284,0.2186625816637187,0.0543230252252332,0.375479153607877,0.5036537287659983,9.514477572908352e-05,0.0065759104599706,0.0178720778202143,-0.0010339296838045,0.0916868365330233,-0.1281745751581213,10-100 MCM,0.5-1,Flood Risk Reduction,Plains-Texas,0.11425660412224221,-0.022569767589218893,0.6255871406440356,0.5592757122449262
06470000,0.3694343710618126,43.8317771844,33.528,Flood Risk Reduction,10,False,46.889722,-98.681667,0.2946730057564599,0.0066655205167714,0.2933728074791418,0.0023225636564864,0.2139253585841275,0.7648420088515816,0.0270589230208382,0.0147629590771442,0.0647291719849839,0.0079144441696841,0.2880074852396885,-0.5509166502674541,10-100 MCM,0.1-0.5,Flood Risk Reduction,Plains-Texas,0.11341539806396626,0.17459208717572222,0.41106472752499845,1.0935309785828777
06470500,0.2381386270384653,43.8317771844,33.528,Flood Risk Reduction,10,False,46.355525,-98.304543,0.2273924029754753,0.0077592346084646,0.2385161794659973,0.0094998837066289,0.2301760398582035,0.9497152074624396,-0.000291531968448,-0.0317111780498047,0.0150862254523564,0.0291927219837703,0.2196331683670106,-0.7195391676042361,10-100 MCM,0.1-0.5,Flood Risk Reduction,Plains-Texas,0.11434299210928203,0.1052901762577286,0.391862746126196,1.0517420223349017
06714215,3.233518712991636,24.6696368,45.110400000000006,Flood Risk Reduction,10,False,39.812208,-104.958313,0.1782319792542964,0.0251622095740164,0.1680224955704449,0.0257523054423052,0.278170873550857,0.8953694622706772,0.0020817087744017,-0.0009992109343661,0.0131935192381755,-0.0055709001808562,0.15306976968028,-0.6171985887198201,10-100 MCM,>1,Flood Risk Reduction,Plains-Texas,0.12704532813862401,0.026024441541656063,1.724568419515428,1.1049052761977467
06821150,1.1909407050985326,178.361474064,32.004000000000005,Flood Risk Reduction,10,False,39.388055,-94.579121,0.0141266821545726,0.1448440122784222,0.0140310055043001,0.0635842274936698,0.3103092419429916,0.0980451944748662,-0.011676631792552,-0.015798822676204,-0.0273115290866455,-0.0196180226698885,-0.1307173301238496,0.2122640474681253,100-1000 MCM,>1,Flood Risk Reduction,Plains-Texas,-0.08982358524167057,-0.04089374488217903,1.0989937647384322,2.4291106353388607
06891500,0.563585240797346,136.176395136,35.3568,Flood Risk Reduction,10,False,38.911295,-95.261101,0.0049045040540131,0.0145581237921449,0.0044194874714958,0.0033469157913399,0.4977276817334791,0.6433610860250593,-2.060817607701937e-05,0.0012673272422524,-0.0066674738879677,-0.0353279875606223,-0.0096536197381317,-0.1456334042915801,100-1000 MCM,0.5-1,Flood Risk Reduction,Plains-Texas,-0.010905393731103294,0.0012517739929715221,1.049977873194408,1.348254348906932
06903900,0.6879912265807051,253.30659718056,30.48,Flood Risk Reduction,10,True,40.821872,-92.891254,0.046724099654828,0.0017305873356243,0.0268510403638905,0.0019622080472795,0.4109032165604341,0.7692074154681424,0.152871548321422,0.1498976029570083,0.1495667467723568,0.1247803766675552,0.0449935123192036,-0.3583041989077082,100-1000 MCM,0.5-1,Flood Risk Reduction,Plains-Texas,0.026294538020718683,0.01869897429848493,1.2196754506611616,0.9875140906778864
06904010,0.4695069602921808,253.30659718056,30.48,Flood Risk Reduction,10,False,40.692517,-92.772418,0.020572294765928,0.0073442363413888,0.0121163090917958,0.0078612742262098,0.6729808006619915,0.2694916234614285,0.0026527937495079,0.0002338357399715,-0.0017892826424689,-0.0455007894902648,0.0132280584245391,0.403489177200563,100-1000 MCM,0.1-0.5,Flood Risk Reduction,Plains-Texas,0.009644039172292998,0.0035840192522461553,1.160451596401428,0.6166030320711344
06904050,0.4110176897684314,253.30659718056,30.48,Flood Risk Reduction,10,False,40.484017,-92.685914,0.0310545659214415,0.0077541427080239,0.0151126432529524,0.0034248724974478,0.698176405031383,0.5294576638149292,0.0495486373100206,0.0643139720498333,0.0502394069814634,0.0112676073203665,0.0233004232134175,0.1687187412164538,100-1000 MCM,0.1-0.5,Flood Risk Reduction,Plains-Texas,0.01861813804097426,0.004682285172443305,1.2200416068316573,1.1348816259056247
06904500,0.2517374473483207,253.30659718056,30.48,Flood Risk Reduction,10,False,40.234333,-92.686375,0.0073561465297108,0.0122223318088738,0.0045076879227986,0.0075013068609527,0.7690396730601656,0.7391119296554927,0.0268288409231785,0.0644099785967321,0.0266152135449341,-0.0051666029673862,-0.004866185279163,0.0299277434046729,100-1000 MCM,0.1-0.5,Flood Risk Reduction,Plains-Texas,-0.004310622670565279,-0.0005555626085977572,1.1366053963388802,1.1823250598894859
06906200,0.5563255860318987,43.1718644,24.384,Flood Risk Reduction,10,True,39.751447,-92.518956,0.3257575370673811,0.2337839291241041,0.0128482829665228,0.0389150235524695,-0.0499183750797027,0.6113254492117648,0.8315350912325762,0.7878810173055177,0.8310483201125377,0.1900980400068833,0.0919736079432769,-0.6612438242914676,10-100 MCM,0.5-1,Flood Risk Reduction,Plains-Texas,0.21398320920919417,-0.1220096012659172,1.785631648429088,1.4142982363320666
06906300,0.2529643701529885,43.1718644,24.384,Flood Risk Reduction,10,False,39.454914,-92.568497,0.011816123235239,0.019456920505677,0.0097403426290215,0.0017629541223384,0.7413377674051372,0.8888078424341558,0.0077309274463149,0.0007725706514645,0.0086957434776246,0.0148721854930282,-0.0076407972704379,-0.1474700750290185,10-100 MCM,0.1-0.5,Flood Risk Reduction,Plains-Texas,-0.006740474090362701,-0.0009003231800752643,1.1940999414741642,1.1698659054607488
06912500,0.4702484983779134,87.083817904,33.8328,Flood Risk Reduction,10,True,38.644923,-95.559801,0.0171342626597266,0.0020132215686477,0.0232114614342202,0.0013736882888603,0.0776332617405436,0.742020309357609,0.3247460972575555,0.324469381478583,0.3279477479302183,0.1757593750421467,0.0151210410910788,-0.6643870476170654,10-100 MCM,0.1-0.5,Flood Risk Reduction,Plains-Texas,-0.00025363103934431197,0.015374672130423178,1.036892507754649,1.0971788022971496
06913000,0.4173678301851884,189.95620336,37.4904,Flood Risk Reduction,10,False,38.584178,-95.45359,0.0114884045803668,0.0079763036941099,0.0094270367637642,0.0039988371127015,0.7261812861836714,0.835937244499338,-0.0061373099510666,-0.0145599471238704,-0.0012894335139425,-0.042523121900053,0.0035121008862568,-0.1097559583156666,100-1000 MCM,0.1-0.5,Flood Risk Reduction,Plains-Texas,-0.004080068791197218,0.007592169677454092,1.1144662632681066,1.2475051328181381
06919020,1.1848917480518837,1100.26580128,46.6344,Flood Risk Reduction,10,False,37.735875,-93.779683,0.0789678033124885,0.0058628242372927,0.0555775319514926,0.0036003226395096,0.0350837388977516,0.8417423778294912,0.4940359449573092,0.4928001284987478,0.4864622070793731,0.430436845154325,0.0731049790751957,-0.8066586389317396,>1000 MCM,>1,Flood Risk Reduction,Plains-Texas,0.029207655859614105,0.04389732321558168,1.2384292977250424,1.2015639367434852
06919900,0.8113160107396816,1100.26580128,46.6344,Flood Risk Reduction,10,False,37.869831,-93.803164,0.0348729049215443,0.0015909987218158,0.017897030312387,0.0016806335991949,0.5484069367531168,0.7484432720854138,-0.0001406575139191,-0.0011497222401731,0.0062582179433794,0.1027038498137478,0.0332819061997284,-0.200036335332297,>1000 MCM,0.5-1,Flood Risk Reduction,Plains-Texas,0.019038091208287266,0.01424381499144119,1.1985893131121663,1.0452457900716954
06921350,0.5763573042966869,283.7008232,47.244,Flood Risk Reduction,10,True,37.906061,-93.328917,0.0323572753257946,0.0537389914883274,0.0145968363367862,0.0517022637975325,-0.1988953200335972,0.8131164304406444,0.8052518724138376,0.7770134023055859,0.773297116303761,0.7245401244986278,-0.0213817161625329,-1.0120117504742416,100-1000 MCM,0.5-1,Flood Risk Reduction,Plains-Texas,0.02575777111655645,-0.04713948727908935,1.2365368733081148,1.04625881835166
07063000,0.0268426012285927,27.13660048,47.244,Flood Risk Reduction,11,False,36.759569,-90.3881,0.0313227598759479,0.0672589401468578,0.0108649184420531,0.0435364021297597,0.5603562541128706,0.7892186873063688,0.0490453159138403,0.0532959072289745,0.0482878888142668,-0.0366916044262431,-0.0359361802709099,-0.2288624331934982,10-100 MCM,<=0.1,Flood Risk Reduction,Plains-Texas,-0.039006922827989066,0.0030707425570791133,1.1168356072116932,1.3208981769231936
07109500,1.062886851883096,398.35172674616,74.676,Flood Risk Reduction,11,False,38.248058,-104.399136,0.1617680752783188,0.028335503215099,0.1537934390634817,0.023896749131524,0.6431659700007095,0.4671154182114538,0.0029324337260026,-0.0005356078960876,0.0110810113080879,-0.0124321503769311,0.1334325720632197,0.1760505517892556,100-1000 MCM,>1,Flood Risk Reduction,Plains-Texas,0.11223776052448335,0.0211948115387364,1.3514067274783428,1.2600502489000953
07124410,1.472811217374032,88.53809299336,61.8744,Flood Risk Reduction,11,True,37.143908,-104.547764,0.1581926151597059,0.0159816923116713,0.1606879751431009,0.0091367355606421,0.4362834770029936,0.7259453219196936,0.0004735541283834,-0.0034695895528686,0.1204944146258193,0.0016837569552492,0.1422109228480346,-0.2896618449167,10-100 MCM,>1,Flood Risk Reduction,Plains-Texas,0.033074293358647644,0.109136629489387,0.6967344428862458,1.4234007722590805
07176000,0.1897522895418139,681.1410068664,41.7576,Flood Risk Reduction,11,False,36.307319,-95.698037,0.0088017736870021,0.0187367562118102,0.0070277327711921,0.0167319955634824,0.4814298718545564,0.090740572015915,0.2465533021273646,0.24589751187782,0.257550411060581,0.2251162535613469,-0.009934982524808,0.3906892998386414,100-1000 MCM,0.1-0.5,Flood Risk Reduction,Plains-Texas,-0.004650966068999612,-0.005284016455808482,1.07057272463914,1.64624478455636
07185000,0.1037057428687894,74.82424189624,26.5176,Flood Risk Reduction,11,False,36.928681,-94.957458,0.0069641900525319,0.0043349260657558,0.0033528688506365,0.0042751531095455,0.6526578046604492,0.836065895341581,0.059427400740827,0.0714291378373943,0.0597918631886678,0.1089497108962983,0.0026292639867761,-0.1834080906811318,10-100 MCM,0.1-0.5,Flood Risk Reduction,Plains-Texas,0.0016005161000210261,0.0010287478867550817,1.0959181964670284,1.115892951699898
07195500,0.0587220887037313,27.691667308,12.192,Water Supply,11,True,36.130082,-94.572164,0.0051047472290338,0.0146023578212892,0.0010246420447084,0.0136198057906896,0.7797763527251471,0.6901815854404657,-0.0131464573866286,-0.014833172655212,-0.0126464968536387,-0.0012250662379929,-0.0094976105922553,0.0895947672846814,10-100 MCM,<=0.1,Water Supply,Plains-Texas,-0.010963875238612277,0.0014662646463569008,1.1053270725693476,1.230949554157827
07196500,0.0642880890687405,27.691667308,12.192,Water Supply,11,False,35.922869,-94.923566,0.0019500528961439,0.0603920508824651,0.0021286290194361,0.0628308435202332,0.6907494337531754,0.1622247767422601,-0.0072956693422017,-0.0086332571940961,-0.0077419704673208,0.0012965318734905,-0.0584419979863211,0.5285246570109153,10-100 MCM,<=0.1,Water Supply,Plains-Texas,-0.04485274877357706,-0.013589249212744122,1.073746467318111,0.5081578262570976
07198000,0.6075559089838858,806.8204715439999,60.0456,Flood Risk Reduction,11,True,35.573151,-95.068846,0.0277906964107053,0.0039064030434369,0.013532377342723,0.0033427086919237,0.1342955917590527,0.7516424993298618,0.4826119672227125,0.4551918529857275,0.4638976903622651,0.5307362673186199,0.0238842933672683,-0.6173469075708091,100-1000 MCM,0.5-1,Flood Risk Reduction,Plains-Texas,0.0059197098599586126,0.01796458350730977,1.1162168124458758,1.1184465172860802
07206000,7.876768239112286,99.91202904,43.281600000000005,Irrigation,11,True,36.531977,-105.229173,0.3488273348554829,0.0682560857407441,0.2568394602199785,0.0698841607568508,-0.1555458725303258,0.5566096295859075,0.000281355005408,-0.0963097217973771,-0.187558477269482,0.0031389515250757,0.2805712491147387,-0.7121555021162334,10-100 MCM,>1,Irrigation,Plains-Texas,0.10403298293181117,0.17653826618292756,1.4244685887373194,0.9426033834523759
07207000,5.311296514821223,99.91202904,43.281600000000005,Irrigation,11,False,36.519758,-104.978892,0.1603193553987711,0.108617309367586,0.1779715582941406,0.0993599142842218,0.2319688361306758,0.5943431387128781,-0.0007695024043164,0.0482760844866566,-0.2176229427999427,-0.0003219683088182,0.0517020460311851,-0.3623743025822022,10-100 MCM,>1,Irrigation,Plains-Texas,-0.0387019010509381,0.09040394708212322,1.1909880490117213,1.531545129321143
07339000,0.9371749131099456,1132.4226728488,68.58,Flood Risk Reduction,11,True,34.041778,-94.619936,0.0358966211151812,0.01977274252473,0.0307960526306307,0.01655316864821,0.4282284666266684,0.6267379627603655,0.0587231278567335,0.0579932758686926,0.0586496076250017,0.0531740252237249,0.0161238785904511,-0.198509496133697,>1000 MCM,0.5-1,Flood Risk Reduction,Plains-Texas,-0.007033000593692334,0.02315687918414352,1.1334485547476,1.64854975695418
07341200,0.1209256591943509,36.634410648,46.6344,Flood Risk Reduction,11,False,33.96206,-94.061304,0.0026432548382997,0.0330550099445329,0.0030951482566617,0.028708340020951,0.5630402021544352,0.0094540349201037,0.0959143111258248,0.1079717976348174,0.0966602307608376,0.1189546409376347,-0.0304117551062332,0.5535861672343314,10-100 MCM,0.1-0.5,Flood Risk Reduction,Plains-Texas,0.0006795740941463976,-0.031091329200379603,1.052971275021461,1.023512696855357
08025360,1.5731074119453108,5540.800425279999,41.148,Hydroelectric,12,False,31.173799,-93.566008,0.078374829163912,0.0030653773781001,0.0665324086362468,0.0029804431970991,0.5099770216737378,0.4768587772229634,0.1365903459251826,0.1388036632252349,0.1711594224594392,0.1733867749611286,0.0753094517858119,0.0331182444507743,>1000 MCM,>1,Hydroelectric,Plains-Texas,0.02085240567288526,0.054457046112926635,1.215875433978843,1.1411667089798954
08026000,1.4992228275809787,5540.800425279999,41.148,Hydroelectric,12,False,31.06408,-93.519616,0.0626288092478064,0.0018836260361186,0.0518769239089641,0.0011782048215832,0.5181544626581134,0.6450733601691252,0.165426163772979,0.1628449148592478,0.1920189678755813,0.2107541912225176,0.0607451832116877,-0.1269188975110118,>1000 MCM,>1,Hydroelectric,Plains-Texas,0.014427320209680568,0.046317863002007215,1.1701965610904226,1.086877321791414
08028000,0.2275819305791077,29.60356416,13.1064,Recreation,12,False,30.95297,-93.352944,0.0111305346915818,0.0007983416086776,0.006317521680114,0.0008486025951333,0.7714199260534305,0.4760454934343817,0.0041863765880586,0.0110431767675183,0.0031889253614875,0.0052045450881186,0.0103321930829042,0.2953744326190487,10-100 MCM,0.1-0.5,Recreation,Plains-Texas,0.007580928843188304,0.0027512642397159396,1.1993220474720239,0.9125847068129025
08068000,1.1312566223605265,513.40967929952,24.9936,Irrigation,12,False,30.244657,-95.457162,0.0147676434994369,0.0230480893323978,0.0092659757640007,0.0159206840130745,0.6372563570815788,0.1540489830416607,0.140829070541082,0.1461210569075357,0.1391755563493409,0.1116622914508039,-0.0082804458329608,0.4832073740399181,100-1000 MCM,>1,Irrigation,Plains-Texas,-0.009065131683353997,0.0007846858503931312,1.3781782727810612,3.4567392710018874
08110500,0.6501256239357776,256.58519191128,18.8976,Irrigation,12,False,31.170182,-96.297743,0.0084203364273168,0.0040195330602851,0.0049472294635222,0.0014614849907471,0.7124232243488815,0.672163837879818,0.0136335950927677,0.0164532895608779,0.0174141634682973,-0.1130768662758897,0.0044008033670316,0.0402593864690634,100-1000 MCM,0.5-1,Irrigation,Plains-Texas,0.0038497984597027786,0.0005510049073289198,1.327699051643543,1.229474133934321
08177500,0.3718781484600229,43.27547687456,19.812,Other,12,True,28.731103,-97.1386,0.0023983199723648,0.0026225297777941,0.0014345395182777,0.0025507093460782,0.4603368560940398,0.6542435508015918,-0.0091285224418939,-0.0091285224418939,-0.0077202837198104,-0.0112361152900447,-0.0002242098054293,-0.1939066947075519,10-100 MCM,0.1-0.5,Other,Plains-Texas,0.0007802985871384449,-0.0010045083925678147,1.2635287296245832,1.1175349580737004
08245000,0.8469516858309906,65.99867933104,50.292,Flood Risk Reduction,13,True,37.355006,-106.544203,0.1907769661174222,0.0195486280239333,0.1001728439630257,0.0194340646204118,0.3232749010264804,0.7877377256526166,0.0004727604989873,0.2291983050764253,0.1818702667640767,-0.0012718419546152,0.1712283380934889,-0.4644628246261362,10-100 MCM,0.5-1,Flood Risk Reduction,Southwest-Great Basin,0.022195096894138733,0.14903324119935016,1.2156691216223372,1.1095878098741583
08285500,1.9955716598698447,242.0708111,70.104,Irrigation,13,True,36.580015,-106.723926,0.1224874457434635,0.0225538628783231,0.1199985511222775,0.0220387489455279,0.1153251819355247,0.7821369465234018,0.0004813017628511,-0.0091545870630561,-0.1221055783933857,-0.0010652384646522,0.0999335828651403,-0.666811764587877,100-1000 MCM,>1,Irrigation,Southwest-Great Basin,0.023163263451417605,0.07677031941372277,1.1653599840904458,0.9352423074754762
08286500,1.9200067613823333,242.0708111,70.104,Irrigation,13,False,36.31835,-106.597814,0.1447548801596264,0.019263256774143,0.138524262058662,0.0199442280156333,0.1514944413939044,0.0637680530223806,0.0004502818345847,-0.0131151384345012,-0.1262228798186261,-0.0011246395732334,0.1254916233854834,0.0877263883715238,100-1000 MCM,>1,Irrigation,Southwest-Great Basin,0.03881563222652639,0.086675991158957,1.2048334295009837,0.9286899606686966
08287000,2.377295512106208,209.6919128,107.8992,Flood Risk Reduction,13,True,36.236685,-106.416976,0.2309066473555313,0.0038703624752793,0.2194876096473266,0.0031122646336861,0.107539693948777,0.1643499892917995,0.1489784219422654,0.1484888561562978,0.0710429302344946,0.0242645579414183,0.227036284880252,-0.0568102953430225,100-1000 MCM,>1,Flood Risk Reduction,Southwest-Great Basin,0.031278924269397435,0.19575736061085455,1.174650591037065,2.2769795034532123
08317950,36.71518620434974,110.766669232,49.9872,Flood Risk Reduction,13,True,35.465592,-106.216412,0.0449437727774664,0.0039714471185893,0.0445405657765681,0.0032926620469064,-0.1322348330737435,0.1131158586162021,0.0008161832796282,0.0030541799321884,0.0302175238516625,2.5937439910972412e-05,0.0409723256588771,-0.2453506916899456,100-1000 MCM,>1,Flood Risk Reduction,Southwest-Great Basin,0.000324002633545693,0.04064832302533144,1.309081478220306,1.8248921864195211
08382830,3.398188720046581,246.696368,65.2272,Flood Risk Reduction,13,True,35.031168,-104.686378,0.1725134708980872,0.1767836452201239,0.138587411521498,0.1775184046284783,-0.191200484210229,0.6839277472572749,0.1122675616910502,0.2035767102344235,0.194317098918009,0.0197860090355181,-0.0042701743220367,-0.875128231467504,100-1000 MCM,>1,Flood Risk Reduction,Southwest-Great Basin,-0.02712521328733019,0.02285503896529341,1.7043901696760577,1.5341513700544054
08383500,1.6141163892535375,246.696368,65.2272,Flood Risk Reduction,13,False,34.730062,-104.524986,0.13000917923218,0.014416067197823,0.1142587677425602,0.0144379860428208,-0.1301736829971538,-0.0014725207502463,0.1007127304093795,0.0989180087468799,0.1252838100096052,0.0151996071167943,0.1155931120343569,-0.1287011622469074,100-1000 MCM,>1,Flood Risk Reduction,Southwest-Great Basin,0.0014142332206858992,0.11417887881367103,0.8276091262789408,0.2255393569844464
08384500,2.284454805038684,78.5604583896,49.9872,Flood Risk Reduction,13,True,34.604231,-104.387758,0.1110430650497638,0.0260161035168555,0.097335943749585,0.0274610688769262,-0.0974452335255149,0.5224999444270066,0.1291649587379485,0.1759894739600981,0.0989594818720015,0.0158945765508555,0.0850269615329083,-0.6199451779525216,10-100 MCM,>1,Flood Risk Reduction,Southwest-Great Basin,-0.0018000262652734618,0.08682698779818179,0.8856834539658036,1.129414859840523
08390500,24.87990268393385,207.22494912,35.9664,Flood Risk Reduction,13,True,33.349264,-104.85192,0.125776107840322,0.0205431299418337,0.1095257973444817,0.0209615798372473,-0.1163600484876623,-0.012256615657793,0.0178829062305639,0.0203379172348748,0.0260142285043299,-0.0008134571175156,0.1052329778984882,-0.1041034328298693,100-1000 MCM,>1,Flood Risk Reduction,Southwest-Great Basin,0.08248652254887773,0.02274645534961055,3.350357438626543,1.3618958822557152
08390800,55.42235056031481,207.22494912,35.9664,Flood Risk Reduction,13,True,33.301489,-104.720528,2.690708266852208,0.1426352937355411,2.405694428973176,0.1422203192425821,-17.587377162848124,0.4883952338540419,7.335425812670584,6.343849059821613,7.594648344967636,-0.010069344802142,2.5480729731166667,-18.075772396702167,100-1000 MCM,>1,Flood Risk Reduction,Southwest-Great Basin,2.0009014746799134,0.5471714984367534,7.952391531664671,0.8546446715861635
09034250,3.664842123720034,665.7841579584,90.8304,Hydroelectric,14,False,40.108319,-106.004185,0.0212486190323574,0.0535814529298017,0.0216251176176478,0.0804720935441661,0.5814670507658076,0.7022316052846677,-0.001990607205868,-0.0105748372537188,-0.0073010888603903,-0.0052580728649284,-0.0323328338974443,-0.12076455451886,100-1000 MCM,>1,Hydroelectric,Southwest-Great Basin,-0.0007197712667017201,-0.03161306263074259,0.9499811474559355,1.052626033800279
09038500,0.9946377269862796,119.401042112,63.7032,Water Supply,14,True,40.035263,-106.205303,0.1335826204713005,0.0329882506038917,0.1287968997480836,0.0432456363216805,0.257204971311292,0.4481330778235026,-0.0290290985376937,0.0340674079035835,0.0493664735288085,0.0043099682564656,0.1005943698674087,-0.1909281065122106,100-1000 MCM,0.5-1,Water Supply,Southwest-Great Basin,-0.0036453482942195147,0.10423971816162832,1.0093433818225535,0.942140146721981
09050700,4.226743757311707,313.30438736,94.488,Water Supply,14,True,39.625542,-106.066408,0.3597366619767134,0.0179286876062278,0.3398360287304529,0.0181324062063394,0.101491388758611,0.829009864714663,0.0705777554466157,0.1442185922795072,0.1972655482489412,0.0324713519280893,0.3418079743704855,-0.7275184759560519,100-1000 MCM,>1,Water Supply,Southwest-Great Basin,0.16422805367837245,0.1775799206921131,1.5643728801926924,0.9686202986172858
09057500,2.528583017070187,189.5121498976,94.1832,Hydroelectric,14,True,39.880264,-106.333918,0.3859445981543732,0.0932765353911899,0.3649124166430525,0.0966798963407165,-0.1161388997229144,0.7046497232737181,0.2904369494423116,0.2386300161886075,0.3682242503041228,0.0351554268656231,0.2926680627631832,-0.8207886229966326,100-1000 MCM,>1,Hydroelectric,Southwest-Great Basin,0.05979759485357802,0.2328704679096052,1.2158224984771915,0.9448382801206898
09080400,0.8719757097865061,126.27523640632,98.1456,Hydroelectric,14,False,39.365541,-106.825595,0.6558224777256398,0.0614429172940375,0.2634592185375772,0.050567720906907,0.075158643048495,0.8063653673855045,0.0251030009469524,-0.0222640941814751,0.0002509011444526,0.001973646944499,0.5943795604316022,-0.7312067243370094,100-1000 MCM,0.5-1,Hydroelectric,Southwest-Great Basin,0.30549001152217853,0.28888954890942375,1.3876084413849936,1.3489937257694917
09109000,0.8223677431663958,131.02660845399998,62.7888,Irrigation,14,True,38.818327,-106.609198,0.4193683996957179,0.1340157164413759,0.2159590915145276,0.1366559144491879,0.3577044930770415,0.6304790257403801,0.2337114257788426,0.274851270175813,0.1866549229224609,0.0079866435550313,0.2853526832543419,-0.2727745326633385,100-1000 MCM,0.5-1,Irrigation,Southwest-Great Basin,0.24154413035813643,0.04380855289620553,1.379369676776615,1.0452052609929332
09110000,0.5341395581354429,131.02660845399998,62.7888,Irrigation,14,False,38.664437,-106.845317,0.6024586399943587,0.0174496206726138,0.3780087795348373,0.0197938206895355,0.4290750352359093,0.8182624913180472,0.0263559899601595,-0.0450971552139072,-0.0518224842252835,0.0044899426488151,0.5850090193217449,-0.3891874560821379,100-1000 MCM,0.5-1,Irrigation,Southwest-Great Basin,0.5205602178580652,0.0644488014636797,1.6057134899612384,1.080733269277557
09126000,0.1993175184088557,16.6766744768,52.7304,Irrigation,14,False,38.257213,-107.546726,0.4269409755115321,0.1427987038125815,0.0545786279974009,0.1434110847470643,0.8007429984722584,-0.4914788823826366,0.0018610873808199,0.0027300325899567,0.0306734317153849,0.000302022794266,0.2841422716989506,1.2922218808548949,10-100 MCM,0.1-0.5,Irrigation,Southwest-Great Basin,0.2450437802771287,0.039098491421821924,1.9661525419555286,1.7621241716316585
09128000,1.4658292125845962,31.12814771424,98.4504,Hydroelectric,14,True,38.529153,-107.648947,0.9526495346079724,0.0530342122525899,0.6946027219036369,0.0534893125675301,-0.6783638774826823,0.8332506438708708,0.1546694780150561,0.4313273369646986,0.4557300163623262,0.0222660598296269,0.8996153223553826,-1.511614521353553,10-100 MCM,>1,Hydroelectric,Southwest-Great Basin,0.35337333626961237,0.5462419860857701,1.4612508777099413,1.14154291167355
09132500,0.0566809811711365,21.53782640824,60.6552,Flood Risk Reduction,14,False,38.925823,-107.434221,0.0455060823480995,0.0296309650681411,0.0316388787425567,0.0299470336415632,0.8789025796482859,0.8533735054739977,0.0006708802692614,0.0010325005702465,0.014128312890776,1.01432066066387e-05,0.0158751172799584,0.0255290741742881,10-100 MCM,<=0.1,Flood Risk Reduction,Southwest-Great Basin,0.024928793680811127,-0.009053676400852681,1.2421974844219366,0.960519279385447
09144250,0.9183637312849408,31.12814771424,98.4504,Hydroelectric,14,False,38.753039,-108.078403,0.2569591822524192,0.3118694682902295,0.1713647706453006,0.3106972934068013,0.4987696743968769,0.1644478865316319,-0.0006776777201535,0.0256996505282992,0.0626244261043228,-0.001633833664014,-0.0549102860378102,0.334321787865245,10-100 MCM,0.5-1,Hydroelectric,Southwest-Great Basin,0.023776958334126325,-0.07868724437193655,1.3105091879740294,1.306463716298231
09152500,0.7115087026852946,31.12814771424,98.4504,Hydroelectric,14,False,38.983316,-108.450645,0.1174800098796262,0.042594543060041,0.0972469416405309,0.0418379295449462,0.6376058374367768,0.2242450604303819,-0.0007267607501774,0.0246487260882358,0.0665597087907223,-0.007248635158908,0.0748854668195852,0.4133607770063948,10-100 MCM,0.5-1,Hydroelectric,Southwest-Great Basin,-0.011317149458615068,0.0862026162782003,1.0981987648932976,1.4795695182341617
09211200,0.4470772099458361,412.48989559624,42.3672,Fish and Wildlife Pond,14,True,42.02106,-110.049876,0.0919802629213124,0.0321371543747847,0.0859302611061299,0.0317540701510323,0.6241205115146253,0.8572733089673521,0.0568780799815269,0.058881696808013,0.0800428766207548,0.0038009542233764,0.0598431085465276,-0.2331527974527267,100-1000 MCM,0.1-0.5,Other,Southwest-Great Basin,0.018210201617459062,0.04163290692906862,1.1291387664208314,1.0023109852146943
09291000,0.5697134326417246,61.05735108,30.7848,Irrigation,14,True,40.556336,-110.484606,0.101023548434411,0.0185493588765612,0.0800905791126019,0.0570262001671405,0.5329017899184076,0.8404273055801289,0.0710200510914518,0.1318717998419779,0.1427099029947215,0.0035876201016417,0.0824741895578497,-0.3075255156617212,10-100 MCM,0.5-1,Irrigation,Southwest-Great Basin,0.037404504526527015,0.045069685031322776,1.309753913491918,1.1115654021604298
09354500,0.8150451455291096,159.982594648,49.3776,Fish and Wildlife Pond,14,False,37.009448,-107.5995,0.060949713425205,0.1660668368621762,0.0343702013365965,0.1669043515063487,0.3057602031289926,0.7130021423888682,-0.0018684990634657,0.0094700949305139,-0.0022250179523627,-4.38142834291444e-06,-0.1051171234369711,-0.4072419392598755,100-1000 MCM,0.5-1,Other,Southwest-Great Basin,0.004934070613665492,-0.11005119405063664,1.1580719756291258,0.8301111118578599
09355500,2.99962296053068,2107.527071824,122.5296,Flood Risk Reduction,14,False,36.801394,-107.698114,0.2089769990009112,0.033197564787986,0.1618134099310307,0.0316103860943127,0.1736165854455874,0.8701989675218269,0.0607984710523576,-0.0506094754643487,-0.1755452806522322,0.0425143812142746,0.1757794342129252,-0.6965823820762395,>1000 MCM,>1,Flood Risk Reduction,Southwest-Great Basin,0.11605099552014947,0.05972843869277576,1.4142433647881827,1.1789865051298958
09365000,1.7327809754873709,2107.527071824,122.5296,Flood Risk Reduction,14,False,36.72278,-108.22563,0.1185884970995501,0.0134158571741101,0.0929472708502431,0.0105768551963465,0.6617607855797181,0.8734413264057688,0.0010056401390414,-0.1027268274228527,-0.033844624226116,0.0073104816773156,0.1051726399254399,-0.2116805408260507,>1000 MCM,>1,Flood Risk Reduction,Southwest-Great Basin,0.0806846078761949,0.02448803204924508,1.3073270481360282,1.0483845247717893
09426000,21.19277322978295,1737.97591256,86.25840000000001,Flood Risk Reduction,15,True,34.230854,-113.60882,0.0099144488954488,0.0844505579421176,0.00730613998244,0.0827487599936919,0.3450891670637378,0.5771922340253555,0.0992012786053874,0.1216958474798944,0.0764409315556718,0.0554476322319548,-0.0745361090466688,-0.2321030669616176,>1000 MCM,>1,Flood Risk Reduction,Southwest-Great Basin,-0.06479562089818483,-0.009740488148484036,1.279932866165737,1.6099053619392503
09510000,0.9470971982786004,219.55976752,94.1832,Water Supply,15,True,33.808375,-111.663473,0.0709086143408249,0.0184311096911412,0.0582667798587746,0.0133727906082317,0.0662981646551857,-0.0955909462751505,0.1292935378501607,0.1529343689891297,0.2296274575757375,-0.0053537593144968,0.0524775046496836,0.1618891109303363,100-1000 MCM,0.5-1,Water Supply,Southwest-Great Basin,-0.002072465540487303,0.05454997019017093,0.8800678196467279,1.5132861309517707
10020300,0.5923750052555522,70.678509432,20.7264,Irrigation,16,True,41.505501,-111.014632,0.0620743318887627,0.0294636991284006,0.0607354636791955,0.0295045659733794,0.7316816036840359,0.7260690551644037,0.0114779226205655,0.0216310442586233,0.0215435240388277,0.0035479255968682,0.032610632760362,0.0056125485196322,10-100 MCM,0.5-1,Irrigation,Southwest-Great Basin,0.010509984760780036,0.02210064799958203,1.1917775288251018,1.0179645942336417
10126000,0.190174350131751,15.5912104576,38.4048,Irrigation,16,False,41.576321,-112.100782,0.3191813060169802,0.0096565465458853,0.2986485821964819,0.0087283977957762,0.4400893961566019,0.8660719858754118,0.0013640784393867,0.0986678819077363,0.1583633815233507,0.0008239071043657,0.3095247594710948,-0.4259825897188098,10-100 MCM,0.1-0.5,Irrigation,Southwest-Great Basin,0.16961854837677753,0.13990621109431736,1.3952204506474934,1.089438994413625
10130500,0.5292324128804011,76.62389190079999,53.34,Irrigation,16,False,40.895225,-111.401863,0.0429351679876862,0.0950119833384344,0.033701400707753,0.1058382260073021,0.568710982704862,0.4278828533419346,-0.0253814068953888,-0.0340283388720052,-0.0260040163120807,0.0009358320367561,-0.0520768153507481,0.1408281293629273,10-100 MCM,0.5-1,Irrigation,Southwest-Great Basin,-0.012723336615706612,-0.03935347873504156,1.079402567681696,0.7609352757737231
10134500,1.291267583218647,63.154270208,79.248,Flood Risk Reduction,16,True,40.922446,-111.60715,0.2509201982864298,0.0419546142609754,0.2380436100565103,0.0509190545846166,0.3045504460753231,0.847523907349043,0.0020230686126583,0.0187717588638656,0.1557535738554398,0.0008191789509758,0.2089655840254543,-0.5429734612737199,10-100 MCM,>1,Flood Risk Reduction,Southwest-Great Basin,0.020116712526292185,0.18884887149916219,1.153138404031018,1.0526093022708818
10136500,0.7284361111947556,91.2036472496,49.0728,Flood Risk Reduction,16,False,41.136888,-111.832438,0.0308940373536716,0.0285136268397517,0.0312508631053789,0.029114564000004,0.7113393529605987,0.8757858048636836,-0.000310147031897,-0.0070393289082184,0.0109770986344772,-0.0024173578002461,0.0023804105139199,-0.1644464519030849,10-100 MCM,0.5-1,Flood Risk Reduction,Southwest-Great Basin,0.0014604786462601056,0.0009199318676598074,1.1238186834789985,1.139063702742353
10141000,1.312081850547079,91.2036472496,49.0728,Flood Risk Reduction,16,False,41.278277,-112.091887,0.2225677052545,0.3190602907863633,0.1192873387556161,0.3371861458853895,0.5571228403246679,0.3302756544343939,-0.00024216279696,-0.0505164831959535,-0.0457318095055739,-0.0021343099458386,-0.0964925855318633,0.2268471858902739,10-100 MCM,>1,Flood Risk Reduction,Southwest-Great Basin,0.09864891318667923,-0.19514149871854253,1.6506090493067933,0.5753800825718747
10163000,4.041506463560945,188.1923243288,73.152,Irrigation,16,False,40.237732,-111.69937,0.1584160497867147,0.0247204599082195,0.1618573110601681,0.0248860190709427,0.2289595807285633,0.8476077859710072,0.0022822825871489,0.053176112569259,0.1453696576798622,-0.0017533742599078,0.1336955898784951,-0.6186482052424438,100-1000 MCM,>1,Irrigation,Southwest-Great Basin,-0.0002251615095638889,0.13392075138805903,0.9623593235570581,1.0603676025280602
10293000,0.4527927566569519,54.396549144,19.2024,Water Supply,16,True,38.327696,-119.214876,0.0677843084525121,0.0613389563723755,0.0692934387853613,0.0684699017421946,0.5126348323097031,0.5649670857085145,0.0039607876242863,0.0197870066330818,0.0509660148084909,0.0003585539953832,0.0064453520801365,-0.0523322533988114,10-100 MCM,0.1-0.5,Water Supply,Southwest-Great Basin,-0.00506081637096579,0.011506168451102382,1.0581775328663163,0.8570164870893153
10297500,0.3310716133165289,73.515517664,3.3528,Flood Risk Reduction,16,False,38.728064,-119.427861,0.0823619162338704,0.0260378159894357,0.0830664862381032,0.0247974467626848,0.5578375984363253,0.8273967553326407,-0.0105169205969676,0.05632281706614,0.0079183841937565,-0.000133476801007,0.0563241002444346,-0.2695591568963154,10-100 MCM,0.1-0.5,Flood Risk Reduction,Southwest-Great Basin,0.005525531974908215,0.05079856826952642,1.1748210291655803,1.2427045131354038
10329000,2.8081184206429666,43.1718644,30.48,Recreation,16,False,41.415822,-117.373511,0.063828873259012,0.0206107522071906,0.0783427110473942,0.0182886781310235,-0.4880764681994198,-0.1388362285022009,0.0099606447729501,-0.0691632190843025,-0.0131305880347745,-4.167803738619469e-05,0.0432181210518214,-0.3492402396972189,10-100 MCM,>1,Recreation,Southwest-Great Basin,0.007667261419445031,0.035550859632376405,0.9049234968818138,1.111945297222072
10337500,4.390022902609388,902.90870688,5.486400000000001,Irrigation,16,True,39.166296,-120.144359,0.2238566884200849,0.0839503288482576,0.1965699694317425,0.0371519242189406,0.0785876289527981,0.8294830682289531,0.1089531093290215,0.0829692180645207,-0.0680209289285797,0.0596852775836287,0.1399063595718272,-0.750895439276155,100-1000 MCM,>1,Irrigation,Southwest-Great Basin,0.0310402421564189,0.10886611741540834,1.458207833761713,1.278102695274343
10340500,0.5054907009732337,36.8070981056,50.5968,Water Supply,16,True,39.37324,-120.131587,0.0490463054054389,0.0972893658213829,0.0469347414527557,0.0973875359961676,0.249328047183894,0.5865769964023051,0.0518862924119508,0.0659373483842606,0.0270162767945209,0.0069591099801407,-0.0482430604159439,-0.3372489492184111,10-100 MCM,0.5-1,Water Supply,Southwest-Great Basin,-0.00016979595069231546,-0.04807326446525165,0.9986978770238928,1.0163452846527279
10344400,2.0473138005438,279.38363676,72.8472,Irrigation,16,True,39.435741,-120.084366,0.0772737098655176,0.0380877561011254,0.0792040412158652,0.0403002802298937,0.4125988242451034,0.7744902120847396,-0.0217757550399516,-0.1973200209243121,-0.1214709197483578,0.000801717389107,0.0391859537643922,-0.3618913878396361,100-1000 MCM,>1,Irrigation,Southwest-Great Basin,0.012256323842236485,0.026929629922155723,0.8558373342867062,0.9393705072178481
10344500,2.1314240766788988,40.5445480808,35.3568,Hydroelectric,16,True,39.386852,-120.095476,0.0420434244961249,0.0299354310106564,0.0430995279105032,0.0771645919922225,0.2831113020439272,0.6998873330470212,0.0029729587451053,-0.0906344138267426,-0.0491046006664102,0.0139088084086417,0.0121079934854685,-0.416776031003094,10-100 MCM,>1,Hydroelectric,Southwest-Great Basin,0.01232120354373709,-0.00021321005826857586,0.825597590820355,0.9006854130448554
10346000,1.912968476000029,902.90870688,5.486400000000001,Irrigation,16,False,39.427964,-120.034087,0.0337216599677929,0.0553063170792966,0.0382452631806924,0.0552854709633279,0.7060667032034738,0.787164264194885,-0.0002692915605219,-0.0318829212414414,0.0034266847112963,-0.0217431830438616,-0.0215846571115036,-0.0810975609914113,100-1000 MCM,>1,Irrigation,Southwest-Great Basin,0.010419476697067416,-0.03200413380857106,0.8950600847949163,0.9795607809098139
10348000,2.214303260784648,902.90870688,5.486400000000001,Irrigation,16,False,39.530189,-119.795468,0.0106082895009883,0.0475658581720113,0.0088795826618219,0.0480046528554278,0.7459994875141491,0.7935399759186484,-0.0008025632376519,-0.0525388795732526,-0.0112436354724319,-0.0223990773523923,-0.036957568671023,-0.0475404884044993,100-1000 MCM,>1,Irrigation,Southwest-Great Basin,0.0031554020135692615,-0.040112970684592256,1.0723296930800874,0.9694533024446872
10348200,2.2633263658901988,902.90870688,5.486400000000001,Irrigation,16,False,39.517617,-119.741644,0.0115505006881614,0.0318494059269947,0.0103286766127302,0.0320387816570951,0.7391202020108947,0.8131147634721854,-0.0002949844798699,-0.0280567498755763,-0.0073716724177543,-0.0220293658314807,-0.0202989052388333,-0.0739945614612906,100-1000 MCM,>1,Irrigation,Southwest-Great Basin,0.003300430430214097,-0.023599335669047483,1.091910423285493,0.9334161683952219
10350000,1.9053776284878483,902.90870688,5.486400000000001,Irrigation,16,False,39.520467,-119.70102,0.0096616931134459,0.3336710227049019,0.0126575778698657,0.350510035993326,0.7652033681449075,0.361693996981946,0.0008894128372242,-0.011833368544855,-0.0006704934869524,-0.0125111462987761,-0.3240093295914559,0.4035093711629615,100-1000 MCM,>1,Irrigation,Southwest-Great Basin,-0.07191677853257114,-0.25209255105888484,0.9588654442797488,0.5895950719678
12026400,0.1360019311416358,43.1718644,48.768,Hydroelectric,17,False,46.772046,-122.924298,0.0055132957235662,0.0413695036239553,0.0057204515718772,0.0522354301844635,0.8471564411673582,0.7345861346283956,0.0012214308361593,0.0012807918171591,-6.110269392212153e-05,0.002565440042801,-0.035856207900389,0.1125703065389626,10-100 MCM,0.1-0.5,Hydroelectric,Pacific Northwest,-0.0005803580282486514,-0.03527584987214044,1.0039773454277952,0.9776600008260888
12036000,0.1078854769807624,85.60980710519999,53.34,Water Supply,17,False,47.298978,-123.653223,0.0187031441380167,0.030620810167927,0.1024993887506019,0.0307669068259781,0.7157694945705622,0.8940308336390925,0.0010493467165311,0.0009318759032375,0.0137381403628183,0.0032521578565182,-0.0119176660299103,-0.1782613390685303,10-100 MCM,0.1-0.5,Water Supply,Pacific Northwest,0.006636295538165657,-0.018553961568075997,0.8896636038822507,0.9173734726143852
12086500,0.2042989062434186,264.58185468,100.584,Hydroelectric,17,True,46.843437,-122.33067,0.0218543335353712,0.0821752083926456,0.026981612727167,0.0822981336760818,0.4755293155925785,0.5504676310281695,0.1416841727124878,0.1899482989334088,0.144780238011145,0.0706280235685539,-0.0603208748572743,-0.074938315435591,100-1000 MCM,0.1-0.5,Hydroelectric,Pacific Northwest,-0.03193224232484776,-0.02838863253242656,0.9572879414792775,1.2582718671167399
12089500,0.2393327165862734,264.58185468,100.584,Hydroelectric,17,False,46.933432,-122.560956,0.0527626466581272,0.5236101538381835,0.0434320936284708,0.5259416022055119,0.596815770846381,0.2240397609973001,0.0838976575422627,0.1391814778811064,0.0916446219856186,0.0459572550843871,-0.4708475071800563,0.3727760098490809,100-1000 MCM,0.1-0.5,Hydroelectric,Pacific Northwest,-0.15185089218294368,-0.3189966149971126,1.2097204127711554,0.32313993917607
12101500,0.3009020802177246,130.74907503999998,129.54000000000002,Flood Risk Reduction,17,False,47.208434,-122.327065,0.0156857940830387,0.0833248482329478,0.0244249618739212,0.0890394240941179,0.8262904754314894,0.6096840842342346,0.0051222138154761,0.0038471041967366,0.0116393395287811,1.5498241166644888e-05,-0.067639054149909,0.2166063911972547,100-1000 MCM,0.1-0.5,Flood Risk Reduction,Pacific Northwest,0.000549060236188058,-0.06818811438609715,0.9817137132937847,0.9910762215258896
12106700,0.0396798106179364,32.07052784,71.628,Flood Risk Reduction,17,True,47.305103,-121.850665,0.0919998061835692,0.0120637396772033,0.0258049712588216,0.0038078452327801,0.6347929458907997,0.8943331688560214,0.0094969506639921,0.0106175347669604,0.0108055953740209,0.0819426485883865,0.0799360665063659,-0.2595402229652217,10-100 MCM,<=0.1,Flood Risk Reduction,Pacific Northwest,0.04526628623689793,0.034669780269468,1.2508189624395996,1.1185758007733908
12113000,0.0281531058182861,32.07052784,71.628,Flood Risk Reduction,17,False,47.312323,-122.204008,0.0428122806427585,0.0388549545169416,0.0160623129486674,0.0358775834717584,0.7467302354390407,0.780019493529551,0.0412751623534987,0.0439367346493664,0.0452184610500955,0.0650300409710376,0.0039573261258169,-0.0332892580905103,10-100 MCM,<=0.1,Flood Risk Reduction,Pacific Northwest,0.013627105320063356,-0.009669779194246456,1.1181883657166392,1.0248830608296928
12116500,0.7420315614460669,111.8274636144,70.104,Hydroelectric,17,True,47.417047,-121.792054,0.0916636350371987,0.2799811449115039,0.0654227585985726,0.2808419059033381,-0.0560129053266467,0.3907133209533189,0.6482149311236216,0.6349198921388433,0.68713741138223,0.4282839829589946,-0.1883175098743051,-0.4467262262799656,100-1000 MCM,0.5-1,Hydroelectric,Pacific Northwest,-0.1397273854495815,-0.04859012442472368,1.287723836216849,0.6100984270022922
12117500,0.3456498246755315,111.8274636144,70.104,Hydroelectric,17,False,47.393713,-121.954559,0.1150800149793813,0.011888540740364,0.0521313894982904,0.0174694437727539,0.3899490190054407,0.7845137769412612,0.3265185057781009,0.3352951500479484,0.3723994908590045,0.1752477695039095,0.1031914742390172,-0.3945647579358204,100-1000 MCM,0.1-0.5,Hydroelectric,Pacific Northwest,0.04370265923175535,0.05948881500726192,1.1624950300552972,0.8822584508938113
12119000,0.3452221086598159,111.8274636144,70.104,Hydroelectric,17,False,47.4826,-122.203455,0.0381452507258416,0.0446818581815472,0.014017005388248,0.003494562330081,0.6424787057864492,0.8134128355907942,0.1548692247563436,0.1543998158875004,0.1655162665943615,0.1115481542829383,-0.0065366074557056,-0.170934129804345,100-1000 MCM,0.1-0.5,Hydroelectric,Pacific Northwest,-0.0024181599563419254,-0.0041184474993636935,1.156903332116773,1.313961491071796
12148500,0.1450092659876452,70.9252058,60.96,Water Supply,17,False,47.695657,-121.824006,0.1634413539509441,0.0177454772618037,0.0559813616381805,0.0171576870847377,0.7415005566593149,0.8273425315939975,0.0285749082560384,0.0271909255340799,0.0284786220526797,0.0129175426410812,0.1456958766891404,-0.0858419749346826,10-100 MCM,0.1-0.5,Water Supply,Pacific Northwest,0.10428084780619648,0.041415028882943926,1.3190225757236358,1.0342611793550156
12342500,0.1868243392857182,39.10877521904,43.586400000000005,Irrigation,17,True,45.724918,-114.281475,0.1059841655992171,0.0111007257296775,0.1422303249838359,0.0037463191174501,0.6206364495750221,0.8638620585435945,-0.0011314766297996,0.0033005385888352,0.0224359951038176,-9.255505169525335e-05,0.0948834398695396,-0.2432256089685724,10-100 MCM,0.1-0.5,Irrigation,Pacific Northwest,-0.0018249742278257709,0.09670841409736537,0.917345172681465,1.1459699082042005
12362500,1.4614456903998052,4277.71502112,171.90720000000002,Flood Risk Reduction,17,True,48.356631,-114.037618,0.1274897229976066,0.0185172886842033,0.1245666693191317,0.0204038939236287,0.0509528617444045,0.8850377571726862,-0.0194815450452507,-0.2859743123598755,-0.3343594665438898,0.0106236499151814,0.1089724343134033,-0.8340848954282817,>1000 MCM,>1,Flood Risk Reduction,Pacific Northwest,0.027662328669573223,0.08131010564383008,1.1182983136580338,0.9716375153375275
12395000,0.0628631268399235,93.867968024,3.6576,Other,17,False,48.20852,-116.914643,0.0497697844256289,0.0268851548497387,0.0467627047210104,0.0266308809511628,0.8007561691981528,0.889488828364549,0.0433419586322222,0.0491700478748089,0.0685733196279321,0.0135479925476384,0.0228846295758901,-0.0887326591663961,10-100 MCM,<=0.1,Other,Pacific Northwest,0.01314675025664678,0.009737879319243407,1.1209352209809607,0.9468060722641741
12422500,0.0640579695444028,277.533414,19.5072,Hydroelectric,17,False,47.659335,-117.449103,0.026685126967894,0.0149141203339929,0.0186484788646233,0.0140294484796734,0.8236442715253763,0.93065659674316,0.0967620219605662,0.0913904958632654,0.1033234954935082,0.0358215807244625,0.011771006633901,-0.1070123252177838,100-1000 MCM,<=0.1,Hydroelectric,Pacific Northwest,-0.0044551902614735255,0.016226196895374606,1.0514151265109148,1.113547169689879
12433000,0.0760769173132802,129.61427174719998,68.58,Hydroelectric,17,True,47.836553,-117.841348,0.0249913849513781,0.0105388621720587,0.0179567341837,0.0088037673696147,0.8359378991103703,0.9441721784068708,0.0807285553623194,0.0768725130154851,0.0880871114334931,0.0295622950208074,0.0144525227793193,-0.1082342792965004,100-1000 MCM,<=0.1,Hydroelectric,Pacific Northwest,-0.0010684584723923878,0.015520981251711724,0.9744996419915652,1.0533661611416287
12452500,0.4505746733962241,833.9570720239999,20.1168,Hydroelectric,17,True,47.834581,-120.013125,0.1031720300959689,0.0163982198620055,0.0939398295395751,0.0193885364491131,0.1903099439497872,0.8551831190127243,0.1727947762638607,0.1180668266930235,0.0921647301185719,0.0551751348669549,0.0867738102339633,-0.664873175062937,100-1000 MCM,0.1-0.5,Hydroelectric,Pacific Northwest,0.03688287507867147,0.049890935155291916,1.1126298979937987,0.956524553163517
13032500,0.5084339927071299,1728.10805784,82.296,Flood Risk Reduction,17,True,43.350833,-111.218889,0.2489471215147073,0.0139411790295084,0.254396478818317,0.0142304448680963,0.470268298151997,0.9061151267676912,0.0252750837890438,0.1680879829757871,0.1616520085906855,0.0182703853788674,0.2350059424851988,-0.4358468286156942,>1000 MCM,0.5-1,Flood Risk Reduction,Pacific Northwest,0.0893284830961243,0.14567745938907456,0.7308158604298225,1.1108729187634203
13037500,0.4596317422294828,1728.10805784,82.296,Flood Risk Reduction,17,False,43.6125,-111.66,0.3230740007063215,0.0354473406696399,0.3311051141692949,0.0302830794658163,0.4168460320113101,0.8863119401542852,0.0118336881436796,0.1417340155590711,0.1642440872597663,0.0098211127812058,0.2876266600366816,-0.469465908142975,>1000 MCM,0.1-0.5,Flood Risk Reduction,Pacific Northwest,0.16616851899967866,0.12145814103700292,0.6681459527486431,1.0274726369351985
13038500,0.7966994990255066,1728.10805784,82.296,Flood Risk Reduction,17,False,43.735278,-111.878056,0.0783026192368012,0.0068367394642448,0.0800667562182746,0.0064136055359402,0.4186197449774179,0.9412835430815998,0.024207343719828,0.0932694107726392,0.0740813146575696,0.0245395331274105,0.0714658797725563,-0.5226637981041818,>1000 MCM,0.5-1,Flood Risk Reduction,Pacific Northwest,0.01838094219009653,0.05308493758245982,1.138230642218019,1.0194624423061132
13039500,1.7366244030669409,72.405384008,7.62,Other,17,True,44.595,-111.349167,0.3471503338165831,2.382942979007185,0.2009145378105387,2.3826750142088606,0.0372050299833595,-1.935384574053574,-0.0003895496806035,0.0685632823993631,0.1341326648232217,-0.0026802656456476,-2.035792645190602,1.9725896040369333,10-100 MCM,>1,Other,Pacific Northwest,-1.314294364147077,-0.7214982810435253,1.4105142333722902,2.7922673253948997
13042500,0.4089993001596667,157.44902294864,28.651200000000003,Irrigation,17,True,44.416667,-111.394722,0.0598601934524255,0.1093943485571355,0.0606720820839704,0.1103770131622025,0.5274261464738017,0.5180872864697598,-0.0023449549191367,-0.1492059748724258,-0.0209387025751202,-0.006694268232817,-0.04953415510471,0.0093388600040419,100-1000 MCM,0.1-0.5,Irrigation,Pacific Northwest,-0.009998803997132419,-0.03953535110757759,1.044231026312928,1.2206019381148512
13046000,0.1679119443068413,12.088122032,19.812,Irrigation,17,True,44.069722,-111.510556,0.1761428412525318,0.0428434908806854,0.1901505310690031,0.035460077114229,0.5676094627482873,0.7983250865394548,0.0022576063426417,0.0332129851876421,0.0434182410616689,-0.0034471878578914,0.1332993503718463,-0.2307156237911675,10-100 MCM,0.1-0.5,Irrigation,Pacific Northwest,0.1001395739110379,0.03315977646080845,0.8548177825846053,1.0775746740444865
13050500,0.1411495449736406,12.088122032,19.812,Irrigation,17,False,43.966944,-111.6725,0.1129857343084291,0.0384808631416971,0.1113204595689984,0.0335657652192503,0.7266054166091445,0.8764239256911397,-0.000147454540796,0.0320468391033479,0.0771044379051965,-0.0015994274912222,0.0745048711667319,-0.1498185090819952,10-100 MCM,0.1-0.5,Irrigation,Pacific Northwest,0.025854244206336932,0.04865062696039506,1.1026587619701773,1.034452733197133
13066000,1.481293158925482,415.68338008,16.4592,Irrigation,17,False,43.262778,-112.047778,0.1176441756936811,0.0313889253099339,0.1133637851569048,0.030581242067934,0.392593085165574,0.8027615083974461,-5.0460292186471634e-05,-0.0149200275110191,0.0159615146664343,0.001038282834328,0.0862552503837472,-0.4101684232318721,100-1000 MCM,>1,Irrigation,Pacific Northwest,0.03348185725910284,0.05277339312464438,1.1822071542412496,1.0713074718874085
13132535,3.0178943931326936,55.5066828,22.86,Other,17,False,43.573889,-112.943333,2.095725522392717,0.0212327670381872,2.1064314159134434,0.0181312805993299,-2.71099727885696,0.8158896658760075,1.0037109653967873,0.9826748435033998,1.1622310837406888,-0.0002811791131738,2.07449275535453,-3.526886944732968,10-100 MCM,>1,Other,Pacific Northwest,1.2520311380711158,0.8224616172834139,4.4082317584955355,0.9492310993251294
13147900,0.3158105205124608,37.0044552,39.3192,Irrigation,17,True,43.491572,-114.059202,0.0230747895378688,0.0172811457835311,0.0236589789724555,0.0167903451086521,0.9044257779558706,0.8700932549363902,-0.000133029337476,-0.0026414166146936,-0.0007929115528761,-0.0001257587439749,0.0057936437543376,0.0343325230194804,10-100 MCM,0.1-0.5,Irrigation,Pacific Northwest,-0.007097408924442097,0.012891052678779744,0.9278708721295882,1.1276356243588648
13148500,0.2932914462476635,37.0044552,39.3192,Irrigation,17,False,43.39,-113.999722,0.0843714859866758,0.0126699212189975,0.074255677622153,0.012413799904458,0.7037320719916509,0.8342393338769813,0.0057748653757537,-0.000421659332614,0.0456513465869188,0.0004502470352882,0.0717015647676783,-0.1305072618853304,10-100 MCM,0.1-0.5,Irrigation,Pacific Northwest,0.0036506185651692265,0.0680509462025091,1.0820163483847476,1.0113542879039095
13174500,2.587409504941689,88.39130865439999,33.528,Irrigation,17,True,41.688794,-115.844807,0.1448402845993765,0.0252729298678786,0.1445212093967071,0.024194006279779,0.300371280555291,0.8907955969706686,4.067826199322111e-05,0.0163775954245996,0.1483384002073566,-0.0002297758959539,0.1195673547314979,-0.5904243164153775,10-100 MCM,>1,Irrigation,Pacific Northwest,0.010497449678220016,0.1090699050532779,0.8220770676748222,1.026173448416646
13190500,0.7636101697594234,572.60200583744,138.9888,Flood Risk Reduction,17,True,43.341562,-115.478696,0.1558163463903692,0.1731592845436084,0.1557939132751198,0.1763698503163843,0.4028440138818785,0.6922361985455945,0.0249934573712752,0.058684728047925,0.0811349156609416,0.0100234311568742,-0.0173429381532392,-0.2893921846637159,100-1000 MCM,0.5-1,Flood Risk Reduction,Pacific Northwest,0.02650721656953527,-0.04385015472277448,0.8410163564018776,1.0469649537246155
13202000,0.5729318253109437,361.58039961392,103.632,Flood Risk Reduction,17,True,43.527669,-116.059554,0.3129955409073388,0.1106426138741099,0.3114763749662562,0.1161940931449637,0.4052926074114256,0.4737722204235574,0.0296105587985605,0.0777732221306768,0.198708497617688,0.0091257071020296,0.2023529270332288,-0.0684796130121317,100-1000 MCM,0.5-1,Flood Risk Reduction,Pacific Northwest,0.06125086451722419,0.14110206251600468,0.7151260993598421,0.5534578055884943
13206000,1.2758631191177745,361.58039961392,103.632,Flood Risk Reduction,17,False,43.660556,-116.279167,0.3051915025000111,0.0143516060604629,0.3016618301068799,0.0117507439393004,0.1616970812588302,0.8864847357361987,0.0146998696775035,0.0744681018113386,0.1453737816786181,0.0074977422165216,0.2908398964395482,-0.7247876544773685,100-1000 MCM,>1,Flood Risk Reduction,Pacific Northwest,0.1509865103032866,0.13985338613626164,1.5314789512932832,1.0981106464331658
13215000,1.2637975735062457,209.33913699376,32.308800000000005,Irrigation,17,True,43.574444,-118.209722,0.1929574312458222,0.0053367221826073,0.189667594320861,0.0044986813311562,0.3246733121359897,0.7688497458039416,0.0083967741730976,0.0267266104193948,0.1429032334345727,0.0145279605623126,0.1876207090632148,-0.4441764336679519,100-1000 MCM,>1,Irrigation,Pacific Northwest,-6.457386345787126e-05,0.1876852829266727,0.9997222212337793,1.0200979406174224
13217500,0.5636288961438167,73.03692671008,33.528,Flood Risk Reduction,17,True,43.9075,-118.153333,0.1725815412586992,1.3053616904161105,0.1721352300462117,0.0751884997566985,0.3933687675156935,0.3595857373282609,0.0005145896800138,0.0172916621867958,0.1441708223981855,0.0016165605342153,-1.1327801491574112,0.0337830301874325,10-100 MCM,0.5-1,Flood Risk Reduction,Pacific Northwest,-1.2220910580155766,0.0893109088581654,1.0295899597265317,1.5753625396372382
13236500,0.9231545877473788,189.94633550528,50.292,Hydroelectric,17,True,44.291944,-115.641944,0.302095878175355,0.1516687494341309,0.2934547329615228,0.1455537122623703,0.2729937259255668,0.6390307147074832,0.1015746170221855,0.1010292157927856,0.0999208923591771,0.0183131901262461,0.150427128741224,-0.3660369887819164,100-1000 MCM,0.5-1,Hydroelectric,Pacific Northwest,0.0023548341607387835,0.14807229458048524,0.9266818796206742,0.9756624801440288
13239000,0.1662530340778012,50.57275544,3.9624,Other,17,True,44.907222,-116.119167,0.1632908928454089,0.0159375602843398,0.2013964073541514,0.0199015649753146,0.608798551908301,0.825297044482875,-0.0001445655759951,0.0218764666275783,0.1260158146784405,-0.0019469999908343,0.147353332561069,-0.216498492574574,10-100 MCM,0.1-0.5,Other,Pacific Northwest,0.00012577608741878092,0.14722755647365027,1.0292305724812052,0.9835546974263989
13240000,0.1046241401212094,12.704862952,7.62,Irrigation,17,True,44.913611,-115.997222,0.0497392635534089,0.03694857489198,0.039301313319347,0.0219222143724721,0.8021546852962936,0.7357548691183631,-0.0002728681430809,-0.0005608254150544,-0.0205207262013222,-0.0004863900318262,0.0127906886614289,0.0663998161779305,10-100 MCM,0.1-0.5,Irrigation,Pacific Northwest,0.02444691819167077,-0.011656229530241851,1.3311384189099251,1.1173707601353966
13245000,1.0667730396146728,855.049611488,33.528,Hydroelectric,17,True,44.524893,-116.046798,0.2035922244032035,0.0143029133208855,0.2418295204819215,0.019196839029811,0.1908788861175582,0.8986155913737677,0.0249657335699166,0.0245002328428667,0.0822083578221989,0.0490694764553127,0.1892893110823179,-0.7077367052562095,100-1000 MCM,>1,Hydroelectric,Pacific Northwest,0.009105674811214097,0.1801836362711039,0.9124704965177293,0.9788593688354257
13246000,0.8295894295418378,855.049611488,33.528,Hydroelectric,17,False,44.113781,-116.107904,0.1124820340561117,0.0286278200678851,0.1884006521452122,0.025421075641602,0.4294961813020894,0.8343049632054876,0.0083184156879924,-0.0257416444832336,0.0110816237501223,0.0099129410629904,0.0838542139882266,-0.4048087819033982,100-1000 MCM,0.5-1,Hydroelectric,Pacific Northwest,0.01732654455273822,0.06652766943548845,0.8834752986194019,1.0348976786695587
13249500,0.4818802891667459,36.78489543248,55.778400000000005,Hydroelectric,17,True,43.930556,-116.442778,0.047495272193252,0.0535177597781834,0.0685452310353742,0.0529478777190876,0.8083431824850299,0.8651945056298411,-8.598466244347236e-06,-0.0018748160641695,0.0156962856372517,-0.0070583840365966,-0.0060224875849313,-0.0568513231448112,10-100 MCM,0.1-0.5,Hydroelectric,Pacific Northwest,-0.01859031214060183,0.012567824555670487,0.9747268782760544,1.1859905711157037
14138850,0.0933384932779545,32.8599562176,60.96,Water Supply,17,True,45.498174,-122.012305,0.2902907637740693,0.0652030425337664,0.0151628058952063,0.0903754093840404,0.835016584284729,0.741275471797903,-0.004589866717476,-0.0050521627202601,-0.0032374412666347,-0.0057145380489551,0.2250877212403029,0.093741112486826,10-100 MCM,<=0.1,Water Supply,Pacific Northwest,0.14199953036922014,0.08308819087108277,1.574521963173415,0.7700618937394964
14140000,0.120555774002968,25.90311864,44.196000000000005,Water Supply,17,True,45.437342,-122.178975,0.0600763170741839,0.0428189868886658,0.0196976691302962,0.0414804814342265,0.7265209321355988,0.8315194248557611,0.0007225893200837,0.0021464488800504,0.0192219958190784,0.0080378098492281,0.017257330185518,-0.1049984927201623,10-100 MCM,0.1-0.5,Water Supply,Pacific Northwest,0.050728519655445434,-0.03347118946992737,1.39663068936388,0.9657587343884311
14140001,0.0863705717171393,25.90311864,44.196000000000005,Water Supply,17,True,45.437342,-122.179531,0.0067127757370687,0.0292691893818507,0.1015562288811598,0.0293333577308132,0.6495423449999009,0.7148230077313324,0.0006412393695166,0.0020050111034225,0.0234947302217558,0.0079705940093927,-0.022556413644782,-0.0652806627314315,10-100 MCM,<=0.1,Water Supply,Pacific Northwest,-0.0015775275223745967,-0.020978886122407493,1.0085199258642286,0.9547135488694317
14145500,0.4200455756615563,432.458733104,103.9368,Flood Risk Reduction,17,True,43.722068,-122.438659,0.1270682770884888,0.1597704625718999,0.1249284350388991,0.1602930437068471,0.4257204738037325,0.7257607062032856,0.0167754894096504,0.0267990590416359,0.0913645793472561,0.0320914544690545,-0.0327021854834111,-0.300040232399553,100-1000 MCM,0.1-0.5,Flood Risk Reduction,Pacific Northwest,0.01249662406025983,-0.045198809543670976,1.1289012926042736,0.8849331578358879
14148000,0.1678404176985493,432.458733104,103.9368,Flood Risk Reduction,17,False,43.801235,-122.560888,0.062407467226654,0.0172193833761433,0.0584225530741904,0.0174472708830421,0.6987337366851518,0.9024635182002316,-0.0030077405699016,-0.0033452748085935,0.0186016009562273,-0.0210876532914409,0.0451880838505106,-0.2037297815150799,100-1000 MCM,0.1-0.5,Flood Risk Reduction,Pacific Northwest,0.019808001133771406,0.025380082716739274,1.1249964692939063,0.9374823055619304
14150000,0.3781061174872411,27.383296848,35.6616,Flood Risk Reduction,17,True,43.945681,-122.837297,0.1025081464808469,0.0293342805653878,0.0967348914747987,0.0277539560742646,0.4361807271360239,0.8775349726007343,0.0650456041135,0.0592717601528915,0.1057378153864397,0.0801401160138288,0.0731738659154591,-0.4413542454647103,10-100 MCM,0.1-0.5,Flood Risk Reduction,Pacific Northwest,-0.005930724837698083,0.07910459075315719,1.109768138701275,1.1572720904208569
14151000,0.2782340718544891,141.8504116,62.484,Flood Risk Reduction,17,True,43.944293,-122.774794,0.1014884270239734,0.013817379910972,0.1004351204762488,0.0046738401794908,0.3846855469451198,0.9011427174285798,0.030054809491809,0.0780180091158976,0.06125879261834,0.0607873665795209,0.0876710471130013,-0.51645717048346,100-1000 MCM,0.1-0.5,Flood Risk Reduction,Pacific Northwest,-4.461485702447667e-05,0.08771566197002584,1.0934014887142607,1.1177679523587434
14152000,0.3167403828245292,27.383296848,35.6616,Flood Risk Reduction,17,False,43.998182,-122.905913,0.0696781238206669,0.0377750184937976,0.0661584665308628,0.0353642316639653,0.5957914316561957,0.8008968372717526,0.0216023513770838,0.0288083930101111,0.0377813408165884,0.0493722793342221,0.0319031053268693,-0.2051054056155569,10-100 MCM,0.1-0.5,Flood Risk Reduction,Pacific Northwest,-0.0033863382017130204,0.035289443528582376,1.0759066613254564,1.1530365720549947
14153500,0.1812738585787871,40.70490072,31.3944,Flood Risk Reduction,17,True,43.720678,-123.049799,0.0340763061457498,0.0032697011543668,0.0264765273147277,0.00629340922833,0.6914379499689012,0.901843645929513,0.0215426334202092,0.0217420858594844,0.0287533668883998,0.0127901783435689,0.030806604991383,-0.2104056959606118,10-100 MCM,0.1-0.5,Flood Risk Reduction,Pacific Northwest,-0.00039818275664262894,0.031204787748025705,1.0309705789365122,0.9542435911628132
14155500,0.1496152124560538,95.5948426,46.9392,Flood Risk Reduction,17,True,43.792901,-122.991466,0.0303613440047291,0.0796123049724411,0.0242145953718476,0.0848505920949858,0.484845963540282,0.7451179459261892,0.222527931729365,0.2176624418024683,0.2356393293295127,0.1580974864382536,-0.049250960967712,-0.2602719823859072,10-100 MCM,0.1-0.5,Flood Risk Reduction,Pacific Northwest,-0.023232321748388667,-0.026018639219323358,1.092627749098582,0.7178914485290483
14157500,0.1053982489769002,95.5948426,46.9392,Flood Risk Reduction,17,False,43.980403,-122.96647,0.0224145686732932,0.0645276784725572,0.0105176463348839,0.0642166164680775,0.8617131583012585,0.8658328677645931,0.0075448095137965,0.0067443221082502,0.0072995694624158,-0.0035620038670715,-0.042113109799264,-0.0041197094633346,10-100 MCM,0.1-0.5,Flood Risk Reduction,Pacific Northwest,-0.006271507783471209,-0.035841602015792784,1.1346040497597025,0.8515191361464122
14159500,0.335186996165081,256.56422272,158.1912,Flood Risk Reduction,17,True,44.135958,-122.248391,0.0479475245328987,0.0131328760878499,0.0533436976039071,0.0084241563900361,0.4075220527348171,0.8756887296894252,0.0131886453794785,-0.0279686626818556,-0.0032226587986082,0.012642503460623,0.0348146484450487,-0.4681666769546081,100-1000 MCM,0.1-0.5,Flood Risk Reduction,Pacific Northwest,-0.0019265387813674406,0.03674118722641621,0.9401751176786532,1.1313810845199455
14162200,0.2486112943399027,102.37899272,82.296,Flood Risk Reduction,17,True,44.162348,-122.333119,0.1092143631130574,0.5876919268898292,0.1151991601827919,0.1281897036240247,0.327853999654383,0.6731526992634649,0.0543582377828283,0.0461898556805291,0.1100095724192415,0.0476063642139626,-0.4784775637767717,-0.3452986996090819,100-1000 MCM,0.1-0.5,Flood Risk Reduction,Pacific Northwest,-0.4094929575530057,-0.068984606223766,0.9159710340315402,1.7784501428129755
14169000,0.2733219732096261,126.061844048,14.9352,Flood Risk Reduction,17,True,44.123457,-123.299817,0.0491762643428016,0.0083152464125165,0.0496722919636342,0.0426907145705136,0.3731234323817006,0.7325267483875492,0.2351222144976689,0.2679794392608849,0.2580219171826013,0.1333549877105601,0.040861017930285,-0.3594033160058485,100-1000 MCM,0.1-0.5,Flood Risk Reduction,Pacific Northwest,0.004892381192290456,0.0359686367379946,1.1129563315972193,1.0110947834884865
14170000,0.1922110706302198,126.061844048,14.9352,Flood Risk Reduction,17,False,44.3129,-123.296486,0.0293963957524356,0.0112738000379696,0.0429480593372349,0.0096200410924823,0.7105179963539822,0.8938331879876482,0.0350195987077164,0.0400829151213877,0.0458758723684218,0.0345756947246777,0.0181225957144659,-0.183315191633666,100-1000 MCM,0.1-0.5,Flood Risk Reduction,Pacific Northwest,-0.0060146322629689095,0.024137227977434898,0.9870053643532755,1.1192264841210433
14181500,0.0930396105635496,191.1896852,141.1224,Flood Risk Reduction,17,True,44.752622,-122.298412,0.0967766189503135,0.0062490766569025,0.1183191094024982,0.0061160687636218,0.3480892209130409,0.92618414988117,0.1127821283138543,0.1262985881057757,0.2003375594402504,0.0691900089714684,0.090527542293411,-0.578094928968129,100-1000 MCM,<=0.1,Flood Risk Reduction,Pacific Northwest,-0.0011484458852613515,0.09167598817867237,1.0086374868988512,1.059772123572212
14187200,0.1056377932159511,69.07498303999999,38.4048,Flood Risk Reduction,17,False,44.412347,-122.688696,0.034535014961827,0.0192702333799054,0.0465473887015731,0.0220640367319435,0.6004315439109227,0.7989966817651384,0.155121772871435,0.1638604957720377,0.178675645990181,0.1204870558266242,0.0152647815819216,-0.1985651378542157,10-100 MCM,0.1-0.5,Flood Risk Reduction,Pacific Northwest,-0.00977800463139805,0.025042786213319672,1.0082273724526067,0.8588691018309619
14203500,0.2086495771142952,73.89789703439999,46.0248,Irrigation,17,False,45.474837,-123.124274,0.0128224232319908,0.006584471538845,0.0187514222245841,0.002119805199465,0.8657813874894742,0.8867912566801861,0.0044860639708721,0.0041173175161371,0.0110653003295166,0.0045586366506604,0.0062379516931458,-0.0210098691907119,10-100 MCM,0.1-0.5,Irrigation,Pacific Northwest,-0.00308868792429488,0.009326639617440754,0.9690966915122324,1.0952366701826632
14208700,0.6843801384504767,81.40980144,30.48,Hydroelectric,17,True,45.11373,-121.815078,0.1239930583605811,0.0138686730432024,0.0693304219381913,0.0055117511337981,0.302967332380044,0.8677846281085864,0.0466965412185098,0.0251584545097754,0.0106284985426403,0.003561071211521,0.1101243853173786,-0.5648172957285423,10-100 MCM,0.5-1,Hydroelectric,Pacific Northwest,0.04462666577258569,0.06549771954479294,1.142110902697242,1.0679117622028136
14209000,0.1942076233823663,81.40980144,30.48,Hydroelectric,17,False,45.071232,-121.940635,0.1032452389521506,0.0318075516057468,0.176082662915755,0.0199371171434257,0.5271095609407634,0.7585704496739683,-0.0011529942104152,-0.0110529019992751,-0.0039583581288911,-0.001088627950888,0.0714376873464038,-0.2314608887332048,10-100 MCM,0.1-0.5,Hydroelectric,Pacific Northwest,0.013145988994890887,0.05829169835151291,1.0789544263729465,1.0995782920684187
14210000,0.0446720828117343,22.9797666792,63.0936,Hydroelectric,17,True,45.299843,-122.353975,0.0072442624184293,0.0077986565572322,0.0068644410318188,0.0079040743298219,0.8992324286394082,0.8896002626405699,0.0026928417167579,0.0022932175621324,0.0021305855187659,0.0003536486947766,-0.0005543941388029,0.0096321659988383,10-100 MCM,<=0.1,Hydroelectric,Pacific Northwest,-0.0015011780882297468,0.0009467839494267929,1.0204437093590564,0.9297897078877024
14220500,0.4665661024888176,520.52933648,95.4024,Hydroelectric,17,True,45.951779,-122.56399,0.0103218894856862,0.0104982323809868,0.0107877923369584,0.0116877216005189,0.7259130880202993,0.8740328366218761,0.0459998433939408,0.0325875742737732,0.0438763168761529,-0.003146013761712,-0.0001763428953005,-0.1481197486015768,100-1000 MCM,0.1-0.5,Hydroelectric,Pacific Northwest,0.00040805064891914127,-0.0005843935442197117,0.9742561061018211,0.9756703768565664
14238000,0.4118603195308233,164.93872468112,76.2,Hydroelectric,17,True,46.510385,-122.616224,0.0531726005820687,0.4617345369194206,0.0469716807150298,0.4600563225471179,0.2973182006028703,0.4265022767973658,0.4179924222575901,0.4495800389401707,0.4511870754619074,0.1215796857192565,-0.4085619363373519,-0.1291840761944955,100-1000 MCM,0.1-0.5,Hydroelectric,Pacific Northwest,-0.3322516255154853,-0.07631031082186658,1.058964606464103,0.45131736376240017
14313500,0.1915990739472245,13.66574530536,36.576,Hydroelectric,17,True,43.322069,-122.195591,0.0747834072848302,0.010915755837002,0.0616353711410819,0.0500266981904875,0.0819617518486953,0.7218703761073116,0.0003882829826851,0.00325423887625,0.0215580236562354,0.0001019116132725,0.0638676514478282,-0.6399086242586163,10-100 MCM,0.1-0.5,Hydroelectric,Pacific Northwest,0.02430551245610785,0.0395621389917204,1.1938180161405925,1.046674734557572
14316500,0.0123829771434011,13.66574530536,36.576,Hydroelectric,17,False,43.295954,-122.536713,0.0920152864132875,0.0187145266278077,0.0988252535894714,0.0181603964163162,0.7013608337803079,0.8743626291092734,0.0664413717106697,0.0667268847307825,0.1092481182862953,2.249519857588922e-05,0.0733007597854797,-0.1730017953289655,10-100 MCM,<=0.1,Hydroelectric,Pacific Northwest,0.013680410614076337,0.05962034917140342,0.9320682151728619,1.0090434928988046
14339000,0.2671524792214699,573.5690556,105.156,Flood Risk Reduction,17,False,42.524847,-122.84282,0.0844874228267466,0.1672011264946121,0.0773715742929131,0.170790693902827,0.7097280059892446,0.7275031870266145,0.0095927218529261,-0.0022919708151891,0.0612253163538432,0.0228170182017393,-0.0827137036678655,-0.0177751810373699,100-1000 MCM,0.1-0.5,Flood Risk Reduction,Pacific Northwest,-0.038427974121139616,-0.0442857295467259,1.0451945520778003,0.7561943582730211
14359000,0.2471114934929634,573.5690556,105.156,Flood Risk Reduction,17,False,42.437346,-122.987268,0.0374400395190442,0.0074875916462928,0.0325978096192565,0.0056960226016587,0.8445697373134822,0.9185478524554852,0.0003150472076186,-0.0008274381940671,0.019117267905781,0.0012550493270657,0.0299524478727513,-0.073978115142003,100-1000 MCM,0.1-0.5,Flood Risk Reduction,Pacific Northwest,-0.0012854643644588074,0.03123791223721016,1.04585516562826,1.0817018366156055
14362000,0.2599982883480731,101.392207248,73.7616,Flood Risk Reduction,17,True,42.063736,-123.111436,0.06255575667387,0.0624575214001256,0.0599797487385823,0.0637056452394023,0.6533290588679459,0.8128599449398262,0.010525591405142,0.0032956326428876,0.0399987422811463,0.0175697845600044,9.82352737444736e-05,-0.1595308860718802,100-1000 MCM,0.1-0.5,Flood Risk Reduction,Pacific Northwest,-0.0029179430837972305,0.003016178357541706,1.0165477592775702,1.091989050850609
14366000,0.2080338160157977,101.392207248,73.7616,Flood Risk Reduction,17,False,42.241511,-123.140048,0.0305444070598076,0.1182884057311656,0.0291179843715624,0.1185675829322303,0.8049527675086319,0.7790865473941995,0.0039228181720747,0.0013387481236342,0.0152481589661279,-0.0002157182770038,-0.0877439986713579,0.0258662201144324,100-1000 MCM,0.1-0.5,Flood Risk Reduction,Pacific Northwest,-0.05520117217701309,-0.032542826494344895,1.0492132583153613,0.6713987688125058
14369500,0.1563367379294336,101.392207248,73.7616,Flood Risk Reduction,17,False,42.354006,-123.406728,0.0156406740852615,0.0901451977952508,0.0131908740063428,0.0915186962567478,0.8872062084388287,0.7856312028300237,0.0009499018988673,0.0009534603317058,0.0035948120836896,-0.001429020049525,-0.0745045237099892,0.1015750056088049,100-1000 MCM,0.1-0.5,Flood Risk Reduction,Pacific Northwest,0.0018236711924957735,-0.07632819490248503,1.1018952342493582,1.0618034358841568
10260950,3.679884631756402,92.511138,75.8952,Water Supply,18,False,34.338892,-117.257821,0.0160308812606455,0.0362868146840915,0.0162156158692911,0.0395527823785435,0.4287374930841844,0.2100948125499775,-0.0219080862508716,-0.0291573102168816,-0.0239631245294836,-0.012025347889418,-0.0202559334234459,0.2186426805342068,10-100 MCM,>1,Water Supply,California,-0.022473532717593676,0.0022175992941476826,0.4272820043013404,2.1959600429264716
10261500,10.925239091418488,221.286642096,60.96,Flood Risk Reduction,18,False,34.573049,-117.320602,0.005744777041238,0.2051347994594761,0.0045021043733462,0.2090982858422597,0.7771112183236856,0.4252441417579679,-0.0160948613382622,-0.0307980398061803,-0.1055992937601099,0.001988715874161,-0.199390022418238,0.3518670765657177,100-1000 MCM,>1,Flood Risk Reduction,California,0.0008475880221959533,-0.20023761044043398,1.3953953944566944,0.9581366042565628
11022480,26.38231453901735,139.136751552,72.2376,Water Supply,18,False,32.840327,-117.025863,0.0349047249369692,0.0724420005751493,0.0110979567001358,0.0608737480269701,0.7285003933793611,0.5574771446934934,0.0002527440138271,-6.396576613398874e-05,-0.038864841216335,-0.0002038187612826,-0.03753727563818,0.1710232486858677,100-1000 MCM,>1,Water Supply,California,-0.023750730458703517,-0.013786545179476487,1.669032330962893,2.2165103922552225
11023000,15.619243641495263,139.136751552,72.2376,Water Supply,18,False,32.76505,-117.168645,0.0067484655697479,0.0623564167485499,0.0089959744941907,0.0551396086113679,0.7867920210136682,0.5175905403519326,0.0030816863770508,0.0034637826006609,-0.0264871815180828,-0.0001073853259535,-0.055607951178802,0.2692014806617355,100-1000 MCM,>1,Water Supply,California,0.0017347970230037002,-0.0573427482018057,1.3096688060837627,1.156914942976553
11025500,6.497576951450914,35.77097336,49.3776,Other,18,False,33.106987,-116.866137,0.0296364840525122,0.0030687716764413,0.0169233170732215,0.0044907046797748,0.5846647218918237,0.6351687692026861,-0.0014792851430379,4.167854820158468e-06,-0.100062964243129,-0.0030291048533975,0.0265677123760708,-0.0505040473108623,10-100 MCM,>1,Other,California,0.027016826480203454,-0.0004491141041325997,1.9271255522807007,0.7482638971117801
11044000,4.88627043839848,62.90757384,46.3296,Water Supply,18,False,33.473918,-117.142254,0.0026860816652663,0.012382396160384,0.0044688869155638,0.0069600341205377,0.7537064572843546,0.8729054809969661,-0.0006201358951021,-0.0010865921150366,-0.0017117172599974,-0.0030166437781449,-0.0096963144951176,-0.1191990237126114,10-100 MCM,>1,Water Supply,California,-0.009308506125088094,-0.00038780837002958023,0.8161138522859981,1.1746940344139971
11085000,2.56879331211031,33.9207506,74.676,Other,18,True,34.11223,-117.969509,0.0043305460372001,0.0038664331348516,0.0055968397278742,0.0093930539206199,0.535303287319921,0.5471161950770653,-0.006443169931492,-0.0069229919043781,-0.0075065211192201,-0.0432957530837957,0.0004641129023485,-0.0118129077571442,10-100 MCM,>1,Other,California,-0.0009049086808812811,0.0013690215832298127,0.800712485773146,0.8591350786702511
11097000,2.4309667960430983,55.4943479816,29.5656,Flood Risk Reduction,18,True,34.253614,-118.38897,0.0048967232951938,0.0143324842627949,0.0054101580755816,0.012820070692229,0.6629582416206589,0.5672257220582657,-0.0029899428147296,-0.0033630974960652,-0.0021622011315076,-1.056675632371551e-05,-0.0094357609676011,0.0957325195623931,10-100 MCM,>1,Flood Risk Reduction,California,-0.005262123554131038,-0.004173637413470115,0.7448903214170444,1.3920369244182207
11109600,3.1469370706906123,209.6919128,128.62560000000002,Water Supply,18,False,34.523047,-118.757036,0.0420103351136949,0.0035803029496986,0.0422908941542732,0.0024050685063196,0.1556191557442175,0.6448050853570607,-0.0009517630713853,-0.0009524975418956,0.0272199509452988,0.0007874273141575,0.0384300321639962,-0.4891859296128431,100-1000 MCM,>1,Water Supply,California,0.00518851431352829,0.03324151785046794,0.5547485179996304,1.199457180171381
11109800,5.977092831615003,107.929661,64.92240000000001,Water Supply,18,True,34.460272,-118.752036,0.5280163346154944,0.0346387836834222,0.5251556648675799,0.0062161234383259,-0.1587290030955661,0.6657223319977296,0.1484750559120393,0.3509274978242366,0.3567654819099832,0.0171305247150694,0.4933775509320721,-0.8244513350932957,100-1000 MCM,>1,Water Supply,California,0.010645329762122714,0.4827322211699494,0.6918548809751954,1.3423820383080602
11123000,0.2767317840699618,12.33235143632,51.5112,Other,18,True,34.524439,-119.687358,0.0099117619308826,0.1323163814036213,0.001251362705161,0.1325844384154195,0.7715877053847425,-0.0731420073322017,0.0033388941073609,0.003342859780866,-0.0069920106491386,-0.0034788996259135,-0.1224046194727386,0.8447297127169443,10-100 MCM,0.1-0.5,Other,California,-0.08771429206611484,-0.03469032740662381,1.3638529848082366,1.3916885908288
11123500,0.2054786869244073,12.33235143632,51.5112,Other,18,False,34.543604,-119.864863,0.0022256612710304,0.0411549157088137,0.0006930483152493,0.1003187862957158,0.863711249460394,0.3515549717267232,-0.0008773615518142,-0.0008750746493435,-0.0026293496800396,-0.0031041610930534,-0.0389292544377833,0.5121562777336708,10-100 MCM,0.1-0.5,Other,California,-0.03247054085430513,-0.006458713583478174,1.1372197237967008,0.6867275034222317
11133000,1.5632550774454896,212.7756174,85.03920000000001,Irrigation,18,False,34.637761,-120.426551,0.0079560985979677,0.007989453689831,0.0021155088324378,0.0089462151858031,0.6034235013535105,0.7630028591610483,0.0524812955310032,0.1158630611147848,0.0491369664225143,0.0395350733648844,-3.335509186332651e-05,-0.1595793578075377,100-1000 MCM,>1,Irrigation,California,0.0021342838937785796,-0.0021676389856419053,1.3429540614009405,1.028766853856021
11149400,1.940407040213772,466.132787336,77.724,Hydroelectric,18,True,35.761357,-120.855458,0.1100332317389122,0.071836958956273,0.1175021522515189,0.0344321042629992,0.2143091204144365,0.5104987272837819,0.1261495124767879,0.1232558584706425,0.0595856116803902,0.1130531467140115,0.0381962727826392,-0.2961896068693453,100-1000 MCM,>1,Hydroelectric,California,0.03139555169425857,0.006800721088380708,0.5397605662710415,2.0700792250796045
11156500,0.9489143137669748,22.20267312,37.7952,Water Supply,18,False,36.609406,-121.20298,0.0047293292291337,0.0019912542007304,0.0054049579865621,0.0016013525231235,0.7628070298317393,0.7892357869856745,-0.0002482929539798,-0.0002400039928476,-0.0011804818294635,-0.0006703281015913,0.0027380750284032,-0.0264287571539352,10-100 MCM,0.5-1,Water Supply,California,0.002025037001169283,0.0007130380272340059,0.8490970870852314,0.9992737632930708
11176400,3.187873316032676,95.101449864,67.6656,Flood Risk Reduction,18,True,37.561322,-121.683839,0.0092660114720853,0.0137122292000043,0.0022823227177803,0.0065281757713997,0.6432365985060344,0.8690981171684518,-0.0093511910775998,-0.0093512341296736,-0.0133887506097584,-0.091170765489721,-0.004446217727919,-0.2258615186624173,10-100 MCM,>1,Flood Risk Reduction,California,-0.00023549803571206286,-0.004210719692206939,1.2081041908564971,1.0664333251035427
11176500,6.481251312008542,95.101449864,67.6656,Flood Risk Reduction,18,True,37.623265,-121.758842,0.1410671604019789,0.0364778808152635,0.0879874751023096,0.0355614678688943,0.2158197562648677,0.4653213568042696,0.1403114798686753,0.1605549679667665,0.1649132641427607,0.1005642508519291,0.1045892795867154,-0.2495016005394019,10-100 MCM,>1,Flood Risk Reduction,California,0.02927748990060849,0.07531178968610697,2.3567342773195965,1.1534163756674327
11214600,7.7125377240652515,152.07104212624,96.012,Hydroelectric,18,True,37.076333,-118.968723,0.3643626035415464,0.0157292485145658,0.5644209974383999,0.0189634815356192,-1.6182847976627062,0.0796419432636155,1.3225248993247376,-1.851262408699456,0.000611426655614,0.0303863152515466,0.3486333550269805,-1.6979267409263217,100-1000 MCM,>1,Hydroelectric,California,4.29264967627859e-05,0.34859042853021777,1.005600124035693,0.9535468908805824
11216200,3.9168169688127272,159.26470821712,79.248,Hydroelectric,18,False,36.902724,-119.050946,0.0430907946762137,0.0044304227662802,0.0277352359801102,0.0054440213921938,0.4945199220790043,0.7374349193173318,-0.001045335420323,-0.018505910362095,-0.0009035170943186,-0.0001679279882461,0.0386603719099334,-0.2429149972383275,100-1000 MCM,>1,Hydroelectric,California,0.025250835142927138,0.01340953676700633,1.585170820839403,0.9891320252312135
11218400,1.0350437694521524,159.26470821712,79.248,Hydroelectric,18,False,36.879669,-119.128727,0.2135121847875275,0.0127725170927488,0.2426651105816781,0.0242324015025075,0.3411224996061857,0.7932632758159304,-0.0007359648553326,-0.0010209277553768,0.0741411682385336,-0.0032040564113586,0.2007396676947787,-0.4521407762097447,100-1000 MCM,>1,Hydroelectric,California,0.09634947377665741,0.10439019391812127,0.4734537651076832,0.9271994877018541
11231500,1.05357585392596,154.22840186439998,50.292,Hydroelectric,18,True,37.361331,-118.992063,0.6758029431700707,0.018899694980321,0.6855745470655487,0.0231087124242578,-0.4882287862480596,0.8613284253841594,0.0271783763719539,-0.0037645816913869,0.1133364692197353,0.0039425246311504,0.6569032481897497,-1.3495572116322192,100-1000 MCM,>1,Hydroelectric,California,0.5266452549863077,0.13025799320344209,0.20501103213577412,1.1528686535153632
11231600,7.236458141533905,154.22840186439998,50.292,Hydroelectric,18,True,37.359942,-118.998452,0.0207504234929087,0.0024045831463683,0.0118186325188537,0.0020850252629966,0.280789666863856,0.5020111806719353,0.0574879398158792,0.1676327516852817,0.0549508154071243,0.0129570215757608,0.0183458403465404,-0.2212215138080793,100-1000 MCM,>1,Hydroelectric,California,0.013791548515056014,0.004554291831484432,1.4137267775851838,1.297866972831037
11234760,0.9482519496103092,148.01782079999998,125.2728,Hydroelectric,18,True,37.316611,-119.329573,0.016509344839311,0.0062746626875743,0.0165123348549568,0.0076238518264777,0.718051087187141,0.8413558103748582,-0.0003779300308794,-0.0009588982721335,-0.003829333685313,-0.0007234981363655,0.0102346821517367,-0.1233047231877172,100-1000 MCM,0.5-1,Hydroelectric,California,-0.0012893381056097045,0.011524020257346423,1.1078895128880235,0.9135325394007772
11242000,1.5358762258792469,32.21731217896,76.2,Hydroelectric,18,True,37.144392,-119.454577,0.0133054865373078,0.0090295379263971,0.0123310902523223,0.0084556179969676,0.7174801611214913,0.7786719459894383,-0.0005251058479971,-0.0005193674664105,-0.0136878171140115,-0.0009982544341387,0.0042759486109106,-0.061191784867947,10-100 MCM,>1,Hydroelectric,California,-0.0038706989626514274,0.00814664757356209,1.1723230475640176,1.1690047979507039
11246500,0.8706461288438616,56.000075536,44.196000000000005,Hydroelectric,18,False,37.150781,-119.460411,0.0090628744831716,0.0035445267886427,0.009907094350419,0.001724949723239,0.6756322555465257,0.8013220800727444,0.0007319542353523,0.0003344739148908,0.0005380062996112,0.0012412791240928,0.0055183476945288,-0.1256898245262186,10-100 MCM,0.5-1,Hydroelectric,California,-6.045505023770728e-05,0.005578802744766539,0.8778273745607087,1.0689327928032428
11251000,2.4178488963533864,642.02729772,97.2312,Flood Risk Reduction,18,False,36.984394,-119.724312,0.0514251472894363,0.0076419599324806,0.0474020427479643,0.0071397262681629,0.4942504197563061,0.7961831245764072,-0.0090596243214193,-0.0016589202717958,-0.0449707062197465,-0.0062428741354101,0.0437831873569557,-0.301932704820101,100-1000 MCM,>1,Flood Risk Reduction,California,0.007784354468909836,0.03599883288804592,1.223028093951348,1.0393730742436142
11270900,1.0421606038010809,10.1823925892,29.5656,Hydroelectric,18,True,37.521603,-120.332411,0.1568206052924133,0.0446849730352792,0.1375058798515785,0.029711586226435,0.4023870959391372,0.724661715967519,0.0474727782987123,-0.0718118198910046,0.0476602183404648,0.0224822129793607,0.112135632257134,-0.3222746200283818,10-100 MCM,>1,Hydroelectric,California,0.035099818900284865,0.07703581335684923,1.1980470670300596,1.3905139312781922
11276500,1.3086101995375627,444.0534624,95.0976,Water Supply,18,True,37.937421,-119.798233,0.0362070330524951,0.3116090589172614,0.0371291700066857,0.1778214287811456,0.5349233042928622,-0.1983212811783115,-0.0209793144405919,-0.0459038324073397,-0.032781996786395,-0.0097278676919416,-0.2754020258647663,0.7332445854711737,100-1000 MCM,>1,Water Supply,California,-0.21166676527523368,-0.0637352605895326,1.0322230459710566,3.2946685130952917
11276900,0.7891568188299943,444.0534624,95.0976,Water Supply,18,False,37.881591,-119.970182,0.1276216847840065,0.0044502305175262,0.1442845504164178,0.0041870884665322,0.5050538228450048,0.7875714183145855,-0.0133131362928597,-0.0219462059605146,0.035119322246771,-0.0076925494370193,0.1231714542664802,-0.2825175954695808,100-1000 MCM,0.5-1,Water Supply,California,0.026938247582283054,0.09623320668419719,0.6844465624674562,1.1356916179439809
11277300,7.818066895907347,337.35728324,96.012,Other,18,True,37.967699,-119.917403,0.0233779282708958,0.0058598005901808,0.0213285425317645,0.0054047126924664,0.1402282131367269,0.6981726124218681,-0.0202966662295133,-0.0551620816022438,-0.0233978671073281,-0.0052425409145031,0.017518127680715,-0.5579443992851412,100-1000 MCM,>1,Other,California,0.0080405160213834,0.009477611659331643,1.4886457515053897,1.0761247179138558
11278000,0.3132192596511688,35.277580623999995,18.5928,Water Supply,18,True,37.969088,-119.882124,0.0236393042265539,0.0065037525911526,0.0235304305240479,0.0062264656656322,0.4233998606132444,-0.0384210847538606,-0.0009607638108992,-0.010073915414518,-0.0025259394851385,0.0004778875605826,0.0171355516354012,0.461820945367105,10-100 MCM,0.1-0.5,Water Supply,California,-0.000995089609001677,0.01813064124440296,1.003101054313679,1.303662198352246
11278400,0.5452258190093917,337.35728324,96.012,Other,18,False,37.890202,-119.969905,0.550618691882691,0.0009554551898443,0.5918567046073314,0.0010417564434814,-0.1192133582537491,0.8934465242890991,-0.0147023472179781,-0.0169373163777712,0.0180413939200067,-0.0027278273890303,0.5496632366928466,-1.0126598825428483,100-1000 MCM,0.5-1,Other,California,0.43765288043332945,0.11201035625951716,0.28934200975868224,0.9671974384812023
11289650,3.377057888152829,2503.9681352,178.30800000000002,Hydroelectric,18,True,37.666321,-120.442139,0.0626962502024157,0.0396948814338465,0.0677420136784874,0.0365972004769348,0.5609541769684449,0.7684452107073129,-0.0724685204378658,-0.056621224125996,-0.1051561034688791,-0.0151897589570495,0.0230013687685691,-0.207491033738868,>1000 MCM,>1,Hydroelectric,California,-0.009261806846177324,0.03226317561474648,1.1160753411841469,1.1872473932670744
11292700,0.8665201332076633,79.55957868,96.6216,Hydroelectric,18,False,38.24686,-120.031852,0.1326811077036672,0.0117218220174074,0.1253106372416804,0.0195486551534814,0.3423768436712184,0.4278405354426421,-0.0016462913710559,-0.1272040961008393,0.0597830710978882,-0.0046761790755487,0.1209592856862598,-0.0854636917714236,10-100 MCM,0.5-1,Hydroelectric,California,0.05797223709785186,0.06298704858840795,1.5760309350828365,1.1851018077915885
11292900,0.8354395013799557,120.2644794,86.56320000000001,Hydroelectric,18,True,38.193251,-120.099076,0.0890191378199044,0.0016083545582714,0.0730328527199921,0.0017838951548521,0.3547821120696114,0.6228007477899108,-0.0014055269490594,-0.0465335733941726,0.0038912767246613,-0.0033584840299922,0.0874107832616329,-0.2680186357202994,100-1000 MCM,0.5-1,Hydroelectric,California,0.052191059573988244,0.03521972368764469,1.5004290514598335,0.9085016200480021
11296500,0.260940576361435,22.572717672,43.586400000000005,Hydroelectric,18,False,38.197417,-120.008518,0.2056973085500997,0.0485268420314256,0.0394892963094562,0.1301113028207546,0.6205702264706962,0.4663870261280155,0.0002470336159812,-0.0623969625406063,0.0010416162509948,-5.072995759303201e-05,0.1571704665186741,0.1541832003426806,10-100 MCM,0.1-0.5,Hydroelectric,California,0.14310913849281343,0.014061328025860704,1.6673445578939732,1.3643628490265975
11298000,0.3504186672901719,22.572717672,43.586400000000005,Hydroelectric,18,False,38.092421,-120.168244,0.2701515966802323,0.0534661924317279,0.0757692959870666,0.0925493873406199,0.4326317074903758,0.7194628740525794,-0.0002225144572844,-0.0914983159420482,-0.0154321995599501,-0.0009870442704502,0.2166854042485043,-0.2868311665622035,10-100 MCM,0.1-0.5,Hydroelectric,California,0.23208099052173536,-0.01539558627323101,2.2337436439028533,1.1696122350977656
11302000,5.133434210046652,82.64328327999999,62.484,Hydroelectric,18,True,37.851594,-120.637982,0.1554568995889671,0.0289852961639872,0.1441767041986847,0.0299806144148979,0.2531255211526101,0.8328623177925575,-0.1244748563931845,0.1947520708653786,0.0366645503813495,0.0478599422389206,0.1264716034249798,-0.5797367966399474,10-100 MCM,>1,Hydroelectric,California,0.01669199221655868,0.10977961120842117,1.1540424243558989,1.003292724853828
11303000,4.73168072192171,82.64328327999999,62.484,Hydroelectric,18,False,37.729651,-121.110493,0.137962865337703,0.1026648366644375,0.1452280818219401,0.1065887520751663,0.289081343871659,0.7240940924140222,-0.149253474064443,0.0707570354326431,0.0001938088712645,0.0222598490533054,0.0352980286732655,-0.4350127485423631,10-100 MCM,>1,Hydroelectric,California,0.0031741589806662976,0.032123869692599255,1.064540692554968,0.9831389785749992
11314500,0.9124670108240902,175.15442127999998,99.9744,Hydroelectric,18,True,38.493523,-120.221027,0.0093174068914715,0.0179063892769176,0.0100211853258471,0.020165734151956,0.6263459504788194,0.8921196116368361,0.000911308494996,0.0041618650250272,0.0039326985973453,0.0043953705171031,-0.0085889823854461,-0.2657736611580167,100-1000 MCM,0.5-1,Hydroelectric,California,-0.004586917525353618,-0.004002064860092497,0.9179359460779124,0.8755030909828436
11319500,1.067365418640143,234.3615496,107.2896,Water Supply,18,True,38.312693,-120.720211,0.03847707983557,0.066902166646559,0.0621054929155988,0.0671249665488309,0.6758289927719614,0.7565634037938234,-0.0025292404158936,-0.0025683657795091,-0.0033230545623279,-0.0535013246307302,-0.0284250868109889,-0.0807344110218619,100-1000 MCM,>1,Water Supply,California,0.03252500004288735,-0.06095008685387627,0.8082517589261177,0.9843543170605616
11323500,1.5437997275376878,234.3615496,107.2896,Water Supply,18,True,38.220473,-121.039665,0.0935493512920174,0.0174904340300643,0.0746088387478501,0.0173703306857507,0.5199340929830618,0.6659685193838608,0.1055480712191382,0.15514905882888,0.1265584126990041,0.0549111192367059,0.0760589172619531,-0.146034426400799,100-1000 MCM,>1,Water Supply,California,0.0076231767754782916,0.06843574048647488,1.1585577133522527,1.5510773533827718
11345500,0.7019269057912262,21.5859322,4.8768,Water Supply,18,False,41.230729,-120.437173,0.0834951689314792,0.0550084128157655,0.0832952467833951,0.0067448760625941,0.6983363667333683,0.72489804736999,0.0187736442770931,0.0250594234890022,-0.0048754095003564,0.000563712422003,0.0284867561157137,-0.0265616806366216,10-100 MCM,0.5-1,Water Supply,California,0.009704732518049878,0.018782023597663868,1.2359214984857188,1.5179269005365277
11367800,0.1530545713942876,43.46049915056,77.724,Hydroelectric,18,False,41.110712,-122.096113,0.740564740821862,0.0073714009088517,0.7138697259469453,0.0026106100319029,0.0036100837846797,0.2721427709965647,-0.0016206225321211,0.0055588681291198,0.0285924749494745,-0.0002374360496238,0.7331933399130103,-0.2685326872118849,10-100 MCM,0.1-0.5,Hydroelectric,California,0.6827449152423068,0.050448424670703346,2.4291404837955577,1.1503471906208553
11396200,1.295808221825775,80.23799369199999,91.1352,Hydroelectric,18,False,39.551277,-121.209405,0.01716994623642,0.0996916274313466,0.0110480457361359,0.0929859326491224,0.6959063655787536,0.6887840670211942,-0.0211027087441066,-0.0071857915765792,-0.02212714288563,-0.0154862599329093,-0.0825216811949266,0.0071222985575594,10-100 MCM,>1,Hydroelectric,California,-0.02329139981550788,-0.05923028137941874,1.5703836015728365,1.4036525484640219
11399500,21.578431624286942,1406.1692976,41.148,Hydroelectric,18,True,40.168221,-121.093016,0.0486160899511738,0.0141842313439204,0.0537863446379824,0.0092555287151394,0.0262278408260412,0.7920569737984412,0.0017027077742732,-0.0057421330102658,0.0010135646402151,0.0098910465608786,0.0344318586072533,-0.7658291329724,>1000 MCM,>1,Hydroelectric,California,0.01405396303020736,0.02037789557704604,0.6192482501624021,1.5105647911340983
11400500,0.6670079533299751,61.427395632,24.384,Hydroelectric,18,True,40.187108,-121.188019,0.0671088064650029,0.0641575662685505,0.0614157850361008,0.0159408335430354,0.3758894670942769,0.772208138285547,0.0114932488851531,0.0084109488412418,0.0253835858484258,0.0102585549578941,0.0029512401964523,-0.39631867119127,10-100 MCM,0.5-1,Hydroelectric,California,-0.01881016604990681,0.021761406246359173,1.1199451423899955,1.432741891204317
11401112,14.399799042904991,1406.1692976,41.148,Hydroelectric,18,False,40.071276,-121.164684,0.3520189608118638,0.0112121037850336,0.2996785770452287,0.0118557353707617,-0.5925169214899149,0.8276166433879614,0.568302842975977,0.3780993393130353,0.4290856621762177,0.0105989158729016,0.3408068570268301,-1.4201335648778763,>1000 MCM,>1,Hydroelectric,California,0.21974826251431262,0.12105859451251748,1.4986686160335438,0.9599899737539737
11407000,6.586691770352485,4366.5257136,234.696,Flood Risk Reduction,18,True,39.521553,-121.547748,0.2269778095873123,0.0071646761081426,0.2123383949593955,0.007630978171846,0.4091327523455073,0.8592515908655536,0.0501404653033367,0.0532583708597924,0.0627927734957456,0.0358427113055308,0.2198131334791697,-0.4501188385200463,>1000 MCM,>1,Flood Risk Reduction,California,0.18992515623722137,0.02988797724194834,2.6447397988927355,0.9439311046338252
11408880,0.600742781047798,65.497885704,62.484,Water Supply,18,False,39.41156,-120.998007,0.0169205852215312,0.0187674106032757,0.0141835883063858,0.0187654289454617,0.6474154666383654,0.8024432147731203,0.0043367305395267,0.0065482648460246,0.009002728237813,-0.0018309918277108,-0.0018468253817445,-0.1550277481347549,10-100 MCM,0.5-1,Water Supply,California,0.004828745345795577,-0.006675570727540129,1.4066035542399475,0.942318286344686
11414250,1.4748282525148797,92.141093448,84.42960000000001,Hydroelectric,18,True,39.318512,-120.657712,0.1159900567029759,0.008966125934813,0.1063733656540979,0.0075284830141133,0.1069305968321195,0.7482728085948256,-0.0014821046850777,-0.0507511554637229,0.0160900922496027,-0.0014619637123325,0.1070239307681629,-0.641342211762706,10-100 MCM,>1,Hydroelectric,California,0.07587327928923247,0.03115065147893049,2.6193601505800275,1.1671963315547047
11417500,0.5822853944811387,92.141093448,84.42960000000001,Hydroelectric,18,False,39.292115,-121.104675,0.036473747141328,0.0199392377988629,0.0354813703451425,0.0199519633158812,0.7627178482626228,0.2210563229377602,-0.0078183180779587,-0.0095719632397484,0.0065687095286492,-0.0018368159763392,0.0165345093424651,0.5416615253248626,10-100 MCM,0.5-1,Hydroelectric,California,0.017755917775988214,-0.0012214084335230996,1.3102773929470475,0.925058453563102
11421000,0.841042679783687,87.0714830856,85.34400000000001,Debris Control,18,False,39.175725,-121.524965,0.0090657696850621,0.0105499867406104,0.0083539290707078,0.0091940738705156,0.778130799935674,0.7127241525315082,0.0310306229312101,0.0367595595630538,0.0330020213328048,0.0347217748153477,-0.0014842170555482,0.0654066474041658,10-100 MCM,0.5-1,Other,California,-0.0034507082033163514,0.001966491147768093,1.0483484289181708,1.3883088902742644
11422500,0.2462707607758152,81.39499965792,69.4944,Water Supply,18,True,39.131841,-120.959388,0.0291925807669402,0.094317460369481,0.0846482002833073,0.121071479101829,0.6848033450769326,0.7365332096132835,-0.0080755281697543,-0.0156477140001582,-0.0105285852608331,0.0006084172288864,-0.0651248796025408,-0.0517298645363508,10-100 MCM,0.1-0.5,Water Supply,California,-0.004716456437341433,-0.06040842316519937,0.8493138852899319,0.807248428921882
11424000,0.6129612310832769,115.6265876816,61.8744,Irrigation,18,True,39.000173,-121.406902,0.0197046834398518,0.0140644853130338,0.0085553925120995,0.0145246422076337,0.8093876340391339,0.8079967729389005,0.0005852799041383,-0.0065063102274327,0.0018926783598589,-0.0098481290787495,0.005640198126818,0.0013908611002334,100-1000 MCM,0.5-1,Irrigation,California,0.015364416012300694,-0.009724217885482693,1.3143941819135923,0.9849243024754778
11427000,0.0358598185308614,17.7498036776,47.244,Debris Control,18,True,38.936009,-121.023833,0.0201459607361522,0.0007183631139405,0.0173648223143023,0.0006158905652773,0.8911433294602265,0.7290877137085234,-0.0029152939264286,-0.0029672968413617,0.0060248103073371,-3.891319313942265e-05,0.0194275976222117,0.162055615751703,10-100 MCM,<=0.1,Other,California,0.0038783772926255958,0.015549220329586125,1.1239520408711383,1.0084146500245055
11427760,1.7324894694262147,165.28656655999998,70.4088,Irrigation,18,False,39.025181,-120.595481,0.1384858441330164,0.2744745969906873,0.0238804062633495,0.10623641644789,0.6275886702050936,0.5994662988543595,0.0053365982374401,-0.0090033533324759,0.0087964538341495,0.0129252176245998,-0.1359887528576709,0.028122371350734,100-1000 MCM,>1,Irrigation,California,-0.06914377948229838,-0.06684497337537251,1.579744539843305,1.2506530348976883
11428800,6.189205453903895,255.33074088,124.968,Irrigation,18,True,39.056572,-120.407976,0.0105851506434304,0.1660194221459772,0.0092523955868813,0.0125040530653261,0.2184664833431167,0.7176188810939388,0.0038528269804584,-0.0011287998228703,0.002358024296882,0.0139523255434403,-0.1554342715025468,-0.4991523977508221,100-1000 MCM,>1,Irrigation,California,-0.13270634905159853,-0.02272792245094834,1.3863051299880387,1.3034107154504921
11441900,3.583390706199308,251.63029536,138.684,Hydroelectric,18,False,38.823793,-120.539369,0.049723086655773,0.0183315388746204,0.0487853132151695,0.0181303613701746,0.4649417278245391,0.8171067654671756,0.003883974615065,0.0020529800844243,0.0043647873979205,0.0107855509660255,0.0313915477811525,-0.3521650376426365,100-1000 MCM,>1,Hydroelectric,California,0.03273676336029371,-0.0013452155791411902,2.5009219489208485,1.140923174818386
11443500,2.4088453514617565,19.73570944,76.2,Hydroelectric,18,True,38.772958,-120.701598,0.2055565481957365,0.0053173847770579,0.1939520283948417,0.0017745652274834,0.514052655703165,0.844457618447246,0.0012044760049628,0.0031163314467536,0.042554899533083,-0.0011031323161571,0.2002391634186785,-0.3304049627440809,10-100 MCM,>1,Hydroelectric,California,0.16212433529324247,0.03811482812543603,3.585048767910458,1.0865313013022888
11444500,0.2567400277518623,19.73570944,76.2,Hydroelectric,18,False,38.771013,-120.816324,0.1884955804682413,0.0086094022171963,0.215052057079231,0.01132721042328,0.5602614517824117,0.7643247728282835,-0.0019472151767343,-5.298885478655091e-05,0.0404441157724411,-0.0021628968919801,0.1798861782510449,-0.2040633210458717,10-100 MCM,0.1-0.5,Hydroelectric,California,0.13562284010680303,0.044263338144241895,0.5756010095223243,0.9124165160606938
11446500,0.6108314035810803,10.854640192,26.5176,Fish and Wildlife Pond,18,True,38.63546,-121.227726,0.0681150926653829,0.0266933359877578,0.0610350824093626,0.0264973897055932,0.5466428626479016,0.7840021900168723,0.1863866916837762,0.175528471461227,0.2386529998894372,0.1938407035324943,0.041421756677625,-0.2373593273689707,10-100 MCM,0.5-1,Other,California,0.00041727696640861926,0.04100447971121644,0.9737151227981338,0.9936946467690784
11451000,1.0812601383313445,394.7141888,13.1064,Irrigation,18,True,38.924065,-122.565815,0.0958721290420966,0.010072015964136,0.0900785070813374,0.009431775127439,0.5965091265825738,0.8333809955400646,0.0795896335515128,0.0481700942138183,0.1407218991986447,0.0570830199444207,0.0858001130779605,-0.2368718689574908,100-1000 MCM,>1,Irrigation,California,0.0005001610820176564,0.08529995199594288,0.9172254083584733,1.0632689047536996
11452500,1.4960221812136567,394.7141888,13.1064,Irrigation,18,False,38.725182,-121.807187,0.0105928424834224,0.4767101857522587,0.0079713177723845,0.4770520177686151,0.8231751903309898,0.1883956840368461,0.0022509772995422,0.003327058117772,0.0022878636269851,-0.0202187671322858,-0.4661173432688363,0.6347795062941437,100-1000 MCM,>1,Irrigation,California,-0.40246226318494965,-0.06365508008388668,1.218727165261003,0.7685584554793585
11454000,4.329156691789599,1976.38081563152,92.6592,Irrigation,18,True,38.515185,-122.081916,0.0561266848148515,0.0099864174845243,0.0550724098998013,0.0101449162434014,0.5067006561792684,0.7278284472713874,-0.029437860020378,-0.0790019630811801,-0.025030473625074,-0.0068087854858447,0.0461402673303272,-0.221127791092119,>1000 MCM,>1,Irrigation,California,0.0014365069163379115,0.044703760413989296,0.8751748184891751,1.1401877018777926
11460600,0.7167037724000463,40.581552536,70.104,Water Supply,18,False,38.0802,-122.784435,0.0115020096392776,0.0208376517629823,0.0133705000251929,0.0169231242816365,0.7285840402008235,0.2753839199220051,-0.0070517195074869,-0.0059596741337518,-0.0079324019541898,0.0041097708000988,-0.0093356421237047,0.4532001202788183,10-100 MCM,0.5-1,Water Supply,California,-0.013509557918740235,0.004173915795035451,0.8537529975063188,3.5449154638833638
11461500,0.3706503114550984,91.89439708,54.864,Flood Risk Reduction,18,True,39.246556,-123.130281,0.0120925458976055,0.2272645738073641,0.013674143148193,0.2360189375874258,0.7516435628810892,0.3428504744159613,-0.0023570954827447,-0.0023110631967343,-0.005482896629084,-0.1441410447374667,-0.2151720279097585,0.4087930884651279,10-100 MCM,0.1-0.5,Flood Risk Reduction,California,0.010417076353182153,-0.2255891042629407,0.847067859244403,0.9816819661202483
11462000,0.3711133861144092,91.89439708,54.864,Flood Risk Reduction,18,True,39.197391,-123.187505,0.1036502435930454,0.0056051256713203,0.1034881538138399,0.0123997887041075,-0.0708760967347832,0.8464222251175235,0.3865473224469954,0.3711564057186221,0.4391083468891553,0.2556383987060346,0.0980451179217251,-0.9172983218523068,10-100 MCM,0.1-0.5,Flood Risk Reduction,California,0.010965168434001412,0.0870799494877237,0.8532816496379518,1.0492738177339638
11470500,0.1830448489566003,99.418636304,42.0624,Hydroelectric,18,True,39.407939,-122.97139,0.0105265393941477,0.0841185436764125,0.0102543763237999,0.0737659134487632,0.6439085267811996,0.2301742025128608,0.0196975015537469,0.0123555004372708,0.002393300778829,0.0197342079157317,-0.0735920042822648,0.4137343242683388,10-100 MCM,0.1-0.5,Hydroelectric,California,-0.06459086575593004,-0.009001138526334823,0.9359767282109379,2.359799603527839
11471500,0.2048233544515983,99.418636304,42.0624,Hydroelectric,18,False,39.388496,-123.116116,0.0317614054194279,0.0896334659824437,0.0240614905743409,0.0900461488126342,0.6588196530088879,0.5292241057393878,0.0320645878177774,0.0273920154015765,0.0302419914952185,0.013553360767488,-0.0578720605630157,0.1295955472695,10-100 MCM,0.1-0.5,Hydroelectric,California,-0.003474385469766276,-0.054397675093249505,1.3264104866341608,1.0629909520116003
11480390,0.2779294648104206,59.20712832,45.72,Water Supply,18,True,40.284313,-123.335303,0.1291520305081901,0.006484151381868,0.0124807864938896,0.0104741539985352,0.7627240205040123,0.8419203232031919,-0.0046936424361062,-0.0047198748966686,-0.0051608496384293,-0.0229429286358485,0.1226678791263221,-0.0791963026991795,10-100 MCM,0.1-0.5,Water Supply,California,0.090396911044445,0.03227096808187709,1.7300592224964941,0.9979126286805104
11480410,0.2071669578345574,59.20712832,45.72,Water Supply,18,True,40.370978,-123.436141,0.029751278014697,0.0162984002304614,0.0085363267621984,0.0064899187911149,0.748224651989581,0.8825046821331655,0.0004375431106174,0.001111403053876,-0.0068955913297168,-0.0045446632700646,0.0134528777842356,-0.1342800301435844,10-100 MCM,0.1-0.5,Water Supply,California,0.007983362568969914,0.005469515215265699,1.2853590732749254,1.145611952874554
11481000,0.0481467508991704,59.20712832,45.72,Water Supply,18,False,40.909572,-124.060896,0.0022564061381445,0.0110648634811484,0.0140259079966826,0.0100162686272381,0.8285005883998726,0.8540617918623805,-0.0033150303431866,-0.0033373734698726,-0.0029411381249683,-0.0022597338192487,-0.0088084573430039,-0.0255612034625078,10-100 MCM,<=0.1,Water Supply,California,-0.002018159723030276,-0.006790297619973662,0.975525720510701,1.115827309995122
11507500,0.8456328364409003,906.6091524,6.7056,Hydroelectric,18,True,42.223478,-121.794171,0.1219593075456972,0.0268345964572859,0.0963694952083956,0.0108212290685987,0.4136261809179764,0.4989658393150942,0.0446630892680435,-0.0436587989614151,-0.0104951545955269,0.058551832540428,0.0951247110884113,-0.0853396583971177,100-1000 MCM,0.5-1,Hydroelectric,California,0.030326998437444314,0.06479771265096704,1.150987798087048,1.9437578421050845
11525500,3.628436424569143,18.0828437744,27.7368,Water Supply,18,True,40.719312,-122.803634,0.2919632996564922,0.0151546982025813,0.2962417857803499,0.0172137523469604,0.0995235505075936,0.7769805045616653,0.069030241043926,0.0511531789505289,0.0973334205656824,0.0540704921855903,0.2768086014539108,-0.6774569540540717,10-100 MCM,>1,Water Supply,California,0.020058874702906716,0.2567497267510041,0.7901319231697606,0.9070955635365822
11527000,1.5666560634485385,18.0828437744,27.7368,Water Supply,18,False,40.78875,-123.44004,0.0951833980667101,0.0107697861358763,0.0906086943068113,0.0046862345527357,0.6917373269859701,0.8693954131678625,0.0238846541317006,0.0235628984580069,0.0256827854489974,0.0114747643354885,0.0844136119308338,-0.1776580861818923,10-100 MCM,>1,Water Supply,California,-0.0027938610502146796,0.0872074729810485,0.9515934087639542,1.153168989083205
