STAID,nse_off,kge_off,nse_learned,kge_learned,nse_base,kge_base,area_km2,n_nid,n_nid_ge10mcm,nid_dor,nid_on_gauge_reach,nwm_cls,smoke_role,dnse,dkge
14190500,0.8943331688560214,0.9206877447476369,0.8915562027002368,0.9199720815015348,0.8754681248901153,0.8481105177223798,603.4942,0,0,0.0,False,none,control,-0.0027769661557845993,-0.0007156632461021717
14301000,0.9451647638037961,0.935211869423,0.9486256654543213,0.9396654727363548,0.9427664461323382,0.9426347664403104,1743.544,1,0,0.000514202955206,False,DOR<=0.1,,0.00346090165052515,0.004453603313354759
14301500,0.8921196116368361,0.7653077524708969,0.8915709625948848,0.7649402612049339,0.8966158369797994,0.7907410989413804,417.5676,0,0,0.0,False,none,control,-0.0005486490419512879,-0.00036749126596302695
14305500,0.8464222251175235,0.7866937921246345,0.8617046760119786,0.798624272090755,0.8771296428001245,0.9170402747219505,526.3299,0,0,0.0,False,none,control,0.015282450894455124,0.01193047996612051
14150000,0.43618072713602396,0.5837252329738845,0.5216550574596339,0.597105376708322,0.38703881704641907,0.5794476882624595,2605.191,3,3,0.3781061174872411,True,0.1<DOR<=0.5,dam,0.08547433032360996,0.013380143734437522
14152000,0.5957914316561957,0.6850568144936972,0.6515430709712204,0.6717041816079934,0.5671329488682253,0.6972497485019276,3491.435,4,4,0.3167403828245292,False,0.1<DOR<=0.5,dam,0.05575163931502469,-0.013352632885703763
14153500,0.6914379499689012,0.8185864605349132,0.729090652561823,0.8310764676728313,0.6669291603667209,0.8333213663592491,274.9752,1,1,0.1812738585787871,True,0.1<DOR<=0.5,dam,0.03765270259292186,0.012490007137918036
14154500,0.8756887296894252,0.8148142778215282,0.8733695703747356,0.8132716378616369,0.8773572696341528,0.8107589496038567,546.8105,0,0,0.0,False,none,control,-0.0023191593146896228,-0.0015426399598912344
14155500,0.484845963540282,0.7253514885136628,0.6976055579574618,0.7958448874001383,0.46459900621798544,0.7157201610347027,696.4029,1,1,0.1496152124560538,True,0.1<DOR<=0.5,dam,0.21275959441717984,0.07049339888647543
14157500,0.8617131583012585,0.9078618231122781,0.8678182091858786,0.8989607590244925,0.8269135652051713,0.836673594624223,1663.972,2,2,0.1053982489769002,False,0.1<DOR<=0.5,dam,0.0061050508846201,-0.008901064087785682
14166000,0.8558364980593122,0.8308395067643544,0.8629563341579135,0.8017037045586936,0.8286209277648089,0.8669829815573694,8895.176,13,9,0.1722660994587686,False,0.1<DOR<=0.5,,0.00711983609860134,-0.02913580220566081
14166500,0.7478537696585323,0.6502187739873929,0.749167185461697,0.6500694345304036,0.741721904691655,0.6450484499008712,226.5246,2,0,0.0013292744750087,False,none,,0.0013134158031646859,-0.00014933945698936135
14169000,0.37312343238170065,0.6327554767833303,0.5143705004874803,0.6900954292836864,0.29746010656067245,0.619320908729214,660.5496,3,1,0.2733219732096261,True,0.1<DOR<=0.5,dam,0.1412470681057797,0.05733995250035606
14170000,0.7105179963539822,0.7554987666772448,0.7501701574368962,0.7517632652887293,0.6821872542618765,0.8123588868397419,1021.562,3,1,0.1922110706302198,False,0.1<DOR<=0.5,dam,0.03965216108291403,-0.0037355013885155275
14174000,0.9046173667958416,0.9362016680668699,0.9119198314826821,0.925457917869054,0.8100360887994286,0.8806934810247455,12574.71,16,10,0.1504511500119502,False,0.1<DOR<=0.5,,0.007302464686840482,-0.010743750197815927
14306500,0.8938331879876482,0.8760557182302754,0.8793999107446738,0.8715115515525848,0.8698073124313543,0.8559217527401248,857.1636,0,0,0.0,False,none,control,-0.014433277242974385,-0.004544166677690642
14319500,0.9318915850188245,0.9433123946682618,0.9270859216169717,0.9381834538955424,0.9073968627531845,0.9115902558687298,3514.594,8,1,0.0056312698170404,False,DOR<=0.1,,-0.004805663401852844,-0.005128940772719415
14321000,0.9418273655133472,0.9614150963787744,0.9487237766036017,0.9666115015429863,0.8615418127093709,0.903062543938823,9434.701,10,3,0.013154121489114,False,DOR<=0.1,,0.006896411090254517,0.005196405164211826
14308000,0.8896002626405699,0.8836117145438005,0.8866626582179354,0.8808695744581185,0.888873583163018,0.8950498552933169,1167.245,0,0,0.0,False,none,control,-0.0029376044226344655,-0.0027421400856819655
14308990,0.8663869107508795,0.7272489610580276,0.861095957658869,0.7228025884263236,0.7076677381179666,0.42274868975510105,167.7555,1,1,0.6410773539212297,True,DOR>0.5,,-0.005290953092010442,-0.004446372631703999
14309000,-0.06666961728693588,0.5004781598108612,0.018903891188764677,0.529165123875549,-0.9975025757364964,0.09744610866197556,202.1301,1,1,0.5990075366723981,True,DOR>0.5,,0.08557350847570055,0.028686964064687848
14309500,0.7482728085948256,0.8035273045422446,0.744299924660862,0.8025325574018427,0.7712974850721274,0.7923413447206061,224.9208,0,0,0.0,False,none,control,-0.003972883933963556,-0.0009947471404019304
14310000,0.8697152433137825,0.8783802792701147,0.8603166570199884,0.8755193735546236,0.7972043931678076,0.7076519727415477,1194.809,1,1,0.0777145152918871,False,DOR<=0.1,,-0.009398586293794087,-0.0028609057154911355
14312000,0.9340821941842001,0.9658662604297855,0.9336733741685859,0.96621577930003,0.8983174686269579,0.9040986114354737,4234.129,2,2,0.0281940264943907,False,DOR<=0.1,,-0.00040882001561426407,0.0003495188702444807
14316700,0.8934465242890991,0.9239230834999654,0.8891549167651756,0.9205610576243832,0.8826049874840111,0.9329542156396854,587.8989,0,0,0.0,False,none,control,-0.004291607523923546,-0.0033620258755822086
14325000,0.8134128355907942,0.8313195915040271,0.8101948877278585,0.8331319237693103,0.729998135490185,0.6418288575606694,443.0745,0,0,0.0,False,none,control,-0.0032179478629357217,0.001812332265283212
14330000,0.6959758308330334,0.7971801930583693,0.6949993494022292,0.796919703485375,0.679130736925593,0.7803925859428402,985.7133,2,0,0.0005441021935597,False,none,,-0.0009764814308041991,-0.00026048957299429354
14332000,0.7313536333949492,0.7069626458854275,0.7316829852095392,0.7070678067565442,0.7341261322017303,0.8011514312512902,217.3068,1,0,8.561539295991638e-05,True,none,,0.0003293518145900398,0.00010516087111678285
14337500,0.8961829968025248,0.9219100847361171,0.8952597569342648,0.9213872192758664,0.8996039223547686,0.9332493895894919,640.8351,1,0,0.0501593610779179,False,none,,-0.0009232398682599285,-0.0005228654602507099
14339000,0.7097280059892446,0.8500679135031346,0.7423606204739187,0.8318537409362258,0.6876231176574025,0.8411926194403152,3154.809,5,1,0.2671524792214699,False,0.1<DOR<=0.5,dam,0.03263261448467414,-0.018214172566908826
14357500,0.7764060754587048,0.8358639999291778,0.7806406278603145,0.8347011298592365,0.7706206486394351,0.8701345251434576,721.8189,2,1,0.4009074668692425,False,0.1<DOR<=0.5,,0.004234552401609748,-0.001162870069941313
14359000,0.8445697373134822,0.9042918221819262,0.8436671904051697,0.863329549855555,0.8357585689340474,0.9073706035558365,5310.432,11,2,0.2471114934929634,False,0.1<DOR<=0.5,dam,-0.0009025469083124849,-0.040962272326371174
14361500,0.884159924946362,0.9033241282805154,0.885680936587552,0.8624927924460364,0.871366920460049,0.9201277376911686,6362.33,11,2,0.2167569851992187,False,0.1<DOR<=0.5,,0.0015210116411900065,-0.040831335834479066
14362000,0.6533290588679459,0.714610391415854,0.6742689687086687,0.7073462859607462,0.6638900159080632,0.74189687872888,580.1787,1,1,0.2599982883480731,True,0.1<DOR<=0.5,dam,0.020939909840722803,-0.0072641054551078055
14366000,0.8049527675086319,0.7896857998689815,0.8006730285776691,0.7658518104845977,0.8132897887780023,0.8115326474299402,1252.84,1,1,0.2080338160157977,False,0.1<DOR<=0.5,dam,-0.004279738930962784,-0.023833989384383747
14369500,0.8872062084388287,0.881533927174295,0.8853465286837519,0.8625743498328945,0.8858490363388714,0.8808250091612787,1809.661,1,1,0.1563367379294336,False,0.1<DOR<=0.5,dam,-0.0018596797550768374,-0.018959577341400524
14372300,0.9224232409652895,0.8712912914154683,0.9176072162644954,0.8497860673903598,0.9141761445153107,0.9256513516009679,10196.52,12,3,0.1461958579758092,False,0.1<DOR<=0.5,,-0.004816024700794119,-0.02150522402510857
14377100,0.9261841498811699,0.9208410506546825,0.9223709776635826,0.9187007872167795,0.9260561526838176,0.9252303140141176,985.3694,0,0,0.0,False,none,control,-0.0038131722175873684,-0.0021402634379029672
11342000,0.7596814149153969,0.80834284471325,0.7654523550593582,0.8017796112886316,0.7756868672884298,0.8280994314923608,1099.295,1,1,0.0264219730176327,False,DOR<=0.1,,0.0057709401439612895,-0.006563233424618398
11367500,0.18839568403684614,0.5625341244882063,0.18773627430565665,0.563043684822655,0.1666402733424005,0.5488997155188347,944.0208,0,0,0.0,False,none,control,-0.0006594097311894975,0.000509560334448711
11367800,0.0036100837846797518,-0.4155284289653254,-0.0018980211996242335,-0.41622198839398683,-0.030136630927237062,-0.44041953057554917,1112.567,1,1,0.1530545713942876,False,0.1<DOR<=0.5,dam,-0.005508104984303985,-0.0006935594286614499
11517500,0.7219201179022998,0.7001480912628548,0.7190606210465286,0.6980936749711883,0.7301296682330827,0.7150094247640693,2047.286,2,1,0.364256992772229,False,0.1<DOR<=0.5,,-0.0028594968557712486,-0.002054416291666472
11519500,0.7684452107073129,0.792442347191862,0.7614684126665119,0.7905955844060759,0.7548816358329344,0.7801603659921836,1713.614,0,0,0.0,False,none,control,-0.00697679804080098,-0.0018467627857861046
11522500,0.7840021900168723,0.7622314236171598,0.7768262831136299,0.7591004139557191,0.7919119200543222,0.7717406621099562,1943.12,0,0,0.0,False,none,control,-0.007175906903242435,-0.0031310096614406424
11523200,0.4252441417579679,0.5413993350310076,0.4221843893748769,0.538814409881786,0.4272493027863117,0.6018255838593427,382.9356,0,0,0.0,False,none,control,-0.0030597523830909745,-0.0025849251492215952
11525500,0.09952355050759365,0.2236339462912178,0.16785597813054165,0.2209383097373231,0.08461043438543547,0.24690985460614634,1861.691,2,2,3.628436424569143,True,DOR>0.5,dam,0.068332427622948,-0.002695636553894709
11527000,0.6917373269859701,0.8171619173761839,0.6948174461526164,0.7989617663560908,0.6302777460860245,0.8092505339749837,3727.024,3,2,1.5666560634485385,False,DOR>0.5,dam,0.0030801191666463,-0.01820015102009309
11374000,0.7786719459894383,0.8039538038881268,0.7739122014177673,0.8025833653954545,0.7878074756900677,0.8024550944353329,1096.202,0,0,0.0,False,none,control,-0.004759744571671054,-0.0013704384926722657
11379500,0.5175905403519326,0.6477172588717617,0.5272412547200026,0.660180124079887,0.4619881154613019,0.58742731527283,239.7195,0,0,0.0,False,none,control,0.009650714368069968,0.01246286520812534
11383500,0.8729054809969661,0.803086028339336,0.8704032491510756,0.8028863430189954,0.8894012676959584,0.8076275379609259,539.7753,0,0,0.0,False,none,control,-0.00250223184589049,-0.00019968532034053688
11390000,0.8333809955400646,0.8100937656170236,0.8236639602901044,0.8075229273059069,0.8419484856823631,0.824119415164505,383.3298,0,0,0.0,False,DOR<=0.1,control,-0.00971703524996026,-0.0025708383111167077
11396200,0.6959063655787536,0.4371764764993177,0.6847634994708491,0.4321909712444104,0.7114043627494657,0.3779879994685056,226.5903,5,1,1.295808221825775,True,DOR>0.5,dam,-0.011142866107904492,-0.004985505254907263
11403800,-0.11825297836549242,0.42019041048825434,-0.12282876949380217,0.4196992707737437,-0.2091888736152947,0.41666087585848155,4862.734,10,5,1.1098750305001617,False,DOR>0.5,,-0.0045757911283097474,-0.0004911397145106466
11404330,0.5036763783112113,-0.15042059827011278,0.502186863239952,-0.1503952643514186,0.522759429643627,-0.17486763696480145,5052.004,13,5,2.3503700172088524,True,DOR>0.5,,-0.001489515071259273,2.5333918694192548e-05
11404500,0.4801443811289965,-0.15547173069546671,0.47720039482281096,-0.15573079692305836,0.5017235037981271,-0.17930033408888635,5148.672,13,5,2.380312433542964,True,DOR>0.5,,-0.002943986306185531,-0.0002590662275916422
11407000,0.4091327523455073,-0.6271674365654429,0.10387175270162674,-0.7411276554104411,0.3584658092002937,-0.6777199221266872,9380.393,28,11,6.586691770352485,True,DOR>0.5,dam,-0.30526099964388054,-0.11396021884499818
11319500,0.6758289927719614,0.5805740946548834,0.6141589876287517,0.5540763906480349,0.7318496184375736,0.6549962250010158,1419.016,9,4,1.067365418640143,True,DOR>0.5,dam,-0.06167000514320975,-0.026497704006848477
11323500,0.5199340929830618,0.7132077236788898,0.5858947272386748,0.7313212582114923,0.45190097716120536,0.6818674205826981,1626.486,9,4,1.5437997275376878,True,DOR>0.5,dam,0.06596063425561294,0.01811353453260245
11335000,0.8541579804927593,0.7683583098935192,0.8556449450244467,0.7684917219877646,0.8772057753149376,0.78713055720773,1389.417,2,1,0.1117967053477415,True,0.1<DOR<=0.5,,0.0014869645316873958,0.0001334120942454442
11417500,0.7627178482626228,0.6216751708352777,0.7584460773395847,0.6161809004467733,0.7898271884784559,0.6313415752479639,820.4211,4,3,0.5822853944811387,False,DOR>0.5,dam,-0.0042717709230380985,-0.005494270388504363
11418500,0.7824687902924029,0.7034814188607803,0.7727068686964462,0.7017317962792076,0.8218901144428952,0.6760093126862983,218.8314,1,0,0.0500921540851546,False,DOR>0.5,,-0.00976192159595668,-0.0017496225815727406
11421000,0.778130799935674,0.7496653181217814,0.7870742404375458,0.661321136784183,0.7688252910907798,0.7899610279779723,3474.873,14,7,0.841042679783687,False,DOR>0.5,dam,0.008943440501871791,-0.08834418133759836
11424000,0.8093876340391339,0.7977252824031165,0.7472533458764582,0.734319360308463,0.8096349085054396,0.6737532083042428,756.6912,5,2,0.6129612310832769,True,DOR>0.5,dam,-0.062134288162675744,-0.06340592209465346
11427000,0.8911433294602265,0.8576615273897887,0.8905905450006893,0.8565166977901637,0.8915859823376091,0.8595442528171422,883.0899,2,1,0.0358598185308614,True,DOR<=0.1,dam,-0.0005527844595371034,-0.0011448295996250302
11446500,0.5466428626479016,0.7691470599420118,0.7396848709649363,0.8047346955941491,0.4397057481342249,0.7241854969619229,4984.418,19,10,0.6108314035810803,True,DOR>0.5,dam,0.19304200831703466,0.035587635652137295
11451000,0.5965091265825738,0.7718107155200449,0.6637567463142016,0.7885459039048981,0.5679302860534305,0.7708971861377958,1364.252,2,1,1.0812601383313445,True,none,dam,0.06724761973162774,0.016735188384853217
11451100,0.7290877137085234,0.7487817557632888,0.7267195679456229,0.7472487828926369,0.7452451988672673,0.771189459908044,155.0943,0,0,0.0,False,none,control,-0.0023681457629005642,-0.0015329728706519052
11452500,0.8231751903309898,0.7528669300601786,0.817275610553006,0.7210971727657196,0.75267094338757,0.7306905402116348,3011.422,5,2,1.4960221812136567,False,DOR>0.5,dam,-0.005899579777983832,-0.03176975729445897
11454000,0.5067006561792684,0.41994506137276966,0.47571739893918097,0.3900985898680728,0.4916971138947924,0.42090786235378863,1491.096,3,1,4.329156691789599,True,DOR>0.5,dam,-0.030983257240087436,-0.02984647150469688
11458000,0.7420286705455961,0.5524350617555681,0.7378818041440353,0.5444404180531133,0.7340270273674112,0.5742589359297796,566.3358,2,1,0.2251170532454786,False,0.1<DOR<=0.5,,-0.004146866401560811,-0.00799464370245484
11152600,0.7374349193173318,0.7052953104260323,0.7346905620496533,0.70273254903889,0.7595493136460324,0.7986922176784788,94.8186,0,0,0.0,False,none,control,-0.002744357267678521,-0.002562761387142287
11158600,0.6889616290805896,0.47150406540089174,0.6711243116240485,0.4688750659132501,0.7067516518859166,0.41775539474207357,1568.123,2,1,0.8582535729985415,False,DOR>0.5,,-0.017837317456541046,-0.0026289994876416145
11159000,0.8745529954092331,0.8780334616063956,0.8581020296927778,0.866882979467831,0.8773090777158961,0.9273544954022841,3072.379,5,2,0.3247038215360334,False,0.1<DOR<=0.5,,-0.016450965716455324,-0.011150482138564621
11160000,0.7892357869856745,0.8013849086156529,0.7869749506058265,0.7996005523290018,0.8240455867986163,0.8883049529601604,104.373,0,0,0.0,False,none,control,-0.0022608363798480857,-0.0017843562866510787
11176400,0.6432365985060344,0.7595300008703392,0.5988490221023675,0.7313541783693388,0.6703858924440527,0.7362019695514281,338.5611,1,1,3.187873316032676,True,DOR>0.5,dam,-0.04438757640366697,-0.02817582250100037
11176500,0.2158197562648677,-0.10560334403372207,0.28399029673480736,-0.11217165745286639,-0.06299785959532378,-0.4359618563694181,381.6288,1,1,6.481251312008542,True,DOR>0.5,dam,0.06817054046993964,-0.006568313419144323
11176900,0.6491661017799253,0.7723524507952089,0.6505908422342438,0.7738134388297508,0.626415414993772,0.7747788261100161,1044.58,1,1,1.321331544944712,False,DOR>0.5,,0.0014247404543185072,0.0014609880345419768
11179000,0.7461841990817701,0.8329802500975749,0.737797164050084,0.8367413368478533,0.7209615399213944,0.7889043987843378,1638.633,5,3,2.178566319352967,True,DOR>0.5,,-0.00838703503168614,0.0037610867502784195
11180700,0.6879745874165384,0.8084670823302831,0.6614065476713995,0.7876783520827636,0.6987035765475232,0.7133687444130632,1694.78,5,3,2.4906387068423768,False,DOR>0.5,,-0.026568039745138883,-0.020788730247519482
11274500,0.7920569737984412,0.5714409525136073,0.7899947045970472,0.5789532742483741,0.7798224323166648,0.4755305111127469,347.7503,0,0,0.0,False,none,control,-0.0020622692013939625,0.0075123217347667914
11274630,0.5574771446934934,-0.13775438918927163,0.5239722007767742,-0.14666479830408496,0.489228318705336,-0.24044564962121928,187.4375,0,0,0.0,False,none,control,-0.03350494391671921,-0.008910409114813334
11302000,0.2531255211526101,0.4596307493321935,0.3351914200740914,0.4116510925380539,0.25952441964439155,0.5024368904012454,2539.589,13,7,5.133434210046652,True,DOR>0.5,dam,0.0820658989214813,-0.047979656794139625
11303000,0.28908134387165907,0.4577349259503627,0.35398896764246357,0.4138351181740293,0.3061259277778815,0.5290321070892374,2864.942,13,7,4.73168072192171,False,DOR>0.5,dam,0.0649076237708045,-0.0438998077763334
11143200,0.8442316778882513,0.8256790500188105,0.8432786715263314,0.8232801292560233,0.8584161655541778,0.8501239830288705,499.8699,1,0,0.0396237319698212,False,none,,-0.0009530063619198614,-0.002398920762787138
11147500,0.8194631856395869,0.8623809251756709,0.8265552115851209,0.8454093523196324,0.8054992552068793,0.8777562435343159,1007.322,1,1,0.3397973673512384,False,DOR>0.5,,0.007092025945534042,-0.016971572856038453
11148900,0.5725912637651639,0.34265841885643256,0.5821262698335752,0.350849619365312,0.6178640616773889,0.4031903682797293,403.4547,1,0,0.0015913949250536,False,none,,0.00953500606841129,0.008191200508879448
11149400,0.2143091204144365,0.17937459931991606,0.30786062389565916,0.2019103786372407,0.13767903573284734,0.20991100155205822,851.3712,3,1,1.940407040213772,True,DOR>0.5,dam,0.09355150348122265,0.022535779317324645
11149900,0.7643247728282835,0.6935589030744798,0.762044236131677,0.6937353776640824,0.7789559021526391,0.7368431244913481,556.416,0,0,0.0,False,none,control,-0.002280536696606439,0.00017647458960268203
11151300,0.6659685193838608,0.40290751929066415,0.6457332238426841,0.4072191067365448,0.6667418438695507,0.3911943880139017,608.2281,0,0,0.0,False,none,control,-0.020235295541176757,0.004311587445880671
11152000,0.7630028591610483,0.8488706960594452,0.7632054079481599,0.8487816280620674,0.775793044379867,0.8640538352766299,625.1184,0,0,0.0,False,none,control,0.00020254878711167823,-8.906799737784521e-05
11156500,0.7628070298317393,0.788859757940791,0.7622197110001699,0.783446261782242,0.7439150483414583,0.8024132660925076,644.2884,1,1,0.9489143137669748,False,DOR>0.5,dam,-0.0005873188315693723,-0.005413496158549025
11224500,-0.1983212811783115,-0.868899237145649,-0.19171354948897545,-0.8645047352538824,-0.8865468215790202,-1.4876862267009758,247.4352,0,0,0.0,False,none,control,0.006607731689336038,0.0043945018917666
11253310,0.2301742025128608,-0.3404844485863501,0.21586373552133886,-0.34732762081717006,0.1373300953047476,-0.41877374993181604,120.4371,0,0,0.0,False,none,control,-0.014310466991521942,-0.006843172230819983
11123000,0.7715877053847425,0.7574537923815513,0.7711384749479021,0.728569020141127,0.5158631000948657,0.36139934378289906,560.1186,2,1,0.2767317840699618,True,none,dam,-0.00044923043684041986,-0.028884772240424295
11123500,0.863711249460394,0.8841080531257406,0.8619973340930108,0.8978621792544698,0.7417190927578587,0.648750467977828,718.1226,2,1,0.2054786869244073,False,none,dam,-0.0017139153673831897,0.013754126128729172
11124500,0.6448050853570607,0.7239828218988704,0.6446661388761618,0.7270257795203361,0.573571324845056,0.6249594529921065,191.5227,0,0,0.0,False,none,control,-0.00013894648089896044,0.0030429576214656695
11132500,0.6228007477899108,0.7501493800913889,0.6331764736453396,0.7525790673004183,0.6645523084832654,0.8086687460628046,122.0877,0,0,0.0,False,none,control,0.010375725855428786,0.002429687209029474
11133000,0.6034235013535105,0.7544555887799422,0.673769009410231,0.7330766242781204,0.4185658264788159,0.5185451910215613,2043.808,4,2,1.5632550774454896,False,DOR>0.5,dam,0.07034550805672046,-0.021378964501821862
11136800,0.4989658393150942,0.31166704677904633,0.5036137152715947,0.32778882171471824,0.35580625338326677,0.00896372393567979,2277.98,0,0,0.0,False,none,control,0.0046478759565005134,0.016121774935671906
11140000,0.7127241525315082,0.5601010105101529,0.6927238930859045,0.5516210909830717,0.6764093972062837,0.5099833810254133,1220.496,0,0,0.0,False,none,control,-0.020000259445603685,-0.00847991952708127
12039500,0.741275471797903,0.6173783030177916,0.7408725919261802,0.6179892431979007,0.7755205170472135,0.6923785136247405,688.1678,0,0,0.0,False,none,control,-0.0004028798717228277,0.0006109401801090986
12040500,0.7989966817651384,0.6739123489941421,0.8000084365874478,0.6749156560785174,0.819283512736386,0.7137664646799162,1153.437,0,0,0.0,False,none,control,0.0010117548223094186,0.0010033070843753489
12041200,0.7325267483875492,0.6199578271410839,0.736110915473159,0.6222215688273893,0.8162750474146163,0.8629575886661423,655.7967,0,0,0.0,False,none,control,0.003584167085609824,0.002263741686305387
12043000,0.7845137769412612,0.6939810689746619,0.7854244443830343,0.6940466067231488,0.8062165421169032,0.751209950077433,337.185,0,0,0.0,False,none,control,0.0009106674417730387,6.553774848683247e-05
12045500,0.6633073136690987,0.5565321444141555,0.6591826688288719,0.5559368906903861,0.681656089074151,0.5803526486296673,695.3868,0,0,0.0,False,none,,-0.004124644840226788,-0.0005952537237694511
12048000,0.3907133209533189,0.3283381498594824,0.38766637118760416,0.32704139405653354,0.40719500475553905,0.3400967443276568,405.0063,0,0,0.0,False,none,control,-0.003046949765714735,-0.0012967558029488568
12010000,0.8419203232031919,0.7942879772166624,0.8394278846182641,0.7948694921440262,0.8560576787687721,0.859511099345507,142.182,0,0,0.0,False,none,control,-0.0024924385849277586,0.0005815149273638021
12013500,0.8867912566801861,0.8934361540050069,0.8795173855324742,0.893423138833635,0.8756183462317649,0.8873117225479308,337.6854,0,0,0.0,False,none,control,-0.007273871147711941,-1.3015171371866252e-05
12020000,0.6981726124218681,0.7131098207189248,0.6930949680330882,0.7098089119581873,0.7070314474143733,0.7323517549822978,294.2235,0,0,0.0,False,none,control,-0.0050776443887798894,-0.00330090876073752
12025000,0.901843645929513,0.8673870147281811,0.9006793182388622,0.8648239755076249,0.910379478664997,0.9220605064277452,404.9037,0,0,0.0,False,none,control,-0.0011643276906508904,-0.002563039220556229
12026400,0.8471564411673582,0.847968171892425,0.8524177877602147,0.8493328845033907,0.8559148211348394,0.8662405983093472,298.7541,1,1,0.1360019311416358,False,0.1<DOR<=0.5,dam,0.005261346592856486,0.0013647126109657126
12027500,0.8898155329692553,0.9202813472508514,0.8882002803060713,0.9201993391843788,0.8662666223256016,0.9019033146884555,2326.556,1,1,0.016804939315422,False,DOR<=0.1,,-0.0016152526631839637,-8.200806647262748e-05
12031000,0.8981506949909334,0.89607999401778,0.899359270531407,0.8976194107290201,0.8540187640742771,0.8720017007891829,3360.889,1,1,0.0116797597631704,False,DOR<=0.1,,0.0012085755404735998,0.001539416711240027
12036000,0.7157694945705622,0.644033567062412,0.7231221333306301,0.6325348261449666,0.7339663610415508,0.8137932459770818,190.7046,1,1,0.1078854769807624,False,0.1<DOR<=0.5,dam,0.0073526387600679755,-0.011498740917445405
12082500,0.7585704496739683,0.8245330582973834,0.7470400680840295,0.817386635515829,0.7546581224530899,0.8446465873943976,349.9983,0,0,0.0,False,none,control,-0.011530381589938798,-0.007146422781554418
12086500,0.4755293155925785,0.7200019684429294,0.5863713055992454,0.7517237168312692,0.4506369952122974,0.7315313004871227,760.1563,2,1,0.2042989062434186,True,0.1<DOR<=0.5,dam,0.11084199000666695,0.03172174838833974
12089500,0.596815770846381,0.7244885061862869,0.6753111127009535,0.7302724656570159,0.5539227133164456,0.7056824164514022,1366.257,2,1,0.2393327165862734,False,0.1<DOR<=0.5,dam,0.07849534185457241,0.005783959470728961
12092000,0.7176188810939388,0.8453721739836524,0.71325346158492,0.8432294900407374,0.49349021890944034,0.5861591896419718,240.8814,0,0,0.0,False,none,control,-0.004365419509018809,-0.002142683942914947
12093500,0.7218703761073116,0.6596320419492034,0.714304660585053,0.6525892452583808,0.813864468764192,0.8805140184683413,438.0876,0,0,0.0,False,none,control,-0.007565715522258598,-0.007042796690822639
12101500,0.8262904754314894,0.8778615784694307,0.8315636459447059,0.8714310564123384,0.7979517797620344,0.8943882915960782,2448.765,14,14,0.3009020802177246,False,DOR<=0.1,dam,0.0052731705132165185,-0.006430522057092269
12113000,0.7467302354390407,0.8322491639858998,0.8319075704850528,0.8971873237724302,0.5639194008867687,0.6594183116293465,1066.557,2,1,0.0281531058182861,False,0.1<DOR<=0.5,dam,0.0851773350460121,0.06493815978653039
14233500,0.7723023253956303,0.7587560109860608,0.7752169210260145,0.7581648430998383,0.7412269315908675,0.7631702017247933,2652.842,2,1,0.0044662323813381,True,DOR<=0.1,,0.002914595630384209,-0.0005911678862224878
14236200,0.825297044482875,0.8067207329895734,0.8119289664125652,0.8007396542899978,0.8327367710590496,0.8979211630527038,360.9936,0,0,0.0,False,none,control,-0.013368078070309819,-0.005981078699575537
14238000,0.2973182006028703,0.6577558140870154,0.7132454869884544,0.8477487717146428,0.1530047659094893,0.5922853475161413,3594.313,7,3,0.4118603195308233,True,0.1<DOR<=0.5,dam,0.41592728638558407,0.18999295762762736
14242580,0.8220948040960852,0.8554074533910302,0.8234807284448413,0.8578574011264106,0.806427945595898,0.8185432104625066,1292.231,4,2,0.0551914412143557,False,DOR<=0.1,,0.0013859243487561734,0.002449947735380431
14120000,0.8342393338769813,0.9108730718030689,0.8307723089727693,0.9102800113325779,0.8285380815653829,0.8952351699717772,721.8369,0,0,0.0,False,none,control,-0.003467024904212024,-0.0005930604704910136
14137000,0.8677846281085864,0.9223373688707757,0.8569476484607164,0.9193520671504022,0.8394790196482083,0.8837849054817225,674.2395,0,0,0.0,False,none,control,-0.010836979647870004,-0.002985301720373479
14138850,0.835016584284729,0.7345998504317874,0.8311939529938166,0.735931682413974,0.38305615913526136,0.25399669688328474,124.4574,1,1,0.0933384932779545,True,0.1<DOR<=0.5,dam,-0.003822631290912426,0.0013318319821865598
14140000,0.7265209321355988,0.5689541350008658,0.737004172813287,0.5673170159910947,0.7958929151275436,0.5953469917288265,278.091,2,2,0.120555774002968,True,0.1<DOR<=0.5,dam,0.010483240677688244,-0.0016371190097710375
14140001,0.6495423449999009,0.44571621253334814,0.6600274114833782,0.4449724225383236,0.8534120201728412,0.9206023057002312,278.0101,2,2,0.0863705717171393,True,0.1<DOR<=0.5,dam,0.010485066483477246,-0.0007437899950245574
14142500,0.8836924651551238,0.8098140232691466,0.8837083212777177,0.8137252746571577,0.8788952094828829,0.8692520026723297,1117.501,2,2,0.0303495730312064,False,DOR<=0.1,,1.5856122593915778e-05,0.003911251388011072
14191000,0.9095778358836752,0.9416263594062975,0.9226837520603158,0.928640010056161,0.7915102322017623,0.8748076835106232,18821.76,21,13,0.1117698064787319,False,0.1<DOR<=0.5,,0.013105916176640586,-0.012986349350136428
14203500,0.8657813874894742,0.858495542890661,0.8683545557649679,0.8563790783505902,0.8720803541090993,0.9252798720720281,324.7677,1,1,0.2086495771142952,False,0.1<DOR<=0.5,dam,0.002573168275493698,-0.0021164645400707505
14208700,0.30296733238004403,0.4912754984313028,0.30864810133306486,0.4941187952910684,0.2324442727402316,0.5163939376871336,141.3036,1,1,0.6843801384504767,True,DOR>0.5,dam,0.005680768953020832,0.002843296859765587
14209000,0.5271095609407634,0.6700412165180184,0.5264283204117326,0.6682510648615981,0.6042650326485233,0.7885590604024473,321.0075,3,1,0.1942076233823663,True,0.1<DOR<=0.5,dam,-0.0006812405290308465,-0.001790151656420269
14209500,0.8708364816486894,0.8316100713728922,0.8658336681658598,0.8286279343604107,0.8802565107046618,0.9095375450685559,1266.116,3,1,0.0468853107743011,False,DOR<=0.1,,-0.0050028134828296045,-0.0029821370124815116
14210000,0.8992324286394082,0.8764482279495809,0.8997625675626282,0.8745756634006776,0.8994356062936408,0.9417537511798592,1763.227,7,2,0.0446720828117343,True,DOR<=0.1,dam,0.0005301389232199583,-0.0018725645489032772
14211550,0.6841658264123038,0.6303674014145995,0.6732780939095586,0.6287799498592537,0.6073002968016858,0.5231066725783935,137.3274,0,0,0.0,False,none,,-0.010887732502745218,-0.0015874515553457869
14211720,0.9087549964103192,0.9531740766105048,0.9199526188486808,0.953000619970701,0.7629341006322333,0.8653166392019667,28936.87,40,17,0.0822651567777201,False,0.1<DOR<=0.5,,0.011197622438361643,-0.0001734566398038373
14216500,0.8024432147731203,0.8865688975492525,0.8012842234716303,0.8861182360059233,0.8002240842866039,0.8847748822130976,349.524,0,0,0.0,False,none,control,-0.0011589913014899977,-0.0004506615433291783
14220500,0.7259130880202993,0.8574605399799832,0.6952074326209231,0.8055806650308477,0.6860681176619114,0.8337862782538975,1898.358,4,3,0.4665661024888176,True,0.1<DOR<=0.5,dam,-0.030705655399376197,-0.051879874949135485
14222500,0.8690981171684518,0.926728351995828,0.8646315076494588,0.9240038824397938,0.8785026435226037,0.8999274769085974,323.8893,0,0,0.0,False,none,control,-0.0044666095189929145,-0.002724469556034226
14091500,-0.28226135038994316,0.3296667703029018,-0.2805619356568734,0.33085456034880245,-0.21604666616285462,0.29818935891067766,818.0802,1,1,0.0154524032326468,False,DOR<=0.1,,0.0016994147330697817,0.0011877900459006385
14096850,0.46532135680426967,0.546488971015285,0.4671342531963033,0.5474161652711249,0.4798050262270003,0.5116433886246969,374.6232,0,0,0.0,False,none,control,0.001812896392033636,0.0009271942558398694
14145500,0.42572047380373257,0.562697873169048,0.4681732004572684,0.5656915665167523,0.42417045619821825,0.5632970751327513,1016.985,1,1,0.4200455756615563,True,0.1<DOR<=0.5,dam,0.04245272665353583,0.0029936933477043848
14148000,0.6987337366851518,0.6805234729522823,0.680461708490266,0.656410461497519,0.7303194993582299,0.7096197028428282,2409.197,1,1,0.1678404176985493,False,0.1<DOR<=0.5,dam,-0.018272028194885825,-0.0241130114547633
14151000,0.3846855469451198,0.5792252105915007,0.4479836607039548,0.5941621936824459,0.3800259389711118,0.5788562140109579,481.0788,1,1,0.2782340718544891,True,0.1<DOR<=0.5,dam,0.06329811375883498,0.014936983090945266
14158500,0.6708399323404465,0.7889947106934998,0.6703666403615588,0.7887208451407165,0.6712643644408769,0.8111895517751317,237.0771,1,0,0.0007993597563089,True,none,,-0.00047329197888767993,-0.0002738655527833034
14158850,0.6070875719374882,0.6832795837853343,0.6068233233715259,0.681856888418559,0.5750827895585024,0.6469468461517802,480.1356,3,1,0.0235735606716409,True,DOR<=0.1,,-0.0002642485659622995,-0.0014226953667753062
14159500,0.4075220527348171,0.44559741394096464,0.4340965836708237,0.4547131755832784,0.4199322670038237,0.4606558672677864,539.5959,1,1,0.335186996165081,True,0.1<DOR<=0.5,dam,0.02657453093600659,0.009115761642313758
14162200,0.327853999654383,0.4673684749396704,0.36867526816397045,0.4819837181428014,0.3333408461306956,0.49525548059702396,227.6181,1,1,0.2486112943399027,True,0.1<DOR<=0.5,dam,0.04082126850958745,0.014615243203131012
14162500,0.8014347057801212,0.8445953883786503,0.8058555660197954,0.8403896566870379,0.8027223967126905,0.8701705354141176,2402.694,5,3,0.1032134736250296,False,0.1<DOR<=0.5,,0.00442086023967414,-0.004205731691612424
14163150,0.6974431490192854,0.601501683252311,0.6998178294702827,0.5994661017124407,0.6490433708848506,0.5606878153621082,2668.18,7,3,0.1497569146091591,True,0.1<DOR<=0.5,,0.002374680450997313,-0.002035581539870268
14163900,0.7667428290052996,0.6730553410419869,0.7664630342783063,0.6687392502900142,0.734010094263843,0.6537186432457947,2808.228,7,3,0.1384855979439896,True,0.1<DOR<=0.5,,-0.00027979472699324326,-0.004316090751972701
14178000,0.8273425315939975,0.7955105753803265,0.8245953840657637,0.7942850433180709,0.8312236464460399,0.8387668752502104,557.6805,0,0,0.0,False,none,control,-0.0027471475282337954,-0.0012255320622556187
14181500,0.34808922091304095,0.4719324127809462,0.4557698190311815,0.5096751529990279,0.3775700731814654,0.5355772254928403,1170.957,2,1,0.0930396105635496,True,0.1<DOR<=0.5,dam,0.10768059811814057,0.03774274021808166
14182500,0.8013220800727444,0.8085147236460507,0.7922722317632975,0.8050102802910035,0.8121942591882634,0.8539926284083774,286.8498,0,0,0.0,False,none,control,-0.009049848309446884,-0.003504443355047182
14185000,0.9011427174285798,0.8613588159694139,0.8985182700345956,0.8685052018066908,0.9072920532970055,0.8732188575415014,458.1774,0,0,0.0,False,none,control,-0.002624447393984153,0.007146385837276892
14185900,0.8825046821331655,0.9019766087340432,0.8767551767704092,0.8997419895131978,0.846939047315583,0.8110659148281849,258.1965,0,0,0.0,False,none,control,-0.005749505362756313,-0.0022346192208453353
14187000,0.9012861313622937,0.9077461056147575,0.8979635907747792,0.9055039239746326,0.8516116697149728,0.69712773851896,134.7498,0,0,0.0,False,none,,-0.0033225405875145775,-0.0022421816401249073
14187200,0.6004315439109227,0.7481084228495047,0.7563603216144618,0.752573137014549,0.5404381379256231,0.7720424107203232,1444.943,2,2,0.1056377932159511,False,0.1<DOR<=0.5,dam,0.15592877770353908,0.004464714165044237
11501000,0.8043269359251718,0.8367913996782756,0.8065985612042285,0.8370361093421137,0.7643935496768881,0.8424416017954371,4121.275,2,0,0.0075396468312233,False,none,,0.002271625279056666,0.0002447096638380497
11502500,0.7599200326903605,0.8683870848883403,0.7620206842799224,0.8690916180995842,0.7108002343001885,0.8495572716149362,7820.364,2,0,0.0043366133060692,False,none,,0.0021006515895619637,0.0007045332112439739
11507500,0.4136261809179764,0.691236961093634,0.43499439080884117,0.7003185746355016,0.32967007786758395,0.6608647961710516,9786.505,4,2,0.8456328364409003,True,DOR>0.5,dam,0.021368209890864742,0.00908161354186765
14313500,0.08196175184869536,0.07402714140589595,0.08205856278681023,0.0741180994227264,0.06731232479017413,0.07046979602296943,447.2991,1,1,0.1915990739472245,True,0.1<DOR<=0.5,dam,9.68109381148663e-05,9.095801683045579e-05
14314500,-12.809681386274118,-2.868982455734393,-12.809321610353168,-2.8690832704452247,-20.853550841176492,-3.9492908190739904,107.3304,1,0,0.0062986256380213,True,none,,0.0003597759209501561,-0.00010081471083189797
14316500,0.7013608337803079,0.8133073330905825,0.6992508106142397,0.8134317592059811,0.6758520462299047,0.7722876422223875,1217.343,6,1,0.0123829771434011,False,DOR<=0.1,dam,-0.002110023166068231,0.0001244261153986459
11345500,0.6983363667333683,0.730725114624298,0.7004077150670569,0.7311629903900453,0.6967333145469695,0.7299289745929374,672.2126,2,2,0.7019269057912262,False,DOR>0.5,dam,0.002071348333688605,0.0004378757657472754
10353800,-0.6990280255071077,0.13647366969023,-0.676020289771631,0.14318009222913686,-1.090472641129904,0.0060753039457889235,579.9627,1,0,0.1555302827094453,False,none,,0.023007735735476764,0.006706422538906853
11399500,0.026227840826041238,-0.2138497574600311,0.03362527501554824,-0.19298805519304385,0.03022166921725633,-0.20372159733860618,1284.782,3,2,21.578431624286942,True,DOR>0.5,dam,0.007397434189507002,0.020861702266987248
11400500,0.37588946709427695,0.6418910712023768,0.38861775816663213,0.6478956169938104,0.3696820447368451,0.6487553727216284,168.2442,1,1,0.6670079533299751,True,DOR>0.5,dam,0.01272829107235518,0.006004545791433613
11401112,-0.5925169214899149,0.11320257963731095,-0.5665867001677694,0.12205153094075893,-0.7890290441090777,0.07766936820294656,1582.328,5,3,14.399799042904991,True,DOR>0.5,dam,0.025930221322145508,0.008848951303447983
11402000,0.7278284472713874,0.7154688410173696,0.7102797758228797,0.7088696669889196,0.7347306867752008,0.7621951163190563,475.002,0,0,0.0,False,none,control,-0.01754867144850769,-0.0065991740284500056
11403200,0.29322678844846617,-0.5612227284115026,0.2903413491863437,-0.5627403658423751,0.30653918429671834,-0.609970658874357,4680.449,8,4,3.0633064881518832,True,DOR>0.5,,-0.00288543926212248,-0.0015176374308725205
10296500,0.7935399759186484,0.8055332749691857,0.7937552161068804,0.8056091230686371,0.7957469726415968,0.8072909047889711,632.1213,0,0,0.0,False,none,control,0.00021524018823193547,7.584809945138105e-05
10297500,0.5578375984363253,0.6848765123604632,0.569236355778902,0.6879877410977755,0.5466202302766917,0.6786909811548663,1204.469,2,1,0.3310716133165289,False,none,dam,0.01139875734257667,0.0031112287373122882
10308200,0.36169399698194604,0.21904658708807434,0.36372864999204346,0.22054846630400005,0.4187831671955702,0.27030603362512395,716.4228,0,0,0.0,False,none,control,0.0020346530100974203,0.0015018792159257055
10309000,0.3302756544343939,0.19605381597303106,0.33140168078095555,0.19687972378983865,0.39549384031509704,0.25155009153062347,925.4421,0,0,0.0,False,none,control,0.0011260263465616704,0.0008259078168075806
10310000,0.42788285334193465,0.4147108706920687,0.4296982339367582,0.41564426547390076,0.47544854496473765,0.4595529736429822,169.3294,0,0,0.0,False,DOR>0.5,control,0.0018153805948235568,0.0009333947818320754
10311000,0.396646712533848,0.29915464547438353,0.3959517473411419,0.29896967000877517,0.46786838106262574,0.364838751007599,2294.902,1,0,0.0134807085442527,False,0.1<DOR<=0.5,,-0.0006949651927060652,-0.0001849754656083613
10311300,0.10345767194161515,-0.2967976405573234,0.10303429697498934,-0.29737407905630264,0.12057764329630916,-0.28367615480929986,75.2382,0,0,0.0,False,none,,-0.0004233749666258113,-0.0005764384989792593
10336610,0.5649670857085145,0.5805266322719413,0.5651662118921744,0.5809434351352603,0.5715567390181856,0.6020755217210212,139.6478,0,0,0.0,False,none,control,0.00019912618365991452,0.00041680286331891025
10336780,0.6998873330470212,0.6995528251447862,0.6999026123199603,0.6995370123554128,0.8170978842459313,0.7859275927809403,95.1021,0,0,0.0,False,none,control,1.5279272939094923e-05,-1.5812789373459424e-05
10337500,0.07858762895279814,0.3729799451093989,0.12296484057009816,0.3795497166940107,0.022397367821470615,0.3446247253840843,1312.217,2,1,4.390022902609388,True,DOR>0.5,dam,0.044377211617300016,0.0065697715846118054
10340500,0.249328047183894,0.4753253148069585,0.26434754907421076,0.4834009325789098,0.24684783597913218,0.4875294974903437,138.3831,1,1,0.5054907009732337,True,0.1<DOR<=0.5,dam,0.015019501890316755,0.008075617771951316
10344400,0.4125988242451034,0.4295519158406431,0.41110299161782693,0.4206991097242926,0.41758519962328877,0.43660324778123694,377.4933,1,1,2.0473138005438,True,DOR>0.5,dam,-0.0014958326272764833,-0.008852806116350531
10344500,0.2831113020439272,0.3343363755798958,0.30533401081735334,0.33966949543790514,0.28318018151448443,0.33887492178029344,445.842,2,2,2.1314240766788988,True,DOR>0.5,dam,0.022222708773426136,0.0053331198580093275
10346000,0.7060667032034738,0.690136743718295,0.6904832442233673,0.6656542883456327,0.7144866207262317,0.7286130988929419,2415.852,7,6,1.912968476000029,False,DOR>0.5,dam,-0.01558345898010649,-0.02448245537266236
10348000,0.7459994875141491,0.7481062070051514,0.7295201026478366,0.7185775442805867,0.7491960707456191,0.7838203275384443,2723.68,7,6,2.214303260784648,False,DOR>0.5,dam,-0.016479384866312508,-0.02952866272456467
10348200,0.7391202020108947,0.723117838825402,0.7244794854617389,0.6951908666919904,0.7417033801276123,0.7561403899070079,2762.546,7,6,2.2633263658901988,False,DOR>0.5,dam,-0.014640716549155774,-0.027926972133411665
10349300,0.5956463016172275,0.47545964448712774,0.598354395494733,0.47651953375380673,0.5795027500159544,0.4930651474073956,350.244,2,0,0.0236341427608004,False,none,,0.0027080938775054797,0.0010598892666789927
10350000,0.7652033681449075,0.7600677713874431,0.7573970885814745,0.7328175232545631,0.7648088985323475,0.8058168073971138,3697.635,14,6,1.9053776284878483,False,DOR>0.5,dam,-0.0078062795634330495,-0.027250248132880017
11314500,0.6263459504788194,0.6707121969776929,0.6307013081995578,0.6718584459029618,0.6275924950728576,0.6778025432564336,440.9982,1,1,0.9124670108240902,True,DOR>0.5,dam,0.004355357720738473,0.0011462489252689334
11317000,0.7978148642926078,0.7643504725877391,0.7923077099369886,0.762029427197428,0.836954880392351,0.8812115146161472,177.6699,1,0,0.0313424017244239,False,none,,-0.005507154355619215,-0.002321045390311083
11318500,0.7932632758159304,0.6833489637597944,0.7910987367052865,0.6829309940129877,0.8524991309571496,0.7976641961626687,194.247,0,0,0.0,False,none,control,-0.0021645391106438483,-0.00041796974680663457
11408550,0.0868764043320428,-0.2980710178222836,0.08383942552435963,-0.3003308154558444,0.186342710681764,-0.8260152778616288,103.1778,2,1,3.157938542811435,True,DOR>0.5,,-0.003036978807683166,-0.0022597976335607672
11408880,0.6474154666383654,0.51387804216345,0.6383758504527021,0.5101854483988274,0.7632687617511813,0.5054719442004201,374.3325,3,1,0.600742781047798,True,DOR>0.5,dam,-0.00903961618566329,-0.0036925937646226092
11413000,0.8328623177925575,0.7516436444113717,0.8293724146651463,0.7501690193089021,0.856990910988039,0.8046047728175142,647.7489,0,0,0.0,False,none,control,-0.0034899031274111536,-0.00147462510246954
11414250,0.10693059683211958,-0.7137102080830351,0.10503378244214867,-0.714569158683475,0.16411547027760165,-0.7778748702568576,315.0567,2,2,1.4748282525148797,True,DOR>0.5,dam,-0.0018968143899709133,-0.000858950600439945
11422500,0.6848033450769326,0.4567712371235999,0.681920665977654,0.45453350658640046,0.8046068959752664,0.8044077389834381,270.0774,3,1,0.2462707607758152,True,0.1<DOR<=0.5,dam,-0.00288267909927864,-0.002237730537199445
11427760,0.6275886702050936,0.7730853020132423,0.643832489278565,0.7894375789716167,0.17161447604211244,0.1942543219937718,227.4786,1,1,1.7324894694262147,False,DOR>0.5,dam,0.01624381907347139,0.01635227695837438
11428800,0.2184664833431167,0.12858283051852915,0.23050374380043204,0.13797519839532402,0.32483239481361925,0.18082055137479125,293.8482,2,1,6.189205453903895,True,DOR>0.5,dam,0.012037260457315346,0.009392367876794872
11430000,0.3991914950505099,-0.9741635484830407,0.3981522229675635,-0.9743079593839932,0.6000169725452298,-1.77489230061498,126.4536,2,0,0.0642317059742925,False,DOR>0.5,,-0.0010392720829464075,-0.00014441090095251852
11433300,0.837528924161133,0.8190429995768753,0.8270952137483816,0.8072500507869491,0.8493939566246558,0.9215923585571495,1350.281,6,3,0.4571874220604874,False,DOR>0.5,,-0.010433710412751429,-0.011792948789926205
11439500,0.5817016718357193,0.4513468133521408,0.5813200361321845,0.4511427171590894,0.6063605365149689,0.47010717849414363,499.6917,1,1,0.0320419803120431,False,DOR<=0.1,,-0.00038163570353477727,-0.00020409619305139515
11441002,-0.6631451088341744,-0.21201867004740516,-0.6517538788191584,-0.20768418544428724,-0.6688948530379741,-0.21269118036271406,216.5031,1,1,0.5335981729620276,True,DOR>0.5,,0.011391230015016074,0.004334484603117916
11441900,0.46494172782453913,-0.6033137343322375,0.4765637518697875,-0.6078643625652012,0.517122932744051,-0.6102500437854905,441.7299,4,2,3.583390706199308,True,DOR>0.5,dam,0.01162202404524837,-0.004550628232963705
11443500,0.514052655703165,-1.529711727977039,0.5120803738507834,-1.5365032601356954,0.5399335624178552,-1.593892367501549,1276.72,7,4,2.4088453514617565,True,DOR>0.5,dam,-0.00197228185238163,-0.006791532158656466
11444500,0.5602614517824117,0.4025098937596069,0.5574915008282626,0.3990734556912031,0.603889790443714,0.46020212206369004,1547.231,8,4,0.2567400277518623,True,0.1<DOR<=0.5,dam,-0.002769950954149114,-0.0034364380684037688
10265150,0.5292241057393878,0.7220066279360484,0.5303600308012747,0.722271848735716,0.5296014650821129,0.7217534485679591,186.1785,0,0,0.0,False,none,control,0.0011359250618868666,0.00026522079966762035
10293000,0.5126348323097031,0.5988082489438261,0.5136232880562828,0.5992392321061147,0.5152263983483272,0.6029383348755476,933.3531,3,1,0.4527927566569519,True,0.1<DOR<=0.5,dam,0.0009884557465796862,0.0004309831622886229
10296000,0.787164264194885,0.7838662164022997,0.787371221128559,0.7839262969605882,0.7888342499437666,0.7854229786884918,467.4168,0,0,0.0,False,none,control,0.00020695693367389634,6.008055828854442e-05
11230500,0.723301284979072,0.8102808839598179,0.7233605421359148,0.8102951173653571,0.710090302124865,0.8209947896262065,135.5301,1,0,0.0014765466353313,True,none,,5.9257156842851266e-05,1.4233405539187949e-05
11231500,-0.48822878624805965,-0.33188783109270825,-0.48644336988285986,-0.330047974803904,-0.4738193106637134,-0.31804865868553245,235.6596,1,1,1.05357585392596,True,DOR>0.5,dam,0.001785416365199799,0.0018398562888042314
11231600,0.280789666863856,0.27292906098768077,0.2870825424276753,0.2762152187602557,0.2361641714334074,0.22859420745054915,236.4354,1,1,7.236458141533905,True,DOR>0.5,dam,0.0062928755638193,0.0032861577725749047
11234760,0.718051087187141,0.7144045556657597,0.714493646322748,0.7118450651324914,0.7213091321865968,0.7179591615146346,2600.879,4,3,0.9482519496103092,True,DOR>0.5,dam,-0.0035574408643929134,-0.002559490533268316
11237000,-75.76354963626298,-6.2906972169964,-75.7292321343406,-6.2867442237506515,-113.13623930427893,-8.233456635257715,187.1235,1,1,32.56435273922068,True,DOR>0.5,,0.034317501922373594,0.003952993245748715
11238500,0.13285585165381308,0.2445769919129105,0.13292214954189896,0.24427834097219392,0.12979219163407663,0.2645298413663074,339.0264,3,1,2.7133227701464087,True,DOR>0.5,,6.629788808587556e-05,-0.0002986509407165716
11242000,0.7174801611214913,0.6933525448206741,0.7126048116719398,0.6901123332122743,0.7218384011683394,0.6935570330648126,3358.396,10,6,1.5358762258792469,True,DOR>0.5,dam,-0.00487534944955148,-0.0032402116083998234
11246500,0.6756322555465257,0.6932221921627383,0.67669508060895,0.6931788028993905,0.6930240838811181,0.7177648659113134,335.4471,2,1,0.8706461288438616,False,DOR>0.5,dam,0.0010628250624242774,-4.3389263347792806e-05
11246700,0.3373680141038329,-0.4307493663067088,0.3280616264968115,-0.43467098870946397,0.3166334732819316,-0.4933363496938874,3785.374,13,7,2.99396513839135,True,DOR>0.5,,-0.009306387607021405,-0.003921622402755176
11264500,0.7565634037938234,0.7914361540776883,0.7564052489390066,0.7914818313550598,0.7590354481238133,0.7968648192157528,467.9761,0,0,0.0,False,none,control,-0.00015815485481673885,4.567727737148086e-05
11266500,0.7240940924140222,0.6774102933993746,0.7238707294422406,0.6774603795976119,0.7310081326495697,0.6906425658261812,833.0817,0,0,0.0,False,none,control,-0.00022336297178160436,5.008619823720917e-05
11270900,0.40238709593913724,0.6392194764647068,0.4500004710042692,0.6338719384460243,0.3800440108856168,0.6274090312230814,2749.327,4,2,1.0421606038010809,True,DOR>0.5,dam,0.04761337506513197,-0.005347538018682485
11276500,0.5349233042928622,0.5648688082998126,0.5214968304019243,0.5556203168964926,0.5408597946949233,0.5675516608411765,1179.1,1,1,1.3086101995375627,True,DOR>0.5,dam,-0.013426473890937873,-0.009248491403319958
11276900,0.5050538228450048,0.37953486446201923,0.49435654135177487,0.37377166259097594,0.5312266121466923,0.4164557197454406,1255.07,2,1,0.7891568188299943,True,DOR>0.5,dam,-0.010697281493229904,-0.005763201871043289
11277300,0.14022821313672695,0.08992803462246834,0.1343374329033118,0.0831996010688909,0.1374166236441391,0.07285478674642065,305.1612,1,1,7.818066895907347,True,DOR>0.5,dam,-0.0058907802334151604,-0.00672843355357744
11278000,0.4233998606132444,0.37448174318105976,0.4215259848848403,0.3734163959710016,0.48665140317173927,0.4405579555564182,207.7146,1,1,0.3132192596511688,True,0.1<DOR<=0.5,dam,-0.0018738757284041396,-0.0010653472100581318
11278400,-0.11921335825374912,-0.031347254559432214,-0.12276073336683924,-0.033662328255381846,-0.04236667685342144,0.010587646041626542,610.4933,2,2,0.5452258190093917,False,DOR>0.5,dam,-0.003547375113090112,-0.002315073695949632
11289650,0.5609541769684449,0.5951626535540049,0.49050459021428683,0.5155880560956724,0.5726664941283997,0.6110027872163851,3983.72,10,4,3.377057888152829,True,DOR>0.5,dam,-0.07044958675415802,-0.07957459745833251
11292000,0.6917530444620557,0.8087357751675973,0.6904504318129663,0.8082896555465522,0.6974333741196401,0.8349497382696174,123.3387,1,1,0.1590713937438533,False,0.1<DOR<=0.5,,-0.0013026126490893741,-0.0004461196210451268
11292700,0.34237684367121846,0.23839983420783972,0.33338031984796956,0.23334140484394406,0.3531931354429838,0.19447486672640457,737.3871,3,3,0.8665201332076633,True,DOR>0.5,dam,-0.008996523823248892,-0.005058429363895667
11292900,0.3547821120696114,0.2810415784642112,0.34594440256054815,0.2759053268823062,0.3586752924895411,0.24784358480714086,813.4533,3,3,0.8354395013799557,True,DOR>0.5,dam,-0.008837709509063263,-0.005136251581905005
11294500,0.020112558919798462,-0.030595324053371842,0.01922159600311224,-0.031236839792152304,0.03028292228310514,-0.018984976875857873,427.7592,3,1,0.5843203870203284,True,DOR>0.5,,-0.0008909629166862221,-0.0006415157387804626
11295270,0.3461563895462534,-1.5284764732357519,0.34568504424629,-1.528793439292972,0.3496413954126635,-1.5658228964121697,430.3035,3,1,6.129874483942224,True,DOR>0.5,,-0.00047134529996339936,-0.00031696605722020266
11296500,0.6205702264706962,0.7172441081302481,0.6195352178781571,0.7178384074118878,0.4572801636314727,0.2945294512748726,116.6688,2,1,0.260940576361435,True,0.1<DOR<=0.5,dam,-0.0010350085925390218,0.0005942992816396764
11298000,0.4326317074903758,0.3399900213103777,0.42960897158987077,0.3397417219735881,0.27811896515478773,-0.25518331810806294,173.6649,2,1,0.3504186672901719,True,0.1<DOR<=0.5,dam,-0.003022735900505058,-0.0002482993367896036
11186000,0.4929801872166639,0.37143486576207985,0.4907109193522089,0.37127946558349034,0.4899767911661781,0.3759408512474034,2190.521,0,0,0.0,False,none,,-0.002269267864455027,-0.00015540017858950428
11200800,0.6657223319977296,0.5990405624671233,0.6757774759937023,0.596125660108453,0.7037136137544211,0.621042142881217,214.65,0,0,0.0,False,none,control,0.010055143995972737,-0.0029149023586703127
11214600,-1.6182847976627062,-0.026217922528604554,-1.5977596815799537,-0.021855482407519444,-3.228644160925292,-0.2777201874805195,102.3435,1,1,7.7125377240652515,True,DOR>0.5,dam,0.020525116082752426,0.004362440121085109
11216200,0.4945199220790043,0.47343556171712065,0.4939656729590891,0.47223685591472986,0.4885228686678952,0.35041850245927453,618.2262,2,2,3.9168169688127272,False,DOR>0.5,dam,-0.0005542491199151955,-0.001198705802390787
11216400,-11.207494073357076,-1.4495179775804163,-11.204525620897114,-1.4491173024283417,-11.43348907785945,-1.4764979953328439,341.1387,0,0,0.0,False,none,,0.0029684524599620232,0.00040067515207464766
11218400,0.3411224996061857,0.1931976224967844,0.33745364441506964,0.1910458184952365,0.39768467493574466,0.2509988538021748,1000.967,2,2,1.0350437694521524,False,DOR>0.5,dam,-0.0036688551911160383,-0.002151804001547908
11251000,0.4942504197563061,0.652592746743309,0.46510835143713114,0.6139286311984915,0.4909968505021446,0.6445722992388279,4344.809,14,8,2.4178488963533864,False,DOR>0.5,dam,-0.029142068319174985,-0.03866411554481752
11109600,0.15561915574421759,-0.01778000102002908,0.1530874756044419,-0.018492335649937797,0.16963932694171113,-0.0075020233696643235,963.7974,1,1,3.1469370706906123,False,DOR>0.5,dam,-0.0025316801397756716,-0.0007123346299087174
11046530,0.6941843628334463,0.698755188953081,0.694075909129066,0.6979733763144527,0.7137966838933574,0.7342434611265851,283.8213,0,0,0.0,False,none,,-0.00010845370438028468,-0.0007818126386283097
11085000,0.535303287319921,0.3454778739369917,0.48031956557520994,0.32209772322367636,0.5930243044806687,0.4554651637807845,608.9958,4,3,2.56879331211031,True,DOR>0.5,dam,-0.05498372174471111,-0.02338015071331534
11097000,0.6629582416206589,0.48293691927838467,0.6469339051070966,0.4772181242051955,0.6784332083714406,0.5325155058308277,395.8578,2,1,2.4309667960430983,True,none,dam,-0.016024336513562276,-0.005718795073189176
11101250,0.6346837424878913,0.4212704144010986,0.6355352009209779,0.4209611196646871,0.6161577798784834,0.4361209414023228,237.2832,2,0,0.0216677684373006,False,none,,0.0008514584330866493,-0.00030929473641150285
11102300,0.502550558889412,0.09105984152256508,0.4989248571535485,0.08589403280928964,0.5290524026671692,0.11817481707049671,326.5812,2,0,0.0089238098192118,False,none,,-0.003625701735863518,-0.005165808713275433
11109800,-0.15872900309556615,-0.19053773963582743,-0.1517925186962814,-0.19832771800122373,-0.19706232213436659,-0.16661737358998452,1093.333,2,2,5.977092831615003,True,DOR>0.5,dam,0.006936484399284737,-0.0077899783653962995
11118500,0.7844902136105265,0.8479854886559438,0.7761332185522699,0.8347394924838442,0.7943701552328871,0.8512759117266462,485.7327,2,1,4.542564649500752,False,DOR>0.5,,-0.0083569950582566,-0.01324599617209965
12134500,0.8343049632054876,0.8915587818584891,0.8346047838025209,0.8939318331675339,0.819177955053126,0.903602459678905,1386.156,0,0,0.0,False,none,control,0.00029982059703326236,0.002373051309044749
12138160,-0.12627613474080057,0.4827863756975801,0.15792596951402604,0.5994595487689987,-0.2040144479027053,0.4488048915263628,243.5454,1,1,0.2769626293562743,False,0.1<DOR<=0.5,,0.2842021042548266,0.11667317307141856
12150800,0.7782518715104196,0.800464675871373,0.7938229285062696,0.8145987120867981,0.6337707261532293,0.7008554962183267,3978.605,4,2,0.0307433269406663,False,DOR<=0.1,,0.01557105699584993,0.014134036215425083
12167000,0.7357548691183631,0.8600444147855855,0.7231289398373355,0.8552898236125825,0.6695541056160725,0.7986411794983292,683.7525,0,0,0.0,False,none,control,-0.01262592928102757,-0.00475459117300292
12175500,0.7345861346283956,0.7520233783306418,0.7322038089142355,0.750908654545493,0.7639764844095502,0.8463942302466084,273.8205,0,0,0.0,False,none,control,-0.002382325714160083,-0.0011147237851487635
12186000,0.7148230077313324,0.7802830632410223,0.7131195242664073,0.7784711034528782,0.7105700829962712,0.8002452414894445,398.4354,0,0,0.0,False,none,control,-0.001703483464925104,-0.0018119597881440797
12189500,0.7983250865394548,0.8798632637434897,0.7915370462407118,0.8787469315675679,0.7707751347218487,0.865153437665704,1855.317,0,0,0.0,False,none,control,-0.0067880402987430255,-0.0011163321759217748
12205000,0.6390307147074832,0.682085101396763,0.6367639365448187,0.6807060605299721,0.6253063727475056,0.7786415737547407,272.4822,0,0,0.0,False,none,control,-0.002266778162664518,-0.0013790408667909704
12451000,0.7257607062032856,0.5766387742077757,0.7244237988321593,0.5759274901516755,0.727200991498648,0.582165419158469,830.5974,0,0,0.0,False,none,control,-0.0013369073711262391,-0.0007112840561001033
12095000,0.8553773003358542,0.8515504869129419,0.8557618960947304,0.8511580612512851,0.8447959575957691,0.8680383308895298,205.8354,0,0,0.0,False,none,,0.0003845957588761717,-0.00039242566165675896
12106700,0.6347929458907997,0.7555364329369723,0.7463467240006075,0.8302912212714905,0.41214836220014694,0.5347242725861223,598.4955,1,1,0.0396798106179364,True,0.1<DOR<=0.5,dam,0.11155377810980782,0.07475478833451821
12112600,0.9065530934341373,0.9064259979185881,0.9070803443728553,0.9066839543513697,0.8744740534513367,0.7779124654794993,173.0518,1,0,0.0124258333385736,False,none,,0.0005272509387180824,0.00025795643278159197
12116500,-0.05601290532664671,0.4860494737647383,0.26190477617222463,0.5966932291805209,-0.1744707265860994,0.4301729901751544,220.0527,2,2,0.7420315614460669,True,DOR>0.5,dam,0.31791768149887134,0.11064375541578264
12117500,0.38994901900544077,0.6648937822314286,0.5253769142228316,0.7138715251842633,0.1339569653963536,0.5214114377821124,337.2732,2,2,0.3456498246755315,False,0.1<DOR<=0.5,dam,0.13542789521739085,0.048977742952834746
12119000,0.6424787057864492,0.810232932624938,0.7354510015158533,0.8450846262751097,0.5142791902066288,0.724866318209563,448.3881,2,2,0.3452221086598159,False,0.1<DOR<=0.5,dam,0.09297229572940413,0.03485169365017171
12121600,0.6731526992634649,0.5128514987607351,0.6754482977787815,0.5052867791330022,-0.18235595999310372,-0.10359388693383442,147.6099,0,0,0.0,False,none,control,0.002295598515316577,-0.007564719627732863
12144500,0.8580962079894574,0.866569618074418,0.8571507028244237,0.8658466519149194,0.8591114706389799,0.8476514822234847,976.8663,2,0,0.0004698184747605,True,none,,-0.0009455051650336666,-0.0007229661594986281
12148500,0.7415005566593149,0.7390172078670566,0.7506175729092562,0.7523261604054219,0.5727029520950068,0.5208646878214733,210.1986,1,1,0.1450092659876452,False,0.1<DOR<=0.5,dam,0.009117016249941323,0.013308952538365282
12149000,0.8183611276789193,0.8413758339185957,0.8176206296447459,0.8414628272572595,0.7744751473955365,0.7896048442399922,1561.414,3,1,0.0224647909229783,False,DOR<=0.1,,-0.0007404980341734202,8.699333866379888e-05
12452800,0.8907955969706686,0.9287326466042761,0.8880418593015873,0.9276892547860291,0.8874703994782273,0.9283133503692498,526.3533,0,0,0.0,False,none,control,-0.0027537376690812687,-0.0010433918182469748
12457000,0.8401028687244398,0.9016617760284389,0.8264413454077898,0.8973834869995763,0.8008302743061213,0.890395190901089,1545.47,0,0,0.0,False,none,,-0.013661523316650048,-0.004278289028862625
12459000,0.8764239256911397,0.9183482918149644,0.8696540038991903,0.9136828987162151,0.8405336615033109,0.8933986868288338,2587.774,0,0,0.0,False,none,control,-0.0067699217919493515,-0.004665393098749249
12462500,0.8863119401542852,0.9401399783348491,0.8814448993558202,0.9377712690722082,0.8507629830813769,0.9209043251861011,3372.32,0,0,0.0,False,none,control,-0.0048670407984650055,-0.002368709262640878
12484500,0.6121035895526776,0.7398145345170499,0.6062894558782017,0.7097351020332296,0.6141780279717084,0.7547388695545934,4139.169,4,3,0.4943473850632398,False,0.1<DOR<=0.5,,-0.005814133674475919,-0.03007943248382028
12488500,0.8315194248557611,0.8038241735752325,0.8301465297158045,0.8043226455690784,0.8277975024681057,0.8092533889940636,205.1703,0,0,0.0,False,none,control,-0.0013728951399566425,0.0004984719938458948
14226500,0.7517322714841099,0.7997580597678633,0.7442425538557954,0.7946740096678324,0.7717981761735913,0.8328554878578847,730.7316,1,0,0.0030118310793394,False,none,,-0.007489717628314518,-0.005084050100030879
14113000,0.8648520026700148,0.8965565586994187,0.8676314417269524,0.8985050257200144,0.8646873974346285,0.9047336443657366,3365.91,1,0,8.782192141919237e-05,False,none,,0.0027794390569375604,0.001948467020595701
14123500,0.8743626291092734,0.9286783620064769,0.8728455086791157,0.9278704743376576,0.8642304915944372,0.9156731149820709,1000.348,0,0,0.0,False,none,control,-0.0015171204301577257,-0.0008078876688193404
14034470,0.6876718838314514,0.7584294110187064,0.6877945187106035,0.7585460535078135,0.6877743941204663,0.7606859494007051,176.229,0,0,0.0,False,none,,0.0001226348791520948,0.00011664248910703279
14034500,0.4349503421642149,0.6818433734827201,0.4309430616001283,0.6799398432764516,0.4318825994322847,0.6825324560810341,251.7876,1,0,0.347407426085571,True,DOR>0.5,,-0.004007280564086613,-0.0019035302062684334
14046000,0.860946979640036,0.7630337101718416,0.8584742808295731,0.7642053050423387,0.8476617598333658,0.7723551141012831,6553.41,2,0,0.0002249493397419,False,none,,-0.002472698810462859,0.0011715948704971169
14046500,0.8841934293896935,0.791975804464417,0.8826055071646273,0.7926523287673638,0.8608904090957449,0.7991695486636614,13313.44,5,0,0.0005286136175761,False,none,,-0.0015879222250662073,0.000676524302946846
14097100,0.8027615083974461,0.8200374621441536,0.8052953514423853,0.8198754117202427,0.8038285587190588,0.8004129591954352,1361.541,0,0,0.0,False,none,control,0.002533843044939199,-0.00016205042391093105
10396000,0.8171067654671756,0.8175210906275948,0.8176580901270287,0.81739235010501,0.8139338045590618,0.8182271543200613,528.894,0,0,0.0,False,none,control,0.0005513246598530808,-0.00012874052258482482
10257550,-0.19775168788636144,-0.40568492989543325,-0.19772134859158186,-0.4040876007137897,-0.1977583490336936,-0.40224814250712093,682.4295,0,0,0.0,False,none,,3.0339294779579973e-05,0.0015973291816435697
10258500,0.2721427709965647,0.605610439755006,0.2676222499012876,0.6046087227575638,-0.5237889724327309,0.3261187241205338,241.5123,0,0,0.0,False,none,control,-0.004520521095277119,-0.0010017169974421147
10260500,0.46987803525148697,0.22213363605072134,0.4685058263751505,0.22040586899775128,0.49051163474397474,0.24488690924320455,349.2297,1,1,0.9768124065019068,False,DOR>0.5,,-0.0013722088763364892,-0.001727767052970064
10260950,0.4287374930841844,0.10368464984989922,0.4193795043979389,0.10009789586259132,0.4328734051100328,0.11136157740668462,175.0671,1,1,3.679884631756402,False,none,dam,-0.009357988686245489,-0.0035867539873079
10261500,0.7771112183236856,0.6022321048746853,0.7700942245674312,0.5655080188316938,0.7875085254741674,0.5649219526946361,1355.905,3,3,10.925239091418488,False,DOR>0.5,dam,-0.007016993756254419,-0.03672408604299149
11043000,0.7552802775653826,0.4629326004785109,0.756963849295968,0.46031928009837875,0.7865320697528968,0.5052802655279491,572.4594,1,1,2.9841890569700427,False,DOR>0.5,,0.0016835717305854203,-0.002613320380132178
11044000,0.7537064572843546,0.6598410558809982,0.7659614621119821,0.6752505271216317,0.7797484796202465,0.7370762868965989,1519.51,2,2,4.88627043839848,False,DOR>0.5,dam,0.012255004827627536,0.015409471240633521
11044300,0.6271883413202339,0.4775563792553458,0.6426379350249647,0.49198128452864764,0.6497790315415375,0.5422266427720688,1603.53,2,2,3.9759150194048303,False,DOR>0.5,,0.015449593704730757,0.014424905273301869
11051500,0.23639549155223472,0.22399568907610434,0.23019567691311071,0.20034924639942964,0.22793898404455526,0.23038541321332462,542.2689,2,2,9.454230754630228,True,DOR>0.5,,-0.006199814639124002,-0.023646442676674706
11062000,0.4278405354426421,0.3167099474426709,0.4276829718061448,0.31660077810910026,0.5654147272329633,0.49663718383564703,119.7252,0,0,0.0,False,none,control,-0.00015756363649732652,-0.00010916933357063563
11062001,0.35155497172672323,0.17034044277114468,0.35140994438919415,0.17024938634186126,0.5371522125327945,0.4401446570931452,119.7252,0,0,0.0,False,none,control,-0.00014502733752908004,-9.105642928342039e-05
11063510,0.22105632293776023,0.13279546913918971,0.22282306147946596,0.13450965413888483,0.22264139365732882,0.13642790207314237,144.5151,0,0,0.0,False,none,control,0.0017667385417057258,0.001714184999695112
11066460,0.5235434974590873,0.2761507283073146,0.5049794092965165,0.2647807626927605,0.5763113223895564,0.34331916458425904,2136.074,3,2,1.9528537306239395,False,DOR>0.5,,-0.018564088162570824,-0.011369965614554056
11073495,0.544442040425082,0.2737144012254231,0.545298043900045,0.2740449931565131,0.5510989510820776,0.2955650550400758,208.2339,1,0,0.0080238473977286,False,none,,0.0008560034749629519,0.0003305919310899741
11014000,0.4773827256065326,0.5607620137612593,0.48484467758856664,0.5601691614189336,0.4334706518334053,0.6556151381143955,181.8081,0,0,0.0,False,none,,0.007461951982034032,-0.0005928523423257559
11015000,0.6786140462068083,0.7259940587814915,0.6772091952117908,0.7354555931378339,0.6610570360419952,0.7750520933724372,117.7605,1,0,0.2348242714540506,True,none,,-0.0014048509950175259,0.00946153435634245
11022480,0.7285003933793611,0.679901458287645,0.7251612013856212,0.6755882418043162,0.7367470488417798,0.3133146902566779,953.5824,2,2,26.38231453901735,False,DOR>0.5,dam,-0.0033391919937398873,-0.00431321648332883
11023000,0.7867920210136682,0.6969171236560011,0.7839741321723425,0.6748552742607947,0.8085015198423761,0.673863739813662,1110.952,2,2,15.619243641495263,False,DOR>0.5,dam,-0.002817888841325722,-0.02206184939520639
11025500,0.5846647218918237,0.2480950105703893,0.5921015204732204,0.24784458128403342,0.668009996292123,0.025230742945782203,288.747,1,1,6.497576951450914,False,DOR>0.5,dam,0.007436798581396675,-0.0002504292863558799
11028500,0.5104987272837819,0.13796760053222745,0.4977027213933559,0.13293830356262537,0.15413419120759864,-0.3073942217318537,146.3067,0,0,0.0,False,none,control,-0.012796005890425954,-0.005029296969602082
12448500,0.8808993613046483,0.8919034510277157,0.8818130030016273,0.8927331823547489,0.8825331720426874,0.8942297386980925,2683.633,0,0,0.0,False,none,,0.0009136416969790506,0.000829731327033123
12448998,0.7750645130593599,0.6737119821848196,0.7747693325671039,0.6736040340188482,0.7735274982549534,0.6702692422224386,632.7072,0,0,0.0,False,none,,-0.0002951804922559642,-0.00010794816597148316
12449950,0.8920700683613214,0.9020062481095188,0.8921690034458263,0.901998311836233,0.8901168052128439,0.8992486610856624,4644.765,3,0,0.0001648752785918,False,none,,9.893508450486976e-05,-7.936273285769069e-06
12452500,0.19030994394978729,0.502677187599637,0.20210579647902727,0.5040561806937653,0.14292250716824295,0.48710519246420936,2414.854,2,1,0.4505746733962241,True,0.1<DOR<=0.5,dam,0.01179585252923998,0.0013789930941283668
12465000,0.4737722204235574,0.27793263019462267,0.4597000929096011,0.2550760153764241,0.42358094826040404,0.28412292978275655,2707.411,0,0,0.0,False,none,control,-0.014072127513956256,-0.022856614818198562
13351000,0.8601295007093316,0.8150979268398296,0.8297627826100927,0.7750260272178782,0.7531077770145423,0.8548283741155074,6378.825,3,0,0.0175910877949507,False,none,,-0.030366718099238854,-0.04007189962195146
14015000,0.7268647973324154,0.7031103943094563,0.7242767882950538,0.7022419579219813,0.7209007823616917,0.6957809229075427,249.9192,1,0,0.0588647641426494,True,none,,-0.0025880090373615605,-0.0008684363874750245
14018500,0.6509981399457925,0.8139005597705777,0.6587931230868425,0.8142944858442153,0.6170254813294387,0.8042840762761957,4294.051,1,0,0.0077708654784908,False,none,,0.007794983141049983,0.0003939260736375294
14020000,0.7744902120847396,0.7427396710387442,0.7700707455450189,0.7408190354497312,0.7878650074956386,0.7748691663585118,341.4267,0,0,0.0,False,none,control,-0.004419466539720696,-0.001920635589013009
14033500,0.799145593740601,0.8652198025476175,0.8011454626975367,0.8661142174643036,0.7004354287054355,0.8230685641573356,5971.813,2,1,0.1817928800678239,True,0.1<DOR<=0.5,,0.001999868956935713,0.0008944149166860704
13331500,0.8940308336390925,0.8480789876906162,0.8926219449959041,0.8480840107062283,0.8924822371050954,0.8527648850594246,618.9291,0,0,0.0,False,none,control,-0.001408888643188444,5.0230156121156e-06
14044000,0.8304282802198424,0.6985927110248822,0.8309075863496581,0.6998460472576924,0.8332732413177104,0.7116484563170922,1354.981,1,0,0.0001706843357107,False,none,,0.0004793061298157264,0.0012533362328102093
13215000,0.3246733121359897,0.42511284838526475,0.3435370913201975,0.4334624090840804,0.315865693867173,0.4208519116084104,2786.962,5,1,1.2637975735062457,True,DOR>0.5,dam,0.018863779184207785,0.00834956069881565
13217500,0.3933687675156935,0.5616535762650574,0.3960518269684713,0.5623986743559702,0.39101022757430137,0.5635924782633221,1157.341,1,1,0.5636288961438167,True,DOR>0.5,dam,0.002683059452777803,0.0007450980909128324
10352500,-0.1388362285022009,0.41150801478438803,0.024030405807702993,0.4798766263821471,-0.3099415220469033,0.3392808574463376,582.8922,0,0,0.0,False,none,control,0.1628666343099039,0.06836861159775909
13181000,0.7376919830383672,0.5996260751945454,0.7206767795865745,0.5877618885187172,0.7135629802420271,0.6112346809709253,19916.13,26,2,0.3432201407801402,False,0.1<DOR<=0.5,,-0.01701520345179275,-0.011864186675828114
10321950,0.5504354884565941,0.5240354030008985,0.415924162947807,0.4930812338474774,0.3100275201973508,0.460458429051671,882.6318,0,0,0.0,False,none,,-0.13451132550878708,-0.030954169153421085
10322150,0.028109432652116406,0.4102548389675835,0.019774333527633914,0.40818663332592287,-0.08692173493177902,0.3860037310088287,116.5977,0,0,0.0,False,none,,-0.008335099124482492,-0.0020682056416606587
10324500,0.6378043764968965,0.6822029033371834,0.6395552531983499,0.6714714476239918,0.4860321942325406,0.6743711395906,2228.59,1,0,0.1730927751813207,False,none,,0.0017508767014534632,-0.010731455713191562
10329000,-0.48807646819941986,0.36707248368633993,-0.49101005389666397,0.36723912764651356,-0.5092437339257005,0.355785070021168,2571.365,1,1,2.8081184206429666,False,DOR>0.5,dam,-0.002933585697244112,0.00016664396017362915
10329500,0.7260690551644037,0.8394570967289466,0.7106487718055181,0.8368916244690119,0.6934918007812827,0.8474399766013094,454.5207,0,0,0.0,False,none,control,-0.015420283358885567,-0.0025654722599347535
12409000,0.8062640749768349,0.6174696724234419,0.8057401878036252,0.6176449152950338,0.8039882439095987,0.6312761894237919,2601.777,2,0,0.0238900376268864,True,none,,-0.000523887173209725,0.00017524287159198515
12395000,0.8007561691981528,0.8166271132314739,0.8036338705022246,0.817752737512217,0.775132307175989,0.8077964144840264,2459.905,1,1,0.0628631268399235,False,none,dam,0.0028777013040717225,0.0011256242807431427
12413000,0.8158896658760075,0.8164934704251522,0.820259581317029,0.8206065812269141,0.8178912334821986,0.8269762863159316,2325.166,0,0,0.0,False,none,control,0.004369915441021499,0.00411311080176191
12413470,0.8460059860618826,0.7817054395714942,0.8442087337626278,0.7820782456213397,0.8506762774466992,0.788653461073492,738.004,0,0,0.0,False,none,,-0.001797252299254759,0.0003728060498454644
12413500,0.8271352096283557,0.7811951883422465,0.8310760661438595,0.7850667272829037,0.8293567070741231,0.7983434058978551,3127.093,0,0,0.0,False,none,,0.003940856515503799,0.003871538940657171
12422500,0.8236442715253763,0.9020586442913402,0.8131238868150952,0.89683712738148,0.7334023951335138,0.8584735649554619,11100.44,6,4,0.0640579695444028,True,DOR<=0.1,dam,-0.010520384710281161,-0.005221516909860169
12424000,0.7688497458039416,0.840922000719854,0.7620542689289528,0.8215711323610776,0.7407822785122691,0.8497479819461541,1785.244,0,0,0.0,False,none,control,-0.006795476874988826,-0.01935086835877642
12431000,0.8918426789021662,0.8538671322710396,0.8921426402976855,0.85429778284273,0.8913073827118295,0.8581502639083232,2121.289,3,0,0.0028882216473455,False,none,,0.00029996139551935475,0.0004306505716903386
12433000,0.8359378991103703,0.9123431455105119,0.8309892574241098,0.9099965508175507,0.7497632110047171,0.87154237903456,16019.22,11,5,0.0760769173132802,True,DOR<=0.1,dam,-0.004948641686260524,-0.002346594692961168
12433200,0.7559260914085723,0.7174361120859281,0.7549647186896049,0.7175875375025201,0.7562339797473808,0.7288998654502983,468.6498,0,0,0.0,False,none,,-0.000961372718967346,0.00015142541659207698
12414500,0.9185478524554852,0.9025359567417401,0.9232635010120857,0.9043005953060363,0.9245924962553411,0.9026706407894413,2678.972,0,0,0.0,False,none,control,0.004715648556600449,0.001764638564296206
12414900,0.5504676310281695,0.4295168531789275,0.5542580191602837,0.43074813418451674,0.558717458530692,0.43289726271328954,705.7197,0,0,0.0,False,none,control,0.0037903881321141863,0.0012312810055892243
13333000,0.9345002477584026,0.8954169779948005,0.9329627028901731,0.8953533199134227,0.9262548682958146,0.9009243498752821,8556.385,1,1,0.0236382929055476,False,DOR<=0.1,,-0.0015375448682294346,-6.365808137775986e-05
13338500,0.8864847357361987,0.8683602903672099,0.8869479165764563,0.8680511073399226,0.8815281081108524,0.8591163442111295,3027.002,0,0,0.0,False,none,control,0.0004631808402576487,-0.0003091830272872187
13339500,0.8700932549363902,0.8556137005770363,0.87021700642147,0.8557309235379613,0.8702383720545694,0.8564542659328236,625.491,0,0,0.0,False,none,control,0.00012375148507981493,0.00011722296092497864
13340000,0.9441721784068707,0.9117626730502231,0.944232336328126,0.9126827823219539,0.936363078607707,0.9141043492895665,14268.92,0,0,0.0,False,none,control,6.0157921255243885e-05,0.0009201092717308068
13341050,0.7743445744521595,0.8381523907441261,0.8279164724461943,0.9070114159500123,0.7601927079819314,0.8291869990327931,20665.06,2,1,0.3435251729962691,False,0.1<DOR<=0.5,,0.05357189799403472,0.06885902520588627
13342500,0.7941040531279085,0.8566041867776694,0.8389027999520273,0.9092170710165758,0.7794938770990337,0.846104721925689,24064.79,3,1,0.3292687983299609,False,0.1<DOR<=0.5,,0.044798746824118774,0.05261288423890642
13345000,0.8638620585435945,0.8770092929675716,0.863511950405395,0.8795878631492273,0.8527219004621369,0.8359483554407701,818.1477,0,0,0.0,False,none,control,-0.00035010813819957853,0.0025785701816557483
13239000,0.608798551908301,0.42580409367180916,0.6093142321842739,0.42665358424232536,0.6472419856213444,0.5022000058099896,375.6537,2,1,0.1662530340778012,True,none,dam,0.0005156802759729295,0.0008494905705161981
13240000,0.8021546852962936,0.7296353828184547,0.8035894863273136,0.73589412366926,0.7493672266662326,0.6282210540275307,125.5698,1,1,0.1046241401212094,True,none,dam,0.0014348010310200054,0.0062587408508052444
13258500,0.8620815270647403,0.9061054583296037,0.8611258511448283,0.9056530363947632,0.8566872881447642,0.9007572835321829,1540.317,1,1,0.0217799836308855,False,none,,-0.0009556759199119691,-0.00045242193484040794
13292000,0.8551831190127243,0.834295993949324,0.854540317776652,0.834178726772699,0.8575186746004835,0.8513890022295943,1622.087,0,0,0.0,False,none,control,-0.000642801236072299,-0.00011726717662496888
13310700,0.8478052621569697,0.7439011149123312,0.8461373895337564,0.7438269752029327,0.8483223000107848,0.7481437817859471,853.1325,0,0,0.0,False,none,,-0.001667872623213329,-7.4139709398513e-05
13313000,0.8128599449398262,0.7689506036246617,0.812523744723789,0.7687904837051688,0.8162966367284494,0.7720730053071635,561.9358,0,0,0.0,False,none,control,-0.00033620021603719685,-0.00016011991949294035
13316500,0.9024635182002317,0.9202208850480292,0.9011353680375249,0.9198484800512673,0.9034047070241848,0.9210757936962493,1492.905,0,0,0.0,False,none,control,-0.0013281501627068204,-0.0003724049967619436
13317000,0.9301345569275478,0.8416733563782866,0.9311416241741435,0.8440519644984287,0.9268704356933977,0.8505868862212612,34780.62,5,0,5.0002408575563166e-05,False,none,,0.0010070672465957164,0.0023786081201421228
13159800,0.20080770558249184,0.6226593112561061,0.20336660704253284,0.623736624569556,-0.12687133602655876,0.4126865697807036,184.2651,1,0,0.1426908395917914,False,none,,0.0025589014600410076,0.0010773133134499568
13185000,0.7275031870266145,0.5405189175957827,0.7283467970922,0.5409727803127465,0.7319757215988762,0.5449614256059726,2154.389,0,0,0.0,False,none,control,0.0008436100655854206,0.0004538627169637932
13186000,0.6922361985455945,0.5535891955936063,0.6933408989489498,0.5539678753155886,0.6973894038190552,0.5563386817373284,1660.134,0,0,0.0,False,none,control,0.0011047004033553076,0.00037867972198224464
13190500,0.4028440138818785,0.5003947764340644,0.421765366877218,0.49087954898085984,0.4024329613774591,0.5031832460449177,2532.608,3,2,0.7636101697594234,True,DOR>0.5,dam,0.01892135299533948,-0.009515227453204544
13200000,0.7790865473941995,0.5629556302684844,0.7782437837381727,0.563009348469524,0.7796801763531707,0.5644173954791014,1028.84,0,0,0.0,False,none,control,-0.0008427636560267571,5.371820103960978e-05
13202000,0.4052926074114256,0.48995723591371065,0.42601758297558945,0.46692587869457836,0.4029642684254888,0.4930005326046941,6959.264,7,4,0.5729318253109437,True,DOR>0.5,dam,0.02072497556416386,-0.023031357219132298
13206000,0.1616970812588302,0.3711227838919867,0.19656386246712831,0.3624047609389648,0.15581749339892081,0.36726279614622814,7182.155,10,4,1.2758631191177745,False,DOR>0.5,dam,0.034866781208298114,-0.008718022953021931
13235000,0.8658328677645931,0.7725459013800051,0.8637807622669781,0.7726380242607452,0.8638891100956941,0.7743546390544271,1163.229,0,0,0.0,False,none,control,-0.002052105497615031,9.212288074011976e-05
13236500,0.2729937259255668,0.487622271508508,0.28002404253971724,0.49091298804587846,0.2476612213183893,0.5323507238916276,283.6323,1,1,0.9231545877473788,True,DOR>0.5,dam,0.007030316614150434,0.0032907165373704528
13245000,0.1908788861175582,0.3790892679016816,0.19893472513329624,0.38079611235261634,0.20089144968288253,0.45593564743722836,1593.936,4,3,1.0667730396146728,True,DOR>0.5,dam,0.008055839015738031,0.0017068444509347191
13246000,0.42949618130208944,0.462990851612444,0.4335733681925248,0.4625472372330489,0.5051804853726964,0.5700287506568553,2392.131,5,3,0.8295894295418378,False,DOR>0.5,dam,0.004077186890435347,-0.0004436143793951075
13247500,0.7578885300545952,0.639972010747317,0.7582627128555961,0.6389432197785256,0.8037386983929735,0.7141512438016182,5743.841,7,4,0.4079530898916755,True,0.1<DOR<=0.5,,0.0003741828010008774,-0.001028790968791382
13249500,0.8083431824850299,0.7248073018743066,0.8089336323579384,0.7234341243300326,0.82603465635023,0.7823731587471587,7067.407,9,5,0.4818802891667459,True,0.1<DOR<=0.5,dam,0.0005904498729084606,-0.001373177544274018
13266000,0.8275093567954698,0.892514794327439,0.8272721833701322,0.8918346300021954,0.8071463530023879,0.8678587200818423,3751.663,2,2,0.0870910058682095,False,none,,-0.0002371734253375779,-0.0006801643252435374
13161500,0.9054768020996838,0.9123966238488795,0.9050737118941007,0.9120087263787758,0.9031158021549287,0.9165436259447372,986.1309,1,0,0.0042966111226799,False,none,,-0.00040309020558315645,-0.0003878974701037041
13168500,0.9134795528003221,0.9218576513901271,0.9135597526222421,0.9216723181592875,0.8976444646150321,0.919786354748517,6958.448,3,0,0.020624376481147,False,none,,8.019982191997954e-05,-0.00018533323083957942
10315500,0.8660719858754118,0.8790186820803794,0.8692306468435423,0.8804505025998816,0.8581358379968591,0.875458138104361,1011.985,0,0,0.0,False,none,control,0.0031586609681305555,0.0014318205195021916
10319900,0.7899446339053854,0.5577764102466396,0.7903648942571877,0.5559216705330486,0.7808512315101352,0.562304640124665,2323.432,0,0,0.0,False,none,,0.00042026035180231514,-0.0018547397135909582
10320000,0.7736474682794283,0.6028484379210426,0.7788754831642666,0.6010368483376152,0.757104524621595,0.6072043329843253,2880.948,1,1,0.4599819225725783,False,0.1<DOR<=0.5,,0.005228014884838261,-0.0018115895834274198
13105000,0.7189437869269419,0.6767591160767165,0.7182897051070746,0.676483458696522,0.7152323939075904,0.6777553237881588,3629.59,2,0,0.0049960856668824,False,none,,-0.0006540818198673692,-0.0002756573801944162
13174500,0.30037128055529105,0.2319747354647731,0.30016541337130376,0.23065743774787362,0.30030299504028624,0.23231675173176491,527.5683,1,1,2.587409504941689,True,DOR>0.5,dam,-0.0002058671839872961,-0.0013172977168994793
09409100,0.6142149371350121,0.4740684860767602,0.6154678292474309,0.4748395089925589,0.6153154585095189,0.4799580828302581,284.1237,3,1,1.4536604039891483,True,none,,0.0012528921124188575,0.0007710229157986692
09409880,0.6264101277025109,0.7621540027488635,0.6290092457827257,0.7633204345740983,0.635397544226848,0.7742601778493094,694.746,3,1,0.5676414227138908,False,none,,0.002599118080214735,0.0011664318252347927
09413000,0.6018943647164412,0.3427344235003278,0.6940268506340108,0.36918395670202275,0.518395615564688,0.31488464043616216,1390.245,5,2,1.6185137322897836,False,DOR>0.5,,0.09213248591756962,0.026449533201694964
09413200,0.579106899195263,0.3300871217987874,0.5772989361673325,0.3362186899092918,0.5634139368516985,0.317460992060112,9975.043,17,4,1.0387188692566864,False,0.1<DOR<=0.5,,-0.0018079630279305148,0.006131568110504415
09424450,0.2785034174738701,0.14588681431291084,0.2727291812262407,0.1348909574991215,0.2942725847612001,0.1731919601953522,7103.327,1,0,0.0013828364880627,False,none,,-0.005774236247629405,-0.01099585681378934
09424900,0.5473875522328158,0.40996882839780857,0.5186492456590279,0.3995351676930574,0.3847380216675337,0.35865446240392185,2927.177,0,0,0.0,False,none,,-0.028738306573787842,-0.010433660704751158
09426000,0.3450891670637378,0.3952573301964043,0.46165472353148174,0.39494375301193907,0.14259776617711384,0.3414024132617298,11992.04,2,1,21.19277322978295,True,none,dam,0.11656555646774391,-0.0003135771844652302
09535100,-0.004248263529355922,-0.7066101181200313,-0.004248321321477455,-0.7065837586001937,-0.0046172406885833794,-0.7294796161089239,1482.933,0,0,0.0,False,none,,-5.779212153278479e-08,2.6359519837537704e-05
12301300,0.8655166956282511,0.8395779371065587,0.8651307351629479,0.8394969010689985,0.8637486914633589,0.8379803984292702,1084.973,1,0,0.0154104633400386,False,none,,-0.00038596046530314787,-8.103603756015598e-05
12302055,0.8008968372717526,0.8125771866864184,0.8007102630206802,0.8121349293797788,0.797178750968103,0.8097583108026499,2185.286,0,0,0.0,False,none,control,-0.00018657425107249104,-0.00044225730663960405
12389500,0.889488828364549,0.8186817176554175,0.8884482200479619,0.8187848549499591,0.8895256294570335,0.8332772061670637,1651.865,0,0,0.0,False,none,control,-0.0010406083165871438,0.00010313729454158871
12411000,0.780019493529551,0.86094135312145,0.7795816402003399,0.8621255130349508,0.7759253893156304,0.8639876523731933,867.4833,0,0,0.0,False,none,control,-0.0004378533292110909,0.0011841599135007375
12352500,0.9157380842400757,0.8816479156874082,0.9132988871257953,0.8814192832631194,0.8996109693573331,0.8957881290392665,7249.828,5,2,0.0457317972499307,False,DOR<=0.1,,-0.0024391971142804225,-0.00022863242428883268
12353000,0.9484113774435783,0.9445986661529728,0.9470740383128593,0.9448254210620158,0.9366285847482628,0.9508746995917366,23353.03,17,4,0.0359574734485582,False,DOR<=0.1,,-0.0013373391307189841,0.00022675490904300322
12354500,0.9513285531269111,0.9725034295596983,0.9505265756880841,0.9726676569989515,0.9357736195733447,0.9677685670030427,27819.99,18,4,0.0272906976471041,False,DOR<=0.1,,-0.0008019774388270395,0.00016422743925326166
13336500,0.9412835430815998,0.936066622986562,0.9396581470460219,0.9367727769828098,0.9377035100308473,0.9386990063231924,4959.467,0,0,0.0,False,none,control,-0.0016253960355778752,0.0007061539962478491
13337000,0.9306565967431601,0.8658514392616914,0.9300988360557837,0.8659071125838314,0.9268020085446412,0.86518797738289,3053.417,0,0,0.0,False,none,control,-0.0005577606873764518,5.567332213995968e-05
13340600,0.9061151267676912,0.8556226344844312,0.906691919683273,0.8561944152328684,0.9049026708589747,0.857275107905437,3354.622,0,0,0.0,False,none,control,0.0005767929155817697,0.0005717807484372228
12342500,0.6206364495750221,0.5683428106782751,0.6208293087289167,0.5679668528482633,0.6603274383907924,0.6577072303467846,820.0926,1,1,0.1868243392857182,True,0.1<DOR<=0.5,dam,0.00019285915389466446,-0.00037595783001176386
13302500,0.8359500100855561,0.7366594733760989,0.8348204578734095,0.7371698069566963,0.8286122809220163,0.7421123315386442,9709.622,3,0,0.0002302092798293,False,none,,-0.0011295522121466117,0.0005103335805973774
13305000,0.6063493450806988,0.513564020980627,0.6064490253883412,0.5142781233988243,0.607566392366738,0.5179747111051083,2412.171,1,0,0.0002968787404516,False,none,,9.968030764240243e-05,0.0007141024181972488
13120500,0.22403976099730016,0.020191710666219276,0.22408073062037748,0.020211516274379338,0.22753902478199006,0.02185534366140951,1143.906,0,0,0.0,False,none,control,4.096962307731378e-05,1.9805608160061716e-05
13147900,0.9044257779558706,0.805070204653201,0.9041862920238246,0.8044959199662001,0.9054584993519583,0.8076034308754382,645.9073,1,1,0.3158105205124608,True,0.1<DOR<=0.5,dam,-0.0002394859320460352,-0.0005742846870009366
13297355,0.7365332096132835,0.5531686357259497,0.7365195951846619,0.5531713452312179,0.7676203912623438,0.6320630829236755,185.6556,0,0,0.0,False,none,control,-1.3614428621577801e-05,2.709505268261303e-06
13302005,0.3271722054685351,0.3414318011663391,0.3272322418884923,0.3414229578261314,0.3027541393781821,0.34994901980399595,2143.219,1,0,0.0003179129446403,False,none,,6.00364199572212e-05,-8.843340207675965e-06
13083000,0.5994662988543595,0.7682634777884536,0.5999930770924202,0.7684566761071616,0.43229645926846405,0.6574124452367525,133.1838,0,0,0.0,False,none,control,0.0005267782380606878,0.00019319831870800996
13141500,0.7052248177790956,0.7251559266375076,0.7095675148828895,0.7264019029300519,0.693539989783265,0.726111154174268,1624.693,1,1,0.2061457426859554,False,none,,0.004342697103793869,0.001245976292544304
13148500,0.7037320719916509,0.7752445603655311,0.7050464597992286,0.7752960119562959,0.6904066067867705,0.7803732409584743,801.7371,1,1,0.2932914462476635,False,0.1<DOR<=0.5,dam,0.0013143878075777549,5.14515907648061e-05
13078000,0.5180872864697598,0.34243223414587187,0.5187489659096285,0.3425066959256532,0.5146480700653315,0.3436850826955177,1059.469,0,0,0.0,False,none,control,0.0006616794398687231,7.446177978132074e-05
13082500,0.6096840842342346,0.8039426203354323,0.6092721644198974,0.8037867177570832,0.6039213018125817,0.800606414385296,1632.673,0,0,0.0,False,none,control,-0.0004119198143371916,-0.0001559025783490764
10234500,0.8175784959554775,0.7303825432689008,0.8176855911715689,0.7303781580493108,0.7959524307921075,0.6813582147207784,236.4192,2,0,0.0604435211451782,False,none,,0.00010709521609142403,-4.385219590008482e-06
09403600,-0.07314200733220177,0.3998881752132464,-0.073864599858952,0.4000303579356088,-0.07164862245412751,0.40428606946335777,502.8489,0,0,0.0,False,none,control,-0.0007225925267502209,0.00014218272236243834
09405500,0.7645502245391638,0.7907445916268336,0.7646464656839702,0.7907500462548974,0.7656613072694766,0.7902676001726621,896.9364,1,0,0.0785190616676544,False,none,,9.624114480644153e-05,5.454628063783495e-06
09406000,0.6019841503454746,0.783540437341957,0.5967776669653648,0.7815152515453644,0.6122723642577066,0.7881221418268117,2454.716,3,0,0.0644132200952689,True,none,,-0.005206483380109761,-0.00202518579659261
10174500,0.8757858048636836,0.8333924932301616,0.8759406798124386,0.8335380509747671,0.8760010060953815,0.834052238934245,872.7498,0,0,0.0,False,none,control,0.00015487494875499053,0.00014555774460545123
10183500,0.6358444883264842,0.8005346243678118,0.6357464733906661,0.8005196348414837,0.6327433240513183,0.7996428343163631,2889.713,1,1,0.2795836859397416,False,0.1<DOR<=0.5,,-9.80149358180693e-05,-1.4989526328057501e-05
10189000,0.1837922204588225,0.34833825056182366,0.18397694133341025,0.34874248681454134,0.17614759790157752,0.34404732618925293,3118.963,5,1,1.083843946079618,False,DOR>0.5,,0.00018472087458776265,0.0004042362527176824
10242000,0.8273967553326407,0.7338574405911499,0.8282166045170146,0.7339544456650573,0.823161738280566,0.7237151892768764,208.6857,0,0,0.0,False,none,control,0.0008198491843739442,9.700507390741908e-05
09382000,0.22424506043038195,0.09104558318352118,0.18176715097856166,0.04579797289863308,0.35545896243281894,0.22339357234489532,3677.924,0,0,0.0,False,none,control,-0.042477909451820284,-0.04524761028488811
09504420,0.5020535381252761,0.27211428915751557,0.5008225794763461,0.27048761322075787,0.5581231570864799,0.6732516807894704,602.5536,1,0,0.0040314862554613,False,none,,-0.0012309586489299695,-0.0016266759367576933
09504500,0.6865526253372176,0.5871592780865598,0.6864666389757168,0.5783317501262784,0.6173600749140954,0.7804411307168144,918.9144,1,0,0.0037583114831243,False,none,,-8.598636150081163e-05,-0.008827527960281412
09505200,0.6215163035937818,0.7532650257274334,0.6203300341182564,0.7529189216702814,0.5747916330957829,0.7821569708436107,285.6771,0,0,0.0,False,none,,-0.00118626947552547,-0.0003461040571519636
09505350,0.5672257220582657,0.5746514866687062,0.5737524977243993,0.5820894845110631,0.5413819171670213,0.550364599342019,365.6619,0,0,0.0,False,none,control,0.006526775666133577,0.0074379978423568804
09505800,0.5471161950770653,0.4019675088705663,0.5497408715446732,0.40187141388180525,0.6325736788708934,0.6272122232926327,614.9414,0,0,0.0,False,none,control,0.0026246764676078893,-9.609498876106404e-05
09506000,0.792883226708726,0.6809406182715525,0.7556561814468264,0.6310479360207208,0.6154309798255648,0.7712084448877836,12097.16,12,0,0.0570564449607625,False,none,,-0.03722704526189957,-0.049892682250831655
09512500,0.7342520577875402,0.5890715763080271,0.7365083862335733,0.5733655008573122,0.8168221916140215,0.6763562222488207,1515.018,1,0,0.001695073478019,False,none,,0.0022563284460330735,-0.015706075450714896
09498400,0.679020876002681,0.3889965931115513,0.6754595396336618,0.38154346120874727,0.7318239909286481,0.44657438271596284,505.7451,0,0,0.0,False,none,,-0.00356133636901923,-0.0074531319028040555
09498500,0.7794488899037432,0.7352221671709982,0.772593973177806,0.7341852444998005,0.7320828390258741,0.7225622655378637,11102.86,3,0,0.0009782480625078,False,DOR<=0.1,,-0.006854916725937188,-0.0010369226711977042
09499000,0.7696684752915637,0.6742430404227001,0.766837117438704,0.6835031210141447,0.7664814045284476,0.6527784875206961,1741.359,0,0,0.0,False,none,,-0.002831357852859706,0.009260080591444564
09510000,0.06629816465518579,0.4684562520807378,0.3615464978140108,0.6076346034224754,-0.7843239923421566,0.18258570365514015,15081.04,14,2,0.9470971982786004,True,DOR>0.5,dam,0.29524833315882504,0.13917835134173762
09510200,0.6351687692026861,0.45616461317284007,0.6335647924502976,0.45285398809806965,0.6859361315737444,0.5720521006980362,425.3085,0,0,0.0,False,none,control,-0.0016039767523884363,-0.0033106250747704236
09512280,0.5020111806719353,0.5589806969583097,0.5093562062517568,0.5599171419539226,0.4109488361223489,0.5660857513490465,188.7093,0,0,0.0,False,none,control,0.007345025579821529,0.0009364449956129617
09512800,0.8414373286818486,0.7241460386819788,0.8407534829327795,0.7152904141635227,0.874815668178332,0.8174579982134113,2875.631,1,0,0.0005842549820195,False,none,,-0.0006838457490691008,-0.008855624518456118
09513860,0.27538391992200517,-1.3873602643393088,0.2981054029987693,-1.333495469941556,0.0534287013955389,-1.579856503053512,170.1477,0,0,0.0,False,none,control,0.022721483076764137,0.053864794397752824
09484000,0.23202072804920726,0.2545433281236341,0.23109673060811187,0.25300749661409194,0.23703386538159377,0.2844191169470375,103.6521,1,0,9.479632574914628e-05,True,none,,-0.0009239974410953922,-0.0015358315095421737
09484600,0.07935094871941495,-0.10796442157397212,0.07657638461416816,-0.119582105997454,0.08542501965295435,-0.07982192256587761,1179.589,0,0,0.0,False,none,,-0.0027745641052467906,-0.011617684423481878
09480000,-0.038421084753860635,0.07109406589884826,-0.036751508267532706,0.07437775036225247,-0.056317392624909646,0.08035679265861695,213.381,0,0,0.0,False,none,control,0.0016695764863279283,0.003283684463404213
05014500,0.8153140747796415,0.7119069430882485,0.8179764729245667,0.7094029987340513,0.210663323261015,0.19081313849607162,79.7283,1,1,0.7047326908208239,True,DOR>0.5,dam,0.0026623981449251932,-0.0025039443541972073
05017500,0.8024035437100966,0.8526802743602495,0.8079928604354205,0.854571070941763,0.7482520227669958,0.8393110409491554,711.1539,1,1,0.1339899730887247,False,0.1<DOR<=0.5,,0.005589316725323923,0.0018907965815134764
12358500,0.8651945056298411,0.7378653215853082,0.8628888717667509,0.7378768934760633,0.8582588806392387,0.7383670305060459,2939.194,0,0,0.0,False,none,control,-0.0023056338630902395,1.1571890755179837e-05
12362500,0.0509528617444045,-0.010004956479171323,-0.027117059662559395,-0.12370115019356054,0.04447582235250758,-0.009931929160852393,4318.159,1,1,1.4614456903998052,True,DOR>0.5,dam,-0.0780699214069639,-0.11369619371438922
12370000,0.8775349726007343,0.837259508060647,0.8753266043463397,0.8369148836979141,0.8671441321906804,0.8300497402723761,1715.115,0,0,0.0,False,none,control,-0.0022083682543946326,-0.00034462436273285935
12324680,0.824989373183679,0.8070656760866461,0.8245517730824412,0.8070285384248369,0.8219288210228539,0.8103205705709133,4590.105,5,0,0.026477712068348,False,DOR<=0.1,,-0.0004376001012378339,-3.713766180923894e-05
12334510,0.8850377571726862,0.8945515916517145,0.8861984459850325,0.8954538278003326,0.8847661180185452,0.8975881353414117,2313.95,0,0,0.0,False,DOR<=0.1,control,0.0011606888123463222,0.000902236148618063
12334550,0.884977260925047,0.8376183990863173,0.8853532420609208,0.838266415466274,0.8807660966887709,0.8427503860182499,9520.545,7,1,0.0486819388361624,False,0.1<DOR<=0.5,,0.0003759811358737819,0.0006480163799567062
12340000,0.8690734025203909,0.8926901725220575,0.8717010240064367,0.8927299546293487,0.8716532754479058,0.8879046396121577,5925.355,5,1,0.0109805172498848,False,DOR<=0.1,,0.0026276214860457836,3.978210729116416e-05
12340500,0.9181416348820829,0.9561361967254877,0.919965333528127,0.9572186670400581,0.9178157034150718,0.9577072550060229,15591.48,12,2,0.0289544378236034,False,DOR<=0.1,,0.0018236986460441473,0.0010824703145704273
12381400,-1.935384574053574,-1.2024953854548306,-1.935374109780648,-1.2024862295845518,-1.9367111984403809,-1.2023892831312986,150.9471,0,0,0.0,False,none,control,1.0464272925947427e-05,9.155870278831912e-06
06020600,0.7811557245715945,0.7214763600163009,0.7821580092149447,0.7211389169513862,0.7786327058688927,0.723111412755582,1541.163,1,1,0.282738439212062,True,0.1<DOR<=0.5,dam,0.0010022846433501709,-0.00033744306491467757
06025500,0.7519305713461081,0.5211460494871503,0.7521087411499259,0.5213187740227283,0.7503797987992376,0.5229841180389717,6405.925,1,0,0.0011962929544587,False,none,,0.0001781698038177959,0.00017272453557803935
06033000,0.7709957132189804,0.5481566729332772,0.7708215978619419,0.5484848940874514,0.7713722344848225,0.549737622452002,990.9198,0,0,0.0,False,none,,-0.00017411535703848458,0.00032822115417419084
12323240,0.09455768098346584,0.2923519689259264,0.09283149300865867,0.2931333158493383,0.07160940335425903,0.3104212395620729,298.7946,1,0,0.7319085528256795,False,none,,-0.0017261879748071696,0.0007813469234119186
12323250,0.5009591212791725,0.4814414943862959,0.5001533571227098,0.48275076988685306,0.5177528362415342,0.5291606535660063,322.8354,1,0,0.4447936534675347,False,none,,-0.0008057641564627183,0.00130927550055715
12324200,0.7215733196986871,0.7329021827937341,0.7205305372582533,0.7329070119392045,0.718009625258856,0.735759814036504,2591.439,3,0,0.0452877056686758,False,DOR<=0.1,,-0.0010427824404337649,4.829145470397478e-06
13042500,0.5274261464738017,0.5906686314676469,0.5210262426414194,0.5822523928145906,0.5238553816258718,0.6033437649877031,1325.219,3,2,0.4089993001596667,True,0.1<DOR<=0.5,dam,-0.006399903832382314,-0.008416238653056296
13046000,0.5676094627482873,0.6403094870437509,0.5643207391532119,0.6313157577476294,0.5810528955045738,0.6535840928187666,2865.313,7,3,0.1679119443068413,True,0.1<DOR<=0.5,dam,-0.0032887235950753713,-0.008993729296121522
13049500,0.8740328366218761,0.9326575860535038,0.8735537971763802,0.9323813728181769,0.8715246237748269,0.931141625065218,1324.234,0,0,0.0,False,DOR<=0.1,control,-0.00047903944549598787,-0.00027621323532689424
13050500,0.7266054166091445,0.8419391937947478,0.7267607379117166,0.8411554004676752,0.7212566636500086,0.8382509058607857,4807.364,10,3,0.1411495449736406,True,0.1<DOR<=0.5,dam,0.00015532130257212007,-0.0007837933270725683
13055000,0.42650227679736585,0.34708421155771574,0.4273522925731401,0.3471645282387601,0.4205540474903604,0.3480724999160013,2294.463,0,0,0.0,False,none,control,0.0008500157757742599,8.031668104435674e-05
13055340,0.6450163062635403,0.5790764784522648,0.6441453131258095,0.5788312882312681,0.6181956701378319,0.5726580222793004,2764.828,0,0,0.0,False,none,,-0.0008709931377308688,-0.00024519022099678267
13116500,0.289208353168098,0.19812222040902205,0.28897838175839063,0.1979909795677417,0.29261306896508865,0.2001325126551412,679.8448,0,0,0.0,False,none,,-0.00022997140970737462,-0.00013124084128035562
13032500,0.470268298151997,0.4867143272667377,0.4423068829043545,0.41508767578446526,0.46759085070535955,0.49256719766519474,13424.32,6,2,0.5084339927071299,True,0.1<DOR<=0.5,dam,-0.027961415247642507,-0.07162665148227243
13037500,0.4168460320113101,0.44283628853316515,0.3685142382010149,0.37041795309704073,0.4176741686997897,0.44953248855550365,14858.54,6,2,0.4596317422294828,False,0.1<DOR<=0.5,dam,-0.048331793810295176,-0.07241833543612441
13038500,0.41861974497741794,0.615520578359301,0.41703923302411894,0.5305789845646394,0.4037110082776073,0.6121148386748577,14979.16,6,2,0.7966994990255066,False,DOR>0.5,dam,-0.001580511953299002,-0.0849415937946616
13057940,0.6799976260268494,0.4804292958628088,0.6794687610257745,0.48022559170362245,0.6855682093471225,0.48389986771066584,1472.161,0,0,0.0,False,none,,-0.0005288650010749629,-0.00020370415918635754
13058000,0.40969039037355715,0.433099661863407,0.4180574523030317,0.4330819117391862,0.4032083522983384,0.43248502841504033,1654.143,1,1,1.2185548138201927,True,DOR>0.5,,0.008367061929474562,-1.775012422078337e-05
13066000,0.392593085165574,0.5862047657284244,0.39495616992460325,0.5780900867185164,0.3930208214156403,0.587741699680521,2324.469,1,1,1.481293158925482,False,DOR>0.5,dam,0.0023630847590292436,-0.008114679009908032
13073000,0.5640708394379836,0.520599908532217,0.5649106013666384,0.5207026744482874,0.6579193732220305,0.5849568403265943,1523.439,1,1,0.1703442462080297,False,none,,0.0008397619286547586,0.00010276591607039087
13075000,0.35958573732826093,0.6961074848304257,0.36570053757154897,0.6988183776071758,-0.8848629970843642,0.3418002499278152,907.9749,0,0,0.0,False,none,control,0.006114800243288032,0.0027108927767500735
13075500,0.5155050791871627,0.4398167841564754,0.5151708621506947,0.43961005354314586,0.5141532846444932,0.45022849963184475,3353.598,1,1,0.1212116891428207,False,none,,-0.0003342170364679653,-0.00020673061332954212
13132535,-2.71099727885696,-2.607215561553924,-2.700152549524642,-2.606504627645189,-2.8059405119150176,-2.6018176273255675,4743.366,3,1,3.0178943931326936,False,none,dam,0.01084472933231817,0.0007109339087350008
10020100,0.7940215903746602,0.688885326636463,0.7939989423959732,0.6888709884100239,0.7923146198018016,0.6907080057337814,1955.137,5,1,0.1667016146451536,False,0.1<DOR<=0.5,,-2.2647978687007075e-05,-1.4338226439036816e-05
10020300,0.7316816036840359,0.6552580219581685,0.7431932378025163,0.6538421780185182,0.7230177654648096,0.6554473507859779,2039.566,6,2,0.5923750052555522,True,DOR>0.5,dam,0.01151163411848044,-0.0014158439396503297
10023000,0.27431346876742635,0.1885883993487817,0.2742908344157884,0.18857866281066915,0.2747579790111113,0.18882393922595198,131.4567,0,0,0.0,False,none,,-2.2634351637962347e-05,-9.736538112536941e-06
10068500,-0.3721404625661453,0.3052311205675883,-0.36029006719192824,0.31090634457926336,-0.5328688985677312,0.22696111500585592,9587.663,11,2,0.2606895036591556,False,0.1<DOR<=0.5,,0.01185039537421706,0.005675224011675084
10109000,0.9162746895918689,0.8904883209192046,0.9162354958561958,0.8904638027317844,0.9163211461492168,0.8902816371628602,555.579,1,0,0.000442515424175,True,none,,-3.919373567307094e-05,-2.4518187420219384e-05
10109001,0.9159058378140059,0.871805811666391,0.9158821423916199,0.8717854766033537,0.9165760459249604,0.8758194790050993,555.5961,1,0,0.0004061285371431,True,none,,-2.3695422386005305e-05,-2.0335063037335566e-05
10126000,0.4400893961566019,0.5588287412304751,0.4388340679566908,0.5569210435392036,0.41324363908929207,0.5311940755813265,18311.94,23,8,0.190174350131751,False,0.1<DOR<=0.5,dam,-0.0012553281999111432,-0.001907697691271526
10136500,0.7113393529605987,0.6472757538996663,0.7062669866845304,0.6419613062481571,0.7343614197158732,0.7073561567622271,4216.987,7,5,0.7284361111947556,True,DOR>0.5,dam,-0.00507236627606833,-0.005314447651509235
10137500,0.6679968573891348,0.642539858700449,0.6672697521808597,0.6423465278599441,0.6602460186259564,0.7157343963750511,356.3271,1,0,0.1017325138959943,False,none,,-0.000727105208275125,-0.0001933308405049905
10140100,0.4783170526714615,0.5254174146764073,0.4856128491829689,0.5258118256016977,0.46078995311395865,0.5401817605636958,822.7683,2,1,1.574147643582861,False,DOR>0.5,,0.0072957965115073575,0.00039441092529035604
10141000,0.5571228403246679,0.46527565612150357,0.5545215840786468,0.46267804175473026,0.4763220878541985,0.3101573928420134,5371.414,9,6,1.312081850547079,False,DOR>0.5,dam,-0.002601256246021033,-0.0025976143667733043
09277500,0.7323230214521773,0.7581359002724639,0.7325580700567984,0.7581778933498021,0.7315035795888065,0.7575502329654129,923.7699,0,0,0.0,False,none,,0.0002350486046210909,4.199307733820934e-05
09279000,0.06771215755723792,0.4492429859916188,0.08099058291567252,0.4526157740501223,-0.02213807371607368,0.3850682920686028,379.2339,1,1,0.5046888269547044,False,0.1<DOR<=0.5,,0.013278425358434598,0.0033727880585034953
09288180,0.4365394361540115,0.38768538574432754,0.4340013253649363,0.38301743181949666,0.4360101557732732,0.38948523036186933,2376.08,2,2,11.815197756955744,False,DOR>0.5,,-0.0025381107890751764,-0.004667953924830881
09312600,0.3428504744159613,0.43859179884677857,0.3429745636514686,0.43866396153240617,0.3230195151388845,0.4816633863681625,195.2946,0,0,0.0,False,none,control,0.00012408923550732975,7.216268562759698e-05
10011500,0.8476077859710072,0.781465812101264,0.8475432010555615,0.7815443860521649,0.8477204526741972,0.7826737900395762,445.6411,0,0,0.0,False,none,control,-6.458491544569789e-05,7.857395090093977e-05
10128500,0.6311173257739222,0.4327158816573591,0.6313257893152884,0.43271656120711544,0.667263124598279,0.48676698774660565,420.3672,1,1,0.0585383912239571,False,DOR<=0.1,,0.00020846354136616618,6.795497563549802e-07
10129500,0.5596126746537178,0.6597491573557599,0.5622966159281615,0.6595491285983619,0.5418221890731241,0.6626059291494178,847.077,2,2,0.5673916853726053,True,DOR>0.5,,0.002683941274443713,-0.00020002875739799642
10130500,0.568710982704862,0.6593623903542116,0.5706483715870169,0.6587598081139956,0.5632363761654524,0.6848356944170713,1107.946,2,2,0.5292324128804011,False,DOR>0.5,dam,0.001937388882154889,-0.0006025822402160319
10131000,0.8131147634721854,0.7725378453165668,0.8133971060421903,0.7723503984745207,0.8131068720530468,0.7741277301767524,661.0392,0,0,0.0,False,none,control,0.00028234257000492313,-0.00018744684204607953
10134500,0.3045504460753231,0.28554929364929793,0.3054785206729631,0.28565297984002813,0.34013164970348153,0.36814088062054373,374.4549,1,1,1.291267583218647,True,DOR>0.5,dam,0.000928074597639994,0.00010368619073020113
10146400,-0.7758477347511596,-0.606042634003302,-0.775848348813444,-0.6114390459372223,-0.7799831577370304,-0.5381256938686079,586.7406,1,0,0.0008801087048679,False,none,,-6.140622843542332e-07,-0.005396411933920264
10150500,-0.6023969143990995,-0.1842838333964527,-0.6024406349632787,-0.18437389024266237,-0.6028208087099871,-0.18513626894296942,1629.841,1,0,0.0006870957583994,False,none,,-4.3720564179228205e-05,-9.005684620966292e-05
10154200,0.6083490680802464,0.41034080736531764,0.6082827950108567,0.41030784941321996,0.6089173133358445,0.41099736843991463,419.8896,0,0,0.0,False,none,,-6.627306938966626e-05,-3.29579520976786e-05
10155000,0.4140014392641236,0.20840892928864097,0.41403963045526926,0.20843682385915963,0.4144422386626,0.20881372271599297,568.3752,0,0,0.0,False,none,,3.8191191145675596e-05,2.7894570518660622e-05
10163000,0.22895958072856337,0.5073591615486344,0.22840774157699706,0.49736271254335707,0.23151180357152823,0.5101845672627314,1767.912,6,2,4.041506463560945,False,DOR>0.5,dam,-0.0005518391515663135,-0.009996449005277297
10166430,-0.27407138179392687,-0.39622809995327546,-0.27407641492943835,-0.3962636798338135,0.3783537178679788,0.5591558894599314,70.173,0,0,0.0,False,none,,-5.033135511478548e-06,-3.557988053803918e-05
09310500,0.6887840670211942,0.7003150041407006,0.6882678069599866,0.700204612526544,0.6523821904625968,0.5627548161571928,148.1787,0,0,0.0,False,none,control,-0.0005162600612076407,-0.00011039161415660192
09326500,0.7130021423888682,0.5213411638363306,0.7126569320260976,0.5213263990140882,0.7144885192765846,0.5229994739304289,358.7283,0,0,0.0,False,none,control,-0.00034521036277057604,-1.4764822242385733e-05
09328500,0.32850275276143515,0.3357636861574972,0.32810419019209935,0.33485500856937933,0.2564232061305648,0.3104834431475202,4292.528,6,3,2.180926252950643,False,DOR>0.5,,-0.00039856256933579193,-0.0009086775881178566
09330500,0.6304790257403801,0.5613741840117626,0.6298471943721964,0.5612207151240085,0.6293821596209779,0.5711063302601656,271.1844,0,0,0.0,False,none,control,-0.0006318313681836774,-0.00015346888775413792
10205030,0.33134014300005576,0.4181247403744367,0.3314282137054433,0.4181551348430109,0.32733755200463666,0.42163181220507384,134.5977,1,0,0.0460681181077365,False,none,,8.807070538752182e-05,3.039446857422412e-05
09330000,-0.1939103294830533,-0.1840425465616129,-0.1935763973212039,-0.18323568846417415,-0.18919367214013683,-0.1724692775657357,1951.025,3,1,0.3428003034560667,False,0.1<DOR<=0.5,,0.000333932161849404,0.0008068580974387451
09330230,-0.1801726453191106,-0.07174651606117943,-0.17235350849801234,-0.05942974420316882,-0.15615214624627538,-0.0368950498787326,3131.813,5,1,0.3881272148117958,False,0.1<DOR<=0.5,,0.00781913682109825,0.012316771858010611
09401260,-0.09559094627515052,0.10442171041081072,-0.07919797059126932,0.10678340639798023,-0.00972537995870737,0.24059196510509606,4151.018,0,0,0.0,False,none,control,0.016392975683881206,0.00236169598716951
09384000,0.19969894022999013,0.45825065482230043,0.21220172350662014,0.46370491269889735,0.16648908275607166,0.4521745344930018,1961.768,3,0,0.3096564991340802,False,none,,0.012502783276630014,0.005454257876596924
09390500,0.12200247659213281,-0.1224736786235372,0.12195188435126958,-0.12373563322344538,0.04642177950888615,0.2724732011905564,177.7455,4,0,1.4640406094686522,True,none,,-5.059224086323422e-05,-0.0012619545999081883
09466500,0.030222982106807406,0.30674007097498424,0.12538848684440063,0.344018973515661,-0.9971424214338254,0.0011582239904764924,29892.82,27,0,0.1797274011473157,False,none,,0.09516550473759322,0.037278902540676784
09468500,0.5722018131898987,0.7089581613692026,0.5745092596436281,0.6969105018276238,0.5964462262396166,0.7606747903307007,2718.959,2,0,0.1908708579174035,False,none,,0.002307446453729378,-0.012047659541578826
09469500,-21.247462326804012,-2.7190911655224816,-11.900057514754609,-1.6335286565769085,-32.07633012921386,-3.73369942453684,33546.0,30,1,4.677053584583586,True,DOR>0.5,,9.347404812049403,1.0855625089455732
09489500,0.6695302727748154,0.5340377320296487,0.6712966746775324,0.5340626776655213,0.6735745762061867,0.5378981254091093,1439.507,0,0,0.0,False,DOR<=0.1,,0.0017664019027170408,2.4945635872630767e-05
09490500,0.5771922340253555,0.36805129185457286,0.5792328603510457,0.36884639005937003,0.5615993826122662,0.36339516044770215,3166.939,0,0,0.0,False,DOR<=0.1,control,0.0020406263256902424,0.0007950982047971733
09492400,0.5865769964023051,0.7202721339376117,0.586561363292252,0.7202900705824753,0.5826629176295345,0.7282432235277719,128.9673,0,0,0.0,False,none,control,-1.5633110053148158e-05,1.7936644863603135e-05
09494000,0.5400113013517598,0.5870676476329051,0.5405635918625367,0.5874604558137715,0.5359505183668175,0.5872774810701553,1628.228,3,0,0.0045134811938367,False,none,,0.0005522905107768761,0.0003928081808663997
09496500,0.24859135927679965,0.5278545015193872,0.30206011185273507,0.5525006198232241,0.012592012378305095,0.3428590921109531,1143.377,0,0,0.0,False,none,,0.05346875257593542,0.024646118303836895
09497500,0.6603122861332317,0.5881081458649703,0.6520950182775771,0.5914089300281132,0.632534326410337,0.5694702435760541,7330.731,3,0,0.001253038949098,False,DOR<=0.1,,-0.008217267855654575,0.0033007841631429446
09497980,0.7373910240720674,0.7314839521411055,0.734157719868934,0.7310830635240413,0.7115257814561214,0.7239014926870626,516.798,0,0,0.0,False,none,,-0.0032333042031333914,-0.0004008886170642212
09447000,0.01759154844818034,0.4268662990743193,-0.19958202563194405,0.35719495136647605,-0.6177831120710344,0.13326998965553083,1609.932,2,0,0.012637400649729,False,none,,-0.2171735740801244,-0.06967134770784322
09447800,-0.03209872630129018,0.3274585406826931,0.004064617701169282,0.32898657277185095,-0.18756153973615097,0.37665050528322286,781.9614,0,0,0.0,False,none,,0.03616334400245946,0.0015280320891578603
09448500,0.6092286072054813,0.7273873928148749,0.6308066428779757,0.7623582212794815,0.15394967448353736,0.4907500016420251,20424.0,13,0,0.0266549012067559,False,none,,0.02157803567249439,0.03497082846460664
09537200,0.07956861921673486,0.011889792256312592,0.08860636147724088,0.0113127043013862,0.06443179566936341,0.03937323293070416,204.0615,0,0,0.0,False,none,,0.009037742260506021,-0.0005770879549263919
06036650,0.7822849332069975,0.673876582844527,0.7811332629849959,0.6706495587985051,0.7602107546929575,0.6734804878468059,24755.09,10,4,0.2539852046130089,False,0.1<DOR<=0.5,,-0.0011516702220016883,-0.0032270240460219313
06043500,0.9210015212930059,0.8632988862159278,0.9206154658849568,0.8636795387261494,0.91930660805701,0.866025755309257,2120.42,0,0,0.0,False,none,,-0.0003860554080491463,0.00038065251022167956
06052500,0.8953694622706772,0.8829881757642649,0.8946106546070606,0.8829878863935507,0.888450190441516,0.8821504501934205,4634.347,0,0,0.0,False,none,control,-0.0007588076636165786,-2.8937071416823557e-07
06054500,0.8309643346684087,0.8142699837788618,0.8307545708257809,0.8124483369186173,0.8169996409033663,0.8201435556996273,38074.68,14,6,0.2343910020607157,True,0.1<DOR<=0.5,,-0.00020976384262783032,-0.0018216468602445524
06192500,0.9594485861681789,0.9635560858389159,0.9591632908944812,0.962544606307935,0.9543287067018291,0.9527071279352366,9208.975,1,0,0.000213504780524,False,none,,-0.00028529527369769436,-0.0010114795309809077
06200000,0.9239988133432511,0.9260809320124495,0.9237060728346511,0.9262400838397931,0.9191476174800268,0.9265380016431094,1363.8,1,0,0.0004377587834709,False,none,,-0.0002927405085999535,0.00015915182734360656
06037500,0.11207494163244625,0.4898622342243071,0.12139261981180638,0.49070894346117255,-0.07786231528082554,0.4014249276576469,1126.247,0,0,0.0,False,none,,0.009317678179360134,0.0008467092368654727
06038500,0.07088080487688841,0.5191071407704791,0.07271049222141779,0.5186074562674459,-0.023713123887690646,0.514825453510585,2411.956,1,1,0.5119736706176791,True,DOR>0.5,dam,0.0018296873445293738,-0.0004996845030332819
06186500,0.9363121468809785,0.8802579908803687,0.9347809139068144,0.8799432006564897,0.9299511777156677,0.8786803444673773,2567.444,0,0,0.0,False,none,,-0.0015312329741641317,-0.00031479022387903566
06188000,0.9200541972167403,0.833557058241598,0.919966726836247,0.8337547226203574,0.9200644791277052,0.835394512833227,1730.28,0,0,0.0,False,none,,-8.747038049328193e-05,0.00019766437875945453
06191000,0.8666399261474842,0.8495729410022231,0.8669707398069257,0.8497795479838237,0.8708065689139456,0.8656329063348553,513.8847,0,0,0.0,False,none,,0.0003308136594415423,0.00020660698160057667
06191500,0.9497152074624396,0.9323482317196886,0.9502922761165475,0.933821054805235,0.9499804827326002,0.9347068197213927,6783.593,0,0,0.0,False,none,control,0.0005770686541078929,0.0014728230855464153
06280300,0.7494303693378781,0.7245515202293876,0.7487267854493118,0.724396426762571,0.7478670006022887,0.7339199082785712,793.953,0,0,0.0,False,none,control,-0.0007035838885662837,-0.00015509346681663594
13010065,0.7856312028300237,0.720639440448027,0.7872958128345076,0.7211341972605364,0.7874649762883397,0.7197963348652712,1222.287,0,0,0.0,False,none,control,0.001664610004483813,0.0004947568125094337
13039500,0.037205029983359506,0.4265361574400245,0.04187678505705905,0.4290001549339151,-0.1980292634113705,0.33426579662625466,244.3383,1,1,1.7366244030669409,True,none,dam,0.004671755073699546,0.0024639974938905906
06221400,0.7529024428170568,0.638335913813296,0.7528818107156636,0.6383347765108267,0.7729300004169344,0.7084522259025307,227.8809,0,0,0.0,False,none,,-2.0632101393136537e-05,-1.1373024693117628e-06
13011500,0.847523907349043,0.7439215550202525,0.8467947000551358,0.7441280183226043,0.8566392909417575,0.7746444107857549,404.0775,0,0,0.0,False,none,control,-0.0007292072939072414,0.00020646330235185584
13018750,0.7435533460180885,0.5862226645052664,0.7408795617693387,0.5797342832680346,0.7447895431201413,0.5948357172951539,6884.45,3,1,0.3289299723746681,False,0.1<DOR<=0.5,,-0.0026737842487498664,-0.006488381237231833
13022500,0.6094250116672209,0.42603986406808814,0.6037721033857368,0.4207884338268362,0.6179246884738379,0.43451992504385073,8867.073,3,1,0.2729222104306987,False,0.1<DOR<=0.5,,-0.005652908281484015,-0.005251430241251964
13023000,0.8986155913737677,0.9377383811840979,0.899223041725369,0.938075174997123,0.9043127421810572,0.9479107077201945,1161.929,0,0,0.0,False,none,control,0.0006074503516013685,0.0003367938130250936
09205000,0.8685724334902019,0.8437871455194439,0.8697980742860104,0.8429829614063578,0.8525422956014344,0.8416549604923748,3245.414,5,4,0.2066271287880254,False,0.1<DOR<=0.5,,0.001225640795808558,-0.0008041841130861371
09209400,0.8279663271844965,0.701563870034697,0.8279792242291868,0.7009112888342713,0.8170988951000044,0.7029255313769889,9895.106,5,4,0.0999701356040618,False,0.1<DOR<=0.5,,1.2897044690318715e-05,-0.0006525812004256615
09210500,0.7022316052846677,0.7450705740453752,0.7032621984016645,0.7457266506629516,0.7565459872531881,0.7808656006262851,398.3094,0,0,0.0,False,none,control,0.0010305931169968252,0.0006560766175763844
09211200,0.6241205115146253,0.7824061547317627,0.6360403889301686,0.7868358857284732,0.6042363365517828,0.7741415957606441,10861.65,6,5,0.4470772099458361,True,0.1<DOR<=0.5,dam,0.011919877415543234,0.0044297309967105125
09217000,0.5962325168616962,0.7377665080815073,0.6068355616820381,0.7414447816326928,0.5594694360137556,0.7242293837062407,25211.51,16,8,0.5242946322382657,False,0.1<DOR<=0.5,,0.010603044820341911,0.0036782735511854403
09223000,0.8182624913180472,0.9021855405954826,0.8209645598563062,0.9034655620615902,0.8214649303737035,0.8802437599885733,333.153,0,0,0.0,False,none,control,0.0027020685382590504,0.001280021466107617
09224700,0.5657618691312839,0.5625642128602948,0.5632740220696413,0.5598777064571876,0.5735149370978496,0.5811987474282283,7719.575,9,3,0.624383623090416,False,DOR>0.5,,-0.002487847061642623,-0.0026865064031071917
10032000,0.8294830682289531,0.8900686280961497,0.8324198290797319,0.8911032905344544,0.7802723117050632,0.6973099707352917,424.3266,0,0,0.0,False,none,control,0.0029367608507787635,0.0010346624383046343
09234500,-0.3106041285551173,0.4344481333880421,-0.31174607464543747,0.4350759697317462,-0.25286801942575865,0.44750807822412786,39136.57,29,12,3.6227943462892047,False,DOR>0.5,,-0.001141946090320145,0.0006278363437041135
09266500,0.8063653673855045,0.6896712507892202,0.806498473167635,0.6897152831467939,0.7897440570033858,0.6403256678624407,262.7073,0,0,0.0,False,none,control,0.00013310578213054924,4.403235757366453e-05
09289500,0.8613284253841594,0.7552449151056433,0.8611702630441016,0.7551924414855846,0.8745491834849355,0.7673643686144291,201.5208,0,0,0.0,False,none,control,-0.00015816234005783247,-5.24736200586684e-05
09291000,0.5329017899184076,0.6712957706460061,0.5389800806063965,0.672865997268649,0.4535000374521383,0.5941526316778198,296.9973,1,1,0.5697134326417246,True,0.1<DOR<=0.5,dam,0.006078290687988819,0.001570226622642945
09292500,0.8613810841107709,0.8538771202604125,0.8619627388311324,0.8540008158681225,0.8596368833547674,0.8528241832315533,325.6659,1,0,0.0006278537389803,False,none,,0.0005816547203615352,0.00012369560770997268
09299500,0.829009864714663,0.7551390423154217,0.8291225561814036,0.7552952215427142,0.8282952672420325,0.757173149953814,298.2501,0,0,0.0,False,none,control,0.00011269146674064423,0.00015617922729249667
09302000,-0.18053899632899895,-0.261098943271207,-0.17412895926520178,-0.2606661445807863,-0.2832765665601342,-0.3338310965273277,9771.918,8,6,5.164717374434967,False,DOR>0.5,,0.006410037063797169,0.0004327986904206771
09180000,0.6657543157799729,0.48324590097303854,0.6695284893704232,0.4838747373393757,0.6373761501555217,0.47404036074812894,11837.85,5,2,1.0459403324209902,False,DOR>0.5,,0.0037741735904502915,0.0006288363663371488
09306500,0.8638498119848659,0.7915846049432688,0.8639947518506954,0.7919169656529736,0.8499957684985548,0.7921734039659714,10098.16,5,1,0.0483040958127376,False,DOR<=0.1,,0.00014493986582952978,0.00033236070970488196
09166500,0.7316779545277187,0.551650601857486,0.7312828158946315,0.5521594087917461,0.729860632452728,0.5550950568249893,1306.857,1,1,0.0952957325709908,False,DOR<=0.1,,-0.00039513863308715536,0.000508806934260031
09169500,0.17343198472963328,0.03377584495605657,0.19203791083917077,0.03567960105535417,0.15293624186989996,0.020726026485870963,5232.928,2,2,2.8282412813078417,False,DOR>0.5,,0.018605926109537485,0.0019037560992976044
09171100,0.22956245960965938,0.07864562441306466,0.24918601968750476,0.08048485510710901,0.20390123338556743,0.06472549387227611,5549.45,2,2,2.7578477624547646,False,DOR>0.5,,0.01962356007784538,0.001839230694044347
09372000,0.1644478865316319,0.24344714148891466,0.16537234486988428,0.24335597501104722,0.1561031136213058,0.27460156005283975,897.1452,0,0,0.0,False,DOR>0.5,control,0.0009244583382523874,-9.11664778674437e-05
09364500,0.871806675194704,0.8528721755962412,0.8699121128778253,0.8525295211533143,0.84562254261679,0.8490673944679545,3545.659,6,3,0.3158736726651357,False,0.1<DOR<=0.5,,-0.0018945623168786785,-0.00034265444292691516
09365000,0.6617607855797181,0.6912408378729735,0.6810404216315984,0.6679078649242163,0.6228020331027048,0.6597977909889101,18633.95,15,6,1.7327809754873709,False,DOR>0.5,dam,0.019279636051880322,-0.023332972948757247
09366500,-0.7998322503534718,-0.47303754190399294,-0.7991733922636397,-0.4726294223820384,-0.8149619083767643,-0.47663486208983064,800.7858,2,0,0.3537835597435714,False,none,,0.0006588580898321261,0.0004081195219545197
09371000,0.4629191939104059,0.46135613608331283,0.473600347876566,0.4669175922359948,0.4658737084324883,0.44811198890015647,1361.793,1,0,0.0564951705784551,False,0.1<DOR<=0.5,,0.010681153966160095,0.005561456152681998
09371010,0.6120847003768356,0.6332108545935116,0.643668998655606,0.6295066928260785,0.5538514345289854,0.5946395158469573,37641.28,22,6,1.7100021732612145,False,DOR>0.5,,0.031584298278770406,-0.003704161767433045
09386900,0.21009481254997753,0.09619014282116012,0.20941781523341085,0.095497697971206,0.3805897209708029,-0.26565017622410814,184.9419,0,0,0.0,False,none,control,-0.0006769973165666743,-0.0006924448499541214
09386950,-2.662309805478068,-4.054564390003589,-2.612725644428835,-4.0232848891731345,-11.445985957688137,-8.529607658821,2161.84,7,0,14.478218014292592,True,none,,0.04958416104923291,0.031279500830454054
09442680,0.10257511769490435,0.35414111841022666,0.10348076832966102,0.3551957556046501,-0.03879589386979587,0.24953675939718867,859.1607,2,0,0.1460789300909546,False,none,,0.0009056506347566717,0.0010546371944234467
08477110,0.5610450642247,0.379395816325502,0.5622754811288388,0.37999793259829917,0.49107090773547113,0.19952489189687805,485.4861,1,0,0.0640405467649691,False,none,,0.0012304169041388313,0.0006021162727971596
09430500,0.6895185039996339,0.6324578420485399,0.6735353739433928,0.6201836285761083,0.7086661121792335,0.6590527570991153,4804.927,3,0,0.02210127994061,False,none,,-0.01598313005624108,-0.012274213472431628
09430600,0.07964194326361551,0.0019758407096164277,0.0794108800510932,0.001197284077750993,0.1465135379562399,0.11217141328304303,190.522,0,0,0.0,False,none,control,-0.00023106321252230888,-0.0007785566318654347
09431500,0.6104881054240257,0.7800717700394144,0.608512338942792,0.7795755138724131,0.5332825904382221,0.7383411023281706,7318.102,4,0,0.0225846515643829,False,none,,-0.001975766481233654,-0.0004962561670013299
09432000,0.6399081945578047,0.7117017661137958,0.6366117034224253,0.7059324957431989,0.5811825542511679,0.7171331326579475,8282.21,4,0,0.0222629871839743,False,none,,-0.0032964911353793314,-0.005769270370596824
09444000,0.5522422643951398,0.7315403500560239,0.5445563378288847,0.7271203474634831,0.5738022310778441,0.7340476096961963,4281.713,2,0,0.0293392640559916,False,none,,-0.007685926566255108,-0.004420002592540828
06208500,0.8990627817137586,0.8824947502360019,0.8987754107824638,0.8823347930847811,0.8748785315149095,0.8739528964458941,5237.808,3,0,0.0018794194037403,False,none,,-0.00028737093129482805,-0.0001599571512207465
06207500,0.9063078802023486,0.9402469741646803,0.9051448471519842,0.939605912654516,0.8995439384344316,0.9359659306436641,2985.022,2,0,0.0017810855443235,False,none,,-0.0011630330503644704,-0.000641061510164298
06274300,0.6954275414076324,0.805706683727292,0.6702710585261231,0.7185464458633403,0.6690613637098898,0.8013385010338337,34255.36,22,5,0.8778866994669473,False,DOR>0.5,,-0.02515648288150929,-0.08716023786395177
06279940,0.29045868824656673,0.17058267001875593,0.29170837356529744,0.171320640632885,0.2991988913436998,0.1764974271819849,1811.831,0,0,0.0,False,none,,0.0012496853187307089,0.0007379706141290576
06281000,0.8131164304406444,0.7615761138611149,0.8110454661483906,0.761423227897697,0.8051121420623888,0.7623955064760449,1516.756,0,0,0.0,False,none,control,-0.0020709642922538407,-0.0001528859634178925
06282000,0.5909377809757891,0.6742908501513125,0.6033557672275263,0.6758195538365466,0.5855988009640536,0.6767586976229794,4001.216,1,1,0.986824666377745,False,DOR>0.5,dam,0.012417986251737179,0.0015287036852340563
06285100,0.4024715131094674,0.5844580600655689,0.41955243540758647,0.5895082556249736,0.38813439193780164,0.5800456873696962,6191.979,4,1,1.1353410234888963,False,DOR>0.5,dam,0.017080922298119083,0.005050195559404669
06224000,0.7045059756171457,0.5562467231431287,0.6816891960367342,0.5451585271305371,0.7067084221134312,0.5581094644269964,484.8579,1,1,0.7991719009460544,True,DOR>0.5,dam,-0.022816779580411506,-0.011088196012591589
06225000,0.3255174953782737,0.43774075479143215,0.3399546999239983,0.4397801061523027,0.3223406933074422,0.4372774960822805,548.2323,1,1,0.8453160999007704,True,DOR>0.5,dam,0.014437204545724613,0.0020393513608705227
06225500,0.5961123814223697,0.36726339291815746,0.5913335370076094,0.36374234480152845,0.6070224798773034,0.3815226406668514,4905.965,2,1,0.1993091831063322,True,0.1<DOR<=0.5,,-0.004778844414760286,-0.003521048116629011
06228000,0.5782971812495288,0.4990206082586298,0.5744747611194293,0.4948111783213013,0.5615278711548732,0.48575013735335726,5992.193,4,2,0.5644858230436904,False,DOR>0.5,,-0.00382242013009948,-0.004209429937328535
06235500,0.7886490816041765,0.6929592484345075,0.7897413225629368,0.6930811607399716,0.7814006454213436,0.6937512858332451,4934.026,4,1,0.0575955102983778,False,DOR<=0.1,,0.001092240958760371,0.00012191230546410026
06253000,-0.001959900369333578,-0.2387637719154292,-0.0019538538539105588,-0.23856755507101646,-0.002027438136641413,-0.24096925034603456,1087.724,0,0,0.0,False,none,,6.046515423019372e-06,0.00019621684441273324
06259000,0.40862760587219304,0.7070693173076195,0.5877690494320623,0.782734063730139,0.3681323382898395,0.6876106598130292,19954.86,18,4,1.0687085679820103,True,DOR>0.5,dam,0.17914144355986927,0.07566474642251952
09247600,0.917558231278689,0.9276117095105894,0.9175788029098575,0.927686154164856,0.911214775640231,0.9261975803772928,5503.889,8,4,0.1180272018138764,False,0.1<DOR<=0.5,,2.0571631168531113e-05,7.44446542666477e-05
09251000,0.9245312732552963,0.8635462118145283,0.9238645478743436,0.86293783802764,0.9152798213055692,0.8668605267007485,8753.69,10,4,0.1006229044845551,False,0.1<DOR<=0.5,,-0.000666725380952693,-0.0006083737868882722
09255000,0.7046497232737181,0.6570259569823309,0.7043980405029981,0.6571714208424029,0.7038217704255452,0.670332254759975,387.9297,0,0,0.0,False,none,control,-0.00025168277071996314,0.00014546386007197043
09260000,0.816647826611042,0.8532278566870599,0.8222096895235864,0.8554095464150984,0.7674810843954771,0.8391417110993908,10466.33,3,1,0.0592450935711832,False,none,,0.005561862912544457,0.0021816897280384495
09306255,-0.5849274492275356,-0.08517017635048196,-0.5843750872539268,-0.08533225063510153,-0.585115230435834,-0.07981111448212297,678.6747,0,0,0.0,False,none,,0.0005523619736087504,-0.0001620742846195622
09306290,0.8671583977577701,0.7984544985007778,0.86714721010603,0.7985524649640521,0.8621530599453252,0.8002328332098085,6559.255,3,0,0.0184361967479163,False,none,,-1.1187651740129922e-05,9.796646327431269e-05
09070000,0.8734413264057688,0.9294483493842678,0.8712932508699749,0.9285099475597325,0.864902141995364,0.917521593129659,2461.667,0,0,0.0,False,0.1<DOR<=0.5,control,-0.0021480755357938808,-0.0009384018245353065
09070500,0.8682766860978905,0.8780893181066438,0.8658832780592346,0.867461321004576,0.8635083448010282,0.893040041939202,11399.51,19,9,1.069219148103265,False,DOR>0.5,,-0.002393408038655953,-0.010627997102067854
09073300,-1.1063200935986655,-0.5677928579707123,-1.1077591243569227,-0.5678876820451384,-1.2522537017116893,-0.6369447477397394,196.7139,0,0,0.0,False,none,,-0.0014390307582572426,-9.482407442606977e-05
09073400,0.29867209177456056,0.37049287190108926,0.2972279595590197,0.3703524653021826,0.24236929432840182,0.3237028802552506,276.8967,0,0,0.0,False,none,,-0.0014441322155408498,-0.00014040659890668383
09080400,0.07515864304849507,0.566423499551109,0.08322491741986704,0.5689707484955343,-0.3551333393820717,0.40367039786789305,612.899,2,1,0.8719757097865061,False,DOR>0.5,dam,0.008066274371371973,0.002547248944425262
09081600,0.8701989675218269,0.7976260682856116,0.869548041275224,0.7975097286395689,0.8676023631147587,0.7879819842173721,432.8928,0,0,0.0,False,none,control,-0.0006509262466029009,-0.00011633964604262914
09085000,0.9003742038307112,0.9062860676463166,0.899573837428257,0.9064329620955042,0.8831137581763444,0.8649638779155129,3762.712,3,1,0.1261291791986854,False,0.1<DOR<=0.5,,-0.0008003664024541779,0.00014689444918758454
09085100,0.9119096352598203,0.9520151693621193,0.912141023424663,0.9507140604984833,0.8962671985483699,0.9197604698305175,15578.92,23,10,0.7023242856405926,False,DOR>0.5,,0.0002313881648426941,-0.0013011088636359913
09095500,0.9236884053875607,0.9004899510748022,0.92203876808554,0.8941543693662853,0.9100140119821623,0.9227947390431046,20698.61,24,11,0.6151883736659313,False,0.1<DOR<=0.5,,-0.0016496373020207233,-0.006335581708516891
09105000,0.7734374093959625,0.8645736494912168,0.774936311451525,0.8653372941704732,0.7765508696064574,0.8683864541219896,1536.934,4,1,0.3399255584747064,False,0.1<DOR<=0.5,,0.0014989020555624677,0.0007636446792563811
09132500,0.8789025796482859,0.8109777609905294,0.8788560817854841,0.811453253372473,0.8637059852712989,0.7487102251449941,1362.955,1,1,0.0566809811711365,False,DOR<=0.1,dam,-4.6497862801753165e-05,0.00047549238194355414
09152500,0.6376058374367768,0.8097399281924413,0.6588269775453455,0.8247412181043041,0.6182788623469782,0.7716655929685048,20560.02,19,9,0.7115087026852946,False,DOR>0.5,dam,0.02122114010856868,0.01500128991186278
09304200,0.8427582293691924,0.7954609868068976,0.8427963993761622,0.7957325974619532,0.8433672341253187,0.7973395080511098,1667.251,1,0,0.0200760128864757,False,none,,3.817000696981765e-05,0.00027161065505565407
09304500,0.8592671614729179,0.7908506390017893,0.8592214593402387,0.791118310937145,0.8596367572475037,0.7929608082811532,1939.882,1,0,0.0179553156898589,False,none,,-4.570213267918177e-05,0.00026767193535570666
09304800,0.8596858856530079,0.7868734883654881,0.859508295303633,0.7870256237371396,0.858388761057224,0.7890585283596313,2655.893,1,0,0.0169892842028814,False,none,,-0.0001775903493748121,0.00015213537165148505
09306222,0.24478247374728845,0.19658834915329793,0.2449692302671096,0.196771007486237,0.24504931748653647,0.19769639075327106,1689.349,1,0,0.0019805682461965,False,none,,0.00018675651982114072,0.00018265833293906741
09306242,-0.4914788823826366,-0.022963540960916573,-0.4920423543242072,-0.02325750340144528,-0.4949783104661636,-0.021167935844490282,81.9855,0,0,0.0,False,none,control,-0.0005634719415705813,-0.00029396244052870557
09110000,0.4290750352359093,0.5139994262624732,0.4368521194004713,0.5140210844202291,0.1981239094921714,0.373271561429216,1237.295,2,1,0.5341395581354429,False,DOR>0.5,dam,0.00777708416456202,2.165815775589941e-05
09112500,0.7110401316656825,0.5233115199964682,0.7110107827406911,0.5236392544722512,0.7117529404901344,0.5263219007436912,748.9827,1,0,0.0008969402166233,False,none,,-2.9348924991401404e-05,0.00032773447578304804
09114500,0.8057916040950396,0.6646747287345285,0.8056963528454253,0.6629366007542374,0.7863634594477487,0.6419189130497209,2617.133,3,1,0.2363239710191956,False,0.1<DOR<=0.5,,-9.52512496142921e-05,-0.0017381279802910488
09118450,-0.6038425330526151,0.3162599840688237,-0.6028332306023194,0.31649915952166274,-0.6170604964615023,0.31213479199295013,864.4563,1,0,0.0347703353183413,False,none,,0.0010093024502957348,0.00023917545283902442
09119000,0.5817634337943873,0.7301699498612075,0.5738746829329886,0.727103897450637,0.5451658486973571,0.7175051726735227,2743.504,2,0,0.01303427556252,False,none,,-0.00788875086139873,-0.0030660524105705633
09124500,0.8572733089673521,0.8508535783055201,0.8564391177362095,0.850765917239739,0.850994327119956,0.8532748641962802,879.2001,0,0,0.0,False,none,control,-0.0008341912311425892,-8.766106578106392e-05
09126000,0.8007429984722584,0.7958711877500668,0.8010034711414482,0.7957499057527888,0.37037228212915585,0.019066392544100474,173.2248,1,1,0.1993175184088557,False,0.1<DOR<=0.5,dam,0.00026047266918982626,-0.00012128199727801103
09128000,-0.6783638774826823,0.30319634584218325,-0.4351431082734045,0.34964686474153717,-0.9594189301072833,0.204038436267586,10298.7,9,5,1.4658292125845962,True,DOR>0.5,dam,0.24322076920927782,0.04645051889935392
09144250,0.4987696743968769,0.6882239420945941,0.5382277755918463,0.7136370762685734,0.41172680000206197,0.5941666223562017,14613.81,15,8,0.9183637312849408,False,DOR>0.5,dam,0.0394581011949694,0.02541313417397928
09146200,0.8533735054739977,0.7740039901239413,0.8532664848513775,0.77404776383691,0.8537810396128217,0.7758222522005684,384.2453,0,0,0.0,False,none,control,-0.00010702062262024636,4.37737129687088e-05
09147000,0.44813307782350265,0.48997210255613854,0.44812125902230604,0.4899355391621171,0.4653935516304821,0.5118204377044153,252.0513,0,0,0.0,False,none,control,-1.1818801196605833e-05,-3.6563394021471574e-05
09147025,0.5451572531854657,0.6937987143456001,0.5676702652007768,0.6992422090844315,0.5429798757428291,0.6948036515754368,685.1979,1,1,0.5625619081174947,True,none,,0.022513012015311085,0.005443494738831323
09147500,0.7026371686974162,0.7239464992029996,0.7092059162443801,0.7195341178369601,0.7007339816096323,0.7253563504980659,1159.221,1,1,0.4684038445268523,False,none,,0.0065687475469639045,-0.004412381366039497
09149500,-0.1153312862984801,0.42811960695906737,-0.1019072771798506,0.4288759633851307,-0.1268759489634641,0.4258480766321866,2899.502,3,1,0.3636196526998024,False,none,,0.01342400911862951,0.0007563564260633093
09352900,0.7194628740525794,0.60351039165639,0.71939958211045,0.603479274635754,0.7654998022220957,0.7109096529813193,188.1514,0,0,0.0,False,none,control,-6.329194212939537e-05,-3.1117020635962334e-05
08245000,0.3232749010264804,0.6516845418984738,0.3261025019342617,0.6533926515798032,0.06228118690420403,0.46960238599026016,105.8085,1,1,0.8469516858309906,True,DOR>0.5,dam,0.0028276009077813358,0.001708109681329395
08284100,0.6839277472572749,0.33957096891188576,0.6840752553650469,0.3396498811755283,0.686201999510279,0.34110331906343794,1223.974,0,0,0.0,False,none,control,0.00014750810777197643,7.891226364253878e-05
08285500,0.11532518193552477,0.46869288200755255,0.11356568868437433,0.46166052766755483,0.11114782872519335,0.46937759657221856,2247.896,3,2,1.9955716598698447,True,DOR>0.5,dam,-0.0017594932511504346,-0.007032354339997715
08286500,0.15149444139390444,0.4829071418582572,0.15080151341485692,0.4759344701815008,0.14691599246124332,0.4838075256625165,4146.737,3,2,1.9200067613823335,False,DOR>0.5,dam,-0.0006929279790475196,-0.0069726716767564145
08287000,0.10753969394877705,0.4669560692253335,0.1711241901852263,0.47394316504200207,0.087961737037755,0.4601335662331577,5561.557,4,3,2.377295512106208,True,DOR>0.5,dam,0.06358449623644924,0.006987095816668565
09342500,0.8332506438708708,0.7919668226670248,0.833669226633653,0.7921271705027212,0.8332908698416339,0.7931738311476877,726.894,0,0,0.0,False,none,control,0.00041858276278217144,0.0001603478356964061
09346400,0.7961958867890456,0.7471392167448523,0.8002468376098864,0.7483395843081067,0.8028414610984678,0.7518748045148362,3248.188,2,0,0.0088579406503017,False,none,,0.004050950820840726,0.0012003675632543676
09349800,0.6299946190918151,0.455460279100779,0.6302478224855884,0.4557681270829286,0.6391072651219551,0.46469138543184707,1692.402,4,1,0.0421974261555199,False,DOR<=0.1,,0.0002532033937733269,0.0003078479821495561
09354500,0.30576020312899266,0.30565338732973635,0.3060648882185909,0.30553019338530174,0.2773232611580938,0.3483889268389688,1343.914,1,1,0.8150451455291096,False,DOR>0.5,dam,0.0003046850895982445,-0.00012319394443460752
09355500,0.17361658544558745,0.4262583297932675,0.23607646875360455,0.362592799429874,0.11521146476428923,0.39674453789189545,8372.682,9,3,2.99962296053068,False,DOR>0.5,dam,0.062459883308017106,-0.06366553036339351
09361500,0.8990472964684939,0.9003910255983558,0.8972585320773173,0.9002316019433666,0.8916458409744039,0.9034968166577203,1817.365,4,1,0.0399874782475912,False,DOR<=0.1,,-0.0017887643911765894,-0.0001594236549892214
09363500,0.9021219748913218,0.8911257148320333,0.8998787113318514,0.891179249905713,0.8897592918121509,0.8948658157736362,2854.036,6,3,0.2879442177234262,False,0.1<DOR<=0.5,,-0.0022432635594704653,5.353507367966692e-05
08317950,-0.1322348330737435,-0.15325442316215754,-0.12570309639990795,-0.16389566532289024,-0.08684860606732614,-0.07072148424589342,1536.176,1,1,36.71518620434974,True,none,dam,0.006531736673835553,-0.0106412421607327
08319000,-0.17551655141270106,0.22788125919844415,-0.1651267191313861,0.24300616218349413,-0.37085051454597706,0.1438316205042156,40850.5,35,14,1.456100762536917,False,DOR>0.5,,0.010389832281314959,0.015124902985049982
08324000,0.663586887961205,0.809537463409809,0.6618599903830513,0.8091405998169363,0.6593232220892788,0.8100579679772621,1207.948,1,0,0.005854449506681,False,none,,-0.0017268975781536966,-0.00039686359287272044
08334000,0.06376805302238064,-0.024353611345627968,0.059051815267661345,-0.030931921127752116,0.08623506757991539,0.0047572641326555365,1097.247,0,0,0.0,False,none,control,-0.004716237754719299,-0.006578309782124148
06289000,0.7405184909659808,0.7063809967716908,0.7401680868643961,0.7063120836697852,0.6057441073399243,0.4644778830051105,471.2687,0,0,0.0,False,none,,-0.00035040410158471147,-6.891310190559885e-05
06298000,0.8888078424341558,0.9416510116645934,0.888394505714944,0.9414481825650778,0.8700158325325564,0.813508570711891,533.6174,0,0,0.0,False,none,control,-0.0004133367192117321,-0.00020282909951563344
06309200,0.4663870261280155,0.38304327253046,0.472591416576841,0.3859260339266054,0.5392205795328531,0.5775538374559271,117.5427,0,0,0.0,False,none,control,0.006204390448825481,0.0028827613961454057
06311400,0.5120091829161271,0.7131981238153671,0.5095784383788575,0.7123741743525867,0.508044804790917,0.7111887805355123,251.3079,0,0,0.0,False,none,,-0.002430744537269547,-0.0008239494627804156
06635000,0.7054943260532706,0.7182862612930379,0.7004475791564373,0.7190376796436706,0.7065497300579577,0.716701074019886,6060.855,2,0,0.0365423656310001,False,none,,-0.005046746896833265,0.0007514183506327488
06647500,0.772208138285547,0.769932110160805,0.7721774353531061,0.7699192200564893,0.6427749693473191,0.49107787098899036,167.5161,0,0,0.0,False,none,control,-3.0702932440895836e-05,-1.289010431571036e-05
06620000,0.7459389845760294,0.8003700773011855,0.7439725770635468,0.8003003694138673,0.7248565106940592,0.7943971371045903,3702.637,10,0,0.0451685406674525,False,none,,-0.0019664075124825597,-6.970788731819333e-05
06623800,0.9302573738498195,0.9593126250407409,0.9303939089438011,0.9593769899364915,0.9282269646208828,0.9587214029707203,187.6617,0,0,0.0,False,none,,0.00013653509398159347,6.436489575056825e-05
06625000,0.9127181072503245,0.8366981975376258,0.9130942205948243,0.8367607020566169,0.910726490779228,0.8341981815392355,678.2625,4,3,0.3652300470145319,False,0.1<DOR<=0.5,,0.0003761133444997178,6.250451899114662e-05
06751490,0.6645707609787174,0.45790939694666855,0.6617505841227398,0.457999505249569,0.6203422574386583,0.6326055482735979,1399.281,5,0,0.3792372498530948,True,none,,-0.002820176855977574,9.010830290046012e-05
09010500,0.8277614691998624,0.8083064794635008,0.8274666154768052,0.8081589947414013,0.8277260584829497,0.8090871404807887,163.0043,0,0,0.0,False,none,,-0.0002948537230571535,-0.00014748472209946684
09237450,0.2737805942829449,0.222539082950164,0.2721958808671363,0.2211110096295278,0.2816939845111126,0.23084749173856867,529.1712,2,2,0.901471478808521,True,DOR>0.5,,-0.0015847134158085696,-0.001428073320636214
09237500,0.24933600061977057,0.2595983617305856,0.25016073920657644,0.25954035462183556,0.25460791697462004,0.266723726401599,583.0263,2,2,0.8517492236527806,True,DOR>0.5,,0.0008247385868058732,-5.800710875003556e-05
09239500,0.9448675996771672,0.9471793039302875,0.9445821348735441,0.9470787010984317,0.9443903309778477,0.946943780673001,1460.046,3,2,0.1724298316279712,False,0.1<DOR<=0.5,,-0.0002854648036230145,-0.00010060283185575614
06710385,0.48430998212340837,0.45663305685906175,0.48457640663975143,0.45681028773074894,0.49523627192486164,0.46661216269730954,267.4035,1,0,0.0255994013607609,True,none,,0.00026642451634306674,0.0001772308716871951
06719505,0.7279768204779539,0.6745900815880213,0.7217803790574964,0.6731869250744322,0.7128385315702508,0.6654364338229787,1020.431,5,0,0.0365431121649226,False,none,,-0.006196441420457499,-0.0014031565135890212
06730200,0.41158515266051965,0.4929187832673412,0.41243678914008064,0.493376974604518,0.4114312274464367,0.49380235386959714,799.5843,4,2,0.9464041119645248,False,0.1<DOR<=0.5,,0.000851636479560991,0.0004581913371768387
09032000,0.41982192055184453,0.44609773823465826,0.4190562106235749,0.44570525249074433,0.4209091418084031,0.44759635666063446,51.8418,0,0,0.0,False,none,,-0.0007657099282696311,-0.00039248574391392843
09032100,-1.3000352782967868,-0.325388015207146,-1.3024235735055565,-0.3256587817894141,-1.3051026142757634,-0.32849651117918643,12.4146,0,0,0.0,False,none,,-0.0023882952087697085,-0.00027076658226810046
09034250,0.5814670507658076,0.6577251995811131,0.5775525682908089,0.6491912383856946,0.5800454193831157,0.6609742902774509,2041.868,5,3,3.664842123720034,True,DOR>0.5,dam,-0.003914482474998704,-0.008533961195418494
09036000,0.8965434861574457,0.8142587120454927,0.8965797317053315,0.8142400240991363,0.8961757062577062,0.8082718760960337,231.8877,0,0,0.0,False,none,,3.624554788572709e-05,-1.8687946356399365e-05
09037500,0.7899553144222613,0.6800313550684484,0.7923105758476925,0.680728663753428,0.7922315045860842,0.6567162707286678,479.4928,0,0,0.0,False,none,,0.0023552614254311877,0.0006973086849796362
09038500,0.25720497131129205,0.6185217917780509,0.26264977868837625,0.6204784014230114,0.2484453613738572,0.6189100176395899,595.1547,1,1,0.9946377269862796,True,DOR>0.5,dam,0.005444807377084193,0.001956609644960472
09046600,0.6881110829784483,0.5805071510567239,0.6878005483446747,0.5804408231520564,0.6523579262795391,0.5331054463044649,319.5819,1,0,0.0126435156552803,False,none,,-0.0003105346337735071,-6.632790466754024e-05
09050100,0.8565212439071137,0.6864337945219889,0.8557195263665741,0.6855318434269064,0.8567364417926533,0.6879358083427496,224.2575,1,1,0.893882859713457,False,none,,-0.0008017175405395927,-0.0009019510950825094
09050700,0.10149138875861108,0.34417320973565824,0.15812614185659057,0.3585697813727994,0.07532830910925337,0.32404330829821626,851.6304,5,3,4.226743757311707,True,DOR>0.5,dam,0.056634753097979496,0.014396571637141142
09057500,-0.11613889972291447,0.4438159158853021,-0.04601258640506156,0.4672627800995601,-0.1430707859582796,0.43419180215161723,1494.94,7,4,2.528583017070187,True,DOR>0.5,dam,0.0701263133178529,0.023446864214258012
09058000,0.549559514441384,0.727332220653532,0.5511470878088288,0.7179906865891923,0.5282441945519941,0.7234437403951379,6148.432,18,9,2.157677397520806,False,DOR>0.5,,0.001587573367444861,-0.009341534064339685
09059500,0.8404273055801289,0.7619733315765529,0.840407221838924,0.7619450380975541,0.8628600698153408,0.8605527028542496,241.8444,0,0,0.0,False,none,control,-2.0083741204879324e-05,-2.829347899879764e-05
09063000,0.5790717033452386,0.45397773761459725,0.5773643789973758,0.4538237166713216,0.5776823929862609,0.4508156756757089,195.3027,0,0,0.0,False,none,,-0.0017073243478628042,-0.00015402094327565674
09064000,-1.4566412816336358,-0.7596667928198466,-1.4563810357484015,-0.7596823316117864,-2.362205361649078,-1.1339530987330817,95.4414,0,0,0.0,False,DOR>0.5,,0.00026024588523432257,-1.5538791939828656e-05
09064500,0.27518939887364924,0.3226978322305726,0.2758345362281305,0.32274156127980436,-0.015419764123047797,0.08512953301806359,151.2828,0,0,0.0,False,DOR>0.5,,0.00064513735448124,4.372904923177767e-05
09064600,0.7893982312325426,0.6746554966324131,0.7891518901858363,0.6746554557705766,0.7406589753243313,0.5936235041366604,478.7886,0,0,0.0,False,DOR>0.5,,-0.00024634104670628876,-4.086183647000752e-08
07096000,0.7556369563147434,0.7661901849730393,0.754184115728313,0.7658000015136195,0.7339393098762008,0.7610984841878533,7940.421,8,3,0.607528321051274,False,0.1<DOR<=0.5,,-0.0014528405864303595,-0.0003901834594197684
09107000,0.843876428210039,0.7988179088730435,0.8434139616551573,0.7987640571557859,0.8200888701026332,0.7315970482540923,331.6194,0,0,0.0,False,none,,-0.0004624665548818019,-5.385171725758031e-05
09109000,0.35770449307704155,0.6025364664774769,0.37314965775127773,0.6061102285796207,0.15039520881868085,0.47307193933634895,659.8449,1,1,0.8223677431663958,True,DOR>0.5,dam,0.015445164674236178,0.0035737621021437738
07203000,0.1546948943053743,0.049465274090753075,0.15558153476434167,0.05057098161811846,0.16112916616570006,0.0586355787474212,893.123,0,0,0.0,False,none,,0.0008866404589673582,0.001105707527365385
07206000,-0.1555458725303258,-0.11269793045754706,-0.15504514604010455,-0.11361888527939201,-0.4588951000297343,-0.14984528260555496,478.4778,1,1,7.876768239112286,True,none,dam,0.0005007264902212594,-0.0009209548218449548
07207000,0.23196883613067587,0.4030518137078274,0.23422927855238762,0.4037312274725028,0.05477295585680686,0.45571341906371066,708.7698,1,1,5.311296514821223,False,none,dam,0.0022604424217117502,0.0006794137646753962
07207500,0.5566096295859075,0.4205751902724135,0.558735646954181,0.42097919231163683,0.5568252532743752,0.4330964961495458,480.9231,0,0,0.0,False,none,control,0.0021260173682734473,0.0004040020392233057
07208500,0.6296696184214104,0.7985798499084368,0.6277860450694259,0.7979924968862193,0.4143867930687922,0.6434122035520076,159.2235,0,0,0.0,False,none,,-0.0018835733519845244,-0.0005873530222174628
08246500,0.7377558413056109,0.5960925017158081,0.7362115509506795,0.5944694989096742,0.7988528171359671,0.7064073761330012,729.6696,1,1,0.2677075337787098,False,0.1<DOR<=0.5,,-0.0015442903549314213,-0.001623002806133922
08247500,0.4880389389065142,0.4972275362821271,0.4864094736674346,0.49711169277892,0.48648588330925346,0.5008154280160733,300.735,0,0,0.0,False,none,,-0.001629465239079586,-0.00011584350320714698
08248000,0.7212734786342823,0.5927330516062299,0.721653852403414,0.5931055760692536,0.726084573168678,0.5992841332775442,396.1368,0,0,0.0,False,none,,0.0003803737691316922,0.00037252446302371567
08255500,0.4413681981142633,0.6161876213041017,0.44275471204654304,0.6170435519048489,0.45558120591042284,0.6254425970983095,565.8138,1,1,0.5005400133105953,False,0.1<DOR<=0.5,,0.0013865139322797315,0.00085593060074729
08265000,0.8225436741634904,0.8105012278044643,0.8228064330111798,0.8108694367352742,0.8251493124245672,0.8122482939851905,290.1681,0,0,0.0,False,none,,0.00026275884768944824,0.00036820893080991013
08266820,0.7205383767605223,0.8566833134130531,0.7202108359477561,0.8563807274505914,0.6830221147081164,0.7954036313066506,465.3193,1,0,0.0229494169050249,False,none,,-0.0003275408127662027,-0.0003025859624617988
08269000,0.7000436174112232,0.8175865794419066,0.6996323006707064,0.8174837953620844,0.3795316189912634,0.3617607485884965,163.2663,0,0,0.0,False,none,,-0.00041131674051686495,-0.00010278407982222681
08275500,0.8380715096812414,0.8426980339607153,0.8360939622192712,0.8420709568677607,0.8355686109140676,0.7878391031127464,207.8658,0,0,0.0,False,none,,-0.0019775474619702083,-0.0006270770929546199
08276300,0.32480254718154933,0.28777882025484547,0.3225615131473626,0.28737405403424887,-0.08891064119436498,-0.10080158260521621,995.1879,0,0,0.0,False,none,,-0.0022410340341867396,-0.0004047662205965974
08289000,0.48839523385404193,0.44753767437141834,0.4869643254937326,0.4475510922170953,0.4846837277998164,0.4490641763889198,1066.925,0,0,0.0,False,none,control,-0.0014309083603093464,1.3417845676988449e-05
07215500,0.6957239526737728,0.5297419436759256,0.6967563138517316,0.5301493273731227,0.693739023713724,0.5325130532220077,465.7302,0,0,0.0,False,none,,0.001032361177958796,0.00040738369719706125
07216500,0.5943431387128781,0.4497544721500789,0.5942624424934222,0.44996629948625944,0.5779151691433845,0.4398719240676978,690.4917,0,0,0.0,False,none,control,-8.069621945594463e-05,0.00021182733618052563
07218000,0.009454034920103771,0.4647637280838254,0.017601420464505413,0.4660243697846769,-0.0964982758072932,0.4682330516562845,626.4666,0,0,0.0,False,none,control,0.008147385544401642,0.0012606417008514947
08279000,0.7821369465234018,0.7301268328317467,0.7803107754311608,0.7301209313163874,0.7776304413905594,0.7307247033700033,825.1877,0,0,0.0,False,none,control,-0.0018261710922410357,-5.901515359285625e-06
08279500,-0.5656548281828817,0.04726571007140523,-0.5583853986880738,0.05110335129041377,-0.8673811622584406,-0.07548367327688998,26130.4,26,9,0.6601148575545421,False,DOR>0.5,,0.007269429494807911,0.0038376412190085363
08291000,0.25378270666688074,0.19019199291029099,0.25361918059929434,0.1901144488669917,0.25144846639778873,0.1890553549824645,238.815,1,0,0.1660631288290816,True,none,,-0.00016352606758640587,-7.754404329929354e-05
08294210,-1.2621723825540943,-0.3686317301005424,-1.26206237956352,-0.36870764481888796,-1.7633439828187103,-0.5827813068602052,87.4377,1,0,0.2312654199775043,True,none,,0.0001100029905742872,-7.591471834555996e-05
08377900,0.7877377256526166,0.7792421441541209,0.7876867963601594,0.7792614021915584,0.7883208303177565,0.7804517551025695,139.0311,0,0,0.0,False,none,control,-5.092929245720246e-05,1.9258037437519526e-05
08378500,0.7983235933158104,0.8236336708021077,0.7983574080035842,0.8236671868435522,0.7909680409446305,0.7906097738841306,444.9591,0,0,0.0,False,none,,3.3814687773858765e-05,3.351604144452569e-05
08379500,0.5224999444270066,0.5952607157375476,0.5207722602532572,0.594743417160446,0.5482830408032023,0.6132513896059455,2701.843,0,0,0.0,False,none,control,-0.0017276841737494664,-0.0005172985771015881
08380500,0.5424355449518732,0.705554546473297,0.5439186260677462,0.7068397500033325,0.503057287041967,0.7375350152461588,198.0621,0,0,0.0,False,none,,0.0014830811158730306,0.0012852035300355835
08382500,-0.06742010921061903,0.05807109442152758,-0.08712795802085305,0.042140971978633424,-0.056360903660325645,0.07104861797274187,1618.996,1,0,0.1639831211056693,False,DOR>0.5,,-0.01970784881023402,-0.015930122442894157
08382650,0.35730709926452253,0.43764848652821176,0.34496711072227193,0.4342866264380417,0.3870898252643036,0.4111774662305293,6453.274,1,0,0.0237799396713566,False,0.1<DOR<=0.5,,-0.012339988542250602,-0.0033618600901700324
08382830,-0.19120048421022906,-0.12691177653206265,-0.14345832656478152,-0.13609581602885412,-0.24569496213729725,-0.18586740831144688,6839.237,2,1,3.398188720046581,True,DOR>0.5,dam,0.047742157645447536,-0.009184039496791474
08383500,-0.13017368299715382,0.008257390241702245,-0.09129480112702115,-0.005533877727505132,-0.14942522967843397,0.029984328769375845,10462.74,5,1,1.6141163892535375,False,DOR>0.5,dam,0.038878881870132664,-0.013791267969207377
08390500,-0.11636004848766235,-1.2602894004001954,-0.0940131845025689,-1.3010784726002407,-2.1250236806184097,-1.5829720777511067,2449.408,3,1,24.87990268393385,True,none,dam,0.022346863985093446,-0.04078907220004524
08390800,-17.587377162848124,-6.5333586772811705,-15.832267495634895,-6.558228267319777,-43.96257921051772,-8.111802874467566,2497.768,3,1,55.42235056031481,True,none,dam,1.7551096672132296,-0.024869590038606226
08401900,0.1131158586162021,0.05052309756627926,0.10695141950087539,0.08307777243266412,0.06892976924123995,-0.03426296649629346,754.6581,0,0,0.0,False,none,control,-0.006164439115326714,0.03255467486638486
08405150,0.16434998929179956,-0.318425667201619,0.13711951980299142,-0.2710881300513954,0.1456645530188021,-0.5298230089210225,1160.815,0,0,0.0,False,none,control,-0.02723046948880814,0.047337537150223596
06430500,0.25586986916484245,0.5678673336743851,0.26015175080087205,0.568418979747886,0.2573118624308859,0.5731713495454954,1237.325,0,0,0.0,False,none,control,0.004281881636029605,0.0005516460735008888
06433000,0.5626667071883131,0.650127106659611,0.5639391987290496,0.6500087998028624,0.5569173436669119,0.6585884335497605,2397.315,0,0,0.0,False,none,control,0.0012724915407364978,-0.00011830685674862895
06409000,0.5042212779968638,0.45473902509116937,0.5052291819531185,0.45520885790004284,0.48976330746713737,0.601524938948661,205.3285,1,1,1.3557106784787911,True,DOR>0.5,dam,0.0010079039562547187,0.00046983280887347156
06431500,0.2778567819758263,0.6741013795302832,0.2795411614276737,0.6747143426866903,0.1465507399912831,0.6104677992521639,427.1049,0,0,0.0,False,none,,0.0016843794518474065,0.0006129631564071314
06741510,0.448095145585089,0.5353220700086515,0.44805221861624145,0.5352789132806507,0.4458330362011689,0.5381116583016641,1386.055,4,0,0.1209761362973212,False,none,,-4.2926968847556424e-05,-4.315672800081494e-05
06752260,0.6920632376181082,0.7150967899193121,0.6923751286237613,0.714984538947416,0.6712462020444643,0.7378799656055772,2920.828,9,1,0.2695578615876079,True,DOR>0.5,,0.0003118910056530977,-0.00011225097189615507
06752280,0.6417823971927231,0.5249538525585644,0.6412983680257762,0.525457246108942,0.5994936629302321,0.48288741846190886,3222.639,15,2,0.5033136471125851,False,DOR>0.5,,-0.0004840291669468977,0.00050339355037754
06714215,0.278170873550857,0.2217131731631078,0.2715776176337137,0.214065065104445,0.2688807823473809,0.21603379870533612,10080.27,26,8,3.233518712991636,False,DOR>0.5,dam,-0.006593255917143326,-0.007648108058662784
07099970,0.5759821658800404,0.3963924553086088,0.525803538665413,0.3866995229397129,0.5539068124323677,0.3938294242620446,12259.25,13,4,1.577264585244599,False,DOR>0.5,,-0.0501786272146274,-0.009692932368895901
07103700,0.3323714376433684,0.263554558700569,0.3322219264595304,0.2634505928997344,0.3386254294072262,0.27294735350674704,264.1635,0,0,0.0,False,DOR>0.5,,-0.00014951118383799145,-0.0001039658008346045
07104000,0.37885480448497255,0.3263455735211871,0.3787008645679587,0.3265075388264561,0.41306506987713887,0.37287199829363105,529.2297,4,0,0.1671640101298336,False,DOR>0.5,,-0.00015393991701384557,0.00016196530526901842
07105500,0.4239043862999887,0.3243315706798986,0.4240001803147946,0.3244910072612315,0.45645833788985757,0.35393463501636424,1017.876,6,0,0.0909397316053485,False,DOR>0.5,,9.579401480586114e-05,0.00015943658133288352
07105530,0.2784273909299484,0.14350285956530695,0.2785266058544542,0.143618075227411,0.32152181781007594,0.18345515893122621,1071.976,6,0,0.0535119198027641,False,DOR>0.5,,9.921492450581937e-05,0.0001152156621040401
07105800,0.4127375201175214,0.2987711953934926,0.4123423453342938,0.2988010632677266,0.441640098377159,0.3311523596026471,1316.769,7,0,0.0461956191362614,False,0.1<DOR<=0.5,,-0.00039517478322759203,2.986787423397974e-05
07109500,0.6431659700007095,0.625951835507123,0.6217558619037246,0.631369322010435,0.6028634143296501,0.6120535535192373,16200.62,23,5,1.062886851883096,False,DOR>0.5,dam,-0.02141010809698496,0.005417486503312086
07124200,0.5012731011411447,0.4779814410383919,0.5045785076246265,0.4793553984711987,0.5162139250601396,0.48766068367409987,1306.913,4,0,0.1177254097432119,False,none,,0.0033054064834818764,0.0013739574328067716
07124410,0.43628347700299364,0.4026233679001595,0.44028243602571016,0.396842407030792,0.4331779621234876,0.4061388095158456,1740.91,5,1,1.472811217374032,True,DOR>0.5,dam,0.0039989590227165195,-0.005780960869367524
07211500,0.37785614308025683,-0.030070790258772462,0.4162647275808644,-0.02324492215951257,-0.037231491854770926,-0.20696744048585014,7220.061,8,2,3.602401189610666,False,none,,0.03840858450060758,0.006825868099259891
07226500,0.09074057201591501,0.032149787921697315,0.055566400708060626,-0.06274321876310829,-0.5334291122494412,0.026066212104300934,5242.753,0,0,0.0,False,none,control,-0.035174171307854385,-0.0948930066848056
08384500,-0.09744523352551493,0.00657780038198752,-0.0537855632476838,0.000247146109447427,-0.1437108830159981,0.003578807413763263,11624.61,6,2,2.284454805038684,True,DOR>0.5,dam,0.04365967027783113,-0.006330654272540093
08405500,-0.012256615657793013,-0.33834222341600806,-0.012649468274523734,-0.34601572922460444,-0.013977173636199325,-0.27149090884539273,961.7706,0,0,0.0,False,none,control,-0.00039285261673072114,-0.007673505808596381
08408500,-0.0014725207502463977,-0.5241134261730065,-0.0013185612367443422,-0.524196746481838,0.00618178682448467,-0.4878107877633624,2024.692,0,0,0.0,False,none,control,0.0001539595135020555,-8.332030883151376e-05
06332515,-0.028547017836305644,0.18701065458278487,-0.02977695719350293,0.18922846340388766,-0.09499696215205544,0.17462692944980984,191.4867,0,0,0.0,False,none,control,-0.001229939357197285,0.0022178088211027847
06339100,0.40573887943867837,0.4135312682976906,0.3339026554835375,0.3330487212362959,0.463907935124249,0.5456368656512611,529.1415,0,0,0.0,False,none,control,-0.07183622395514089,-0.08048254706139468
06344600,0.3618549931917534,0.3802748062230409,0.3590767685390307,0.3537899274579751,0.3541913937996065,0.44344584259914877,402.4971,1,0,0.0015926311388882,False,none,,-0.002778224652722705,-0.026484878765065778
06350000,0.5191877131077455,0.3879690471296473,0.5124405389839994,0.35071631639071,0.48194618792591803,0.42865413865359625,1501.049,4,0,0.0425022806269616,False,none,,-0.006747174123746036,-0.03725273073893731
06352000,0.48623945256119516,0.2963614199637181,0.46305375666860427,0.2600878159891187,0.4822026340538884,0.3240528160392575,1441.832,5,0,0.0670518095741586,False,none,,-0.023185695892590896,-0.036273603974599444
06402000,-3.3049351290746314,-0.24888949827041928,-3.3051081076079303,-0.24948528968781325,-3.3272171182641275,-0.24795974808605936,353.2752,2,0,0.0586169991690782,False,none,,-0.00017297853329889534,-0.0005957914173939649
06402500,-0.33280328574032314,-0.10434403737195463,-0.33399533141158533,-0.10593745911655317,-0.32950792185962974,-0.09888759902823452,328.4451,0,0,0.0,False,none,,-0.0011920456712621874,-0.0015934217445985333
06403300,0.6113254492117648,0.6939955053809563,0.6193268379920178,0.6948334004092174,-1.5295178696359475,-0.2486766725026821,271.5093,0,0,0.0,False,none,control,0.008001388780253027,0.0008378950282610376
06404000,0.7910259684169463,0.8768409020129656,0.7901671051770841,0.8753360120289205,0.43853664165207196,0.4851405472886331,151.8273,1,0,0.0347138240608756,False,none,,-0.0008588632398621732,-0.001504889984045077
06406000,0.36588018160083136,0.6610704733220552,0.363858699437718,0.6611988255873094,-0.38794691933118064,0.28700951770421934,436.3389,1,0,0.0153727579710359,False,none,,-0.002021482163113375,0.00012835226525420573
06406500,0.45558941034259337,0.7262436541915949,0.520068387454345,0.7518088944845225,-0.4208686862176896,0.3338250445581723,733.5198,1,0,0.0141668743076726,False,none,,0.06447897711175166,0.025565240292927616
06407500,0.7752582709097502,0.7891031074040213,0.7662589284839827,0.7872620619648294,0.6629942832745097,0.8322491507544845,420.0885,3,1,0.9184540401327124,True,DOR>0.5,,-0.008999342425767498,-0.0018410454391919462
06410500,0.5651079943069934,0.42901188418512304,0.5545861949797039,0.423811191150791,0.6219118470419787,0.4953121772249436,762.5259,2,2,1.601322124353945,True,DOR>0.5,dam,-0.010521799327289583,-0.005200693034332016
06411500,0.5094191098079346,0.41331051557246945,0.510834247914445,0.4111816058628407,0.5546610283091151,0.47625830123709456,836.325,2,2,1.5941609310218403,True,DOR>0.5,dam,0.001415138106510394,-0.002128909709628757
06412500,0.5308458564966929,0.4007338519177951,0.5309185943118633,0.39785842185042497,0.5437656703268927,0.47639632735909154,973.4481,2,2,1.5720210193001116,False,DOR>0.5,dam,7.273781517036504e-05,-0.0028754300673701216
06414000,0.43764703645931513,0.33537932856625163,0.43708482627077305,0.3327676580952946,0.4839581009296414,0.45193601203936884,1074.585,2,2,1.1570745886576763,False,DOR>0.5,dam,-0.0005622101885420783,-0.002611670470957006
06418900,0.375479153607877,0.2818037899986592,0.37328371829815354,0.2767562584656871,0.4633513570611201,0.4101373071539197,1186.315,2,2,0.9856571585201545,False,DOR>0.5,dam,-0.002195435309723437,-0.005047531532972105
06422500,0.691532564278388,0.5900075891541467,0.6913796587969545,0.5898553942655705,0.7002895372957489,0.6241521813002533,243.9207,0,0,0.0,False,none,,-0.00015290548143354066,-0.000152194888576207
06425100,0.31554196487504893,0.49721129114861806,0.3152561554221589,0.4950229941087426,0.28203617239188516,0.515129460026692,545.742,1,0,0.0009743259538788,False,none,,-0.000285809452890029,-0.002188297039875442
08079600,0.5224970090540499,0.5699511441923946,0.5490217650266821,0.4742453441748572,0.3338724452444385,0.6243253895926013,3348.947,1,0,0.0100220167368239,False,none,,0.026524755972632152,-0.09570580001753737
05120500,0.4131271161762864,0.6366606624206447,0.41663898844969993,0.6354738388894399,0.41081285312092575,0.6413585385460878,1509.827,0,0,0.0,False,none,,0.003511872273413541,-0.0011868235312048059
06339500,0.5009330701653705,0.655330163965828,0.4832369671066197,0.6229754952193719,0.35014963359195705,0.6071283392671873,3171.457,2,0,0.0154555972110263,False,none,,-0.0176961030587508,-0.032354668746456094
06353000,0.5859198744489549,0.4344597099981159,0.5459590504535314,0.3674316831539308,0.5492873850825466,0.5325255163171216,4526.511,17,0,0.0435777728056724,False,none,,-0.039960823995423445,-0.06702802684418507
06354000,0.5728023060940942,0.3887762160169038,0.54012475094946,0.32514861252699967,0.5750208231519711,0.5265873233058649,10598.19,29,0,0.044695438544927,False,none,,-0.03267755514463422,-0.06362760348990415
06360500,0.6379030800162991,0.729624239027097,0.6015739080059912,0.6944408759253802,0.5406626494880848,0.6499830260745784,12654.96,15,0,0.0253927850021888,False,none,,-0.03632917201030794,-0.03518336310171688
06440200,0.08179772233966864,0.2149154338127297,0.1065099772394218,0.26115553723278107,0.019430554426815072,0.13240593882338625,649.1916,1,0,0.006085448107103,False,none,,0.02471225489975315,0.04624010342005136
06441500,0.3018981270759581,0.31976304781867215,0.26937078412016424,0.26546900370764714,0.25283704937160567,0.4301710304841079,8152.545,11,0,0.0275076577130289,False,none,,-0.03252734295579385,-0.05429404411102501
06447000,0.3213965942509758,0.5809858428104473,0.33064923802995183,0.6460044887279185,-0.05237896325706859,0.3358113384987731,12849.71,14,0,0.0633300559167996,False,0.1<DOR<=0.5,,0.009252643778976055,0.0650186459174712
06450500,0.46243352910058366,0.4810565111149301,0.44312847610450745,0.46337135300397303,0.49717742026488865,0.5196348687121812,4111.272,11,0,0.1233764704242333,False,none,,-0.01930505299607621,-0.017685158110957055
06447500,0.32992827370722655,0.36884184616299465,0.3137018123383445,0.3559780038188589,0.3409519630242459,0.3799857167556693,826.6077,2,0,0.1390908058975349,True,none,,-0.01622646136888206,-0.012863842344135734
06846500,0.03287197739733394,-0.3661559495909439,0.030564871155331796,-0.37409716023149575,0.037648598095535,-0.33258373402888286,4357.758,1,0,0.364163319026538,False,none,,-0.0023071062420021438,-0.007941210640551866
06847900,0.2694916234614285,0.10330328537620481,0.2567047528675581,0.07994721589297427,0.2922742103889371,0.1478728248220489,1536.188,0,0,0.0,False,none,control,-0.012786870593870403,-0.023356069483230546
07299670,0.2975932224498564,-0.011953648453427723,0.29042992845120263,-0.013885419120328812,0.27789654344718906,0.10363779908842341,828.3573,0,0,0.0,False,none,,-0.007163293998653786,-0.0019317706669010892
07301500,0.4937308935091491,0.6139111106238809,0.5381412743871192,0.683674145374013,-0.7752976858892242,0.055170482224339845,6885.075,11,0,0.0658461939500494,False,none,,0.04441038087797011,0.06976303475013212
08082700,0.3534939277181608,0.14396716202657678,0.35766216425608477,0.15597771459887755,0.3874570057821749,0.16260279228787244,276.0354,0,0,0.0,False,none,,0.004168236537923975,0.01201055257230077
08165300,0.11469750408395085,0.5292583913020156,0.10300374761762832,0.5275411477296932,-0.21270711797833886,0.3814253397348645,435.9924,0,0,0.0,False,none,,-0.011693756466322536,-0.0017172435723223911
08190000,0.47685877722296344,0.4588704838245148,0.4719801797222879,0.45436922770377,0.49466689592002633,0.49395215871649034,1961.433,0,0,0.0,False,none,control,-0.004878597500675541,-0.004501256120744812
08190500,0.1540489830416607,-1.0797047711397374,0.14544688271026063,-1.0962934671559452,0.09339658431076092,-1.4931469473013137,1799.09,0,0,0.0,False,none,control,-0.008602100331400075,-0.016588696016207827
08195000,0.6799088651775473,0.7291352851316945,0.6802195612401518,0.7306600505235454,0.6927576666532527,0.7629398056025525,1028.286,1,0,0.0006018037843214,False,none,,0.00031069606260447635,0.0015247653918509796
08196000,0.5014238084297087,0.48589679767649296,0.4971228323293856,0.48294897800613323,0.5196080814980222,0.6297528621022888,326.9781,0,0,0.0,False,none,,-0.004300976100323095,-0.0029478196703597304
08198500,0.7153405361664755,-0.06442349847739437,0.7111767299469227,-0.058860544393015246,0.7378749724200846,-0.12197041066047087,624.347,0,0,0.0,False,none,,-0.0041638062195528125,0.005562954084379124
08202700,0.681987714577263,-0.9882983386662534,0.6810521534478546,-0.9747662469067588,0.6683165767232055,-1.1757375280980433,434.745,1,0,0.0002105012472073,False,none,,-0.0009355611294084021,0.013532091759494547
05056000,0.5698307709425225,0.304784131217433,0.5546398975184792,0.2752965402516011,0.5357142708303714,0.3320047957669071,4862.024,8,0,0.0874867642027489,True,none,,-0.01519087342404335,-0.029487590965831867
06468170,0.3296177425734135,0.030129090929236546,0.3271215903015048,0.02437252334001283,0.3421906650131976,0.061975210387094304,2809.098,2,0,0.0034219246588789,False,none,,-0.0024961522719086915,-0.005756567589223716
06468250,0.3327824870274657,0.01966249074717341,0.32184905452825874,0.009356195901692455,0.3396563747076291,0.05775808278794747,3242.608,2,0,0.003010466149739,False,none,,-0.010933432499206974,-0.010306294845480957
06470000,0.21392535858412753,0.041403106777200716,0.2270147918768729,0.0437495944730496,0.1908354908531289,0.06458169245639167,7459.441,11,3,0.3694343710618126,False,DOR>0.5,dam,0.013089433292745367,0.0023464876958488867
06470500,0.23017603985820356,0.01228575007099264,0.2416446785595201,0.02379586440272785,0.31889258499316264,0.07584340480123586,11189.83,14,3,0.2381386270384653,True,DOR>0.5,dam,0.011468638701316536,0.01151011433173521
06471200,0.6028076097205153,0.5313886244293813,0.5999729057786398,0.5273630364909125,0.5520128305683683,0.5493984276817853,1869.337,4,0,0.0249439146198715,False,none,,-0.0028347039418754605,-0.004025587938468744
06452000,0.5001505192975731,0.5482121499841779,0.36303192977194254,0.344174733352385,0.1747750489119385,0.5835844328956292,25791.04,30,0,0.0571182631029488,False,DOR<=0.1,,-0.1371185895256306,-0.20403741663179287
06453600,0.6132449659562504,0.7145914896202324,0.6081802701240879,0.7081758561572137,0.5966154120340377,0.7374263806983125,2101.42,7,0,0.0475412103905716,False,none,,-0.0050646958321625135,-0.006415633463018766
06464500,0.4786412390346172,0.4786733843425841,0.47100189385227353,0.4707019827137201,0.46965234868914973,0.5015722626481001,2914.043,6,0,0.0492976392322068,False,none,,-0.00763934518234366,-0.007971401628864005
06853800,0.09804519447486626,-0.025207206407533045,0.08898205915413515,-0.02411955624733042,-0.2548028620218401,-0.5161211655401208,589.4253,0,0,0.0,False,none,control,-0.009063135320731108,0.0010876501602026245
07142300,0.1622247767422601,0.3259324570988389,0.17299978736134458,0.32274430484487737,-0.04372638187838995,0.2924006941013957,1819.941,0,0,0.0,False,none,control,0.01077501061908448,-0.003188152253961518
07148400,0.46711541821145386,0.6608876666689447,0.471781015624805,0.6653291964820884,0.3511287414925558,0.5682362649971185,2544.504,0,0,0.0,False,none,control,0.004665597413351152,0.004441529813143719
07149000,0.45096948222307587,0.5778866515900405,0.4511544585322126,0.5786251634037728,0.4332401167750388,0.6303486751164005,2291.199,1,0,0.00732783534892,False,none,,0.00018497630913671959,0.000738511813732301
07315200,0.5427455776012222,-0.048381200980322614,0.5450890771551467,-0.05069002504370168,0.4012015235706079,-0.4384463315526279,501.6159,0,0,0.0,False,none,,0.002343499553924433,-0.002308824063379067
08086212,0.4609152071391779,0.5697539756286127,0.49185380664907996,0.5877792260213359,0.46332439523397784,0.5073296015255366,1584.818,3,0,0.1649566001290519,False,none,,0.030938599509902076,0.01802525039272318
08086290,0.6319986320300264,0.6680527845917557,0.6258490666983211,0.66712460354919,0.6667187729618587,0.7211576645353868,732.9825,0,0,0.0,False,DOR>0.5,,-0.006149565331705298,-0.0009281810425656456
08101000,0.6542435508015918,0.6070595936901995,0.6513809256123511,0.6067940567708111,0.6916442915189607,0.6594709663757374,1177.1,0,0,0.0,False,none,control,-0.0028626251892407417,-0.0002655369193883539
08150800,0.16392482080846305,0.3810610760637443,0.13941638454537975,0.35427456584841177,0.12989157235840199,0.4426172916124287,557.5212,0,0,0.0,False,none,,-0.0245084362630833,-0.026786510215332515
08158700,0.542782455489226,0.7531607749223541,0.5682763216044109,0.750963714066552,-0.5316295434218301,-0.19335621343189224,320.3442,0,0,0.0,False,none,,0.025493866115184893,-0.0021970608558020688
08171300,0.6895687281520844,0.7486543229483347,0.6946333207699188,0.7479855665812106,0.651145148511007,0.6273588464618646,1067.474,0,0,0.0,False,none,,0.005064592617834429,-0.000668756367124046
08178880,0.4434544701784905,0.35610178574975826,0.4438116503972932,0.355871189140589,0.49084770228061014,0.39585544477211976,850.5792,1,0,0.0012010636117733,False,none,,0.00035718021880271067,-0.0002305966091692424
08186000,0.5873058597624663,0.5475475739929353,0.5877799187640504,0.5653493575337691,0.4450087106422531,0.5898059757517657,2136.467,3,0,0.0293325784970426,False,none,,0.0004740590015841484,0.017801783540833838
08200000,0.4119659464401113,0.3836605792308302,0.4082704294270869,0.3791041320716433,0.5159854027915731,0.5691779490155028,249.1146,0,0,0.0,False,none,,-0.0036955170130243964,-0.004556447159186905
08194200,0.34041465415338334,0.26262056531726896,0.33800185282771245,0.26249851907353705,0.3555404259609741,0.24446222007466445,1220.584,1,0,0.0291584057189735,False,none,,-0.002412801325670899,-0.00012204624373191031
05069000,0.5580377955112377,0.7028840774872098,0.5547968102153882,0.6991737914101763,0.5481891254858307,0.7006744476547015,1335.652,2,0,0.0515186458716739,False,none,,-0.0032409852958494856,-0.0037102860770334978
05084000,0.5117069596189254,0.4346171270604382,0.5131521311105601,0.43540387025392024,0.524084604304613,0.44709853026721846,1049.403,7,0,0.129258433274142,False,none,,0.0014451714916347003,0.0007867431934820424
05085000,0.49413200244012845,0.35364836996206817,0.49403586423354307,0.3535445634724824,0.49492642248199614,0.36576433136523046,1425.433,8,0,0.0988865327195194,True,none,,-9.61382065853833e-05,-0.0001038064895857449
05090000,0.6562340267810929,0.5158931633872295,0.6535184794267874,0.508066453295082,0.6374985492251064,0.5296064528708186,1741.693,7,0,0.0529155491749579,True,none,,-0.0027155473543054587,-0.007826710092147415
05051522,0.7340554555402041,0.569482865909523,0.7358920109507705,0.5628146757152064,0.7068979444060101,0.5771160762574828,10815.01,48,15,1.8080857185531956,True,DOR>0.5,,0.0018365554105663762,-0.006668190194316637
05058700,0.6912933692177813,0.4429039946779326,0.6583958133401328,0.3997839775234353,0.6369534873868234,0.4925070605425955,11635.5,21,0,0.0468981846537632,True,DOR>0.5,,-0.03289755587764853,-0.043120017154497314
05059000,0.6223464549981252,0.4314956822941871,0.5848339361818036,0.3845114656832126,0.5248716966886744,0.49209862776564095,12965.68,22,0,0.0453298356215797,False,0.1<DOR<=0.5,,-0.03751251881632167,-0.046984216610974516
05059700,0.7492085534318008,0.8330998387415465,0.7488632554882588,0.8253086931311516,0.7327568430360423,0.8334005041308241,2145.448,2,1,0.1171556267644789,False,none,,-0.00034529794354198895,-0.007791145610394845
05060500,0.5669766073075357,0.472745925554406,0.5689174465391124,0.47501689414397263,0.5707631228427591,0.4860660755629095,251.1891,1,0,0.081507850974418,False,none,,0.0019408392315766188,0.0022709685895666576
05061000,0.7252210407922393,0.7797738476434685,0.7274639512357599,0.7817631084210315,0.5942718754826957,0.5976306948577791,924.6267,2,0,0.0169042820678546,False,none,,0.0022429104435206515,0.0019892607775630067
05066500,0.7380479681577968,0.5828900012930094,0.7269547569216392,0.565199274649439,0.7159355859410445,0.5974820868307433,3217.612,6,0,0.0337706277956529,True,none,,-0.011093211236157585,-0.01769072664357041
06470800,0.5036537287659983,0.27123646486841535,0.5052738517884108,0.26846180564517175,0.5061899291874294,0.2894588823615931,1071.145,0,0,0.0,False,none,control,0.0016201230224124341,-0.002774659223243603
05291000,0.576662071099939,0.5617964908907608,0.5766155391964001,0.5641006325236069,0.5550971745151134,0.4998412411005151,1046.776,1,0,0.0050097972036146,False,none,,-4.653190353898218e-05,0.0023041416328460906
05292000,0.580170383245955,0.7465625143242023,0.6028333931492644,0.7585383599694951,0.4978740936768675,0.6945632024426847,3024.005,5,1,0.5809587229383059,True,DOR>0.5,dam,0.022663009903309383,0.01197584564529286
06480000,0.07343535798846446,0.305920451205242,0.06896032424924647,0.3087021027367973,-0.1777857091046009,0.2328640683414085,8138.36,3,0,0.0009349123522988,False,none,,-0.004475033739217982,0.002781651531555296
06481000,0.31036860033119895,0.4653130162706658,0.2801160939939249,0.45397179207808813,-0.017484639331524887,0.35178936771855396,9662.446,3,0,0.0007007910974576,False,none,,-0.030252506337274054,-0.011341224192577659
06482020,0.3459723949589848,0.49309883729187765,0.27720168887950314,0.46577630467473174,-0.029313765608752984,0.3545117059256997,11568.33,7,0,0.0038060814850234,False,none,,-0.06877070607948166,-0.0273225326171459
06479010,0.5413917672973811,0.7424499272066161,0.4977618793081018,0.7202283332065894,0.2251255892954206,0.5898342207685449,5871.788,1,0,0.0266880898062168,False,none,,-0.04362988798927936,-0.022221594000026657
06483500,0.6154637878382111,0.7496169752796982,0.5970585565402822,0.7394848823372826,0.4652673001012382,0.6771669298957641,4133.943,2,0,0.0001939211004865,False,none,,-0.018405231297928926,-0.010132092942415571
06485500,0.5278492776586423,0.5989593520836177,0.3882233941907465,0.5429541753852647,-0.22123832644068875,0.3611709335261597,19904.46,12,0,0.0026417851126976,False,none,,-0.13962588346789584,-0.05600517669835303
06600500,0.6316695050468906,0.7924387977387896,0.6403425073140809,0.798916431639759,0.2809647480884889,0.5524166918664382,2297.873,0,0,0.0,False,none,control,0.008673002267190366,0.006477633900969448
06601000,0.3270122500918613,0.43232260886027174,0.3192193283706275,0.4176219780043873,0.32788066130070004,0.49494402049744546,450.1989,0,0,0.0,False,none,,-0.007792921721233803,-0.014700630855884467
06799100,0.6791580321220454,0.7910460783965723,0.672846531145352,0.7889502771867196,0.6221624076885572,0.7791489171519458,1836.301,1,0,0.0689274169298688,False,none,,-0.006311500976693418,-0.0020958012098526435
06800000,0.6433610860250593,0.6290903605015398,0.5805305831262382,0.57506149960065,0.6413519782361552,0.609757110669063,953.9042,0,0,0.0,False,none,control,-0.06283050289882108,-0.054028860900889764
06803500,0.7039287827144785,0.731982526182056,0.7273925876632641,0.7612595730211413,0.5603263289182587,0.5690879350989304,1774.213,8,1,0.3065611703857663,False,DOR>0.5,,0.023463804948785638,0.029277046839085386
06803530,0.6950725851928119,0.6692097220221036,0.700570676195605,0.6734236611500909,0.5617481444777872,0.3582564800635447,309.7458,0,0,0.0,False,none,,0.005498091002793082,0.004213939127987287
06803555,0.7813133283632786,0.8169442975358596,0.7883661312662136,0.8428201131975385,0.6163415136110995,0.6145523919529685,2723.988,8,1,0.1867796771704843,False,0.1<DOR<=0.5,,0.007052802902934974,0.025875815661678847
06804000,0.7544975630941487,0.7446595403363794,0.731016174905597,0.7249696261894458,0.6484623854455542,0.6192764984710097,698.9238,1,0,0.1145643464354955,False,none,,-0.02348138818855172,-0.01968991414693355
06803000,0.3428988167321465,0.28945118461435726,0.34778585853625954,0.2951109616257255,0.24155756086727798,0.22809342295034285,433.5349,3,0,0.2148467550609923,False,none,,0.004887041804113035,0.005659777011368217
06885500,0.636642962530176,0.5776411742132839,0.6309496482251477,0.5716375077379239,0.6998204667472824,0.6740051531668534,1062.869,2,0,0.0377989317740784,False,none,,-0.005693314305028396,-0.006003666475359992
06876700,0.5690431061144314,0.59473482880262,0.5629213522764656,0.5932013079486049,0.5489765245107985,0.5924782762130435,1056.442,3,0,0.0239800231209683,False,none,,-0.006121753837965871,-0.0015335208540150358
06878000,0.5256726063748163,0.5629984817961271,0.5506687562777485,0.5794468533930848,0.6369248553356057,0.7102876032869326,776.4183,0,0,0.0,False,none,control,0.024996149902932197,0.016448371596957667
07145700,0.6822038794188408,0.6649961698762781,0.6810137991195038,0.6647063707523421,0.6632035092349795,0.639902218727538,399.8106,0,0,0.0,False,none,,-0.001190080299336982,-0.0002897991239360076
07151500,0.7516424993298618,0.8145535961738736,0.7481293226572776,0.8136565205819595,0.706490118938393,0.8133079156576032,2108.996,0,0,0.0,False,none,control,-0.0035131766725842173,-0.0008970755919140982
07167500,0.729590967617721,0.724648413819865,0.714289255897307,0.7119860448689656,0.7522531631203251,0.7474829094623345,319.6179,0,0,0.0,False,none,,-0.015301711720414057,-0.01266236895089945
07315700,0.6267379627603655,0.37631330245122796,0.6524199413728604,0.42553232152538123,0.5349622513685941,0.2937106105016205,1488.686,0,0,0.0,False,none,control,0.025681978612494882,0.04921901907415327
08110430,0.6958746313508865,0.6085130288381696,0.7025981153540499,0.6120262567488719,0.7688499631099963,0.7223051447354549,252.0918,2,0,0.0124988011869159,True,none,,0.006723484003163471,0.003513227910702299
08104900,0.553442487956401,0.5648232484584144,0.5542773665506922,0.5645333472152263,0.5699426348918744,0.626954797089464,342.6174,0,0,0.0,False,none,,0.0008348785942910997,-0.0002899012431880621
08109700,0.6949182233760423,0.6912798176473876,0.6951234715392687,0.6965094013927321,0.6796054258466782,0.7340912697016494,610.1262,0,0,0.0,False,none,,0.00020524816322642359,0.005229583745344546
08109800,0.6493660761507026,0.7406644561763569,0.6485642302012906,0.7376254260113764,0.5863442821295137,0.6507360260092196,620.0019,0,0,0.0,False,0.1<DOR<=0.5,,-0.0008018459494120167,-0.0030390301649805274
08110100,0.6946293068547107,0.75307803981304,0.6484132879047317,0.7034242175215191,0.682037409313542,0.528662432292228,504.1584,0,0,0.0,False,none,,-0.046216018949978954,-0.04965382229152093
08110500,0.7124232243488815,0.6765781550965655,0.6021214182679702,0.5279916624294257,0.5506691060938429,0.5875451849057183,2440.069,8,1,0.6501256239357776,True,DOR>0.5,dam,-0.11030180608091134,-0.14858649266713975
08162600,0.6452031388825343,0.7473240926439444,0.6472158570288001,0.7573784000603768,0.6336557834458192,0.7159997573547915,408.2841,1,0,0.0014538491606868,False,none,,0.0020127181462658017,0.010054307416432429
08164000,0.6450733601691252,0.6566545647734738,0.7125068095428411,0.7435532164538097,0.6212699522630203,0.7829615990865598,2123.997,0,0,0.0,False,none,control,0.06743344937371587,0.08689865168033584
08164300,0.6590646930841493,0.718999547498376,0.6867031829592495,0.7511183980989262,0.6345915333004419,0.6010164381835866,861.5421,0,0,0.0,False,none,,0.027638489875100203,0.0321188506005502
08164600,0.7139682261356903,0.7929963987762862,0.71028985471453,0.7728513152457883,0.6603720020860913,0.8031389142429822,253.9206,0,0,0.0,False,none,,-0.0036783714211603424,-0.02014508353049793
08175000,0.6382752794893625,0.6328395306820165,0.6322432891133828,0.6227247710025745,0.636209383338483,0.6768899789409542,1421.657,4,0,0.006657923140158,False,none,,-0.006031990375979679,-0.010114759679441976
08176900,0.47604549343438174,0.39605271526700647,0.4772271816574286,0.39561596447174074,0.49782841856047955,0.4304046791485152,925.4421,0,0,0.0,False,none,control,0.0011816882230468728,-0.0004367507952657279
08177500,0.46033685609403985,0.4094772336713812,0.493972713287681,0.4388913601046237,0.5652867416323594,0.49960987683549474,1294.516,1,1,0.3718781484600229,True,DOR>0.5,dam,0.03363585719364115,0.029414126433242482
08188500,0.40912646594129687,0.5828194349063736,0.4972537966788856,0.6516263180888588,-0.6125568157181256,0.3273384577397189,10120.08,27,4,0.4623924384276306,False,DOR>0.5,,0.08812733073758872,0.06880688318248529
08189500,0.672163837879818,0.7158108716155308,0.743176527598163,0.7763087341075133,0.6735350376304747,0.7064358916554194,1808.286,0,0,0.0,False,none,control,0.07101268971834496,0.060497862491982524
08189700,0.30373719514184316,0.32755521351413364,0.3091902282512311,0.3245130191745811,0.2973580937377377,0.3464590019509004,631.2708,0,0,0.0,False,none,,0.005453033109387939,-0.003042194339552551
08211520,0.4798718732758812,0.4164735242033708,0.4778881061829481,0.4152335989683016,0.5245300525445225,0.44569940563688903,227.5173,1,0,0.004537836150189,False,none,,-0.001983767092933131,-0.001239925235069217
05104500,0.6687308999942209,0.5121247867567695,0.6681875493708999,0.5111963126724253,0.6722542557276097,0.5175556180527663,1120.104,2,0,0.0131178465680298,False,none,,-0.0005433506233210039,-0.0009284740843442663
05078000,0.6676274884743492,0.7588039000940203,0.666892057546717,0.7594836238422844,0.6545536973398544,0.7612291189300305,1446.337,2,1,0.209459426394874,False,0.1<DOR<=0.5,,-0.0007354309276321747,0.0006797237482640828
05078230,0.545520135589656,0.6603481672844345,0.5455370782054684,0.6628302486032096,0.36848204445263066,0.40971973252251714,611.0856,0,0,0.0,False,none,,1.6942615812420847e-05,0.0024820813187751423
05046000,0.5912130505053315,0.7087690654184597,0.5918230208109223,0.708060231206687,0.5834959095560583,0.7116035832379769,4501.151,34,12,2.093729641710969,True,DOR>0.5,dam,0.0006099703055908456,-0.000708834211772702
05245100,0.7234291781660365,0.6482742062547688,0.7246955337704617,0.6500207223171709,0.7252875862114656,0.6548384754991051,1462.141,6,4,3.2961023827429043,False,DOR>0.5,dam,0.0012663556044252289,0.0017465160624020593
05267000,0.8690512216225823,0.9314651045588057,0.869164822211086,0.9316541028308948,0.8036851077161165,0.9010058039940775,30119.22,68,30,0.6489935273527139,True,DOR>0.5,,0.00011360058850373722,0.00018899827208906927
05304500,0.8372901342966508,0.8718035132599323,0.8368707307142128,0.8714465320719551,0.8218601198261406,0.8722103761801756,4898.689,13,0,0.0358737145441439,False,0.1<DOR<=0.5,,-0.0004194035824379716,-0.00035698118797722334
05313500,0.7643246446535472,0.7264993167361466,0.7640013765165719,0.7273819960313772,0.7424843618092547,0.7073624300063315,1800.724,5,0,0.0275105022501671,False,none,,-0.00032326813697536316,0.0008826792952305595
05315000,0.753119902544305,0.6307055390925629,0.7527954867010507,0.6321257264693357,0.7133422296299735,0.5568974981034537,672.1308,3,0,0.0961880828971776,True,none,,-0.00032441584325437756,0.0014201873767728523
05316500,0.7826327432362516,0.8541880458029758,0.779215794827867,0.8518317470741462,0.7420193412118509,0.806021957999307,1616.566,6,0,0.0503766837355959,True,none,,-0.00341694840838469,-0.0023562987288295867
05317000,0.8479635427168639,0.8937026105628848,0.8427394090451198,0.8916788618828343,0.7773173620817073,0.8856378472153793,3382.029,2,0,0.0015035863101731,False,none,,-0.0052241336717441245,-0.002023748680050508
05317200,0.6067068185350272,0.8005522161771008,0.6081848197660583,0.8013849931566116,0.6252635085368983,0.8105057438897125,454.8969,0,0,0.0,False,none,,0.0014780012310311452,0.0008327769795107853
05476000,0.745608461266396,0.7552831835004953,0.7379700360806117,0.7469000576867082,0.6502067596307506,0.6596074496020925,3220.708,9,3,0.2748522824534805,True,0.1<DOR<=0.5,dam,-0.007638425185784281,-0.008383125813787085
05482300,0.8051904018432771,0.809678169364703,0.8045074410067097,0.8096351895925749,0.7912478301283268,0.8016175270843993,1839.541,0,0,0.0,False,none,control,-0.0006829608365673812,-4.297977212819326e-05
06600100,0.6319942017008652,0.7978530678346631,0.6372323845830317,0.7976425909029796,0.24856060382596867,0.48312789839554005,702.4041,0,0,0.0,False,none,,0.005238182882166487,-0.0002104769316835231
06605000,0.7788007468030613,0.8576712918755756,0.7797659071747443,0.8584366210757114,0.7571070336273914,0.8484487273659147,1093.02,1,0,0.0079796865631033,False,none,,0.0009651603716829271,0.0007653292001358336
06605850,0.7830666056884104,0.8493787301749474,0.7763996544151691,0.8454898293711539,0.6782434593493695,0.8007426538832325,3998.228,6,0,0.0158289063890402,True,none,,-0.0066669512732412395,-0.003888900803793449
06606600,0.8067877340329841,0.8916810668573172,0.801088733304381,0.8888485415239548,0.6306353812647809,0.8184064511954426,6454.256,6,0,0.0094199258073181,False,none,,-0.005699000728603076,-0.0028325253333624234
06607200,0.7665463654644227,0.8379431966856636,0.7653903448003601,0.8363916834140943,0.5431211260822543,0.562358595300072,1734.38,0,0,0.0,False,none,control,-0.001156020664062618,-0.001551513271569327
05482500,0.8564227236582723,0.8858417011012597,0.8566002374892042,0.883568966311858,0.7574284523488534,0.8554856561493457,4187.964,1,0,0.0070351403731211,False,none,,0.00017751383093189688,-0.002272734789401709
05483450,0.7753681916586918,0.8279603984818245,0.7695802747602797,0.8292006338599711,0.7102391217149914,0.7850332392111263,989.7678,1,0,0.0005488006033427,False,none,,-0.005787916898412071,0.001240235378146659
06608500,0.5332820265069421,0.7021170099737755,0.5058848471199222,0.6707628885593973,0.37468697018615826,0.49219462117979784,1058.038,1,0,3.723097999047287e-05,False,none,,-0.02739717938701991,-0.03135412141437821
06609500,0.7391119296554927,0.8031036512176797,0.7361036440671869,0.8061805771021388,0.6645428876222317,0.7564816414039959,2252.106,0,0,0.0,False,none,control,-0.0030082855883057924,0.0030769258844590697
06806500,0.4166990923454472,0.6133822062371379,0.4230803234510879,0.6225305000558133,0.1526813380595472,0.3802648670288762,624.618,1,0,0.0030892938364888,False,none,,0.006381231105640706,0.009148293818675435
06807410,0.5294576638149292,0.7173446934451595,0.5727874833387233,0.7503687761207589,0.3784664408507712,0.5957107597453035,1588.396,0,0,0.0,False,none,control,0.04332981952379411,0.03302408267559942
06808500,0.7648420088515816,0.8361605485784466,0.6707480537992776,0.7683280471960281,0.3725555846662587,0.5903094609937641,3428.401,0,0,0.0,False,none,control,-0.094093955052304,-0.06783250138241848
06809210,0.7692074154681424,0.825157738773342,0.7737332659625205,0.82531200637371,0.7680551598615,0.8702270873742195,1138.358,0,0,0.0,False,none,control,0.0045258504943780364,0.0001542676003680743
06809500,0.7484432720854138,0.8637844641816783,0.8420753351057144,0.8456294466620503,0.5959904848595887,0.7862594460799104,2317.012,0,0,0.0,False,none,control,0.09363206302030058,-0.018155017519628003
06817000,0.835937244499338,0.8038558034479255,0.8310262077491339,0.8042838735414289,0.7481112761850766,0.7150715974271508,1971.839,0,0,0.0,False,none,control,-0.004911036750204101,0.00042807009350342984
06810000,0.6446945926530869,0.8174409543411567,0.6597477617706204,0.8278869909697811,-0.12575131699754838,0.46367507327165414,7281.761,0,0,0.0,False,none,control,0.015053169117533516,0.010446036628624422
06811500,0.8417423778294912,0.8181451959423522,0.8408093916327455,0.8177531237646247,0.8276912503079747,0.7785662876918586,2051.853,0,0,0.0,False,none,control,-0.0009329861967457553,-0.00039207217772752045
06814000,0.7030617436706823,0.6989689098951316,0.7063550352514469,0.7217326366124286,0.6018829873696379,0.4651592804233483,713.826,0,0,0.0,False,none,control,0.0032932915807646346,0.022763726717296984
06817700,0.7551331357606131,0.8269344010299378,0.7493550671946839,0.8300728113395505,0.35555483984767067,0.6328251423229143,3927.898,3,1,0.0132575488849746,False,DOR<=0.1,,-0.0057780685659292175,0.0031384103096127047
06820500,0.7564098308808432,0.8061543866850743,0.7322804504113657,0.7711547591558294,0.4286922961733307,0.680101841100132,4541.226,23,0,0.0025402150495628,False,none,,-0.024129380469477546,-0.0349996275292449
06821150,0.3103092419429916,0.2985733089686703,0.29097081140308667,0.2815440438369766,0.3103010313940837,0.2983485686554822,601.344,5,1,1.1909407050985326,False,DOR>0.5,dam,-0.019338430539904916,-0.01702926513169367
06821190,0.6802683548292578,0.7703700723936964,0.6785037190781755,0.7410525674677427,0.21647811759319624,0.606767835287205,6178.813,37,1,0.1228111892525392,False,0.1<DOR<=0.5,,-0.0017646357510823218,-0.02931750492595364
06888500,0.7277772851191646,0.8045269693875196,0.7041505564441626,0.7855399991417693,0.6495368051549317,0.699442883068543,842.346,1,0,0.0071127370288883,False,none,,-0.02362672867500204,-0.018986970245750245
06889200,0.48201119725361674,0.4947928968941324,0.4830227895574932,0.4923991986033367,0.5256318706937417,0.5737370238636696,385.6599,0,0,0.0,False,none,,0.0010115923038764851,-0.0023936982907957205
06889500,0.6444104509180602,0.6016755217782324,0.6376743099956281,0.5917994346184594,0.7065832099416557,0.6738574720516248,748.5822,0,0,0.0,False,none,control,-0.006736140922432021,-0.00987608715977295
06891500,0.49772768173347914,0.55403919324074,0.46398185302124684,0.4915113842182971,0.486398776891404,0.5875687977346478,1103.721,4,1,0.563585240797346,False,DOR>0.5,dam,-0.033745828712232306,-0.06252780902244293
06892000,0.7830097902489138,0.7503422337128528,0.7755153026705183,0.7535699686784563,0.7666270218932973,0.7899138542759059,1092.723,1,0,0.0025343336410233,False,none,,-0.007494487578395548,0.003227734965603468
06893080,0.6633213061440013,0.6325815339879064,0.6649703374167945,0.6379301921669798,0.5729581199583109,0.4809451073525608,117.81,0,0,0.0,False,none,control,0.0016490312727931444,0.005348658179073373
06893500,0.7797074145227982,0.8415953225900468,0.7762314307720735,0.835716637549868,0.651254479219333,0.5632072992887398,477.0423,4,0,0.0010256992773507,True,none,,-0.003475983750724776,-0.005878685040178744
06910800,0.8501111229954453,0.8108026752452745,0.8413402265003194,0.7625352566250176,0.816940970062531,0.8726420384326669,444.5973,0,0,0.0,False,none,,-0.008770896495125968,-0.04826741862025685
06911900,0.8218941606625148,0.7654140892732763,0.8206661699326426,0.7662560552076116,0.8428804175266639,0.8722689341032959,293.0553,0,0,0.0,False,none,,-0.0012279907298721193,0.0008419659343353869
06912500,0.07763326174054364,0.2644322976224198,0.2367311181530215,0.3130429292358484,-0.35067511789116446,0.2674678882620005,836.8893,2,1,0.4702484983779134,True,DOR>0.5,dam,0.15909785641247787,0.0486106316134286
06913000,0.7261812861836714,0.7740270514821395,0.6762868440425562,0.6507471848063022,0.3887440037362898,0.6815710445349177,2727.127,4,2,0.4173678301851884,True,DOR>0.5,dam,-0.04989444214111516,-0.12327986667583724
06913500,0.7411184560933127,0.7779884274031291,0.7329722309419335,0.686627481859164,0.3283589670943917,0.6551151304491365,3242.405,4,2,0.3561594284251992,False,DOR>0.5,,-0.008146225151379194,-0.09136094554396512
06915000,0.3500315381053368,0.336207969689179,0.3265291592856071,0.3176352649271744,0.3531316179941355,0.3469082359148574,378.9171,1,1,0.96748887710042,True,DOR>0.5,,-0.02350237881972972,-0.018572704762004566
06915800,0.6061869916519409,0.6796458462275656,0.6382762260750179,0.6536419116413422,0.06318778424651361,0.5335620447396354,7026.935,8,3,0.1990084138177676,False,DOR>0.5,,0.032089234423076984,-0.02600393458622341
06916600,0.6199798877766746,0.7431457339093364,0.6383496642775897,0.7186406713482468,-0.0013499435014332484,0.5181351745349967,8387.032,9,4,0.1947618628074183,False,0.1<DOR<=0.5,,0.01836977650091509,-0.02450506256108953
06917000,0.742020309357609,0.7753912826842198,0.7368569918563939,0.7721531305779983,0.7607473142111034,0.8098179798439881,765.7839,0,0,0.0,False,none,control,-0.0051633175012151256,-0.00323815210622147
07184000,0.6998233964139531,0.6802072968534809,0.6965367414681685,0.6756641103932581,0.6398102499006579,0.5590881730927266,510.8391,0,0,0.0,False,none,,-0.0032866549457846173,-0.004543186460222781
07185000,0.6526578046604492,0.7852225964698909,0.6619605160899018,0.7980538274297582,-0.1347693005652595,0.4947521881420981,15347.65,15,6,0.1037057428687894,False,0.1<DOR<=0.5,dam,0.009302711429452604,0.012831230959867268
07186000,0.8605128081297158,0.7506639062458728,0.8625924840348602,0.766232042014405,0.6966932516542118,0.6434868943842484,2998.955,9,0,0.0008400393969135,False,none,,0.0020796759051444624,0.01556813576853222
07187000,0.8013963817495354,0.8711351601507056,0.8248820042866819,0.8838838760390726,0.5492486050474273,0.6559055579556576,1110.443,4,0,0.0243507668624982,True,none,,0.023485622537146478,0.012748715888367013
07188000,0.8541171079642564,0.8038400165484578,0.8533239071360516,0.8160742665467877,0.6209479715961754,0.6546534560765922,6513.238,15,0,0.0075027686039209,False,none,,-0.0007932008282048875,0.012234249998329894
07176000,0.48142987185455643,0.7099773712904358,0.7444926203350312,0.7509594317936176,0.02718647255597728,0.5551185685700073,16709.18,61,7,0.1897522895418139,False,DOR>0.5,dam,0.26306274848047473,0.04098206050318176
07189000,0.8221717274181902,0.7748075292950479,0.8220695617935658,0.7760416908600365,0.8127282807521212,0.7523120416454351,2200.737,4,1,0.0384510331296021,False,DOR<=0.1,,-0.00010216562462439516,0.0012341615649885673
07191000,0.7259453219196936,0.6506269985556168,0.7116960335541243,0.6502659656824257,0.7114265281048582,0.55481073156424,1166.19,0,0,0.0,False,none,control,-0.01424928836556938,-0.0003610328731911139
07191220,0.6962137227053666,0.7278609199056314,0.6947565433972249,0.7261837325917931,0.7007156332058091,0.7564467135739755,339.075,0,0,0.0,False,none,,-0.0014571793081417095,-0.0016771873138382576
07195500,0.7797763527251471,0.7934171170006549,0.8226074118484559,0.8185311380778622,0.8651639191917471,0.8756622245363498,1629.999,4,1,0.0587220887037313,True,none,dam,0.04283105912330876,0.025114021077207282
07195855,0.5396771645780907,0.6765864591478177,0.5457216502243153,0.6742277148801428,0.5450404268281592,0.703550377739411,147.1878,1,1,0.557590443539472,False,DOR>0.5,,0.006044485646224618,-0.002358744267674906
07196500,0.6907494337531754,0.6304096944697661,0.7098469551895414,0.6411154606068297,0.6490374228930593,0.7522903409864071,2454.301,5,2,0.0642880890687405,False,DOR<=0.1,dam,0.019097521436366005,0.010705766137063533
07197000,0.7404274550966616,0.6672060800955566,0.739812680611139,0.6633512954746905,0.7465742650106603,0.6201412199683016,808.4485,0,0,0.0,False,none,,-0.0006147744855226067,-0.0038547846208660808
07198000,0.1342955917590527,0.5228635539520818,0.5051193585316827,0.6294451611515008,-0.6323502205398834,0.3186699666829933,4179.993,7,3,0.6075559089838858,True,DOR>0.5,dam,0.37082376677262996,0.106581607199419
07334000,0.694403649233225,0.6757821264941477,0.7087062817198333,0.7106625535804105,0.4316706671362016,0.4894263755885985,2824.07,9,2,0.421949525706872,False,0.1<DOR<=0.5,,0.014302632486608347,0.03488042708626282
07335300,0.5026995727349042,0.7531406137087098,0.5550167356071036,0.7755704309950331,-0.06973490573585028,0.4986172937162978,5863.781,42,2,0.1981937328508409,False,DOR<=0.1,,0.05231716287219945,0.022429817286323317
07335700,0.5829298836729467,0.6391715352038014,0.5801406389704387,0.6389798047732116,-0.7362406996953941,-0.8270475535076289,102.5696,0,0,0.0,False,none,,-0.0027892447025080758,-0.00019173043058984263
07335790,0.7715615530704563,0.8634973328870601,0.7992510127327683,0.7758441406904337,0.6549631822190363,0.772419805530712,1810.691,3,1,0.4226154410727344,False,none,,0.027689459662312066,-0.08765319219662637
07336200,0.8487891642910371,0.8393750841920375,0.8288860284103285,0.7590951746832237,0.6935913161359671,0.8011373936823597,2924.537,3,1,0.2760238403538836,False,none,,-0.019903135880708578,-0.08027990950881381
07337900,0.8308872238978848,0.7914495273897946,0.852240199554687,0.8059401033001394,0.8682762208888416,0.8086033868522406,831.1185,0,0,0.0,False,none,,0.021352975656802164,0.01449057591034486
07339000,0.42822846662666847,0.5658116739357977,0.47797375237155504,0.5607205127810408,0.39116268280568667,0.5581160426458893,2072.373,2,1,0.9371749131099456,True,DOR>0.5,dam,0.04974528574488657,-0.005091161154756829
07343500,0.6224594217172302,0.748389031767523,0.6459632186852566,0.7508741002251048,0.4177150578557929,0.6350600370796653,1393.465,2,1,0.0519648373512606,False,DOR<=0.1,,0.023503796968026403,0.002485068457581785
08065800,0.6497710094709257,0.6487869788665747,0.6466252228768548,0.6404092310530838,0.6074727923022036,0.6809133298773429,856.0638,0,0,0.0,False,none,,-0.003145786594070943,-0.008377747813490877
08066170,0.5205148528457063,0.7122458577994607,0.5203291765035905,0.713056046531607,0.24264033788374106,0.4691431460757236,149.1957,0,0,0.0,False,none,,-0.00018567634211585915,0.000810188732146333
08066200,0.7090106605584605,0.8189920668368148,0.7061457017271202,0.8097521429425469,0.6469075658445135,0.7163046761570739,364.1202,0,0,0.0,False,none,,-0.002864958831340303,-0.009239923894267865
08068000,0.6372563570815788,0.6346927755323031,0.7484953804408767,0.6361727750989861,0.4615624172627679,0.5153293823424078,2147.319,1,1,1.1312566223605265,False,DOR>0.5,dam,0.11123902335929792,0.001479999566682988
08068500,0.7565476484715047,0.8313004370685497,0.7333371397661608,0.7955263623126315,0.7542126055916305,0.865086454958538,1046.265,3,0,0.0085933392763424,False,none,,-0.023210508705343913,-0.035774074755918206
08068740,0.5830576344917731,0.6964810846237428,0.5908091857134338,0.6963233903464179,0.5234872707206191,0.5199597394951065,331.8849,1,0,0.0050179192602739,True,none,,0.007751551221660713,-0.0001576942773249268
08069000,0.6250801886990223,0.5907499188080151,0.6321190045065329,0.5902789201959937,0.728501406563805,0.8147927925111167,726.4197,1,0,0.0014846780868029,False,none,,0.0070388158075106455,-0.00047099861202137827
08070200,0.6488371269078447,0.7255404421816463,0.6421324484735214,0.721370142249216,0.5399664624413862,0.6578732692194783,989.3655,0,0,0.0,False,none,,-0.006704678434323319,-0.0041702999324302326
08070500,0.55560957551586,0.5078967033817618,0.46143351411994316,0.42255478938415403,0.6175518407253894,0.6316565446486623,272.9007,1,0,0.000889379489015,False,none,,-0.09417606139591683,-0.08534191399760782
08075000,0.5713690720250597,0.5269056163685052,0.5862232507927649,0.5179331615971182,0.6090883411381937,0.6726383326389328,261.5814,0,0,0.0,False,none,,0.014854178767705228,-0.008972454771386973
08076000,0.6374853822023204,0.5637015468584692,0.6393366150989211,0.5521197108230456,0.7128489941577155,0.7242208237476543,154.3689,0,0,0.0,False,none,,0.0018512328966007185,-0.01158183603542362
08115000,-0.16235819843367238,-0.878844662886469,-0.16040164437575544,-0.8777673884130046,-0.17401049245785827,-0.9053909746252371,116.6994,0,0,0.0,False,none,,0.0019565540579169483,0.0010772744734643958
08117500,0.6332054109563304,0.6939390346847321,0.6313004471418653,0.6939035150297233,0.5950539237987413,0.6772220588141384,1869.099,1,0,0.0001113104576799,False,none,,-0.0019049638144651437,-3.5519655008808826e-05
05129115,0.6867299647643514,0.7893877061287657,0.6847834392538654,0.7894617546607411,0.6789329820596215,0.7818168288787573,2357.585,4,1,0.4770461057764755,False,DOR>0.5,,-0.001946525510486019,7.404853197534589e-05
05130500,0.7469951510097046,0.8588252547309183,0.7443237374626135,0.857371067906322,0.6677265839008166,0.6316059881193723,463.95,1,1,0.8293167183243535,False,DOR>0.5,,-0.002671413547091106,-0.001454186824596304
05131500,0.7819810698547719,0.7136722233043512,0.7826570119359284,0.7141697519985888,0.6845960745957392,0.6659178816395719,4383.507,2,2,0.1396203747399884,False,0.1<DOR<=0.5,,0.0006759420811565109,0.0004975286942375812
04024000,0.7342603627543764,0.6940923937962926,0.7451120812961438,0.6978342440708107,0.6196304256380158,0.662715432112859,8840.52,19,8,0.2310793953623719,True,0.1<DOR<=0.5,,0.010851718541767363,0.0037418502745181215
05336700,0.7019146587466994,0.610238523516006,0.7020049212152384,0.6106193410251644,0.6422187414854874,0.5692840520513911,2252.095,2,0,0.0010043492483476,False,none,,9.026246853893749e-05,0.00038081750915830437
05287890,0.7441089539005219,0.8318782086948319,0.7441863606118357,0.8319509983527155,0.7054604355854067,0.7549101358614314,222.1204,1,0,0.0906539359509284,False,none,,7.740671131384325e-05,7.278965788359848e-05
05319500,0.7785665582268075,0.878759744540615,0.7838012014733519,0.881745326693171,0.787171487521805,0.8786424334504075,2196.493,2,0,0.0105595425064854,False,DOR<=0.1,,0.005234643246544324,0.0029855821525559545
05320500,0.8365496592177022,0.8544656364734032,0.8381888158725865,0.8522778695372452,0.834252599974755,0.8546210101363747,2871.773,6,1,0.0429420977074919,False,DOR<=0.1,,0.001639156654884344,-0.0021877669361580754
05345000,0.6256663523756647,0.7688234532235587,0.6248527991512862,0.7684628919115943,0.5756399108129894,0.7164010780726096,334.3264,0,0,0.0,False,none,,-0.0008135532243784827,-0.00036056131196438024
05353800,0.7684350166499084,0.837819309273162,0.7626139894317584,0.8357949216803319,0.7389793390276835,0.8232294508804928,1127.968,4,0,0.0282993853617237,False,DOR<=0.1,,-0.005821027218150032,-0.002024387592830079
05372995,0.7382673244453488,0.818333647732356,0.7368356482423601,0.8154166607011952,0.728570125848855,0.7767466087598067,779.4621,3,0,0.0073046064356072,False,none,,-0.0014316762029886743,-0.0029169870311607227
05457000,0.6428760924649173,0.754579887533398,0.6464539491605823,0.7562023533399247,0.6177628465149201,0.7410957803514374,1035.219,4,0,0.0298007577828721,False,none,,0.003577856695665016,0.0016224658065266961
05449500,0.6914824860063506,0.6554299928838461,0.6904991063388125,0.6550887482496714,0.6450538111669597,0.6417765438341546,1083.9,0,0,0.0,False,none,control,-0.0009833796675381423,-0.00034124463417462003
05451500,0.8353765246688358,0.7997802367832912,0.8303430426045834,0.7967204559093526,0.8093350275393276,0.8137554745423459,3973.971,5,0,0.0076308989514086,False,none,,-0.00503348206425247,-0.0030597808739386556
05451700,0.7207089357247393,0.6073980365741418,0.721645562766666,0.606911470119001,0.7501220410117146,0.6721606690024211,308.5146,0,0,0.0,False,none,,0.000936627041926763,-0.00048656645514078
05458000,0.7227630616002622,0.8609483866971221,0.7286566612275374,0.8632858846779771,0.6555322578802105,0.7661792024526404,776.7648,1,0,0.0010541599629391,False,none,,0.005893599627275203,0.002337497980854919
05458900,0.776994231069063,0.8768750167930105,0.7796824312651034,0.8784451756009408,0.6850520060150886,0.8215913637424511,2205.097,1,0,0.0015351009836705,False,none,,0.0026882001960404356,0.001570158807930322
05459500,0.8602376454593329,0.9172710355864431,0.8666093719122567,0.9188693694746433,0.8424382904528332,0.9133529033668417,1340.044,4,0,0.0138835555179513,False,none,,0.0063717264529238316,0.0015983338882001874
05463000,0.7838362164676067,0.8242813657817759,0.7810722060892696,0.8238605013240952,0.7616200325479686,0.8523121816273915,903.0069,0,0,0.0,False,none,control,-0.0027640103783370673,-0.00042086445768074743
05470500,0.7020542754194212,0.7910874382172353,0.6971267238261767,0.789407579882311,0.6949631280172881,0.7918100991915951,550.7748,0,0,0.0,False,none,,-0.004927551593244539,-0.0016798583349242335
05471050,0.7533311801158553,0.8363317017683969,0.7542214898231573,0.8379155270491611,0.606689575195932,0.7695261366198005,2098.962,0,0,0.0,False,none,,0.0008903097073019728,0.0015838252807641728
05471200,0.7684279556657838,0.7508224009450173,0.7670983913768522,0.7507017263696681,0.6904954161859305,0.6199114810072723,725.7843,0,0,0.0,False,none,,-0.0013295642889316062,-0.0001206745753491445
05471500,0.631176647120639,0.8109038457213119,0.6302428227120709,0.8111866185593468,0.3765821986102549,0.6845899995591361,4246.927,1,0,0.0012736478952805,False,none,,-0.0009338244085681513,0.00028277283803490594
05481950,0.8358244063244209,0.8603686877232305,0.8342854587692154,0.8516614119599826,0.6600879549210288,0.8222417086219336,975.159,0,0,0.0,False,none,control,-0.00153894755520545,-0.008707275763247924
05483600,0.7578885707473612,0.8148815908156637,0.7686905409022061,0.8208334732406113,0.7248177580344779,0.7952761896425793,1115.563,2,1,0.0952180122077753,True,0.1<DOR<=0.5,dam,0.010801970154844964,0.0059518824249475966
05484000,0.7899117762434541,0.8476205442206932,0.8035006262415652,0.8572756309704974,0.786708161460676,0.8423795778420626,2548.053,5,1,0.0434780595688178,False,0.1<DOR<=0.5,dam,0.013588849998111052,0.009655086749804198
05484500,0.8576881333976868,0.896459453019423,0.8616897523797109,0.8974432491199154,0.686528798027453,0.7984159393629473,8870.213,7,1,0.0171623304635277,False,DOR<=0.1,,0.004001618982024113,0.0009837961004923734
05484800,0.7071682680637139,0.8074325342744788,0.6976579986460368,0.8012827561056272,0.7133914528595107,0.8549638601273907,201.5955,0,0,0.0,False,none,,-0.009510269417677075,-0.0061497781688516495
05486000,0.7559465321172477,0.8665008590689321,0.7523543002251158,0.8660564925440419,0.6690698589060774,0.7949106409467022,904.6017,0,0,0.0,False,none,control,-0.0035922318921318697,-0.0004443665248902162
05486490,0.771205342849576,0.7629357027396007,0.7776421187972993,0.7616443383786236,0.7897301062790583,0.7635763042964929,1293.125,0,0,0.0,False,none,control,0.006436775947723294,-0.0012913643609770986
05487470,0.7001774150109534,0.5835670560366286,0.7280065829634706,0.5945739717034022,0.7586985171417018,0.595139906907777,1193.412,0,0,0.0,False,none,control,0.02782916795251722,0.011006915666773587
05487980,0.714914389642437,0.6975793917159947,0.7319298884972791,0.7081243772207677,0.7608374753781797,0.7008422020438119,882.7254,0,0,0.0,False,none,control,0.017015498854842104,0.010544985504773008
05488200,0.6853249526594488,0.6854892338281127,0.6823215249027165,0.6814601000506764,0.61621354045216,0.7045891081032513,234.2088,0,0,0.0,False,none,,-0.0030034277567323464,-0.0040291337774363
05489000,0.703609463714583,0.8016963190179738,0.6847442374388932,0.7931038175199386,0.6184907483235353,0.7374741673705822,964.7559,0,0,0.0,False,none,control,-0.01886522627568976,-0.008592501498035143
06903400,0.37219601123979507,0.28325214455188485,0.3679481818984751,0.27976613349047463,0.3947470629207205,0.3024349634509309,481.4154,0,0,0.0,False,none,control,-0.004247829341319953,-0.0034860110614102213
06903700,0.06914739462397612,-0.09333478339984769,0.06906663713333627,-0.09348039049432533,0.07967613982616739,-0.093702861591491,439.3953,0,0,0.0,False,none,,-8.075749063984894e-05,-0.00014560709447763998
06903900,0.41090321656043416,0.5102094794005849,0.521219767692125,0.5331347966374154,0.3271777649918114,0.49390263752275465,1407.987,2,1,0.6879912265807051,True,DOR>0.5,dam,0.11031655113169081,0.022925317236830445
06904010,0.6729808006619915,0.6367536008944947,0.6230537171838004,0.5823959300741124,0.6481905599373532,0.6900459503219927,1919.11,2,1,0.4695069602921808,False,DOR>0.5,dam,-0.04992708347819108,-0.05435767082038234
06897500,0.6249585423255533,0.7335850607458934,0.6570383605458907,0.7562819018298627,0.7340581494549315,0.7654514005939517,5819.077,163,1,0.0289658036918659,False,DOR<=0.1,,0.03207981822033745,0.0226968410839693
06898000,0.6684036140083411,0.7989990947112462,0.6867353544651333,0.8087478923690467,0.7027310621552394,0.7427315020996895,1801.335,1,1,0.045904397645828,False,0.1<DOR<=0.5,,0.0183317404567922,0.009748797657800456
06899500,0.6792665789738533,0.6646908343397835,0.6819964358742916,0.6605203506292943,0.8086979198233598,0.7406176739091193,4462.355,24,2,0.0302852221849404,False,0.1<DOR<=0.5,,0.0027298569004382545,-0.004170483710489226
06902000,0.7610062359200227,0.7781672738472603,0.7623009981290014,0.7867758885905057,0.553924687872952,0.7184751640584008,17944.12,293,3,0.0167885861748622,False,DOR<=0.1,,0.001294762208978728,0.00860861474324548
06904050,0.698176405031383,0.7608330325781151,0.6858495919023826,0.7311469793810392,0.47494703908932523,0.6730716343239531,2246.616,2,1,0.4110176897684314,False,DOR>0.5,dam,-0.012326813129000413,-0.029686053197075846
06904500,0.7690396730601656,0.8268397930905907,0.7493567423722314,0.8121478494938068,0.5903730542637764,0.7576562787670904,3537.129,8,2,0.2517374473483207,False,DOR>0.5,dam,-0.019682930687934252,-0.01469194359678394
06905500,0.7547791960047415,0.8192732255946893,0.7336655653908772,0.8120374383025127,0.2462692489746302,0.5884089253800592,4899.487,16,3,0.2006424487918486,False,0.1<DOR<=0.5,,-0.021113630613864287,-0.007235787292176554
06894000,0.7602697268359921,0.8148014705316904,0.5605710110502464,0.7303971996326055,0.6240088168879223,0.517003167661581,480.4056,7,3,0.4182430481733503,True,DOR>0.5,,-0.19969871578574572,-0.08440427089908487
06906800,0.7441115793620945,0.7921585115412759,0.7409429381052134,0.7873471482250596,0.7361319567048423,0.7736991731878651,1414.753,5,0,0.0055377066218435,False,none,,-0.0031686412568810995,-0.004811363316216344
06908000,0.6295574280854646,0.722083323326453,0.6243160850494305,0.6952295729423031,0.4453558699531298,0.7045076539110492,2894.894,24,0,0.0040387799106915,False,none,,-0.005241343036034074,-0.026853750384149833
06918440,0.6891059733151148,0.7183836260397299,0.6945571319965955,0.7168365555513238,0.6020639336440285,0.5958371349205396,671.9008,0,0,0.0,False,none,,0.005451158681480717,-0.001547070488406188
06918460,0.6526694263932373,0.7819779765388893,0.6564154177352757,0.7845980351747022,0.6206027811574661,0.7195422440963267,650.6892,0,0,0.0,False,none,,0.003745991342038346,0.0026200586358128275
06918740,0.7588458379437073,0.6715020567365745,0.7612932330446335,0.6509659640081303,0.7732217078771574,0.7029122053212704,609.8481,3,1,0.19683749453746,True,0.1<DOR<=0.5,,0.002447395100926175,-0.020536092728444144
06919020,0.035083738897751626,0.4832157583467892,0.3990061507976347,0.5562185912799387,-0.35573224014754223,0.3842085217859229,3322.945,5,2,1.1848917480518837,False,DOR>0.5,dam,0.36392241189988306,0.07300283293314946
06919500,0.7602935521950911,0.6762920368027461,0.8094741245131502,0.6869831127353025,0.8166577056418909,0.5962427475317758,1069.424,3,0,0.00057139063394,False,none,,0.04918057231805906,0.01069107593255647
06919900,0.5484069367531168,0.7490837181332153,0.6766793483560715,0.7314500812782623,0.3787586698337604,0.6269794994969788,4647.281,9,2,0.8113160107396816,False,DOR>0.5,dam,0.12827241160295466,-0.017633636854953005
06921070,0.7955131245780525,0.6739870737666959,0.7999458940056706,0.6783115416398596,0.8359720736835498,0.7107795741869682,712.586,1,0,0.000562233616055,False,none,,0.004432769427618166,0.004324467873163762
06921200,0.7657203106767951,0.7145430893944382,0.771768370643904,0.7161936551894288,0.7285331412860312,0.5558850128470926,323.6193,1,0,0.0004225959330533,False,none,,0.0060480599671088875,0.001650565794990566
06921350,-0.19889532003359722,0.4431805660867937,0.4831042649259367,0.6412902247153733,-1.2064149683472807,0.15136819707048055,1635.647,4,1,0.5763573042966869,True,DOR>0.5,dam,0.6819995849595339,0.19810965862857965
07196900,0.6621236820334913,0.6986126021070628,0.6572632482248549,0.6946978417143308,0.2762309457503648,-0.08066268585780034,106.3521,0,0,0.0,False,none,,-0.004860433808636322,-0.003914760392731975
07247000,0.8287248171765209,0.8697484966309375,0.8240378495941064,0.8668554733385228,0.7992309165552771,0.7324473032534522,525.4191,0,0,0.0,False,0.1<DOR<=0.5,,-0.004686967582414492,-0.002893023292414698
07249400,0.823934505085002,0.8193052564767253,0.8181397317017185,0.8133702623861825,0.8276855390765997,0.7949719409580855,379.5471,1,0,0.0406916934015841,False,none,,-0.005794773383283491,-0.005934994090542767
07340300,0.7361847302639801,0.7885305623910388,0.7404198382925002,0.7909325650238265,0.7656938439116776,0.7804889433926935,230.4347,0,0,0.0,False,none,,0.004235108028520118,0.00240200263278767
07356000,0.888278973181712,0.8375409730788113,0.8890572313302382,0.8394413454365716,0.8745930666429643,0.8053341528061183,1071.639,1,0,0.0115897735447631,False,none,,0.0007782581485261675,0.0019003723577603049
07359610,0.7023132406488203,0.7622663437391011,0.6922336513916387,0.7578515885884278,0.7557982368224907,0.8578473573474504,342.2349,0,0,0.0,False,none,,-0.010079589257181554,-0.004414755150673244
07361500,0.8344277432637879,0.8915856660470325,0.8369710505448493,0.8939994598705497,0.8060545901702016,0.8322327432489685,464.2056,0,0,0.0,False,none,,0.0025433072810614465,0.002413793823517252
07340000,0.7693694700573828,0.8501329165571202,0.8024591781019319,0.8155555228045444,0.5180846092782078,0.7545325894023521,6942.81,5,3,0.3515516903642894,False,DOR>0.5,,0.03308970804454914,-0.03457739375257585
07341200,0.5630402021544352,0.7077319651120946,0.6867858613850981,0.8304694750427231,0.30188374870378765,0.5189901259105891,654.9975,1,1,0.1209256591943509,False,DOR>0.5,dam,0.12374565923066294,0.12273750993062849
07346045,0.6901815854404657,0.7160824236207103,0.6719953661792721,0.7091656304649152,0.6045971445814489,0.6835514819022568,959.8869,0,0,0.0,False,none,control,-0.01818621926119357,-0.006916793155795076
07346070,0.8129426937717292,0.8957040387520318,0.8151087021687308,0.8967518277337196,0.7868249465361704,0.873377446803747,1808.583,2,1,0.0303782331010769,False,none,,0.00216600839700154,0.0010477889816878916
07352000,0.8020771123920305,0.7361324782277198,0.7896396060680505,0.7249688899503344,0.8023923489497279,0.8009221821558024,384.2865,0,0,0.0,False,none,,-0.012437506323979997,-0.011163588277385394
08022040,0.7677522156313158,0.8214871277367777,0.7796905181860716,0.8169233971545993,0.7403971346658084,0.8147990880175027,9301.876,35,4,0.8857671390159421,False,DOR>0.5,,0.011938302554755809,-0.004563730582178405
08023080,0.7527591233360938,0.6955044873982306,0.7499400537954064,0.6943022036722096,0.767319060453172,0.6798877318901841,187.6086,0,0,0.0,False,none,,-0.0028190695406874466,-0.0012022837260209362
08025500,0.6828199808457449,0.6584403674690964,0.6910694463663443,0.6609747686949127,0.6904741426834451,0.645322844100647,383.0247,0,0,0.0,False,none,,0.008249465520599353,0.002534401225816274
08025360,0.5099770216737378,0.6960317908242677,0.6483042114413629,0.7254274394460289,0.2427816475453337,0.5934625041704792,19189.52,40,7,1.5731074119453108,False,DOR>0.5,dam,0.13832718976762504,0.02939564862176125
08026000,0.5181544626581134,0.7243815447690252,0.6904013841630865,0.7711959177186741,0.24862447010752398,0.6158834039051848,19466.7,40,7,1.4992228275809787,False,DOR>0.5,dam,0.17224692150497312,0.046814372949648964
08028000,0.7714199260534305,0.747056316267038,0.7764444965577306,0.7473336035102698,0.7278025609358141,0.6597311383619462,945.0702,2,2,0.2275819305791077,False,0.1<DOR<=0.5,dam,0.005024570504300163,0.0002772872432318385
08029500,0.5089972933756948,0.4477079049857009,0.4235581801393299,0.38849957234076427,0.5487931883854802,0.5635985238436305,333.3996,0,0,0.0,False,none,,-0.08543911323636488,-0.059208332644936634
08033500,0.339635212390475,0.6427161230337113,0.28455614287962805,0.6237425637320956,-0.24621051349696543,0.42520989216104454,9406.075,12,2,0.215234638911174,False,DOR>0.5,,-0.055079069510846956,-0.018973559301615706
05124480,0.6782630094205526,0.6801611800921935,0.6791616814859021,0.6807098848240758,0.6735381434339256,0.6814573774359052,707.2242,0,0,0.0,False,none,control,0.0008986720653494373,0.000548704731882288
04015330,0.7019305222225314,0.6729446592595187,0.7062796635357868,0.6787876479949552,0.6830512232609236,0.629882002320681,224.3547,0,0,0.0,False,none,control,0.004349141313255367,0.005842988735436427
04024430,0.6976181423340626,0.6642862412127655,0.7069782693256448,0.6676179546160377,0.623740336624911,0.626239631901429,1091.25,1,0,0.0007726672325631,False,none,,0.009360126991582174,0.0033317134032722073
04025500,0.6754398999399582,0.7838215309161256,0.6747492938256833,0.7840417471436021,0.6715991871324658,0.7804868512683838,302.7636,0,0,0.0,False,none,control,-0.0006906061142749609,0.0002202162274764774
04027000,0.8102237318475863,0.778577745254371,0.8129072413145104,0.7802089068485458,0.786936620364841,0.7658644277820313,1619.847,0,0,0.0,False,none,control,0.0026835094669240833,0.001631161594174868
04027500,0.797889655417872,0.8184360903734542,0.7972098760822101,0.8167442700625668,0.8017489831377385,0.8324526114750084,705.0141,2,0,0.0033436425595899,True,0.1<DOR<=0.5,,-0.0006797793356619897,-0.0016918203108874375
04029990,0.761856681187711,0.8389396906429796,0.767573093893794,0.8397290622153314,0.7460539106628137,0.8413040750319947,683.8668,4,1,0.1807127446808826,True,0.1<DOR<=0.5,,0.005716412706083029,0.0007893715723518158
05356000,0.4625356202691887,0.5308491200485125,0.4650076627015194,0.5287762519393449,0.4531113256434556,0.5343842443594264,2105.661,10,2,0.5548469483071284,True,DOR>0.5,dam,0.002472042432330679,-0.002072868109167625
05356500,0.7615399323284073,0.8005164988105903,0.7635311523745187,0.8026739034271366,0.7110188449789563,0.7696726495361749,4268.439,16,3,0.2954477666201795,False,0.1<DOR<=0.5,dam,0.0019912200461114082,0.0021574046165463434
05360500,0.8241603512341308,0.8364988658560378,0.8609500733982544,0.8422489499500015,0.8313807089996126,0.7847664907693302,4889.991,22,2,0.2093699184624572,True,0.1<DOR<=0.5,dam,0.03678972216412357,0.005750084093963714
05362000,0.8800472557195181,0.7758969414266619,0.8820143229327547,0.7787989989109452,0.8640582558974846,0.7598816664935351,1477.292,5,0,0.0083669055889543,False,none,,0.001967067213236584,0.0029020574842832936
05368000,0.5063292219701616,0.7208504471235903,0.5174671296156568,0.7263997888589786,0.453782119949416,0.6890549048625294,1102.773,4,0,0.0146651237518879,False,none,,0.01113790764549516,0.005549341735388347
05369000,0.7409805483075014,0.8369664062909546,0.7522063804304939,0.8422488151923425,0.679522913549564,0.8189775325401051,4627.409,17,8,0.1639641252736576,True,0.1<DOR<=0.5,dam,0.011225832122992552,0.0052824089013878694
05370000,0.5318362870080454,0.6882989651203497,0.535538061294207,0.696818950712458,0.008706022974510175,0.0031799848272319187,165.8565,1,0,0.0620736205519001,True,none,,0.0037017742861615854,0.008519985592108315
05379500,0.6111055910192728,0.7008748327534066,0.6165928946570463,0.7021987910689731,0.5620873239382951,0.6967338034431299,1665.233,3,0,0.0008189079759141,False,none,,0.0054873036377735,0.0013239583155665313
05382000,0.7377649134435392,0.8027330035996476,0.7159216800742543,0.7957551509664296,0.4168499328629419,0.6825859083330021,5376.456,13,1,0.0144853467671471,False,DOR<=0.1,dam,-0.021843233369284953,-0.00697785263321804
05388250,0.8263861301181905,0.839435368618256,0.8275971746268471,0.8389815838802701,0.7367538118380641,0.7650730211654506,2010.254,4,0,0.0035277159926293,False,none,,0.0012110445086566113,-0.00045378473798585173
05408000,0.6974154654886462,0.6596953625837799,0.6964272764912949,0.661491116788248,0.6811403106998268,0.6254172679577401,689.3334,0,0,0.0,False,none,control,-0.0009881889973513136,0.0017957542044680919
05410490,0.2169828956985106,0.5970211920412533,0.29453197511066753,0.6249422511022338,-0.20019661066866035,0.4500923307717075,1779.488,0,0,0.0,False,none,control,0.07754907941215694,0.027921059060980524
05413500,0.6470943185437961,0.7786423834977702,0.6491431501479692,0.7769765256877958,0.6098356510955947,0.8034345451276933,695.3256,0,0,0.0,False,none,control,0.002048831604173129,-0.0016658578099743027
05421000,0.7989721273879754,0.8662819769027849,0.7705379165440582,0.853794037452795,0.6884735331323726,0.7977851952929962,2725.647,5,0,0.0051856733077336,True,none,,-0.028434210843917174,-0.012487939449989827
05458500,0.7844429145289586,0.8790903482125698,0.7744537330138648,0.8770350848503797,0.45646654952351395,0.7196013578753365,4334.134,12,0,0.0139609351378599,False,none,,-0.00998918151509387,-0.002055263362190085
05464000,0.8698668461577477,0.918510295472886,0.8583025288091292,0.9146265861232199,0.647229581058906,0.8046680592175142,13348.57,28,2,0.013416475184024,True,DOR<=0.1,,-0.011564317348618514,-0.003883709349666087
05464500,0.7733378514629857,0.8787720551963452,0.7273317354215525,0.8578672947081917,0.44880806335783785,0.7270264254412315,16861.9,29,3,0.0131180874825009,True,DOR<=0.1,dam,-0.04600611604143323,-0.020904760488153484
05451900,0.4873531822422539,0.7287860013889905,0.49343875596940556,0.7302387888824088,0.35028735990823634,0.6583930995192194,146.2338,0,0,0.0,False,none,,0.006085573727151683,0.0014527874934182616
05452000,0.766304664757638,0.7391193104958497,0.7664448641660274,0.7386766043986581,0.726750439913876,0.6998690751614971,516.6864,0,0,0.0,False,none,,0.00014019940838938538,-0.0004427060971915475
05452200,0.5166837983243253,0.740176296488123,0.45670611041252007,0.7222333970376091,0.010050444503027278,0.42985600276189817,182.6649,0,0,0.0,False,none,,-0.059977687911805244,-0.01794289945051386
05453000,0.7469677920506441,0.8310101111047259,0.745357724849216,0.831293486540691,0.7331080974599102,0.8479770128075406,483.6276,0,0,0.0,False,none,,-0.0016100672014280892,0.0002833754359651275
05453100,0.8027120869480979,0.7963769547471626,0.7883372983031194,0.7934934516437948,0.6053183902995734,0.7784402109270958,7237.921,6,0,0.0045087544540974,False,none,,-0.014374788644978542,-0.002883503103367824
05454300,0.7197754810185762,0.8524207506461393,0.7160011537037276,0.8512253583045066,0.6338962494321181,0.7748860028443376,254.3067,0,0,0.0,False,none,,-0.0037743273148486134,-0.001195392341632684
05454500,0.633853458789667,0.7902984910773808,0.6953418477135926,0.8063950710926122,0.3262809232006153,0.6781532747218109,8478.728,11,2,0.026799650354999,True,0.1<DOR<=0.5,dam,0.06148838892392561,0.0160965800152314
05455100,0.7536724105070045,0.8732776547241916,0.7581137679987198,0.8748102073111146,0.7315325418961363,0.8072257770828993,521.7515,0,0,0.0,False,none,,0.004441357491715259,0.001532552586922975
05455500,0.8079396048817855,0.840059456458845,0.8014336367160252,0.8392136032122054,0.747226526411912,0.8388263509119218,1486.906,0,0,0.0,False,none,control,-0.006505968165760323,-0.0008458532466396607
05455700,0.7447561296107481,0.8678082758771932,0.7880886288866427,0.8829615514573933,0.4381326568495868,0.7236643308995678,11127.56,11,2,0.0205036087265385,False,0.1<DOR<=0.5,dam,0.043332499275894554,0.015153275580200076
05465000,0.7423644349445122,0.8712002824533992,0.6775339921862806,0.8402538507454732,0.3728373764581071,0.7001387852883942,20153.82,31,3,0.0112233851044351,False,DOR<=0.1,dam,-0.06483044275823158,-0.030946431707925992
05465500,0.7876999275524268,0.8895205741479218,0.7525895641342577,0.8729622261985082,0.35645945645708965,0.6872116070051699,32364.76,42,5,0.0138781362098828,False,DOR<=0.1,,-0.03511036341816909,-0.016558347949413688
05466500,0.7565635133148291,0.8094470184037732,0.7511009991074743,0.7987975555722838,0.6307003063034189,0.7970997434677923,1151.567,0,0,0.0,False,none,control,-0.005462514207354774,-0.010649462831489376
05472500,0.7015738044606501,0.8192631058167039,0.6996148866537862,0.824681836292326,0.5099877712554188,0.7234658249412969,1899.126,2,0,0.0125305963208571,False,none,,-0.001958917806863858,0.0054187304756221355
05473400,0.7665734055959242,0.7295019999736256,0.7670542132852896,0.7260811814575615,0.7297752381990239,0.7706402156636318,1381.734,0,0,0.0,False,none,control,0.0004808076893653146,-0.003420818516064128
05474000,0.7524358904935342,0.8765871608382994,0.7493234191603286,0.8745630116526741,0.35342290941963495,0.6816068360309542,11165.38,7,0,0.0067533546703937,False,none,,-0.0031124713332055798,-0.0020241491856252125
05495000,0.5758647232269153,0.6801048742853157,0.6838328271738051,0.7409063280743937,0.819800829801262,0.784237775175208,1027.552,11,0,0.002546354184265,True,none,,0.10796810394688983,0.060801453789077975
05495500,0.806279538022616,0.7410142470365011,0.8033391580290903,0.737397611560356,0.8120875567083835,0.7827452342253628,905.5557,0,0,0.0,False,none,control,-0.002940379993525699,-0.0036166354761451025
05496000,0.7800445808270333,0.781843255650424,0.8112211817365431,0.7786987248376558,0.8121302499066182,0.7651691258753301,1029.313,21,0,0.002514694558001,True,none,,0.0311766009095098,-0.0031445308127682203
05500000,0.776149306296615,0.7866588774043353,0.7610582806282137,0.7947081047799517,0.668797934270936,0.6735587439695143,1567.004,71,0,0.0056287938714479,True,none,,-0.01509102566840137,0.008049227375616419
05501000,0.8086832309353751,0.7592422819526137,0.8063098076417523,0.7765685747168977,0.7089407037348554,0.6439030145430433,922.8276,5,0,0.0010071935634192,False,none,,-0.0023734232936227784,0.01732629276428399
05502300,0.7574578510048863,0.6506726843910636,0.7634571949149431,0.6519619597450319,0.7977246061650751,0.6927317921523948,935.1459,10,0,0.0029185769083927,False,none,,0.0059993439100568535,0.0012892753539682777
05502500,0.7031195364766263,0.7014787030006591,0.7016848983823961,0.6859713380921795,0.5983001220224212,0.6950530055125983,1194.061,11,0,0.002256809929052,False,DOR<=0.1,,-0.0014346380942301673,-0.015507364908479593
05503800,0.7714139518149873,0.7490112976980428,0.7736199415702018,0.7578502323259524,0.7358195754921237,0.6572283515156421,212.6412,0,0,0.0,False,none,,0.002205989755214466,0.008838934627909634
05506800,0.7387010281601454,0.6707884777032551,0.7043060931797496,0.6463425221563806,0.8086943374212645,0.714203229257825,514.6506,3,0,0.0004836072946757,False,none,,-0.03439493498039581,-0.024445955546874565
05507600,0.7795807361748681,0.6850288815556644,0.7800419404487464,0.6827557890617306,0.812844659279166,0.7488222312679877,275.3757,2,0,0.0030452437432883,False,none,,0.00046120427387830176,-0.002273092493933815
05507800,-0.03052718692401224,0.45399952972347135,0.5424883986984187,0.5608886205988967,-0.7076290142838622,0.2814815585130438,6172.583,36,1,0.345873537929612,False,DOR>0.5,,0.5730155856224309,0.10688909087542531
05508000,0.05773567720860451,0.4811872866669332,0.5523695947451155,0.5542167871630832,-0.5096506515392383,0.35246422524396714,6455.375,38,1,0.3265417861520838,False,DOR>0.5,,0.494633917536511,0.07302950049614998
05508805,0.8574135505510658,0.8080853434006056,0.8555928808841067,0.7951843455507813,0.8001317618613618,0.6695925930506429,536.4018,3,0,0.0010125660724624,True,none,,-0.0018206696669591516,-0.012900997849824236
05584500,0.8096217678254076,0.7770006226332057,0.8073752437119859,0.7759630820226913,0.7740758093112255,0.8083671481005937,1695.671,2,0,0.0095168673840739,False,none,,-0.002246524113421744,-0.0010375406105144203
06906200,-0.04991837507970276,0.4988096391251634,0.2651969278657281,0.5852723982658119,-2.0121113622367193,-0.40427300509774766,268.9155,12,1,0.5563255860318987,True,DOR>0.5,dam,0.3151153029454309,0.08646275914064849
06906300,0.7413377674051372,0.6915389172667314,0.7750652282510729,0.7007129901838174,0.658584400376523,0.7449201107987491,564.9921,13,1,0.2529643701529885,True,DOR>0.5,dam,0.0337274608459357,0.00917407291708594
05514500,0.7749062229418631,0.7498331672598129,0.7771322088333305,0.7546091056649514,0.6406125513434583,0.6503796209769739,2407.411,22,0,0.0037311678439195,False,none,,0.002225985891467386,0.004775938405138569
06926000,0.3067782582487606,0.6080780260315435,0.6311273368765168,0.6153333866144706,-0.35984797165364935,0.40988281458083475,36166.79,79,11,0.5581655434414748,True,DOR>0.5,,0.3243490786277562,0.007255360582927084
06934000,0.7739593450995437,0.8213363111530508,0.7616070712357065,0.8332690140967707,0.10429471996657813,0.5435460761253121,8264.9,6,0,9.435911104146676e-05,False,none,,-0.012352273863837193,0.011932702943719842
07013000,0.7293951964318277,0.7424645200130646,0.7310087996002855,0.7445782579625311,0.6763250208802982,0.7168059684767912,2024.755,4,0,0.0006160797943596,True,none,,0.0016136031684578223,0.0021137379494664543
07014500,0.7778893000837361,0.8139895358789181,0.7827772965031489,0.8198799891658387,0.6426704625720723,0.7042171839154956,3845.5,9,0,0.0004380747153505,False,none,,0.004887996419412732,0.005890453286920616
07015720,0.7057664498464458,0.6804567108703917,0.6954447326929496,0.672237522669403,0.7413821447948957,0.7402429279781979,349.8309,5,0,0.0022535431591403,False,none,,-0.010321717153496168,-0.00821918820098877
07016500,0.6123334810440657,0.6541999463162498,0.5687843217840894,0.6083048101090447,0.4719708237411926,0.6205032912912349,2077.624,32,1,0.0197506538063043,True,DOR<=0.1,,-0.04354915925997627,-0.04589513620720509
06932000,0.682100268512502,0.7979034644710091,0.6947658474564979,0.8024247074192633,0.6925374340148025,0.7318278499044489,514.2285,1,0,0.0002529678495229,False,none,,0.012665578943995892,0.004521242948254178
06933500,0.84098300307476,0.7546952259652506,0.8346609749787823,0.771514971135457,0.22635490248692458,0.5140381159051868,7339.505,6,0,0.0001098893600716,False,none,,-0.006322028095977705,0.016819745170206346
07057500,0.7197006954086378,0.6613366687683183,0.725547928529789,0.6651237503861164,0.6227082200536465,0.5476105319727553,1456.436,1,0,5.424321214778623e-05,False,none,,0.005847233121151207,0.0037870816177980604
07066000,0.7211598388083947,0.7122104044911157,0.7196373797852476,0.7120553649743777,0.6523693213082304,0.5927734842456184,1053.496,1,0,0.0001231761466333,False,none,,-0.0015224590231471824,-0.0001550395167380092
07071500,0.7892186873063688,0.698552487784575,0.7920553616578322,0.7015672733611773,0.7452343527900642,0.6640795499447516,2023.769,0,0,0.0,False,none,control,0.0028366743514633974,0.0030147855766022857
07056000,0.836065895341581,0.7778734085979726,0.8344663057475353,0.7761199076410596,0.8371538715339338,0.8128557420737803,2149.364,0,0,0.0,False,none,control,-0.0015995895940457139,-0.0017535009569129567
07060500,0.4682914221973141,0.6528082458514433,0.5370984593344035,0.5786749198754446,0.2235901054980337,0.5944561944821303,25801.86,17,5,1.046233118428988,False,DOR>0.5,,0.06880703713708936,-0.07413332597599864
07060710,0.6723672180731681,0.6429698080059065,0.6770736942799332,0.6442931678162738,0.6250666650676487,0.5859111519831222,150.0277,0,0,0.0,False,none,,0.00470647620676512,0.0013233598103672417
07261000,0.7706552923714769,0.8206728539123356,0.7692855591923142,0.8402354315820094,0.7115110570091128,0.6735140721127023,445.8141,0,0,0.0,False,none,,-0.0013697331791626688,0.019562577669673842
07263295,-1.3197729630003145,-1.5495355516931792,-0.9677604837724731,-1.4804092811019034,-1.9878655227219242,-1.7693513370766292,119.0277,1,1,4.393560139984407,True,DOR>0.5,,0.3520124792278414,0.06912627059127585
07263300,-0.5011142770780475,0.001898324985571298,0.35254354758494133,0.12661223598326676,-0.9402918496610055,-0.1452298274267756,355.1589,1,1,2.353672884836423,True,DOR>0.5,,0.8536578246629888,0.12471391099769547
07264000,0.19171759325937032,0.5943096602402907,0.11720759786340906,0.5596391893374248,-0.1569097542333715,0.44280403226410314,505.0566,1,0,0.0064642130710885,False,none,,-0.07450999539596126,-0.0346704709028659
07362100,0.7695232198810796,0.8146339074931102,0.7766961561460157,0.819783697308917,0.7427660918193673,0.8021252950299715,996.0786,0,0,0.0,False,none,,0.007172936264936092,0.005149789815806827
07363500,0.6632947425743874,0.7779417301267697,0.6578480631727386,0.7817253019297457,0.46999489482514245,0.6886167261046632,5429.344,5,3,0.0430082563010934,False,DOR<=0.1,,-0.00544667940164878,0.003783571802975949
07373000,0.7158910742838194,0.7533585554246502,0.7248341622692633,0.7532330518757158,-0.04127248485584123,-0.07716530565120183,131.1775,0,0,0.0,False,none,,0.008943087985443965,-0.00012550354893448024
07385700,-0.8825375222318008,0.1993480677698033,-0.9099828545484687,0.19255426864057767,-1.2950106372661532,0.07858753255600337,181.0874,0,0,0.0,False,none,,-0.027445332316667903,-0.0067937991292256195
08010000,0.810850347712162,0.7933238405716453,0.8083980779023164,0.7888754135473282,0.8197475965056137,0.823876923187832,368.8311,1,0,0.0061580167495632,True,none,,-0.0024522698098455864,-0.0044484270243171364
08013500,0.6768642673549384,0.7833881877674875,0.6520415847400753,0.7720220503924431,0.48374789933284523,0.6854086538080496,1966.531,0,0,0.0,False,none,control,-0.02482268261486309,-0.011366137375044438
08014500,0.7655851739441834,0.771648148206522,0.7622840215652068,0.7717134389656242,0.7009400852912766,0.7172794628867596,1305.147,0,0,0.0,False,none,,-0.0033011523789765462,6.529075910211013e-05
08015500,0.7834011940535109,0.8375915913098042,0.774491963392462,0.8083821337848397,0.5635702382851346,0.7049892697655022,4442.451,1,1,0.0055899142033903,False,DOR<=0.1,dam,-0.008909230661048984,-0.02920945752496451
04043050,0.7425213419241112,0.6851769397343983,0.7423968646735937,0.6838707648642495,0.3416513299110665,0.1662504637238349,76.6224,0,0,0.0,False,none,,-0.00012447725051756287,-0.0013061748701488352
04034500,0.18509060699512747,0.09373079248510685,0.18577671427570752,0.09440490879724195,0.18006554146830545,0.08883720521399452,502.9371,1,1,0.6195892206519147,True,DOR>0.5,dam,0.0006861072805800505,0.0006741163121350979
04036000,0.4949292966571416,0.6642141609168228,0.4958268356348122,0.6645686974149206,0.3587163965170376,0.5272638589429746,419.0814,0,0,0.0,False,DOR>0.5,,0.0008975389776706422,0.00035453649809780163
04040000,0.7322661688939824,0.6850445649102367,0.7342838368599809,0.686384507959023,0.7016709020012725,0.6534306680724575,3494.206,4,2,0.0548674137994481,False,0.1<DOR<=0.5,dam,0.0020176679659984487,0.001339943048786263
04040500,0.6954316323469532,0.5131747192343792,0.6956451478807355,0.513316806346876,0.687083664069753,0.507476900038354,419.8266,0,0,0.0,False,none,control,0.0002135155337823491,0.00014208711249685813
04041500,0.7553786664501945,0.7247326554445999,0.7553350105746255,0.7252251915264383,0.7504648523470043,0.7189676508950067,869.9346,1,0,0.0245700010084808,True,none,,-4.365587556898198e-05,0.0004925360818384128
04074950,0.8557525018609367,0.8333617407427748,0.8521102465548589,0.8316202334214087,0.8083540256868349,0.8386102506101186,1205.531,3,0,0.0213026381956406,False,none,,-0.0036422553060777574,-0.0017415073213661314
05391000,0.2284743355749128,0.5129368995538033,0.21866367757258898,0.5097674220054533,0.13432303160711057,0.546301299880196,1947.559,13,10,1.2826253923796298,True,0.1<DOR<=0.5,dam,-0.009810658002323835,-0.0031694775483499527
05393500,0.8606177862908608,0.910587049686129,0.8608267190157135,0.9106477607675638,0.8527002302476759,0.9173464015850785,220.4352,0,0,0.0,False,none,,0.0002089327248526729,6.071108143479442e-05
05394500,0.8749762520602977,0.805592009437542,0.8745976936868305,0.8052978568242497,0.8750154588105759,0.8120287236900672,483.1974,0,0,0.0,False,none,,-0.0003785583734672304,-0.0002941526132922423
05397500,0.8173778928548464,0.8923755453163448,0.8121196591509917,0.8890487135167651,0.8264617806080652,0.9044448762962705,964.9701,2,0,0.0128374346933645,False,none,,-0.005258233703854698,-0.0033268317995797103
05398000,0.9095716082397308,0.9153138180317947,0.9095977402220857,0.9151021669381811,0.873014489355868,0.917017857507733,10421.35,36,19,0.4249328326439671,True,0.1<DOR<=0.5,dam,2.6131982354904437e-05,-0.00021165109361354073
05399500,0.749595346126652,0.7230506984449607,0.7477568362868976,0.7194082406887956,0.7619885730896062,0.7758051997258724,576.3033,0,0,0.0,False,none,control,-0.0018385098397544208,-0.0036424577561651184
04073500,0.5703410618554619,0.6488444876182933,0.5668280379130839,0.6480284471159261,0.5473289805632304,0.6430352640068722,3416.35,19,3,0.0791465047035238,False,DOR<=0.1,,-0.0035130239423779575,-0.0008160405023671657
04079000,0.7726088149974084,0.8317394980250883,0.7681672971893496,0.830172511300038,0.6908607768281352,0.79362275631989,5811.954,18,0,0.015709245287862,False,DOR<=0.1,,-0.0044415178080587925,-0.00156698672505029
05400760,0.8905288931793149,0.9161184807322645,0.8591260500067793,0.8971993072292254,0.818676575074054,0.9063440801320931,14080.47,51,24,0.4346641084577403,True,0.1<DOR<=0.5,dam,-0.03140284317253561,-0.018919173503039177
05404000,0.7689983833478664,0.8587961427439347,0.771900310830983,0.8626593364982639,0.4436630506437067,0.71233861073226,20976.56,81,27,0.4479189905806331,False,0.1<DOR<=0.5,dam,0.002901927483116573,0.003863193754329197
05404116,0.7131484708030409,0.787332836691993,0.7089486923353152,0.7849692285891422,0.6033289856233732,0.6624433695159633,101.0097,1,0,0.0091004176664089,True,none,,-0.004199778467725679,-0.002363608102850856
05405000,0.6373010111295565,0.8043033215972388,0.6348791617206566,0.8036416129164125,0.4962038497092588,0.7399596365119288,1577.939,4,1,0.0258859615049195,False,DOR<=0.1,,-0.00242184940889989,-0.0006617086808263783
05425912,0.6333544406857949,0.6750905128868295,0.6368368260154005,0.677029551362442,0.6336644346155091,0.6775829858458546,444.7584,2,2,0.5776226645379354,True,DOR>0.5,,0.003482385329605542,0.0019390384756124979
05427718,0.48883973419711546,0.7027556475031542,0.4858350414406576,0.700802511547806,0.4352513000642293,0.684961400839569,191.4768,0,0,0.0,False,none,,-0.003004692756457872,-0.001953135955348184
05406500,0.6368107895459008,0.819692889697061,0.6522555588033903,0.8269470735278885,0.588460563290659,0.7279819706429289,115.8579,0,0,0.0,False,none,,0.015444769257489499,0.007254183830827543
05414000,0.550181360021079,0.6256265257907238,0.5536356203944666,0.6265616791915589,0.5032933604298598,0.7103597523302458,370.7901,0,0,0.0,False,none,,0.0034542603733875854,0.0009351534008351647
05419000,0.7326173286725104,0.8470083691983987,0.7323099795394825,0.8473440039749065,0.7243520790394876,0.7888040828790148,638.6625,1,1,0.0674410268044836,False,DOR<=0.1,,-0.0003073491330278788,0.00033563477650777607
05426000,0.8560443459215695,0.8168400457875851,0.8539007473772604,0.8170865137136094,0.8414797592288712,0.8173048735282273,2032.097,7,2,0.1059777127402146,False,0.1<DOR<=0.5,,-0.002143598544309122,0.00024646792602434076
05430150,0.6646837499837718,0.8007020991758947,0.6658778421743743,0.7996681783426605,0.538543253389171,0.7534310032675356,224.5698,0,0,0.0,False,none,,0.0011940921906025137,-0.0010339208332342809
05431486,0.7157878283011081,0.8275388848156504,0.7148364002402575,0.8239379476203682,0.44427504266772977,0.6217824055916585,491.1426,2,1,0.1109451901820372,False,0.1<DOR<=0.5,,-0.0009514280608505787,-0.0036009371952822056
05432500,0.5653538750060942,0.690176179945712,0.5753076289372254,0.6979439892658661,0.46356939405844444,0.6069500469018634,705.6225,2,0,0.00189390370246,False,none,,0.009953753931131182,0.007767809320154084
05433000,0.6538094570878057,0.8152060154901191,0.6635861943738646,0.8219243721852681,0.5881607532482538,0.73856862253166,571.7655,0,0,0.0,False,none,,0.009776737286058879,0.006718356695149086
05434500,0.3028374155541176,0.636275622106784,0.2934449509672352,0.6336910066858724,-0.026579002860095846,0.5073545091513416,2677.406,3,0,0.0046525270582366,False,none,,-0.009392464586882365,-0.0025846154209115957
05435500,0.3304763171757219,0.6759465590474094,0.33431077070847903,0.6779475710661059,0.0029083358962349593,0.5436876456273865,3435.407,3,0,0.003403962633955,False,none,,0.0038344535327571316,0.002001012018696513
05436500,0.7136387847521688,0.7492265793587438,0.6936346843375498,0.7455728738672686,0.6069122492053485,0.7329104624010168,1351.822,3,0,0.0032781598226997,False,none,,-0.020004100414618975,-0.0036537054914752565
05439500,0.7661098090578693,0.8085935939281088,0.7597873462352028,0.8046162875790358,0.7720410840219762,0.7952842278652112,1002.794,0,0,0.0,False,none,control,-0.006322462822666464,-0.0039773063490730065
05440000,0.8204735486196497,0.8977903309129346,0.8171929997816754,0.8967565767658023,0.7446786329981672,0.8336031343959028,2847.03,2,0,0.0004330358152322,False,none,,-0.003280548837974351,-0.0010337541471322487
05444000,0.6565870225324092,0.6968400061683002,0.6518999842482973,0.7000357987088734,0.5936806660097611,0.769389668552776,376.3512,0,0,0.0,False,none,,-0.004687038284111877,0.003195792540573228
05422000,0.7123767077259895,0.8050591905281452,0.6998378048805298,0.7806973070262,0.3930007123874286,0.7040852467912957,6049.042,11,0,0.0034678546405512,False,none,,-0.012538902845459665,-0.024361883501945236
05447500,0.7998005976251044,0.8463494278496158,0.8028093308429451,0.8457932632238518,0.674283059450153,0.8099705323787849,2575.741,0,0,0.0,False,none,control,0.0030087332178407866,-0.0005561646257639108
05466000,0.7169049771006442,0.807955481224785,0.7151027679046758,0.8079796046211437,0.7161624119663963,0.8247562247922859,401.4297,0,0,0.0,False,none,,-0.0018022091959684072,2.4123396358710636e-05
05556500,0.7436646314094832,0.7513597813939421,0.7452497226073667,0.7483251144623981,0.6975139127868176,0.7795213153454071,505.0946,0,0,0.0,False,none,,0.0015850911978834148,-0.0030346669315439723
05567500,0.8230769133023432,0.8353249319306815,0.8312251618642426,0.8371104400220495,0.7288543739702011,0.8016840044276319,1982.459,2,2,0.0559948100468884,False,DOR<=0.1,,0.00814824856189933,0.0017855080913680155
05569500,0.8061331272230691,0.8901837822951812,0.8246820178383691,0.904328973336916,0.6194322813628297,0.7714167365715248,2773.11,3,1,0.0228991700374346,False,DOR<=0.1,,0.018548890615300073,0.014145191041734728
05512500,0.48703089630610796,0.3504483913890748,0.4855837326451299,0.3457552184767737,0.5904429447585176,0.5694914984307302,102.3111,0,0,0.0,False,none,,-0.0014471636609780791,-0.004693172912301091
05570000,0.8238029152060781,0.8914707567043931,0.8243872658186535,0.8866669715373768,0.6132156023742515,0.8100796605631368,4241.168,6,1,0.0204843513433741,False,DOR<=0.1,,0.0005843506125754461,-0.0048037851670162945
05576500,0.7837023792397635,0.8536130695115917,0.8130364211956222,0.8618651949125586,0.568454007505141,0.7637944756617973,6784.395,13,4,0.077626637850595,True,0.1<DOR<=0.5,,0.02933404195585876,0.008252125400966981
05577500,0.756482230632124,0.6272050758203822,0.7486218627026082,0.6252119006569143,0.6755390052158092,0.44247703458558696,270.1998,0,0,0.0,False,none,,-0.007860367929515832,-0.001993175163467864
05579500,0.7172826018619403,0.7027780403974904,0.7246382471722426,0.7072138316295404,0.607709790506596,0.4796793806278623,552.1221,0,0,0.0,False,none,,0.007355645310302306,0.004435791232050068
05580000,0.7180280542937342,0.7097822658017153,0.7245991536871206,0.7101233557425441,0.7257204290927819,0.7023343878312188,591.4535,1,0,0.0009923273963028,False,none,,0.006571099393386404,0.0003410899408288204
05585000,0.726950059391898,0.8120581985367936,0.7164362404900707,0.8086708741283118,0.5319502323095648,0.761527701688451,3354.608,4,0,0.0060689773287329,False,none,,-0.010513818901827343,-0.0033873244084817733
05587000,0.7774742906365029,0.7958113033799331,0.7782390119924885,0.8029902102417295,0.6290118388985344,0.7448119060684635,2241.334,9,1,0.0658966969929758,False,DOR<=0.1,,0.0007647213559855981,0.007178906861796341
05587900,0.747611950791647,0.7164904831336811,0.7428404893118836,0.7091396156254524,0.7878680276395467,0.7724010792414348,546.2568,0,0,0.0,False,none,,-0.0047714614797633725,-0.0073508675082287755
05592800,0.8388324983825266,0.8366784572914941,0.8387549285605853,0.8403300455381483,0.5377578055412677,0.2984010857549516,394.1784,0,0,0.0,False,none,,-7.756982194129236e-05,0.003651588246654125
05593000,0.3658114709838183,0.6816256698846516,0.6664525733871526,0.7646552896423164,-0.14570072459227368,0.4987474183398688,7055.184,4,2,0.2636363043822332,True,DOR>0.5,dam,0.3006411024033343,0.08302961975766487
05593575,0.8082719500122769,0.8122039567697281,0.8110415264365639,0.8004164156391357,0.8073672536524202,0.7748018913728059,217.6731,0,0,0.0,False,none,,0.0027695764242869902,-0.011787541130592438
05594000,0.42109538490048004,0.6855692924005781,0.353898332649911,0.6667796539079092,-0.22320447812689115,0.4394081889590489,1909.837,9,4,0.142574328810028,False,0.1<DOR<=0.5,,-0.06719705225056904,-0.018789638492668903
05594100,0.6156414297921292,0.8036802694262286,0.752348719619462,0.8396027411947289,-0.12770732162016252,0.48973495582041593,11361.84,14,6,0.1867485985980515,False,0.1<DOR<=0.5,dam,0.13670728982733282,0.035922471768500275
05594450,0.7825326103682405,0.7941226044987837,0.7768912734448981,0.7931372509209139,0.7381542880111585,0.788470518909068,399.9105,0,0,0.0,False,none,,-0.005641336923342455,-0.0009853535778697742
05594800,0.584853991308049,0.7877036151270823,0.5438199278480338,0.7657877626512428,0.21489026970047442,0.5909276139170383,1214.955,2,0,0.0211314187417051,True,none,,-0.04103406346001526,-0.021915852475839492
05595200,0.7173217306447341,0.6729235513558489,0.7138642497631209,0.6619335496971503,0.7449298989991259,0.7682575722890568,332.8659,1,0,0.0094622685859687,False,none,,-0.0034574808816132396,-0.010990001658698567
07018500,0.7532701879726453,0.8267806694401003,0.7195852407841985,0.8400570299826062,0.6099155500151321,0.7101618868879838,2344.942,21,0,0.0046262089897828,False,DOR<=0.1,,-0.033684947188446834,0.013276360542505916
07019000,0.7891944162872009,0.8667023231395315,0.7771634692836809,0.8646055921817885,0.34012000201542336,0.6488163506294344,9785.183,73,1,0.005845222403353,False,DOR<=0.1,,-0.012030947003520032,-0.002096730957743098
07061500,0.6317583205262077,0.6083017733999603,0.6247972957776486,0.6034006995801326,0.648846117226691,0.6323156512453223,1272.549,2,0,0.0149148149089135,False,none,,-0.006961024748559086,-0.004901073819827628
07063000,0.5603562541128706,0.7832575748442929,0.5344725438448429,0.7707864447624084,0.27051622189470337,0.6098818921151132,3231.511,4,1,0.0268426012285927,False,0.1<DOR<=0.5,dam,-0.025883710268027715,-0.012471130081884496
07067000,0.7457419074492695,0.655224408924726,0.7467692849219716,0.6579582673754536,0.608476464033968,0.5892358103387172,4349.011,6,0,0.0004434446382827,False,none,,0.0010273774727020957,0.0027338584507276
07068000,0.8075800623091602,0.8410743892865531,0.8091702454605711,0.8425422332887684,0.5660575709506829,0.7442321691295517,5318.585,6,0,0.0003170709750491,False,none,,0.0015901831514109066,0.001467844002215335
07030240,0.8153550755564575,0.8512875263885165,0.8138300641308004,0.8490651531282556,0.8231201403118332,0.9072066054179044,677.727,0,0,0.0,False,none,,-0.0015250114256570857,-0.002222373260260868
07077380,0.7321434157094107,0.7443759726534727,0.7311280079047935,0.7443109552868601,0.7294392737412263,0.7371276550882726,1792.358,0,0,0.0,False,none,,-0.0010154078046171744,-6.501736661257418e-05
07047942,0.3000398941369812,0.5251574347004103,0.3319905689101015,0.5404746712861154,0.12393926355069507,0.4624133190943991,1390.728,1,0,0.0007248268764475,False,none,,0.0319506747731203,0.015317236585705052
07287400,0.6301350925227183,0.5715768705901327,0.619006680185691,0.5611693618750453,0.6514451145453886,0.7333040586885695,227.2023,0,0,0.0,False,none,,-0.011128412337027216,-0.010407508715087443
07289350,0.7240208771190599,0.8617209432446405,0.7310158565180562,0.865915601135354,0.5313717653502508,0.7607332424719521,2611.257,1,0,0.0002111369282078,False,none,,0.006994979398996293,0.0041946578907134935
02488500,0.831209561605748,0.8846642927246561,0.8636481456035021,0.8904748001395317,0.7068818667369736,0.8164969576875015,12917.69,8,1,0.0816460681776134,False,DOR>0.5,dam,0.03243858399775412,0.005810507414875654
02492000,0.7128227548312003,0.8118303490337193,0.6905693683393823,0.8038609079859727,0.22640159167054763,0.6206293243920046,3112.618,1,0,0.0010770770819677,False,none,,-0.02225338649181796,-0.007969441047746662
07375000,0.6302072887984353,0.7911599108076895,0.68115745133873,0.8025838729802656,0.5323004685362862,0.6846030825599703,249.3477,0,0,0.0,False,none,,0.05095016254029461,0.011423962172576019
07375500,0.8052552206139706,0.8749529728893355,0.7891099975969378,0.8673474864660569,0.512396187249533,0.7198728867568263,1674.757,2,0,0.0068331396304597,False,none,,-0.016145223017032806,-0.007605486423278629
07376000,0.7311325984702355,0.8340002416914742,0.711627561489405,0.8245588635848886,0.3109173433836856,0.6173699353896267,651.6053,0,0,0.0,False,none,,-0.019505036980830504,-0.00944137810658563
07377000,0.7068290529153634,0.808157170122024,0.7151004945724542,0.8117734707894073,0.6297009597517118,0.6786453530794168,1525.312,0,0,0.0,False,none,,0.008271441657090817,0.0036163006673832765
07377500,0.730432037810042,0.7159831141277286,0.7035667673165134,0.6843970186891233,0.7466525690696764,0.7465504180568456,389.6262,0,0,0.0,False,none,,-0.026865270493528604,-0.031586095438605355
07378500,0.8124596680006819,0.8404342417407156,0.7969656624535968,0.8205354153336077,0.5203081527891722,0.75567119538056,3449.547,1,0,0.0003001488549962,False,none,,-0.015494005547085132,-0.019898826407107828
04057510,0.4177211481655757,0.5300647481310929,0.40817431587460373,0.5300777585533094,0.1442399511904784,0.3050435164506503,473.5728,0,0,0.0,False,none,control,-0.009546832290971974,1.301042221646398e-05
04057800,0.3611777243550828,0.582629277190313,0.37976486082126526,0.5783394246171703,-1.437972253539058,-0.558996303705902,115.8705,2,1,0.5491822222566848,True,DOR>0.5,,0.018587136466182486,-0.004289852573142738
04058100,0.6260317336632111,0.7799040145770547,0.6226367535060753,0.7756307310321527,0.15213406357911563,0.37857319994783467,544.7303,3,1,0.1623007911131916,True,0.1<DOR<=0.5,,-0.0033949801571357963,-0.0042732835449019735
04059000,0.5911031623956019,0.6843979606419408,0.5890571396855682,0.6835313576870765,0.45730028764503516,0.5229630380748385,2256.997,5,1,0.0528342177067265,False,DOR<=0.1,,-0.0020460227100337347,-0.0008666029548642928
04060993,0.8400697287713182,0.8927768895124641,0.8406239586978501,0.8917724055946015,0.7468243780499662,0.7781349280093646,975.5613,0,0,0.0,False,none,control,0.0005542299265318684,-0.0010044839178626752
04062000,0.2688443460779484,0.31644339613361006,0.2607375393911383,0.30796764641002616,0.29022724524317556,0.3434222201020386,1665.845,3,0,0.0243804245011764,True,none,,-0.008106806686810075,-0.008475749723583892
04062500,0.37821968095825576,0.5461638071551161,0.38250697427622127,0.5467989950170249,0.04691855068579143,0.4305727514565627,1673.412,6,2,0.3338643612249593,True,0.1<DOR<=0.5,dam,0.004287293317965513,0.0006351878619087481
04063000,0.6013954985713266,0.6317101809539313,0.5970408660847077,0.6275861927919539,0.7157496744787912,0.7403975093087398,4592.196,11,3,0.1514106092037822,False,0.1<DOR<=0.5,dam,-0.004354632486618826,-0.004123988161977343
04063500,0.5976320996132859,0.6300753258970329,0.5935089569919867,0.6263000494174203,0.7287724581938708,0.7704753865378394,4705.535,12,4,0.1565456287576212,True,0.1<DOR<=0.5,dam,-0.004123142621299203,-0.0037752764796125104
04059500,0.6787310675344129,0.7718190658451661,0.6801821463964417,0.7732483797336887,0.6259509074826213,0.6960030608619288,1184.366,0,0,0.0,False,none,control,0.0014510788620287762,0.001429313888522521
04063700,0.7730273716222963,0.703935376788616,0.7733090709245068,0.7047056253307455,0.5251396103448756,0.40044843268762176,362.5712,0,0,0.0,False,none,control,0.0002816993022105585,0.0007702485421295924
04066003,0.8639721635706881,0.8529027009937922,0.8612306632997464,0.84929338799591,0.8364389877746776,0.8519151304770501,8177.98,24,4,0.1255033251474354,False,DOR<=0.1,dam,-0.002741500270941666,-0.0036093129978821414
04069500,0.6185590095858193,0.6555210104716565,0.6189357797793011,0.6557277190426879,0.605586510917477,0.6385798475254449,2882.103,7,3,0.083302989242985,True,DOR<=0.1,dam,0.0003767701934818124,0.00020670857103144424
04071000,0.7698820464796111,0.8089801410815511,0.7677822336838163,0.8092727685284875,0.7609591411537349,0.8025653003603906,1814.38,3,1,0.0562822758617746,False,DOR<=0.1,,-0.002099812795794853,0.00029262744693636655
04084445,0.6953410672563005,0.7954065327878679,0.6594960690787626,0.7707562692207823,0.6707930813378716,0.783720450148659,15441.28,60,6,0.6966339479087434,True,DOR>0.5,,-0.035844998177537946,-0.02465026356708555
04084500,0.6791307107177698,0.7925819411527433,0.6484427290532535,0.7646324087122518,0.6598711411643413,0.7859758479019198,15584.42,63,6,0.6824900971968615,True,DOR>0.5,dam,-0.03068798166451625,-0.027949532440491476
04086000,0.758835786580407,0.7749415607927221,0.7753963879055941,0.782241268467364,0.7856839931198795,0.8645592840875015,1100.425,9,0,0.0048965936522319,False,none,,0.016560601325187108,0.007299707674641831
04086600,0.8218072139072456,0.840789130769017,0.8146509870841264,0.8383409005066282,0.7769884523557604,0.8189994769066227,1559.419,10,0,0.0087490187721408,False,none,,-0.007156226823119227,-0.0024482302623887175
04087000,0.8111621273693176,0.8384369611538796,0.805692548462632,0.8352473942500567,0.7326764862779791,0.7767341971618694,1805.202,12,0,0.0093742405269326,False,none,,-0.005469578906685535,-0.0031895669038228824
04087120,0.7613678100079241,0.8065012393548463,0.7612228107960903,0.8061940906120202,0.776393110209876,0.8311006657454699,320.58,0,0,0.0,False,none,control,-0.00014499921183375175,-0.00030714874282611326
04087220,0.7916856335715252,0.763558222853268,0.7872354019071284,0.7586217733345009,0.7871044037042664,0.6574809283900908,128.0809,0,0,0.0,False,none,,-0.004450231664396842,-0.00493644951876715
04087240,0.7261527150011206,0.632580360554788,0.7441006351372406,0.646386945357056,0.591150837404544,0.7650113430112203,491.4198,1,0,0.001258650197176,True,none,,0.01794792013612001,0.01380658480226804
04087257,0.583929290690333,0.45713326423708434,0.592038109764115,0.4586773072985013,0.5737526791162592,0.529858323792156,98.0937,0,0,0.0,False,none,,0.008108819073782025,0.0015440430614169776
05426250,0.8211199447574028,0.8914919675629663,0.8214769126367705,0.8921366540261343,0.7713900707963774,0.7949054335148147,306.8001,4,0,0.0977858003744673,True,none,,0.0003569678793676756,0.0006446864631679539
05438500,0.7618232921444507,0.8283355816857458,0.7584350664242518,0.8235140825093266,0.6647124360148657,0.7466331553821743,1404.788,2,0,0.0008706677829478,True,none,,-0.003388225720198812,-0.004821499176419275
05439000,0.8089212995964647,0.8135140596063083,0.8088948441181452,0.8140177009672094,0.734349847580767,0.5977870184439595,201.339,0,0,0.0,False,none,,-2.6455478319586945e-05,0.0005036413609010859
05527800,0.7241754876053087,0.6466829556803626,0.7272745397703768,0.648102192820856,0.7602055483543749,0.7078693133248224,317.6778,0,0,0.0,False,none,,0.003099052165068117,0.0014192371404934123
05527950,0.8349969359411082,0.8648330519747527,0.8324281502506877,0.8635363830628392,0.8391885654927753,0.8656104028433982,155.9574,0,0,0.0,False,none,,-0.0025687856904205164,-0.00129666891191349
05528000,0.802833802555331,0.6346321539516888,0.7996654438229178,0.6363708386969815,0.8506842492727605,0.8194455385682391,603.7821,0,0,0.0,False,none,control,-0.003168358732413168,0.0017386847452927068
05529000,0.8337363016305116,0.7115340903577525,0.8246306673565938,0.7151469423884207,0.8384625863416179,0.8484998372730455,943.0974,1,0,0.0056347372857706,False,none,,-0.009105634273917751,0.00361285203066819
05530990,0.43256388647146726,0.6151865697703547,0.44231254419864663,0.6193373964496725,0.3705753798190594,0.5877351749281676,70.95151,0,0,0.0,False,none,,0.009748657727179366,0.004150826679317765
05531300,0.7931164913161232,0.8292393535694558,0.7952301950566537,0.8246509862942744,0.6805174964320346,0.6293302417306128,230.3343,1,0,0.0246754708228013,False,none,,0.002113703740530548,-0.004588367275181415
05531500,0.8262213073774799,0.8016450092000553,0.8324333863564367,0.8066802447131356,0.8540611576321193,0.9167005501616416,290.5999,1,0,0.0190537717774345,False,none,,0.006212078978956814,0.005035235513080272
05532500,0.8736075482648805,0.8490763564557656,0.8725678726451214,0.8448833037973272,0.8150823635292489,0.8969322804476322,1634.157,2,0,0.0076959348607576,False,none,,-0.0010396756197591506,-0.00419305265843839
05536000,0.793555485310257,0.8132474657816348,0.7824823167914602,0.8154972743149231,0.7371522250903536,0.8552684947651301,254.6775,0,0,0.0,False,none,,-0.011073168518796805,0.0022498085332883777
05540095,0.8017646576086507,0.7265851021097219,0.7962238781799457,0.723810338771528,0.8261724636597091,0.810964369648854,237.0537,1,0,0.0026472130306046,False,none,,-0.005540779428705012,-0.0027747633381939307
05543830,0.818419018175347,0.9014751665971488,0.819815804946326,0.9021685848689887,0.8170154053006125,0.8880082387025471,328.5189,2,1,0.1553311009646602,True,0.1<DOR<=0.5,,0.001396786770978986,0.0006934182718398851
05544200,0.6394788718024825,0.8224518197751808,0.639435603322503,0.8224323580434706,0.6384912633713251,0.82197894696423,191.2055,3,0,0.1949792952146019,True,none,,-4.3268479979485797e-05,-1.9461731710190833e-05
05548280,0.714685545072089,0.7945497684730394,0.7269012654267917,0.7941557848782634,0.6555774169875079,0.6533832653280008,498.2472,1,0,0.0428064888513217,False,none,,0.012215720354702642,-0.00039398359477593736
05551200,0.7395981896365398,0.8128698876931613,0.7258006829565193,0.8068733113549025,0.7695248057169197,0.8645284376840718,133.9793,0,0,0.0,False,none,,-0.013797506680020444,-0.0059965763382587856
04093000,0.8707055432048569,0.834158758523962,0.8671958735856191,0.833993614634637,0.8790183736743175,0.8457456349205936,320.805,1,0,0.014418552312819,True,none,,-0.0035096696192378207,-0.00016514388932509227
05524500,0.8986563823820642,0.8666627971554087,0.8976182250683499,0.8663440187042846,0.898193469209173,0.8911601723705844,1167.568,0,0,0.0,False,none,control,-0.0010381573137143718,-0.0003187784511241576
05525000,0.8985377264813438,0.9126678797311409,0.8982081534742867,0.9126773945670246,0.8785920943675206,0.8976447153577071,1746.274,0,0,0.0,False,none,control,-0.00032957300705704906,9.514835883628336e-06
05536275,0.7008382165754428,0.6480200587919249,0.703250414465741,0.6429488082630074,0.7152142552555418,0.6969595422805339,268.2657,0,0,0.0,False,none,,0.002412197890298229,-0.005071250528917548
05539000,0.8436511362346789,0.8662844134566928,0.8414371559781022,0.8606759976744753,0.8494076543123006,0.9090627867008216,278.9082,1,0,0.0363898958896883,False,none,,-0.0022139802565767086,-0.005608415782217491
05540130,0.8117829299120726,0.7366991100348583,0.81843868140327,0.7324081214041656,0.8276470016954478,0.8654151575547304,319.4865,2,0,0.028312998858422,True,none,,0.006655751491197459,-0.004290988630692771
05540250,0.8187903208612228,0.8556962952080119,0.8208678207485479,0.8523215092436174,0.8055298000105202,0.8702508349896046,194.9094,1,0,0.0077370389317328,True,none,,0.002077499887325085,-0.0033747859643945555
05540500,0.8468836701572724,0.741681170838886,0.8423123035564317,0.7388638060563053,0.8107328944660954,0.8244060785924319,838.863,3,0,0.0120563883198203,False,none,,-0.004571366600840676,-0.002817364782580656
05551700,0.8399607941214803,0.844621225007842,0.8400113917389282,0.8436090716175162,0.8489648905388378,0.8681233509051756,182.2446,0,0,0.0,False,none,,5.05976174479672e-05,-0.0010121533903257873
05554500,0.8257288080158739,0.7823780563140426,0.8246179504828293,0.7842346649322316,0.8164354688275706,0.7731414629750135,1500.099,0,0,0.0,False,none,control,-0.001110857533044629,0.0018566086181890373
05555300,0.8538199927761984,0.7758961555431096,0.844163427577669,0.7736691756689074,0.7309935824280456,0.7332370028479269,3253.545,1,0,0.0018229296511589,False,none,,-0.00965656519852931,-0.002226979874202284
03336000,0.8666699591757757,0.9172586752961951,0.902328228538549,0.9496046567872345,0.42748489932830336,0.7093255498278557,21409.5,18,6,0.0401865411380896,False,0.1<DOR<=0.5,,0.035658269362773276,0.0323459814910394
03338780,0.7590885392757554,0.83148011941788,0.7675871814902804,0.8405412798643889,0.6259551993164736,0.690980954438432,691.5555,1,0,0.0202857875355405,True,none,,0.00849864221452501,0.009061160446508842
03339000,0.8975730428687336,0.9204318584585844,0.8976301777494199,0.9228700910112044,0.8079803966158886,0.8449792201417659,3341.407,4,0,0.0105525997864746,False,none,,5.713488068626038e-05,0.00243823255261999
03340500,0.877567135771472,0.9331801097315524,0.8902258133535307,0.9326129490421297,0.46696456076540127,0.737536392086646,28916.66,22,6,0.0306295942708563,False,0.1<DOR<=0.5,,0.01265867758205863,-0.0005671606894227521
03341500,0.8376243966779994,0.9006496419980725,0.840211435387409,0.9081897736316271,0.29592434712470084,0.6488663394237377,31881.49,24,7,0.0339832934819228,False,0.1<DOR<=0.5,,0.0025870387094095726,0.007540131633554603
03343400,0.8604951651213201,0.8642739640289256,0.8592136337315548,0.8642380333883146,0.8562513792485418,0.8831710924463491,485.8434,0,0,0.0,False,none,,-0.001281531389765278,-3.593064061102602e-05
05570910,0.7750096148922528,0.7480829071447617,0.7797664007629899,0.750184307927571,0.764781131255083,0.7337298691648005,561.0462,0,0,0.0,False,none,,0.004756785870737024,0.002101400782809293
05572000,0.7586213182147875,0.7990015019273965,0.7816565205417951,0.8181545014500864,0.6252104877828027,0.7260868580255837,1426.457,2,0,0.0009038146461059,False,none,,0.02303520232700762,0.019152999522689895
05573540,0.8097830697755601,0.8005752262004138,0.8161205154837305,0.8011959633141341,0.734019275972055,0.7727285292366011,2433.287,3,1,0.0339360866473955,False,0.1<DOR<=0.5,dam,0.006337445708170408,0.0006207371137203488
05578500,0.5378128200260839,0.665342915967837,0.6308112454828575,0.6944732561869602,0.36935987042309304,0.5910113827268042,862.6382,2,1,0.3614590457890992,False,DOR>0.5,dam,0.09299842545677361,0.029130340219123196
05590800,0.8751586582762197,0.8246250841009004,0.8742930506016673,0.8224208985344283,0.8727344336499903,0.7772571903371693,389.7567,0,0,0.0,False,none,,-0.0008656076745524599,-0.002204185566472061
05591550,0.5664673809727517,0.47469274154036056,0.5647163925026164,0.4736860482224948,0.6987969741708248,0.6473406062482916,96.20551,0,0,0.0,False,none,,-0.0017509884701353284,-0.0010066933178657367
05591700,0.7765260475154365,0.6659475546915083,0.7749883522286103,0.6645426397168398,0.789151147417418,0.6947947017623586,297.1521,0,0,0.0,False,none,,-0.001537695286826235,-0.0014049149746685474
05592000,0.30205878419356846,0.5953870145321956,0.5548654880481578,0.6499931753038364,0.09959813057494293,0.5478808652662468,2742.167,1,1,0.2944401772793736,True,DOR>0.5,dam,0.25280670385458937,0.05460616077164082
05592050,0.6692572061552902,0.762394583736097,0.6748338491712904,0.7678038265842041,0.7029637260801396,0.801754858766039,254.1213,0,0,0.0,False,none,,0.005576643016000249,0.005409242848107065
05592100,0.5965656543979494,0.7457815070322859,0.6638317085441361,0.7077145998026715,0.5232776104161941,0.766670968882822,3451.515,1,1,0.2391229666779224,False,DOR>0.5,dam,0.0672660541461867,-0.038066907229614366
03345500,0.8461926397606436,0.86971377106481,0.8437923715529639,0.8675458623017225,0.7037368110137188,0.8300553562899053,3944.566,3,0,0.0030336750238158,False,none,,-0.00240026820767969,-0.0021679087630874783
03346000,0.8305591250556537,0.8096652912838782,0.8205642420818478,0.7872844132044008,0.8224390797947334,0.8097404730834954,814.6935,0,0,0.0,False,none,control,-0.009994882973805908,-0.022380878079477418
03376500,0.7557394805944013,0.8477349736947396,0.7968549520660988,0.8490532433350866,0.6456309329477645,0.777822560675219,2130.036,1,1,0.1996214968359049,False,0.1<DOR<=0.5,,0.04111547147169747,0.0013182696403469807
03378000,0.7845697962428604,0.8282985669328843,0.7879288045868247,0.8279329481181709,0.7838598948428963,0.8383708831395749,590.5197,0,0,0.0,False,none,control,0.003359008343964298,-0.00036561881471341984
03378550,0.7365832566303325,0.7381175786611758,0.7316705563703219,0.7344862073372906,0.6283889962061238,0.4452033788206915,269.7336,0,0,0.0,False,none,,-0.004912700260010672,-0.0036313713238851353
03378635,0.7882658767890262,0.705134532794796,0.7875347575398409,0.6977075441860208,0.7938355802327347,0.7331172349198519,622.0404,5,2,0.1449148663685198,True,0.1<DOR<=0.5,,-0.0007311192491852303,-0.00742698860877522
03379500,0.7301370551422733,0.7234280532103592,0.7459366143654933,0.7245257169525599,0.6031334394334552,0.6887326825075036,2928.654,6,3,0.0635184720180922,False,0.1<DOR<=0.5,,0.01579955922321996,0.0010976637422006608
03380500,0.8661916037930733,0.7839143225458477,0.8639502664023015,0.7842673523047418,0.8409314844832303,0.7885900555511052,1204.297,1,1,0.0261327551448758,False,DOR<=0.1,,-0.0022413373907717027,0.0003530297588940634
03381500,0.4882888053132446,0.7308160442530955,0.4975914008535658,0.7375353150566184,0.23617329912880203,0.6152474633209537,8032.886,9,5,0.03281148310513,False,DOR<=0.1,,0.009302595540321201,0.006719270803522859
05592575,0.6919222673480039,0.6839065996852896,0.6873473277819518,0.6816400454432823,0.7263606629198278,0.6205868807049593,115.2504,0,0,0.0,False,none,,-0.004574939566052039,-0.0022665542420072793
05595730,0.7474763057292922,0.6407832267014693,0.7441497591333139,0.6361893891380496,0.789753211713421,0.6716852578306419,236.7603,0,0,0.0,False,none,,-0.003326546595978308,-0.004593837563419689
05597000,0.028382439508479074,0.5259561290126623,0.44530445736033564,0.7034396599185981,-0.38299017544887226,0.3644895517986534,2045.145,4,1,0.3454576461030275,False,DOR>0.5,dam,0.41692201785185656,0.17748353090593583
03382100,0.7712811351272744,0.732985804932008,0.7680761953540233,0.7275128114142908,0.7931724104423392,0.7990931058066033,367.272,2,1,0.2858794956427015,False,DOR>0.5,,-0.003204939773251092,-0.0054729935177172395
03383000,0.7671554187690222,0.7966342905417186,0.7728101865849611,0.8033814085786803,0.6539727908443094,0.5927498191236698,660.5415,2,0,0.0322928122936012,False,none,,0.005654767815938988,0.006747118036961708
03384450,0.696942411005862,0.752392356963548,0.6872204827926354,0.7554336800624345,-0.4973066235025727,-0.6211721470123543,111.1266,0,0,0.0,False,none,,-0.009721928213226594,0.0030413230988864948
03438000,0.831365855324105,0.8093845165207448,0.8189530123532038,0.8021913235035536,0.8461576914967762,0.8360076541608119,634.8636,1,0,0.0069106435326297,False,none,,-0.012412842970901172,-0.007193193017191235
03610200,0.7805125138953679,0.7113710610065795,0.7757012849176176,0.7087906368728405,0.7752211916864101,0.6554041621667124,349.4556,0,0,0.0,False,none,,-0.004811228977750326,-0.0025804241337390454
05597500,0.5350122471682074,0.5453754295351079,0.536735687926595,0.5466267908603215,0.259883332208103,0.037385463314730805,82.27351,0,0,0.0,False,none,,0.0017234407583875955,0.0012513613252136402
03604000,0.7069462448221446,0.8091843834627275,0.6816316897562908,0.8021282974726306,0.5881038926697019,0.7881168608500985,1163.026,3,0,0.0094117770152875,False,none,,-0.025314555065853783,-0.007056085990096883
02430680,0.6786042200217077,0.6743759822768899,0.6765843322519901,0.6740771466077209,0.6924195688529333,0.6924949943919001,342.171,0,0,0.0,False,none,control,-0.002019887769717621,-0.0002988356691689953
02439400,0.8131637374990296,0.8643400256781184,0.8139193356505086,0.8629504310843621,0.5437934394387454,0.7134305358639108,2057.115,0,0,0.0,False,none,control,0.0007555981514789645,-0.0013895945937563159
03592718,0.5836105192010377,0.5789702893982069,0.5805404506904916,0.5750989761891394,-0.6017783783230899,-0.5100294931328417,66.9897,0,0,0.0,False,none,,-0.0030700685105460312,-0.0038713132090675284
07283000,0.8300263414585068,0.7064276364576605,0.828733460288215,0.7015691255977108,0.8660436237978896,0.8083625001333086,668.8198,0,0,0.0,False,none,,-0.0012928811702918042,-0.004858510859949705
02467500,0.7493963737394398,0.8181086368894372,0.7493031703287343,0.8118770948279332,0.5770004678706744,0.7795581918198393,1574.118,2,1,0.0410609170836605,False,DOR<=0.1,,-9.32034107055113e-05,-0.006231542061504003
02481880,0.8575760905706747,0.8687574379313363,0.8552481218347558,0.8693103213732042,0.8258605367650655,0.868532835870067,1341.208,0,0,0.0,False,none,control,-0.002327968735918895,0.0005528834418678796
02482000,0.7981532169559254,0.8888498163198667,0.7860281393979041,0.8839425802586995,0.6771631674022871,0.8332293546604239,2335.163,0,0,0.0,False,none,control,-0.012125077558021391,-0.004907236061167164
02482550,0.7576894542699152,0.8390778164504943,0.7506691934682631,0.8379134031533607,0.6233268813648444,0.7777240205608219,3478.06,0,0,0.0,False,none,control,-0.0070202608016520784,-0.0011644132971335708
02484000,0.8204291648767783,0.8709390657360168,0.8199611064237304,0.871308230627961,0.7974100716252119,0.8458850035919704,783.5094,0,0,0.0,False,none,control,-0.0004680584530478704,0.0003691648919442736
02472000,0.808677982508898,0.7205100106418036,0.8111499701989535,0.7224467369973616,0.8142003878349464,0.7238426541417543,1927.134,0,0,0.0,False,none,control,0.0024719876900555215,0.0019367263555579717
02472500,0.7957388742786311,0.7549502007938395,0.7914047571072349,0.7549848334468032,0.7900616178667708,0.755586402015282,789.9363,0,0,0.0,False,none,control,-0.004334117171396201,3.463265296377305e-05
02473000,0.8340535472013648,0.7848001547087966,0.8288585119281965,0.7832886408946902,0.6683206554550067,0.7100625740821425,4542.001,1,0,0.0003195366446331,False,none,,-0.005195035273168336,-0.0015115138141064133
02473500,0.7476824203871949,0.756578495669803,0.7562916409170923,0.757409554394016,0.72912807446331,0.6410819179680358,619.4097,1,0,0.0021975149193011,True,none,,0.008609220529897432,0.000831058724213074
02474500,0.827140570983796,0.8288645996701427,0.825816210368542,0.8262940242341176,0.6399301181821544,0.6441519377964218,1591.067,4,0,0.0028756762049474,False,none,,-0.0013243606152539833,-0.0025705754360251243
02474560,0.793359554757196,0.7792570724170217,0.7782485441011138,0.7740118244396287,0.4606933191351348,0.6287006844507272,6608.271,6,0,0.0022516201235523,False,none,,-0.015111010656082224,-0.005245247977393008
02475000,0.808768856678947,0.8563386655635449,0.7911650927477538,0.8512246884133192,0.5086275563410132,0.7208121793803066,9069.773,8,0,0.0045260228844126,False,none,,-0.017603763931193228,-0.005113977150225657
02476500,0.588587308241473,0.6820565353244541,0.6037539230803626,0.6809946601129617,0.34394949897744154,0.3567608336213528,134.5563,0,0,0.0,False,none,,0.015166614838889592,-0.001061875211492369
02476600,0.7087356622501013,0.687410891626957,0.7075069927369877,0.6681215783229881,0.7069185055299791,0.8193045176261095,909.0108,1,1,0.1357074946810072,False,0.1<DOR<=0.5,dam,-0.0012286695131136227,-0.01928931330396888
02477000,0.7723125194782411,0.7604588322119179,0.7715425232550972,0.7577604709443774,0.7956456463105887,0.7987622118107133,2378.517,4,1,0.0557840797790475,False,DOR<=0.1,,-0.0007699962231438873,-0.0026983612675405277
02477990,0.798876531962926,0.8390802158102276,0.7970864337258243,0.838157130924209,0.6345633085388679,0.6725595736932561,1273.669,1,0,0.0008263784796991,False,none,,-0.0017900982371016338,-0.0009230848860186658
02478500,0.8643146732650212,0.9227108877594793,0.8579530779840691,0.9186653202841158,0.628307806801686,0.7860681164454797,6984.25,8,1,0.0227820593205543,False,DOR<=0.1,,-0.006361595280952148,-0.004045567475363443
02479155,0.7134150479553608,0.8329109274164067,0.7082171879390218,0.8345785153953806,0.48974768625153353,0.5027127660683612,137.2806,0,0,0.0,False,none,,-0.00519786001633904,0.0016675879789739279
02479160,0.7784385779790901,0.7966272579128948,0.7720578606766085,0.796059458533594,0.4943480259544767,0.6502130188076516,1815.758,4,0,0.0144489763273679,False,none,,-0.0063807173024815755,-0.0005677993793007374
02479300,0.7426531041349202,0.8272300192111329,0.7132411834647343,0.8196021000391829,0.45046327504647743,0.7157984362193673,1144.201,0,0,0.0,False,DOR<=0.1,control,-0.029411920670185943,-0.007627919171950048
02479560,0.7719878248300963,0.7738101464704894,0.7662077944728685,0.7735966940080194,0.6528955926183155,0.7572028563936934,1454.328,0,0,0.0,False,none,control,-0.00578003035722785,-0.00021345246246995409
02481510,0.8450249188132654,0.7959160704280046,0.8352658263166726,0.7916677195384084,0.8215384636477463,0.7464513842626421,800.6598,1,0,0.0009024791071413,False,none,,-0.009759092496592792,-0.004248350889596186
04056500,0.4211615764706492,0.5173139479283397,0.42205187495173657,0.5176043681422706,0.38907771401447555,0.5008418004725993,2945.888,13,1,0.0325993482165508,False,DOR<=0.1,,0.0008902984810873482,0.00029042021393088646
04127918,0.49654382269510755,0.5515013438996088,0.4995046900558362,0.5538260832679198,0.30992800496034467,0.3810338627381945,548.2863,0,0,0.0,False,none,control,0.0029608673607286473,0.002324739368311013
04118500,0.5913012207671768,0.6520680765557126,0.5926363455409394,0.6530046002193401,0.2464540414113352,0.45131742570421474,651.3048,1,0,0.000609150805908,True,none,,0.0013351247737625194,0.0009365236636275087
04121500,0.6382887861646613,0.6647195078780004,0.6389974389615201,0.6678098787920146,0.6173427544414324,0.6492205555216548,3714.378,12,1,0.0274009492069182,False,DOR<=0.1,,0.000708652796858722,0.0030903709140142066
04122200,0.12830468796546346,0.5826560541572081,0.12217734189067198,0.5823617852684772,0.13924756947025796,0.5798609458577778,1048.284,3,0,0.0015857591633552,False,none,,-0.006127346074791484,-0.00029426888873096413
04122500,0.6171137414607153,0.7899718499510731,0.6129521843530064,0.7891946372161551,0.6277051169582177,0.7905233922611801,1769.188,1,0,0.0001879156348402,False,none,,-0.004161557107708935,-0.0007772127349179314
04097540,0.7404563390926442,0.8568251959096481,0.7396623990578087,0.8558084203616163,0.4090114882734205,0.5676221181168319,309.3849,2,0,0.0681407596305842,True,none,,-0.0007939400348354608,-0.001016775548031812
04099000,0.8685759212030439,0.9056629412698659,0.8680283255021848,0.9054094894801246,0.8123557918373628,0.8780864445174634,4883.223,27,1,0.0362497362967201,True,DOR<=0.1,,-0.0005475957008591603,-0.0002534517897413435
04099750,0.7753510576246723,0.7870250434216693,0.7746841152313255,0.7871237576624811,0.7635044387069161,0.8307007839873058,932.0832,3,0,0.002349143483864,False,none,,-0.0006669423933467478,9.871424081175917e-05
04101000,0.8640835601089328,0.8933468383685086,0.8636912728383817,0.893001887903215,0.7843173239438415,0.8012375852388515,8746.854,36,1,0.0250135559478585,False,DOR<=0.1,,-0.00039228727055118373,-0.00034495046529359197
04101500,0.8794313390131425,0.9115020400267311,0.8877084359034837,0.9134069265046074,0.8578015778918143,0.8472038123999892,9623.396,41,2,0.0259629898571102,True,DOR<=0.1,dam,0.008277096890341173,0.0019048864778763441
04102700,0.7149225497922986,0.7769217454618967,0.7123613817937775,0.7763607859598545,0.6930204763310219,0.7504818100454915,223.6599,0,0,0.0,False,none,,-0.00256116799852113,-0.0005609595020422686
04105500,0.857471302508417,0.9052248610177202,0.8590133551900442,0.9057596930079317,0.8606207023336976,0.9033123690590306,2132.015,7,0,0.0087677267502691,False,none,,0.001542052681627215,0.0005348319902115373
04106000,0.852969835815093,0.9256581409421633,0.8525360309981953,0.9254466836131154,0.837502288529114,0.9163763837933827,2733.109,10,0,0.0221099570347202,True,none,,-0.00043380481689769823,-0.000211457329047815
04108600,0.7220862633483527,0.7204440447447829,0.7222998933134999,0.7203881249550441,0.7326157439062377,0.739906388751606,173.268,0,0,0.0,False,none,,0.00021362996514717736,-5.591978973873424e-05
04108800,0.4155244751416858,0.24805288007775372,0.41240185059551826,0.2467147312773168,0.4086243344190972,0.2502646180257806,171.1773,0,0,0.0,False,none,,-0.0031226245461675184,-0.0013381488004369224
04117500,0.6678056510511918,0.7321720862584313,0.6620424137881248,0.7315911729107397,0.6245911229424475,0.722722077141341,1101.07,1,0,0.0012145239541431,False,none,,-0.005763237263067045,-0.000580913347691614
03324000,0.8368228925509866,0.8100820516531451,0.8325817646042761,0.8012657664837224,0.8495143638148415,0.8395142583932735,682.6779,0,0,0.0,False,none,control,-0.004241127946710499,-0.008816285169422677
03324300,0.7516167773915767,0.7330849211441559,0.7157077791448059,0.6791080286193247,0.7107521464445461,0.8134076678441294,1088.451,0,0,0.0,False,none,control,-0.03590899824677085,-0.05397689252483118
03325000,0.48599582731315905,0.7363357906614603,0.6253952460857638,0.759475419733908,0.29473226878992764,0.6578068134070156,4696.833,4,3,0.095806343577676,False,0.1<DOR<=0.5,dam,0.13939941877260476,0.02313962907244771
03326500,0.850542755030767,0.8645600210161923,0.8319766944806276,0.8412444390490604,0.7217104576014588,0.853107658231308,1769.698,1,0,0.0004119941266518,True,none,,-0.01856606055013943,-0.023315581967131904
03329700,0.8441206761185267,0.7701621721141751,0.8427367554248074,0.7698326767281667,0.8541111713875209,0.7960976433872115,713.9088,0,0,0.0,False,none,control,-0.0013839206937192872,-0.0003294953860084604
03330500,0.7540117088198655,0.71628154047797,0.7525500228626292,0.7159475835434039,0.7508280236802735,0.7171622165164183,293.175,4,0,0.0787721707749953,False,none,,-0.0014616859572362806,-0.0003339569345660598
03331500,0.8341258447921509,0.8458096391959731,0.8300017107090545,0.8452547647214037,0.6967546489815648,0.7965768936651758,2217.979,8,0,0.0154638936927251,False,none,,-0.00412413408309642,-0.0005548744745693668
03333050,0.8479858961164238,0.9063288306724017,0.8770567593799015,0.9176371093245431,0.909573136661198,0.9223994716212466,4840.07,10,2,0.0316705610669506,False,DOR<=0.1,,0.02907086326347763,0.011308278652141457
03333700,0.8928408489288657,0.8502181825450107,0.8906910702679578,0.8452948927182855,0.9002043920004393,0.8914306219795382,624.3894,1,0,0.0155827151989238,False,none,,-0.0021497786609079306,-0.004923289826725186
03334000,0.838521041278758,0.8594131072056048,0.8542976574419924,0.8642942989032962,0.8209891840544492,0.8450134678373474,1024.078,1,0,0.0100760036225145,False,none,,0.015776616163234336,0.004881191697691412
03334500,0.8763290053826881,0.8528180157832644,0.8778632671173818,0.8536057936146477,0.8487373976996663,0.830994826475814,634.6143,0,0,0.0,False,none,control,0.0015342617346937315,0.0007877778313832851
03335000,0.9037395104960843,0.9084978099510784,0.9107981726346176,0.9114036501922624,0.838508652914183,0.8779198320019848,2057.803,1,0,0.0050781730768876,False,none,,0.007058662138533345,0.00290584024118401
04094000,0.725302601280539,0.8480491783524085,0.7312715100367213,0.8515022626925726,0.7329372868190749,0.8454771275768498,172.6497,0,0,0.0,False,none,,0.0059689087561822785,0.0034530843401641143
04100222,0.8290084303554794,0.8899182044043765,0.8268945322804848,0.8891110609286066,0.6832379105613796,0.6736892093594702,370.2411,2,0,0.0614339742149536,False,none,,-0.0021138980749946246,-0.0008071434757699336
04100500,0.8263851201149285,0.7999356328625263,0.8249427994523402,0.8004659438316181,0.7603356417638069,0.7320736106340138,1525.99,3,0,0.0162669682076283,True,none,,-0.0014423206625883145,0.0005303109690917296
05516500,0.7891802190950801,0.8258604865311651,0.7919111972392772,0.8287867262961628,0.7695087071024054,0.8126370403321604,764.811,0,0,0.0,False,none,control,0.0027309781441970937,0.002926239764997729
05517000,0.7791754543766518,0.8312755660371537,0.7851528674813152,0.8438078738845468,0.6610420078105932,0.7813030351213335,1127.209,0,0,0.0,False,none,control,0.005977413104663376,0.01253230784739312
05522500,0.8700758720926267,0.9165035017896802,0.8695036135353614,0.9164432776835715,0.8582679896437976,0.8705925269507724,526.689,0,0,0.0,False,none,,-0.0005722585572652816,-6.0224106108730524e-05
03339500,0.8604336072820473,0.8759116858174649,0.8593758287955994,0.8734502456597845,0.8405431765024598,0.9140201835656796,1323.926,0,0,0.0,False,none,control,-0.0010577784864479467,-0.002461440157680461
03340800,0.8241584704186661,0.9036508608401423,0.8230257588267618,0.9029837602925839,0.8025844184784376,0.8441445974959818,357.6537,0,0,0.0,False,none,,-0.0011327115919043118,-0.0006671005475584746
03351000,0.9065274868645378,0.9185869669246662,0.9003658694114922,0.9038057092392418,0.7839010016462455,0.887765274705418,3119.411,3,2,0.0410602444942403,False,DOR<=0.1,,-0.006161617453045554,-0.014781257685424487
03351500,0.884067137279535,0.9331593238844019,0.8839739858024268,0.9317414478738277,0.8905830384095047,0.9438500805265283,413.6364,0,0,0.0,False,none,,-9.315147710819982e-05,-0.0014178760105741928
03352500,0.9046003715790388,0.8945917301216586,0.8556206399818019,0.884423112164035,0.9087078569489292,0.8798354589570607,772.2104,3,1,0.0803703712150384,True,0.1<DOR<=0.5,dam,-0.0489797315972369,-0.010168617957623582
03353000,0.9194987931240911,0.9386472078169759,0.9068891034915433,0.9267472409759856,0.8184732138199905,0.8975886301426451,4239.058,9,3,0.049617870992728,False,0.1<DOR<=0.5,,-0.012609689632547827,-0.011899966840990261
03353200,0.8769385600685469,0.8829393883668992,0.8755119278686456,0.8796896730574609,0.8240198555128055,0.7986838099876219,273.8592,0,0,0.0,False,none,,-0.0014266321999012455,-0.0032497153094382947
03353500,0.849094408908273,0.8918839711911584,0.7515327775338034,0.7680771926574654,0.8050266106769153,0.8256440152129216,450.9819,1,1,0.1810024630706097,True,DOR>0.5,dam,-0.0975616313744696,-0.12380677853369293
03353800,0.8578515316076905,0.9113214093734694,0.8571821889966358,0.9117205847558156,0.8603259585160601,0.9240104377906965,549.6057,0,0,0.0,False,none,control,-0.0006693426110546685,0.0003991753823462396
03354000,0.9075238228884341,0.9397495136798996,0.9132262178224246,0.9349011607121053,0.6660647353138933,0.8113768249732938,6324.648,11,4,0.0418504222082901,False,0.1<DOR<=0.5,,0.005702394933990496,-0.004848352967794289
03358000,0.8395406974026953,0.8927651370569468,0.8475269178982718,0.8887580869677896,0.8420825132667642,0.8946496365818419,633.5784,0,0,0.0,False,none,control,0.007986220495576513,-0.004007050089157249
03360000,0.8360417960027507,0.9025621392615357,0.8070304774892999,0.8766171908729656,0.7258122296551597,0.8033563898196553,2151.338,4,1,0.0494362668107192,False,0.1<DOR<=0.5,dam,-0.029011318513450846,-0.025944948388570088
03361500,0.9047842592316878,0.9287563616696111,0.8956285139375085,0.9262126928322293,0.9098139072936996,0.9127876750372691,1088.071,2,0,0.0015016238610563,False,DOR<=0.1,,-0.009155745294179285,-0.002543668837381774
03361850,0.8795496681811382,0.9152686555742515,0.8806881226654562,0.9150867226499171,0.8736539826832396,0.8874326657551447,203.9679,0,0,0.0,False,none,,0.00113845448431793,-0.00018193292433443808
03362000,0.8327659651109283,0.8162539883883908,0.8309242790505572,0.8143773843904432,0.8311505588534621,0.8864690791542372,260.4294,0,0,0.0,False,none,,-0.0018416860603710505,-0.0018766039979476457
03362500,0.8369569980763959,0.8128597946199376,0.8308682514397191,0.8078184520110914,0.762130003771817,0.8491368391532979,1221.927,0,0,0.0,False,none,control,-0.006088746636676801,-0.005041342608846255
03363500,0.848257238890244,0.8242403910397762,0.8438642749592795,0.8190269162938215,0.8524627945487463,0.8501325887580164,772.065,0,0,0.0,False,none,control,-0.004392963930964444,-0.005213474745954683
03363900,0.8062781364591431,0.7960785314510824,0.8025529522381547,0.7949663197542309,0.7676227047098269,0.8082172685322399,1385.573,0,0,0.0,False,none,control,-0.0037251842209884423,-0.001112211696851495
03364000,0.8837016838841313,0.9203417474836113,0.8800383001655597,0.9158221632221983,0.7438637747538204,0.8650778067195544,4418.793,3,0,0.0005599316062046,False,DOR<=0.1,,-0.0036633837185715556,-0.004519584261412968
03364500,0.6822012433996147,0.6766007953283922,0.6839201750665758,0.6769652103942203,0.6883783846925176,0.7110583770119436,237.0879,0,0,0.0,False,none,,0.001718931666961021,0.00036441506582807204
03365500,0.8745998028810044,0.8263196625462166,0.8705907540606165,0.8211548011955342,0.687365585796816,0.8216943268563357,6059.154,7,0,0.000968975004841,True,DOR<=0.1,,-0.004009048820387884,-0.005164861350682393
03302220,0.7436321371716841,0.8123393212675224,0.746361719258573,0.8140022514025465,0.6589308783907136,0.5881790211566209,169.2783,1,0,0.0283944793740089,False,none,,0.002729582086888893,0.0016629301350240544
03302800,0.8091588029853467,0.7818813418985601,0.8086514056461942,0.7829053374798836,0.817494501893721,0.8436519712660764,731.1042,0,0,0.0,False,none,control,-0.0005073973391525044,0.0010239955813234891
03303000,0.8231436675274988,0.7255469131974736,0.8212641389207677,0.7334722316540185,0.8242740315289967,0.8771207006383145,1231.501,0,0,0.0,False,none,control,-0.001879528606731129,0.007925318456544983
03360500,0.7903558099503525,0.8843677208617337,0.8025363050889271,0.8849955560298111,0.4228916497335111,0.7225765375212176,12138.57,20,6,0.0334096339467197,False,0.1<DOR<=0.5,,0.012180495138574665,0.0006278351680774064
03371500,0.6713917073499565,0.8171374488186827,0.6553586006227775,0.8038060665684577,0.2456572026382785,0.6400568112697472,9981.242,13,1,0.0066755190779674,False,DOR<=0.1,,-0.016033106727178947,-0.01333138225022501
03373500,0.7252448256877395,0.8631587091878627,0.7198997777227663,0.8553650895493221,0.3903450476687633,0.7058007690745786,12751.27,17,2,0.0427953443412659,False,0.1<DOR<=0.5,,-0.00534504796497326,-0.007793619638540639
03374000,0.7568084272603465,0.8697845695655346,0.7492046652536105,0.857550292096044,0.37975921161148796,0.7026095428653891,28808.5,42,11,0.0368741031375028,False,0.1<DOR<=0.5,,-0.007603762006735959,-0.012234277469490573
03375500,0.5575526098557306,0.7165214216753185,0.5652482876985201,0.6527208520121004,0.41584993299866924,0.6926349904069371,678.1401,1,1,0.6109172662775275,False,DOR>0.5,dam,0.007695677842789461,-0.06380056966321812
03376300,0.769403044756073,0.8241431127712551,0.8077959719161949,0.8115267886657076,0.6914827788307817,0.8123491891180097,1560.572,1,1,0.2598268111700147,False,0.1<DOR<=0.5,,0.03839292716012188,-0.012616324105547472
03310300,0.7040763780907003,0.8467315934633793,0.6837614167077548,0.8403851468665715,0.6844378258093033,0.7844850221987346,925.7931,1,0,0.0017892769908298,False,none,,-0.02031496138294553,-0.006346446596807831
03320000,0.74664889465279,0.8445138480307984,0.8183318057059144,0.8790666172849534,0.4588987847875272,0.7021204057936917,19591.38,18,7,0.0968999622938925,True,0.1<DOR<=0.5,dam,0.0716829110531243,0.03455276925415496
03320500,0.799073184094631,0.8890545217700446,0.8072281346144508,0.8940688491744717,0.7833406779845971,0.8618691289073921,502.7157,2,0,0.0034301984959382,False,none,,0.008154950519819737,0.005014327404427088
03428200,0.8294062884202321,0.8848616433116301,0.853305910874187,0.874800966664867,0.8162583529148892,0.8680039896846033,457.5231,0,0,0.0,False,none,,0.023899622453954827,-0.010060676646763134
03432350,0.9021664543285733,0.9026736628411526,0.9006888543757646,0.8976208232828485,0.8830028924336498,0.8568904941129974,493.704,0,0,0.0,False,none,control,-0.001477599952808717,-0.005052839558304045
03433500,0.8875767567292275,0.9355329922826736,0.8648851821975809,0.9135430800030887,0.7920435540362856,0.6636505089261736,1055.667,0,0,0.0,False,none,control,-0.022691574531646608,-0.02198991227958491
03434500,0.8889677505491496,0.9151264233655201,0.8720229148323069,0.8947410802455723,0.8582813022131142,0.784375484686084,1767.104,0,0,0.0,False,none,control,-0.016944835716842688,-0.020385343119947774
02450000,0.7949770669295354,0.8030898231341523,0.7942563312242843,0.8012478713023296,0.7851957360351951,0.8382677551671351,930.0483,2,1,0.0412174286569977,False,DOR<=0.1,,-0.0007207357052511076,-0.0018419518318227857
02450180,0.8642915909656541,0.8746537227169269,0.862384905655361,0.8731878370434967,0.862440826894924,0.8327968756076033,1264.127,2,1,0.0333043510771399,False,DOR<=0.1,,-0.0019066853102931436,-0.0014658856734302006
02450250,0.7441063496248957,0.7918797134966247,0.7413836189414249,0.7878286912391563,0.7060424212464358,0.7110280373639262,231.8252,0,0,0.0,False,none,,-0.002722730683470842,-0.00405102225746834
02453000,0.6449987172575938,0.7532353952254096,0.6401983499904556,0.7456464829750394,0.740035023778255,0.6861065309878019,471.1806,0,0,0.0,False,none,,-0.0048003672671382835,-0.007588912250370172
03574500,0.8254342522944162,0.851595392284533,0.8254497472978952,0.8533674886061301,0.815513081342379,0.8494751417761057,813.8025,0,0,0.0,False,none,,1.549500347897137e-05,0.0017720963215971386
03586500,0.7863948939399401,0.8713351661446219,0.7385059765486963,0.8278412550039433,0.7149211719386854,0.5835919406416267,423.4077,2,1,0.9496260414566662,True,none,,-0.04788891739124379,-0.043493911140678576
02422500,0.798700454733048,0.8128706528780588,0.7975257989933534,0.8064038091644158,0.5970189869463309,0.445242127244579,527.5476,0,0,0.0,False,none,control,-0.0011746557396945523,-0.0064668437136430335
02423380,0.7792376792907773,0.8160455714943151,0.7900264885904952,0.8229887466938456,0.7997595546231251,0.8549349995997066,363.1473,3,0,0.0157707450692291,True,none,,0.010788809299717927,0.006943175199530471
02423496,0.8424424703292034,0.8329374996357892,0.8470926672285517,0.8336115506046645,0.869088795289613,0.8128086492297277,585.7911,5,1,0.1055816555901438,True,DOR<=0.1,,0.004650196899348313,0.0006740509688752949
02423500,0.851695194923394,0.8302667864871041,0.8551477967817293,0.8299262281963893,0.8831692294232873,0.8882068012573835,593.7696,5,1,0.0949243480907169,True,DOR<=0.1,,0.0034526018583352913,-0.0003405582907147764
02424000,0.860982553201956,0.8056290038684575,0.8611316682320764,0.814798172310495,0.837731165681056,0.720801500846789,2656.627,6,1,0.0261074885490513,False,DOR<=0.1,,0.00014911503012038363,0.009169168442037523
02424590,0.7187115253254314,0.8141557820010445,0.6959474799999871,0.809606964884469,0.2985051631402942,0.6353591352212399,3854.609,7,1,0.018330906661061,False,DOR<=0.1,,-0.022764045325444293,-0.00454881711657551
02425000,0.7084758221658047,0.8344834102653274,0.6798664097956362,0.8246604680071228,0.3163726763344821,0.6597288464945158,4572.621,7,1,0.0151848428220389,False,DOR<=0.1,,-0.028609412370168563,-0.00982294225820457
02446500,0.6174685493066903,0.7961981935172184,0.5617500313806536,0.7727470786773869,0.28357043702456086,0.6489099262946227,1368.045,0,0,0.0,False,none,control,-0.05571851792603666,-0.023451114839831533
02457595,0.6069396828808329,0.57611662888432,0.5967756365694331,0.5641241422103279,0.6417199288066844,0.7558233868768889,133.1694,0,0,0.0,False,none,,-0.010164046311399777,-0.011992486673992109
02462000,0.6665894107407783,0.8218376635667927,0.6708661089502259,0.8264264472033943,0.6569132138321241,0.7838774934972862,384.1299,0,0,0.0,False,none,control,0.004276698209447649,0.0045887836366016455
02462500,0.7518628747091112,0.8073815161557126,0.6710589431487728,0.730084495646868,0.804120016737067,0.8369780629473347,10317.54,14,5,0.3586314817912054,True,0.1<DOR<=0.5,dam,-0.08080393156033838,-0.07729702050884468
02464000,0.8292892286485625,0.8383088842289299,0.8289162307743629,0.8397287140293795,0.8429178594854858,0.8540301867559161,578.9448,1,0,0.0014681425192715,False,none,,-0.0003729978741995321,0.0014198298004496346
02464360,0.7588564049704858,0.7854931124879784,0.7580256501784141,0.7821900044204375,0.650859050741848,0.594836794025085,148.6152,0,0,0.0,False,none,,-0.0008307547920717306,-0.003303108067540861
02465000,0.8041195594568656,0.8255018395762936,0.6807345449733546,0.7285052638294665,0.854468873338121,0.8788721378735674,12500.05,21,9,0.3400336200225071,True,0.1<DOR<=0.5,,-0.12338501448351102,-0.09699657574682718
02466030,0.7820924367867021,0.8870056275441935,0.7966440570038333,0.8607366531117117,0.43124811872843793,0.7185898932583703,15053.03,24,10,0.2912450925692142,True,0.1<DOR<=0.5,dam,0.01455162021713119,-0.026268974432481884
02369800,0.6366322181250836,0.7354146564545578,0.6371417677956246,0.7377918775187788,0.6011626732825337,0.6619313990224802,227.5129,0,0,0.0,False,none,,0.0005095496705409541,0.0023772210642210023
02373000,0.8676237605255559,0.8012749828276544,0.8687036725850079,0.8236390913469259,0.8272631774779795,0.836791095789361,1213.604,0,0,0.0,False,none,control,0.001079912059452015,0.02236410851927151
02374500,0.7916071626842167,0.8111000704162682,0.7923023986397538,0.8101273425196336,0.7966245868233789,0.8301921446995216,445.7151,0,0,0.0,False,none,control,0.0006952359555371102,-0.0009727278966346065
02375500,0.8751618728364007,0.9241763343888401,0.8616204455780648,0.9221333906393366,0.6478171322421449,0.8120086841712038,9935.409,3,1,0.0041122488975326,False,DOR<=0.1,,-0.013541427258335847,-0.002042943749503423
02427250,0.8234911074455279,0.7993114935168781,0.8251024089611438,0.8025674453629807,0.845822589105474,0.850023482905613,675.2439,0,0,0.0,False,none,,0.0016113015156159483,0.0032559518461026116
02469800,0.8374914050398061,0.8627180926191358,0.8424125741488572,0.8711600468704236,0.8009570100574113,0.8121341083411442,422.6814,0,0,0.0,False,none,control,0.004921169109051049,0.008441954251287798
02376500,0.7773983806010031,0.8532666296414222,0.7724103349565006,0.8503716591408012,0.7032476210201155,0.7974428394302119,978.2622,0,0,0.0,False,none,control,-0.004988045644502503,-0.0028949705006210413
02377570,0.781592947398337,0.7615405848961754,0.7773381494771511,0.7613967717473131,0.7741499517696095,0.7774116342776374,495.4464,0,0,0.0,False,none,,-0.004254797921185882,-0.0001438131488622485
02378500,0.8259087069561409,0.890046571676662,0.8286998876343544,0.8913455780199019,0.8815135148355745,0.8677803630523134,145.098,0,0,0.0,False,none,,0.0027911806782134896,0.0012990063432398724
02471001,0.7249289803166491,0.8039727426114135,0.7243139525213682,0.8023358487465919,0.7064496160364404,0.8361325771788396,324.1945,0,0,0.0,False,none,,-0.0006150277952808869,-0.0016368938648215758
04127997,-0.2563160027109894,0.6654588662474814,-0.26559785273654546,0.6630893808662858,-0.2206721183807614,0.658611998817394,487.1601,2,0,0.0003767748936001,False,none,,-0.009281850025556038,-0.002369485381195635
04128990,0.2364767696529414,0.49951315673570895,0.18300891133372998,0.508097646004265,-2.551016697928259,0.08542287893150613,150.9579,1,0,0.0066901570264701,True,none,,-0.053467858319211414,0.00858448926855604
04136500,0.6724852713553232,0.8121560796362369,0.665371983762259,0.80902236754437,0.6961603118473557,0.8494447248889246,3524.812,8,0,0.0161583971481026,True,DOR<=0.1,,-0.007113287593064177,-0.003133712091866969
04137500,0.43591835449900307,0.701536994469099,0.49276722980535914,0.717556596748423,0.5181608759478615,0.6705189431579773,4529.236,14,4,0.1170649349542325,True,DOR<=0.1,,0.05684887530635607,0.016019602279323975
04116000,0.8147909382195433,0.7629530740745717,0.8038891104106481,0.7563161040134281,0.7085950306157403,0.717720644904734,7448.125,15,0,0.0127901496407482,False,none,,-0.010901827808895148,-0.00663697006114361
04142000,0.6189315671544777,0.7260949964538244,0.6227167734162242,0.7271975310475813,0.6374334308979545,0.698059399657882,864.9909,2,0,0.0013212256921566,False,none,,0.0037852062617464988,0.0011025345937569764
04146000,0.7331282622482784,0.8579195738626274,0.7339369122914705,0.8584926794534165,0.6131370153004413,0.6589630607199742,130.8474,2,0,0.1628076587737585,True,none,,0.0008086500431920829,0.000573105590789047
04146063,0.7061387730703876,0.7915103150010271,0.7063508656170148,0.7929723120736871,0.6348899633240217,0.6872978888826837,560.8962,3,0,0.0366924003907587,False,none,,0.0002120925466271295,0.0014619970726600373
04148140,0.6163096929187306,0.5477353052074249,0.6160311934525708,0.5465724418209226,0.6031375195753601,0.5360696221086072,276.3117,4,0,0.0630510339877059,True,none,,-0.00027849946615976506,-0.0011628633865022886
04148500,0.6839170709706366,0.770009544044386,0.6866763973409704,0.7700060134410861,0.661779324938145,0.724172721913892,2525.034,13,1,0.0562343176408039,False,DOR<=0.1,dam,0.0027593263703338256,-3.530603299939372e-06
04151500,0.6735066003408006,0.7984099487858579,0.685361861056725,0.80503961594944,0.7259247792425583,0.8279824717228036,2164.86,2,0,0.0020220524167026,True,none,,0.011855260715924465,0.0066296671635820426
04152238,0.06279406869582016,0.3364793705983289,0.06638389157557667,0.33870975950000737,0.013231272345921807,0.30705797747500807,395.0766,3,0,0.0193180742060496,False,none,,0.00358982287975651,0.0022303889016784817
04154000,0.489054234104198,0.6238232638194259,0.48273667138394216,0.6266912094070769,0.381767414385917,0.5151541332499849,1038.251,6,0,0.0287729831173924,True,none,,-0.006317562720255854,0.002867945587651022
04155000,0.47959048701346774,0.5710586262849641,0.48111149868058956,0.572764830614381,0.47613900485228866,0.5607911691384425,810.2952,2,0,0.0044537230347242,True,none,,0.0015210116671218188,0.0017062043294169271
04156000,0.6441681620979444,0.7151205901096754,0.6463597507615473,0.7161562970177626,0.6282393048798749,0.690353267775139,6128.666,22,4,0.1040283120753233,True,DOR<=0.1,dam,0.002191588663602917,0.0010357069080871861
04096405,0.8525934691935524,0.9131998382729456,0.852798917197289,0.913286649134879,0.7422893415508188,0.7534156366408571,535.293,4,0,0.0069633997590312,True,none,,0.00020544800373656358,8.681086193340626e-05
04096515,0.7558272949755258,0.6909071559645715,0.7520273694530298,0.6894984385902982,0.5819154363096625,0.5592260345089104,126.6021,0,0,0.0,False,none,control,-0.0037999255224959727,-0.0014087173742732828
04099510,0.8034296216149774,0.871336217820612,0.7947165407603693,0.8688211393594069,0.34905358965773114,0.42204516087922406,273.0069,0,0,0.0,False,none,control,-0.00871308085460809,-0.0025150784612051336
04103010,0.7312232257950193,0.8339906143901477,0.7336803117978559,0.8344681386720741,0.7345482274892131,0.8328078075221753,696.1977,1,0,0.0034138073961668,False,none,,0.0024570860028365615,0.0004775242819264891
04105000,0.7864949287253604,0.8293937004385201,0.7855117237519951,0.82913318547903,0.7766158612388689,0.8254145707688684,715.6062,2,0,0.0005512080179275,True,none,,-0.000983204973365348,-0.00026051495949008796
04109000,0.4840011417265334,0.616064240800726,0.48660707853458296,0.6162304618919661,0.49069586093198747,0.6151162139495197,426.5019,4,0,0.0490798822680806,True,none,,0.002605936808049547,0.000166221091240093
04112500,0.6818436842064708,0.707062555981266,0.6719898935442565,0.7043523502024689,0.6261020242708905,0.6831988798302948,891.3654,0,0,0.0,False,none,control,-0.009853790662214257,-0.0027102057787971034
04113000,0.8244385745255005,0.8023705104258159,0.8203188978368341,0.7985220188383702,0.7771806647164633,0.7625016333361261,3239.26,9,0,0.011224478551435,True,none,,-0.004119676688666418,-0.0038484915874457126
04114000,0.8500005409356161,0.8806599740932421,0.8558950334618516,0.874889227537262,0.8057915515014484,0.8374053632002149,3647.832,10,0,0.0112644112901529,False,none,,0.0058944925262355286,-0.0057707465559802
04170000,0.7754738641777469,0.7534119050352897,0.7685406518942398,0.7524056505162233,0.7607113233229246,0.7538870749043977,385.2142,10,1,0.2889058814438201,True,0.1<DOR<=0.5,dam,-0.006933212283507073,-0.0010062545190663297
04170500,0.6599757776773196,0.6938948350079468,0.6523593254568983,0.6914805112592965,0.6429226644712613,0.6909145453698142,407.5569,10,1,0.2576057045412966,True,0.1<DOR<=0.5,dam,-0.007616452220421288,-0.002414323748650249
04172000,0.7623463220640783,0.8581725597838595,0.7588302687826023,0.8563565164048672,0.7380219479185421,0.8504410366865571,829.2179,14,1,0.164698860192935,False,DOR<=0.1,dam,-0.0035160532814759726,-0.001816043378992327
04175600,0.7955778863043239,0.8939192844516946,0.79586259045784,0.8941721196381459,0.20412356464106074,0.3942825763742519,330.7972,6,1,0.7500309942432013,True,DOR>0.5,,0.0002847041535161132,0.00025283518645136116
04176000,0.8235256019319572,0.8941632835110364,0.8284569849412555,0.8976418367860891,0.7596529300173113,0.8149498892028585,1195.18,12,1,0.1984700605722363,False,0.1<DOR<=0.5,,0.004931383009298296,0.0034785532750527537
04176500,0.8118737446134437,0.8650406896449095,0.8307692310339088,0.8780930253748376,0.8254419031378375,0.9112934241867205,2685.966,17,1,0.0973766174125434,True,0.1<DOR<=0.5,,0.018895486420465013,0.013052335729928033
03261950,0.8012468246104263,0.8784091848439631,0.7943006303401039,0.8802461856418031,0.7753281466369709,0.8134089484730531,394.6005,1,0,0.0110043830139314,False,none,,-0.006946194270322392,0.0018370007978399938
03322900,0.6982979420219384,0.7843112400089491,0.6999443590840291,0.7741144286185494,0.5698555726752357,0.7606255385095999,1293.521,2,1,0.1771626995239514,False,0.1<DOR<=0.5,,0.001646417062090677,-0.01019681139039974
03325500,0.7994030362395284,0.758455400348827,0.793360903381826,0.7559458861594534,0.8165740335457558,0.8180789050856423,345.3102,0,0,0.0,False,none,,-0.006042132857702387,-0.0025095141893736184
04178000,0.6297059095949731,0.7549507380439024,0.5901207664618493,0.7401135499197287,0.486263355748107,0.664778759367043,1600.184,4,2,0.0766981832405111,False,DOR<=0.1,,-0.03958514313312378,-0.014837188124173784
04180500,0.7580719435734019,0.8178828798488577,0.7400105163652559,0.7900683730136904,0.5510493366900096,0.661077381738669,2716.033,6,2,0.0449991375056528,True,DOR<=0.1,,-0.018061427208145964,-0.027814506835167285
04181500,0.7518222901815901,0.8582786267711358,0.7559494488555646,0.8589862365540757,0.633111109105885,0.8089179994267389,1490.114,0,0,0.0,False,none,control,0.004127158673974507,0.000707609782939933
04185000,0.8478469656799984,0.8901944171986055,0.8448681905767199,0.8895663340507399,0.8042489653516813,0.8643067091391361,1064.001,2,0,0.002597961523749,False,none,,-0.002978775103278486,-0.0006280831478655546
04186500,0.7607083854932907,0.7374432664300632,0.7432827728768476,0.7117683017935831,0.7146744909473798,0.8057120089409929,858.4164,0,0,0.0,False,none,control,-0.017425612616443042,-0.025674964636480113
04189000,0.8083525831791373,0.764645283114595,0.8060221871317611,0.7621764744968975,0.7989771369605538,0.8051572673583789,909.2952,0,0,0.0,False,DOR<=0.1,control,-0.002330396047376171,-0.0024688086176974933
04192500,0.8840080845147519,0.9343787191494826,0.8860603720785449,0.9341904541388323,0.6060287559658601,0.7655469906000215,14248.29,11,2,0.0104273496347575,True,DOR<=0.1,,0.0020522875637930538,-0.00018826501065027923
03240000,0.8101903173249764,0.7865582801824564,0.8101347021846594,0.7859729952799867,0.8305982218527644,0.8291772673390928,332.3961,0,0,0.0,False,none,,-5.56151403169336e-05,-0.0005852849024697848
03241500,0.8068011251254592,0.8257085068552437,0.8063728157741138,0.8258853487761555,0.7924214205618221,0.7648922240245228,170.9145,0,0,0.0,False,none,,-0.0004283093513454128,0.00017684192091182993
03245500,0.8268168586968012,0.8678517317210511,0.8282818596667594,0.860411240034162,0.8543826466562664,0.9165905975739088,3114.545,2,1,0.0112069129064277,False,0.1<DOR<=0.5,,0.0014650009699581634,-0.007440491686889095
03247500,0.5549159513031674,0.6671722854982036,0.5533601438032012,0.6068919126114676,0.3914412747870284,0.6873363451577417,1233.359,2,1,0.2107845336349219,False,DOR>0.5,dam,-0.0015558074999661997,-0.060280372886736044
03266000,0.7510099485160241,0.822148518311832,0.7854047390323677,0.8425350675792012,0.5876157023249731,0.7859491483822039,1671.081,1,1,0.777036705186347,True,none,dam,0.03439479051634364,0.02038654926736916
03269500,0.8608240323583274,0.8892457945760582,0.8572793105189658,0.8740634682567194,0.840801738276272,0.8500294473145682,1265.576,2,1,0.0895367865322362,False,0.1<DOR<=0.5,,-0.0035447218393616087,-0.015182326319338801
03270000,0.875943005364392,0.9355776397528472,0.8700698945101875,0.9251752772628635,0.8264592892543442,0.8734583651623067,1639.624,3,2,0.6021740295125395,True,0.1<DOR<=0.5,dam,-0.0058731108542045,-0.010402362489983719
03270500,0.866628607405646,0.9314610330689604,0.8857177423217462,0.9412506848717046,0.6888318356538528,0.8236433326348988,6484.979,11,6,0.6474376691325158,False,DOR<=0.1,dam,0.019089134916100203,0.00978965180274416
03272000,0.8344175495704831,0.9143814528334838,0.849700726064475,0.9179795160139127,0.8109843922783836,0.8935167679427993,720.9459,1,1,0.5940865741796838,True,none,dam,0.015283176493991912,0.0035980631804288787
03274000,0.862951166116863,0.9195394200722952,0.8867534855145072,0.9352005857324861,0.7033928867493371,0.8115244171632603,9403.646,18,7,0.4877400254813846,True,DOR<=0.1,dam,0.02380231939764421,0.015661165660190934
03275000,0.8240163369301603,0.806746445202552,0.8218957205061835,0.805595376648042,0.8506009679839119,0.8588054900054187,1368.839,0,0,0.0,False,none,control,-0.002120616423976762,-0.0011510685545099708
03275600,0.8199394260673403,0.7672067688972779,0.8160558709803173,0.7631441113721702,0.841614851362896,0.8881491573175906,520.2549,1,0,0.0164058898218819,False,none,,-0.003883555087022983,-0.004062657525107705
03276500,0.8156318069250432,0.8611134394156426,0.8253067378136656,0.8314254626593383,0.7618160666444636,0.8502990005009252,3172.92,4,1,0.1598405539548204,False,0.1<DOR<=0.5,,0.009674930888622368,-0.029687976756304302
03347000,0.8300238084863172,0.8098331781997636,0.8438750313355519,0.8202799605828768,0.8553884976591075,0.86843147557605,627.1389,1,1,0.1022240149536051,False,0.1<DOR<=0.5,,0.013851222849234679,0.01044678238311314
03284000,0.8401659103534427,0.8542126632605395,0.8418792649635558,0.8582042929279001,0.5547137147365266,0.7008175722113488,10245.05,14,4,0.0317927251198324,True,DOR<=0.1,dam,0.001713354610113127,0.003991629667360663
03285000,0.7031123710475057,0.6876226323086863,0.6925313688328614,0.680299233331725,0.7540668941632631,0.7282530677862165,822.3408,1,1,0.053767191841451,False,none,,-0.010581002214644308,-0.007323398976961215
03289300,0.8272279434770803,0.8484264797624526,0.8280596824112214,0.8485530517644191,0.8187806054126554,0.7842839766713401,267.534,0,0,0.0,False,none,,0.0008317389341411241,0.0001265720019665295
03289500,0.8432336279234861,0.8417733792618762,0.8431068827514347,0.8424015457918553,0.7797339311798461,0.7152767791712565,1221.268,0,0,0.0,False,none,,-0.00012674517205135682,0.0006281665299791017
03290500,0.8201925651341777,0.8710904864430657,0.8300243659832627,0.8755958232342945,0.3311118239317845,0.620113376227327,16007.57,25,10,0.074933591544803,True,DOR<=0.1,,0.00983180084908497,0.004505336791228776
03291500,0.6500839957681563,0.7371399187448462,0.6500968923646242,0.7401008718047619,0.6948888475890218,0.7866839445835354,1132.828,0,0,0.0,False,none,,1.2896596467859567e-05,0.0029609530599157274
03294000,0.7672247817740174,0.6627529430900603,0.7677461929937959,0.6656859250061443,0.7543701454560683,0.6292587759961239,489.3039,0,0,0.0,False,none,control,0.0005214112197784448,0.002932981916084043
03295890,0.7923816917438755,0.6648043964368209,0.7937414963849164,0.6651637717704193,0.824678759191821,0.727636565922295,670.7052,1,0,0.0164956973208675,False,none,,0.001359804641040907,0.0003593753335984218
03298500,0.7980176797018299,0.8900471589891401,0.8273434731079523,0.8811739428049377,0.7409308721449116,0.8198483900149403,3098.887,2,1,0.0729009718520327,False,0.1<DOR<=0.5,,0.029325793406122402,-0.008873216184202448
03300400,0.7453858624931873,0.7561068964308572,0.7197747001870678,0.7401708637178397,0.8814030827568833,0.842693267374712,1128.578,0,0,0.0,False,none,control,-0.025611162306119484,-0.015936032713017467
03301500,0.7872374819479836,0.863348403747545,0.7834450875249058,0.8651629926445689,0.6049338304006355,0.7417341941819777,3366.472,1,0,0.0030339984907786,False,none,,-0.0037923944230777717,0.0018145888970239055
03302000,0.7939232529499443,0.7312045849376368,0.791317876026075,0.7262724680966077,0.55314955806318,0.08716389557970894,166.7052,0,0,0.0,False,none,,-0.002605376923869307,-0.004932116841029122
03366500,0.7497726180653914,0.7593216066087064,0.7446471048813152,0.7586830794334549,0.7298382782145454,0.780662157521989,755.2151,0,0,0.0,False,none,control,-0.005125513184076169,-0.0006385271752514798
03307000,0.6313527812302313,0.735254434176168,0.6346576286958721,0.7372411735073179,0.6465675440702943,0.7471692377418344,460.6218,0,0,0.0,False,none,,0.003304847465640748,0.0019867393311499004
03308500,0.7144936187935391,0.8567804315352141,0.7725008651892649,0.8343918455938729,0.4658181932562314,0.7281548817344909,4347.185,1,1,0.1249233004845901,False,0.1<DOR<=0.5,,0.05800724639572574,-0.022388585941341188
02384500,0.7975317916877764,0.8162489002537743,0.8029768403427162,0.8223558952106851,0.7849337592824653,0.7583390228277794,653.0661,1,0,0.0098643714673318,False,none,,0.005445048654939777,0.006106994956910805
03421000,0.9144780111619333,0.9213977305371223,0.9105533082486832,0.9207342422298059,0.9015031879665069,0.9345299410215395,1664.06,1,0,0.0007548515461659,False,none,,-0.003924702913250089,-0.0006634883073163289
03566000,0.5733364660319727,0.7503534180164411,0.6083307352071916,0.7297963945642745,0.43520381489531,0.7027054188723594,5969.783,15,6,0.3919139029888355,False,0.1<DOR<=0.5,,0.03499426917521886,-0.02055702345216659
02338000,0.8054495839599097,0.7956763701661388,0.7856276811302685,0.760470029399698,0.65755720224753,0.773429502299948,6250.633,44,1,0.7667032521637607,True,DOR>0.5,dam,-0.019821902829641247,-0.0352063407664408
02382500,0.37553828218480245,0.6473719359236402,0.5319059775671207,0.6907205668689167,0.08064353408464087,0.532370351898922,1351.068,7,2,0.638955049231018,True,DOR>0.5,dam,0.1563676953823182,0.04334863094527652
02383500,0.7819528004939278,0.8343411047720214,0.8084182866711074,0.8205355289184763,0.6318034270651891,0.7068186916902396,2155.651,9,2,0.4551288057150512,False,DOR>0.5,dam,0.026465486177179587,-0.013805575853545138
02387000,0.7399563048323126,0.8624994955210141,0.7307706679960606,0.8572315381111497,0.5385585966984682,0.7467705143447119,1781.846,6,0,0.0229631676777566,True,none,,-0.009185636836251954,-0.00526795740986441
02387500,0.7827387743554162,0.87134602428559,0.8028807761595234,0.8883578843416464,0.4767759699887216,0.6676902502088187,4153.317,15,2,0.2385104357425851,False,0.1<DOR<=0.5,,0.02014200180410719,0.01701186005605637
02388500,0.8219133068166508,0.8901320690317185,0.8321086949084384,0.8944630973161388,0.40831503082959053,0.6672976168744338,5481.973,20,3,0.19947396939879,False,0.1<DOR<=0.5,,0.01019538809178766,0.004331028284420335
02394000,-0.13925282473607137,0.2997328578727352,0.2614838199139139,0.417544263527005,-0.25752157126952446,0.2683548769090087,2908.292,21,1,0.324153042476101,True,DOR>0.5,dam,0.40073664464998526,0.11781140565426984
02395120,0.7442845659911861,0.7174521836525087,0.7429395344748749,0.7133689060758786,0.5543752263975956,0.3402320239169131,84.0105,0,0,0.0,False,none,,-0.001345031516311157,-0.004083277576630184
02395980,0.4209735006940801,0.6523425189490557,0.5775408708758765,0.6644422015375466,0.29279395009443043,0.6007842284612481,4666.476,31,1,0.2182033214157803,False,0.1<DOR<=0.5,dam,0.15656737018179634,0.012099682588490923
02397000,0.808479325935523,0.866263352980218,0.8644012880528428,0.884414090040845,0.4413804966520255,0.6687588584354869,10460.54,52,4,0.1940234451192424,False,0.1<DOR<=0.5,,0.05592196211731981,0.018150737060627087
02398000,0.8645058358893882,0.9266514091254526,0.8630524807470682,0.9215192065931335,0.826159615186991,0.8212031249196593,496.8999,3,0,0.0008628557480117,True,none,,-0.0014533551423200342,-0.005132202532319163
02398300,0.8205029206893069,0.8996889496787627,0.8091298719283119,0.8974532478484479,0.7583540370241375,0.7415389860347367,946.8069,3,0,0.0004548408770303,False,none,,-0.011373048760994986,-0.0022357018303147402
02399200,0.863607072548273,0.8457144669497376,0.8605153530973801,0.8450989073310122,0.8525450089820782,0.8111538648691711,515.3337,3,0,0.0088047918050367,False,none,,-0.003091719450892816,-0.000615559618725392
02400100,0.7689951501562021,0.7427036171565982,0.7727589231015142,0.7698704653364336,0.3279903865281022,0.2385505773575114,654.7608,5,0,0.02413223445266,False,none,,0.0037637729453120494,0.02716684817983539
02401000,0.8683716865147175,0.8521054624562918,0.8642141366763921,0.8470520856856203,0.8828726322358041,0.9210668943884378,473.5224,1,0,0.0029210731465026,False,none,,-0.004157549838325392,-0.005053376770671525
02401390,0.8067613517267926,0.8479851508983396,0.8081283374473812,0.8529339975787411,0.766538550204942,0.7205208316691109,365.3478,1,0,0.0054904814729742,False,none,,0.001366985720588576,0.00494884668040152
02412000,0.770772305522002,0.6331758389227474,0.7756999546460956,0.6344760712884254,0.7275778196841496,0.5947596770162884,1160.095,5,0,0.0046151828720988,False,none,,0.004927649124093603,0.0013002323656780002
02338660,0.7240492632365314,0.5975049389305214,0.7183376153524064,0.5959938375245255,0.716444050580063,0.5697065699483433,323.3853,4,0,0.0159167236450915,False,none,,-0.005711647884125037,-0.0015111014059958627
02339500,0.6091856901483237,0.7492476490089164,0.7076879940460268,0.7336659137422373,0.22889226504941362,0.6098148151090154,9166.959,56,4,0.7476776913673164,False,DOR>0.5,dam,0.09850230389770309,-0.015581735266679053
02341505,0.6864812854923502,0.7552882145131404,0.7151763586205535,0.7240047120875884,0.43012272915669536,0.6623234571727664,12073.46,81,7,0.6576906725353736,False,DOR>0.5,dam,0.028695073128203297,-0.031283502425552
02342500,0.8291986763827117,0.8638385810662312,0.8367874115881059,0.86213916986173,0.8100553896656307,0.7421710467525899,830.574,0,0,0.0,False,none,control,0.007588735205394159,-0.0016994112045012333
02404400,0.8193580015129891,0.8325243354148426,0.8195270464994195,0.8345457867140311,0.685528927423636,0.6824622152375543,1240.422,4,0,0.0286531824103398,False,none,,0.0001690449864304444,0.0020214512991885147
02405500,0.8080616444789007,0.7690956509009016,0.8048831479259049,0.7648822300573209,0.7485820658715734,0.6131170989603569,502.3188,1,0,0.005945388228427,False,none,,-0.0031784965529958464,-0.004213420843580673
02406500,0.7511427179145129,0.7574049790566308,0.7268534314096872,0.7419573617738304,0.7370962366734465,0.6818668608369167,386.1099,2,0,0.0062749286861382,False,none,,-0.024289286504825758,-0.015447617282800419
02408540,0.7930086639142852,0.8170217796800732,0.7920474735046193,0.8189189303342126,0.7201460140442686,0.7002274422953265,682.4097,0,0,0.0,False,none,control,-0.0009611904096658019,0.0018971506541394234
02411000,0.7791747426378086,0.8568738843883276,0.6772723494298518,0.7629005648126,0.5281387566176889,0.673039279192331,26175.33,87,10,0.2174305777033768,True,0.1<DOR<=0.5,,-0.1019023932079568,-0.09397331957572752
02413300,0.8520177316021169,0.72541613100193,0.8478887102182866,0.7249499580268326,0.7799116423061293,0.6982603126148984,1050.971,10,0,0.0024357394789991,False,none,,-0.004129021383830311,-0.00046617297509743416
02414500,0.702690318971923,0.708229446776923,0.6899925239535858,0.6846747759957438,0.5888337306243551,0.7033249569133637,4336.82,20,1,0.2439157302835765,False,0.1<DOR<=0.5,,-0.012697795018337232,-0.023554670781179232
02414715,0.7683836832887896,0.7466410895017452,0.7380795230806826,0.7158608772218429,0.6754830757838417,0.7698689393335775,5330.349,20,1,0.1899141044999116,False,0.1<DOR<=0.5,,-0.030304160208107,-0.030780212279902353
02415000,0.8321610046953651,0.7893690504618897,0.8295577831439449,0.7876686158704339,0.7890242066545237,0.6044544621902231,491.3829,0,0,0.0,False,none,,-0.0026032215514202317,-0.0017004345914557462
02418500,0.5380183315273737,0.687214242885421,0.5132025010371595,0.6621435505317134,0.2810421637736801,0.5959519000801698,8618.29,25,4,0.705700192584485,False,DOR>0.5,dam,-0.024815830490214186,-0.025070692353707624
02419000,0.7244162697976584,0.6332746589572122,0.7333240703716721,0.625845648350569,0.6980637652922159,0.5767822716403952,862.1604,1,0,0.0230147978368501,False,none,,0.008907800574013747,-0.007429010606643249
02421000,0.7852914009669951,0.7790818557449869,0.778807749877268,0.7723474333090925,0.7626265518259001,0.7581199279300227,759.1977,0,0,0.0,False,none,control,-0.006483651089727149,-0.006734422435894394
02342933,0.661631546231758,0.6572925343104787,0.6283445046955998,0.6167567725875047,0.5622405824885301,0.5912666080818623,290.0952,0,0,0.0,False,none,,-0.033287041536158246,-0.04053576172297402
02343801,0.7050354098337903,0.7353205738066373,0.7295029958774448,0.7599013298555221,0.32542779732830773,0.5824131720010162,21230.02,94,9,0.5689522904986983,True,DOR>0.5,dam,0.02446758604365451,0.024580756048884767
02363000,0.7931480431941533,0.8539793731894854,0.762967136731725,0.8437696800462838,0.6274750337338728,0.7278420423619676,1292.513,0,0,0.0,False,none,,-0.030180906462428325,-0.010209693143201526
02371500,0.844992869881093,0.9034258588305499,0.834497565317676,0.9019059185723748,0.7867274754321818,0.8869473007775384,1292.785,0,0,0.0,False,none,control,-0.010495304563416963,-0.0015199402581751453
02372250,0.7912189043457407,0.8271870578803061,0.7879826269958813,0.826413649434252,0.7639539557183104,0.8378400372863606,1145.223,0,0,0.0,False,none,control,-0.003236277349859429,-0.0007734084460541135
02366500,0.5394679201504295,0.7493263294240815,0.46664948173659204,0.7191253894417773,0.201577975905455,0.6117977268569363,11365.23,2,1,0.0020637906931971,False,DOR<=0.1,,-0.0728184384138375,-0.03020093998230422
02369000,0.7853815018909315,0.7940563629309157,0.7778226559872776,0.7933023698196926,0.7467352330196946,0.7519317505484155,1219.1,2,0,0.0039902375333686,False,none,,-0.007558845903653855,-0.0007539931112231502
04159900,0.682013146317966,0.8106616103872724,0.6751679848777667,0.8113309935482489,0.615984122408733,0.6617590120444332,438.7401,0,0,0.0,False,none,,-0.006845161440199199,0.0006693831609765333
04160600,0.6552910850563419,0.7783938637692259,0.6552198531642262,0.7800983319325621,0.5790304162849101,0.6708645859934916,390.8754,1,0,0.0031010270284217,False,none,,-7.123189211577508e-05,0.001704468163336137
04161540,0.7572467197186703,0.8073440982242172,0.7576807714313059,0.8073394558247431,0.6567656284582543,0.713809251898737,186.0203,6,0,0.0843703875662936,False,none,,0.00043405171263555253,-4.642399474064085e-06
04161800,0.46547681523053586,0.6418435109770524,0.4664740011033154,0.6421095769349834,0.4678817964047176,0.6410299685947518,168.1864,4,0,0.1828219105032141,True,none,,0.0009971858727795269,0.0002660659579309943
04164000,0.7645823093880182,0.7686966182432206,0.7498776225431476,0.768055326330622,0.6924927842334818,0.719463977979383,1143.005,14,0,0.046355381049328,False,none,,-0.014704686844870585,-0.0006412919125985406
04164500,0.7332169258186731,0.8055339614916376,0.7240112253266353,0.800736178298917,0.695910203507789,0.7845864822779497,511.9173,1,0,0.0014487035150922,False,none,,-0.009205700492037838,-0.004797783192720617
04165500,0.7838748995286255,0.8174067411572665,0.7795116404560578,0.820551712915631,0.7650927324289323,0.8133642330107279,1892.565,15,0,0.0294446744100302,False,none,,-0.004363259072567738,0.0031449717583644787
04166100,0.731849291722144,0.8409503835376417,0.7322462201508961,0.8405869036251759,0.7237168937673502,0.8362377972674977,224.3466,3,0,0.0064155947902438,False,none,,0.0003969284287521635,-0.0003634799124658805
04166500,0.7203654729621294,0.7853934464707488,0.7167810669226786,0.7829691386054269,0.6778370347577216,0.7236921984770898,475.9533,3,0,0.0031884617810352,False,none,,-0.0035844060394507604,-0.002424307865321884
04167000,0.7659723463567831,0.8149403312196728,0.7601639627856694,0.8120508022190979,0.7401975085616281,0.7853511446096377,229.4964,6,0,0.0209838798504434,False,none,,-0.005808383571113684,-0.002889529000574931
04168000,0.6129443050290149,0.47847722156601713,0.6101469548615808,0.47878408611500767,0.6380652186063986,0.5352817894579152,219.177,0,0,0.0,False,none,,-0.0027973501674340984,0.0003068645489905375
04195500,0.7500950675939448,0.7664107944029348,0.7848137786356443,0.7910320338543526,0.8520116568258036,0.8614654736219097,1080.029,1,0,0.0006054307397626,False,none,,0.034718711041699435,0.02462123945141781
04200500,0.7616824626844747,0.6961787053437392,0.7609182701189386,0.6839471581698358,0.7292587248306958,0.7501354188878773,1026.93,2,0,0.0005924999290782,False,none,,-0.0007641925655360593,-0.012231547173903401
03136500,0.6627348055451888,0.6844696573304534,0.6643039820541222,0.6868733888789076,0.6389082089928464,0.6597724692050054,520.659,2,0,0.0258776612262274,False,none,,0.0015691765089334009,0.002403731548454191
03139000,0.7908322123115292,0.8297534964250931,0.7904790387039176,0.8291141519008911,0.7578055820733243,0.8121350814162596,1202.849,0,0,0.0,False,none,control,-0.0003531736076116676,-0.0006393445242020013
03144000,0.8030865117321151,0.7863462305196132,0.805051202581772,0.7904620868804063,0.8193515843646919,0.8436247475854457,363.4146,0,0,0.0,False,none,control,0.0019646908496568916,0.004115856360793146
03145000,0.7788873389057074,0.8130552242521426,0.7740679139826541,0.805658788421957,0.7795660662931689,0.8261053345984366,345.8997,1,1,0.1153986171448825,False,0.1<DOR<=0.5,,-0.004819424923053317,-0.007396435830185566
03146500,0.8529670580752917,0.814166826923628,0.8523485123588652,0.8180720649616141,0.8401900501981369,0.7743358437565588,1395.075,2,1,0.0295344368777212,False,DOR<=0.1,,-0.0006185457164264996,0.0039052380379861473
03219500,0.7200327269529735,0.8528331164337796,0.731441021168678,0.8532110112674554,0.5676538950739811,0.7880057807735054,1469.508,0,0,0.0,False,none,control,0.01140829421570455,0.0003778948336757848
03220000,0.7187093388626751,0.5712229147118357,0.7200850797347611,0.5661819129897732,0.7269792581830337,0.628465825099837,463.9194,0,0,0.0,False,none,control,0.0013757408720860287,-0.005041001722062566
03221000,0.8607304826651654,0.8770408639868659,0.8732242757010241,0.8627352661793034,0.7008562916459742,0.8489021332954274,2549.06,1,1,0.0203623032738094,True,DOR<=0.1,dam,0.012493793035858736,-0.014305597807562465
03225500,0.32054585364202415,0.5884729021956229,0.3570035841353767,0.6571820359197809,-0.056922263259748584,0.3611160713913284,1019.562,2,1,0.0481137331202186,True,0.1<DOR<=0.5,dam,0.03645773049335255,0.06870913372415799
03228300,0.7677960859011339,0.7947884959222952,0.7689951187249489,0.7957187077750463,0.7645488494168922,0.8475330339926773,262.8486,0,0,0.0,False,none,,0.0011990328238149495,0.0009302118527511061
03228500,0.67856231388953,0.7631359420733922,0.623477388766404,0.6751051237472293,0.6189695848541719,0.7836806378273782,490.9968,2,1,0.4499852751126348,True,DOR>0.5,dam,-0.055084925123126016,-0.08803081832616289
03228805,-0.10097919295705049,0.32284468866996885,0.07798835441372465,0.31063772135899004,-0.7571453091724898,-0.25957002554752373,325.5012,1,1,1.2332582086618709,True,DOR>0.5,dam,0.17896754737077514,-0.012206967310978811
04196800,0.8031182082701276,0.8207068552717083,0.8018058524203535,0.8213627610546183,0.8054470421225877,0.8436802533362854,608.067,0,0,0.0,False,none,control,-0.0013123558497740717,0.0006559057829099713
04197100,0.7198074737151957,0.7243819860137284,0.7323403554490255,0.7356896486241719,0.782152659805755,0.8394802156844189,388.2105,0,0,0.0,False,none,control,0.012532881733829826,0.01130766261044347
04198000,0.8342216138814271,0.7922899278997664,0.831196964138217,0.7863865687491702,0.802245447524787,0.8749510811381478,3243.828,2,0,0.0005732712349264,False,none,,-0.0030246497432101505,-0.005903359150596144
04199000,0.730667435004027,0.674849540508043,0.7470494755966735,0.6987290906166959,0.7760627130813664,0.7594717982922838,947.3742,1,0,0.0098123176591202,False,none,,0.016382040592646474,0.023879550108652836
03157500,0.8470025703601332,0.8355269376303474,0.8516540419314615,0.8429150501737652,0.807989249832785,0.7615805231741362,1194.712,1,0,0.0010408026841746,False,none,,0.004651471571328392,0.0073881125434178685
03159500,0.8591135310563675,0.8952956576491249,0.8629639538477027,0.8995912405786681,0.7192193657927992,0.7872844975676058,2447.092,3,1,0.0163744288603453,False,DOR<=0.1,,0.003850422791335295,0.00429558292954324
03229500,0.7549603238357474,0.7718042739011212,0.7354449020733489,0.7333103657589615,0.7632920708255606,0.7822896185527404,1424.002,3,2,0.4290569423142032,False,DOR>0.5,dam,-0.01951542176239851,-0.038493908142159694
03230500,0.813289072420375,0.8257786712200563,0.8025023151910513,0.8211398384678389,0.8053211814013619,0.8034821087091858,1376.946,0,0,0.0,False,none,control,-0.010786757229323651,-0.004638832752217437
03231500,0.8406923009786437,0.8330752474129535,0.8638646222748292,0.8658048175736837,0.5203773554031226,0.7617785704167636,9971.048,10,5,0.0700836598583901,False,0.1<DOR<=0.5,,0.023172321296185516,0.03272957016073019
03232500,0.7504177551108713,0.8483142449027914,0.7423914744840585,0.8365247198440816,0.7320893257467731,0.8121545276571208,363.2454,1,1,0.3303158750215714,True,DOR>0.5,dam,-0.008026280626812765,-0.011789525058709782
03234300,0.6998604400176679,0.8140373510753383,0.6904231619509648,0.7659268619473818,0.6833831173032101,0.839321476351978,2944.457,2,2,0.0565849633246189,False,0.1<DOR<=0.5,,-0.009437278066703136,-0.04811048912795646
03234500,0.8481684747887243,0.8921377742418259,0.8610184842295273,0.9101782615893694,0.5563585681182739,0.7599996527247915,13284.22,12,7,0.0668964599602938,False,0.1<DOR<=0.5,,0.012850009440803056,0.018040487347543488
03237500,0.7452862899939323,0.7548527167313004,0.7400065367288948,0.7465714846374027,0.7572056792312327,0.8416701681601693,1003.208,0,0,0.0,False,none,control,-0.00527975326503749,-0.00828123209389764
03238500,0.7494250394081059,0.7509205618528856,0.7588670812740832,0.7632473832824467,0.7696912575373316,0.8461318509404578,568.5038,1,0,0.0059575248879789,False,none,,0.009442041865977302,0.012326821429561097
03209500,0.8360955820934522,0.9112269782501041,0.8588908651153921,0.9091408646843274,0.7188414448350016,0.7465239998751156,3191.611,3,2,0.1055454734139667,False,0.1<DOR<=0.5,,0.022795283021939894,-0.002086113565776704
03214500,0.874205226678215,0.9325965728200394,0.85665830597545,0.9250129040627906,0.6151979572763906,0.7705451307738728,3309.055,3,2,0.0252079288273742,False,none,,-0.01754692070276498,-0.007583668757248807
03216500,0.7928709706634836,0.7542732515815072,0.7766623403538035,0.7275318811820735,0.8015196730487967,0.7699636552173501,1036.77,1,1,0.0827400006570585,False,0.1<DOR<=0.5,dam,-0.016208630309680006,-0.026741370399433695
03217000,0.7533620276576971,0.7775660161179294,0.7105844660962655,0.7523150918018017,0.7690936955289501,0.8035191750337749,625.7565,1,0,0.0016259127137212,False,none,,-0.04277756156143164,-0.025250924316127743
03281000,0.6233626520274265,0.8020606299932923,0.7136544934669815,0.8345342497967457,0.2639908453719766,0.6499952720446075,1392.92,3,1,0.0729174514565028,False,0.1<DOR<=0.5,dam,0.09029184143955504,0.032473619803453424
03281500,0.8097048426317803,0.8744511368025804,0.8112488465952387,0.8748639710379601,0.8521639287822506,0.8722566706564722,1838.22,0,0,0.0,False,none,control,0.0015440039634583291,0.0004128342353797443
03282000,0.9034367340518783,0.9415319265356632,0.9029844092345454,0.9370977756352683,0.7061527728737327,0.8341365884450804,6883.035,9,3,0.0356947518638185,True,DOR<=0.1,,-0.0004523248173329275,-0.004434150900394895
03280700,0.6787522710925168,0.7312598917792241,0.6738679459875203,0.7276322571596066,0.7217255719465512,0.7947623112028177,158.2227,0,0,0.0,False,none,control,-0.004884325104996479,-0.00362763461961757
03404000,0.8327590070121527,0.8991526318989116,0.825164535748487,0.899100687741958,0.6324404557907446,0.7897527461152799,4161.075,5,0,0.0075014595601312,False,DOR<=0.1,,-0.007594471263665636,-5.194415695364274e-05
03528000,0.8928388510621028,0.8726957341141243,0.893568976264859,0.8734881882691881,0.6801555118526883,0.7626727415080476,3815.792,0,0,0.0,False,none,control,0.0007301252027561711,0.0007924541550637931
03531500,0.8874113020165485,0.9329474495751183,0.8870699638268134,0.9328471735467007,0.8699661357979915,0.9084827774383379,827.6904,0,0,0.0,False,none,,-0.00034133818973514085,-0.00010027602841766736
02177000,0.8361277936238134,0.795461164167624,0.8233100553208729,0.7881254557574832,0.8463827444285441,0.7869722351808823,526.7736,0,0,0.0,False,none,control,-0.012817738302940529,-0.007335708410140862
02178400,0.759277997749992,0.7242134612123847,0.7379069444611482,0.7202865314462845,0.7289139544198651,0.6852941781966266,151.2753,0,0,0.0,False,none,,-0.02137105328884381,-0.003926929766100207
02330450,0.7518337404851609,0.8756502888592946,0.7503653625360864,0.874769941384157,0.6535931007750514,0.7464982762091641,116.6112,1,0,0.0043487774094853,False,none,,-0.0014683779490745064,-0.000880347475137655
03455500,0.6210601918075944,0.6911946457589916,0.6084219399316118,0.682816896056204,0.6534722626663809,0.7258924608546915,72.9522,1,0,0.0309519314322451,True,none,,-0.012638251875982665,-0.008377749702787596
03456100,0.6474613672666318,0.7062012204771874,0.6307544171207424,0.6946725538859329,0.6604074498612169,0.7438188009994571,150.7977,1,0,0.018708303566099,False,none,,-0.01670695014588941,-0.01152866659125451
03456991,0.582613768341969,0.5745905413274873,0.5736102469321529,0.5695960383433306,0.6243357669912695,0.6344648386549091,335.5515,1,0,0.0092481740026324,False,none,,-0.009003521409816084,-0.004994502984156712
03459500,0.7661981485543135,0.7843838349405644,0.7573778239539363,0.7822034996693357,0.7443833852631985,0.8145406140876219,905.6979,3,0,0.0260227549818294,False,none,,-0.008820324600377183,-0.0021803352712287394
03460000,0.7358138739347887,0.8039026102997214,0.7276045965103521,0.7995165025681359,0.6392552573276642,0.6845281679046248,127.019,0,0,0.0,False,none,control,-0.008209277424436556,-0.004386107731585542
03498500,0.8725364864666353,0.8605094959544777,0.8686558355351398,0.8593912740814513,0.8714525279734188,0.8551096567858418,696.7582,0,0,0.0,False,none,,-0.0038806509314954774,-0.0011182218730263482
03500000,0.8452374454020966,0.8463070975048375,0.8327007891693549,0.840782271330275,0.81541700226332,0.7962039945506876,361.1439,0,0,0.0,False,none,,-0.012536656232741694,-0.005524826174562403
03500240,0.7910360452851204,0.8463386366881576,0.7833835283080708,0.8437009664343985,0.7858523732011033,0.8191780093668207,145.8639,0,0,0.0,False,none,,-0.007652516977049606,-0.00263767025375905
03503000,0.818146031633156,0.7888232731205993,0.8175740940549894,0.7945070429097995,0.7452263864617007,0.7342470649017632,1129.928,1,0,0.0007600767613764,False,none,,-0.000571937578166648,0.005683769789200155
03504000,0.8030580279084281,0.8660784252645664,0.7926706651559219,0.8609511282253801,-1.5986147890258997,-0.29753377734296116,134.5167,1,1,0.9187646593324345,True,DOR>0.5,dam,-0.01038736275250618,-0.0051272970391862405
03512000,0.8004008305051807,0.8835400024781701,0.7942617169529196,0.879671429518837,0.8072277163178179,0.9009349183914673,476.0343,2,0,0.0007473195684514,True,none,,-0.006139113552261155,-0.003868572959333072
02204070,0.7288809398201792,0.6750271847572187,0.7380308605785315,0.6789257732951927,0.7785665202223517,0.7632482864987462,477.3717,2,0,0.0004637343109904,True,none,,0.009149920758352303,0.0038985885379739793
02208450,0.6071961667872874,0.7499041081828037,0.5811675768285345,0.7399982930367923,0.382803175148986,0.6296160303847756,480.708,6,0,0.0217669892330616,True,none,,-0.0260285899587529,-0.00990581514601141
02217475,0.8122302518840666,0.7798813862388145,0.8303147971063357,0.783976853624719,0.8185830302115636,0.7096578778578753,863.2495,3,0,0.0015354840601181,True,none,,0.0180845452222691,0.004095467385904494
02217500,0.8017998425376083,0.7669543485023764,0.8137569866516228,0.7703440647156186,0.7870414821565563,0.6975406735739049,1015.023,7,1,0.062023391655733,True,none,,0.011957144114014495,0.0033897162132421332
02218300,0.8754581497714002,0.8502225571661375,0.8657736319523648,0.8489915041040381,0.7557474032057588,0.776113817577026,2439.963,15,1,0.0260750441557093,False,none,,-0.009684517819035454,-0.0012310530620993632
02219000,0.8503215327358814,0.787774744605289,0.849007783288356,0.7878101567576051,0.822496651270429,0.7351500679448668,456.6087,4,0,0.0051982751572123,True,none,,-0.0013137494475253808,3.541215231617212e-05
02220900,0.7766426072174095,0.6912641488773512,0.7897000412534477,0.6918177913919874,0.7176196304176066,0.5067371954138815,689.9769,8,0,0.0088790003767514,False,none,,0.013057434036038207,0.0005536425146361879
02331600,0.7573488081725498,0.7032312138528538,0.7526939430502197,0.7003853771821129,0.783758726924912,0.7423186332603431,819.7617,3,0,0.0010599470649715,False,none,,-0.004654865122330043,-0.0028458366707408977
02333500,0.794832177729705,0.7479886116507821,0.7931198367921996,0.7466339157882566,0.7902662583997295,0.7404562979329519,390.3174,1,0,0.0001894431676373,False,none,,-0.0017123409375054965,-0.0013546958625255678
02334430,0.08654987886614196,0.4034693896271563,0.24805367203291817,0.42178600975623104,-0.09163825732298836,0.34772223671589797,2683.308,6,1,1.7240535848198353,True,DOR>0.5,dam,0.1615037931667762,0.018316620129074757
02334885,0.707754652226437,0.6316088031339008,0.7049606192050408,0.6354586017793262,0.7751367623181724,0.8108326234683685,122.0977,0,0,0.0,False,none,,-0.002794033021396136,0.0038497986454254507
02335000,0.2618457192374537,0.5540789210003016,0.380234860844885,0.5454038862806856,0.14835850713513432,0.5303114325167213,3032.42,7,1,1.51078868017578,True,DOR>0.5,dam,0.1183891416074313,-0.00867503471961606
02335450,0.30809834202393804,0.5130870744080976,0.39099932918663416,0.4895037736454455,0.26024839751889384,0.5163371350562667,3155.918,8,1,1.534434680445928,True,DOR>0.5,dam,0.08290098716269612,-0.023583300762652137
02335700,0.7957491214565657,0.7221248033860149,0.795024851661972,0.721457365812785,0.827532202198985,0.7538333713903314,190.593,1,0,0.0010922931568891,True,none,,-0.0007242697945937238,-0.0006674375732299564
02335870,0.6529007828416429,0.7328305641614576,0.6534361505572758,0.7324410816413048,0.6241737859379664,0.6744427185742434,79.53696,3,0,0.0016826675971205,True,none,,0.0005353677156328951,-0.00038948252015280627
02336000,0.5194516612201595,0.6484174752056558,0.5677937913535704,0.6050185838137039,0.5008220370505067,0.6775307375058909,3757.341,23,1,1.2466892370077067,False,DOR>0.5,dam,0.04834213013341093,-0.043398891391951966
02336300,0.686157165960515,0.6835967291692161,0.6849275751687964,0.6832393341766749,0.6884306917857858,0.6660325664652595,221.6925,1,0,0.0003160443010827,False,none,,-0.0012295907917185822,-0.00035739499254117124
02336490,0.6381942667062372,0.6649025965096541,0.6469059674094271,0.613510020050307,0.660835732995382,0.7447251296107649,4121.988,25,1,1.0922427891348114,False,DOR>0.5,dam,0.008711700703189829,-0.05139257645934714
02337000,0.7652695362557865,0.7790175908455983,0.7636979428462355,0.7766811294677309,0.7530439299939491,0.7795960085358736,617.6349,5,0,0.0028777977965393,False,none,,-0.001571593409551042,-0.0023364613778673604
02337170,0.7675159300501586,0.8058344698861513,0.7642026907671291,0.7714245246497472,0.6537565046103975,0.753875930264136,5325.304,35,1,0.8822428192860013,False,DOR>0.5,dam,-0.003313239283029512,-0.03440994523640406
02344350,0.8205582118057742,0.7497023230915109,0.8195690767334617,0.7489758710817664,0.847825615355445,0.7923738556974252,330.1573,7,0,0.0253749691061991,True,none,,-0.0009891350723124637,-0.000726452009744416
02380500,0.6866239088326519,0.7744521600711366,0.6861660384738717,0.7742722140249937,0.635720355185148,0.6930717235281365,611.6292,4,0,0.001334445075688,False,none,,-0.0004578703587801991,-0.0001799460461429092
02382200,0.5065429108418718,0.4565535175498783,0.4985320198147546,0.45262791210731723,0.6310460943503164,0.4778983993942857,309.8763,1,0,9.95657468711586e-05,True,none,,-0.008010891027117162,-0.003925605442561042
02392000,0.7342115379215612,0.6611965035490918,0.7380288563031927,0.6627022044026446,0.7737048234260233,0.6830582889182792,1589.434,13,0,0.0036669223162367,False,none,,0.0038173183816314626,0.0015057008535528382
02210500,0.8172896269409051,0.8493123303446184,0.8294702510053892,0.8508958693413816,0.5601794384240761,0.7493202906005286,3710.135,36,4,0.152272844096838,False,0.1<DOR<=0.5,,0.012180624064484058,0.001583538996763223
02212600,0.7305699504147175,0.6292666871278565,0.7267278134145019,0.621514174442685,0.591160718548207,0.40251763860143375,187.9614,1,0,0.0025449178127999,False,none,,-0.0038421370002156285,-0.00775251268517152
02213000,0.8543400538358747,0.8181453019388008,0.8718007811142217,0.8103781672119552,0.5367855434200381,0.6928458378294795,5824.94,48,7,0.1445476842539413,True,0.1<DOR<=0.5,,0.01746072727834691,-0.007767134726845537
02215100,0.7097007869505085,0.8108763131985477,0.7195701472132464,0.8108640719840124,0.6658292931426391,0.804566075701159,420.2923,1,0,0.0004888215448511,False,none,,0.00986936026273788,-1.2241214535246847e-05
02221525,0.7856169042332611,0.6983159629394702,0.7910214335539146,0.6984580292606959,0.7185978081801603,0.544164106605169,490.7976,1,0,0.0003619079677521,False,none,,0.005404529320653495,0.00014206632122570895
02341800,0.7682502610053462,0.8157090526723703,0.7532573395730147,0.8101484034796101,0.652537623164127,0.6726820220932894,883.6146,2,0,0.001763989494429,False,none,,-0.014992921432331552,-0.005560649192760114
02344500,0.842027512613459,0.801119323015789,0.8261459851526032,0.7988366391167089,0.7614734407886907,0.7310570065839301,697.3857,13,1,0.0681997743173982,False,DOR<=0.1,,-0.015881527460855804,-0.0022826838990801512
02344700,0.7835904682646453,0.786131569614575,0.786100238658318,0.7770908557686822,0.7578343417754557,0.7737700191483097,259.4079,4,2,0.3383603814764278,False,0.1<DOR<=0.5,,0.002509770393672728,-0.009040713845892778
02347500,0.8371116233583558,0.6635201706898861,0.8377432858859072,0.6617775143521931,0.6648657508261311,0.5945963053163767,4790.137,56,4,0.0483478452488428,False,DOR<=0.1,,0.0006316625275514243,-0.0017426563376929938
02349605,0.21266542357982787,0.5341159369431994,0.15854407489628008,0.5211190302124902,-0.3929889761423373,0.354830863892064,7574.744,68,4,0.031829834952826,False,DOR<=0.1,,-0.05412134868354779,-0.01299690673070919
02349900,0.7534229198385616,0.8227905977274511,0.7497057453590246,0.8221984741052724,-0.35779183662523795,-0.24076946214617667,122.8673,1,0,0.0359023702348271,True,none,,-0.003717174479537011,-0.0005921236221787529
02318700,0.7616740851535875,0.7161192336800458,0.7616394604084106,0.7165775316439246,0.6994673762061228,0.6071317304606325,704.6711,5,0,0.0143216271956613,True,none,,-3.462474517690328e-05,0.000458297963878751
02350512,0.5327014498247157,0.7347393931094461,0.559778615769471,0.7452748504146944,0.17647367270398218,0.5857355065863326,10194.55,74,5,0.0750804517340189,False,DOR<=0.1,,0.027077165944755288,0.010535457305248297
02351890,0.4322167930203046,0.44816878951639527,0.3643506170612103,0.4307589860941866,0.22518916787449528,0.37136830718390756,972.0065,6,0,0.004589847456493,False,none,,-0.06786617595909428,-0.01740980342220866
02352500,0.6386245509374802,0.7176700011141426,0.6603738418371701,0.7242733610878112,0.27596517363980966,0.5850848768298641,13700.25,85,5,0.0620673961308711,True,DOR<=0.1,dam,0.02174929089968991,0.0066033599736685655
02353500,0.7730084726588924,0.7263864721750339,0.7585459992123255,0.7235225202216526,0.7213201067968822,0.7140300434659352,1612.679,9,0,0.0032711715572932,False,none,,-0.014462473446566926,-0.002863951953381294
02326000,0.5174928514469299,0.6204413114505626,0.5229571363834549,0.6230207565586802,0.2764857745452781,0.5176436053031943,556.4121,0,0,0.0,False,none,control,0.005464284936524955,0.002579445108117584
02327100,0.5326109888229126,0.591861048249977,0.5312654886699673,0.5950174365310084,0.4827117582131991,0.6231763321147398,271.1182,0,0,0.0,False,none,,-0.0013455001529453225,0.003156388281031375
02329000,0.7462026532343928,0.7571565061156836,0.7018819228201523,0.7406559831870096,0.49268220916333505,0.6532610031615995,2966.779,21,2,0.0475255752412128,False,none,,-0.04432073041424056,-0.01650052292867399
02329600,0.6964284393238523,0.6573672466361489,0.6977561533577537,0.6579954955564769,0.5579327359366689,0.45850534178812796,790.3278,2,0,0.0035162279390575,False,none,,0.001327714033901306,0.0006282489203279784
02330000,0.7113219197379506,0.7381928461883858,0.6441735849807229,0.6800439583507436,0.35470823411217645,0.5156906383772009,4454.672,23,2,0.0313310394064895,False,0.1<DOR<=0.5,,-0.0671483347572277,-0.05814888783764216
02330100,0.5702870491102796,0.73906156923051,0.5815049533993243,0.7274871962340193,-0.7694187382706625,-0.2543811955583972,322.5477,1,0,0.004103932720809,False,none,,0.011217904289044678,-0.011574372996490778
02359000,0.7148855081156479,0.8148961210629628,0.7084220248053825,0.8125676847224281,0.6279226021679112,0.7718408361783673,2162.885,3,0,0.0084283642880032,False,none,,-0.006463483310265361,-0.002328436340534701
03021350,0.7187642342906664,0.7082495754355587,0.7219182480000017,0.7082719855713269,0.7256035408767854,0.8457909022355945,239.6691,0,0,0.0,False,none,,0.0031540137093353238,2.241013576820272e-05
03023100,0.8107985744220498,0.8575564379632874,0.8196974297068127,0.8545415988929377,0.6784655288648427,0.8385716304362527,2086.982,3,1,0.0818336667654619,False,none,,0.008898855284762863,-0.0030148390703497174
03024000,0.7917404088120902,0.8659530061270697,0.8002970066357261,0.8679544624200487,0.6168400494071749,0.8017038399193642,2762.845,5,1,0.0716788700722077,False,none,,0.008556597823635936,0.002001456292978987
03093000,0.7114481912556772,0.8277230721189531,0.710508755282256,0.8221003507266063,0.575682965815786,0.7042523419036593,251.7975,0,0,0.0,False,none,,-0.0009394359734211655,-0.005622721392346874
03094000,0.7299900802621309,0.8565788758517829,0.7721022789361789,0.8315218651205075,0.6332696291453355,0.8087558509531145,1487.505,7,3,0.285360051054038,False,DOR>0.5,dam,0.04211219867404803,-0.02505701073127542
03097550,0.777683182208379,0.8849245273052174,0.8122074649361392,0.8830128219773936,0.6478168190130933,0.7854429687951874,2201.038,10,5,0.3605773086981375,False,DOR>0.5,,0.0345242827277602,-0.0019117053278238094
03102500,0.8104625195896594,0.8151782904050336,0.8104928951685688,0.8148870461977158,0.8106249661148897,0.8410083159525048,241.7346,2,0,0.0083653618303803,False,none,,3.0375578909391798e-05,-0.0002912442073178534
03102850,0.8010845813085261,0.8266154283134969,0.8120941741883585,0.8202538709866936,0.796390077293898,0.8248359690784589,870.5376,3,1,0.5322962285083789,False,DOR>0.5,dam,0.011009592879832386,-0.006361557326803324
04202000,0.3711580710345592,0.5643838748747718,0.45163390217061594,0.6142734124858585,-0.11303045381566368,0.24664546824684397,390.1275,2,1,0.1437718759319666,False,0.1<DOR<=0.5,,0.08047583113605672,0.04988953761108672
04207200,0.7265529418771259,0.7987573690851507,0.728477243743576,0.7997164084159242,0.6635866712366087,0.7345349917351998,222.1038,0,0,0.0,False,none,,0.0019243018664500955,0.000959039330773459
04208000,0.8365162708922825,0.8055651401357276,0.8337922091587102,0.7962521855838617,0.8281684908902053,0.9109180623986315,1837.508,4,2,0.0430558816028337,False,DOR<=0.1,,-0.002724061733572314,-0.00931295455186587
04212100,0.7284740838525736,0.8419529590129028,0.7635037870266963,0.862318898149754,0.7672127975822334,0.8336077504120665,1784.892,3,0,0.009230858804309,False,none,,0.035029703174122684,0.020365939136851252
04213000,0.47948692157080486,0.5260259943106329,0.3851417216277705,0.45204793537217625,0.7385070171100754,0.7581028406014598,455.2974,0,0,0.0,False,none,control,-0.09434519994303436,-0.07397805893845666
03085500,0.8558572099155148,0.8715592934663486,0.8435871275714777,0.8571147205281191,0.8246923614463427,0.8224723837043542,666.8838,1,0,0.0037986016022622,False,none,,-0.012270082344037148,-0.014444572938229538
03091500,0.5523452711496775,0.622500467821762,0.5593054042019777,0.6136917811478537,0.5424086378578297,0.6381091975579088,708.7518,4,2,0.361141226922211,True,DOR>0.5,dam,0.006960133052300255,-0.008808686673908328
03098600,0.821491306150345,0.885045252545998,0.8231730939041106,0.8401286069632447,0.7295983844437157,0.8560094602154014,2525.609,16,5,0.3071881576424091,False,DOR>0.5,,0.0016817877537655956,-0.04491664558275332
03105500,0.8699980891959962,0.9277653868505644,0.8857840205313119,0.9066089959052386,0.7708609787705303,0.8390613883254281,5752.941,25,7,0.2264379247903419,False,DOR>0.5,,0.015785931335315695,-0.021156390945325843
03106000,0.8654646810755071,0.8895516459100454,0.865762813305088,0.8880286611934222,0.8679344691611803,0.9249706582114191,921.4443,0,0,0.0,False,none,control,0.00029813222958086083,-0.0015229847166232657
03106500,0.791177531615848,0.7861711796111017,0.7959750539299278,0.7894199418857665,0.7656371272000295,0.7612355009840929,1043.36,2,1,0.096623506394184,False,0.1<DOR<=0.5,,0.004797522314079816,0.0032487622746647515
03107500,0.8829540153116314,0.8975801644415676,0.8946585778110693,0.9106220557293508,0.7875727119655558,0.8023309362185544,8034.329,29,8,0.1815347519321485,True,0.1<DOR<=0.5,,0.011704562499437854,0.013041891287783214
03108000,0.8601326868088648,0.8655407392930614,0.8542335190191581,0.8647867486618304,0.8480028525591743,0.8157205944995942,463.4865,2,1,0.0855323448102569,False,0.1<DOR<=0.5,,-0.005899167789706672,-0.0007539906312310496
03109500,0.7562312204529978,0.7554834529593843,0.7587380470782159,0.7603073662538842,0.6962296155410046,0.6747790387323441,1304.177,1,0,0.0046161803104852,False,none,,0.0025068266252180615,0.004823913294499826
03110000,0.8130395338151296,0.8538847468716799,0.8156417546702075,0.8602960314309382,0.7925612829624478,0.807581016533186,381.4083,1,0,0.0069278098595673,False,none,,0.002602220855077886,0.006411284559258323
03111500,0.730958262304068,0.8280931716347898,0.7318657009394031,0.8320085660022041,0.5670374968662271,0.6980490145067659,318.8142,0,0,0.0,False,none,,0.000907438635335045,0.003915394367414282
03111548,0.6979649385022393,0.7957635935968836,0.6966875422306951,0.7944141326755809,0.48086298354057055,0.6118648657326331,253.1448,0,0,0.0,False,none,,-0.0012773962715442178,-0.0013494609213027253
03117000,0.8147984809204609,0.9060642308945147,0.8089152744484934,0.9033329478131208,0.7005100314367962,0.8346787427161716,1336.8,13,1,0.0714926848767445,False,DOR<=0.1,,-0.005883206471967495,-0.0027312830813939204
03117500,0.8214669854548193,0.9106541403243968,0.8265065630179823,0.9130749690592285,0.7807093324923899,0.8315576789587928,656.2251,0,0,0.0,False,DOR<=0.1,control,0.005039577563162978,0.002420828734831626
03118500,0.7721128789067111,0.7331197008985115,0.7693614656600216,0.731216406866257,0.8025807820401195,0.8925973396890513,453.5037,0,0,0.0,False,none,control,-0.0027514132466894825,-0.0019032940322545322
03124500,0.6251305439351993,0.7300950637368825,0.6274419625656005,0.7303924207553518,0.6191816433700629,0.7378009326777171,803.0898,1,0,0.0077478278443203,True,none,,0.0023114186304011852,0.00029735701846933527
03129000,0.7794142033655866,0.8735673633992603,0.7995900726745351,0.8794666849940649,0.5737825566509669,0.7897897594421276,6319.039,22,8,0.2435983337127016,False,0.1<DOR<=0.5,dam,0.020175869308948435,0.005899321594804552
04206000,0.7938301922866188,0.7921902522203748,0.7977548458490392,0.7820373180781445,0.7674748617786149,0.881329565368508,1047.329,4,2,0.0850924472175393,False,0.1<DOR<=0.5,dam,0.003924653562420444,-0.010152934142230285
03151400,0.815922239818453,0.8252795179840084,0.8154347271308633,0.8243428166648272,0.7943175493090576,0.7835817988727194,290.7306,0,0,0.0,False,none,,-0.00048751268758973065,-0.0009367013191812212
03155000,0.841297391442388,0.7830599525679184,0.8272261866507313,0.78398569061218,0.8131999471159675,0.7395369114926369,3924.7,2,1,0.0096425316000919,False,DOR<=0.1,,-0.014071204791656688,0.0009257380442616592
03159540,0.7339986930400699,0.7889924968381739,0.6827995214721043,0.7586511663909405,0.7598210187296792,0.79581723661539,400.851,0,0,0.0,False,none,,-0.05119917156796561,-0.030341330447233306
03194700,0.825265252422817,0.8470490964161471,0.8410854273669762,0.8560919882163119,0.8073765637660593,0.7871007893968515,689.0697,0,0,0.0,False,none,control,0.015820174944159215,0.00904289180016482
03176500,0.8772558387704282,0.8585530044166924,0.8552833873049506,0.8397337146993799,0.6698709371863836,0.7840112881474559,9781.729,6,1,0.0711180875587168,False,DOR<=0.1,dam,-0.02197245146547766,-0.018819289717312504
03179000,0.8157938269753932,0.847597647479748,0.8176114793488519,0.8488093944401771,0.8143743993556591,0.8125769603967559,1024.424,2,0,0.0018932127936673,False,none,,0.0018176523734587668,0.0012117469604291387
03184000,0.8588514603832789,0.8400850807700613,0.8533259413815453,0.8320246646320568,0.8297761780429396,0.8958085600320532,4225.824,1,0,0.0002770287464844,False,none,,-0.005525519001733592,-0.008060416138004456
03185400,0.8815676123521959,0.9007452648939903,0.8506878995288633,0.8487335701620685,0.658923028827135,0.7987935578239529,17348.47,13,2,0.0459420379497809,False,DOR<=0.1,dam,-0.030879712823332683,-0.0520116947319218
03189100,0.8295795023561316,0.8726358766825648,0.8299943270153357,0.8728815376709277,0.8032080329885806,0.8253321974619845,1369.11,0,0,0.0,False,none,,0.00041482465920406053,0.0002456609883628724
03190400,0.7637673493420248,0.867545284690747,0.7554609644865902,0.863553044561698,0.7234185439704734,0.8363598767605471,944.6616,0,0,0.0,False,none,control,-0.008306384855434668,-0.003992240129048974
03192000,0.6712816041016896,0.8090887619080401,0.7281252402002744,0.784194270166965,0.5457389940366086,0.7282118348996409,3407.807,1,1,0.0936837453297476,False,0.1<DOR<=0.5,dam,0.05684363609858478,-0.024894491741075164
03193000,0.8829141305879193,0.9130672135353738,0.8622585976083237,0.8450713766556128,0.6367544825172808,0.8014341002721435,21702.95,17,3,0.0550861822642864,True,DOR<=0.1,dam,-0.02065553297959566,-0.06799583687976096
03197000,0.7601335266647545,0.8042317372856425,0.8023396123452791,0.8199418501005438,0.5686108457891372,0.6734051143114542,2950.136,1,1,0.0407958612249429,False,0.1<DOR<=0.5,dam,0.04220608568052453,0.01571011281490131
03198000,0.8849885946180857,0.9228533455454696,0.8619892542062851,0.8787142283946905,0.6205730352538061,0.7732979375640969,27095.16,20,6,0.0525401236512195,False,DOR<=0.1,,-0.022999340411800517,-0.04413911715077912
03198500,0.8113391858384789,0.8923768325520374,0.8009303434460183,0.8872288670400491,0.7506852848109594,0.7717905756201171,1013.508,1,1,0.0265952562727893,False,none,,-0.010408842392460538,-0.005147965511988262
03200500,0.8330359598793264,0.9073405346132016,0.8209286559616475,0.8965192225005455,0.7622629547856183,0.8476502232096046,2223.267,5,2,0.0606637108003582,False,none,,-0.012107303917678891,-0.010821312112656134
03202400,0.8058592533153668,0.8325185451335044,0.8072857673029051,0.8386057315387934,0.7945097778096102,0.8712798737021641,792.7677,1,0,0.0205606456295059,False,none,,0.001426513987538347,0.006087186405288936
03202750,0.833655018600651,0.7948485165705312,0.8321062218585127,0.8037560156034003,0.8268300476699821,0.8883123816669428,327.1086,0,0,0.0,False,none,control,-0.0015487967421383697,0.008907499032869026
03203600,0.6696744984921208,0.7999653638515725,0.7398430534554139,0.8627059155857248,0.3704724470306947,0.6238678213726341,2158.022,3,1,0.0528236284633862,False,0.1<DOR<=0.5,dam,0.0701685549632931,0.06274055173415238
03207800,0.8326031750507316,0.8995367775184419,0.8238388927143325,0.889927332510724,0.7302274047871273,0.720294506351504,768.5802,0,0,0.0,False,none,control,-0.008764282336399032,-0.009609445007717876
03213700,0.8290296352897375,0.8883544849105895,0.8613860301503534,0.9154171896527942,0.7220766576837572,0.8373438801469356,2425.06,1,0,0.0056509100910942,False,none,,0.03235639486061592,0.027062704742204624
02111500,0.6716222025501394,0.6754206583244311,0.667392564026974,0.6733768241168558,0.6639233430161784,0.6946896611792384,233.6607,1,0,0.0006083049757917,True,none,,-0.00422963852316538,-0.002043834207575257
02112000,0.5537340011158038,0.7102803795249398,0.6843347973223444,0.6932561306050524,0.49240628458580193,0.694678867911749,1300.812,2,1,0.0823003598300965,False,DOR>0.5,dam,0.13060079620654053,-0.017024248919887408
02112120,0.7199975244269787,0.7806879587609717,0.7313574383775527,0.7833832295250213,0.6415878434422382,0.6649719415995219,322.2684,0,0,0.0,False,none,,0.011359913950574008,0.0026952707640495177
02140991,0.779097539356078,0.8619330896469019,0.7711961481418818,0.8622904714984401,0.6883434348528334,0.7186506747844112,521.9865,0,0,0.0,False,none,,-0.007901391214196196,0.0003573818515382188
03161000,0.7657276994641518,0.802387060740346,0.8156326056246437,0.829131890942045,0.8494726636597326,0.8257173711199816,527.8624,0,0,0.0,False,none,control,0.049904906160491924,0.026744830201698933
03164000,0.8158885511117907,0.7822165858966813,0.8098250579325966,0.7805706585887422,0.7459587888960044,0.7621337276968362,2952.736,1,0,0.00027929245388,True,none,,-0.006063493179194079,-0.0016459273079391101
03208500,0.8102922929808231,0.8250493730070111,0.8091059269579663,0.8222223818681437,0.8178438062462243,0.8752709462874082,740.8935,0,0,0.0,False,none,control,-0.0011863660228567108,-0.0028269911388674185
03208950,0.7631296715493138,0.7786590802418805,0.7601864624687992,0.7798876218912408,0.5213366470206477,0.32549123011647263,171.9225,0,0,0.0,False,none,,-0.002943209080514597,0.0012285416493603707
03209000,0.46958899960416667,0.6461372602925848,0.5325970884703446,0.6409416012609097,0.33447069735594614,0.6462572903667778,572.2452,2,1,0.3535703800308784,True,DOR>0.5,dam,0.06300808886617792,-0.005195659031675071
03465500,0.835878068049785,0.8256130389481454,0.7868736551644251,0.7733373764443794,0.6766185017536666,0.6908463603779231,2081.6,0,0,0.0,False,none,control,-0.04900441288535995,-0.05227566250376603
03473000,0.7932563098137015,0.8549327069338395,0.7948116221862969,0.8555508367458401,0.775579246827861,0.7645958494372265,784.8126,0,0,0.0,False,none,,0.0015553123725953188,0.0006181298120006007
03475000,0.7416014116138496,0.7934471755002158,0.7410136716964644,0.7987832583612741,0.5415440561041467,0.4997485337617448,533.9583,2,0,0.0174986198584801,True,none,,-0.0005877399173852549,0.0053360828610582445
03479000,0.7240966610756837,0.7145981670021888,0.7006776191536894,0.7092581679352175,0.7569897968348058,0.6948598725410597,235.6011,0,0,0.0,False,none,,-0.023419041921994288,-0.005339999066971357
03488000,0.841799278488921,0.858762193254512,0.8447441924071277,0.8620924594774387,0.819472467245723,0.7842471615952824,578.206,0,0,0.0,False,none,,0.0029449139182067263,0.0033302662229267588
03524000,0.8779850429378889,0.9286944388700402,0.8756173760636458,0.9276799741423551,0.793320846423471,0.834922773161168,1381.823,0,0,0.0,False,none,control,-0.0023676668742431684,-0.0010144647276850716
02137727,0.7474767660594006,0.7354629690944012,0.7159230065723833,0.7246849244075504,0.807967892190224,0.750205994580344,329.544,0,0,0.0,False,none,,-0.03155375948701733,-0.01077804468685084
02143000,0.7310953444408277,0.6885961989863002,0.7283069864415301,0.6906781067371113,0.28435415751262116,0.15761131998621147,216.6723,1,0,0.000811805518509,True,none,,-0.0027883579992975527,0.002081907750811074
02149000,0.7160866013082625,0.7448955432594885,0.707086111412965,0.7423909077637423,0.7182622304477488,0.7308765809080338,203.8527,0,0,0.0,False,none,,-0.009000489895297559,-0.002504635495746199
02151500,0.7986333325238936,0.7797885252876597,0.8024873688238169,0.7776743892801369,0.7986043820118187,0.7840140817919143,2260.265,9,4,0.0907571057924798,True,DOR<=0.1,,0.0038540362999233135,-0.00211413600752286
02152100,0.6691657040671577,0.7136886276026226,0.6787924553617399,0.7150615195992669,0.7321198752671196,0.7682661184539497,154.9944,0,0,0.0,False,none,,0.009626751294582236,0.0013728919966442543
02154500,0.8461403181261958,0.8377396877985469,0.8465149090746511,0.8375431384942128,0.8181835270247607,0.8040480690553986,282.0298,0,0,0.0,False,none,,0.00037459094845526675,-0.00019654930433410378
02154790,0.7695137196619897,0.708404306453406,0.7672859938393921,0.7297304828438853,0.39698453715125637,0.2618546536645785,143.5707,2,1,0.4624778996398623,True,DOR>0.5,,-0.0022277258225975594,0.02132617639047929
02156500,0.8570484746528139,0.8011930863537808,0.860317365242347,0.8002985065701865,0.7040986505808128,0.7487994766333563,7201.157,27,7,0.0827758026259618,True,DOR<=0.1,,0.003268890589533169,-0.000894579783594307
02160105,0.8445394591241645,0.7914905268013321,0.8553019692182833,0.7938376364232838,0.8028615195829046,0.7537019279975665,1959.148,12,1,0.0499601286034612,False,DOR<=0.1,,0.010762510094118771,0.002347109621951615
02160700,0.767682096369114,0.7459047214625246,0.8238487044693348,0.7566489974897843,0.7133873496067383,0.7312305569315375,1146.949,5,0,0.0063455399707666,False,none,,0.05616660810022078,0.010744276027259692
03439000,0.7696749542514965,0.8392934630990643,0.7597906754439242,0.8367079694109277,0.7432957177691291,0.7073687195019158,178.6674,0,0,0.0,False,none,,-0.009884278807572255,-0.002585493688136542
03443000,0.8005853794968338,0.8702912142696635,0.7782659680101073,0.8599378421012971,0.5268563150086214,0.5952217240333544,765.5247,3,0,0.0073457229745927,False,none,,-0.02231941148672656,-0.010353372168366404
03446000,0.8008222700148278,0.8276766317177883,0.7948978579358735,0.8252362438517669,0.8211221621943254,0.8832798990879154,172.5642,0,0,0.0,False,none,,-0.005924412078954222,-0.0024403878660214096
03451000,0.8217212367991267,0.7692084060050917,0.7724361763644467,0.7654283134788862,0.7249976427123392,0.6501747176718622,335.4329,2,1,0.1971266937328462,False,0.1<DOR<=0.5,,-0.04928506043467995,-0.0037800925262054808
03451500,0.8939932344494832,0.9137771869110225,0.8972005264127502,0.9012442815097444,0.7772606936287199,0.8171162763788669,2444.736,7,1,0.0181939491463679,False,DOR<=0.1,,0.003207291963266967,-0.01253290540127805
03453500,0.8899167302611588,0.9058579326404154,0.9003436852264701,0.9163795608777053,0.7284503033657044,0.7441268771187668,3448.471,12,1,0.0165862461545246,True,DOR<=0.1,,0.01042695496531132,0.01052162823728997
02163500,0.7927505131131772,0.7644380891771987,0.810709024914142,0.7669693153554051,0.8143640259548576,0.796407315400219,1505.403,9,2,0.189727616696624,True,0.1<DOR<=0.5,,0.01795851180096475,0.002531226178206447
02167000,0.7355747397582479,0.6915577429784967,0.7366027483668256,0.682819702436539,0.5484953159119771,0.6559389511003383,3514.51,18,3,0.3735545498928991,False,0.1<DOR<=0.5,dam,0.0010280086085776574,-0.008738040541957703
02192000,0.8771969699777005,0.8111300213057121,0.880627149899204,0.8155040299932235,0.8397675692319888,0.8232836144514329,3673.486,4,0,0.0003007510031796,False,none,,0.003430179921503518,0.004374008687511366
02193500,0.6814197705774452,0.6164813383955038,0.698844048015687,0.6596565561338591,0.674063831959905,0.680315857757036,756.6813,1,0,0.008163540140172,False,none,,0.01742427743824182,0.04317521773835531
02196000,0.6681690687371851,0.48546194702871615,0.7306084325549022,0.4771411536755209,0.7284573028891912,0.39223361219746855,1408.382,0,0,0.0,False,none,control,0.062439363817717086,-0.008320793353195244
02197000,0.198143719697067,0.5837832439465874,0.505424965935823,0.6830275225964442,-0.0734603282197206,0.48713100503249884,19112.31,49,13,1.4261255309556553,True,DOR>0.5,dam,0.30728124623875597,0.09924427864985674
02198000,0.5550860776708535,0.6702861893471936,0.491926724015488,0.6493251941164218,0.2825531211486261,0.5726300297863919,1675.712,14,0,0.0304960129904208,True,none,,-0.06315935365536551,-0.020960995230771884
02201000,0.8078482825240894,0.8203014603169209,0.8112104358103821,0.8266370743648306,0.5773260959133275,0.3645523623812068,285.849,1,0,0.000887189441643,False,none,,0.003362153286292746,0.006335614047909721
02203000,0.6987420007731607,0.6257007938394392,0.6923034028707915,0.6271986902400578,0.592381930361695,0.5793645437521621,1450.085,12,0,0.00280541214056,True,none,,-0.006438597902369225,0.0014978964006185924
02215500,0.5568189849491583,0.7592242510158395,0.5502322801565169,0.7522571111702796,0.2805543154649316,0.635674715607558,13566.88,89,7,0.0767004626860954,False,DOR<=0.1,,-0.00658670479264134,-0.0069671398455598554
02223500,0.5573281327837745,0.6904883178377248,0.7598836592510314,0.7341076680254958,0.17088654582752127,0.5390243828414356,11407.57,69,4,0.3092661546686084,False,0.1<DOR<=0.5,dam,0.20255552646725694,0.04361935018777097
02225500,0.7337733356246298,0.6832056951529251,0.7182611056369915,0.6813719315093225,0.5852425829266366,0.6420944194425388,2841.175,17,0,0.0045076265386169,True,none,,-0.015512229987638237,-0.0018337636436025484
02226000,0.6150996839541416,0.7671861347147302,0.6474327279346661,0.7738167984569982,0.3365774485667412,0.6459622471479997,35273.38,204,11,0.1302021416409112,False,0.1<DOR<=0.5,,0.0323330439805245,0.006630663742268061
02227500,0.6501793079144162,0.5946963032916879,0.6322030706368627,0.5848042792720325,0.5431975322870028,0.5378807615752055,1720.706,1,0,9.31321055259169e-05,False,none,,-0.017976237277553597,-0.009892024019655388
02319000,0.5166439194194679,0.6696159878471923,0.4597373860949664,0.6476208273590138,0.2989665983873664,0.5826864681854147,5505.854,35,0,0.005897565376886,False,none,,-0.05690653332450146,-0.02199516048817851
02315500,0.8342917636278397,0.7495437174427885,0.8357682026956779,0.7500981116439179,0.8406568124820595,0.7521742353931522,6136.255,3,1,0.1040853137254836,False,none,dam,0.00147643906783812,0.00055439420112946
02321500,-0.31113366529640585,-0.024135392926076138,-0.35828624172824,-0.033569521855809636,-0.7212290397560002,-0.12324138631669745,1474.261,0,0,0.0,False,none,control,-0.047152576431834126,-0.009434128929733498
02323500,0.4856204897127424,0.6292984968905585,0.3568300256105519,0.5814678670182345,0.15301600123151293,0.5191724552733428,25078.26,76,2,0.0253812511010954,False,none,,-0.12879046410219053,-0.047830629872324004
04215000,0.7822028431961956,0.7840058160174102,0.7808955440169584,0.7823761150846559,0.7826590312068504,0.7925852859416547,248.0184,1,0,0.0004274733401979,True,none,,-0.0013072991792372202,-0.0016297009327542744
04215500,0.7322789968815,0.6768336816763755,0.7325867562579229,0.6806917449065721,0.7701540076863204,0.7807339005814078,350.7246,1,0,0.0005897058409784,False,none,,0.0003077593764229114,0.003858063230196662
04216418,0.34961817360404635,0.25298715271599204,0.3506952993246244,0.2543558649313823,0.2628512708439855,0.19822567919550638,196.4727,2,0,0.0020127950720135,False,none,,0.0010771257205780538,0.0013687122153902553
04218000,0.7604847942992063,0.8372893415869596,0.7484459818032643,0.8337913414914027,0.6755928955423727,0.7990926854212871,896.9733,2,0,0.0005223047521384,False,none,,-0.012038812495942075,-0.003498000095556897
04218518,0.7741033304922105,0.748399279075294,0.7697658080101054,0.7433797604131052,0.697946531003041,0.6424715103732208,220.2912,0,0,0.0,False,none,,-0.004337522482105061,-0.00501951866218886
04221000,0.8384224232146789,0.8847551585929069,0.8383702664538885,0.8842681228593038,0.8344116883992124,0.8723919994683728,750.879,0,0,0.0,False,none,control,-5.215676079040055e-05,-0.0004870357336030917
04223000,0.8220014957976864,0.7622539716020413,0.8231809142289213,0.7613053394113161,0.8320165819396966,0.8013418131111565,2547.669,5,1,0.0250073818963516,False,DOR<=0.1,,0.0011794184312348133,-0.0009486321907252737
04224775,0.7189576551521646,0.7612841595504907,0.7221201682277605,0.763581610281676,0.7309825611368392,0.7902995299503067,231.8445,0,0,0.0,False,none,control,0.0031625130755958963,0.0022974507311853687
04227000,0.7955977908319617,0.8082935131778954,0.7982200272588564,0.8101306728311116,0.7911562617662555,0.7928351202671357,876.1599,1,0,0.0021055992605584,False,none,,0.002622236426894742,0.0018371596532161805
04227500,0.19676209808283152,0.6267629581996291,0.18523505658269634,0.6221854255856688,0.00224039527384301,0.5503650121718305,3692.064,8,1,0.0228018556557931,False,DOR<=0.1,,-0.011527041500135171,-0.004577532613960322
04228500,0.44326720621006366,0.7293872759986948,0.42781904543426963,0.7219422483344189,0.1892980093142248,0.6169732332166222,4343.949,10,1,0.0214558100609502,False,DOR<=0.1,,-0.015448160775794029,-0.007445027664275905
04230380,0.7727298495267838,0.848777887460229,0.7719762934585626,0.8494182540975064,-0.2557478200853147,-0.2771142495893191,107.0739,0,0,0.0,False,none,,-0.0007535560682212505,0.0006403666372774008
04230500,0.7745068222375235,0.7290817050425655,0.7738763677853272,0.7297889218824711,0.6301060899989712,0.6859085024360446,524.7018,1,0,0.0014075204338533,False,none,,-0.0006304544521963384,0.0007072168399056
04231000,0.698234500551884,0.8364429076170989,0.6999680407109629,0.8367982134027118,0.47765752430844444,0.505965953401396,340.8813,0,0,0.0,False,none,control,0.0017335401590788946,0.000355305785612825
04231600,0.6378122752735581,0.7957890776596392,0.6332119822939681,0.792315629815331,0.371695495284744,0.6543851947052886,6383.732,16,2,0.0291317713149187,True,DOR<=0.1,,-0.0046002929795899705,-0.003473447844308253
01541000,0.7800336223829295,0.7915707071626517,0.7788002614800023,0.7902972858544143,0.7854547723115308,0.8047371995114969,817.7463,0,0,0.0,False,none,control,-0.0012333609029272496,-0.0012734213082373769
01541200,0.6923594498179497,0.8141557512709777,0.7450717262127906,0.809352252161476,0.6646431004434633,0.8103952232809062,951.9687,1,1,0.0203231203822285,True,0.1<DOR<=0.5,dam,0.052712276394840885,-0.00480349910950173
01541303,0.7896870496581737,0.8679888419776394,0.8076482960436109,0.8494775754127323,0.7580958412497877,0.8641634596664638,1242.98,3,1,0.0197940916061291,False,0.1<DOR<=0.5,dam,0.01796124638543717,-0.018511266564907092
01541500,0.841279809508289,0.9112495005012181,0.8491493553098418,0.9025577109547391,0.816805303692331,0.8938144521673428,960.1506,2,1,0.0610947601162373,False,0.1<DOR<=0.5,,0.007869545801552857,-0.008691789546478979
01543500,0.8598565925614678,0.8890955840900497,0.8644543615351806,0.8932748828766264,0.8680270705525048,0.8956866279250502,1778.258,0,0,0.0,False,none,control,0.004597768973712779,0.004179298786576635
01544000,0.6543578461058734,0.8187659173464144,0.6473299816567792,0.815887206738647,0.608852234046865,0.7601960019583378,635.0229,1,0,0.0066433740844083,True,none,,-0.007027864449094201,-0.002878710607767343
03007800,0.8096612193311027,0.870077605673689,0.8105489965475118,0.869058318037697,0.7803745135357444,0.7713573071570506,651.5217,0,0,0.0,False,none,control,0.0008877772164090914,-0.0010192876359920167
03010500,0.828786333045833,0.91078537345836,0.8274076392116483,0.9100814009189122,0.8009821948324531,0.8827114248278971,1412.971,1,0,0.0001059262462327,False,none,,-0.0013786938341847632,-0.0007039725394477614
03010655,0.8385510805854335,0.8879861562265128,0.8364527385438445,0.886852314585941,0.8353565286883211,0.8820548157059124,254.4417,0,0,0.0,False,none,control,-0.0020983420415889853,-0.001133841640571731
03011020,0.8963426790893637,0.8777759182660703,0.8943296447871578,0.8757725369927604,0.882123867266245,0.8897840750815558,4161.725,4,2,0.0088675396697356,False,DOR<=0.1,,-0.002013034302205896,-0.002003381273309901
03014500,0.7067956181257385,0.7835499992931632,0.7090397034818776,0.7842130818890162,0.7015081305152532,0.7992037976510986,499.3146,1,1,0.1729490225564962,True,0.1<DOR<=0.5,dam,0.0022440853561390695,0.0006630825958530151
03015000,0.6776174900545584,0.8403322300740531,0.6715280231218453,0.8374443261594622,0.5828374821071022,0.7803667439141847,2083.342,3,1,0.0437764810318688,False,0.1<DOR<=0.5,,-0.006089466932713061,-0.002887903914590928
03015500,0.8390307328340457,0.8827729688710644,0.840458644781612,0.8798657367742979,0.832350412714641,0.9026059543644724,784.8513,1,0,0.00303812013907,False,none,,0.0014279119475663071,-0.0029072320967664655
03020500,0.8559158943111422,0.8823236594403591,0.8547643630776338,0.8799692329598682,0.8540117182647347,0.8889841626812062,730.5574,0,0,0.0,False,none,control,-0.0011515312335084182,-0.00235442648049089
03025500,0.7890977610019888,0.8874214794235664,0.8644114415976327,0.8999651896234703,0.6310642898455885,0.7938966655266528,15426.36,18,5,0.0942788910051772,False,0.1<DOR<=0.5,dam,0.07531368059564392,0.012543710199903857
03028000,0.7875539077462604,0.8124107815473515,0.7876800232388677,0.8128209929272495,0.7885599466907238,0.8104200728769884,161.1102,0,0,0.0,False,none,,0.000126115492607215,0.0004102113798980511
03029500,0.8849524669732781,0.9052499556648361,0.8849683822652333,0.8943988053394848,0.8790846249178149,0.9300354525560227,2086.573,2,1,0.0596325686152051,False,DOR<=0.1,,1.591529195521524e-05,-0.010851150325351333
03030500,0.8697575924224814,0.919870713604644,0.8707081481157708,0.9137887523713877,0.8473078531337022,0.9141926837743798,2501.184,3,2,0.0717923277346204,True,DOR<=0.1,dam,0.0009505556932893899,-0.006081961233256328
03031500,0.848002657282019,0.9205044351439735,0.8916932376808835,0.9135800747958951,0.6893916233749993,0.8202865253213039,19836.96,22,8,0.0854103304651109,False,0.1<DOR<=0.5,,0.04369058039886453,-0.006924360348078418
03032500,0.8473404341640401,0.8390507290333235,0.8413917785249231,0.829998622880942,0.8420654082315407,0.8862807128447994,1376.622,2,0,0.0001562139936079,False,none,,-0.005948655639117062,-0.0090521061523815
03034000,0.6611809963488878,0.6960492149322481,0.6211333926132815,0.6684863090928947,0.6797395000865998,0.6986802168191217,407.5902,0,0,0.0,False,none,control,-0.04004760373560634,-0.02756290583935339
01557500,0.8083550397641587,0.8159086397651739,0.8086558009454552,0.8154770973575763,0.7605063385435672,0.8120296656521495,115.2963,0,0,0.0,False,none,,0.0003007611812965161,-0.0004315424075975738
01560000,0.8306510451060248,0.7208459873641921,0.8304493549094976,0.7198845683817481,0.8643646665031908,0.8642444133067988,444.6405,0,0,0.0,False,none,control,-0.00020169019652727105,-0.0009614189824440622
01601500,0.8503913938377179,0.8594599503592446,0.8499470452351627,0.857902301261972,0.8445604838918701,0.8900523480026907,641.3698,0,0,0.0,False,none,control,-0.00044434860255515574,-0.0015576490972726287
01603000,0.8488292160644396,0.923295496483083,0.8413629233054727,0.9031372683499053,0.7878070896109172,0.8461533998992183,2267.205,6,3,0.1645672892961771,False,0.1<DOR<=0.5,,-0.00746629275896693,-0.02015822813317769
03036500,0.8615389331682509,0.9215222864491472,0.8946154083299618,0.9323794234412819,0.6485405474702198,0.7862252681605217,23225.2,28,12,0.0794837241651108,True,0.1<DOR<=0.5,dam,0.03307647516171086,0.010857136992134642
03038000,0.7881030974463126,0.8445102952286972,0.747366281907059,0.8230708452375209,0.6581988808871795,0.4721570508878279,493.6905,1,1,0.1401437974812203,False,0.1<DOR<=0.5,,-0.04073681553925357,-0.021439449991176307
03041500,0.8897708731005294,0.8886080643629191,0.8841642199047125,0.8793707126123562,0.890835604282665,0.9343138909267026,1863.592,8,2,0.0682109183579593,False,DOR<=0.1,,-0.00560665319581688,-0.009237351750562839
03042000,0.8294711094993313,0.7979337893400948,0.8291413584260456,0.7977606920668001,0.8313736406666896,0.8289704734079253,499.2651,0,0,0.0,False,none,control,-0.0003297510732857001,-0.00017309727329473112
03042280,0.8038996834616301,0.8248442424267062,0.8035493857338043,0.8235098990245442,0.8000964081433317,0.8851142110862997,154.4994,1,1,0.1897280087206172,True,DOR>0.5,dam,-0.00035029772782579904,-0.001334343402161986
03042500,0.8139155405264983,0.8389603784299597,0.8070640992568943,0.835204240277156,0.8000739389020867,0.8892748717744481,440.8776,2,2,0.1446234382901292,False,0.1<DOR<=0.5,dam,-0.0068514412696040194,-0.003756138152803734
03045000,0.8118318640782047,0.861264303177997,0.8118155935930018,0.8609962770421147,0.7959839663023369,0.8516795114610224,444.0222,0,0,0.0,False,none,control,-1.6270485202918294e-05,-0.0002680261358822822
03048500,0.35871083466369713,0.6438303039412556,0.374215431587716,0.6497675727428776,0.18483390124074606,0.5909605227400451,4728.982,14,5,0.061442151684136,False,DOR<=0.1,,0.015504596924018843,0.005937268801621931
03049000,0.7252590921223232,0.7801718873830089,0.7291039671398131,0.7825267939749796,0.6688662365669343,0.7228582241391484,357.1533,0,0,0.0,False,none,,0.0038448750174898683,0.0023549065919706846
03049500,0.8370740801994244,0.894521579281237,0.8801579097118878,0.9384631367082082,0.5391169550012418,0.7285675825920032,29543.64,47,21,0.0791436361921146,True,0.1<DOR<=0.5,,0.04308382951246337,0.043941557426971256
03072000,0.7519514824079351,0.8387109356064826,0.7542640972620153,0.8430593230552573,0.7242939144790101,0.8062949045392453,588.3783,2,0,0.0205249813103739,False,none,,0.002312614854080186,0.004348387448774749
03072655,0.8373016755938063,0.8833836272515477,0.8669644342065067,0.932422348015221,0.6389648289739334,0.7297750288048783,11547.25,19,7,0.0416840039160639,True,DOR<=0.1,,0.0296627586127004,0.049038720763673216
03074500,0.7877512493359382,0.8450227586492093,0.782982958103627,0.8436558771838238,0.2776422775339058,0.24390119179296466,191.1114,0,0,0.0,False,none,,-0.004768291232311261,-0.0013668814653854389
03075070,0.858910786658126,0.9192281584478768,0.83690390202391,0.889249453136667,0.6402228601747487,0.767041079068581,13824.03,21,9,0.0476844756806046,False,DOR<=0.1,dam,-0.022006884634216073,-0.02997870531120972
03076500,0.8352607393589041,0.8189464708726835,0.8408737291629979,0.8198634049864344,0.8381704834843154,0.8165783752020697,761.7645,1,1,0.1968978219135375,False,0.1<DOR<=0.5,,0.005612989804093749,0.0009169341137509335
03076600,0.6955024191540917,0.722093353779651,0.6953725337519779,0.7226097728106129,0.6494910044959633,0.6814977388641086,127.3991,0,0,0.0,False,none,,-0.00012988540211378297,0.0005164190309618899
03078000,0.8181416795085448,0.8681424060040875,0.8155069845223667,0.8673799117402394,0.6106302251718991,0.5086021939279746,161.4825,0,0,0.0,False,none,,-0.0026346949861780766,-0.0007624942638481125
03079000,0.8360377338371486,0.796702588945068,0.8349197799318538,0.793451808188719,0.848412730793012,0.8404875416251807,990.8361,0,0,0.0,False,none,control,-0.0011179539052947884,-0.003250780756348992
03080000,0.8395953329795238,0.8123723320676278,0.8396174252508574,0.8119648859657699,0.8470843579137755,0.8617644698989306,313.3376,1,0,0.0020015735733123,False,none,,2.2092271333540303e-05,-0.0004074461018579445
03081000,0.7574537709369951,0.8351163514610707,0.8255407528938491,0.8866286848731642,0.6959119772074012,0.7600063674646571,2659.891,3,2,0.1617647505573493,False,0.1<DOR<=0.5,dam,0.06808698195685403,0.05151233341209349
03082500,0.8452467020371046,0.8961961820770089,0.8649422096935793,0.9042747407904012,0.7871647186419706,0.8260340671943639,3426.338,5,2,0.1299352281186608,False,0.1<DOR<=0.5,,0.019695507656474653,0.008078558713392248
03083500,0.8639201891195729,0.908563022373711,0.856667812403899,0.8779173843562662,0.7715314134829635,0.846411347210997,4429.456,6,2,0.1061909032341282,False,0.1<DOR<=0.5,,-0.007252376715673914,-0.0306456380174448
01595000,0.7476050382596737,0.8400845901423327,0.7476120795559975,0.8403713952381658,0.6455302366959743,0.6291087188517412,190.1387,0,0,0.0,False,none,control,7.041296323784252e-06,0.0002868050958331203
01597500,0.45173385928081966,0.7274407881622442,0.5290945522815578,0.7598908997125093,0.3618425923021301,0.6581349465701611,276.0048,2,1,0.1636704766098458,True,0.1<DOR<=0.5,dam,0.07736069300073811,0.032450111550265115
01598500,0.4950374692720211,0.7546740322504573,0.6759774620324736,0.8199859125611557,0.4126882287128264,0.7013178310256603,1049.92,5,3,0.2988541634553788,True,0.1<DOR<=0.5,,0.18093999276045247,0.06531188031069846
01604500,0.8047374446092199,0.7138784953287746,0.7682076263035943,0.7194979483953223,0.7333941490103133,0.5904144838421295,570.8079,3,0,0.0041081379638745,False,none,,-0.03652981830562563,0.005619453066547764
01605500,0.6898898536688913,0.7174147421306103,0.6801560656525981,0.7134521978591954,0.6862658889399642,0.7100182217578878,463.8492,0,0,0.0,False,none,control,-0.00973378801629321,-0.003962544271414847
01607500,0.6889932811137138,0.7780106180416217,0.6877455736763036,0.7822702348286696,0.3350736699356546,0.40337999262127666,267.1758,2,0,0.0060873834655345,False,none,,-0.001247707437410206,0.004259616787047893
01608000,0.7838984472935164,0.8024185306980487,0.7830823314575353,0.799562023964433,0.6809119502161118,0.7136119301727,717.5779,2,0,0.0027582012191897,False,none,,-0.0008161158359811793,-0.0028565067336157046
01608500,0.6914251912632621,0.7658569295448973,0.6316707367432806,0.7316117940868596,0.6961274132137596,0.7482746221854187,3784.08,2,0,0.0004861983873905,False,none,,-0.059754454519981515,-0.034245135458037645
01622000,0.6827445073033895,0.7017704333863468,0.6829959004162416,0.6999431546726944,0.6771025705492004,0.7243464144686745,970.5348,7,0,0.0324484396849895,False,none,,0.0002513931128520497,-0.0018272787136524027
01625000,0.7345604324705395,0.7496275260984628,0.7302599872342732,0.7466578323196862,0.7568036565955578,0.7879546485588307,964.1261,1,0,0.0003044051438522,False,none,,-0.00430044523626627,-0.0029696937787766498
01627500,0.6211198923064476,0.5623570189460187,0.6211049256087426,0.5615610284864959,0.6879819380993313,0.7293520890005809,547.262,0,0,0.0,False,none,control,-1.4966697704954512e-05,-0.0007959904595228329
01632000,0.6360021145356997,0.6296612188000063,0.6370358907995279,0.6306160045099805,0.5996729135114065,0.5748902528805562,543.357,1,0,0.0016966012539144,False,none,,0.0010337762638282788,0.0009547857099742041
03050000,0.8490062765810233,0.8247089494173749,0.8488417359323057,0.8245964919776173,0.8545243506045702,0.8348179935446922,487.287,1,0,0.0079840860743721,False,none,,-0.00016454064871762597,-0.00011245743975762945
03051000,0.8877616116088937,0.8782879631621564,0.8638665033841356,0.8624219329996707,0.8744798460943655,0.8613030195182072,1076.024,2,0,0.003769408288707,False,none,,-0.023895108224758044,-0.015866030162485667
03052000,0.8571538732880751,0.9147260358547846,0.8571871102246861,0.9114265811469793,0.8447417006526258,0.9117629325724901,386.9613,0,0,0.0,False,none,,3.323693661094751e-05,-0.0032994547078053493
03053500,0.8838784845469113,0.908722412917087,0.8818105900756609,0.8882672183360821,0.8568934386704997,0.9111497531628475,697.7826,0,0,0.0,False,none,control,-0.002067894471250442,-0.020455194581004865
03054500,0.895114296074259,0.8586418903297326,0.8806901013559564,0.8349099712107432,0.8828997271497621,0.9011474417990033,2360.572,2,0,0.0015814238568524,False,none,,-0.014424194718302585,-0.02373191911898942
03056250,0.8095182664558934,0.85750144295184,0.801011027051188,0.8505056077273888,0.7930866767418365,0.8764755932085916,250.515,1,1,0.0651024495876574,True,none,,-0.008507239404705436,-0.006995835224451241
03061000,0.8136227457392264,0.8451677985236907,0.8010434950529763,0.8432391528637313,0.80943295759035,0.7971779493608322,1985.226,4,1,0.0615860585385957,False,0.1<DOR<=0.5,,-0.012579250686250099,-0.001928645659959427
03061500,0.6680778302909594,0.7656360267553002,0.6709525205849489,0.7753006944187517,0.5930804985745133,0.6430789354597768,300.1365,0,0,0.0,False,none,,0.002874690293989568,0.009664667663451532
03066000,0.7849711055387689,0.8649118842674962,0.7813479361570237,0.8649507277710431,0.6124214870475538,0.5572485391232791,222.7851,1,0,0.0010340819347825,True,none,,-0.003623169381745228,3.8843503546881486e-05
03069500,0.8796371827632705,0.9055839278714395,0.8838403502626586,0.920368298970393,0.8701416055356284,0.913019036128878,1856.853,1,0,0.0001212888248091,False,none,,0.004203167499388094,0.014784371098953475
03070500,0.825507878490431,0.8354359725485847,0.8261031894915389,0.8374201968139254,0.8180507049271232,0.8239210313685448,517.3794,0,0,0.0,False,none,control,0.0005953110011079898,0.0019842242653407283
03075500,0.8317899400353423,0.8184547682742837,0.8321429217804243,0.8189363076192001,0.8438631946024793,0.8332696045051923,347.6025,0,0,0.0,False,none,,0.00035298174508191504,0.00048153934491645956
03180500,0.8106391338699698,0.8105611933961507,0.8159519813316515,0.8137828355300818,0.6005646767235959,0.551668188964068,345.0564,0,0,0.0,False,none,,0.005312847461681702,0.0032216421339310575
01626000,0.6296538280673494,0.6527948578168141,0.6329537954527149,0.6548938427826687,0.642603941802901,0.6939149072421501,328.6971,0,0,0.0,False,none,control,0.003299967385365532,0.002098984965854589
02011400,0.756548371224822,0.7590734825696116,0.7632219158273451,0.76022133927572,0.7518258776813856,0.7367409698584475,407.7162,0,0,0.0,False,none,control,0.006673544602523118,0.0011478567061083966
02011460,0.7960472155877744,0.6882839094710214,0.7851184788463276,0.6713716987381614,0.5619619359513235,0.2883582708700596,156.3408,3,1,0.4884517291020281,True,DOR>0.5,,-0.010928736741446787,-0.016912210732859978
02011470,0.8149923471130651,0.7708537638308097,0.8069549586753446,0.7718939919007403,0.7756584243856128,0.6772840915330877,200.4327,3,1,0.3843162562651827,True,0.1<DOR<=0.5,,-0.008037388437720505,0.0010402280699305377
02011500,0.8087192810559447,0.742604596028762,0.8051501275247142,0.7468588084406913,0.8252814158735863,0.8396354356407674,348.0309,3,1,0.2441379234103859,False,0.1<DOR<=0.5,,-0.003569153531230551,0.004254212411929248
02011800,0.19510132790845358,0.5693014064748909,0.5753065630930887,0.6615709197413264,-0.08207020638927687,0.5051171441134317,895.0734,4,2,0.5080342289019305,True,DOR>0.5,dam,0.3802052351846351,0.09226951326643551
02013000,0.8294497940772534,0.813201319860684,0.8308075689157045,0.8147568105447986,0.8279236255346423,0.82109133037201,424.7766,1,0,7.259524793493538e-05,False,none,,0.0013577748384511201,0.0015554906841146465
02013100,0.6797498810493108,0.8411606548829309,0.7777008963778391,0.8392374883825771,0.46794047183627463,0.6842442231340897,1590.756,5,2,0.3153543935392538,False,DOR>0.5,dam,0.09795101532852835,-0.0019231665003538456
02014000,0.7854474222780855,0.7058030141612813,0.7795106141962987,0.704706754602161,0.734453721808648,0.5747183077145438,396.783,0,0,0.0,False,none,control,-0.00593680808178676,-0.001096259559120294
02015700,0.7225262891730135,0.7923431983575464,0.7184724337585617,0.7895848097783891,0.7146899422646411,0.8138356547588671,285.4062,0,0,0.0,False,none,control,-0.004053855414451801,-0.0027583885791573337
02016000,0.7798323572034421,0.7854260144711864,0.7895663006651151,0.788629328910753,0.8464066254984584,0.8454265634515093,1194.551,0,0,0.0,False,none,control,0.009733943461673,0.0032033144395665625
02016500,0.8480937020549469,0.9189192776290744,0.8568038327188205,0.8819711939868191,0.780319785526704,0.800965207564915,3558.252,7,2,0.1342979696428978,False,0.1<DOR<=0.5,,0.008710130663873605,-0.036948083642255325
02017500,0.8353769969084269,0.7751659319506395,0.8343923388017105,0.7752882153489258,0.8231090696393996,0.7644424032778429,276.1497,1,0,0.001700622525782,False,none,,-0.0009846581067164406,0.00012228339828623813
02018000,0.8092361396656865,0.7838805384813747,0.7512060751451447,0.7643808118826626,0.7808430131368611,0.6906204697467703,852.3431,1,0,0.0005698492075911,False,none,,-0.058030064520541824,-0.01949972659871213
02019500,0.867885626824944,0.8481399375744232,0.8453700456252642,0.798643064115515,0.7939285601587383,0.8721673682469068,5378.53,8,2,0.0921092400659989,False,0.1<DOR<=0.5,,-0.02251558119967978,-0.049496873458908186
02021500,0.8428903111916393,0.881499339109461,0.8445047688957223,0.883911670022672,0.8441212398579405,0.8854292790019725,851.6961,1,0,0.0171907313737263,False,none,,0.0016144577040830832,0.002412330913211025
02024000,0.8576958859492214,0.8831347951737261,0.8522236079647082,0.881317234239526,0.8575185700712188,0.8725607422417907,1674.867,3,0,0.0099417640749093,True,none,,-0.0054722779845132186,-0.0018175609342000465
02025500,0.869554242492172,0.8590342029474605,0.8685527002572275,0.8477244437258327,0.7206699172980497,0.757596806742653,8443.398,18,2,0.069557971484599,True,0.1<DOR<=0.5,,-0.0010015422349444192,-0.011309759221627802
02027000,0.6282338339329808,0.6224194569092465,0.6263405186190683,0.6159004377068831,0.6392890921168366,0.6335865095906901,240.7671,0,0,0.0,False,none,control,-0.0018933153139125691,-0.006519019202363419
02053800,0.7300665363861301,0.6888460188179161,0.7330909526698359,0.6881281241542767,0.5848791122215296,0.4394395692595512,280.7226,0,0,0.0,False,none,,0.0030244162837058663,-0.0007178946636393624
02054500,0.7731856981551013,0.6554798411509087,0.744175683719451,0.6381422774242982,0.7494403175814646,0.54534580093701,661.3497,0,0,0.0,False,DOR<=0.1,control,-0.029010014435650322,-0.01733756372661055
02056000,0.7771843384577745,0.6100330214143934,0.7624886390300275,0.5987312782731158,0.8826435994861506,0.8727527587072741,1323.014,2,1,0.0590607124965978,True,DOR<=0.1,,-0.014695699427746955,-0.011301743141277631
02056900,0.77555805238245,0.7527649428842622,0.7688402099111207,0.7501570943117819,0.7477264876613108,0.7033455560488442,298.1079,0,0,0.0,False,none,,-0.006717842471329338,-0.002607848572480309
02058400,0.7645847824177509,0.6786452908806389,0.765079974681237,0.6749783109382345,0.7264953040973724,0.6343546373797719,887.8482,0,0,0.0,False,none,control,0.000495192263486155,-0.0036669799424043914
02059500,0.6482362436159419,0.49509444089735155,0.6435472873133125,0.4917041875833883,0.5372606224936285,0.27590523541999257,485.4078,0,0,0.0,False,none,control,-0.004688956302629443,-0.003390253313963254
02060500,0.7856519759349405,0.8579096527879356,0.7534438794782252,0.7703292178780967,0.5205248895968175,0.680111768776479,4617.756,5,3,1.0840975899689953,False,DOR>0.5,dam,-0.032208096456715296,-0.08758043490983891
02061500,0.6704327788271818,0.5410600029672674,0.6720517941705104,0.5413240843885618,0.6184532269966025,0.48884445989014824,815.2614,0,0,0.0,False,none,control,0.0016190153433286447,0.00026408142129441536
03170000,0.7827105365077139,0.7531294133222418,0.7704258148629158,0.7485678296923965,0.755610105783769,0.7215874215947891,794.6403,0,0,0.0,False,none,control,-0.012284721644798102,-0.004561583629845267
03171000,0.8267645884876388,0.8222481974869642,0.7727076654027314,0.799465620750318,0.677570832887227,0.755849699970095,7167.697,6,1,0.0949685727419138,False,DOR<=0.1,dam,-0.05405692308490739,-0.022782576736646187
03173000,0.8199873066732836,0.7959764350586529,0.8179555927146351,0.796606674294579,0.785094665785959,0.7586224895793756,773.3151,0,0,0.0,False,none,control,-0.002031713958648429,0.0006302392359260889
03183500,0.870294414254217,0.8775820765371842,0.8695449792244017,0.8738871639278867,0.8573192057579198,0.9077408753135294,3547.473,1,0,0.0003182679556022,False,none,,-0.0007494350298153929,-0.0036949126092975515
03186500,0.8004323813609268,0.8177135995428091,0.795042929970594,0.8132128524353732,0.7906640747114099,0.8139161942304578,329.6805,0,0,0.0,False,none,,-0.005389451390332756,-0.004500747107435865
03187500,0.7905840659451715,0.839948363735344,0.7818746462629873,0.8356707699045571,0.6144086868056284,0.5510423820988448,207.415,0,0,0.0,False,none,,-0.008709419682184194,-0.004277593830786852
02069700,0.672472375897179,0.6356489375854895,0.6783302814426557,0.6383691794894979,0.6174604578001448,0.5628439876949889,221.1336,0,0,0.0,False,none,,0.005857905545476716,0.002720241904008436
02070000,0.6583606137224784,0.7134189076415676,0.6650026259232893,0.7174283841485047,0.5660315038198643,0.5986447486711499,270.6084,0,0,0.0,False,none,,0.006642012200810843,0.004009476506937171
02071000,0.7859522262844163,0.8487986582202676,0.7861697090107732,0.8382719518524703,0.7839361685340804,0.8460159122635721,2706.758,7,5,1.2399744322882793,False,none,,0.00021748272635691013,-0.01052670636779729
02072000,-0.0008341639215088126,0.4388570594083999,0.36484352115270435,0.539889003629571,-0.08063998855925747,0.4201520569451844,557.748,2,1,0.9037526788619392,True,DOR>0.5,dam,0.36567768507421317,0.10103194422117112
02072500,0.15037870554193544,0.5523722941472315,0.44221976281707887,0.6090603340611318,-0.0031663135531974085,0.5041324954870628,670.0635,2,1,0.7542452828916762,False,DOR>0.5,dam,0.2918410572751434,0.05668803991390026
02073000,0.4990540087278187,0.6977379934903225,0.5890036599868778,0.6950193901076649,0.34618092366346886,0.5714884430927856,982.5147,3,1,0.5223154913012674,True,DOR>0.5,dam,0.08994965125905907,-0.002718603382657614
02074000,0.6839615938792862,0.8076615828433854,0.7177590628498556,0.7854396872477394,0.6018277875223762,0.7121725991214751,1408.742,6,1,0.3705070134424575,False,DOR>0.5,dam,0.033797468970569344,-0.022221895595646024
02074500,0.7032297794566376,0.6144889217678043,0.697785293445174,0.6107322144013929,0.7007687400856053,0.5706226538136925,288.531,0,0,0.0,False,none,,-0.005444486011463523,-0.003756707366411427
02094500,0.6933876920344917,0.5711659145656269,0.693288911297376,0.5331368086632673,0.7000685335532687,0.5378503949004961,340.7031,3,2,0.5697484340805994,True,DOR>0.5,dam,-9.878073711566682e-05,-0.03802910590235964
02096500,0.7636517063000938,0.7419253093987563,0.7740527071618275,0.7548194300669592,0.806827788296368,0.8218922222137469,1561.779,7,4,0.1609292781014618,False,0.1<DOR<=0.5,,0.010401000861733678,0.012894120668202835
02100500,0.7849075582548102,0.8091998660083746,0.7942158332675893,0.8114115565833775,0.7342826220509395,0.7383343947660703,920.5353,10,3,0.5115848829416492,True,0.1<DOR<=0.5,,0.009308275012779088,0.0022116905750029225
02112250,0.7521174916826274,0.809988465593791,0.7657243848986899,0.7522437851009324,0.6566787088382451,0.780830839986857,2245.214,2,1,0.0504473340997123,False,0.1<DOR<=0.5,dam,0.013606893216062454,-0.057744680492858635
02112360,0.7140218305801748,0.8016160043473032,0.7140056842816138,0.7997907501225003,0.616222087750111,0.68966241996815,205.2963,0,0,0.0,False,none,,-1.6146298560948402e-05,-0.0018252542248028414
02113850,0.7871578655971101,0.7923742105216386,0.7963358295374999,0.7946169372134045,0.7425017190394818,0.7459042798406676,596.7874,1,0,0.0033403087475504,False,none,,0.009177963940389833,0.0022427266917659505
02114450,0.6045265255155847,0.5961132827187894,0.6094559256767593,0.5967278906378236,0.4595950325584778,0.21798086904477054,110.8422,0,0,0.0,False,none,,0.004929400161174602,0.0006146079190342268
02115360,0.8192322110810224,0.7957774831679728,0.8117378314550967,0.7618251787710263,0.7385670372325147,0.8051479145292303,4389.884,3,1,0.0283056842857822,False,0.1<DOR<=0.5,,-0.007494379625925696,-0.03395230439694652
02118000,0.7683487151615345,0.675326439646651,0.7661757628335619,0.6757173421239169,0.6975852276383243,0.6280348466407638,789.8688,0,0,0.0,False,none,control,-0.002172952327972544,0.00039090247726591976
02118500,0.6525536729950441,0.5723461471132216,0.5837530918029706,0.5436051649589979,0.3771874135329195,0.16571622068290626,400.527,0,0,0.0,False,none,control,-0.06880058119207344,-0.028740982154223715
02120780,0.5874331057885955,0.7613324265048808,0.6095149280717522,0.7831154442616085,0.3940108242187086,0.40889010285091376,304.9038,0,0,0.0,False,none,,0.022081822283156693,0.02178301775672775
02121500,0.7353981789758751,0.7575193163820346,0.7273753163815609,0.7503117761215425,0.7764464775068379,0.8154204416146581,454.2399,1,1,0.0697542717417986,False,DOR<=0.1,,-0.008022862594314173,-0.007207540260492085
03168000,0.8383355406822978,0.7771610476681639,0.8370751774030233,0.77624539257737,0.7437833683903481,0.7477166169806251,5728.39,4,0,0.0015246661436175,False,none,,-0.001260363279274479,-0.0009156550907938321
02125000,0.6427550862054691,0.5748827795534348,0.6364233074381656,0.5718079955893083,0.6374823873311071,0.2779279136105086,144.5499,0,0,0.0,False,none,,-0.006331778767303509,-0.003074783964126526
02128000,0.5670164343018347,0.5864111508745653,0.5699692202011325,0.5868552853901576,0.5976316572656514,0.6484524627800076,273.4758,0,0,0.0,False,none,,0.002952785899297816,0.0004441345155923315
02129000,0.8284320793761744,0.8344377997729877,0.7901094875480006,0.771646320175934,0.4982511047555833,0.7333429849073586,17821.98,29,8,0.1616496535856818,False,0.1<DOR<=0.5,dam,-0.03832259182817377,-0.06279147959705367
02130900,0.7667068920669499,0.7634445910757933,0.7684016949113974,0.766624309454637,0.43298249669419253,0.49672921729909436,295.3566,3,1,0.1269756927074683,False,none,,0.0016948028444475627,0.0031797183788436767
02130910,0.7075385017988409,0.6931840713849019,0.7068287002747768,0.6922779284965266,0.6200158088332962,0.7251992091476049,430.5551,5,2,0.3618459101883855,True,0.1<DOR<=0.5,,-0.0007098015240640798,-0.0009061428883753164
02146507,0.5719681895804234,0.3716126571588473,0.5676311439904853,0.3629350209022162,0.6651413332449219,0.6090736700139233,111.1383,0,0,0.0,False,none,,-0.004337045589938082,-0.008677636256631094
02146600,0.624878701225758,0.6194971049023725,0.6175502542377395,0.6130981780986219,0.6054173740463134,0.5341203092198712,100.2357,0,0,0.0,False,none,,-0.007328446988018489,-0.006398926803750649
02146750,0.6518967455751348,0.563864487125435,0.6415632507349455,0.5543372431180777,0.7137540313776969,0.7262616389036356,238.3524,0,0,0.0,False,none,,-0.010333494840189306,-0.009527244007357272
02147500,0.6891030080297025,0.6552612486333138,0.6853081717809208,0.6633750724517053,0.539850883426385,0.4762282123284811,514.2348,0,0,0.0,False,none,,-0.00379483624878163,0.008113823818391541
02136000,0.6781547908833836,0.4783774921532943,0.6752641007338714,0.47854780756223136,0.5986758708761752,0.465668434893018,3211.417,4,0,0.0058014801689224,False,none,,-0.002890690149512154,0.00017031540893708286
02161000,0.853527492787258,0.8041634147633245,0.8563610125431678,0.8031290514718519,0.6092215172827398,0.7196112118230582,12362.8,49,10,0.1921505291495957,False,0.1<DOR<=0.5,dam,0.0028335197559097303,-0.001034363291472662
02168504,0.4152027466502639,0.5620742814726734,0.4579703398876158,0.5435798721791658,0.17649954128476542,0.4961140827109043,6274.564,20,4,1.8292267319567928,True,DOR>0.5,,0.04276759323735191,-0.01849440929350754
02169000,0.4662015365002916,0.6028098752502722,0.5039524824595939,0.5805616991145092,0.23877868564821814,0.5446142658338058,6498.896,21,4,1.7188682092789156,False,DOR>0.5,dam,0.037750945959302284,-0.02224817613576302
02169500,0.8459931577911501,0.7766058606016569,0.844240101559545,0.7676214787647382,0.4619362222553782,0.648749942698488,20246.63,74,14,0.6388882099879105,False,DOR>0.5,dam,-0.0017530562316051546,-0.008984381836918742
02169570,0.7287063345331994,0.7164122918085868,0.7289226528969572,0.713179449611536,0.4905106707502488,0.42018693046610633,154.4674,4,0,0.053263351130853,True,none,,0.00021631836375779478,-0.003232842197050778
02173000,0.4200543483485466,0.6298050025778499,0.389685505597147,0.6205845594038747,0.2095624784079131,0.5545604445743885,1898.536,5,0,0.0072971786836466,False,none,,-0.030368842751399616,-0.00922044317397519
02173500,0.5375031365062553,0.7151185948893091,0.5170885148968283,0.7097618539921633,0.30696904760681576,0.6132188279268698,1789.81,6,0,0.0148244242926611,False,none,,-0.020414621609426975,-0.005356740897145773
02175000,0.7708938089209479,0.6761896716002611,0.7609576905695743,0.6751198220855836,0.6849604826655038,0.6545389282850518,7077.072,12,0,0.006852335961176,False,none,,-0.009936118351373646,-0.001069849514677479
02175500,0.12206626804247689,0.31480613015622116,0.10458687470088146,0.31331323855254656,-0.055878532989864116,0.28230343561716653,864.1449,3,0,0.0078100056104863,False,none,,-0.01747939334159543,-0.0014928916036746065
02176500,0.6384215342513928,0.3120811542492016,0.6301984524904765,0.31019642276713644,0.6064379176072152,0.2980300231201364,518.1057,2,0,0.0466749034841891,False,none,,-0.008223081760916351,-0.0018847314820651384
02202500,0.6287239921435,0.7196763662742476,0.5891051069664892,0.7075952710439627,0.40639452414113764,0.6227614516385316,6887.55,20,0,0.0064601761495771,False,none,,-0.03961888517701084,-0.012081095230284888
02228000,0.6771552522958495,0.7151709930666601,0.6155533579566614,0.6929977607030796,0.4280033993379577,0.6194436165447337,7385.054,12,0,0.0008581969283369,False,none,,-0.06160189433918806,-0.022173232363580486
02245500,0.6804898941031354,0.8163692439129293,0.6952870291664425,0.8246624772921427,0.4412157692132749,0.4927220694899731,348.4345,0,0,0.0,False,none,,0.014797135063307043,0.008293233379213394
02246000,0.8688371524231127,0.909577176066328,0.8692020425522241,0.910928344432359,0.6944368772109559,0.604893526974096,451.0611,0,0,0.0,False,none,control,0.00036489012911145036,0.001351168366030997
02231600,0.41633789234711127,0.6949855253784434,0.4110387156080628,0.692925448827789,0.3106208425185748,0.6464029373623972,641.2878,0,0,0.0,False,none,control,-0.00529917673904845,-0.0020600765506544327
02233200,0.45042932313959394,0.6611561160374616,0.4484248695290025,0.6620387387382058,0.43127191202587356,0.64775651228794,68.69255,0,0,0.0,False,none,,-0.002004453610591428,0.00088262270074424
02233500,0.8141232897341529,0.8618522498418575,0.808365665856664,0.8602267705899814,0.74848662390931,0.8518069281269683,678.168,1,0,0.0004969231298555,False,none,,-0.005757623877488904,-0.0016254792518760608
02234990,-3.192563003880709,-1.7035006590309125,-3.1925388794502156,-1.7033928842364987,-3.2540047843516327,-1.7127377307299683,110.3107,0,0,0.0,False,none,,2.4124430493266402e-05,0.00010777479441381743
02235000,-0.06139463465675199,0.443876134383847,-0.06741419243987479,0.4419347505894957,-0.17360938744842036,0.39838523131720105,449.0403,0,0,0.0,False,none,control,-0.0060195577831227975,-0.0019413837943512702
02262900,0.7491164060339461,0.6791797559738078,0.7489524046484674,0.6789507887671737,0.7517244104593946,0.68448761891135,216.8874,0,0,0.0,False,none,,-0.00016400138547878473,-0.00022896720663401204
02263800,0.7797769272564904,0.8067841001009947,0.777186535620293,0.8073872695389919,0.7741333146758917,0.8096852868695019,274.7514,0,0,0.0,False,none,,-0.0025903916361973423,0.0006031694379972086
02266300,0.7135163424054318,0.7635354737930518,0.7119291098918368,0.7634324399652916,0.6975065904981628,0.8035024953897407,257.8464,0,0,0.0,False,none,,-0.0015872325135950494,-0.00010303382776011283
02267000,-0.2113825428299454,0.39478791487555764,-0.2253882285560116,0.3900046901859726,-1.8523744055794755,-0.18799031951033363,168.6222,0,0,0.0,False,none,,-0.014005685726066197,-0.0047832246895850306
02294491,0.4526939253501885,0.6232471419131418,0.49689700427213324,0.6344260082359887,0.40884743299718496,0.6052483418533715,381.3912,4,2,1.5292592782469057,True,DOR>0.5,dam,0.04420307892194475,0.011178866322846925
02294650,0.5656812232130353,0.7371400012033951,0.6128336296263434,0.7506912832165397,0.517468552710741,0.718232697279716,1031.036,13,8,1.6522326025734209,True,DOR>0.5,dam,0.04715240641330809,0.013551282013144594
02294898,0.5601245273310227,0.7711184037042975,0.5912807578521858,0.7819473125549449,0.5094284765831774,0.7457522228314242,1246.396,25,9,1.6334799728211715,True,DOR>0.5,,0.03115623052116312,0.010828908850647356
02301300,0.5452631229045607,0.673405780720107,0.5460029920659266,0.6728229831213673,0.5261787211662274,0.6649322377715507,281.3526,5,2,0.5464376300902202,False,0.1<DOR<=0.5,,0.0007398691613659247,-0.0005827975987396927
02301500,0.7186143661940652,0.7819988259561086,0.7198149868544128,0.7826420688151589,0.6609149965181054,0.7443354656995025,868.2588,14,4,0.3118272206488948,False,0.1<DOR<=0.5,,0.001200620660347651,0.0006432428590502637
02301990,0.4065831442038774,0.08141885646726654,0.4056684103165602,0.08110410657287337,0.40821065028680037,0.08234037611308986,238.9185,0,0,0.0,False,none,,-0.0009147338873172206,-0.0003147498943931737
02302500,0.5818684270475477,0.39011950607267876,0.5797801532527531,0.38887938637982566,0.6208327333916313,0.418846863589742,242.9253,0,0,0.0,False,none,,-0.002088273794794593,-0.0012401196928530922
02303330,0.7819521449038147,0.8856909090886673,0.7793718317915098,0.8844342298391958,0.7410523828227245,0.8637396785722051,985.014,1,0,0.0219784760967003,False,none,,-0.0025803131123048884,-0.0012566792494714818
02303800,0.8195180373177486,0.8828259823203357,0.8181211886605138,0.8817678524610978,0.8013134696701822,0.8597140607953284,407.8359,0,0,0.0,False,none,,-0.0013968486572348837,-0.0010581298592379218
02312720,0.5819108553273523,0.5501772828707602,0.5810839443347631,0.5503590719396918,0.5704927015659016,0.5493414169300489,3981.51,5,0,0.0314267956342494,True,DOR<=0.1,,-0.000826910992589247,0.00018178906893162594
02270500,0.7493214697216507,0.8530437474715847,0.7483580158529197,0.852884943418704,0.7393399474563513,0.8518355476729795,982.2276,0,0,0.0,False,none,control,-0.000963453868730979,-0.0001588040528807122
02295637,0.67217987508457,0.7693932538621319,0.7025016464740896,0.7843238720064524,0.5656002066646317,0.7166069623783213,2280.138,45,16,1.0276838812262574,False,0.1<DOR<=0.5,,0.030321771389519636,0.014930618144320507
02296750,0.603456835310921,0.7617966376841487,0.6059990128201138,0.7635447037942824,0.44973183097148595,0.697896183235386,3435.95,45,16,0.5568745196038729,False,0.1<DOR<=0.5,,0.0025421775091928334,0.0017480661101336725
02297100,0.5891118351745029,0.7572601448714971,0.5862323208780893,0.7566825384692508,0.5529429595173259,0.7371141900021574,350.4303,0,0,0.0,False,none,,-0.0028795142964136433,-0.0005776064022462446
02298608,0.7465339929099729,0.8048463205759355,0.7463026498345615,0.8066981541909775,0.6635965383298894,0.715712395139322,312.3423,0,0,0.0,False,none,,-0.00023134307541139432,0.0018518336150419312
02298830,0.4859758632867811,0.7190222346277977,0.4825776624012864,0.7153038045294478,0.23850343409148644,0.6201453764984062,588.573,0,0,0.0,False,none,control,-0.0033982008854946955,-0.003718430098349934
02299950,0.7121159317979296,0.6554725195548867,0.710143177530322,0.6552373684715993,0.7183144804052239,0.6588981712922977,174.2715,0,0,0.0,False,none,,-0.0019727542676076792,-0.00023515108328742151
02300500,0.731650934447563,0.7241863316211461,0.7286466670110747,0.7205394854629893,0.6383585356652384,0.620429544664457,405.2592,1,1,0.1858872633725782,False,0.1<DOR<=0.5,,-0.003004267436488295,-0.0036468461581568024
04263000,0.7904982140972294,0.8844065070889886,0.7976544490238281,0.887039573953336,0.7774209015644699,0.8761507737098659,2548.609,16,1,0.0431119155842528,False,DOR<=0.1,,0.00715623492659867,0.0026330668643473887
04262500,0.6861630919932225,0.7643484780250575,0.6872374630919876,0.7638096453471062,0.6708130512503903,0.7473642593509293,667.8441,2,0,0.0007264133830051,True,none,,0.0010743710987651811,-0.0005388326779512953
01509000,0.8201425584275766,0.8857584756096992,0.8211213396895082,0.8857857748556117,0.8075859498152601,0.8921309666915301,759.843,1,0,0.001333504131162,False,none,,0.0009787812619316272,2.729924591249322e-05
01510000,0.8255364602424465,0.8282230773039437,0.829227598543878,0.8297667489707335,0.8371266456592257,0.8757848020372451,382.986,0,0,0.0,False,none,control,0.003691138301431418,0.0015436716667898143
01523500,0.5016560561495442,0.7056587618182406,0.5046866557210072,0.706975453755082,0.5090578773438845,0.7240752018942211,151.6824,1,0,0.0164041251455299,True,none,,0.0030305995714630107,0.0013166919368413632
01524500,0.7062643261922488,0.8295897988435441,0.7137349223239324,0.832749633088901,0.7142570105892536,0.8242644979418559,407.664,4,1,0.1019563019498548,False,none,,0.00747059613168366,0.0031598342453569295
01526500,0.7557495418902467,0.7981954627165551,0.8088820793977493,0.8318311293523447,0.6700616822111176,0.6980342427807428,3557.479,7,4,0.0561484937517229,False,0.1<DOR<=0.5,,0.053132537507502575,0.03363566663578965
01531000,0.8682146136550196,0.8908322802967659,0.8727684074351157,0.8913908113648092,0.7829189433352344,0.8245461822739464,6508.148,8,4,0.0298267814483976,False,0.1<DOR<=0.5,,0.004553793780096127,0.0005585310680433775
04229500,0.74039085465305,0.6506592149979402,0.7401144116176486,0.6507127869615181,0.6885317463622738,0.5527420855763238,502.4898,2,1,0.2659532590024344,False,0.1<DOR<=0.5,,-0.0002764430354014191,5.357196357791416e-05
04232482,0.5113020742363796,0.5941483291008541,0.513208733574047,0.5956521485763064,0.40782038392164655,0.5606946303339524,532.5489,2,1,0.6095386018872846,True,DOR>0.5,dam,0.0019066593376673158,0.001503819475452306
04233000,0.7419005731961504,0.7240274764253074,0.7393368301162017,0.722744628946981,0.7700570244182243,0.8327720827223721,91.8999,0,0,0.0,False,none,,-0.002563743079948777,-0.0012828474783264099
04234000,0.8595812917348769,0.907950139265957,0.8604962951937647,0.9084457151992412,0.8466950520803552,0.8925734044219827,320.6385,3,0,0.0301918142664894,True,none,,0.000915003458887842,0.000495575933284198
04239000,0.6788546138335181,0.686790368828151,0.69808769232542,0.7153335247645108,0.6579833317293168,0.6658070413134846,245.6235,1,1,0.4710104984780751,True,none,dam,0.019233078491901923,0.02854315593635981
04240010,0.7813916518730873,0.8579264075742704,0.7818862132220449,0.8779529827087633,0.7625295872118569,0.8377629865641647,331.6887,1,1,0.3660817668827337,True,none,dam,0.000494561348957534,0.020026575134492908
04240180,0.6141638606828816,0.7326863993572243,0.6185032882406554,0.7339240116282513,0.5235426439798181,0.6400127025628777,116.928,1,1,0.776111513000659,True,DOR>0.5,dam,0.004339427557773723,0.0012376122710269222
04240300,0.7360443511699426,0.8381694551037185,0.7381670564302657,0.839082048830807,0.6958698946288131,0.774106412040783,289.476,1,1,0.2210333478504365,False,0.1<DOR<=0.5,dam,0.002122705260323099,0.0009125937270884066
01516350,0.6725352498188113,0.6497778358446287,0.6722175992706632,0.6511812617224715,0.6578396583806162,0.6356998853854056,395.1621,0,0,0.0,False,none,control,-0.00031765054814814064,0.0014034258778428121
01518000,0.558433514375198,0.7266088523747021,0.6436749871876462,0.7311547966753132,0.5263388544680934,0.7312064025729146,724.5027,1,1,0.0292994853406407,True,0.1<DOR<=0.5,dam,0.0852414728124482,0.004545944300611171
01518700,0.56449916889095,0.722693603532861,0.6464682841090919,0.7351131096925987,0.5019327731689471,0.6622989095887597,1142.424,2,2,0.0467857685578575,False,DOR>0.5,dam,0.08196911521814187,0.012419506159737637
01518862,0.7478748404826858,0.7553311852108595,0.7405625758175349,0.7509793520076703,0.764804106760641,0.7615301795756884,233.9109,0,0,0.0,False,none,control,-0.007312264665150892,-0.004351833203189215
01520000,0.47543570229431076,0.6965517427543209,0.6148566995925936,0.701552974920568,0.42659721865544287,0.6979526135360717,776.2662,1,1,0.1237886827389487,True,none,dam,0.13942099729828283,0.005001232166247149
01532000,0.6867702073066283,0.7368463759119552,0.6885014468862167,0.7378811787460935,0.6773414014331021,0.7700264249527988,553.941,0,0,0.0,False,none,control,0.0017312395795884283,0.0010348028341382598
01539000,0.8275335673222269,0.8653422382802939,0.8297544843672207,0.8633671649071603,0.8202530385972799,0.8243836770092356,701.7795,0,0,0.0,False,none,control,0.00222091704499372,-0.001975073373133629
01544500,0.7562843255190964,0.8098592351878681,0.7393185338188493,0.8010869799506728,0.7204706684599766,0.72880210447386,355.0644,0,0,0.0,False,none,control,-0.016965791700247146,-0.00877225523719527
01545000,0.6945153421506558,0.8241175445544524,0.6921704829175814,0.8224864679965913,0.6335966775026931,0.7656814766911116,604.3059,1,0,0.0068816774858628,True,none,,-0.00234485923307437,-0.0016310765578610997
01545500,0.9095634717359025,0.9477002091508177,0.9101972259738785,0.9435186980735099,0.8411844372000647,0.901798148154372,7709.963,8,2,0.0117639040938796,False,DOR<=0.1,,0.0006337542379760697,-0.004181511077307798
01545600,0.7276650245234413,0.8039041863168199,0.7162664955419953,0.8009396647522993,0.7146786798421663,0.7471516067965278,119.9975,0,0,0.0,False,none,,-0.011398528981445999,-0.00296452156452065
01546400,0.7620403818958349,0.7804377911772015,0.7624375074315564,0.7805795615808336,0.768840648189868,0.7932522602979392,156.6918,0,0,0.0,False,none,,0.00039712553572146536,0.00014177040363216875
01546500,0.7458248823035512,0.8350621626952947,0.7452571374703243,0.83429622823834,0.7517840952562572,0.8428154327787027,223.6851,0,0,0.0,False,none,control,-0.0005677448332268575,-0.0007659344569546089
01547100,0.7835628991322863,0.86100347561786,0.7825990248856394,0.8600348303193637,0.7960670774008461,0.8732496798266449,377.3214,0,0,0.0,False,none,control,-0.0009638742466469008,-0.0009686452984962735
01547200,0.8336435456358734,0.8498546296967076,0.8319760661305824,0.8473157401120304,0.8240878747473629,0.8316424095963572,694.2744,0,0,0.0,False,none,control,-0.001667479505291003,-0.002538889584677184
01547500,0.24870822859255148,0.5596010108422442,0.5182430580801753,0.6250940134281406,0.1762844759629314,0.5521527318211401,878.1579,1,1,0.0815905972552471,True,DOR>0.5,dam,0.26953482948762386,0.06549300258589641
01547700,0.7654238339536579,0.7181766358386996,0.7595267264113996,0.7149830773407821,0.7899824606881393,0.7647992129587678,113.5386,0,0,0.0,False,none,,-0.005897107542258251,-0.0031935584979174703
01547950,0.8487303757868245,0.919020106028962,0.8492350832741117,0.9192194438113341,0.7918024868481827,0.7743221729288197,395.0667,0,0,0.0,False,none,control,0.0005047074872871482,0.00019933778237213318
01548500,0.8071145221681341,0.7354729142360781,0.8083759525907801,0.7303543227047959,0.7758067500079309,0.6728588715184354,1557.047,1,0,0.0007520938593389,False,none,,0.001261430422646037,-0.005118591531282135
01549700,0.7872298907538909,0.7064698547342338,0.798203306214809,0.7051685545933641,0.7351318933961524,0.6208146967571166,2452.373,2,0,0.0016097758633652,False,none,,0.010973415460918012,-0.00130130014086971
01550000,0.7631936215755378,0.8058772864369509,0.7552784341908728,0.8016848742201623,0.7426251679313294,0.7564086202847603,452.6757,1,0,0.0003786556281158,False,none,,-0.007915187384665012,-0.004192412216788566
01551500,0.9053718796196557,0.911914117925707,0.8970402174598455,0.9052639809049476,0.7529654477409103,0.8417800558572316,14703.78,14,3,0.011828916344602,True,DOR<=0.1,,-0.008331662159810183,-0.006650137020759339
01552000,0.8330377389331395,0.8074294855676861,0.833143518627342,0.8022099750129165,0.7950566251211678,0.7324107923660933,1129.486,0,0,0.0,False,none,control,0.00010577969420255684,-0.005219510554769657
01553500,0.9038074040073882,0.8901532607174103,0.8863591034587438,0.8868917259163659,0.6511549140749375,0.767737985976251,17703.4,14,3,0.0100466717620981,False,DOR<=0.1,,-0.017448300548644435,-0.003261534801044408
01555000,0.804071043865119,0.8823380121378611,0.7824669110354984,0.8720115466516889,0.7187880498147128,0.6398764880180505,792.6156,0,0,0.0,False,none,control,-0.021604132829620593,-0.01032646548617222
01555500,0.7475348007842739,0.8129485251136646,0.7061063321296432,0.8047386273008609,0.7397405766350208,0.7762047966539147,421.7076,0,0,0.0,False,none,control,-0.04142846865463068,-0.00820989781280368
01556000,0.8692910838947329,0.932523546376428,0.8713559782095377,0.9324969414636921,0.8704433918525438,0.9147897742567302,749.619,4,0,0.0178647422931149,False,none,,0.0020648943148048327,-2.660491273587251e-05
01558000,0.8569454975803847,0.8546065196847934,0.8607540797789981,0.8559089882449085,0.8769003296992454,0.9139371966956547,572.5287,1,0,0.0038529543424429,False,none,,0.003808582198613353,0.0013024685601150665
01559000,0.8886885280532006,0.9386487556194077,0.8907183102074588,0.9399184434320209,0.8777823920945972,0.8902834288391227,2111.3,6,0,0.0082577490937092,True,none,,0.0020297821542581973,0.0012696878126131628
01562000,0.8761574942637832,0.8424467337460484,0.8607768373512056,0.8258429054722725,0.8680126875751641,0.929566559148,1944.004,2,0,0.0055498475421009,False,none,,-0.015380656912577617,-0.016603828273775934
01563200,0.6235263020103353,0.769814687168336,0.5661478778982858,0.6029307613269551,0.4768770193566343,0.740505701631103,2485.088,3,1,0.6068357033244853,True,DOR>0.5,dam,-0.05737842411204952,-0.1668839258413809
01563500,0.8455922322354394,0.9119760494633748,0.8345643614561669,0.812326282571484,0.7887062973020363,0.8560359405197394,5261.855,10,1,0.2696125801097618,False,0.1<DOR<=0.5,dam,-0.011027870779272586,-0.09964976689189087
01564500,0.703243390633969,0.6366162349128839,0.6422073938996404,0.5966419884071317,0.7374933847891268,0.6724263677839395,445.5612,0,0,0.0,False,none,control,-0.06103599673432858,-0.03997424650575221
01567000,0.8861007236612658,0.9430869396816863,0.8789176540141996,0.889514016132832,0.6953688585113582,0.8195348358849763,8657.286,12,1,0.1655275249558266,False,0.1<DOR<=0.5,,-0.007183069647066165,-0.053572923548854345
01568000,0.7778072923497809,0.8099357438646533,0.7769421332756964,0.8089246578521841,0.7799381129155286,0.8045919035235235,534.3948,0,0,0.0,False,none,control,-0.000865159074084465,-0.0010110860124691312
01570000,0.8406476767728457,0.8917546746759379,0.8325567119305641,0.8911814567262017,0.8473700725566835,0.8696324860838386,1206.586,3,0,0.0030935797326916,False,none,,-0.008090964842281556,-0.0005732179497361933
01571500,0.7745828556716035,0.7999720443461252,0.7840384835390718,0.8009455085541635,0.7830395763331086,0.7918685626457542,557.7318,0,0,0.0,False,none,control,0.009455627867468341,0.0009734642080382327
01573000,0.812583738624655,0.8079525884045379,0.8118166471274534,0.803421100186709,0.8176295930545233,0.8363178450119635,871.6752,3,0,0.0146721616903676,False,none,,-0.0007670914972016663,-0.004531488217828894
01573560,0.786982009287714,0.8519866588150475,0.7893080319527348,0.8514941473896744,0.7599122679395586,0.8347100842338491,1250.56,4,0,0.0117191586815561,True,none,,0.0023260226650207994,-0.0004925114253730989
01574000,0.8154687931877345,0.8665704467171439,0.7999237289649683,0.8548377572591992,0.8294102566959586,0.8658296710807775,1326.206,3,0,0.0134536302673994,False,none,,-0.015545064222766136,-0.0117326894579447
01574500,0.6289664428113846,0.7275867935965283,0.6093176980717598,0.7136740063807041,0.4272699476169348,0.5596549875079532,195.84,3,2,1.4970416086038372,True,DOR>0.5,dam,-0.019648744739624746,-0.01391278721582423
01586000,0.5679994767437428,0.6757599203273312,0.5686876143930322,0.6754522702814674,0.3057306650903354,0.41492732936276777,144.5121,0,0,0.0,False,none,,0.0006881376492893221,-0.0003076500458638609
01610000,0.8556874320132316,0.917693091614582,0.795061144762576,0.8770698384005737,0.7984745877918983,0.8183970492665884,8066.72,16,3,0.0698752074291096,False,DOR<=0.1,,-0.06062628725065555,-0.04062325321400828
01613000,0.8580310711300156,0.8803015844848799,0.7793122932784747,0.8552193852179896,0.7334659006535018,0.7618876964961868,10556.82,18,3,0.0597825625104487,False,DOR<=0.1,,-0.07871877785154091,-0.02508219926689037
01614500,0.7699868973535894,0.8208581800475777,0.7691645537857525,0.8151827274915183,0.8074214693661214,0.8635090901213133,1309.48,1,0,0.0004054935372957,False,none,,-0.0008223435678368363,-0.0056754525560593905
01616500,0.7881141998487905,0.875253816054009,0.7875636565737825,0.8743341483667012,0.7794579606321053,0.8807180851538011,706.3537,0,0,0.0,False,none,control,-0.0005505432750080308,-0.0009196676873077791
01619500,0.7634576275872167,0.7679228400505387,0.7507539384052258,0.7578219570681857,0.7791788954491261,0.7931148192106402,728.4222,1,0,0.0002142562829307,False,none,,-0.01270368918199094,-0.01010088298235301
01637500,0.6874692622008503,0.7305056248869357,0.6845043617384063,0.7281794589135044,0.6958218924990032,0.7588533621045488,174.2859,0,0,0.0,False,none,control,-0.002964900462443909,-0.002326165973431271
01639000,0.7355626724569064,0.7801991094729296,0.7344235119838947,0.781151755128768,0.7122062644266354,0.7117052895495086,448.6043,0,0,0.0,False,none,control,-0.0011391604730117688,0.0009526456558384133
01639500,0.6398206709059105,0.695952153268488,0.6313287720694435,0.6903987351498901,0.6187727271442065,0.6902436446974729,267.1785,0,0,0.0,False,none,control,-0.00849189883646706,-0.005553418118597886
01643000,0.7842231965120029,0.8161105152406785,0.7991192446136814,0.821275330347507,0.7895545875116317,0.8036894331555215,2112.451,1,0,0.003840361773704,False,none,,0.01489604810167855,0.005164815106828535
01591610,-0.08248152904458617,0.4530413781953483,-0.07247031572422102,0.45756451600977366,-0.18637340289303794,0.43484705135120194,205.335,1,1,0.2818729537376809,True,0.1<DOR<=0.5,dam,0.010011213320365142,0.004523137814425371
01592500,0.12792906909622626,0.2683122343864841,-0.024146191313414,0.19536543118972027,-0.48884627251054225,-0.059862728390230435,344.178,2,2,0.6038591673661992,True,DOR>0.5,dam,-0.15207526040964026,-0.07294680319676383
01594000,0.6664773107504555,0.7328731860742029,0.666953018393807,0.7329020454873053,0.6687119063204311,0.7580950915809067,254.3679,2,0,0.0020724795510562,True,none,,0.0004757076433515861,2.885941310237783e-05
01628500,0.7778692649290789,0.7428468712835804,0.7758196312747615,0.7399188488683124,0.8026049885574744,0.8105802995213512,2792.926,8,0,0.0124459369765325,False,none,,-0.0020496336543174287,-0.0029280224152680168
01629500,0.7340685975510455,0.6805378714503336,0.7191971234989192,0.6702688588039807,0.798775690603583,0.7798307046851125,3551.746,10,0,0.0103684812983646,False,none,,-0.014871474052126299,-0.010269012646352937
01631000,0.7354540659516364,0.7401062331696844,0.715238127943377,0.7241932866222032,0.7253627683453396,0.7920878103527615,4230.537,11,0,0.0101974634946996,False,none,,-0.020215938008259382,-0.01591294654748121
01632900,0.6894808479240827,0.6950486053015924,0.6910455981604686,0.6941612028684522,0.698156927120463,0.6942910729531709,245.0484,0,0,0.0,False,none,control,0.0015647502363859145,-0.0008874024331402275
01633000,0.7758082866508056,0.7250591628921517,0.7537634936699806,0.7044681575936985,0.7692640178098893,0.7228475567086635,1319.035,1,0,0.0008216516130606,False,none,,-0.022044792980824957,-0.020591005298453147
01634000,0.5966874964896174,0.599812228363357,0.5103013510286126,0.5342722022157604,0.6253441001698611,0.7459925283835759,1995.23,5,0,0.0017948049320963,False,none,,-0.08638614546100476,-0.06554002614759658
01634500,0.6714243294739546,0.7712763347432915,0.6869022298356908,0.7767469300680576,0.322239198507107,0.12608123718338826,263.9817,0,0,0.0,False,none,control,0.015477900361736241,0.005470595324766125
01636500,0.8158052358924317,0.7804564785013504,0.778011583231037,0.7514109281176746,0.6152444713826338,0.7835639846579989,7872.947,18,0,0.006992772356198,True,none,,-0.03779365266139467,-0.029045550383675733
01638480,0.5881520484827029,0.6178440579849653,0.5802464807352062,0.6145125547316195,0.6214547187193249,0.6584172223786295,231.9951,1,0,0.0014697963067923,False,none,,-0.007905567747496622,-0.0033315032533458577
01638500,0.899342092735188,0.8941516927130425,0.8585484788379506,0.853238324432711,0.5935803628041525,0.7764174382379616,25001.5,42,3,0.0301214360847583,False,DOR<=0.1,,-0.040793613897237346,-0.04091336828033154
01643500,0.614009364088234,0.6448966914586336,0.6170434266136923,0.6461889023965719,0.6743925155859484,0.7075032230461828,163.8468,0,0,0.0,False,none,,0.0030340625254582365,0.0012922109379382984
01644000,0.7282432252416065,0.7163793441179789,0.7295227768257155,0.7231619272044093,0.7370572080226931,0.7299864530693199,859.1698,1,0,0.0024577611706375,True,none,,0.0012795515841090843,0.006782583086430427
01645000,0.5762186729682757,0.7791391840340813,0.6110919363359724,0.7941368443466821,0.5913280351259578,0.7998510617119998,262.4328,1,1,0.129604639840293,False,0.1<DOR<=0.5,,0.034873263367696694,0.014997660312600747
01646500,0.8987147327017435,0.8367656938372525,0.8727394219652721,0.8047317746861737,0.5644630897054267,0.7542505687417612,29952.08,48,4,0.0269177266733548,True,DOR<=0.1,,-0.025975310736471413,-0.03203391915107878
01646502,0.8992395748666745,0.8435639425312553,0.872664880198257,0.8079348512613661,0.5674505963871057,0.7729216996174281,29952.08,48,4,0.0255845016042719,True,DOR<=0.1,,-0.026574694668417442,-0.035629091269889224
01648000,0.7440732604441671,0.8360918392345902,0.7464536544785978,0.8323358662507043,0.226011675922124,0.19200726656575895,136.8279,2,0,0.0275615929972696,False,none,,0.0023803940344306884,-0.003755972983885858
01649500,0.7071802469816053,0.7614686608736091,0.7157596732752454,0.7667424141268048,0.7652131144464343,0.804886555808569,188.0622,0,0,0.0,False,none,,0.008579426293640058,0.005273753253195679
01651000,0.7232398478430833,0.6479337171173762,0.7262588763034068,0.6497642045926042,0.8181936228970693,0.6673537634549686,127.8054,1,0,0.0008885295458331,False,none,,0.0030190284603235362,0.0018304874752279598
01653000,0.641746857474254,0.7018659506975047,0.6508887505652866,0.7156813497759525,0.23107736353718455,0.04267584747941644,87.3063,1,0,0.0823167270933034,False,none,,0.009141893091032638,0.013815399078447865
01656000,0.7107795510285877,0.6943992974176743,0.6991071329751517,0.6874622991656371,0.6948905578172553,0.570614347875992,241.2711,1,0,0.0295067648449332,False,none,,-0.011672418053435996,-0.0069369982520371964
01664000,0.7203566010824107,0.7828868071225478,0.7222775390552382,0.7855989049567834,0.6663954514131629,0.7404630644790475,1605.101,1,0,6.66814552519742e-05,False,none,,0.0019209379728274412,0.0027120978342356494
01666500,0.7620016867206741,0.6949503960738259,0.7644978843469182,0.6971253452786732,0.7725179559279394,0.7060632649202504,463.1463,0,0,0.0,False,none,control,0.00249619762624409,0.0021749492048472874
01667500,0.776786197892253,0.7187371717834949,0.7772372593218815,0.7203675494671229,0.7683379168168436,0.7330793371214105,1209.747,0,0,0.0,False,none,control,0.0004510614296284743,0.0016303776836279482
01668000,0.7955588919860087,0.7720083953998681,0.8013929441925234,0.7738965967197226,0.6949006786235187,0.7276027108570602,4135.021,4,1,0.0133506940911079,False,DOR<=0.1,,0.005834052206514673,0.0018882013198544545
01673800,0.7065575232774197,0.6756716969828025,0.6854931121499171,0.6545198078404508,0.7048907737270123,0.695218786628871,200.8323,3,0,0.0080517789609783,True,none,,-0.02106441112750257,-0.021151889142351665
01674000,0.7247660361081067,0.7966433901987151,0.728983190110651,0.7944169741606035,0.5393095180883761,0.737183620023154,665.6211,4,0,0.0036934309037489,False,0.1<DOR<=0.5,,0.004217154002544299,-0.0022264160381115783
01671020,0.7311877758260326,0.7520808994910847,0.5531175867549561,0.6889141152830875,0.728459147264716,0.6958895377967845,1200.548,2,1,1.2135339797068008,False,DOR>0.5,dam,-0.1780701890710764,-0.06316678420799715
01673000,0.7847326358414185,0.8106105477990897,0.7902852208192664,0.8076599957148236,0.5838110131975047,0.7064623538788855,2796.263,7,1,0.4696459359587246,False,0.1<DOR<=0.5,,0.005552584977847941,-0.0029505520842660893
01674500,0.5660242577172796,0.7050849914142336,0.5483864135508112,0.7026581100170199,0.09646378670552347,0.4710969680985233,1554.768,7,0,0.0101734629941979,False,DOR<=0.1,,-0.017637844166468408,-0.0024268813972136982
02026000,0.8520899103527344,0.8595847210481974,0.8654616625501336,0.8704101254753767,0.6130004739400525,0.6981923993845061,9542.876,21,2,0.0650103469495865,False,0.1<DOR<=0.5,,0.013371752197399167,0.010825404427179275
02028500,0.8187470624932125,0.8846286515235366,0.8192481404417342,0.8857059810833586,0.7651071754878235,0.7242346426763734,245.4534,0,0,0.0,False,none,control,0.000501077948521722,0.0010773295598219823
02029000,0.8682110215100386,0.8448939190658906,0.8633701896409658,0.8344526636865772,0.6189125091472449,0.7435665688604154,11875.81,23,2,0.050811820621968,False,0.1<DOR<=0.5,,-0.004840831869072804,-0.010441255379313397
02031000,0.7463081349050236,0.75952693038753,0.7514811979167471,0.7590527679038801,0.7362700056220864,0.7282369340960846,245.9205,2,0,0.0284385963503074,False,none,,0.005173063011723489,-0.0004741624836499536
02034000,0.7658774633763689,0.8014993063104251,0.7649561093961792,0.7981466412873668,0.7743193323633855,0.8053193721446824,1716.953,5,1,0.0916283784638829,False,0.1<DOR<=0.5,dam,-0.0009213539801896653,-0.00335266502305831
02035000,0.9174628423571344,0.8958790116756281,0.9128476341694249,0.8863965771067264,0.6178464376817036,0.7729572568054747,16207.12,33,3,0.0467426754742564,False,0.1<DOR<=0.5,,-0.004615208187709441,-0.009482434568901743
02037500,0.9104265298507249,0.8858389598976992,0.9043174118731874,0.8762366599820004,0.45153770696177664,0.7099895051281382,17504.71,37,3,0.04439387889917,False,0.1<DOR<=0.5,,-0.006109117977537548,-0.009602299915698831
02039000,0.7021227477226274,0.7186032171547441,0.6951150413308733,0.7156236294444099,0.7022760316929337,0.7068446269578028,180.1008,0,0,0.0,False,none,,-0.007007706391754076,-0.0029795877103341306
02039500,0.8081266028147533,0.777039769479404,0.8045125271098895,0.7747352251424988,0.8069415945262709,0.7835899698498482,784.7955,2,0,0.0094297376345021,False,none,,-0.0036140757048638283,-0.00230454433690519
02040000,0.6914292042946049,0.8138050825307863,0.6883813134852859,0.8056883778174816,0.5270912392339799,0.7455817600733653,1878.608,6,1,0.0309616779154273,False,none,,-0.0030478908093189983,-0.008116704713304723
02041000,0.7693314504114395,0.8251895430893774,0.7688075870780458,0.8225798196960238,0.7507274822425692,0.8332497227406327,409.2858,0,0,0.0,False,none,control,-0.0005238633333937148,-0.0026097233933536357
02041650,0.7716379102231335,0.8430441278348821,0.7813107780761054,0.8476494817108167,0.51243365273135,0.7111070087047748,3482.478,8,2,0.0576191147735205,True,DOR<=0.1,dam,0.009672867852971834,0.004605353875934526
02044500,0.7815427791532836,0.8256087385061176,0.7762556607212514,0.8270448925077328,0.7630744063983348,0.8309725181949492,819.7965,3,0,0.0122821429434323,False,none,,-0.005287118432032223,0.0014361540016152308
02045500,0.7370660927620264,0.8183932109107157,0.734359613833159,0.8137381491789814,0.54762634090193,0.6876919306639772,1498.069,3,0,0.0066157473916541,False,none,,-0.0027064789288674396,-0.004655061731734356
02046000,0.5781467535734838,0.7472158919850415,0.6331588592581601,0.7753893526758576,0.5751214690263511,0.3643275824765543,288.5238,0,0,0.0,False,none,,0.055012105684676293,0.028173460690816166
02051000,0.5752700016673618,0.48236512576553014,0.5718169514738742,0.47974629595567775,0.6435958753775526,0.4961267210576509,144.8227,0,0,0.0,False,none,,-0.003453050193487517,-0.0026188298098523966
02051500,0.7294524761572077,0.7962120439752403,0.7384661600899385,0.7991536511206752,0.6945212333639461,0.7692988683206143,1428.706,1,0,0.0003791067275077,False,none,,0.009013683932730832,0.002941607145434899
02052000,0.6412940068952095,0.7451758164250428,0.6999820194901885,0.7722811525533688,0.6455106617894508,0.6734726068371228,1929.753,5,0,0.0145716840872829,True,none,,0.05868801259497891,0.027105336128325996
02062500,0.8234597566324301,0.8152241798439854,0.7829588715569574,0.7434062789554761,0.5714801165949243,0.693818249586897,6229.019,6,3,0.8115696531084023,False,DOR>0.5,dam,-0.04050088507547267,-0.07181790088850937
02064000,0.612071215969171,0.48440517677985584,0.6147183776366496,0.48557308236553365,0.6008798530766403,0.48950942591496227,427.7682,0,0,0.0,False,none,control,0.0026471616674785814,0.0011679055856778087
02065500,0.6004889945357609,0.5883328731089228,0.6138204072209648,0.5920321634728108,0.5679786133961465,0.5655283602532708,252.5787,0,0,0.0,False,none,,0.01333141268520388,0.0036992903638880525
02066000,0.7986490405163099,0.7863684227413683,0.7978858147881074,0.7370092785245872,0.3738914357948687,0.6275318150449305,7686.307,7,3,0.6643769878289045,False,DOR>0.5,dam,-0.0007632257282025323,-0.049359144216781115
02075500,0.8525402002429527,0.89520170050948,0.8525643648303045,0.8878736520789979,0.6473817222251126,0.785551368450069,6697.781,18,6,0.5969971886426847,False,0.1<DOR<=0.5,,2.4164587351771516e-05,-0.00732804843048207
02077000,0.8109286956735757,0.7067956811532372,0.8107807636673303,0.7102791030908077,0.7604079893442949,0.7020600879016797,1415.316,1,0,0.0106217690483431,False,none,,-0.00014793200624541036,0.0034834219375704523
02077200,0.6881227384295974,0.7506978450230649,0.6908140843004285,0.752793050911384,0.5676250647220422,0.506900245148215,121.6944,0,0,0.0,False,none,,0.0026913458708310856,0.0020952058883191294
02077303,0.6305621290536538,0.5824361099193363,0.6725549930351127,0.5761081607857998,0.3958806912009474,0.2673140156546334,526.7394,3,3,1.0554043531481705,True,none,dam,0.04199286398145885,-0.0063279491335364035
02077500,0.7080048620694568,0.7282103108559425,0.7397685689917248,0.7331487838989779,0.5965704013185235,0.7347400880051754,746.7939,5,3,0.568358490563864,False,none,dam,0.03176370692226804,0.004938473043035407
02077670,0.8021128182504434,0.7556572807392418,0.8075316689380974,0.7580789647676469,0.817546477296689,0.7279517432831161,137.3355,0,0,0.0,False,none,,0.005418850687653909,0.0024216840284051466
02081500,0.8084069131138902,0.7449520288159835,0.8064292782361535,0.7447074768120554,0.8172956320878996,0.7331542949123291,428.3661,0,0,0.0,False,none,control,-0.0019776348777367225,-0.0002445520039281446
02081747,0.7592481033841699,0.7952491777320063,0.749691538194144,0.7920571079312446,0.6716210472410453,0.753184422188829,1127.123,0,0,0.0,False,none,control,-0.0095565651900259,-0.0031920698007616988
02082506,0.6577501343920403,0.8029489160862593,0.6825957793012984,0.8305918091645237,0.3207764460153767,0.6330352552690491,2030.275,3,1,0.0282357227800525,True,none,dam,0.024845644909258113,0.027642893078264397
02082950,0.7934540263716241,0.7695891583931298,0.7955336450808462,0.7774057083862456,0.805841167562736,0.8041420637655569,460.8531,0,0,0.0,False,none,control,0.0020796187092221308,0.007816549993115762
02085000,-0.5511545144140779,-0.7642421180367662,-0.5771733871002716,-0.7805560720888967,-1.4072132652655043,-1.1392123612416603,170.9253,4,0,0.2182695945053403,False,none,,-0.026018872686193628,-0.01631395405213043
02085070,0.8090034557411465,0.7862091728350212,0.8091920137491865,0.7847458508427319,0.7912350067946914,0.6964416019293644,367.7643,4,0,0.0992788313530999,False,none,,0.00018855800803996292,-0.0014633219922893792
02085500,0.7662769644064532,0.6780325252644538,0.7834334552175923,0.7170620773944555,0.836137774027159,0.666418236287644,384.6807,1,1,0.1273466034659983,True,none,dam,0.017156490811139125,0.0390295521300017
02087183,-0.4985114023899193,0.31091459235759444,0.4225285972169236,0.5813761455752837,-1.1611071213041995,0.1347331954547789,1998.355,10,5,0.4532143389509915,True,DOR>0.5,,0.9210399996068429,0.2704615532176893
02087500,0.4165407392722349,0.7183317768042212,0.631818405816954,0.7570109139112633,0.06551467228044017,0.536315887940104,2987.484,15,5,0.256743629058789,False,DOR>0.5,,0.21527766654471914,0.03867913710704207
02088500,0.7120283958518729,0.7539893607532451,0.667641878253111,0.7431046586654508,0.5677604625942414,0.6978354195750198,594.2367,2,0,0.0071000048176176,False,none,,-0.04438651759876189,-0.01088470208779424
02089000,0.6472266864546037,0.8183238544464251,0.769130428398743,0.8676436373727445,0.21229196653545757,0.6291960614077887,6222.514,23,5,0.1201977271667104,False,DOR>0.5,,0.12190374194413933,0.049319782926319444
02096960,0.8390545462194476,0.8682225681674608,0.8388486736777243,0.8645808058575571,0.8555323618014526,0.8251991961918661,3297.755,14,6,0.1504175559140649,True,0.1<DOR<=0.5,,-0.0002058725417233287,-0.003641762309903651
02097314,0.5290746817401075,0.7062769664427998,0.514654964156187,0.7016196660780105,0.4961602375552271,0.7133641564664199,197.3358,0,0,0.0,False,none,,-0.014419717583920577,-0.004657300364789285
02097517,0.6510007357857948,0.7759343013819627,0.653465280329701,0.777325032267139,0.3750829488082953,0.2286057571937411,106.8534,0,0,0.0,False,none,,0.002464544543906211,0.0013907308851762723
02102000,0.7540350346935608,0.8472012223954347,0.7696512133722624,0.8509633882336529,0.7514702643731292,0.8222489737532143,3740.0,16,3,0.1316990828821974,True,DOR<=0.1,,0.015616178678701575,0.003762165838218201
02102192,0.7022403935046757,0.7719626592634395,0.7076487241434668,0.760465541386731,0.700934999066888,0.7756970315236669,196.8201,1,1,1.983490035578131,True,none,,0.005408330638791092,-0.011497117876708596
02102500,0.3845824831046083,0.6092367879610279,0.7399915787478251,0.8452420302459887,-0.06596294562429939,0.4144432828189396,8995.328,33,11,0.2523645811334617,False,DOR>0.5,dam,0.35540909564321677,0.23600524228496078
02104220,0.7830731042413828,0.8867329580254786,0.7769146274406465,0.8842263853107647,0.5878966997259814,0.7009706980341479,241.7823,1,0,0.005471904356468,False,none,,-0.006158476800736223,-0.002506572714713884
02105769,0.5485484888465861,0.7798705062899026,0.7622516761688779,0.8626231609630659,-0.0787208791628149,0.5206209216500435,13659.7,52,12,0.1574842018682118,True,0.1<DOR<=0.5,dam,0.21370318732229177,0.08275265467316328
02109500,0.7545191410878562,0.7628048260796789,0.7545654392334221,0.7638180617193997,0.727946393486636,0.7692648474106776,1783.764,0,0,0.0,False,none,control,4.6298145565892845e-05,0.0010132356397207776
02133500,0.797426992052672,0.8271614495719212,0.7948048683797382,0.8257718126355434,0.7605874852379184,0.7814348874616184,472.1283,0,0,0.0,False,0.1<DOR<=0.5,control,-0.002622123672933796,-0.001389636936377725
02133624,0.6936231445808551,0.8252937157905477,0.6495697104842092,0.8074042005146985,0.4885785673015486,0.7429005924582905,946.0971,2,0,0.0017784847639041,False,DOR<=0.1,,-0.04405343409664586,-0.017889515275849144
02134480,0.5260399926707491,0.6495609751179999,0.5141261407509288,0.6465788005624549,0.38313887271587976,0.5319117026804256,577.1961,0,0,0.0,False,none,,-0.011913851919820306,-0.0029821745555450585
02134500,0.8285504321607813,0.8987454056139892,0.8132140416466274,0.892416875402923,0.7087547858667181,0.8321165411978255,3181.489,7,0,0.0037855501214927,False,DOR<=0.1,,-0.01533639051415392,-0.006328530211066163
02110500,0.9002707120434144,0.922941010787608,0.9007061527951794,0.9230836852245715,0.8781115504829007,0.9076085050180772,2908.315,0,0,0.0,False,none,control,0.00043544075176504826,0.0001426744369634747
02135000,0.7827416313787496,0.8188894035276041,0.7560437218531152,0.8098675269208977,0.6206825953693762,0.7472289244979453,7256.224,15,0,0.0046554072842808,False,DOR<=0.1,,-0.026697909525634445,-0.009021876606706392
02231342,0.676515398888396,0.5564740743694285,0.6762642110330368,0.556186040609371,0.6718503004432403,0.563148709401405,111.5622,0,0,0.0,False,none,,-0.00025118785535915844,-0.00028803376005748227
04270000,0.6808553149543184,0.7423962864013172,0.6816584828379834,0.7416958099511035,0.5294562157807396,0.5956974123904095,343.2393,3,0,0.0095229298002608,True,none,,0.000803167883664968,-0.0007004764502136496
04273500,0.8509920358233765,0.895780579155083,0.8574939846953731,0.8983358840471041,0.8537556256684046,0.8930213500039226,1581.609,12,3,0.144830837266828,True,0.1<DOR<=0.5,dam,0.006501948871996621,0.0025553048920210486
01315000,0.3365502962146111,0.40591903409577346,0.3361825990455447,0.40508897493098706,0.3370195864155232,0.41185150208276433,337.5252,1,1,0.7594492357961864,True,DOR>0.5,dam,-0.0003676971690663722,-0.0008300591647864008
01315500,0.8463521068554574,0.8684389354030985,0.8333664412703249,0.8695443149744171,0.7835736376787068,0.8738773750269968,2058.557,12,1,0.1465953918729043,False,0.1<DOR<=0.5,,-0.012985665585132478,0.001105379571318621
01318500,0.8706901126644019,0.9254290036896229,0.849428010682559,0.9175274125951625,0.6940496330176315,0.8370834347659227,4332.634,19,3,0.10759005176183,False,0.1<DOR<=0.5,,-0.021262101981842862,-0.007901591094460425
01321000,0.6515943734193306,0.5255058642381576,0.6596793438306416,0.5326951836366571,0.6711391491621246,0.556328023110124,1263.694,2,0,0.003004247093409,False,none,,0.008084970411311065,0.0071893193984995385
01325000,-0.149962372766425,0.10389137626758949,-0.10134759492309664,0.12208924772165708,-0.21627416736971794,0.08665854692241337,2776.659,6,2,0.4181137265580746,True,0.1<DOR<=0.5,dam,0.04861477784332835,0.018197871454067593
01336000,0.465442960197907,0.5279262196602326,0.4669119277748627,0.5311190878770109,0.47402295438316355,0.5510024684856868,386.4249,1,1,0.2171391557136577,True,0.1<DOR<=0.5,dam,0.0014689675769556931,0.003192868216778333
01346000,0.7345825591029183,0.7852352261082237,0.7323423866045602,0.7819378310834144,0.7278480419572915,0.8050396483426394,1439.444,5,1,0.0754821022236786,True,DOR<=0.1,dam,-0.0022401724983580618,-0.003297395024809302
01347000,0.8605550570243268,0.9148864303732543,0.860030253651774,0.9154493314548253,0.8229790961622387,0.8991545340485779,3450.5,10,2,0.0696821007092923,True,DOR<=0.1,,-0.0005248033725527845,0.0005629010815709767
04252500,0.8540106629085973,0.8823354956559263,0.8567861840397546,0.8853217393633821,0.8589922955287884,0.9017567644403908,784.4697,9,1,0.0492150148397142,False,DOR<=0.1,,0.0027755211311573103,0.0029862437074558157
04256000,0.8036533737726871,0.8794827546252497,0.8079334809745169,0.882859136746872,0.7883666356277652,0.8579006184376438,232.4457,0,0,0.0,False,none,control,0.004280107201829808,0.003376382121622279
04258000,0.3324001094352309,0.6045412878858845,0.3320114618087664,0.6040402296749265,0.33709940374061975,0.619423197392163,754.8174,10,1,0.2552020938897356,True,0.1<DOR<=0.5,dam,-0.0003886476264645111,-0.0005010582109579165
04262000,0.5887085329001169,0.7848152956606212,0.595991394225345,0.7878227656881763,0.6005389919914792,0.7883912580837114,688.0284,7,1,0.1307027166715276,True,0.1<DOR<=0.5,,0.0072828613252280405,0.0030074700275550814
04266500,0.8660426795687415,0.9052556009343474,0.8676764457887349,0.9063077667806256,0.8707667790490362,0.9094930061896302,1877.755,4,2,0.0337537700431245,True,DOR<=0.1,dam,0.0016337662199934488,0.001052165846278208
01350000,0.79369844113852,0.8101284364966539,0.7951302848613879,0.8088030564200255,0.7751068196470711,0.8608252624707907,612.5148,0,0,0.0,False,none,control,0.001431843722867976,-0.001325380076628413
01350080,0.6701011445377687,0.8201713301402065,0.6717302643699651,0.8214973762923312,0.5804694468575511,0.7148149643341506,83.8404,0,0,0.0,False,none,,0.0016291198321963796,0.0013260461521247269
01350355,0.7106754273158908,0.7530681462442492,0.7031716117852107,0.7236284688048762,0.6838078997315387,0.7505955157660347,1153.139,2,2,0.1593124610486642,False,0.1<DOR<=0.5,dam,-0.007503815530680136,-0.029439677439373035
01351500,0.792278307245494,0.8425720480655374,0.7839068637646338,0.8191061723726333,0.7470885164817593,0.8207957726092928,2320.989,2,2,0.0784003847866659,False,0.1<DOR<=0.5,dam,-0.008371443480860163,-0.023465875692904148
01362200,0.7899795696105294,0.7832905631834319,0.7786343024035517,0.7773681876846896,0.7134273555461108,0.6533866631705056,169.1902,0,0,0.0,False,none,control,-0.011345267206977705,-0.005922375498742305
01362500,0.6405599252270843,0.5343439295032224,0.6320141006756834,0.5309054248315395,0.725326222809141,0.7626108090552908,493.1622,0,0,0.0,False,none,control,-0.008545824551400849,-0.0034385046716829404
01413500,0.773878106434896,0.8152270911769957,0.7642222330044111,0.8087727893800649,0.7734139330756753,0.8588224521335863,424.1025,0,0,0.0,False,none,control,-0.009655873430484907,-0.006454301796930739
01417000,0.266237278656572,0.30813639042901875,0.3497848366135705,0.25614582911447625,0.06657638125121812,0.24555366488561547,960.9337,1,1,1.6448671890849822,True,DOR>0.5,dam,0.08354755795699853,-0.051990561314542494
01417500,0.6016740910198353,0.659035167519654,0.5521123817828806,0.538228992175797,0.4048731816326695,0.6393442147342763,1183.973,1,1,1.0790075093991245,False,DOR>0.5,dam,-0.04956170923695469,-0.12080617534385696
01420500,0.8049881500762546,0.792379004746522,0.7964227969950979,0.7884733673507457,0.8221258013871834,0.8360270587243432,627.0471,0,0,0.0,False,none,control,-0.00856535308115669,-0.003905637395776318
01421000,0.7925800255333442,0.7454129995197154,0.7525546352312904,0.6701353903915308,0.7469794489293673,0.8265620975856076,2029.478,1,1,0.4170478548612384,False,DOR>0.5,dam,-0.040025390302053765,-0.0752776091281846
01423000,0.6787887204159002,0.6146932133704326,0.7211824302441641,0.6323639271747974,0.7901696462155245,0.8302223664247631,859.6809,0,0,0.0,False,none,control,0.04239370982826385,0.0176707138043648
01425000,0.5397431547120148,0.5740606965760959,0.5257932264796654,0.5175058740909972,0.4515340640023012,0.67568026850756,1180.565,1,1,0.5366688023012848,True,DOR>0.5,dam,-0.013949928232349418,-0.05655482248509869
01426500,0.675565188601466,0.6276877883135978,0.6367708248315616,0.5640614542846444,0.6534570032474776,0.7710662254405908,1539.334,1,1,0.4008365518154757,False,DOR>0.5,dam,-0.038794363769904416,-0.06362633402895346
01427510,0.838656225603041,0.7535551326715602,0.8129229944031278,0.7019871232648722,0.7875264103574866,0.8578044212548793,4724.998,7,2,0.2981541095281446,False,0.1<DOR<=0.5,,-0.02573323119991322,-0.05156800940668793
01435000,0.3041495181465208,0.2193892744963849,0.27290359530652997,0.19827202985940917,0.3833925664665867,0.36281461664258363,172.458,1,1,0.6968645374412005,True,DOR>0.5,dam,-0.031245922839990836,-0.02111724463697573
01436000,0.3340286172122183,0.30412175987144796,0.32525004667059143,0.2833160867438932,0.2686947908466508,0.22921171510931526,240.6915,1,1,1.5091436906356177,True,DOR>0.5,dam,-0.008778570541626896,-0.02080567312755477
01500000,0.5368583919533083,0.686440231600194,0.5354613518529376,0.6857721753292905,0.5226922885874504,0.7088840673056539,267.1911,1,0,0.0197833006097487,True,none,,-0.0013970401003706723,-0.0006680562709034943
01503000,0.8802537333726652,0.876456391436819,0.8799649143103382,0.8794651029464969,0.8100313054993459,0.8138940500973092,5790.808,6,1,0.1252597899937582,False,0.1<DOR<=0.5,,-0.00028881906232702814,0.0030087115096779637
01512500,0.8556053973791854,0.8913698096969453,0.8728622015516557,0.9065551287081146,0.8081802943972283,0.8456788448475108,3833.719,6,1,0.0087285838814474,False,DOR<=0.1,,0.01725680417247033,0.015185319011169263
04243500,0.7075780084123959,0.8478692048379557,0.7114332896780708,0.850690676319563,0.5938149787253728,0.6928394692108741,300.4533,0,0,0.0,False,none,control,0.0038552812656749147,0.002821471481607274
01396500,0.8201865056459625,0.8209117392485639,0.8198943951575184,0.8202366711999708,0.7967147441424951,0.7911756425065255,162.5247,2,0,0.0069501924581492,True,none,,-0.00029211048844413057,-0.0006750680485930749
01396800,0.4237652789604285,0.5450495937243691,0.41234384708850247,0.5143658093730805,0.41777276222914583,0.5905198601437082,107.8434,2,1,0.6168111410242432,True,DOR>0.5,dam,-0.011421431871926013,-0.0306837843512886
01397000,0.8078077083581288,0.8298394899684343,0.801943374420051,0.8154254873245255,0.7944007429678881,0.8200759634842514,388.6272,6,1,0.1768941380819591,False,0.1<DOR<=0.5,,-0.005864333938077726,-0.014414002643908796
01398000,0.6458898495745024,0.6425457695379135,0.64197907147282,0.6387347210318517,0.6111844345451409,0.6345956206873058,65.97871,0,0,0.0,False,none,control,-0.003910778101682388,-0.0038110485060618426
01400000,0.7438592249266835,0.6645647555969331,0.7439624302850586,0.6649823338409165,0.7625506602675337,0.6962759439860597,485.0956,2,0,0.0021832007984547,False,0.1<DOR<=0.5,,0.00010320535837504696,0.0004175782439834741
01400500,0.8250882390629533,0.7940555920463256,0.8173170822522073,0.7868525926277723,0.8583941632920906,0.8146314083263655,1271.465,8,1,0.0561011688978408,False,0.1<DOR<=0.5,,-0.007771156810745916,-0.007202999418553291
01428500,0.8484329294333826,0.7605933376582823,0.8267328098199171,0.714855880675898,0.7690689037747857,0.8461409863975291,5242.786,9,2,0.2640569265296912,False,0.1<DOR<=0.5,,-0.021700119613465407,-0.045737456982384295
01428750,0.6869122287188802,0.5929639253563843,0.6853488461148184,0.5964292013663093,0.6178435058420264,0.5774039151773019,107.9028,1,0,0.0568438029880276,True,none,,-0.0015633826040618581,0.003465276009924967
01429000,0.7704802036497886,0.8799114306260882,0.7815601325557947,0.8851078472165675,0.7836478680808294,0.892217009582733,151.3764,1,0,0.0407900815485903,True,none,,0.011079928906006065,0.005196416590479314
01429500,0.7535323671403001,0.8601521080374672,0.7635374644121982,0.8556021208099567,0.7231401073568942,0.8463940374480136,167.2245,1,1,0.5075212405561513,True,none,dam,0.010005097271898022,-0.0045499872275105435
01430000,0.8392866767392039,0.9023130222259858,0.8524405717531786,0.8992629643688641,0.8333123092088148,0.9130570260663503,425.0241,3,1,0.2224456211418493,False,none,,0.013153895013974681,-0.0030500578571216463
01431500,0.8182960987026056,0.8460267000649614,0.826745189555987,0.8383636151176014,0.831982157015271,0.8783272956103897,748.6569,5,1,0.1294835743935021,False,none,,0.008449090853381414,-0.0076630849473600104
01434000,0.8867024739949012,0.9230347675562697,0.8858008407497221,0.8966334990337981,0.7547643120219119,0.8619726831721392,7967.644,29,8,0.2463724287981729,False,0.1<DOR<=0.5,,-0.000901633245179112,-0.0264012685224716
01437500,0.788506908691089,0.7492698840278162,0.7900098705558406,0.746634240950063,0.8048113064084856,0.8398734715029366,793.9593,5,1,0.2870803335728334,False,0.1<DOR<=0.5,dam,0.0015029618647516285,-0.0026356430777532136
01438500,0.8773038052127163,0.8950255541833545,0.8702327323776764,0.8669462317057623,0.727296983447754,0.8624590710692498,9016.394,34,9,0.2415754202850108,False,0.1<DOR<=0.5,,-0.007071072835039938,-0.02807932247759215
01439500,0.7752023199432994,0.8530721962734513,0.7779151639249215,0.8542088125932303,0.7839756304749281,0.8424378752558388,305.8776,5,0,0.0101121797650039,False,none,,0.0027128439816221928,0.0011366163197790158
01440000,0.7941975225552097,0.889680487698749,0.814426689869071,0.9011000488621199,0.8142732743800888,0.8784029198218698,167.7204,0,0,0.0,False,none,control,0.020229167313861263,0.01141956116337095
01442500,0.7796069385839198,0.785645055540832,0.7835440365925708,0.7869574708257852,0.8184009155603059,0.8312321700267822,677.5605,3,0,0.000740202511992,False,none,,0.003937098008650941,0.0013124152849531834
01443500,0.8715735054448849,0.9114963464157348,0.8764439110724271,0.910533738224829,0.41372532690711306,0.3424172293300103,326.4282,5,0,0.0336006418944658,True,none,,0.0048704056275422625,-0.0009626081909058781
01445500,0.8719802564545948,0.9172977712915426,0.8726162402845479,0.917813322039715,0.8009367747579929,0.7431654080933434,269.5341,0,0,0.0,False,none,control,0.0006359838299531129,0.0005155507481724442
01446500,0.877174463336589,0.8316686723419668,0.8658465624891883,0.8107896460270703,0.6469645791724592,0.8192090002317491,11769.17,54,9,0.1763040218891076,False,0.1<DOR<=0.5,,-0.011327900847400652,-0.020879026314896576
01447500,0.8380923781873593,0.8581128469422735,0.8363080322575046,0.8570672823758274,0.8462081227842801,0.8800525985278503,240.1902,1,0,0.0075049721482468,False,none,,-0.0017843459298546582,-0.001045564566446111
01447720,0.8096015865260794,0.804080075819144,0.8111721116688702,0.8047350066798714,0.8316503268935678,0.8377005914708197,308.1267,3,0,0.0405842162804164,False,none,,0.0015705251427907685,0.0006549308607274318
01447800,0.1842174702513495,0.5688719302206303,0.18404492918362103,0.5681659604199114,0.1688864158136163,0.5762408099406797,752.6691,6,0,0.0245604727317008,True,none,,-0.00017254106772846,-0.0007059698007189086
01449000,0.6790317764764844,0.8348255333438583,0.6857529905801767,0.8381291685893063,0.6363588899931281,0.7934903745465313,1521.781,7,0,0.0122880562035073,False,none,,0.006721214103692308,0.0033036352454479667
01449360,0.6845241769812193,0.7061678599549384,0.6885722315518744,0.7074620199095991,0.6789808299127438,0.6780604422468144,129.4857,0,0,0.0,False,none,,0.004048054570655157,0.0012941599546607563
01449800,0.23064560715318883,0.6108392640473053,0.5332890718433346,0.7265649463144528,-0.11845168372658565,0.43709201639747697,249.4863,4,3,0.583266919829861,True,DOR>0.5,dam,0.3026434646901458,0.11572568226714752
01450500,0.7436746232735842,0.8227400371905204,0.7525323457127951,0.8264916208607165,0.7151400820124527,0.7519163211083947,198.1143,0,0,0.0,False,none,control,0.008857722439210902,0.0037515836701961236
01451000,0.7641458666098764,0.8754980387062805,0.7919109759872267,0.8914249567492112,0.7136539142105158,0.8118517548172723,2297.016,11,3,0.060869675476964,False,DOR<=0.1,,0.027765109377350328,0.01592691804293067
01451500,0.6389983279093485,0.6423834691485308,0.6415644438566768,0.6434877634404792,0.6695690001346015,0.6860704930433688,212.0562,0,0,0.0,False,none,control,0.0025661159473282513,0.00110429429194836
01451650,0.6966018793631505,0.7054924102715316,0.6989103146095273,0.7063080883867787,0.7236941976705646,0.7499680440336749,253.8567,0,0,0.0,False,none,,0.0023084352463768054,0.000815678115247076
01451800,0.5250927505882999,0.3830202133909554,0.5488133553521287,0.4139962171884116,0.2178525775583905,0.14514279195751523,135.8448,0,0,0.0,False,none,,0.023720604763828868,0.030976003797456242
01452000,0.7672928188723505,0.7948169683206724,0.7819887749430441,0.8023742329227286,0.7299165621921715,0.6916030977067678,196.5627,0,0,0.0,False,none,control,0.014695956070693628,0.007557264602056191
01452500,0.629675478924947,0.6971458820313992,0.6310616137843965,0.6970733029418499,0.5131908279528076,0.5879130901604235,112.041,1,0,0.0004420377084333,True,none,,0.0013861348594494949,-7.257908954927395e-05
01453000,0.8218234285408608,0.8841229266228371,0.8402974880865179,0.9022517315651595,0.738022299308438,0.7928968465422773,3306.332,14,3,0.0440817283391577,False,DOR<=0.1,,0.018474059545657173,0.018128804942322385
01457000,0.8235584027092504,0.8616017851737194,0.8111158894859694,0.8519749696539803,0.8312992496661898,0.8794220313385585,366.7752,5,0,0.0059452904507708,True,none,,-0.012442513223281049,-0.009626815519739096
01459500,0.7405825555298671,0.8259691309878535,0.7751009385475638,0.8253765686071123,0.6854464448790538,0.667923540106091,254.2302,1,1,0.3061828155027313,False,DOR>0.5,dam,0.03451838301769672,-0.000592562380741235
01468500,0.5546224794051384,0.5442646422739761,0.5747463159291186,0.5569287949168291,0.46975576347152137,0.4648844309660992,344.2095,2,0,0.0300281267052896,True,none,,0.0201238365239802,0.012664152642853033
01469500,0.8374887385900164,0.9040608500393983,0.839034276176871,0.9046004009833482,0.8561596387863336,0.913444197157588,114.3441,2,0,0.1620455378687811,False,0.1<DOR<=0.5,,0.0015455375868546062,0.0005395509439498625
01470500,0.872246419045923,0.8803277387193136,0.873608880866679,0.8734510997556921,0.8844235068419628,0.9133921252909479,924.7293,6,0,0.0318663320619033,True,DOR<=0.1,,0.0013624618207559447,-0.006876638963621451
01472198,0.6991070656731635,0.7342228236885325,0.699583483810166,0.7340982960240792,0.7070214940903241,0.7558085091913084,97.51591,0,0,0.0,False,none,control,0.0004764181370024989,-0.0001245276644533666
01534000,0.7377107187002737,0.8337678403384496,0.7495052470323709,0.8372998006092904,0.7369889913465947,0.7835233404527011,1016.898,2,0,0.0057974615386242,False,none,,0.011794528332097154,0.003531960270840795
01534300,0.49468284676331786,0.6424926574195242,0.5412341792428401,0.6598961346078294,-1.0730913553827213,-0.19067492335013658,98.5212,1,1,0.2074023068160662,True,0.1<DOR<=0.5,dam,0.046551332479522256,0.01740347718830515
01534500,0.667309127361299,0.4983074917036896,0.66009417009097,0.48903117190156953,0.4332652163509705,0.39649824383321264,281.8395,1,1,0.076404595441299,False,0.1<DOR<=0.5,dam,-0.007214957270328948,-0.00927631980212007
01536000,0.8423042850694527,0.8236666262993367,0.8411985015920598,0.817396715592241,0.7459595889181616,0.6616200472892038,863.1477,6,1,0.0530400782279009,False,DOR<=0.1,,-0.0011057834773928743,-0.006269910707095705
01411500,0.6309545719588077,0.7006168590243534,0.6295837953149321,0.7001567676566753,0.6259937202535943,0.6954105193758188,270.1735,6,0,0.0143207206766499,False,none,,-0.0013707766438755264,-0.000460091367678106
01463500,0.915256102748769,0.8990022499010685,0.9092399208546749,0.8873748155432265,0.5701086191522011,0.7869754955757542,17579.75,78,13,0.130371443710685,False,0.1<DOR<=0.5,,-0.006016181894094141,-0.01162743435784197
01465500,0.7658262138277845,0.726190396368097,0.7557028604150008,0.7359391560701323,0.7297677968987768,0.8151910051554624,541.3914,6,0,0.0276493763155965,True,none,,-0.010123353412783698,0.009748759702035259
01470779,0.6830799132861628,0.7186438715383323,0.6829302328851719,0.7184274684587537,0.7095125894597567,0.744572511677813,179.1595,0,0,0.0,False,none,control,-0.00014968040099094804,-0.0002164030795785976
01470960,0.5447516574247178,0.6695204059310704,0.5539284013560724,0.6591680221941303,0.5407224522304062,0.6708122381526119,461.3823,1,1,0.1084033414997146,True,DOR>0.5,dam,0.009176743931354592,-0.01035238373694014
01471000,0.6359994219991776,0.7445405385272326,0.6253240469618759,0.7230688740585113,0.6300355040212612,0.7485210303930896,557.1,1,1,0.0904967367160912,False,DOR>0.5,dam,-0.010675375037301649,-0.021471664468721285
01471510,0.888028964891432,0.9224056311448431,0.8924507833721046,0.908012154426044,0.8689530306236858,0.9273947315371163,2303.509,8,2,0.0429388132299586,False,0.1<DOR<=0.5,,0.004421818480672579,-0.014393476718799092
01472000,0.8825215683427916,0.9163247612751845,0.8817400570206422,0.9093418731452803,0.8303227547173293,0.8999028927071693,2971.815,9,2,0.0345363850405281,False,DOR<=0.1,,-0.0007815113221494308,-0.006982888129904219
01472157,0.7781449613727793,0.790016627515279,0.7773222381863837,0.7880869117549081,0.7078302519430657,0.6981972145495853,152.29,0,0,0.0,False,none,,-0.0008227231863956463,-0.0019297157603709314
01473000,0.8040267720279352,0.7869575795024341,0.7895746195985279,0.7712604857201544,0.8305982857842817,0.8942372995160124,721.4031,3,1,0.0375643351597736,False,DOR<=0.1,,-0.014452152429407228,-0.01569709378227968
01474000,0.7243582293268759,0.6921927902423004,0.7055035694941407,0.6946700842663036,0.7496107687863209,0.7891115398816444,164.988,0,0,0.0,False,none,,-0.018854659832735154,0.002477294024003207
01474500,0.8424830624840696,0.8157868650465951,0.8502192164399542,0.8184121621162463,0.8045799910686604,0.8892158431817747,4895.962,17,3,0.0312156149528501,True,DOR<=0.1,,0.007736153955884673,0.0026252970696512
01477000,0.6661746102823796,0.7799523834290109,0.6695757294760749,0.7788845806379645,0.6027934360682226,0.7143371259705298,156.9942,0,0,0.0,False,none,,0.0034011191936953455,-0.0010678027910463461
01479000,0.706413426863507,0.7354873639171449,0.7046776413892646,0.735513551179249,0.7137945871850604,0.7856699069440674,230.7807,0,0,0.0,False,none,control,-0.0017357854742424683,2.618726210412703e-05
01479820,0.038769329203480196,0.007992794401252112,0.056078272418012776,0.017215090325920168,-0.12324910136689482,-0.10675573973213259,71.53111,0,0,0.0,False,none,,0.01730894321453258,0.009222295924668056
01480000,0.6058863601522191,0.667465378053544,0.6186358005409536,0.6747335783827578,0.6241682473950745,0.6705054957824654,122.6124,0,0,0.0,False,none,,0.01274944038873449,0.007268200329213825
01480015,0.5685915322725159,0.6154332435357717,0.5782509746330791,0.6198125127027795,0.6122452952273376,0.6900223751195407,135.8757,0,0,0.0,False,none,,0.009659442360563153,0.004379269167007815
01480700,0.7762253479283642,0.8254228325974601,0.7772956621009662,0.8261536267015989,0.7775818680255668,0.854797811914243,155.2095,1,0,0.0894925299521605,False,none,,0.0010703141726020604,0.0007307941041387878
01480870,0.7829389317345226,0.7497813342660247,0.7811013378451763,0.7482810413166961,0.8061593227121384,0.8303194019322451,232.1622,1,0,0.0563004893024581,False,none,,-0.001837593889346234,-0.0015002929493285189
01481000,0.8021386607424716,0.7852726474691243,0.8078000015094076,0.7890389391431187,0.8025323269022665,0.8070858457115602,755.1738,2,0,0.0211319825041647,True,none,,0.005661340766935918,0.0037662916739944485
01481500,0.785241465160656,0.7432853289299134,0.786644025236427,0.7457832339660553,0.7902208014924712,0.8219978704698155,823.9563,2,0,0.0191969935429445,True,none,,0.0014025600757709977,0.0024979050361418897
01483700,0.7640886833803343,0.8342154784663462,0.7639913935648256,0.8339604905993387,0.655720306114705,0.6740996202328037,80.9622,1,0,0.0473015083580237,True,none,,-9.728981550871652e-05,-0.00025498786700750564
01495000,0.6924376511457151,0.7545078311579022,0.6945652742430763,0.7567455293313081,0.5707277001702287,0.5925572453038286,138.1707,0,0,0.0,False,none,,0.002127623097361253,0.002237698173405911
01576500,0.8239267895462035,0.7837238706040561,0.8231168197144274,0.7838173516632578,0.8033206215508197,0.798313841966566,837.2034,1,0,0.0029390744472393,False,none,,-0.0008099698317760584,9.348105920170546e-05
01576754,0.8063577768228289,0.7971111970423452,0.8089355868964777,0.7990776879838274,0.8219372728447132,0.8537445094839572,1214.191,1,0,0.0019434886865267,False,none,,0.0025778100736487675,0.0019664909414821574
01580000,0.6136669058524508,0.7582569404396398,0.603770348344673,0.7467285718783945,-1.9112295510925064,-0.5302281888587999,244.3698,1,0,0.0001284839473304,False,none,,-0.009896557507777737,-0.011528368561245284
01582000,0.5537854793979328,0.749905529470651,0.5519579945979763,0.7484984200699019,0.5634011481463705,0.7730787220779359,139.1994,0,0,0.0,False,none,,-0.0018274847999564248,-0.0014071094007491736
01582500,0.5075635142883184,0.6768235796911939,0.4947576562461724,0.6618416601679529,0.48086054777505305,0.6862586561083752,413.7579,1,1,0.4093335610850673,False,DOR>0.5,dam,-0.012805858042145957,-0.014981919523241016
01583500,0.4881739883648789,0.7202489601007784,0.49347988861897596,0.722724486727285,0.3686336669010736,0.6248097151577248,155.8494,0,0,0.0,False,none,,0.005305900254097051,0.002475526626506519
01487000,0.7554900765150125,0.8286365864059683,0.7531393293674139,0.8283486203673455,0.7508768592992191,0.823793669152717,187.4102,0,0,0.0,False,none,,-0.002350747147598642,-0.0002879660386228
01491000,0.7305678803206862,0.6554539534193671,0.7274845468079124,0.6561935399644542,0.7395208593744461,0.6783580888334534,292.0401,1,0,0.0010685179400375,False,none,,-0.0030833335127737893,0.0007395865450871009
01594440,0.6285033230723823,0.5654415297051718,0.7025536687967442,0.6279216744332566,0.42504224960834924,0.6586702791606519,906.5709,4,2,0.117865849191076,False,0.1<DOR<=0.5,dam,0.07405034572436187,0.06248014472808483
01669520,0.6786405205244055,0.6598583844836015,0.6665873244397702,0.6504726181735423,0.6033444709186101,0.5852033533434905,277.3854,0,0,0.0,False,none,control,-0.012053196084635287,-0.009385766310059163
02042500,0.5408513857792394,0.7046861235376648,0.5311869896704651,0.700750287352059,0.48397342868103144,0.6926337289046561,646.929,2,0,0.003936802100817,False,none,,-0.009664396108774342,-0.003935836185605779
02047000,0.5824838266379866,0.7662645561095617,0.5263675825836789,0.7432248338959465,0.14503241756482532,0.5737376942690768,3731.432,10,0,0.0039879169331062,False,none,,-0.05611624405430771,-0.023039722213615166
02047500,0.8348815748366509,0.8807119511649065,0.8001547920928382,0.8609048962004454,0.7826403490071093,0.8393331568905416,743.7955,1,0,0.0003334099417727,False,none,,-0.03472678274381269,-0.019807054964461113
02053200,0.7429872914886324,0.76837409668653,0.681071281912246,0.7578319874430508,0.4957990557727239,0.5583597809842967,583.6599,1,0,0.0013477756189537,False,none,,-0.06191600957638643,-0.010542109243479203
02053500,0.7110569638547062,0.6917345035623759,0.711700373947113,0.6909620482903425,0.7166795752414903,0.6461340788267124,165.8835,0,0,0.0,False,none,,0.0006434100924068709,-0.000772455272033401
02084557,0.3107754312781543,0.32435042303129336,0.30918330528391447,0.3255378395949011,0.3071554265253734,0.3195930521299747,56.13005,0,0,0.0,False,none,,-0.001592125994239857,0.0011874165636077683
02089500,0.6645053114093824,0.8232978128696193,0.7567060537961948,0.8753191502043408,0.23492144401301396,0.6304040488446457,7021.535,24,5,0.1039043454637159,False,DOR>0.5,,0.09220074238681242,0.052021337334721474
02092500,0.8272723573424183,0.8429749770866484,0.8286380186146088,0.8454592730836932,0.8163811452437972,0.8541203466636146,447.5751,0,0,0.0,False,none,control,0.0013656612721905104,0.0024842959970448053
02093000,0.7478674791970201,0.6377818557126641,0.7591089206551622,0.6657612837319041,0.4683977911827991,0.4768229289455893,202.0608,0,0,0.0,False,none,,0.011241441458142098,0.027979428019240027
02108000,0.9136838990211498,0.9045630737930909,0.9143596551923091,0.9043492266449983,0.9177344440961935,0.9184977457781115,1569.485,0,0,0.0,False,none,control,0.0006757561711593363,-0.00021384714809258298
14400000,0.7451179459261892,0.5239828693738598,0.7386431334235617,0.5240386145882772,0.7605332708308268,0.5593502737283322,702.6345,0,0,0.0,False,none,control,-0.006474812502627492,5.574521441731317e-05
11469000,0.7769805045616653,0.7333753757454307,0.7853323862928515,0.7416863345805411,0.7881110980737656,0.7690737032432062,622.863,0,0,0.0,False,none,control,0.008351881731186173,0.00831095883511046
11477000,0.897284789018186,0.8723501823266198,0.9121866794846832,0.8805084239034406,0.9024355737045717,0.8832990481349017,8062.434,2,1,0.0143299661381268,False,DOR<=0.1,,0.014901890466497258,0.00815824157682088
11478500,0.8276166433879614,0.7240653016405636,0.8236098653147623,0.7224872095066287,0.8423132669848716,0.7494368684586569,572.3766,0,0,0.0,False,none,control,-0.0040067780731990466,-0.0015780921339348941
11481000,0.8285005883998726,0.7271481303188918,0.8344569277361655,0.7307931236528132,0.8672139481319134,0.8704523085038935,1257.414,1,1,0.0481467508991704,False,DOR<=0.1,dam,0.005956339336292915,0.0036449933339214313
11482500,0.8413558103748582,0.7941513705064025,0.8410224997612302,0.7974484786871453,0.8588413830531694,0.8308016864787608,718.0398,0,0,0.0,False,none,control,-0.00033331061362795733,0.0032971081807428027
11528700,0.8592515908655536,0.802938632412938,0.8607319821114755,0.8046084495405301,0.8595388438733769,0.8168494692558784,1980.083,0,0,0.0,False,none,control,0.0014803912459219193,0.001669817127592177
11530000,0.8727507554045618,0.9173150978208582,0.8580658581577983,0.9088722214158875,0.8246288279723187,0.8998478764880392,7390.958,3,2,0.6551237630630652,False,DOR>0.5,,-0.014684897246763473,-0.008442876404970656
11461000,0.7875714183145855,0.7258281130969492,0.7885966615390141,0.7263185095771105,0.8068184121506004,0.7386806380356463,259.6455,0,0,0.0,False,none,control,0.0010252432244285403,0.0004903964801613592
11461500,0.7516435628810892,0.7606329586635313,0.6349434215930091,0.700353682711756,0.7758602426855218,0.7866912796891921,238.6782,1,1,0.3706503114550984,True,DOR>0.5,dam,-0.11670014128808015,-0.06027927595177529
11462000,-0.07087609673478323,0.44273505237905153,0.15817796940274964,0.5330237400422787,-0.10025524164896749,0.4437243488472975,271.8342,1,1,0.3711133861144092,True,DOR>0.5,dam,0.22905406613753287,0.09028868766322717
11468000,0.724661715967519,0.6387014450162816,0.7207870715097809,0.6346796541726887,0.6780752798978518,0.5394739496995152,785.8926,0,0,0.0,False,none,control,-0.003874644457738108,-0.004021790843592887
11468500,0.8540617918623805,0.8605615604688122,0.8456471636823238,0.8575524163715338,0.8524517121976829,0.8449788477416478,273.5145,0,0,0.0,False,none,control,-0.008414628180056671,-0.003009144097278371
11470500,0.6439085267811996,0.784864833573968,0.6664941656633767,0.7932224385444522,0.6557118444141473,0.8016754474272241,750.2211,1,1,0.1830448489566003,True,0.1<DOR<=0.5,dam,0.022585638882177128,0.008357604970484211
11471500,0.6588196530088879,0.6730628270371819,0.6794816176639351,0.6774311883971884,0.6500892548249992,0.6339518430739342,904.2471,2,1,0.2048233544515983,True,0.1<DOR<=0.5,dam,0.020661964655047216,0.004368361360006512
11473900,0.7961831245764072,0.8370616489629428,0.7954166334574929,0.8368964610998038,0.8034360718034621,0.857294324464596,1925.013,0,0,0.0,False,none,control,-0.0007664911189142476,-0.0001651878631390158
11475000,0.8810941762066413,0.8402837274003696,0.880362887044575,0.8409906036596293,0.8850009199842902,0.849460513543159,5456.924,2,1,0.0238515152717612,False,DOR<=0.1,,-0.0007312891620663287,0.0007068762592596922
11476500,0.8693954131678625,0.8829734756013289,0.8677582430043286,0.8828459417015031,0.842070024928589,0.803025368556914,1390.243,0,0,0.0,False,none,control,-0.0016371701635339297,-0.00012753389982578245
11480390,0.7627240205040123,0.72397000808141,0.7502037019150535,0.7163468285480945,0.5699859763357907,0.2260439789600347,242.5977,1,1,0.2779294648104206,True,0.1<DOR<=0.5,dam,-0.012520318588958856,-0.007623179533315483
11480410,0.748224651989581,0.6832382814493856,0.7471832990515447,0.6798176077516175,0.7206312757551361,0.6849892620050277,312.9813,1,1,0.2071669578345574,True,0.1<DOR<=0.5,dam,-0.0010413529380363107,-0.0034206736977681063
11460600,0.7285840402008235,0.5992585309407048,0.7424591570582806,0.6018881133687989,0.7683969424327278,0.646479371654332,211.5945,2,2,0.7167037724000463,False,0.1<DOR<=0.5,dam,0.013875116857457126,0.0026295824280940794
11462500,0.8485958626250564,0.8980783068649258,0.8556464300565494,0.8889099508376674,0.8556873379225075,0.8678415188889399,938.709,1,1,0.1509787732070473,False,0.1<DOR<=0.5,,0.007050567431493016,-0.009168356027258406
11463000,0.8705539814722026,0.8616340552223138,0.8747177001336814,0.8570476014418229,0.870820885455406,0.7833921437910953,1302.663,2,1,0.1129398069481335,False,0.1<DOR<=0.5,,0.004163718661478799,-0.00458645378049094
11464000,0.9035730589271844,0.8766682354882007,0.8993283006149111,0.8680820049348568,0.9057410590341064,0.8784575137614802,2056.271,3,1,0.0737127021711101,True,0.1<DOR<=0.5,,-0.0042447583122733334,-0.008586230553343954
11465000,0.231793821892589,0.5439117413683904,0.4222375419621285,0.6216364272580139,0.20785730882825992,0.5603067836446118,338.0238,1,1,1.3951367909832917,True,DOR>0.5,,0.19044372006953947,0.07772468588962356
11465200,0.5559572407725489,0.5758692165348087,0.6054509483087684,0.5789278774460003,0.3637820910393681,0.6102829394751884,421.5618,1,1,1.0250873373188665,False,DOR>0.5,,0.04949370753621951,0.0030586609111915575
11467000,0.8957889109909818,0.84418331458412,0.8918249121197459,0.8313630348053055,0.8837460169300045,0.8522425951695662,3465.202,6,2,0.2059263832022013,False,0.1<DOR<=0.5,,-0.003963998871235885,-0.012820279778814503
11160500,0.844457618447246,0.9188081012027333,0.8445279997357807,0.9190209659257684,0.8480187545692046,0.8563529508535728,275.8086,0,0,0.0,False,DOR<=0.1,control,7.038128853475989e-05,0.00021286472303516657
11161000,0.8447904517048559,0.7772520739628094,0.8446260726660619,0.7761212156003884,0.8867536322001667,0.8708017866874829,298.2771,0,0,0.0,False,DOR<=0.1,,-0.00016437903879396032,-0.0011308583624209945
11162500,0.72489804736999,0.7522957047728906,0.7296998912994177,0.7543720937645694,0.567689665599916,0.3923030995958263,118.8711,0,0,0.0,False,none,control,0.004801843929427729,0.0020763889916787237
11164500,0.6900172782443001,0.7766951977084233,0.6975243018592622,0.7797062495412459,0.7063136605570198,0.7094288068740718,97.65,1,0,0.0966040594787131,False,none,,0.007507023614962027,0.0030110518328225755
11143000,0.8079967729389005,0.7416768149315434,0.8069058521192618,0.740417505848096,0.8160870804697132,0.9045747135489302,120.6126,0,0,0.0,False,none,control,-0.0010909208196386855,-0.0012593090834474019
11143250,0.8429334321426843,0.9148081822598365,0.8417364607178608,0.9139345247982426,0.8331799139994166,0.8876091172146635,637.7616,1,0,0.0394307936363376,False,none,,-0.0011969714248235563,-0.0008736574615939574
01408120,0.740062073702942,0.8621862774823696,0.7351272804041367,0.8599908962366264,0.7229260977832095,0.8215522150930876,91.2879,0,0,0.0,False,none,control,-0.004934793298805307,-0.0021953812457432553
01408500,0.7037330464143052,0.7655957390742862,0.7039071883102828,0.7662017694426847,0.595549004177379,0.6747627306937098,318.7953,2,0,0.0030685538549927,False,none,,0.00017414189597753094,0.000606030368398458
01464500,0.7628045274437523,0.7935101202173347,0.7605052154821843,0.7887170432343059,0.6704940851847158,0.6655685155418363,200.8458,1,0,0.001002805387444,False,none,,-0.0022993119615679625,-0.004793076983028777
01467000,0.6740669316374482,0.7352771753658678,0.6724850932042177,0.7348917890249063,-0.36533953745126824,0.1767108836507315,323.5545,9,0,0.0275109546010518,True,none,,-0.0015818384332305646,-0.00038538634096152435
01208925,-1.4190076616623868,-0.8150492013467667,-1.3661763093653834,-0.8053194482922525,-1.5989803255364867,-0.8611970479737061,74.5146,4,1,1.2280743967058183,False,DOR>0.5,dam,0.05283135229700342,0.009729753054514179
01304500,-0.4905188726498564,0.4261354221762882,-0.4897169035048399,0.4262256224077626,-4.486125031611787,-0.0875441443754823,192.3507,0,0,0.0,False,none,control,0.0008019691450165123,9.020023147443545e-05
01305000,-19.77359479125482,-0.5589788314218533,-19.778823023520395,-0.5586225531241589,-21.344941735585326,-0.6157848263956838,190.2237,1,0,0.003883963020679,True,none,,-0.005228232265576338,0.00035627829769446784
01308500,0.383459978771011,0.36173046565449907,0.3810418041965331,0.35998969742165576,-0.28506402347341386,0.24349461361092195,94.33336,1,0,0.0031260141715091,True,none,,-0.002418174574477905,-0.0017407682328433038
01375000,0.7443012738188719,0.8609340904067412,0.6996292262740733,0.8499577357257755,0.7341292999444007,0.847856824474204,980.0289,13,10,0.7178938120911792,True,DOR>0.5,dam,-0.04467204754479859,-0.010976354680965694
01378500,0.6113348161080975,-0.32306555412538773,0.5902701579874462,-0.38775637627757686,0.5432445086576658,-0.5293138035713059,300.3462,4,2,0.7144335689253071,True,DOR>0.5,dam,-0.02106465812065128,-0.06469082215218913
01379000,0.5782380919443596,0.677249732168625,0.57917467472295,0.6775721020835928,0.5687145319506528,0.7213671745842937,140.4292,2,0,0.0006142028794841,False,none,,0.0009365827785904335,0.00032236991496770173
01379500,0.6692616225076433,0.7551398191807643,0.6720439059755586,0.7507321529042811,0.5751449394674437,0.7627176824525153,256.0499,2,0,0.0003183677019416,False,none,,0.002782283467915314,-0.0044076662764832575
01381000,0.8490842654094148,0.8337398170840596,0.8405122730808838,0.8259536327345105,0.810537527854412,0.7178521685450654,314.3538,6,2,0.4574612246660852,True,0.1<DOR<=0.5,dam,-0.008571992328531008,-0.007786184349549141
01381900,0.7497424055311013,0.7535903677779074,0.7581192482183823,0.7538611547654108,0.6567964380080829,0.823442287919018,907.8039,13,2,0.1177491687051996,False,DOR<=0.1,dam,0.008376842687281005,0.0002707869875033797
01383500,0.24735583249180837,0.3302164684519765,0.34334904351792483,0.3574651929631749,0.23758371468989425,0.30205066010009995,75.3111,4,2,0.9974676103488744,True,DOR>0.5,dam,0.09599321102611647,0.02724872451119842
01387400,0.8276386427926473,0.8463831202372798,0.8203392293779699,0.8430184204794845,0.835240472361529,0.8829853852640654,231.6789,3,0,0.0384320172483693,False,none,,-0.007299413414677436,-0.0033646997577952975
01387420,0.8227832337955507,0.7957171164744538,0.8161563352278237,0.793545989876318,0.83430954911647,0.836303508980036,247.6512,3,0,0.0371339275622741,False,none,,-0.006626898567727024,-0.0021711265981357863
01387500,0.7831737618590956,0.7144705474667286,0.7858706556402334,0.7174497517766179,0.778771099001214,0.6921457799874202,318.7935,5,0,0.0415419550605385,True,DOR<=0.1,,0.002696893781137799,0.002979204309889294
01388000,0.8518522355111515,0.8269180656468901,0.8513549029710477,0.8239396912364162,0.8486354030537157,0.857966129885832,420.579,5,0,0.0314576738802374,True,DOR<=0.1,,-0.0004973325401038675,-0.002978374410473883
01388500,0.8696956602940523,0.8369388353998595,0.8591049742856679,0.8042906190705141,0.87330258805112,0.8571323249523934,923.0895,24,14,1.6094685967879634,False,0.1<DOR<=0.5,,-0.01059068600838442,-0.032648216329345336
01389500,0.772476627924897,0.8809964394106531,0.8213412150264559,0.9009602071024867,0.6683906133672746,0.7901104761623134,1981.95,38,16,0.8641113816741404,True,0.1<DOR<=0.5,,0.04886458710155883,0.01996376769183361
01391500,0.7967267585325786,0.8256368376294771,0.7983628972415628,0.8307624802667581,0.75705669877379,0.8454266736295419,146.4624,1,0,0.0007003037855365,False,none,,0.0016361387089842694,0.0051256426372809916
01403060,0.8407517159446439,0.7378193600012494,0.837539773782084,0.7349150595062801,0.872760055448024,0.7903738857203673,2025.166,15,1,0.0413466646363261,True,0.1<DOR<=0.5,,-0.003211942162559933,-0.0029043004949692586
01407500,0.7462456393034498,0.7641226163390511,0.7381978269834086,0.7624973800814034,0.7556510711422568,0.8177120095347481,127.494,1,0,0.2066567390214226,True,none,,-0.008047812320041148,-0.0016252362576476553
01168500,0.7431858268198521,0.7644273696956477,0.7435078361806642,0.7667217409787243,0.7217012434343082,0.8175560957209381,938.5038,6,2,0.2074582685916253,False,DOR>0.5,dam,0.0003220093608120589,0.002294371283076524
01169000,0.7129872414365918,0.7687990787261939,0.7036789651088191,0.7648500883892588,0.7286805177674799,0.8189267460537587,230.6412,1,0,7.658255805390497e-05,True,none,,-0.009308276327772647,-0.0039489903369350765
01170000,0.7570851446919453,0.8010616038487082,0.758458918035231,0.8082751974422557,0.7169234998694745,0.8524943540732962,1451.378,12,2,0.1435748842541393,False,0.1<DOR<=0.5,dam,0.0013737733432857002,0.007213593593547563
01170500,0.8969005760136629,0.9200107053859461,0.8961085173840756,0.9139691054946987,0.7667340265860122,0.8776623581406944,20389.69,121,15,0.0811880554579965,False,DOR<=0.1,dam,-0.0007920586295873111,-0.006041599891247418
01173500,0.8189735562859206,0.7704705854781239,0.8164255222964397,0.7581225606580239,0.8102123559556389,0.7947078998184243,510.3333,10,1,0.2469511321115818,False,none,,-0.002548033989480891,-0.012348024820100001
01176000,0.8656392320532698,0.8385119563895058,0.8643290585363878,0.8386358942432316,0.8514275908593768,0.8974620847630891,387.1593,4,0,0.0144071457043976,False,none,,-0.0013101735168820072,0.00012393785372577515
01177000,0.8599931802800583,0.9196345331227328,0.8622730773489681,0.9204067027241638,0.818849290848344,0.888827607263403,1785.374,24,1,0.1134098541187542,True,DOR>0.5,,0.002279897068909742,0.0007721696014310053
01181000,0.7383812894119024,0.7445574909441128,0.7304132171791291,0.7422128918429823,0.7617559375337439,0.8035124391348731,243.495,0,0,0.0,False,none,control,-0.007968072232773293,-0.0023445991011304956
01183500,0.7924443906247336,0.8967317397026149,0.8044327993936489,0.9020425844067619,0.6167472926229679,0.8027049660818668,1292.801,10,3,0.204358635513269,True,0.1<DOR<=0.5,dam,0.01198840876891527,0.005310844704147
01184000,0.911696530685592,0.927602657306801,0.9130722088563281,0.9236720375586652,0.6882590661226389,0.842470702973044,25049.46,184,20,0.0881749180786044,False,0.1<DOR<=0.5,,0.0013756781707361387,-0.0039306197481358
01185500,0.6206574052860365,0.6028952396550689,0.6178112405610547,0.6010487462616575,0.6248690475645379,0.6211308400536913,237.4254,1,1,0.1485323987298397,False,0.1<DOR<=0.5,,-0.002846164724981781,-0.0018464933934113636
01186000,-0.17473249592130236,0.43223346527596507,-0.0352267664128918,0.46237123699998917,-0.2725932503410404,0.40856118604696845,333.5841,3,3,0.393765270641818,True,DOR>0.5,dam,0.13950572950841056,0.0301377717240241
01188090,0.7787225380101813,0.8366762661909936,0.7911431026637692,0.8226171954800451,0.6542187645464407,0.7569811788625244,977.783,11,8,0.444693634587043,True,DOR>0.5,dam,0.012420564653587873,-0.014059070710948474
01189995,0.8406293135399121,0.8890937710753655,0.8588339951828361,0.879922568375021,0.6276271353725336,0.7780319477713353,1492.974,13,8,0.2792687244477018,True,0.1<DOR<=0.5,,0.018204681642923992,-0.009171202700344439
01192500,0.7663367758719501,0.765275120428908,0.7551632759389676,0.7578641416055133,0.787581704244686,0.8433108970394108,190.6678,8,1,0.0989068611159534,True,DOR<=0.1,dam,-0.011173499932982556,-0.007410978823394698
01193500,0.7872284280382125,0.8674607993169012,0.7864781824489502,0.8679459712625266,0.7088239018165208,0.7366701344871158,271.2563,1,0,0.0009339870131968,True,none,,-0.0007502455892622883,0.00048517194562536226
01196500,0.7748822710232349,0.8724912055851342,0.7184474599137818,0.8536916514274286,0.5564194565590896,0.52113165748079,285.7488,3,0,0.0313250035638808,True,none,,-0.05643481110945314,-0.01879955415770551
01197000,0.8002609136216916,0.8978583338437828,0.7919745486526443,0.8947200071639451,0.6520418311836884,0.6418113224260273,149.5539,3,0,0.0131266572738123,True,none,,-0.008286364969047333,-0.0031383266798377107
01197500,0.8576555226693574,0.8512089788291262,0.851119158205869,0.8518824570398665,0.8197701683649021,0.8955954415059985,732.8628,13,1,0.0432924616201887,True,DOR<=0.1,,-0.0065363644634883755,0.0006734782107403747
01199000,0.8661956213703017,0.9227520261254699,0.8553052407821247,0.9190777603915038,0.7396282375838301,0.8499639678187312,1643.036,19,1,0.0235299693381927,True,DOR<=0.1,,-0.01089038058817704,-0.00367426573396612
01199050,0.7867163968801962,0.8509843183616785,0.777101441213689,0.8456688147157208,0.7205861944378198,0.7229034709005471,76.0986,1,0,0.0,False,none,,-0.009614955666507274,-0.0053155036459577865
01200500,0.9003349591272896,0.9136807284347415,0.8980149443153258,0.9156619263054114,0.8034799940106689,0.8680198597953991,2583.356,23,1,0.015310067031772,False,DOR<=0.1,,-0.0023200148119637554,0.0019811978706699707
01204000,0.784487343812552,0.8504639758886935,0.7866670056757125,0.8523680149264018,0.6802849524139856,0.6600954270974073,195.2595,1,0,0.0,True,none,,0.0021796618631604314,0.001904039037708305
01205500,0.8485857506947988,0.8894572711721958,0.8343786773312516,0.8849207231972481,0.7997763469148402,0.8872282950101871,3998.594,37,5,0.1373485547106716,True,0.1<DOR<=0.5,dam,-0.014207073363547207,-0.0045365479749476245
01206900,0.534923291612003,0.6273799008987331,0.5532464313005556,0.6262566731380887,0.5336811545281733,0.6677717040170597,260.7732,6,2,0.5519323640142991,True,none,dam,0.018323139688552592,-0.0011232277606443297
01208500,0.802444536928021,0.8556476204241551,0.8004028977322133,0.8475908491113765,0.7699265406994593,0.8007517266961305,674.4304,13,2,0.2154521490781794,False,none,dam,-0.0020416391958076874,-0.008056771312778599
01331500,0.8149180798852365,0.9066151309035186,0.8195720292975572,0.9081831395375736,-0.252971508245569,0.04270438667404641,121.0464,0,0,0.0,False,none,control,0.004653949412320779,0.0015680086340549293
01332500,0.7149177522631973,0.5761631653036872,0.7176471228308737,0.5785248995300638,0.8284732033116606,0.8795738703179932,328.3083,1,0,0.0002752351428387,False,none,,0.0027293705676764146,0.002361734226376644
01333000,0.7528198767640892,0.776579812017979,0.750191870270115,0.7748616556464853,0.756633161385097,0.8203005893352435,112.1643,0,0,0.0,False,none,control,-0.002628006493974211,-0.0017181563714936399
01364500,0.6800828514359717,0.7069254795459149,0.7049597229867974,0.6221259424010714,0.5633657548014614,0.6133140132908348,1084.421,2,1,0.9166985173364464,True,DOR>0.5,dam,0.02487687155082574,-0.08479953714484345
01367500,0.8252454747115291,0.775304491501235,0.8291910037740676,0.78635164786286,0.7955058250968252,0.7289736743537492,940.1213,5,1,0.3208793656824199,False,0.1<DOR<=0.5,,0.003945529062538533,0.01104715636162501
01371500,0.8793950893301202,0.9152312311292213,0.881698236775957,0.9159066073335123,0.8491273877318003,0.8995425280548739,1866.345,4,0,0.0025928836414367,False,none,,0.0023031474458368173,0.0006753762042909228
01372500,0.8476534593033038,0.9077150964391264,0.8478995774089988,0.907718677357061,0.7207838462320267,0.6157977199698694,441.8134,1,0,0.0032975864297433,True,none,,0.00024611810569497017,3.5809179346202313e-06
01098530,0.8250499512875065,0.8010570962211979,0.8287667761973854,0.8019236903987074,0.8255306095854478,0.8681985624044508,274.2327,8,1,0.183729783061348,False,0.1<DOR<=0.5,,0.003716824909878902,0.0008665941775094499
01103500,0.912748500437878,0.9470295895567256,0.9104923471912065,0.9468349524170393,0.8066555074004048,0.866212055660375,473.3199,15,0,0.0051239564457606,True,none,,-0.0022561532466714995,-0.00019463713968626006
01104200,0.8557427810964571,0.8422830443071101,0.853004614695742,0.8401455657441859,0.6935554322102131,0.6935162281387097,548.3745,15,0,0.0053537561461305,True,none,,-0.002738166400715114,-0.002137478562924233
01109060,0.9089106903661608,0.8776581259852699,0.9090069816923891,0.8771730404469587,0.9036515181658026,0.8854077648542109,220.1049,8,0,0.0331929280388023,True,none,,9.629132622834824e-05,-0.00048508553831128065
01109403,0.876399139049408,0.8858855244627718,0.8725666597238695,0.8822341075609382,0.8856304748161113,0.904896218757856,137.592,8,0,0.0258605859211033,True,none,,-0.0038324793255385403,-0.0036514169018335707
01111500,0.8933659207412965,0.9430780310031102,0.894501785736899,0.9438499230630948,0.884575493108368,0.9195196551276335,237.2391,9,0,0.025327036889788,True,none,,0.0011358649956024758,0.0007718920599846246
01116000,0.8221425454056275,0.9105022654811066,0.8196277677762733,0.9093102293341683,0.7678085641052612,0.7994804287818902,168.2577,8,0,0.0501380900712351,True,none,,-0.002514777629354148,-0.0011920361469383023
01116500,0.8470330762498322,0.8654635433554045,0.8392046931325536,0.8466963426932748,0.850763472694752,0.8722734088781421,525.0195,17,1,0.4348265375289169,True,none,dam,-0.007828383117278515,-0.01876720066212978
01117500,0.8726218848121756,0.8863782534402527,0.868736148128318,0.8846418107671066,0.7503285677139078,0.7030709303534499,260.4375,4,0,0.006032064433215,True,none,,-0.00388573668385761,-0.0017364426731460991
01117800,-0.3693851411483464,-0.07201724901470397,-0.36944201897833984,-0.07203538887212879,-0.4100676244371695,-0.09239171631714327,90.76591,3,0,0.0116918244007651,True,none,,-5.687782999341806e-05,-1.8139857424825934e-05
01118000,0.9008818777370303,0.9243155909082282,0.8980653828813275,0.9225411619486347,0.8296385693852684,0.7314116666130104,193.2111,6,0,0.0129951549170689,True,none,,-0.002816494855702789,-0.0017744289595935658
01118500,0.9019522185599078,0.8746317026283075,0.9019520842801416,0.8737871209943424,0.8652583395864766,0.9056794064103438,765.774,14,0,0.0062172079379681,False,none,,-1.3427976619517779e-07,-0.000844581633965058
01119500,0.8277973238855029,0.8588297409607752,0.8277445964085856,0.8574046268490323,0.8197089799802784,0.8994838898426138,314.8461,9,0,0.0307736379515728,True,none,,-5.272747691731361e-05,-0.0014251141117429533
01122500,0.836540960484098,0.889323805050062,0.8408454169312912,0.8883465692749768,0.7595313341296803,0.8779668180104474,1048.47,13,0,0.0174739163389006,True,none,,0.004304456447193239,-0.000977235775085239
01124000,0.8599196571930943,0.8651452320596412,0.8605626210360686,0.8660355920241743,0.8321387461876214,0.8484781427673341,392.0004,11,0,0.0229294437189681,True,none,,0.0006429638429743534,0.0008903599645331273
01127000,0.9210820209379966,0.9535381226586493,0.9254092795054044,0.9545099296301041,0.8447624941655516,0.9028504920943514,1838.699,46,1,0.0544660595328223,False,none,,0.004327258567407788,0.000971806971454714
01127500,0.794647329006029,0.8000124747560976,0.7908759977897609,0.7956609195754751,0.782597531751914,0.8716430799665339,230.7345,5,0,0.0425949998163685,True,none,,-0.003771331216268048,-0.004351555180622468
01172500,0.4663685603039478,0.6311940514001337,0.5331241666009303,0.6586310185919833,0.46377788216091054,0.634379275898225,142.6932,2,1,0.8559050412818364,True,none,dam,0.06675560629698252,0.027436967191849515
01173000,0.7400194229671127,0.8161185778705358,0.7653587825502459,0.8159885288093826,0.7311196341196583,0.8198052747796897,248.9728,5,1,0.4941013670790822,True,none,dam,0.02533935958313327,-0.00013004906115321457
01076500,0.8223929125119316,0.9017876992703389,0.8288390362003005,0.9080223030402083,0.8154567467589703,0.9007230319771199,1608.937,6,0,0.0011329894621599,False,none,,0.006446123688368943,0.006234603769869396
01078000,0.8614522628516696,0.9018187033488952,0.8603735136921352,0.8995051266868821,0.8387732366820061,0.844891499286392,222.4566,1,0,0.0016428854264054,False,none,,-0.0010787491595344312,-0.0023135766620131504
01144000,0.8140042836051913,0.8629244497922103,0.8305444017724432,0.872736107443504,0.8265232835112826,0.9033798420408025,1790.244,1,0,4.829799224142588e-05,False,none,,0.01654011816725187,0.00981165765129377
01151500,0.7305952275779193,0.7796150728757366,0.7339779329295844,0.7844696719186628,0.7281067806958418,0.7940027119342616,576.1521,7,0,0.01123533047585,True,none,,0.003382705351665072,0.004854599042926178
01152500,0.8485131112545296,0.9087534607111443,0.8514069152857999,0.9137928213539874,0.8472818840614276,0.9184561105992821,700.3791,9,1,0.0635243083701368,True,0.1<DOR<=0.5,,0.002893804031270375,0.00503936064284316
01153550,0.7768733195606755,0.8452669221697611,0.7763943779843786,0.8459747337059513,0.7613837568761838,0.8428841300179636,289.5507,0,0,0.0,False,none,,-0.0004789415762969096,0.0007078115361902615
01154500,0.8769328773155866,0.8985738390710223,0.880056269336225,0.8924730642854313,0.8031521144101261,0.9008230300759781,14220.09,70,10,0.0833737971205421,False,DOR<=0.1,dam,0.0031233920206384935,-0.006100774785591012
01161000,0.8337363788175289,0.9055270191168514,0.834886784899266,0.9120213978926371,0.7794539168279911,0.8813964079096812,1089.694,9,0,0.0096586716913332,True,none,,0.0011504060817371098,0.006494378775785736
01162000,0.5248838631185159,0.5717801508371545,0.5187450811193581,0.5709376169284892,0.45940956100547703,0.5419760812549717,212.6241,8,0,0.0363634430188816,False,DOR<=0.1,,-0.006138781999157739,-0.0008425339086652883
01162500,0.2291886517067463,0.2210953674790952,0.20560965515907004,0.21356686318308804,0.11782087817014975,0.1723141177375459,49.70559,2,0,0.0180540727544868,False,none,,-0.023578996547676256,-0.007528504296007155
01327750,0.6682195063348212,0.8023674472589408,0.6668509313447771,0.802931858746226,0.35664672890610427,0.6603119556212191,7334.232,32,8,0.2439268938557489,True,0.1<DOR<=0.5,dam,-0.001368574990044058,0.0005644114872851436
01331095,0.7409589456678587,0.8261178298664741,0.7461707557595768,0.8284775857017148,0.4847395162245395,0.7015003610368997,9784.651,47,10,0.2180889472969577,True,0.1<DOR<=0.5,,0.0052118100917181165,0.002359755835240729
01334000,0.7722295214635831,0.8736048732446231,0.7677314787818587,0.8728344243433216,0.6933017476959036,0.7186722847701614,299.5632,1,0,0.0030588937793063,False,none,,-0.00449804268172449,-0.0007704489013015126
01334500,0.8501112101522051,0.8342587544524384,0.8509778312339519,0.8349290149231658,0.8558421122737296,0.9133695662224327,1324.343,4,0,0.0015369353922389,False,none,,0.0008666210817467324,0.0006702604707274906
04280000,0.7125381053322075,0.837076153172694,0.7126949553826337,0.8383439015904777,0.7084974209722505,0.8460992537836847,487.5885,3,1,0.0482190529828084,True,none,,0.00015685005042620492,0.001267748417783654
04282000,0.7519781322391019,0.8759872551798883,0.7511141587595619,0.8754025691010379,0.7316825121556737,0.8583472337116597,798.1479,4,1,0.0508560329394343,True,DOR<=0.1,,-0.0008639734795400367,-0.0005846860788504271
04282500,0.5591732343271305,0.7790401866926686,0.5485179774227825,0.7742385418411267,0.4171713368940724,0.7133207689910543,1632.865,8,1,0.0327620127554308,True,DOR<=0.1,,-0.010655256904347987,-0.004801644851541886
01129200,0.4121243178228219,0.44163397620185185,0.4053642275239384,0.43060037979970545,0.3647212702058521,0.4328148571303291,658.7442,5,4,0.4801109951924168,False,DOR>0.5,dam,-0.00676009029888347,-0.011033596402146406
01134500,0.7195318858576512,0.8527969968490599,0.7398093974565167,0.8604121078391639,0.059242197057309265,0.0727186073119197,195.1299,0,0,0.0,False,none,control,0.020277511598865594,0.007615110990104035
01135500,0.8316635658489829,0.8258893125841834,0.8399111887476858,0.8303604948954535,0.8602724966811722,0.8999915686871928,1124.902,6,0,0.0010367369528362,True,none,,0.008247622898702844,0.004471182311270083
01137500,0.6458956770351838,0.8224645461142417,0.682365178860779,0.8315176415806422,0.2959488858576693,0.29588822498161693,228.5543,2,0,0.0013593165772344,True,none,,0.03646950182559516,0.00905309546640054
01139000,0.8163622700226405,0.8691931604678872,0.8144789817010013,0.8688815136452664,0.8174537717022118,0.8942570132544797,246.3333,3,0,0.0472646634559506,True,none,,-0.0018832883216391982,-0.00031164682262074805
04285500,0.7396299852429951,0.8248859098186059,0.7391074969305931,0.8170953670719372,0.7291196982571578,0.8499612700865381,181.8963,3,1,0.3149456556848356,True,none,dam,-0.0005224883124019808,-0.007790542746668683
04286000,0.8351450991527881,0.917829892638878,0.8334577271292434,0.9167387463896166,0.8289640335231087,0.9008481334038209,1022.999,11,3,0.1513243655596384,False,DOR<=0.1,,-0.001687372023544742,-0.0010911462492614321
04287000,0.7837389613397868,0.8868872043444085,0.786636930506136,0.8889002339336481,0.6806045187070859,0.6608088556843998,198.5157,0,0,0.0,False,none,control,0.0028979691663492124,0.0020130295892396566
04288000,0.7635126303136422,0.856750532092391,0.759884127006351,0.8548378926805866,0.7328949954391447,0.824884628998022,364.0464,1,0,0.0009127615704643,True,none,,-0.003628503307291253,-0.0019126394118044177
04289000,0.5167430731718421,0.5014083016505858,0.5105106836972153,0.48908470392894965,0.5169607813276881,0.5054296091785123,286.8759,1,1,0.4158711389402693,True,0.1<DOR<=0.5,dam,-0.006232389474626787,-0.01232359772163616
04292000,0.786521135484052,0.8438668665592546,0.8023079532725469,0.8544090760457812,0.8273136760532911,0.885503258831753,815.2605,8,1,0.071763988122412,False,DOR<=0.1,,0.01578681778849489,0.010542209486526621
04292500,0.8111461879835853,0.8813591164658647,0.8243441784099987,0.8895726020567601,0.8253791844114291,0.8796903124705937,1787.564,13,2,0.0451034843633365,True,DOR<=0.1,dam,0.013197990426413453,0.008213485590895409
04296000,0.7832559273979027,0.8427720169747757,0.7927897111041968,0.8504521140855577,0.782466045375269,0.8450268162353867,302.1894,0,0,0.0,False,none,control,0.009533783706294097,0.0076800971107819915
04296500,0.8432358989744493,0.8664554507927974,0.8433287135675016,0.8666524353505398,0.8418682777518852,0.8680313309420622,375.0174,5,0,0.0577188172805727,True,none,,9.281459305232609e-05,0.00019698455774241896
01073500,0.8866965736646066,0.8622144278085848,0.8873572937182755,0.8630084782423685,0.8732261293774461,0.7810669399461018,471.1374,7,2,0.1180522436409032,True,DOR<=0.1,,0.0006607200536689062,0.0007940504337836662
01081000,0.7155469794628986,0.816825403354117,0.7208112768435707,0.8159442249628209,0.6864209403842663,0.8265503846274872,1216.967,13,3,0.3527654169536772,True,0.1<DOR<=0.5,dam,0.005264297380672134,-0.0008811783912960891
01089100,0.7661410512008924,0.825553259595745,0.7701481899757873,0.8269870215494622,0.7751804934882833,0.7942973178638062,214.1253,0,0,0.0,False,none,,0.004007138774894892,0.0014337619537172497
01092000,0.9099001577726308,0.9444086897075873,0.9074269129384067,0.9466093795415355,0.774515608691247,0.8842130683011556,7987.65,74,7,0.0829300526971986,False,0.1<DOR<=0.5,,-0.0024732448342240643,0.002200689833948166
01094400,0.8390238167382653,0.8325886086584975,0.839566922389588,0.8336785548314085,0.8453437215730868,0.901559837251612,166.1607,9,0,0.0330498711482634,True,none,,0.0005431056513226507,0.0010899461729110271
01094500,0.7994290309301917,0.6717940138055104,0.7968620060952092,0.6699086201875006,0.8584750651090134,0.8417622293471994,279.657,12,0,0.0186712906047845,False,none,,-0.002567024834982501,-0.0018853936180097675
01096000,0.8677339709727299,0.7973396349493111,0.8717927198825826,0.8036069821440667,0.8854973017232378,0.9289783740333353,173.1357,3,0,0.0033034725420824,True,none,,0.004058748909852694,0.006267347194755524
01096500,0.8369649477213612,0.8457055460359464,0.837312836211702,0.8384879236310404,0.7174534538974917,0.8572430652192881,1125.681,22,1,0.408902871616749,True,0.1<DOR<=0.5,,0.0003478884903408419,-0.007217622404905977
01097000,0.8036422658813818,0.6488192449283916,0.8032212670019252,0.6486058583424277,0.8077336947777367,0.6593053991383694,299.3094,9,0,0.0099543713873173,True,none,,-0.0004209988794565689,-0.00021338658596392612
01099500,0.8601352200030432,0.7673478661719517,0.86109531605425,0.7676172100572501,0.8349572598782098,0.7961323276974455,1035.51,21,1,0.0549974198650638,False,DOR<=0.1,,0.0009600960512068379,0.0002693438852984231
01100000,0.9252505643627885,0.9068038922127186,0.9308870467722518,0.9133633728691706,0.8046679607307667,0.8964110196641656,11983.35,146,10,0.0969983581703569,True,0.1<DOR<=0.5,dam,0.005636482409463239,0.006559480656451955
01101500,0.8037429035536655,0.8273515605467813,0.8028984733659807,0.8261422012924231,0.5370671759272259,0.4378728371902809,115.2826,1,0,0.0006310710171493,True,none,,-0.0008444301876847637,-0.0012093592543581666
01102000,0.811508466333605,0.5892971470347894,0.8107864475136013,0.5883385566298687,0.9040295253891311,0.8840103969632831,316.4265,1,0,0.0002243227175071,False,none,,-0.000722018820003667,-0.000958590404920745
01104500,0.8758519970758578,0.878072284315108,0.8738421227520166,0.8756660704734394,0.7584427742603722,0.7428242597649017,647.4123,17,0,0.0172494389309501,True,none,,-0.002009874323841254,-0.002406213841668614
01038000,0.7740669477314971,0.855175694164385,0.7646719449261191,0.8490662050384779,0.6552032168020325,0.6307322730371001,375.0849,3,1,0.0434383846906051,True,DOR<=0.1,,-0.009395002805377972,-0.0061094891259071415
01047000,0.7923928631049034,0.8801266924858069,0.7947423250044532,0.8776123544620196,0.7919981907560134,0.8955118135041821,909.0972,2,0,0.0028035083500133,False,none,,0.002349461899549765,-0.0025143380237873103
01048000,0.7949722215850594,0.8469463483768316,0.8079972532660746,0.8554534289820258,0.8228689667502429,0.8970988682481448,1339.138,2,1,0.0135875276004622,False,DOR<=0.1,,0.013025031681015209,0.008507080605194228
01049000,0.8137834799120763,0.887431646473513,0.8153211046681208,0.8900607525585063,0.8113662339404402,0.8941012917162049,1488.607,11,3,0.0663315214133134,True,DOR<=0.1,dam,0.0015376247560444645,0.002629106084993227
01049500,0.7689147917593591,0.8848240682776751,0.7723322269718654,0.8866190897767947,0.7244707211668492,0.853015353170429,561.3147,8,1,0.2073752156816888,True,0.1<DOR<=0.5,dam,0.00341743521250637,0.0017950214991195867
01052500,0.8306007824925381,0.8182795488481989,0.8353124655396965,0.8211033651747803,0.8409370556575309,0.8484342959546851,383.8234,0,0,0.0,False,none,control,0.00471168304715841,0.002823816326581463
01053500,0.5277878133421692,0.5825520316538513,0.5333310579706565,0.5810717904647691,0.4819748584484719,0.5805941320577925,2701.495,6,6,0.4121193671352544,True,DOR>0.5,dam,0.0055432446284873205,-0.0014802411890821876
01054000,0.7306855559037313,0.7661542432234123,0.7322629142720289,0.7610140463012226,0.673210527243057,0.7898495252752529,3527.626,13,6,0.3288247062758004,True,0.1<DOR<=0.5,dam,0.0015773583682976433,-0.005140196922189699
01054200,0.6856697048423374,0.7417172326221275,0.6836144676757757,0.7399021378824859,0.6945568491207443,0.7898686567329148,180.981,0,0,0.0,False,none,control,-0.002055237166561641,-0.0018150947396415873
01054500,0.8197998289629402,0.886843885122336,0.8120417587320479,0.885531956323918,0.7179057866420286,0.8571485053222067,5349.329,17,6,0.2035015191416713,True,0.1<DOR<=0.5,dam,-0.007758070230892367,-0.0013119287984180161
01055000,0.7104710934119304,0.7708638020971613,0.7122010529719154,0.7755251307603023,0.5786985181067432,0.6092918855715388,250.641,0,0,0.0,False,none,control,0.001729959559985006,0.004661328663140951
01057000,0.7776426827752816,0.8523063128204388,0.7755889824260883,0.8522015066993354,0.5098487886765841,0.4394677140864599,190.9188,3,0,0.0056375183637811,True,none,,-0.002053700349193277,-0.00010480612110341792
01059000,0.8607494485615221,0.9289952025488137,0.8611554719685842,0.9292887925386923,0.6128708782354096,0.7908777547917557,8444.24,48,9,0.1619381576240299,False,0.1<DOR<=0.5,dam,0.00040602340706208384,0.0002935899898786065
01064500,0.7763517384289483,0.8779446712624207,0.7890875735834291,0.889014547326767,0.7566018135011023,0.8576178559409967,993.6964,2,0,0.0009134594225137,False,none,,0.012735835154480735,0.011069876064346285
01066000,0.7107715813987776,0.8425325662040427,0.707172516823395,0.8410535962674495,0.4583137973113426,0.7070298604338814,3354.558,18,4,0.0405548173153521,False,DOR<=0.1,,-0.0035990645753826156,-0.001478969936593244
01031500,0.8427524093109001,0.8985110285126033,0.8439571566467445,0.8999214596967489,0.8424156799571231,0.9161103784317448,769.0482,3,0,0.0089065589337397,False,none,,0.0012047473358444138,0.001410431184145522
01042500,0.30918109970922214,0.55817805626123,0.3205403950567616,0.5573662414704463,0.2622522899465096,0.5570964893127792,4124.36,5,4,0.1483594665880528,False,DOR>0.5,dam,0.011359295347539433,-0.0008118147907836271
01046500,0.5665121355387278,0.7261220317089092,0.5542117147586221,0.7082349158809351,0.5095380413092423,0.7228032207060933,7056.902,13,7,0.2395101941174054,True,DOR>0.5,dam,-0.012300420780105736,-0.017887115827974087
01011000,0.8778903465302597,0.8600324473242119,0.8789474566687225,0.8630386453770242,0.8701158450110678,0.845299925829137,3186.844,1,1,0.0526021765908249,False,DOR<=0.1,,0.00105711013846288,0.0030061980528123255
01013500,0.9104846593248016,0.9281991419597828,0.9110413188048274,0.9280547810746924,0.9026843617155266,0.9280490411836264,2252.696,0,0,0.0,False,none,control,0.0005566594800258118,-0.0001443608850903999
01019000,0.14188413909664022,0.27118651370860325,0.14514857532458258,0.2726469998781399,0.12864519458356927,0.26924410593390813,620.6238,1,1,0.5685631018313474,True,DOR>0.5,dam,0.003264436227942369,0.0014604861695366456
01022500,0.8429867857306944,0.919967119787868,0.8358557780223693,0.9154299028812185,0.8307973001738636,0.9082707162699266,573.6006,2,1,0.0269711634491718,True,none,dam,-0.007131007708325088,-0.004537216906649544
01030500,0.9137448998012012,0.9387510432566352,0.9135024500741333,0.9370732994603742,0.8982183567967177,0.9419558232042555,3676.172,2,1,0.0124457324709389,False,DOR<=0.1,,-0.0002424497270678838,-0.0016777437962609554
01034000,0.8565849742782179,0.8981540006843444,0.8579047215875756,0.8955620726971727,0.7910954715833771,0.8821489385481758,3011.229,9,3,0.0489411480178938,False,DOR<=0.1,,0.0013197473093576884,-0.0025919279871716716
01034500,0.8849509231638626,0.9031604929845564,0.8903521461297467,0.9133865133086477,0.8355552771442759,0.8656977970398375,17347.38,41,20,0.182357481039921,False,0.1<DOR<=0.5,,0.005401222965884078,0.010226020324091367
01015800,0.9020623592795389,0.8983360238169329,0.9015997075725134,0.8985176774344886,0.8977853139768687,0.8905963572645738,2313.755,1,1,0.0200943297274064,False,DOR<=0.1,,-0.0004626517070255298,0.00018165361755573262
01017000,0.9106552666808849,0.933063775146935,0.9091919396510643,0.9327226498812496,0.9117108541182118,0.9240919788804652,4278.907,2,2,0.0394383655610343,False,DOR<=0.1,,-0.0014633270298206602,-0.00034112526568530477
