STAID,nse_off,kge_off,nse_learned,kge_learned,nse_base,kge_base,area_km2,n_nid,n_nid_ge10mcm,nid_dor,nid_on_gauge_reach,nwm_cls,smoke_role,dnse,dkge
14190500,0.8969508791525855,0.922145879788166,0.8874905178474641,0.9185174303355297,0.8754681248901153,0.8481105177223798,603.4942,0,0,0.0,False,none,control,-0.0094603613051214,-0.0036284494526362954
14301000,0.9459555573454307,0.9346331588824991,0.9493978744675066,0.9408504856198994,0.9427664461323382,0.9426347664403104,1743.544,1,0,0.000514202955206,False,DOR<=0.1,,0.0034423171220758775,0.006217326737400275
14301500,0.8920639846550085,0.7656200949774679,0.8896739091324518,0.7630847839345456,0.8966158369797994,0.7907410989413804,417.5676,0,0,0.0,False,none,control,-0.002390075522556656,-0.0025353110429222614
14305500,0.8510588262779726,0.7896161058919986,0.8628622622680308,0.7983153536181394,0.8771296428001245,0.9170402747219505,526.3299,0,0,0.0,False,none,control,0.011803435990058175,0.008699247726140835
14150000,0.4377348784011048,0.5844248396596573,0.5479019561511176,0.6782625935284234,0.38703881704641907,0.5794476882624595,2605.191,3,3,0.3781061174872411,True,0.1<DOR<=0.5,dam,0.11016707775001278,0.09383775386876614
14152000,0.5965228174978809,0.6851510758515303,0.663428967313918,0.7314739190828525,0.5671329488682253,0.6972497485019276,3491.435,4,4,0.3167403828245292,False,0.1<DOR<=0.5,dam,0.06690614981603704,0.046322843231322186
14153500,0.693963211024524,0.8197208750052741,0.7341361456183179,0.8136202104656286,0.6669291603667209,0.8333213663592491,274.9752,1,1,0.1812738585787871,True,0.1<DOR<=0.5,dam,0.040172934593793896,-0.006100664539645528
14154500,0.8726262052190422,0.8118087725973173,0.870620165777533,0.8116756742870687,0.8773572696341528,0.8107589496038567,546.8105,0,0,0.0,False,none,control,-0.002006039441509233,-0.00013309831024865826
14155500,0.5011541939999723,0.7312582478465173,0.7274798291385298,0.7790129826836802,0.46459900621798544,0.7157201610347027,696.4029,1,1,0.1496152124560538,True,0.1<DOR<=0.5,dam,0.22632563513855752,0.04775473483716297
14157500,0.8658355316322517,0.9090225239707054,0.8656117338485623,0.8809784037189907,0.8269135652051713,0.836673594624223,1663.972,2,2,0.1053982489769002,False,0.1<DOR<=0.5,dam,-0.00022379778368941672,-0.028044120251714655
14166000,0.8536292502555822,0.8306759314443924,0.8525882035122208,0.8006203082233918,0.8286209277648089,0.8669829815573694,8895.176,13,9,0.1722660994587686,False,0.1<DOR<=0.5,,-0.0010410467433614734,-0.030055623221000638
14166500,0.7487147251142632,0.650401213361884,0.7492004695540173,0.6497981796993194,0.741721904691655,0.6450484499008712,226.5246,2,0,0.0013292744750087,False,none,,0.0004857444397541322,-0.0006030336625645338
14169000,0.37984786831480455,0.6353289050024564,0.6038771729332935,0.7366476127683756,0.29746010656067245,0.619320908729214,660.5496,3,1,0.2733219732096261,True,0.1<DOR<=0.5,dam,0.2240293046184889,0.10131870776591922
14170000,0.7103647278613909,0.7548812596428223,0.7802475878011219,0.7572843471130026,0.6821872542618765,0.8123588868397419,1021.562,3,1,0.1922110706302198,False,0.1<DOR<=0.5,dam,0.06988285993973098,0.002403087470180365
14174000,0.890034602535343,0.9314301234511283,0.8946235454270167,0.9181741235928461,0.8100360887994286,0.8806934810247455,12574.71,16,10,0.1504511500119502,False,0.1<DOR<=0.5,,0.004588942891673775,-0.013255999858282186
14306500,0.896363259136771,0.8769604711346898,0.877910139218655,0.871194835758541,0.8698073124313543,0.8559217527401248,857.1636,0,0,0.0,False,none,control,-0.018453119918115934,-0.0057656353761488255
14319500,0.9339719425716588,0.9500169459488499,0.9199353316968986,0.9341077638862567,0.9073968627531845,0.9115902558687298,3514.594,8,1,0.0056312698170404,False,DOR<=0.1,,-0.01403661087476027,-0.015909182062593175
14321000,0.9427548765273273,0.9603534574320114,0.9265475778350174,0.960228473888569,0.8615418127093709,0.903062543938823,9434.701,10,3,0.013154121489114,False,DOR<=0.1,,-0.016207298692309857,-0.00012498354344236962
14308000,0.8912154643543931,0.8834871510117107,0.8812830158380017,0.8768049462424431,0.888873583163018,0.8950498552933169,1167.245,0,0,0.0,False,none,control,-0.009932448516391412,-0.006682204769267619
14308990,0.8666465404489017,0.7270857678963736,0.8209557308703452,0.6977195204594531,0.7076677381179666,0.42274868975510105,167.7555,1,1,0.6410773539212297,True,DOR>0.5,,-0.045690809578556424,-0.029366247436920512
14309000,-0.05854480526474082,0.5032139758855494,0.18878029091280235,0.5916545198116487,-0.9975025757364964,0.09744610866197556,202.1301,1,1,0.5990075366723981,True,DOR>0.5,,0.24732509617754317,0.08844054392609935
14309500,0.758291550766645,0.8071256359235504,0.7361256215325802,0.7998718897703808,0.7712974850721274,0.7923413447206061,224.9208,0,0,0.0,False,none,control,-0.022165929234064796,-0.007253746153169538
14310000,0.8804838484024424,0.8897237317912898,0.8382200511940822,0.8683627742785349,0.7972043931678076,0.7076519727415477,1194.809,1,1,0.0777145152918871,False,DOR<=0.1,,-0.042263797208360265,-0.021360957512754908
14312000,0.9272833348085221,0.9605358759704833,0.9178623530734052,0.957816735314008,0.8983174686269579,0.9040986114354737,4234.129,2,2,0.0281940264943907,False,DOR<=0.1,,-0.009420981735116851,-0.002719140656475272
14316700,0.8948295231596257,0.9244870122650231,0.8889200289034895,0.918891550472339,0.8826049874840111,0.9329542156396854,587.8989,0,0,0.0,False,none,control,-0.005909494256136183,-0.005595461792684109
14325000,0.8144385294821337,0.8292641620130127,0.8064867924035015,0.8357907136385554,0.729998135490185,0.6418288575606694,443.0745,0,0,0.0,False,none,control,-0.00795173707863217,0.00652655162554272
14330000,0.6947646735403338,0.7968226091416308,0.6956401342753604,0.7993268752196829,0.679130736925593,0.7803925859428402,985.7133,2,0,0.0005441021935597,False,none,,0.0008754607350266452,0.0025042660780520976
14332000,0.7308010408776284,0.706645401422404,0.7301469685253044,0.7061796066655708,0.7341261322017303,0.8011514312512902,217.3068,1,0,8.561539295991638e-05,True,none,,-0.0006540723523240644,-0.00046579475683317106
14337500,0.8953405893513642,0.9213868708307654,0.8924164139974234,0.9199541376190001,0.8996039223547686,0.9332493895894919,640.8351,1,0,0.0501593610779179,False,none,,-0.002924175353940739,-0.0014327332117652913
14339000,0.7088831492302751,0.8498179031352056,0.7863719673952027,0.8319953937331319,0.6876231176574025,0.8411926194403152,3154.809,5,1,0.2671524792214699,False,0.1<DOR<=0.5,dam,0.07748881816492759,-0.01782250940207364
14357500,0.7744511350004903,0.8349542703649363,0.7824665358242877,0.8270904540366311,0.7706206486394351,0.8701345251434576,721.8189,2,1,0.4009074668692425,False,0.1<DOR<=0.5,,0.00801540082379737,-0.00786381632830524
14359000,0.8438724712346873,0.9044529560901841,0.8672980819342193,0.8543265849102826,0.8357585689340474,0.9073706035558365,5310.432,11,2,0.2471114934929634,False,0.1<DOR<=0.5,dam,0.023425610699531974,-0.050126371179901485
14361500,0.8841095771469705,0.9040710041479201,0.8900025032954372,0.853202896551412,0.871366920460049,0.9201277376911686,6362.33,11,2,0.2167569851992187,False,0.1<DOR<=0.5,,0.005892926148466704,-0.05086810759650806
14362000,0.6552269510434033,0.7155283344021868,0.6991997701271113,0.7177686194104902,0.6638900159080632,0.74189687872888,580.1787,1,1,0.2599982883480731,True,0.1<DOR<=0.5,dam,0.04397281908370798,0.002240285008303422
14366000,0.8062751818798568,0.7896145592991493,0.819796445596242,0.7750264823622888,0.8132897887780023,0.8115326474299402,1252.84,1,1,0.2080338160157977,False,0.1<DOR<=0.5,dam,0.013521263716385179,-0.014588076936860483
14369500,0.8890984699471095,0.8809786978334972,0.8899386774795822,0.8707137929780974,0.8858490363388714,0.8808250091612787,1809.661,1,1,0.1563367379294336,False,0.1<DOR<=0.5,dam,0.0008402075324727143,-0.010264904855399881
14372300,0.9179680114615212,0.8671787112666958,0.9181574038405517,0.8524034549735897,0.9141761445153107,0.9256513516009679,10196.52,12,3,0.1461958579758092,False,0.1<DOR<=0.5,,0.00018939237903048411,-0.014775256293106054
14377100,0.9269624041534474,0.9207626507438625,0.9135331274512937,0.9134617416185098,0.9260561526838176,0.9252303140141176,985.3694,0,0,0.0,False,none,control,-0.01342927670215377,-0.00730090912535275
11342000,0.761058257132253,0.8096757330342622,0.7757103359955855,0.8014431258444608,0.7756868672884298,0.8280994314923608,1099.295,1,1,0.0264219730176327,False,DOR<=0.1,,0.01465207886333253,-0.008232607189801455
11367500,0.18561508941306126,0.5634689502305604,0.18619789939669684,0.5641595363349745,0.1666402733424005,0.5488997155188347,944.0208,0,0,0.0,False,none,control,0.0005828099836355793,0.0006905861044140815
11367800,0.0025293544230904352,-0.4153939759670062,0.02908612498776786,-0.41673454930598064,-0.030136630927237062,-0.44041953057554917,1112.567,1,1,0.1530545713942876,False,0.1<DOR<=0.5,dam,0.026556770564677423,-0.0013405733389744157
11517500,0.7140867861461908,0.6964918664568058,0.7301841073640829,0.7075776371384626,0.7301296682330827,0.7150094247640693,2047.286,2,1,0.364256992772229,False,0.1<DOR<=0.5,,0.01609732121789209,0.011085770681656726
11519500,0.7650803633605976,0.791931853782956,0.7530070301291683,0.7879069523898905,0.7548816358329344,0.7801603659921836,1713.614,0,0,0.0,False,none,control,-0.01207333323142934,-0.00402490139306555
11522500,0.7852196149969712,0.7625353021861556,0.7727136595642664,0.7570084086599319,0.7919119200543222,0.7717406621099562,1943.12,0,0,0.0,False,none,control,-0.01250595543270483,-0.0055268935262237084
11523200,0.42477710709180316,0.5407939805249289,0.4208048593482524,0.5373294906275707,0.4272493027863117,0.6018255838593427,382.9356,0,0,0.0,False,none,control,-0.003972247743550761,-0.0034644898973581473
11525500,0.10182239907161372,0.22374206202488656,0.18821574174783717,0.22188934804943916,0.08461043438543547,0.24690985460614634,1861.691,2,2,3.628436424569143,True,DOR>0.5,dam,0.08639334267622345,-0.0018527139754473954
11527000,0.7022892045270948,0.8185472747888907,0.6973380622497084,0.7954656858989371,0.6302777460860245,0.8092505339749837,3727.024,3,2,1.5666560634485385,False,DOR>0.5,dam,-0.004951142277386356,-0.023081588889953597
11374000,0.7869542221522005,0.808737969223625,0.7695859773856832,0.8029822137867941,0.7878074756900677,0.8024550944353329,1096.202,0,0,0.0,False,none,control,-0.017368244766517216,-0.005755755436830823
11379500,0.5267090562029835,0.6572857021330838,0.5268526129876671,0.6613142353869892,0.4619881154613019,0.58742731527283,239.7195,0,0,0.0,False,none,control,0.00014355678468358501,0.0040285332539053975
11383500,0.8697733799035801,0.8030723145916439,0.8515931187564403,0.7989966020662091,0.8894012676959584,0.8076275379609259,539.7753,0,0,0.0,False,none,control,-0.018180261147139776,-0.004075712525434705
11390000,0.8315040105394194,0.8093491247912381,0.820214697729011,0.8054239735896445,0.8419484856823631,0.824119415164505,383.3298,0,0,0.0,False,DOR<=0.1,control,-0.011289312810408347,-0.003925151201593646
11396200,0.6945887136906198,0.4372045346585094,0.6880589798044083,0.43457919382354515,0.7114043627494657,0.3779879994685056,226.5903,5,1,1.295808221825775,True,DOR>0.5,dam,-0.006529733886211475,-0.0026253408349642404
11403800,-0.12496167044418116,0.4188035325688796,-0.09301579976743657,0.4174073043422859,-0.2091888736152947,0.41666087585848155,4862.734,10,5,1.1098750305001617,False,DOR>0.5,,0.03194587067674459,-0.0013962282265936876
11404330,0.5057259817794133,-0.14937021185891686,0.488341574522007,-0.1547808213308215,0.522759429643627,-0.17486763696480145,5052.004,13,5,2.3503700172088524,True,DOR>0.5,,-0.01738440725740631,-0.005410609471904637
11404500,0.48221692145916184,-0.15440221411552257,0.4603692281843933,-0.16080317689939516,0.5017235037981271,-0.17930033408888635,5148.672,13,5,2.380312433542964,True,DOR>0.5,,-0.021847693274768543,-0.006400962783872588
11407000,0.4114872439040357,-0.6267017662605736,0.2420150895743225,-0.6936637066598366,0.3584658092002937,-0.6777199221266872,9380.393,28,11,6.586691770352485,True,DOR>0.5,dam,-0.1694721543297132,-0.06696194039926295
11319500,0.6958571364054388,0.5917915654434669,0.5589812498765612,0.5090367000424005,0.7318496184375736,0.6549962250010158,1419.016,9,4,1.067365418640143,True,DOR>0.5,dam,-0.1368758865288776,-0.08275486540106636
11323500,0.5046023226428571,0.7113721649828244,0.6104447706225479,0.7080790045252163,0.45190097716120536,0.6818674205826981,1626.486,9,4,1.5437997275376878,True,DOR>0.5,dam,0.10584244797969078,-0.0032931604576080797
11335000,0.8599230983128925,0.770395044339056,0.8524038120709407,0.7663225499638361,0.8772057753149376,0.78713055720773,1389.417,2,1,0.1117967053477415,True,0.1<DOR<=0.5,,-0.00751928624195175,-0.004072494375219948
11417500,0.7624017870832709,0.6218854228988863,0.7688133025624111,0.6317298561337046,0.7898271884784559,0.6313415752479639,820.4211,4,3,0.5822853944811387,False,DOR>0.5,dam,0.006411515479140206,0.009844433234818317
11418500,0.7910795166513402,0.704946017440456,0.7797463138048726,0.7030006440463106,0.8218901144428952,0.6760093126862983,218.8314,1,0,0.0500921540851546,False,DOR>0.5,,-0.01133320284646766,-0.0019453733941454665
11421000,0.7767159755338591,0.7493120549045793,0.773233616916467,0.6534395749808459,0.7688252910907798,0.7899610279779723,3474.873,14,7,0.841042679783687,False,DOR>0.5,dam,-0.0034823586173921006,-0.09587247992373338
11424000,0.8115556266654013,0.797100010696093,0.7894194530772589,0.7577849826115024,0.8096349085054396,0.6737532083042428,756.6912,5,2,0.6129612310832769,True,DOR>0.5,dam,-0.02213617358814235,-0.03931502808459064
11427000,0.8906136879521265,0.8580532430914863,0.8956249478246643,0.8593549005437855,0.8915859823376091,0.8595442528171422,883.0899,2,1,0.0358598185308614,True,DOR<=0.1,dam,0.00501125987253781,0.0013016574522991542
11446500,0.5778875889826554,0.7822840729011815,0.7530338245120428,0.8369830591883077,0.4397057481342249,0.7241854969619229,4984.418,19,10,0.6108314035810803,True,DOR>0.5,dam,0.17514623552938746,0.05469898628712622
11451000,0.5946002447941755,0.7706193195742185,0.7116788044990474,0.7754971625762405,0.5679302860534305,0.7708971861377958,1364.252,2,1,1.0812601383313445,True,none,dam,0.11707855970487191,0.0048778430020219865
11451100,0.7287478312973223,0.7484954323394855,0.7243738866642406,0.7458164796861639,0.7452451988672673,0.771189459908044,155.0943,0,0,0.0,False,none,control,-0.004373944633081717,-0.00267895265332152
11452500,0.8218763281247328,0.7549107744609815,0.8123566099444215,0.6947543656802021,0.75267094338757,0.7306905402116348,3011.422,5,2,1.4960221812136567,False,DOR>0.5,dam,-0.009519718180311276,-0.060156408780779436
11454000,0.5098717047748209,0.4208863126505137,0.4766521401863587,0.368302997736921,0.4916971138947924,0.42090786235378863,1491.096,3,1,4.329156691789599,True,DOR>0.5,dam,-0.0332195645884622,-0.052583314913592694
11458000,0.7421124960928086,0.552302758062367,0.7377083068547379,0.5432184798826265,0.7340270273674112,0.5742589359297796,566.3358,2,1,0.2251170532454786,False,0.1<DOR<=0.5,,-0.004404189238070733,-0.009084278179740446
11152600,0.7365143280526583,0.703755385922243,0.73395804275843,0.7021971709126904,0.7595493136460324,0.7986922176784788,94.8186,0,0,0.0,False,none,control,-0.0025562852942282444,-0.0015582150095525549
11158600,0.6896320319635925,0.4731757152530637,0.68487395460886,0.46905864943212894,0.7067516518859166,0.41775539474207357,1568.123,2,1,0.8582535729985415,False,DOR>0.5,,-0.004758077354732437,-0.00411706582093474
11159000,0.872965970104487,0.87699985149937,0.8685514136923124,0.8763962394850927,0.8773090777158961,0.9273544954022841,3072.379,5,2,0.3247038215360334,False,0.1<DOR<=0.5,,-0.004414556412174586,-0.0006036120142772772
11160000,0.7882718439926515,0.8017752597833008,0.7816909681579032,0.798007073074174,0.8240455867986163,0.8883049529601604,104.373,0,0,0.0,False,none,control,-0.006580875834748312,-0.0037681867091268195
11176400,0.6581447184816641,0.7674499208348988,0.5573845091047666,0.6878332829487426,0.6703858924440527,0.7362019695514281,338.5611,1,1,3.187873316032676,True,DOR>0.5,dam,-0.10076020937689756,-0.07961663788615625
11176500,0.19778564910538154,-0.1112568091564643,0.36411230294018215,-0.10202947580124277,-0.06299785959532378,-0.4359618563694181,381.6288,1,1,6.481251312008542,True,DOR>0.5,dam,0.1663266538348006,0.009227333355221523
11176900,0.6521399673096091,0.7734284937011932,0.6572454768941657,0.774911228201113,0.626415414993772,0.7747788261100161,1044.58,1,1,1.321331544944712,False,DOR>0.5,,0.005105509584556578,0.0014827344999198688
11179000,0.7414687126336763,0.8295388207599115,0.7570039166252669,0.8440922234593397,0.7209615399213944,0.7889043987843378,1638.633,5,3,2.178566319352967,True,DOR>0.5,,0.015535203991590585,0.014553402699428175
11180700,0.6891036673853913,0.8109111297893989,0.6933519662044105,0.8020153953185294,0.6987035765475232,0.7133687444130632,1694.78,5,3,2.4906387068423768,False,DOR>0.5,,0.004248298819019225,-0.008895734470869554
11274500,0.781655394964232,0.5620209253060865,0.7646241486244254,0.5587874456732871,0.7798224323166648,0.4755305111127469,347.7503,0,0,0.0,False,none,control,-0.01703124633980657,-0.0032334796327994075
11274630,0.5295895447864272,-0.14626641589934963,0.49009417497993757,-0.15808470712202638,0.489228318705336,-0.24044564962121928,187.4375,0,0,0.0,False,none,control,-0.0394953698064896,-0.011818291222676747
11302000,0.2533042525597854,0.45942115240154546,0.3948547496226218,0.40417452209737803,0.25952441964439155,0.5024368904012454,2539.589,13,7,5.133434210046652,True,DOR>0.5,dam,0.1415504970628364,-0.05524663030416743
11303000,0.28504675087939146,0.45906455367534826,0.4158402432513849,0.40897041370163045,0.3061259277778815,0.5290321070892374,2864.942,13,7,4.73168072192171,False,DOR>0.5,dam,0.13079349237199345,-0.05009413997371781
11143200,0.8464260865502611,0.8244267336981277,0.8401744660245603,0.8239577168315028,0.8584161655541778,0.8501239830288705,499.8699,1,0,0.0396237319698212,False,none,,-0.0062516205257008295,-0.00046901686662492725
11147500,0.8126666775245419,0.8612522029448276,0.8215678616653816,0.8485903414599307,0.8054992552068793,0.8777562435343159,1007.322,1,1,0.3397973673512384,False,DOR>0.5,,0.008901184140839735,-0.012661861484896897
11148900,0.5825625026487593,0.3530790782667125,0.5910378006194618,0.3564611804944119,0.6178640616773889,0.4031903682797293,403.4547,1,0,0.0015913949250536,False,none,,0.008475297970702456,0.003382102227699413
11149400,0.20993992782242654,0.18562818082857901,0.34758013520127273,0.19829635383176236,0.13767903573284734,0.20991100155205822,851.3712,3,1,1.940407040213772,True,DOR>0.5,dam,0.1376402073788462,0.012668173003183347
11149900,0.7676538991592189,0.6954638898467689,0.7700997628820913,0.7005816347149811,0.7789559021526391,0.7368431244913481,556.416,0,0,0.0,False,none,control,0.0024458637228723656,0.0051177448682122595
11151300,0.6704705750136117,0.4041191250060463,0.6690962290397352,0.40346714933533945,0.6667418438695507,0.3911943880139017,608.2281,0,0,0.0,False,none,control,-0.001374345973876534,-0.0006519756707068503
11152000,0.7627156292275676,0.848204612924071,0.7638215292743236,0.8485553159332935,0.775793044379867,0.8640538352766299,625.1184,0,0,0.0,False,none,control,0.0011059000467559255,0.0003507030092224639
11156500,0.7569146311021319,0.7885942200705545,0.7500593427040205,0.7884182555740381,0.7439150483414583,0.8024132660925076,644.2884,1,1,0.9489143137669748,False,DOR>0.5,dam,-0.006855288398111337,-0.00017596449651635648
11224500,-0.17524931029175583,-0.853439086184365,-0.2620880572719111,-0.9142717937214051,-0.8865468215790202,-1.4876862267009758,247.4352,0,0,0.0,False,none,control,-0.08683874698015526,-0.060832707537040065
11253310,0.23093634485809644,-0.33651647117277994,0.2288536159763358,-0.34641463175588405,0.1373300953047476,-0.41877374993181604,120.4371,0,0,0.0,False,none,control,-0.0020827288817606426,-0.00989816058310411
11123000,0.7795433871463566,0.7482110149474629,0.7709137268210772,0.7323760895334235,0.5158631000948657,0.36139934378289906,560.1186,2,1,0.2767317840699618,True,none,dam,-0.008629660325279453,-0.015834925414039414
11123500,0.8648049075948716,0.88645111765868,0.8610176974045013,0.8996458679234416,0.7417190927578587,0.648750467977828,718.1226,2,1,0.2054786869244073,False,none,dam,-0.003787210190370316,0.013194750264761579
11124500,0.6477728515958516,0.7257310081527015,0.644574286442978,0.7294414658629367,0.573571324845056,0.6249594529921065,191.5227,0,0,0.0,False,none,control,-0.0031985651528736447,0.003710457710235149
11132500,0.6217612929733444,0.7489328177297219,0.6156621613553854,0.7447913311460381,0.6645523084832654,0.8086687460628046,122.0877,0,0,0.0,False,none,control,-0.006099131617958942,-0.00414148658368374
11133000,0.6248310924434661,0.7649751110043965,0.6832326387657605,0.7480463609897363,0.4185658264788159,0.5185451910215613,2043.808,4,2,1.5632550774454896,False,DOR>0.5,dam,0.05840154632229433,-0.01692875001466021
11136800,0.491058461559732,0.32104120266985203,0.4913078962827868,0.31394476940531335,0.35580625338326677,0.00896372393567979,2277.98,0,0,0.0,False,none,control,0.00024943472305483105,-0.007096433264538682
11140000,0.719082063271693,0.5664647393536073,0.6866394589489457,0.552579230638365,0.6764093972062837,0.5099833810254133,1220.496,0,0,0.0,False,none,control,-0.03244260432274726,-0.0138855087152423
12039500,0.7420045653424575,0.6155008233846568,0.740014484360705,0.6178438458932065,0.7755205170472135,0.6923785136247405,688.1678,0,0,0.0,False,none,control,-0.0019900809817524623,0.0023430225085496748
12040500,0.7973234730496855,0.6713096425536125,0.800443704266578,0.675879069650349,0.819283512736386,0.7137664646799162,1153.437,0,0,0.0,False,none,control,0.0031202312168924218,0.004569427096736578
12041200,0.7313236864590302,0.6189029942076466,0.7427175695499577,0.6266531910867386,0.8162750474146163,0.8629575886661423,655.7967,0,0,0.0,False,none,control,0.011393883090927481,0.007750196879091953
12043000,0.7885627070193784,0.6964777041977128,0.7870888553079002,0.6949460432466905,0.8062165421169032,0.751209950077433,337.185,0,0,0.0,False,none,control,-0.0014738517114781802,-0.0015316609510223067
12045500,0.6624397741591399,0.5571323761870934,0.6557076034780032,0.5547213979792469,0.681656089074151,0.5803526486296673,695.3868,0,0,0.0,False,none,,-0.00673217068113674,-0.002410978207846526
12048000,0.3891577408126675,0.32767073505918975,0.3861422220757452,0.3263818096075759,0.40719500475553905,0.3400967443276568,405.0063,0,0,0.0,False,none,control,-0.0030155187369222958,-0.0012889254516138537
12010000,0.841800434493101,0.7954902846188008,0.8395553655530565,0.79478182347825,0.8560576787687721,0.859511099345507,142.182,0,0,0.0,False,none,control,-0.0022450689400445034,-0.0007084611405507868
12013500,0.8831921117735682,0.893925437727123,0.8755472559649047,0.892325949914768,0.8756183462317649,0.8873117225479308,337.6854,0,0,0.0,False,none,control,-0.0076448558086634755,-0.0015994878123549716
12020000,0.6971281586073022,0.7121417869459222,0.6893080928916637,0.7073026687735624,0.7070314474143733,0.7323517549822978,294.2235,0,0,0.0,False,none,control,-0.007820065715638425,-0.004839118172359824
12025000,0.9044572295951516,0.8623317770348902,0.8997393816764574,0.8628506260892643,0.910379478664997,0.9220605064277452,404.9037,0,0,0.0,False,none,control,-0.004717847918694229,0.0005188490543741597
12026400,0.8466934585803019,0.8471915499674757,0.8536953650510944,0.8383344029559674,0.8559148211348394,0.8662405983093472,298.7541,1,1,0.1360019311416358,False,0.1<DOR<=0.5,dam,0.007001906470792574,-0.008857147011508304
12027500,0.9041688817900588,0.926132250324414,0.8816690075248321,0.917800943287446,0.8662666223256016,0.9019033146884555,2326.556,1,1,0.016804939315422,False,DOR<=0.1,,-0.022499874265226705,-0.00833130703696805
12031000,0.9153064506197001,0.901045370433819,0.8941387995384553,0.8979528830970165,0.8540187640742771,0.8720017007891829,3360.889,1,1,0.0116797597631704,False,DOR<=0.1,,-0.021167651081244743,-0.003092487336802563
12036000,0.7157492400061228,0.6437184332049348,0.7293430354679828,0.6291944593225671,0.7339663610415508,0.8137932459770818,190.7046,1,1,0.1078854769807624,False,0.1<DOR<=0.5,dam,0.013593795461860014,-0.014523973882367702
12082500,0.757677245358187,0.8242881770327595,0.7426085012845485,0.8141977798924558,0.7546581224530899,0.8446465873943976,349.9983,0,0,0.0,False,none,control,-0.015068744073638562,-0.010090397140303686
12086500,0.47530769212968094,0.7200282181170354,0.5698409244676791,0.7602872237668961,0.4506369952122974,0.7315313004871227,760.1563,2,1,0.2042989062434186,True,0.1<DOR<=0.5,dam,0.09453323233799815,0.040259005649860624
12089500,0.6072540075667452,0.7280420177996522,0.6722493528686939,0.7417647481923437,0.5539227133164456,0.7056824164514022,1366.257,2,1,0.2393327165862734,False,0.1<DOR<=0.5,dam,0.06499534530194873,0.013722730392691562
12092000,0.7161138921762249,0.8450652411779338,0.7066870803139519,0.8398393245166426,0.49349021890944034,0.5861591896419718,240.8814,0,0,0.0,False,none,control,-0.00942681186227301,-0.005225916661291241
12093500,0.715769194670683,0.6530252376264856,0.7137852013853854,0.6535821419380785,0.813864468764192,0.8805140184683413,438.0876,0,0,0.0,False,none,control,-0.001983993285297636,0.0005569043115929428
12101500,0.824348585202106,0.8762658138454483,0.8411750163032572,0.8798475198200943,0.7979517797620344,0.8943882915960782,2448.765,14,14,0.3009020802177246,False,DOR<=0.1,dam,0.01682643110115123,0.003581705974646021
12113000,0.7502094270607994,0.8344060104397932,0.8182632263108206,0.8951993781766941,0.5639194008867687,0.6594183116293465,1066.557,2,1,0.0281531058182861,False,0.1<DOR<=0.5,dam,0.0680537992500212,0.060793367736900916
14233500,0.7725686673862422,0.7584314647335416,0.7524928546101877,0.7257306367379561,0.7412269315908675,0.7631702017247933,2652.842,2,1,0.0044662323813381,True,DOR<=0.1,,-0.020075812776054525,-0.03270082799558549
14236200,0.8184234814785718,0.8040259359671984,0.7981600669013149,0.7937828486659539,0.8327367710590496,0.8979211630527038,360.9936,0,0,0.0,False,none,control,-0.02026341457725689,-0.010243087301244458
14238000,0.3047558611630117,0.6609878583868072,0.7119448612665773,0.8493948304916473,0.1530047659094893,0.5922853475161413,3594.313,7,3,0.4118603195308233,True,0.1<DOR<=0.5,dam,0.4071890001035656,0.18840697210484014
14242580,0.8235296815394854,0.8564265033066756,0.8251334681826566,0.865357856903769,0.806427945595898,0.8185432104625066,1292.231,4,2,0.0551914412143557,False,DOR<=0.1,,0.00160378664317129,0.008931353597093405
14120000,0.8297066143483589,0.910055010510729,0.8222701347897463,0.9081827883255915,0.8285380815653829,0.8952351699717772,721.8369,0,0,0.0,False,none,control,-0.0074364795586125965,-0.0018722221851374954
14137000,0.866262872781579,0.9219740389471922,0.8525082430778474,0.9160331023724646,0.8394790196482083,0.8837849054817225,674.2395,0,0,0.0,False,none,control,-0.013754629703731536,-0.005940936574727607
14138850,0.8349163694399265,0.7349120074164568,0.820065802504278,0.770214102045157,0.38305615913526136,0.25399669688328474,124.4574,1,1,0.0933384932779545,True,0.1<DOR<=0.5,dam,-0.014850566935648568,0.035302094628700154
14140000,0.7270026689764506,0.5694209666808004,0.7392787846864011,0.5660783952938598,0.7958929151275436,0.5953469917288265,278.091,2,2,0.120555774002968,True,0.1<DOR<=0.5,dam,0.012276115709950464,-0.003342571386940607
14140001,0.6500554948284178,0.44611319832708674,0.6620468515109422,0.44393574299380045,0.8534120201728412,0.9206023057002312,278.0101,2,2,0.0863705717171393,True,0.1<DOR<=0.5,dam,0.011991356682524379,-0.0021774553332862823
14142500,0.8836958056335029,0.8099698157605266,0.8774229008554768,0.8096091064083354,0.8788952094828829,0.8692520026723297,1117.501,2,2,0.0303495730312064,False,DOR<=0.1,,-0.006272904778026112,-0.00036070935219123523
14191000,0.8915020210809299,0.9362955821097437,0.9032648018380053,0.9151636900004341,0.7915102322017623,0.8748076835106232,18821.76,21,13,0.1117698064787319,False,0.1<DOR<=0.5,,0.011762780757075375,-0.021131892109309658
14203500,0.864806929674815,0.8581721390197941,0.8726446200633959,0.8494989587579334,0.8720803541090993,0.9252798720720281,324.7677,1,1,0.2086495771142952,False,0.1<DOR<=0.5,dam,0.007837690388580953,-0.008673180261860702
14208700,0.3028817707608815,0.4910996518048145,0.3129563933560042,0.5380732308347056,0.2324442727402316,0.5163939376871336,141.3036,1,1,0.6843801384504767,True,DOR>0.5,dam,0.010074622595122706,0.04697357902989108
14209000,0.5279735280459551,0.6705976125615745,0.5172688203111464,0.663058993461805,0.6042650326485233,0.7885590604024473,321.0075,3,1,0.1942076233823663,True,0.1<DOR<=0.5,dam,-0.010704707734808694,-0.007538619099769495
14209500,0.8723293187127638,0.8329079689283502,0.8585002828345599,0.8250740276220879,0.8802565107046618,0.9095375450685559,1266.116,3,1,0.0468853107743011,False,DOR<=0.1,,-0.013829035878203833,-0.007833941306262249
14210000,0.9028688104040965,0.8752032129108289,0.8981629267614651,0.8555787610877077,0.8994356062936408,0.9417537511798592,1763.227,7,2,0.0446720828117343,True,DOR<=0.1,dam,-0.004705883642631359,-0.019624451823121225
14211550,0.6730330000966713,0.6283662993917584,0.6667498863412546,0.6307405818297951,0.6073002968016858,0.5231066725783935,137.3274,0,0,0.0,False,none,,-0.0062831137554166805,0.0023742824380367233
14211720,0.8863859597141761,0.9426458140972905,0.9093270385190377,0.9496112523776995,0.7629341006322333,0.8653166392019667,28936.87,40,17,0.0822651567777201,False,0.1<DOR<=0.5,,0.022941078804861625,0.006965438280408964
14216500,0.8021090545439671,0.886482204240776,0.7988139940009995,0.8850188782873983,0.8002240842866039,0.8847748822130976,349.524,0,0,0.0,False,none,control,-0.003295060542967576,-0.0014633259533776144
14220500,0.7210087821815688,0.8549575312616816,0.7417634392213264,0.8588091840639407,0.6860681176619114,0.8337862782538975,1898.358,4,3,0.4665661024888176,True,0.1<DOR<=0.5,dam,0.02075465703975754,0.0038516528022590757
14222500,0.862075858630576,0.9225279843779868,0.8599120533013885,0.9210496928730034,0.8785026435226037,0.8999274769085974,323.8893,0,0,0.0,False,none,control,-0.0021638053291874737,-0.0014782915049833534
14091500,-0.2816335728760826,0.3306882640858051,-0.25847869527316325,0.34928401454297675,-0.21604666616285462,0.29818935891067766,818.0802,1,1,0.0154524032326468,False,DOR<=0.1,,0.023154877602919344,0.018595750457171656
14096850,0.454006998276431,0.5465448622239093,0.452945646806327,0.5463913875718264,0.4798050262270003,0.5116433886246969,374.6232,0,0,0.0,False,none,control,-0.0010613514701039994,-0.00015347465208292999
14145500,0.42559997591736076,0.5626351636300793,0.5123796770208755,0.6364192996763068,0.42417045619821825,0.5632970751327513,1016.985,1,1,0.4200455756615563,True,0.1<DOR<=0.5,dam,0.08677970110351474,0.07378413604622758
14148000,0.6969274409109493,0.6798827378208099,0.666485645047441,0.6709768415513199,0.7303194993582299,0.7096197028428282,2409.197,1,1,0.1678404176985493,False,0.1<DOR<=0.5,dam,-0.03044179586350826,-0.00890589626949001
14151000,0.38467686572455684,0.5791978935193817,0.46430882300529874,0.6440453953377685,0.3800259389711118,0.5788562140109579,481.0788,1,1,0.2782340718544891,True,0.1<DOR<=0.5,dam,0.0796319572807419,0.06484750181838683
14158500,0.6700045051084573,0.7885325332589833,0.6694385641799427,0.7881445261303335,0.6712643644408769,0.8111895517751317,237.0771,1,0,0.0007993597563089,True,none,,-0.0005659409285145856,-0.00038800712864983655
14158850,0.6053185372421535,0.6827739040380734,0.6632018682038479,0.744065488293091,0.5750827895585024,0.6469468461517802,480.1356,3,1,0.0235735606716409,True,DOR<=0.1,,0.0578833309616944,0.061291584255017684
14159500,0.4075115845566021,0.4455769524589439,0.4283968881293414,0.47016836942539897,0.4199322670038237,0.4606558672677864,539.5959,1,1,0.335186996165081,True,0.1<DOR<=0.5,dam,0.020885303572739322,0.02459141696645506
14162200,0.3277528613284155,0.4672223416780713,0.42605080388156324,0.45884834552167686,0.3333408461306956,0.49525548059702396,227.6181,1,1,0.2486112943399027,True,0.1<DOR<=0.5,dam,0.09829794255314772,-0.008373996156394448
14162500,0.8016901319698737,0.8444283603964302,0.8030732863415022,0.8163172510423018,0.8027223967126905,0.8701705354141176,2402.694,5,3,0.1032134736250296,False,0.1<DOR<=0.5,,0.0013831543716285033,-0.028111109354128416
14163150,0.6976714332900354,0.6014864461284646,0.7013276436450349,0.5910210810804295,0.6490433708848506,0.5606878153621082,2668.18,7,3,0.1497569146091591,True,0.1<DOR<=0.5,,0.003656210354999412,-0.01046536504803508
14163900,0.7667365418855213,0.6729740286760545,0.760961250258793,0.6522313883441322,0.734010094263843,0.6537186432457947,2808.228,7,3,0.1384855979439896,True,0.1<DOR<=0.5,,-0.005775291626728296,-0.020742640331922302
14178000,0.8280482806194066,0.7960756137746208,0.821391048215463,0.7927236331697665,0.8312236464460399,0.8387668752502104,557.6805,0,0,0.0,False,none,control,-0.006657232403943558,-0.00335198060485431
14181500,0.3502840632771329,0.473014519541214,0.5546697068309663,0.5729931623616464,0.3775700731814654,0.5355772254928403,1170.957,2,1,0.0930396105635496,True,0.1<DOR<=0.5,dam,0.20438564355383337,0.09997864282043245
14182500,0.7877874521443006,0.8028279444823511,0.7780078471686296,0.7965369118731225,0.8121942591882634,0.8539926284083774,286.8498,0,0,0.0,False,none,control,-0.009779604975670986,-0.006291032609228586
14185000,0.8982314694353777,0.8651756521407883,0.8899732332210372,0.8632165416061579,0.9072920532970055,0.8732188575415014,458.1774,0,0,0.0,False,none,control,-0.00825823621434052,-0.0019591105346303817
14185900,0.8809343315719673,0.9025248680954291,0.8676620456027031,0.8946539121169865,0.846939047315583,0.8110659148281849,258.1965,0,0,0.0,False,none,control,-0.01327228596926422,-0.007870955978442562
14187000,0.8975359093607008,0.9049471776557942,0.8923357498293099,0.9019123897371714,0.8516116697149728,0.69712773851896,134.7498,0,0,0.0,False,none,,-0.005200159531390969,-0.0030347879186228832
14187200,0.5939752537367908,0.7469788820741268,0.7698923880978733,0.7204543311330924,0.5404381379256231,0.7720424107203232,1444.943,2,2,0.1056377932159511,False,0.1<DOR<=0.5,dam,0.17591713436108247,-0.02652455094103434
11501000,0.7995306397438542,0.8362054138476157,0.797305418461248,0.8355311872791552,0.7643935496768881,0.8424416017954371,4121.275,2,0,0.0075396468312233,False,none,,-0.00222522128260616,-0.0006742265684605009
11502500,0.7561296284751617,0.8669054874697346,0.7529404283523244,0.8652568249919993,0.7108002343001885,0.8495572716149362,7820.364,2,0,0.0043366133060692,False,none,,-0.003189200122837299,-0.0016486624777353187
11507500,0.4075382747338211,0.6886957106163487,0.45855964578624064,0.6940154510430669,0.32967007786758395,0.6608647961710516,9786.505,4,2,0.8456328364409003,True,DOR>0.5,dam,0.05102137105241955,0.0053197404267182336
14313500,0.08150819216404948,0.07376117771999113,0.10545558681571954,0.1197252818518949,0.06731232479017413,0.07046979602296943,447.2991,1,1,0.1915990739472245,True,0.1<DOR<=0.5,dam,0.023947394651670062,0.04596410413190377
14314500,-12.808750080513542,-2.868966279408705,-12.800153679904147,-2.8681236700231243,-20.853550841176492,-3.9492908190739904,107.3304,1,0,0.0062986256380213,True,none,,0.00859640060939526,0.0008426093855806727
14316500,0.70082191279741,0.8131370724970723,0.7046289837424012,0.8154175021186546,0.6758520462299047,0.7722876422223875,1217.343,6,1,0.0123829771434011,False,DOR<=0.1,dam,0.00380707094499122,0.0022804296215822584
11345500,0.697857475103152,0.7306771205887529,0.6996216112156765,0.7309648147846517,0.6967333145469695,0.7299289745929374,672.2126,2,2,0.7019269057912262,False,DOR>0.5,dam,0.0017641361125244615,0.0002876941958988022
10353800,-0.7352040373454527,0.1377706035589159,-0.7890274508328035,0.12596587701327688,-1.090472641129904,0.0060753039457889235,579.9627,1,0,0.1555302827094453,False,none,,-0.05382341348735076,-0.011804726545639022
11399500,0.02430847921526913,-0.21969691743313158,0.03798672233878375,-0.18757426731101323,0.03022166921725633,-0.20372159733860618,1284.782,3,2,21.578431624286942,True,DOR>0.5,dam,0.013678243123514622,0.032122650122118346
11400500,0.3714390184304587,0.6387830148347884,0.444316656083505,0.6272957426604925,0.3696820447368451,0.6487553727216284,168.2442,1,1,0.6670079533299751,True,DOR>0.5,dam,0.07287763765304633,-0.011487272174295904
11401112,-0.623400776242812,0.11241045171528041,-0.32967329055059436,0.16550491706418013,-0.7890290441090777,0.07766936820294656,1582.328,5,3,14.399799042904991,True,DOR>0.5,dam,0.2937274856922176,0.05309446534889972
11402000,0.7232292077215183,0.7141695035580057,0.7004500189144949,0.7033032426080654,0.7347306867752008,0.7621951163190563,475.002,0,0,0.0,False,none,control,-0.022779188807023454,-0.010866260949940254
11403200,0.2941721957123161,-0.5605939119305716,0.27762609190154053,-0.5673759111194832,0.30653918429671834,-0.609970658874357,4680.449,8,4,3.0633064881518832,True,DOR>0.5,,-0.016546103810775592,-0.006781999188911536
10296500,0.7939614370480583,0.805638104770643,0.7950049866530429,0.8060380980735906,0.7957469726415968,0.8072909047889711,632.1213,0,0,0.0,False,none,control,0.0010435496049845394,0.00039999330294759883
10297500,0.549767888943409,0.6812874732452777,0.596251493162967,0.7190171350280796,0.5466202302766917,0.6786909811548663,1204.469,2,1,0.3310716133165289,False,none,dam,0.046483604219557995,0.037729661782801904
10308200,0.3662098618123917,0.2226799348164037,0.3658802653445298,0.22213719348211214,0.4187831671955702,0.27030603362512395,716.4228,0,0,0.0,False,none,control,-0.00032959646786190344,-0.0005427413342915521
10309000,0.33646237486435104,0.20128467435807196,0.3355720151047773,0.20043330824841132,0.39549384031509704,0.25155009153062347,925.4421,0,0,0.0,False,none,control,-0.0008903597595737445,-0.000851366109660634
10310000,0.43376816276268093,0.4177150720919286,0.4333773694222174,0.4172936191540516,0.47544854496473765,0.4595529736429822,169.3294,0,0,0.0,False,DOR>0.5,control,-0.00039079334046354663,-0.0004214529378769871
10311000,0.39735583790184037,0.3023935186253244,0.3927497062087959,0.2981131407159541,0.46786838106262574,0.364838751007599,2294.902,1,0,0.0134807085442527,False,0.1<DOR<=0.5,,-0.0046061316930444685,-0.004280377909370303
10311300,0.10370661136048087,-0.29541193081253825,0.10295519195796754,-0.29534550012456684,0.12057764329630916,-0.28367615480929986,75.2382,0,0,0.0,False,none,,-0.0007514194025133314,6.643068797140828e-05
10336610,0.5651963144865726,0.5808264314422549,0.5650465540617851,0.5813190146000007,0.5715567390181856,0.6020755217210212,139.6478,0,0,0.0,False,none,control,-0.00014976042478753726,0.0004925831577458073
10336780,0.7009214783130016,0.6998791132095084,0.7025512196755834,0.7003298134145735,0.8170978842459313,0.7859275927809403,95.1021,0,0,0.0,False,none,control,0.0016297413625818713,0.0004507002050651021
10337500,0.07422013239868674,0.3713689468641771,0.11290159408578615,0.3691728260347029,0.022397367821470615,0.3446247253840843,1312.217,2,1,4.390022902609388,True,DOR>0.5,dam,0.038681461687099405,-0.0021961208294741796
10340500,0.2484274025978095,0.4747982460844614,0.23188988967178326,0.4905409023178112,0.24684783597913218,0.4875294974903437,138.3831,1,1,0.5054907009732337,True,0.1<DOR<=0.5,dam,-0.016537512926026232,0.015742656233349805
10344400,0.41075810770771615,0.42880691092419576,0.43792354528036737,0.5008093531514097,0.41758519962328877,0.43660324778123694,377.4933,1,1,2.0473138005438,True,DOR>0.5,dam,0.02716543757265122,0.07200244222721397
10344500,0.28201695288533324,0.33385095794724917,0.2388193526858572,0.3904661724161155,0.28318018151448443,0.33887492178029344,445.842,2,2,2.1314240766788988,True,DOR>0.5,dam,-0.04319760019947605,0.056615214468866304
10346000,0.7058234499855127,0.691531055099619,0.6535631999837465,0.6639939060877493,0.7144866207262317,0.7286130988929419,2415.852,7,6,1.912968476000029,False,DOR>0.5,dam,-0.05226025000176626,-0.027537149011869655
10348000,0.7469747813770833,0.7509771528691095,0.709647920426941,0.7213075213140171,0.7491960707456191,0.7838203275384443,2723.68,7,6,2.214303260784648,False,DOR>0.5,dam,-0.03732686095014226,-0.02966963155509239
10348200,0.739045756084188,0.7256095326306056,0.708510458269491,0.6992504805565163,0.7417033801276123,0.7561403899070079,2762.546,7,6,2.2633263658901988,False,DOR>0.5,dam,-0.030535297814696993,-0.026359052074089284
10349300,0.6043096630658321,0.4772218460815374,0.6041444202537782,0.4758706574187902,0.5795027500159544,0.4930651474073956,350.244,2,0,0.0236341427608004,False,none,,-0.00016524281205387847,-0.0013511886627471936
10350000,0.7617115097408331,0.7619913935317395,0.7440191093503105,0.7356955207783689,0.7648088985323475,0.8058168073971138,3697.635,14,6,1.9053776284878483,False,DOR>0.5,dam,-0.017692400390522667,-0.02629587275337064
11314500,0.625925591609964,0.6706333301348276,0.6314592345424916,0.6866042695341992,0.6275924950728576,0.6778025432564336,440.9982,1,1,0.9124670108240902,True,DOR>0.5,dam,0.0055336429325276715,0.015970939399371553
11317000,0.7986242771551694,0.7644753895744586,0.788027710328117,0.760132875238424,0.836954880392351,0.8812115146161472,177.6699,1,0,0.0313424017244239,False,none,,-0.010596566827052345,-0.004342514336034609
11318500,0.7967364037173336,0.6839862029994721,0.7922774921036102,0.6828479982812101,0.8524991309571496,0.7976641961626687,194.247,0,0,0.0,False,none,control,-0.00445891161372336,-0.0011382047182619814
11408550,0.08557320603651708,-0.2985435812743553,0.08922813042140643,-0.29575804610730017,0.186342710681764,-0.8260152778616288,103.1778,2,1,3.157938542811435,True,DOR>0.5,,0.0036549243848893465,0.002785535167055153
11408880,0.6543765575479884,0.5158274878229943,0.6373264835368475,0.5097128228999519,0.7632687617511813,0.5054719442004201,374.3325,3,1,0.600742781047798,True,DOR>0.5,dam,-0.017050074011140892,-0.006114664923042357
11413000,0.8337626227950468,0.7520013547413346,0.8241953659112556,0.7482327459769125,0.856990910988039,0.8046047728175142,647.7489,0,0,0.0,False,none,control,-0.00956725688379112,-0.003768608764422088
11414250,0.10709827641404157,-0.7136177453234431,0.10708262470153596,-0.7157453469844555,0.16411547027760165,-0.7778748702568576,315.0567,2,2,1.4748282525148797,True,DOR>0.5,dam,-1.5651712505615478e-05,-0.002127601661012335
11422500,0.685803476259544,0.455435359987477,0.6782604783757686,0.4373690686605173,0.8046068959752664,0.8044077389834381,270.0774,3,1,0.2462707607758152,True,0.1<DOR<=0.5,dam,-0.007542997883775326,-0.018066291326959694
11427760,0.6275742366383467,0.7730221664091126,0.6524591241740911,0.7933807204816014,0.17161447604211244,0.1942543219937718,227.4786,1,1,1.7324894694262147,False,DOR>0.5,dam,0.02488488753574447,0.020358554072488766
11428800,0.2201120815201052,0.13029115215638687,0.21739727825791355,0.12333129945486687,0.32483239481361925,0.18082055137479125,293.8482,2,1,6.189205453903895,True,DOR>0.5,dam,-0.002714803262191645,-0.006959852701519997
11430000,0.39804339484246554,-0.9735765561953715,0.39523897687735565,-0.9738812831527981,0.6000169725452298,-1.77489230061498,126.4536,2,0,0.0642317059742925,False,DOR>0.5,,-0.0028044179651098844,-0.00030472695742655986
11433300,0.8392482046090969,0.819959872716823,0.8225786075879556,0.7999261303649359,0.8493939566246558,0.9215923585571495,1350.281,6,3,0.4571874220604874,False,DOR>0.5,,-0.016669597021141236,-0.02003374235188715
11439500,0.5822456318214638,0.4516444138557577,0.586886965532031,0.456300758069752,0.6063605365149689,0.47010717849414363,499.6917,1,1,0.0320419803120431,False,DOR<=0.1,,0.004641333710567186,0.004656344213994301
11441002,-0.6631977749388673,-0.2120652359418107,-0.6298654283309175,-0.1840912867372695,-0.6688948530379741,-0.21269118036271406,216.5031,1,1,0.5335981729620276,True,DOR>0.5,,0.033332346607949814,0.027973949204541215
11441900,0.4660228665316838,-0.6023173541336344,0.47772164009725526,-0.6065342246363223,0.517122932744051,-0.6102500437854905,441.7299,4,2,3.583390706199308,True,DOR>0.5,dam,0.011698773565571474,-0.0042168705026879305
11443500,0.5151668571454964,-1.5279435563929096,0.5129036909849072,-1.5362715707870258,0.5399335624178552,-1.593892367501549,1276.72,7,4,2.4088453514617565,True,DOR>0.5,dam,-0.0022631661605891917,-0.008328014394116234
11444500,0.5590232434069482,0.40175987529092794,0.5557647788311417,0.40117020704459394,0.603889790443714,0.46020212206369004,1547.231,8,4,0.2567400277518623,True,0.1<DOR<=0.5,dam,-0.0032584645758064745,-0.0005896682463339964
10265150,0.5295489739290086,0.7220755596779975,0.5312081931623398,0.7225226490225667,0.5296014650821129,0.7217534485679591,186.1785,0,0,0.0,False,none,control,0.0016592192333312328,0.0004470893445691626
10293000,0.5116616053401477,0.5987101335766953,0.5493166106305292,0.6231341143986685,0.5152263983483272,0.6029383348755476,933.3531,3,1,0.4527927566569519,True,0.1<DOR<=0.5,dam,0.03765500529038146,0.024423980821973168
10296000,0.7875479066624614,0.7839504442141121,0.7886277296567905,0.7843455458423544,0.7888342499437666,0.7854229786884918,467.4168,0,0,0.0,False,none,control,0.0010798229943290716,0.00039510162824230033
11230500,0.7235191096181759,0.8103281001261824,0.7237109073092481,0.8103298209861718,0.710090302124865,0.8209947896262065,135.5301,1,0,0.0014765466353313,True,none,,0.00019179769107224853,1.720859989395862e-06
11231500,-0.4883756817768914,-0.3320507964724151,-0.4602687938743246,-0.29855978742708555,-0.4738193106637134,-0.31804865868553245,235.6596,1,1,1.05357585392596,True,DOR>0.5,dam,0.02810688790256677,0.033491009045329534
11231600,0.2804321673803033,0.27272233655601785,0.3195842868178683,0.3032762549547978,0.2361641714334074,0.22859420745054915,236.4354,1,1,7.236458141533905,True,DOR>0.5,dam,0.039152119437565025,0.030553918398779967
11234760,0.7181860839406002,0.7144457949810437,0.7158020148316585,0.7118379208910617,0.7213091321865968,0.7179591615146346,2600.879,4,3,0.9482519496103092,True,DOR>0.5,dam,-0.002384069108941733,-0.0026078740899819763
11237000,-75.8117185163818,-6.29382299139169,-80.23529374102907,-6.627497196147034,-113.13623930427893,-8.233456635257715,187.1235,1,1,32.56435273922068,True,DOR>0.5,,-4.423575224647266,-0.3336742047553436
11238500,0.13274650670234578,0.244566420897677,0.12923352140493194,0.24622667278450638,0.12979219163407663,0.2645298413663074,339.0264,3,1,2.7133227701464087,True,DOR>0.5,,-0.00351298529741384,0.0016602518868293892
11242000,0.7175919280969393,0.693267948899636,0.7083775707796313,0.6678971130695168,0.7218384011683394,0.6935570330648126,3358.396,10,6,1.5358762258792469,True,DOR>0.5,dam,-0.00921435731730802,-0.02537083583011923
11246500,0.6753861732652595,0.6931864980678808,0.6763679328337648,0.68476480919644,0.6930240838811181,0.7177648659113134,335.4471,2,1,0.8706461288438616,False,DOR>0.5,dam,0.0009817595685053249,-0.008421688871440791
11246700,0.33730617278511243,-0.43191962101385983,0.37109576013671686,-0.4316805139804982,0.3166334732819316,-0.4933363496938874,3785.374,13,7,2.99396513839135,True,DOR>0.5,,0.03378958735160442,0.00023910703336160744
11264500,0.7565615181218499,0.7915144540537548,0.7560299820020129,0.7915763611202287,0.7590354481238133,0.7968648192157528,467.9761,0,0,0.0,False,none,control,-0.0005315361198370283,6.190706647390964e-05
11266500,0.7240455134393855,0.6774292139864697,0.7236513898547812,0.6774680965896387,0.7310081326495697,0.6906425658261812,833.0817,0,0,0.0,False,none,control,-0.0003941235846043334,3.888260316897707e-05
11270900,0.4032210576137827,0.639633971949633,0.4867266362445948,0.6771090294722542,0.3800440108856168,0.6274090312230814,2749.327,4,2,1.0421606038010809,True,DOR>0.5,dam,0.0835055786308121,0.03747505752262115
11276500,0.5347270897614198,0.5647508445646313,0.5366266599866816,0.6029158783416476,0.5408597946949233,0.5675516608411765,1179.1,1,1,1.3086101995375627,True,DOR>0.5,dam,0.0018995702252617708,0.0381650337770163
11276900,0.5047039680159747,0.37946342601182814,0.5395156025177705,0.41667511273236346,0.5312266121466923,0.4164557197454406,1255.07,2,1,0.7891568188299943,True,DOR>0.5,dam,0.03481163450179581,0.03721168672053532
11277300,0.14053687521387082,0.09023466947715453,0.12896686047582373,0.07962693793649478,0.1374166236441391,0.07285478674642065,305.1612,1,1,7.818066895907347,True,DOR>0.5,dam,-0.011570014738047085,-0.010607731540659748
11278000,0.4234033192405138,0.3744960486594816,0.4281761336540696,0.3948237634166881,0.48665140317173927,0.4405579555564182,207.7146,1,1,0.3132192596511688,True,0.1<DOR<=0.5,dam,0.004772814413555815,0.020327714757206516
11278400,-0.11872673243730847,-0.031052743335416855,-0.10734053206207772,-0.022332431150868803,-0.04236667685342144,0.010587646041626542,610.4933,2,2,0.5452258190093917,False,DOR>0.5,dam,0.011386200375230748,0.008720312184548051
11289650,0.5611854624489053,0.5950690847707205,0.532290151393326,0.5620914488331504,0.5726664941283997,0.6110027872163851,3983.72,10,4,3.377057888152829,True,DOR>0.5,dam,-0.028895311055579298,-0.03297763593757008
11292000,0.6916919964427695,0.8087137530420629,0.7065189960646898,0.814107981619105,0.6974333741196401,0.8349497382696174,123.3387,1,1,0.1590713937438533,False,0.1<DOR<=0.5,,0.014826999621920356,0.005394228577042082
11292700,0.34310197350408533,0.238795589777419,0.39975965737124863,0.2933698887244971,0.3531931354429838,0.19447486672640457,737.3871,3,3,0.8665201332076633,True,DOR>0.5,dam,0.0566576838671633,0.054574298947078104
11292900,0.3550912080526406,0.2812462871199315,0.3723721546443466,0.3208235651681184,0.3586752924895411,0.24784358480714086,813.4533,3,3,0.8354395013799557,True,DOR>0.5,dam,0.01728094659170598,0.03957727804818689
11294500,0.02105435691947999,-0.030274510643504282,0.0277897303513458,-0.02719187159317671,0.03028292228310514,-0.018984976875857873,427.7592,3,1,0.5843203870203284,True,DOR>0.5,,0.00673537343186581,0.0030826390503275736
11295270,0.34723039697958946,-1.5284311535006063,0.34568399648947246,-1.5287282838814265,0.3496413954126635,-1.5658228964121697,430.3035,3,1,6.129874483942224,True,DOR>0.5,,-0.0015464004901170059,-0.000297130380820132
11296500,0.6199788840392046,0.7166671283067778,0.6310047878034188,0.7301884289694329,0.4572801636314727,0.2945294512748726,116.6688,2,1,0.260940576361435,True,0.1<DOR<=0.5,dam,0.011025903764214195,0.013521300662655111
11298000,0.432520252959364,0.3396326879417271,0.44214590301267254,0.32172938548362306,0.27811896515478773,-0.25518331810806294,173.6649,2,1,0.3504186672901719,True,0.1<DOR<=0.5,dam,0.00962565005330851,-0.01790330245810401
11186000,0.4928489617062515,0.371111637617455,0.4865179460569936,0.3711338630398968,0.4899767911661781,0.3759408512474034,2190.521,0,0,0.0,False,none,,-0.006331015649257865,2.22254224417906e-05
11200800,0.6629349908078528,0.5988788335649817,0.6569999881434745,0.5970840440722349,0.7037136137544211,0.621042142881217,214.65,0,0,0.0,False,none,control,-0.005935002664378297,-0.0017947894927468067
11214600,-1.6191623810709816,-0.026342449106943944,-1.896284608431813,-0.09938792474756442,-3.228644160925292,-0.2777201874805195,102.3435,1,1,7.7125377240652515,True,DOR>0.5,dam,-0.27712222736083136,-0.07304547564062047
11216200,0.49444967480295576,0.47341535929773315,0.4827834962874391,0.47552356301948995,0.4885228686678952,0.35041850245927453,618.2262,2,2,3.9168169688127272,False,DOR>0.5,dam,-0.011666178515516656,0.002108203721756796
11216400,-11.202259506394904,-1.4488290110193804,-11.196544142035773,-1.4480685964709066,-11.43348907785945,-1.4764979953328439,341.1387,0,0,0.0,False,none,,0.005715364359131669,0.0007604145484738645
11218400,0.34145114336616367,0.19333683636989196,0.3663762339484268,0.20689164765079693,0.39768467493574466,0.2509988538021748,1000.967,2,2,1.0350437694521524,False,DOR>0.5,dam,0.02492509058226311,0.013554811280904966
11251000,0.4937697271367998,0.6523259577381955,0.49545994176249286,0.6114600593321782,0.4909968505021446,0.6445722992388279,4344.809,14,8,2.4178488963533864,False,DOR>0.5,dam,0.0016902146256930761,-0.04086589840601729
11109600,0.15578275686669485,-0.01763175827862673,0.11101421624013086,-0.05073931404385368,0.16963932694171113,-0.0075020233696643235,963.7974,1,1,3.1469370706906123,False,DOR>0.5,dam,-0.04476854062656399,-0.03310755576522695
11046530,0.6953993347956313,0.6993902599643524,0.6924802466158617,0.6972422646267573,0.7137966838933574,0.7342434611265851,283.8213,0,0,0.0,False,none,,-0.0029190881797696022,-0.002147995337595132
11085000,0.5302397934069325,0.34039103463952614,0.4270906159775637,0.28972669183031363,0.5930243044806687,0.4554651637807845,608.9958,4,3,2.56879331211031,True,DOR>0.5,dam,-0.1031491774293688,-0.050664342809212504
11097000,0.6633189393573748,0.4831937803749462,0.6599422689120984,0.48279403441410385,0.6784332083714406,0.5325155058308277,395.8578,2,1,2.4309667960430983,True,none,dam,-0.003376670445276453,-0.00039974596084235703
11101250,0.6327309600044856,0.420769851024947,0.6364934730724665,0.4211652770604415,0.6161577798784834,0.4361209414023228,237.2832,2,0,0.0216677684373006,False,none,,0.0037625130679809216,0.00039542603549447275
11102300,0.5006401895601496,0.09035802165372697,0.4991169922915858,0.08583744061410037,0.5290524026671692,0.11817481707049671,326.5812,2,0,0.0089238098192118,False,none,,-0.0015231972685637585,-0.004520581039626603
11109800,-0.153430456905971,-0.19396298843139337,-0.008357388231609031,-0.1189672394770609,-0.19706232213436659,-0.16661737358998452,1093.333,2,2,5.977092831615003,True,DOR>0.5,dam,0.14507306867436198,0.07499574895433248
11118500,0.7858887249959832,0.8504264693222003,0.7690005009149471,0.8206479933069017,0.7943701552328871,0.8512759117266462,485.7327,2,1,4.542564649500752,False,DOR>0.5,,-0.016888224081036074,-0.029778476015298594
12134500,0.8338237644936648,0.8911441685573817,0.8338959701574784,0.8937426190370877,0.819177955053126,0.903602459678905,1386.156,0,0,0.0,False,none,control,7.220566381360705e-05,0.0025984504797060826
12138160,-0.12686283856725922,0.4821733959721374,0.06382997604630003,0.551439321243908,-0.2040144479027053,0.4488048915263628,243.5454,1,1,0.2769626293562743,False,0.1<DOR<=0.5,,0.19069281461355925,0.06926592527177067
12150800,0.8024160430612981,0.8149934923461246,0.7908847994142831,0.8113673951362702,0.6337707261532293,0.7008554962183267,3978.605,4,2,0.0307433269406663,False,DOR<=0.1,,-0.011531243647014966,-0.0036260972098544064
12167000,0.7395555249426966,0.8606795647085047,0.7220930147460352,0.8551564163783285,0.6695541056160725,0.7986411794983292,683.7525,0,0,0.0,False,none,control,-0.01746251019666145,-0.0055231483301761974
12175500,0.7341116258884903,0.7518148438960347,0.7252347845320929,0.7476396564756044,0.7639764844095502,0.8463942302466084,273.8205,0,0,0.0,False,none,control,-0.008876841356397436,-0.004175187420430326
12186000,0.7148651762405294,0.7808185446051241,0.7116065583044552,0.7760851671427395,0.7105700829962712,0.8002452414894445,398.4354,0,0,0.0,False,none,control,-0.003258617936074182,-0.004733377462384669
12189500,0.8005966977694712,0.8795691894517172,0.7916803093449941,0.8791909869232172,0.7707751347218487,0.865153437665704,1855.317,0,0,0.0,False,none,control,-0.008916388424477062,-0.0003782025285000712
12205000,0.6357426585733605,0.6803033557226495,0.626270062657833,0.6742075694706402,0.6253063727475056,0.7786415737547407,272.4822,0,0,0.0,False,none,control,-0.009472595915527515,-0.00609578625200935
12451000,0.7245748129787027,0.5761238691584756,0.7218171027672657,0.5743741178870421,0.727200991498648,0.582165419158469,830.5974,0,0,0.0,False,none,control,-0.0027577102114370033,-0.0017497512714335084
12095000,0.8558041216956094,0.8514627894572012,0.8525326467785656,0.847861773292746,0.8447959575957691,0.8680383308895298,205.8354,0,0,0.0,False,none,,-0.003271474917043826,-0.003601016164455184
12106700,0.6358311076577741,0.7555674953600059,0.7264702634007904,0.8272541756723102,0.41214836220014694,0.5347242725861223,598.4955,1,1,0.0396798106179364,True,0.1<DOR<=0.5,dam,0.09063915574301629,0.0716866803123043
12112600,0.9058525855977162,0.9064488800371795,0.904246489768278,0.9062377270027686,0.8744740534513367,0.7779124654794993,173.0518,1,0,0.0124258333385736,False,none,,-0.0016060958294381589,-0.0002111530344108825
12116500,-0.049663514639337825,0.4885939297241645,0.6334336972291981,0.6671703539851046,-0.1744707265860994,0.4301729901751544,220.0527,2,2,0.7420315614460669,True,DOR>0.5,dam,0.6830972118685359,0.17857642426094011
12117500,0.41070020828382237,0.6767935218304045,0.7165691386536662,0.8384714356425165,0.1339569653963536,0.5214114377821124,337.2732,2,2,0.3456498246755315,False,0.1<DOR<=0.5,dam,0.30586893036984386,0.16167791381211194
12119000,0.6555036405555215,0.8143865627081515,0.8266170960470206,0.8101355913192686,0.5142791902066288,0.724866318209563,448.3881,2,2,0.3452221086598159,False,0.1<DOR<=0.5,dam,0.17111345549149914,-0.004250971388882863
12121600,0.6750387269606629,0.5058528362976173,0.6750941173420391,0.4995982327896197,-0.18235595999310372,-0.10359388693383442,147.6099,0,0,0.0,False,none,control,5.5390381376141384e-05,-0.006254603507997669
12144500,0.8596595282143259,0.867365211521365,0.8552648309794271,0.8660144575122356,0.8591114706389799,0.8476514822234847,976.8663,2,0,0.0004698184747605,True,none,,-0.004394697234898826,-0.001350754009129429
12148500,0.7341609399799875,0.735389809288694,0.7682765543693213,0.7793972091615998,0.5727029520950068,0.5208646878214733,210.1986,1,1,0.1450092659876452,False,0.1<DOR<=0.5,dam,0.03411561438933375,0.044007399872905806
12149000,0.8254863551631426,0.8440999844569775,0.8184258809675583,0.843610996158082,0.7744751473955365,0.7896048442399922,1561.414,3,1,0.0224647909229783,False,DOR<=0.1,,-0.00706047419558431,-0.000488988298895543
12452800,0.8888213886102648,0.927970780769926,0.8849762308996479,0.9263460097081615,0.8874703994782273,0.9283133503692498,526.3533,0,0,0.0,False,none,control,-0.0038451577106168866,-0.0016247710617645073
12457000,0.8327040416645481,0.8994353875464137,0.804274246164503,0.8895250082258772,0.8008302743061213,0.890395190901089,1545.47,0,0,0.0,False,none,,-0.028429795500045096,-0.009910379320536511
12459000,0.8739559610318186,0.916258381385517,0.8500695183974055,0.9024314013438232,0.8405336615033109,0.8933986868288338,2587.774,0,0,0.0,False,none,control,-0.023886442634413085,-0.013826980041693804
12462500,0.8837238779841278,0.9389936621799435,0.8637912205271256,0.9290056730893003,0.8507629830813769,0.9209043251861011,3372.32,0,0,0.0,False,none,control,-0.019932657457002123,-0.009987989090643246
12484500,0.6196757073809103,0.7483220755159607,0.6485415933656766,0.7625000213900959,0.6141780279717084,0.7547388695545934,4139.169,4,3,0.4943473850632398,False,0.1<DOR<=0.5,,0.02886588598476636,0.014177945874135123
12488500,0.830210999225125,0.8045209601374573,0.825867907488933,0.8038048336155796,0.8277975024681057,0.8092533889940636,205.1703,0,0,0.0,False,none,control,-0.004343091736191962,-0.0007161265218776913
14226500,0.7531138136242914,0.8003349606919249,0.7366337662052218,0.7893838038184889,0.7717981761735913,0.8328554878578847,730.7316,1,0,0.0030118310793394,False,none,,-0.01648004741906961,-0.010951156873435952
14113000,0.867248009830397,0.8984686968459215,0.8702664066469976,0.899933747897797,0.8646873974346285,0.9047336443657366,3365.91,1,0,8.782192141919237e-05,False,none,,0.0030183968166006547,0.0014650510518755544
14123500,0.8733471846479517,0.9279116096093245,0.8707925141466397,0.9281120920486028,0.8642304915944372,0.9156731149820709,1000.348,0,0,0.0,False,none,control,-0.002554670501311973,0.00020048243927828224
14034470,0.6875893587138221,0.758301071999886,0.6876679587550623,0.7583398412850395,0.6877743941204663,0.7606859494007051,176.229,0,0,0.0,False,none,,7.860004124016218e-05,3.8769285153561484e-05
14034500,0.42724318817618245,0.677996636042351,0.4277955282959389,0.6782817662401565,0.4318825994322847,0.6825324560810341,251.7876,1,0,0.347407426085571,True,DOR>0.5,,0.000552340119756467,0.0002851301978054055
14046000,0.8520418296841421,0.7660305743889799,0.8510145512183684,0.7656086833314331,0.8476617598333658,0.7723551141012831,6553.41,2,0,0.0002249493397419,False,none,,-0.0010272784657736622,-0.00042189105754686373
14046500,0.8748303280929841,0.7939211079175994,0.8721887666001509,0.7940583963535268,0.8608904090957449,0.7991695486636614,13313.44,5,0,0.0005286136175761,False,none,,-0.002641561492833233,0.00013728843592741846
14097100,0.7976458622157225,0.8198820523085181,0.79693855929348,0.8198161156826872,0.8038285587190588,0.8004129591954352,1361.541,0,0,0.0,False,none,control,-0.0007073029222425253,-6.593662583087578e-05
10396000,0.8178244724989001,0.8169986324299845,0.8177870304066316,0.8170872103153515,0.8139338045590618,0.8182271543200613,528.894,0,0,0.0,False,none,control,-3.7442092268524796e-05,8.857788536698052e-05
10257550,-0.19775867463523822,-0.40610878791778937,-0.19767630961852012,-0.4023624361908891,-0.1977583490336936,-0.40224814250712093,682.4295,0,0,0.0,False,none,,8.236501671810004e-05,0.003746351726900299
10258500,0.27213825268050507,0.6051365487647102,0.26196796456709903,0.6003395132246161,-0.5237889724327309,0.3261187241205338,241.5123,0,0,0.0,False,none,control,-0.010170288113406034,-0.004797035540094141
10260500,0.47008601127306804,0.22116117005752278,0.4620576791334753,0.2151341999326295,0.49051163474397474,0.24488690924320455,349.2297,1,1,0.9768124065019068,False,DOR>0.5,,-0.008028332139592753,-0.006026970124893283
10260950,0.4299939164427047,0.10388856558739434,0.4004581073447784,0.09314569481141854,0.4328734051100328,0.11136157740668462,175.0671,1,1,3.679884631756402,False,none,dam,-0.029535809097926302,-0.010742870775975799
10261500,0.7590647409572954,0.6139207011330092,0.7676645399948728,0.541547061710459,0.7875085254741674,0.5649219526946361,1355.905,3,3,10.925239091418488,False,DOR>0.5,dam,0.00859979903757746,-0.07237363942255026
11043000,0.757651164434401,0.4614169716819224,0.7444522720639238,0.4627908663430368,0.7865320697528968,0.5052802655279491,572.4594,1,1,2.9841890569700427,False,DOR>0.5,,-0.013198892370477111,0.001373894661114372
11044000,0.7512666807072355,0.6689598606221151,0.7578328922781902,0.6826943181326006,0.7797484796202465,0.7370762868965989,1519.51,2,2,4.88627043839848,False,DOR>0.5,dam,0.006566211570954716,0.01373445751048552
11044300,0.6272786157566885,0.4854519204492078,0.6318375069213586,0.49718812721205274,0.6497790315415375,0.5422266427720688,1603.53,2,2,3.9759150194048303,False,DOR>0.5,,0.00455889116467012,0.011736206762844925
11051500,0.2363877432039827,0.22380980871085399,0.2555227922911164,0.21509923362538386,0.22793898404455526,0.23038541321332462,542.2689,2,2,9.454230754630228,True,DOR>0.5,,0.019135049087133704,-0.00871057508547013
11062000,0.4276339199401181,0.3165362926555574,0.4271897040881243,0.316277722203016,0.5654147272329633,0.49663718383564703,119.7252,0,0,0.0,False,none,control,-0.0004442158519938344,-0.00025857045254140676
11062001,0.3513484253302266,0.17020318704751092,0.35093512073079214,0.16998311875652616,0.5371522125327945,0.4401446570931452,119.7252,0,0,0.0,False,none,control,-0.00041330459943444975,-0.000220068290984754
11063510,0.22084374171370402,0.13259331061407187,0.22468029536176792,0.13624263718441632,0.22264139365732882,0.13642790207314237,144.5151,0,0,0.0,False,none,control,0.0038365536480639006,0.0036493265703444466
11066460,0.5180958128985903,0.2727335490585362,0.5029070169745684,0.26501652643246076,0.5763113223895564,0.34331916458425904,2136.074,3,2,1.9528537306239395,False,DOR>0.5,,-0.015188795924021892,-0.0077170226260754315
11073495,0.5437333944515786,0.2733294546172643,0.5435096907957243,0.2727170963149764,0.5510989510820776,0.2955650550400758,208.2339,1,0,0.0080238473977286,False,none,,-0.00022370365585433483,-0.0006123583022878964
11014000,0.4844055148034224,0.5611658544328866,0.47347288743059834,0.5575596518185555,0.4334706518334053,0.6556151381143955,181.8081,0,0,0.0,False,none,,-0.010932627372824077,-0.003606202614331089
11015000,0.6784009303578111,0.7278168710703835,0.6735050414373225,0.7457408196451626,0.6610570360419952,0.7750520933724372,117.7605,1,0,0.2348242714540506,True,none,,-0.004895888920488645,0.01792394857477908
11022480,0.7259318570719117,0.6780477979373316,0.7287639562865688,0.6919044215191459,0.7367470488417798,0.3133146902566779,953.5824,2,2,26.38231453901735,False,DOR>0.5,dam,0.0028320992146571022,0.013856623581814276
11023000,0.7856439891778727,0.6895253919135151,0.7757355025115851,0.7076265234451662,0.8085015198423761,0.673863739813662,1110.952,2,2,15.619243641495263,False,DOR>0.5,dam,-0.00990848666628763,0.01810113153165105
11025500,0.5909436004772763,0.25006171226482465,0.6022620636511562,0.24636149548310649,0.668009996292123,0.025230742945782203,288.747,1,1,6.497576951450914,False,DOR>0.5,dam,0.011318463173879856,-0.0037002167817181686
11028500,0.5127993353785594,0.14198253712827946,0.49694241347768575,0.13955002951167972,0.15413419120759864,-0.3073942217318537,146.3067,0,0,0.0,False,none,control,-0.015856921900873622,-0.002432507616599744
12448500,0.8814330972289544,0.8923543421807736,0.88204206110688,0.893081988635762,0.8825331720426874,0.8942297386980925,2683.633,0,0,0.0,False,none,,0.000608963877925639,0.000727646454988462
12448998,0.7750611446680149,0.673795634660303,0.7740324433443071,0.6735665278256617,0.7735274982549534,0.6702692422224386,632.7072,0,0,0.0,False,none,,-0.0010287013237078035,-0.00022910683464127946
12449950,0.8924845443392827,0.9019759902445851,0.8915284742403452,0.9009501377838747,0.8901168052128439,0.8992486610856624,4644.765,3,0,0.0001648752785918,False,none,,-0.0009560700989375004,-0.001025852460710408
12452500,0.18809071677174183,0.5009862815421202,0.21104764811262422,0.43649082686766794,0.14292250716824295,0.48710519246420936,2414.854,2,1,0.4505746733962241,True,0.1<DOR<=0.5,dam,0.02295693134088239,-0.06449545467445228
12465000,0.4657326436643243,0.2784484113722089,0.46826271941801834,0.2695346108819888,0.42358094826040404,0.28412292978275655,2707.411,0,0,0.0,False,none,control,0.0025300757536940166,-0.008913800490220058
13351000,0.8557552752806882,0.8019937320826406,0.86933543663602,0.8118561061921561,0.7531077770145423,0.8548283741155074,6378.825,3,0,0.0175910877949507,False,none,,0.013580161355331799,0.009862374109515515
14015000,0.7262709273746989,0.7039860508865117,0.7210828365671615,0.70119234855835,0.7209007823616917,0.6957809229075427,249.9192,1,0,0.0588647641426494,True,none,,-0.005188090807537349,-0.0027937023281616735
14018500,0.6443269332802377,0.8101649180635806,0.6411869919937443,0.8081058332561164,0.6170254813294387,0.8042840762761957,4294.051,1,0,0.0077708654784908,False,none,,-0.0031399412864934195,-0.0020590848074641954
14020000,0.766308264348607,0.7391915458451503,0.7656839440315679,0.7389295704287502,0.7878650074956386,0.7748691663585118,341.4267,0,0,0.0,False,none,control,-0.0006243203170390732,-0.000261975416400162
14033500,0.7819474889768676,0.8587126735931843,0.7815610498619543,0.85625078018345,0.7004354287054355,0.8230685641573356,5971.813,2,1,0.1817928800678239,True,0.1<DOR<=0.5,,-0.0003864391149133173,-0.0024618934097342393
13331500,0.8895241568516259,0.8473505527098559,0.8872165491008943,0.8472338537494362,0.8924822371050954,0.8527648850594246,618.9291,0,0,0.0,False,none,control,-0.0023076077507315773,-0.0001166989604197699
14044000,0.8305441310045925,0.7015034350483875,0.8302984210093782,0.7012966481393698,0.8332732413177104,0.7116484563170922,1354.981,1,0,0.0001706843357107,False,none,,-0.0002457099952142272,-0.0002067869090177643
13215000,0.32176946142520957,0.42376573638681425,0.3489537534113307,0.46291320838923355,0.315865693867173,0.4208519116084104,2786.962,5,1,1.2637975735062457,True,DOR>0.5,dam,0.027184291986121156,0.039147472002419303
13217500,0.39145977114578523,0.5609555756854719,0.4823834100614277,0.6709485052527757,0.39101022757430137,0.5635924782633221,1157.341,1,1,0.5636288961438167,True,DOR>0.5,dam,0.09092363891564248,0.10999292956730378
10352500,-0.15304049309778822,0.4122711992566306,-0.14300796535018057,0.4183182161377381,-0.3099415220469033,0.3392808574463376,582.8922,0,0,0.0,False,none,control,0.010032527747607656,0.0060470168811075364
13181000,0.7390849395088321,0.6014253792206318,0.7354657998195722,0.599648562629279,0.7135629802420271,0.6112346809709253,19916.13,26,2,0.3432201407801402,False,0.1<DOR<=0.5,,-0.003619139689259976,-0.001776816591352759
10321950,0.3876133963137872,0.4854793289145669,0.38318692137059673,0.48328780457627907,0.3100275201973508,0.460458429051671,882.6318,0,0,0.0,False,none,,-0.004426474943190484,-0.0021915243382878424
10322150,0.018109986109698717,0.40753736730571655,0.02370578908153831,0.40825298301404234,-0.08692173493177902,0.3860037310088287,116.5977,0,0,0.0,False,none,,0.005595802971839592,0.0007156157083257897
10324500,0.6359431327846918,0.6717376782611311,0.6046205995456599,0.6721502935858593,0.4860321942325406,0.6743711395906,2228.59,1,0,0.1730927751813207,False,none,,-0.03132253323903189,0.00041261532472824936
10329000,-0.5014300891409629,0.36456791898640606,-0.5048178217375154,0.33255169288661846,-0.5092437339257005,0.355785070021168,2571.365,1,1,2.8081184206429666,False,DOR>0.5,dam,-0.0033877325965525618,-0.032016226099787604
10329500,0.6997902247998831,0.8311210442340603,0.6981087337276939,0.829952153264794,0.6934918007812827,0.8474399766013094,454.5207,0,0,0.0,False,none,control,-0.0016814910721891785,-0.0011688909692663119
12409000,0.8055078411053249,0.6173655582678489,0.8033406827131975,0.6176838949314409,0.8039882439095987,0.6312761894237919,2601.777,2,0,0.0238900376268864,True,none,,-0.002167158392127444,0.0003183366635920448
12395000,0.7953335473713937,0.8151357995580232,0.8441358949480148,0.8605788085574513,0.775132307175989,0.8077964144840264,2459.905,1,1,0.0628631268399235,False,none,dam,0.04880234757662105,0.0454430089994281
12413000,0.8197102398447405,0.8197674990297674,0.818206147599978,0.8225387434466965,0.8178912334821986,0.8269762863159316,2325.166,0,0,0.0,False,none,control,-0.001504092244762445,0.0027712444169291084
12413470,0.84573409605277,0.7828027520441896,0.8413786720925654,0.7821073203390617,0.8506762774466992,0.788653461073492,738.004,0,0,0.0,False,none,,-0.004355423960204496,-0.0006954317051278691
12413500,0.8308599331487196,0.7845085252945098,0.8280235292463745,0.7870282857240198,0.8293567070741231,0.7983434058978551,3127.093,0,0,0.0,False,none,,-0.002836403902345186,0.002519760429510076
12422500,0.800108946204654,0.8915244687960444,0.9151046750610146,0.9271651270995547,0.7334023951335138,0.8584735649554619,11100.44,6,4,0.0640579695444028,True,DOR<=0.1,dam,0.11499572885636056,0.035640658303510264
12424000,0.771408340197259,0.8419338631832357,0.7690067482131859,0.8453217168276305,0.7407822785122691,0.8497479819461541,1785.244,0,0,0.0,False,none,control,-0.0024015919840730815,0.003387853644394756
12431000,0.8909163636914306,0.8547657219445309,0.8914416367680761,0.8552034769053317,0.8913073827118295,0.8581502639083232,2121.289,3,0,0.0028882216473455,False,none,,0.000525273076645516,0.0004377549608007847
12433000,0.8150810598305279,0.9025049267068418,0.9186253939525129,0.9110122308868475,0.7497632110047171,0.87154237903456,16019.22,11,5,0.0760769173132802,True,DOR<=0.1,dam,0.10354433412198494,0.00850730418000567
12433200,0.7526312977300454,0.7175031594246974,0.7518807876368797,0.7173202638660968,0.7562339797473808,0.7288998654502983,468.6498,0,0,0.0,False,none,,-0.0007505100931657349,-0.00018289555860062645
12414500,0.9214891833306966,0.9036754697539484,0.9248065799252146,0.9052007089022559,0.9245924962553411,0.9026706407894413,2678.972,0,0,0.0,False,none,control,0.0033173965945180184,0.001525239148307489
12414900,0.5574003405782046,0.4317744223237744,0.5613840697630896,0.43286131741325284,0.558717458530692,0.43289726271328954,705.7197,0,0,0.0,False,none,control,0.003983729184884988,0.0010868950894784568
13333000,0.9299793390286765,0.8959830345549735,0.9274457066923784,0.8949659370759464,0.9262548682958146,0.9009243498752821,8556.385,1,1,0.0236382929055476,False,DOR<=0.1,,-0.0025336323362981084,-0.0010170974790271181
13338500,0.8869763325855018,0.8679749187767564,0.8860935115618599,0.8672442043729662,0.8815281081108524,0.8591163442111295,3027.002,0,0,0.0,False,none,control,-0.0008828210236418998,-0.0007307144037901336
13339500,0.869765131834657,0.8556649458411034,0.8693372702941512,0.8556691586120001,0.8702383720545694,0.8564542659328236,625.491,0,0,0.0,False,none,control,-0.0004278615405057806,4.21277089668326e-06
13340000,0.9445582648569681,0.9121110767029237,0.9411516399315843,0.913107734104031,0.936363078607707,0.9141043492895665,14268.92,0,0,0.0,False,none,control,-0.0034066249253837944,0.000996657401107326
13341050,0.7745418454972278,0.8376986842475551,0.8191066008427034,0.9030401143833084,0.7601927079819314,0.8291869990327931,20665.06,2,1,0.3435251729962691,False,0.1<DOR<=0.5,,0.04456475534547555,0.06534143013575333
13342500,0.7951273981799128,0.8561686267972578,0.8306142416446272,0.9054359439093306,0.7794938770990337,0.846104721925689,24064.79,3,1,0.3292687983299609,False,0.1<DOR<=0.5,,0.03548684346471431,0.04926731711207277
13345000,0.8683893443696904,0.8832473427561169,0.8689809470090463,0.8858733300865849,0.8527219004621369,0.8359483554407701,818.1477,0,0,0.0,False,none,control,0.0005916026393558704,0.002625987330467927
13239000,0.6090679193934142,0.42667943206190806,0.6469292200285728,0.4826399123747044,0.6472419856213444,0.5022000058099896,375.6537,2,1,0.1662530340778012,True,none,dam,0.03786130063515858,0.055960480312796324
13240000,0.8009334702476856,0.7351604405291658,0.7685527948701627,0.7383014614153346,0.7493672266662326,0.6282210540275307,125.5698,1,1,0.1046241401212094,True,none,dam,-0.03238067537752287,0.003141020886168744
13258500,0.860063237786452,0.9051807509370234,0.8596640541209994,0.9019237994974906,0.8566872881447642,0.9007572835321829,1540.317,1,1,0.0217799836308855,False,none,,-0.00039918366545255157,-0.0032569514395328625
13292000,0.8534586483842427,0.8346106172938168,0.8521235046177846,0.8343198568050223,0.8575186746004835,0.8513890022295943,1622.087,0,0,0.0,False,none,control,-0.0013351437664580468,-0.0002907604887945059
13310700,0.8476573415616824,0.743929898615849,0.8440089966138744,0.743737120342599,0.8483223000107848,0.7481437817859471,853.1325,0,0,0.0,False,none,,-0.003648344947807969,-0.00019277827325003827
13313000,0.8128766209292564,0.7690458287416202,0.811642252289787,0.7688016233645393,0.8162966367284494,0.7720730053071635,561.9358,0,0,0.0,False,none,control,-0.001234368639469352,-0.0002442053770809194
13316500,0.899831896636782,0.9194772706767147,0.8981915118010358,0.9189127784881933,0.9034047070241848,0.9210757936962493,1492.905,0,0,0.0,False,none,control,-0.0016403848357461337,-0.0005644921885213927
13317000,0.9306340605495065,0.8421748377785546,0.9292975227502694,0.8466015820825693,0.9268704356933977,0.8505868862212612,34780.62,5,0,5.0002408575563166e-05,False,none,,-0.0013365377992370364,0.004426744304014685
13159800,0.19999851154144999,0.622171925992594,0.20001664872584168,0.6221215580198036,-0.12687133602655876,0.4126865697807036,184.2651,1,0,0.1426908395917914,False,none,,1.8137184391697758e-05,-5.0367972790343885e-05
13185000,0.7278525362182345,0.5405736108982468,0.729093495928137,0.541559603645658,0.7319757215988762,0.5449614256059726,2154.389,0,0,0.0,False,none,control,0.001240959709902456,0.0009859927474111796
13186000,0.6950854043477617,0.5544611487182731,0.6963634325150398,0.5550380323976407,0.6973894038190552,0.5563386817373284,1660.134,0,0,0.0,False,none,control,0.001278028167278178,0.0005768836793675902
13190500,0.4008761644847222,0.4997069140381881,0.47825227198542264,0.5584217648892355,0.4024329613774591,0.5031832460449177,2532.608,3,2,0.7636101697594234,True,DOR>0.5,dam,0.07737610750070045,0.05871485085104733
13200000,0.7761049913148542,0.5627114637699271,0.7757023769812279,0.5625672416350501,0.7796801763531707,0.5644173954791014,1028.84,0,0,0.0,False,none,control,-0.0004026143336263166,-0.0001442221348769701
13202000,0.403263820895293,0.48964525921080393,0.4459744732220633,0.4687890580017158,0.4029642684254888,0.4930005326046941,6959.264,7,4,0.5729318253109437,True,DOR>0.5,dam,0.04271065232677029,-0.020856201209088154
13206000,0.16172438150959978,0.37128108696715334,0.2825590724546233,0.38336085186083324,0.15581749339892081,0.36726279614622814,7182.155,10,4,1.2758631191177745,False,DOR>0.5,dam,0.12083469094502353,0.0120797648936799
13235000,0.8659566305628763,0.7725359332934981,0.86016211369951,0.7723366921310151,0.8638891100956941,0.7743546390544271,1163.229,0,0,0.0,False,none,control,-0.005794516863366295,-0.0001992411624830437
13236500,0.2721234530096487,0.48729598059357493,0.31863556161607576,0.599595311162783,0.2476612213183893,0.5323507238916276,283.6323,1,1,0.9231545877473788,True,DOR>0.5,dam,0.04651210860642707,0.11229933056920804
13245000,0.1831063944826693,0.37526518063375824,0.28580677822595835,0.3984399049211116,0.20089144968288253,0.45593564743722836,1593.936,4,3,1.0667730396146728,True,DOR>0.5,dam,0.10270038374328905,0.023174724287353343
13246000,0.4298422138631818,0.46379371526058955,0.42531122013584133,0.4370223444578263,0.5051804853726964,0.5700287506568553,2392.131,5,3,0.8295894295418378,False,DOR>0.5,dam,-0.004530993727340449,-0.02677137080276326
13247500,0.7573621510526606,0.6411875421452307,0.7370568163206521,0.6169474890195765,0.8037386983929735,0.7141512438016182,5743.841,7,4,0.4079530898916755,True,0.1<DOR<=0.5,,-0.020305334732008462,-0.024240053125654137
13249500,0.8080550221760693,0.7264639642278209,0.7924959403258003,0.6878173575290907,0.82603465635023,0.7823731587471587,7067.407,9,5,0.4818802891667459,True,0.1<DOR<=0.5,dam,-0.015559081850268996,-0.03864660669873021
13266000,0.8220711550957,0.8896746149700434,0.821879339824994,0.8929779143506296,0.8071463530023879,0.8678587200818423,3751.663,2,2,0.0870910058682095,False,none,,-0.00019181527070599724,0.0033032993805861555
13161500,0.9035015861824449,0.9120166040641046,0.9027674566852432,0.9118470267360556,0.9031158021549287,0.9165436259447372,986.1309,1,0,0.0042966111226799,False,none,,-0.000734129497201752,-0.0001695773280490087
13168500,0.9090730411341346,0.9209489058431645,0.9078904231507335,0.9205848485739492,0.8976444646150321,0.919786354748517,6958.448,3,0,0.020624376481147,False,none,,-0.0011826179834010242,-0.0003640572692152899
10315500,0.8610476089133153,0.8774464865847462,0.8594794010087536,0.8769767275303633,0.8581358379968591,0.875458138104361,1011.985,0,0,0.0,False,none,control,-0.0015682079045616915,-0.0004697590543829566
10319900,0.7886332362508687,0.5553497801578657,0.7864426468736964,0.5572771133231007,0.7808512315101352,0.562304640124665,2323.432,0,0,0.0,False,none,,-0.002190589377172314,0.001927333165234968
10320000,0.7719892017536896,0.6001479028194083,0.7817021413831453,0.6082440476426121,0.757104524621595,0.6072043329843253,2880.948,1,1,0.4599819225725783,False,0.1<DOR<=0.5,,0.009712939629455741,0.008096144823203755
13105000,0.7174858206450986,0.6766341271571604,0.7164841288835144,0.6765485472530834,0.7152323939075904,0.6777553237881588,3629.59,2,0,0.0049960856668824,False,none,,-0.0010016917615841558,-8.557990407698224e-05
13174500,0.30054748119458397,0.23213922007895227,0.37394210447679965,0.32165234181883995,0.30030299504028624,0.23231675173176491,527.5683,1,1,2.587409504941689,True,DOR>0.5,dam,0.07339462328221569,0.08951312173988768
09409100,0.6139383095058506,0.473915313036807,0.6140114863652155,0.4738746280267887,0.6153154585095189,0.4799580828302581,284.1237,3,1,1.4536604039891483,True,none,,7.317685936492069e-05,-4.068501001830427e-05
09409880,0.6173495258228059,0.7580588088799614,0.6123934587342176,0.7550603597033767,0.635397544226848,0.7742601778493094,694.746,3,1,0.5676414227138908,False,none,,-0.004956067088588312,-0.00299844917658465
09413000,0.6384298644799877,0.36220104499205863,0.6211962148713311,0.33918058048426647,0.518395615564688,0.31488464043616216,1390.245,5,2,1.6185137322897836,False,DOR>0.5,,-0.017233649608656587,-0.02302046450779216
09413200,0.5846011600210821,0.33812077731968826,0.5924868905246106,0.3344164843950638,0.5634139368516985,0.317460992060112,9975.043,17,4,1.0387188692566864,False,0.1<DOR<=0.5,,0.007885730503528476,-0.003704292924624486
09424450,0.2723211216638355,0.13433170265451577,0.2762551095147584,0.1482981727274424,0.2942725847612001,0.1731919601953522,7103.327,1,0,0.0013828364880627,False,none,,0.003933987850922915,0.013966470072926618
09424900,0.5095921773609436,0.40137760949006185,0.4981659213706019,0.41283256978799443,0.3847380216675337,0.35865446240392185,2927.177,0,0,0.0,False,none,,-0.01142625599034175,0.011454960297932582
09426000,0.37296143954192695,0.3998568888392464,0.4541481542126746,0.3882610119309081,0.14259776617711384,0.3414024132617298,11992.04,2,1,21.19277322978295,True,none,dam,0.08118671467074767,-0.011595876908338298
09535100,-0.004248381099619447,-0.706335240910364,-0.004248196723633635,-0.7065162916303485,-0.0046172406885833794,-0.7294796161089239,1482.933,0,0,0.0,False,none,,1.8437598581222403e-07,-0.00018105071998442135
12301300,0.8642889678522819,0.8391914842510453,0.863024012000114,0.8389960326100456,0.8637486914633589,0.8379803984292702,1084.973,1,0,0.0154104633400386,False,none,,-0.0012649558521679038,-0.0001954516409996554
12302055,0.8008719256997672,0.8121774296005584,0.798259319781664,0.8111103384739544,0.797178750968103,0.8097583108026499,2185.286,0,0,0.0,False,none,control,-0.0026126059181031946,-0.0010670911266039695
12389500,0.8888375573572529,0.818720626575654,0.8856141876424668,0.8186847703714399,0.8895256294570335,0.8332772061670637,1651.865,0,0,0.0,False,none,control,-0.003223369714786095,-3.585620421409086e-05
12411000,0.7796651747010437,0.862081051342891,0.7750677376229166,0.8611547224612567,0.7759253893156304,0.8639876523731933,867.4833,0,0,0.0,False,none,control,-0.004597437078127098,-0.0009263288816343529
12352500,0.9088776047171895,0.8807887949305689,0.9040855966178342,0.8766627449325942,0.8996109693573331,0.8957881290392665,7249.828,5,2,0.0457317972499307,False,DOR<=0.1,,-0.004792008099355316,-0.004126049997974723
12353000,0.9443930483713588,0.9447164826035201,0.9414185417428254,0.9396297977098049,0.9366285847482628,0.9508746995917366,23353.03,17,4,0.0359574734485582,False,DOR<=0.1,,-0.002974506628533491,-0.005086684893715221
12354500,0.9502094223079718,0.972861062289048,0.9455380979548502,0.9684193744982604,0.9357736195733447,0.9677685670030427,27819.99,18,4,0.0272906976471041,False,DOR<=0.1,,-0.004671324353121564,-0.004441687790787574
13336500,0.9408292322562245,0.9364626382127347,0.9374549656605269,0.9371031406179171,0.9377035100308473,0.9386990063231924,4959.467,0,0,0.0,False,none,control,-0.003374266595697617,0.0006405024051824304
13337000,0.9306547893994984,0.8656389932806579,0.9286936400152885,0.8661507605298439,0.9268020085446412,0.86518797738289,3053.417,0,0,0.0,False,none,control,-0.0019611493842098815,0.0005117672491860015
13340600,0.906830069205609,0.8559768759585976,0.9054379844340994,0.8565380737130786,0.9049026708589747,0.857275107905437,3354.622,0,0,0.0,False,none,control,-0.0013920847715096496,0.0005611977544809355
12342500,0.6207888695866286,0.5684511903481642,0.6136697854267421,0.5694628797618991,0.6603274383907924,0.6577072303467846,820.0926,1,1,0.1868243392857182,True,0.1<DOR<=0.5,dam,-0.007119084159886491,0.001011689413734973
13302500,0.8343684761165833,0.7376270259066885,0.8306079490756131,0.738376685960104,0.8286122809220163,0.7421123315386442,9709.622,3,0,0.0002302092798293,False,none,,-0.003760527040970185,0.0007496600534154796
13305000,0.606211271629064,0.5149862147685283,0.6059959521417573,0.5156866166294926,0.607566392366738,0.5179747111051083,2412.171,1,0,0.0002968787404516,False,none,,-0.0002153194873066866,0.000700401860964206
13120500,0.22507301443402938,0.02064878964981942,0.226085581452668,0.021093507376289677,0.22753902478199006,0.02185534366140951,1143.906,0,0,0.0,False,none,control,0.0010125670186386104,0.0004447177264702562
13147900,0.9046670211340027,0.8053086142037449,0.9050819013358541,0.8226437063115206,0.9054584993519583,0.8076034308754382,645.9073,1,1,0.3158105205124608,True,0.1<DOR<=0.5,dam,0.0004148802018514308,0.01733509210777573
13297355,0.7374437513029519,0.5534017976132865,0.7376507764818119,0.5534500442012562,0.7676203912623438,0.6320630829236755,185.6556,0,0,0.0,False,none,control,0.0002070251788599542,4.8246587969758004e-05
13302005,0.3271593544713679,0.34142956864292096,0.3270784415970517,0.341242979503416,0.3027541393781821,0.34994901980399595,2143.219,1,0,0.0003179129446403,False,none,,-8.091287431621907e-05,-0.0001865891395049779
13083000,0.6029740903320852,0.7694391487364437,0.6028190355375311,0.7693996185724534,0.43229645926846405,0.6574124452367525,133.1838,0,0,0.0,False,none,control,-0.0001550547945540215,-3.9530163990275646e-05
13141500,0.7003991947138164,0.7242357063352005,0.7093663964218933,0.726994977059777,0.693539989783265,0.726111154174268,1624.693,1,1,0.2061457426859554,False,none,,0.008967201708076855,0.0027592707245764903
13148500,0.7009545168877673,0.7744554051262458,0.6697257622697801,0.7744978573894061,0.6904066067867705,0.7803732409584743,801.7371,1,1,0.2932914462476635,False,0.1<DOR<=0.5,dam,-0.031228754617987242,4.2452263160353e-05
13078000,0.5160240716261453,0.3422945334568668,0.5150353285648801,0.3421793435866972,0.5146480700653315,0.3436850826955177,1059.469,0,0,0.0,False,none,control,-0.0009887430612651738,-0.00011518987016956306
13082500,0.6058823602495096,0.8020188640182959,0.6058239368675489,0.8020265478667379,0.6039213018125817,0.800606414385296,1632.673,0,0,0.0,False,none,control,-5.842338196071495e-05,7.683848441963903e-06
10234500,0.8179290945436314,0.7303689134537161,0.8179341162835545,0.7303766812860448,0.7959524307921075,0.6813582147207784,236.4192,2,0,0.0604435211451782,False,none,,5.021739923116719e-06,7.767832328697821e-06
09403600,-0.07301380183839457,0.4002514894269451,-0.07382254602312721,0.399395192519474,-0.07164862245412751,0.40428606946335777,502.8489,0,0,0.0,False,none,control,-0.000808744184732646,-0.0008562969074711324
09405500,0.7642179947184826,0.7905990592514494,0.7639759733088487,0.7905457244719124,0.7656613072694766,0.7902676001726621,896.9364,1,0,0.0785190616676544,False,none,,-0.00024202140963391905,-5.333477953695098e-05
09406000,0.6030666430541647,0.7842426565740361,0.6044733007902163,0.7847115641297,0.6122723642577066,0.7881221418268117,2454.716,3,0,0.0644132200952689,True,none,,0.001406657736051642,0.00046890755566386666
10174500,0.8762816375843828,0.8336674286927056,0.8763083825071816,0.8336431868090527,0.8760010060953815,0.834052238934245,872.7498,0,0,0.0,False,none,control,2.6744922798749293e-05,-2.4241883652909024e-05
10183500,0.6356989275877851,0.8005299286636032,0.6382493732113546,0.8015775001727216,0.6327433240513183,0.7996428343163631,2889.713,1,1,0.2795836859397416,False,0.1<DOR<=0.5,,0.0025504456235694306,0.0010475715091183835
10189000,0.18048740356798398,0.3461350469434191,0.21025110244499468,0.3748972702402771,0.17614759790157752,0.34404732618925293,3118.963,5,1,1.083843946079618,False,DOR>0.5,,0.02976369887701069,0.02876222329685796
10242000,0.8295223234051818,0.7340407048764158,0.8297064896265831,0.7340928767368805,0.823161738280566,0.7237151892768764,208.6857,0,0,0.0,False,none,control,0.0001841662214012718,5.2171860464689246e-05
09382000,0.18273925559427184,0.04638401354259325,0.27386046978226286,0.12696970110274686,0.35545896243281894,0.22339357234489532,3677.924,0,0,0.0,False,none,control,0.09112121418799102,0.08058568756015361
09504420,0.49512083905896087,0.2674873971350544,0.49259953341887075,0.2653383413512711,0.5581231570864799,0.6732516807894704,602.5536,1,0,0.0040314862554613,False,none,,-0.0025213056400901213,-0.002149055783783327
09504500,0.6686487013988534,0.5773869570536418,0.6649599226582288,0.57276929692539,0.6173600749140954,0.7804411307168144,918.9144,1,0,0.0037583114831243,False,none,,-0.0036887787406245653,-0.0046176601282518215
09505200,0.6111656340292574,0.7454886368393349,0.6091478564359487,0.7432492760609841,0.5747916330957829,0.7821569708436107,285.6771,0,0,0.0,False,none,,-0.0020177775933086783,-0.0022393607783507408
09505350,0.5635413119211415,0.5732276694167814,0.556577918683685,0.5686219081793755,0.5413819171670213,0.550364599342019,365.6619,0,0,0.0,False,none,control,-0.006963393237456539,-0.004605761237405859
09505800,0.5436369679105278,0.40087750844884185,0.5422403066743932,0.399738683630685,0.6325736788708934,0.6272122232926327,614.9414,0,0,0.0,False,none,control,-0.0013966612361346886,-0.0011388248181568583
09506000,0.7497873152275973,0.6826769348461981,0.7295814990714837,0.6723432194998988,0.6154309798255648,0.7712084448877836,12097.16,12,0,0.0570564449607625,False,none,,-0.02020581615611361,-0.010333715346299233
09512500,0.7236312745220925,0.5746486220162674,0.7094231812072787,0.5736729686418336,0.8168221916140215,0.6763562222488207,1515.018,1,0,0.001695073478019,False,none,,-0.014208093314813874,-0.000975653374433838
09498400,0.6753966941564606,0.39003044079956994,0.666080826977913,0.39185506024715866,0.7318239909286481,0.44657438271596284,505.7451,0,0,0.0,False,none,,-0.009315867178547599,0.0018246194475887156
09498500,0.7653914243272145,0.7345759803540555,0.7490906506556398,0.7310159864261312,0.7320828390258741,0.7225622655378637,11102.86,3,0,0.0009782480625078,False,DOR<=0.1,,-0.016300773671574675,-0.0035599939279242765
09499000,0.757444804122605,0.6730559811125061,0.749271870855079,0.6697148087096328,0.7664814045284476,0.6527784875206961,1741.359,0,0,0.0,False,none,,-0.008172933267525995,-0.003341172402873238
09510000,-0.04014433981733778,0.4318620714751774,0.42823271787547346,0.6357109288323322,-0.7843239923421566,0.18258570365514015,15081.04,14,2,0.9470971982786004,True,DOR>0.5,dam,0.46837705769281124,0.20384885735715474
09510200,0.6357616859685686,0.4530583298803391,0.6199115088143587,0.4495529055296349,0.6859361315737444,0.5720521006980362,425.3085,0,0,0.0,False,none,control,-0.015850177154209888,-0.0035054243507042226
09512280,0.49665617094012104,0.5484305392679507,0.5110983634583575,0.5559985177489055,0.4109488361223489,0.5660857513490465,188.7093,0,0,0.0,False,none,control,0.014442192518236419,0.007567978480954807
09512800,0.8319377211930674,0.7279991890817117,0.8020271329128031,0.7195306104255262,0.874815668178332,0.8174579982134113,2875.631,1,0,0.0005842549820195,False,none,,-0.029910588280264272,-0.008468578656185444
09513860,0.2776936936142851,-1.3292997537188689,0.22169684683497048,-1.4182689993127053,0.0534287013955389,-1.579856503053512,170.1477,0,0,0.0,False,none,control,-0.0559968467793146,-0.08896924559383645
09484000,0.2353904874228573,0.25739795045236347,0.2295986684838276,0.2506518752137231,0.23703386538159377,0.2844191169470375,103.6521,1,0,9.479632574914628e-05,True,none,,-0.0057918189390296915,-0.006746075238640348
09484600,0.07917275387717382,-0.1119384578321454,0.08136429739513107,-0.10744639930720434,0.08542501965295435,-0.07982192256587761,1179.589,0,0,0.0,False,none,,0.0021915435179572507,0.004492058524941056
09480000,-0.037301988639249384,0.07379591123123086,-0.038245211223293385,0.07087830022902342,-0.056317392624909646,0.08035679265861695,213.381,0,0,0.0,False,none,control,-0.0009432225840440012,-0.002917611002207443
05014500,0.8044904557975133,0.7128463857489643,0.765213292373268,0.7358293005511978,0.210663323261015,0.19081313849607162,79.7283,1,1,0.7047326908208239,True,DOR>0.5,dam,-0.039277163424245365,0.022982914802233467
05017500,0.7943197392988138,0.8510873371438965,0.812955016250379,0.8613021231138056,0.7482520227669958,0.8393110409491554,711.1539,1,1,0.1339899730887247,False,0.1<DOR<=0.5,,0.018635276951565194,0.010214785969909101
12358500,0.8618403975076743,0.7378394056515399,0.8571667190033714,0.7372864519032982,0.8582588806392387,0.7383670305060459,2939.194,0,0,0.0,False,none,control,-0.004673678504302892,-0.0005529537482417135
12362500,0.05005368648019737,-0.010981011910090821,-0.006400294402693074,-0.05206640132540685,0.04447582235250758,-0.009931929160852393,4318.159,1,1,1.4614456903998052,True,DOR>0.5,dam,-0.05645398088289044,-0.04108538941531603
12370000,0.870913788765925,0.8362169348305858,0.8689345282846289,0.8359061333060929,0.8671441321906804,0.8300497402723761,1715.115,0,0,0.0,False,none,control,-0.0019792604812960413,-0.00031080152449292076
12324680,0.8227340463350458,0.807306703193201,0.8221288602945656,0.8073369956066128,0.8219288210228539,0.8103205705709133,4590.105,5,0,0.026477712068348,False,DOR<=0.1,,-0.0006051860404802101,3.029241341179212e-05
12334510,0.886154779743476,0.8959625262725647,0.8855110144214224,0.8964679836496775,0.8847661180185452,0.8975881353414117,2313.95,0,0,0.0,False,DOR<=0.1,control,-0.0006437653220535688,0.0005054573771128279
12334550,0.8848760889536447,0.8385573931559203,0.8830271803683366,0.8364996647442076,0.8807660966887709,0.8427503860182499,9520.545,7,1,0.0486819388361624,False,0.1<DOR<=0.5,,-0.0018489085853080622,-0.0020577284117127004
12340000,0.8734538502884489,0.8919045471720912,0.8759254215516444,0.8991318782932387,0.8716532754479058,0.8879046396121577,5925.355,5,1,0.0109805172498848,False,DOR<=0.1,,0.0024715712631955267,0.0072273311211474844
12340500,0.9204149754715156,0.95775619173752,0.9201103114530972,0.9556005449524836,0.9178157034150718,0.9577072550060229,15591.48,12,2,0.0289544378236034,False,DOR<=0.1,,-0.0003046640184184435,-0.002155646785036436
12381400,-1.935035945158651,-1.2023458426597373,-1.934624269939445,-1.2022074296450738,-1.9367111984403809,-1.2023892831312986,150.9471,0,0,0.0,False,none,control,0.00041167521920604244,0.00013841301466355205
06020600,0.7784375503712403,0.7218000952394387,0.8234142316204556,0.752051347506578,0.7786327058688927,0.723111412755582,1541.163,1,1,0.282738439212062,True,0.1<DOR<=0.5,dam,0.04497668124921528,0.030251252267139317
06025500,0.7519116221352529,0.521854930669541,0.7516221811604055,0.5219313986547367,0.7503797987992376,0.5229841180389717,6405.925,1,0,0.0011962929544587,False,none,,-0.00028944097484739917,7.646798519567177e-05
06033000,0.7697656385269436,0.5485213551474,0.7693943864471058,0.5484464301048275,0.7713722344848225,0.549737622452002,990.9198,0,0,0.0,False,none,,-0.0003712520798377916,-7.492504257244903e-05
12323240,0.09097744847655598,0.2935602746791194,0.08452703336151024,0.29343530429341325,0.07160940335425903,0.3104212395620729,298.7946,1,0,0.7319085528256795,False,none,,-0.006450415115045738,-0.00012497038570613572
12323250,0.4996628764825318,0.4838294424124101,0.4968056468731833,0.4849187207727216,0.5177528362415342,0.5291606535660063,322.8354,1,0,0.4447936534675347,False,none,,-0.0028572296093485328,0.0010892783603114742
12324200,0.7195502060224837,0.7332341843320556,0.719357669015509,0.7331989266253189,0.718009625258856,0.735759814036504,2591.439,3,0,0.0452877056686758,False,DOR<=0.1,,-0.00019253700697463572,-3.525770673662443e-05
13042500,0.5288856278809211,0.5924555734067968,0.5512076828260745,0.7287364553533664,0.5238553816258718,0.6033437649877031,1325.219,3,2,0.4089993001596667,True,0.1<DOR<=0.5,dam,0.02232205494515338,0.13628088194656962
13046000,0.5681247339717511,0.642321175623551,0.5994436583548071,0.7028529359926912,0.5810528955045738,0.6535840928187666,2865.313,7,3,0.1679119443068413,True,0.1<DOR<=0.5,dam,0.031318924383055946,0.06053176036914021
13049500,0.8720077524918279,0.9315893730939424,0.8715424874984261,0.9313691413855547,0.8715246237748269,0.931141625065218,1324.234,0,0,0.0,False,DOR<=0.1,control,-0.00046526499340182603,-0.000220231708387697
13050500,0.7268541797495938,0.8423818686865446,0.6970897678290138,0.8293736695618766,0.7212566636500086,0.8382509058607857,4807.364,10,3,0.1411495449736406,True,0.1<DOR<=0.5,dam,-0.029764411920579992,-0.013008199124667996
13055000,0.42467888337642345,0.3472602148725068,0.42226096006302427,0.34729066927846564,0.4205540474903604,0.3480724999160013,2294.463,0,0,0.0,False,none,control,-0.002417923313399184,3.0454405958835196e-05
13055340,0.6380694516233529,0.5777108040715712,0.6305596067943537,0.5763324678760344,0.6181956701378319,0.5726580222793004,2764.828,0,0,0.0,False,none,,-0.00750984482899919,-0.0013783361955367335
13116500,0.2914344326927045,0.19940603181252703,0.2909477809464859,0.19912469352223283,0.29261306896508865,0.2001325126551412,679.8448,0,0,0.0,False,none,,-0.00048665174621864704,-0.00028133829029419744
13032500,0.46602544796530143,0.4863954800211594,0.5965398656281469,0.6085090149408928,0.46759085070535955,0.49256719766519474,13424.32,6,2,0.5084339927071299,True,0.1<DOR<=0.5,dam,0.13051441766284544,0.12211353491973342
13037500,0.41416030499480194,0.4431077625151775,0.538958508170488,0.5506050705607919,0.4176741686997897,0.44953248855550365,14858.54,6,2,0.4596317422294828,False,0.1<DOR<=0.5,dam,0.12479820317568602,0.10749730804561441
13038500,0.4132396975435635,0.6143136088213033,0.42941255332297246,0.6979827025430723,0.4037110082776073,0.6121148386748577,14979.16,6,2,0.7966994990255066,False,DOR>0.5,dam,0.016172855779408968,0.083669093721769
13057940,0.6830993833625196,0.48202510665147724,0.6831289983631204,0.482002762520523,0.6855682093471225,0.48389986771066584,1472.161,0,0,0.0,False,none,,2.9615000600724528e-05,-2.2344130954254915e-05
13058000,0.4081665168657195,0.43330632281334736,0.4816630914299245,0.46170828904802896,0.4032083522983384,0.43248502841504033,1654.143,1,1,1.2185548138201927,True,DOR>0.5,,0.073496574564205,0.028401966234681608
13066000,0.393302285794641,0.5871269213597334,0.34888563715139,0.619002876685367,0.3930208214156403,0.587741699680521,2324.469,1,1,1.481293158925482,False,DOR>0.5,dam,-0.04441664864325101,0.03187595532563359
13073000,0.5631596998377036,0.5203607916523414,0.5628850634818675,0.5228434424988966,0.6579193732220305,0.5849568403265943,1523.439,1,1,0.1703442462080297,False,none,,-0.0002746363558361331,0.00248265084655519
13075000,0.3768662779583577,0.7038476019700441,0.37844773198770176,0.7045492611267933,-0.8848629970843642,0.3418002499278152,907.9749,0,0,0.0,False,none,control,0.0015814540293440649,0.0007016591567491348
13075500,0.5169596893021645,0.4407586573232327,0.5310731227438766,0.4477880730895769,0.5141532846444932,0.45022849963184475,3353.598,1,1,0.1212116891428207,False,none,,0.01411343344171212,0.007029415766344194
13132535,-2.7322493227928573,-2.608021551352455,-2.191992617567633,-2.554356083772316,-2.8059405119150176,-2.6018176273255675,4743.366,3,1,3.0178943931326936,False,none,dam,0.5402567052252243,0.053665467580139126
10020100,0.7931420910596544,0.6895604730351819,0.7933511912577857,0.6894888143275653,0.7923146198018016,0.6907080057337814,1955.137,5,1,0.1667016146451536,False,0.1<DOR<=0.5,,0.00020910019813136227,-7.165870761660642e-05
10020300,0.7268693412211098,0.654934716808431,0.6863645173222973,0.587393992074607,0.7230177654648096,0.6554473507859779,2039.566,6,2,0.5923750052555522,True,DOR>0.5,dam,-0.04050482389881249,-0.067540724733824
10023000,0.2752047745795675,0.18902398169229118,0.2751929730196704,0.18901498313212073,0.2747579790111113,0.18882393922595198,131.4567,0,0,0.0,False,none,,-1.1801559897106628e-05,-8.998560170447867e-06
10068500,-0.3819402476764897,0.3003026318838288,-0.36005257954611025,0.2738095494988244,-0.5328688985677312,0.22696111500585592,9587.663,11,2,0.2606895036591556,False,0.1<DOR<=0.5,,0.021887668130379456,-0.026493082385004363
10109000,0.9166885277700391,0.8906944481524821,0.9166805548205842,0.8907074841498125,0.9163211461492168,0.8902816371628602,555.579,1,0,0.000442515424175,True,none,,-7.972949454870815e-06,1.3035997330379523e-05
10109001,0.916113481070238,0.8719759720906708,0.9161145646486919,0.8719872862952173,0.9165760459249604,0.8758194790050993,555.5961,1,0,0.0004061285371431,True,none,,1.0835784538532067e-06,1.131420454647536e-05
10126000,0.4422040824176072,0.560903461224626,0.5959125109706865,0.5899574039244624,0.41324363908929207,0.5311940755813265,18311.94,23,8,0.190174350131751,False,0.1<DOR<=0.5,dam,0.1537084285530793,0.02905394269983641
10136500,0.7144979277734278,0.650046822044297,0.6613876190796029,0.5713000692627938,0.7343614197158732,0.7073561567622271,4216.987,7,5,0.7284361111947556,True,DOR>0.5,dam,-0.05311030869382494,-0.07874675278150323
10137500,0.6664890902996466,0.6422194131959138,0.6664019525806089,0.6421903599962093,0.6602460186259564,0.7157343963750511,356.3271,1,0,0.1017325138959943,False,none,,-8.713771903778866e-05,-2.9053199704476285e-05
10140100,0.47775757520909157,0.5252581154858538,0.522980048815052,0.5214579271666575,0.46078995311395865,0.5401817605636958,822.7683,2,1,1.574147643582861,False,DOR>0.5,,0.045222473605960434,-0.0038001883191962627
10141000,0.5582955510786922,0.46667161470882557,0.5740703199282648,0.43422681965512844,0.4763220878541985,0.3101573928420134,5371.414,9,6,1.312081850547079,False,DOR>0.5,dam,0.01577476884957263,-0.03244479505369713
09277500,0.7322968963580964,0.7580358159092998,0.7322993133720215,0.7580365373668904,0.7315035795888065,0.7575502329654129,923.7699,0,0,0.0,False,none,,2.4170139251156186e-06,7.214575905578613e-07
09279000,0.06236505879120158,0.44829785896043817,0.21109670912862133,0.5199028587159344,-0.02213807371607368,0.3850682920686028,379.2339,1,1,0.5046888269547044,False,0.1<DOR<=0.5,,0.14873165033741975,0.07160499975549628
09288180,0.43594157162817415,0.38834167273082865,0.4247141541763666,0.3814551571428041,0.4360101557732732,0.38948523036186933,2376.08,2,2,11.815197756955744,False,DOR>0.5,,-0.011227417451807553,-0.0068865155880245554
09312600,0.34219070063799595,0.43806060368046096,0.3419570214391622,0.4378293142895403,0.3230195151388845,0.4816633863681625,195.2946,0,0,0.0,False,none,control,-0.00023367919883376942,-0.0002312893909206526
10011500,0.8474452619430616,0.7815512708150069,0.8474412169601968,0.7816237168576665,0.8477204526741972,0.7826737900395762,445.6411,0,0,0.0,False,none,control,-4.044982864770397e-06,7.244604265965737e-05
10128500,0.6325252258833955,0.4330078639095648,0.6400094149230757,0.44438815800708753,0.667263124598279,0.48676698774660565,420.3672,1,1,0.0585383912239571,False,DOR<=0.1,,0.007484189039680178,0.011380294097522725
10129500,0.557057672609971,0.6589757253802087,0.557487204903143,0.6117055502028348,0.5418221890731241,0.6626059291494178,847.077,2,2,0.5673916853726053,True,DOR>0.5,,0.0004295322931719969,-0.04727017517737386
10130500,0.566097391270017,0.6590162865952758,0.5719995881511553,0.6084962442834024,0.5632363761654524,0.6848356944170713,1107.946,2,2,0.5292324128804011,False,DOR>0.5,dam,0.005902196881138244,-0.05052004231187335
10131000,0.8115005065738445,0.7722843538662285,0.811246376507302,0.7722066676431093,0.8131068720530468,0.7741277301767524,661.0392,0,0,0.0,False,none,control,-0.0002541300665425128,-7.768622311921103e-05
10134500,0.3042627696974831,0.28563745308662847,0.34711471371583613,0.3411308426159486,0.34013164970348153,0.36814088062054373,374.4549,1,1,1.291267583218647,True,DOR>0.5,dam,0.042851944018353016,0.05549338952932015
10146400,-0.7758471726274849,-0.6022999842664936,-0.7758475153571758,-0.6052771415430509,-0.7799831577370304,-0.5381256938686079,586.7406,1,0,0.0008801087048679,False,none,,-3.4272969084980787e-07,-0.0029771572765573406
10150500,-0.6024803037185431,-0.18475948453973778,-0.6025054388800741,-0.18484834634684089,-0.6028208087099871,-0.18513626894296942,1629.841,1,0,0.0006870957583994,False,none,,-2.5135161531020245e-05,-8.886180710310221e-05
10154200,0.6081623513613792,0.4102974560845368,0.608138279590557,0.41029113657602423,0.6089173133358445,0.41099736843991463,419.8896,0,0,0.0,False,none,,-2.4071770822198246e-05,-6.319508512597771e-06
10155000,0.4140535051475487,0.20845445820175446,0.41401077310621026,0.20842640658697842,0.4144422386626,0.20881372271599297,568.3752,0,0,0.0,False,none,,-4.2732041338422455e-05,-2.8051614776036793e-05
10163000,0.2308902037162458,0.5087794697152587,0.34865818196351284,0.5276125106234117,0.23151180357152823,0.5101845672627314,1767.912,6,2,4.041506463560945,False,DOR>0.5,dam,0.11776797824726704,0.018833040908153076
10166430,-0.27414360008833016,-0.3966934207088877,-0.27413124496255836,-0.3966156693901879,0.3783537178679788,0.5591558894599314,70.173,0,0,0.0,False,none,,1.2355125771801312e-05,7.775131869980356e-05
09310500,0.6862765442672576,0.6994939338895444,0.6860866436899005,0.6994195703148207,0.6523821904625968,0.5627548161571928,148.1787,0,0,0.0,False,none,control,-0.00018990057735712718,-7.436357472367927e-05
09326500,0.7120220373750787,0.5213054798592311,0.7118639254877491,0.5212717540838698,0.7144885192765846,0.5229994739304289,358.7283,0,0,0.0,False,none,control,-0.000158111887329615,-3.372577536131516e-05
09328500,0.3217082962197798,0.3338780795603993,0.3137952477770418,0.30247832902385385,0.2564232061305648,0.3104834431475202,4292.528,6,3,2.180926252950643,False,DOR>0.5,,-0.007913048442737991,-0.03139975053654542
09330500,0.6296639778276276,0.5612917147825214,0.6293317442564941,0.561155043577962,0.6293821596209779,0.5711063302601656,271.1844,0,0,0.0,False,none,control,-0.00033223357113354446,-0.00013667120455940207
10205030,0.33193584416785527,0.41812908098868007,0.33200065764464604,0.41815490727573223,0.32733755200463666,0.42163181220507384,134.5977,1,0,0.0460681181077365,False,none,,6.481347679077043e-05,2.5826287052166386e-05
09330000,-0.19395669409520733,-0.1840899769849187,-0.07957284159659261,0.030720336448724295,-0.18919367214013683,-0.1724692775657357,1951.025,3,1,0.3428003034560667,False,0.1<DOR<=0.5,,0.11438385249861471,0.21481031343364299
09330230,-0.18361292454717004,-0.07701236955801272,-0.09296491743062263,0.03742359331199041,-0.15615214624627538,-0.0368950498787326,3131.813,5,1,0.3881272148117958,False,0.1<DOR<=0.5,,0.09064800711654741,0.11443596287000313
09401260,-0.11856809591658757,-0.002222671344629612,-0.04465395056582011,0.14195040693039862,-0.00972537995870737,0.24059196510509606,4151.018,0,0,0.0,False,none,control,0.07391414535076746,0.14417307827502823
09384000,0.20164978210590545,0.4611472529951044,0.18909507595465125,0.4560021078621431,0.16648908275607166,0.4521745344930018,1961.768,3,0,0.3096564991340802,False,none,,-0.012554706151254202,-0.005145145132961271
09390500,0.12219527270870212,-0.12266083397517757,0.12185882377757229,-0.12287595116941352,0.04642177950888615,0.2724732011905564,177.7455,4,0,1.4640406094686522,True,none,,-0.0003364489311298291,-0.00021511719423594755
09466500,-0.06378580323337091,0.291242221540549,-0.35575316299692883,0.2027483344847797,-0.9971424214338254,0.0011582239904764924,29892.82,27,0,0.1797274011473157,False,none,,-0.2919673597635579,-0.08849388705576933
09468500,0.5580986675208253,0.6999842864566672,0.5436945354801215,0.6912810701176748,0.5964462262396166,0.7606747903307007,2718.959,2,0,0.1908708579174035,False,none,,-0.014404132040703788,-0.008703216338992403
09469500,-20.452309209380306,-2.634515310196036,-11.849236660869492,-1.6602926191105447,-32.07633012921386,-3.73369942453684,33546.0,30,1,4.677053584583586,True,DOR>0.5,,8.603072548510815,0.9742226910854912
09489500,0.6662127163401996,0.5335436589493188,0.665186606447757,0.5332382009450509,0.6735745762061867,0.5378981254091093,1439.507,0,0,0.0,False,DOR<=0.1,,-0.0010261098924426726,-0.00030545800426784453
09490500,0.5737853943712932,0.367202695660794,0.5721690569949985,0.36700871657764866,0.5615993826122662,0.36339516044770215,3166.939,0,0,0.0,False,DOR<=0.1,control,-0.0016163373762946298,-0.00019397908314533474
09492400,0.5852873848187834,0.7196870006890993,0.5851200030438128,0.7195882846568539,0.5826629176295345,0.7282432235277719,128.9673,0,0,0.0,False,none,control,-0.00016738177497055418,-9.871603224542724e-05
09494000,0.5391509487909532,0.5865713643275541,0.5386793203066016,0.5863866481564172,0.5359505183668175,0.5872774810701553,1628.228,3,0,0.0045134811938367,False,none,,-0.0004716284843515606,-0.00018471617113691163
09496500,0.21095188733195225,0.5268209637334764,0.20554652349012037,0.529767836029304,0.012592012378305095,0.3428590921109531,1143.377,0,0,0.0,False,none,,-0.005405363841831878,0.002946872295827574
09497500,0.6485919057015819,0.5838265149420645,0.6416894286700596,0.5831582231734441,0.632534326410337,0.5694702435760541,7330.731,3,0,0.001253038949098,False,DOR<=0.1,,-0.006902477031522247,-0.0006682917686203771
09497980,0.6599547128308152,0.7031768052694776,0.6411690525171028,0.6936842898232072,0.7115257814561214,0.7239014926870626,516.798,0,0,0.0,False,none,,-0.018785660313712427,-0.009492515446270389
09447000,-0.23130333285464189,0.33127399210615216,-0.33911621028088756,0.30094527194282683,-0.6177831120710344,0.13326998965553083,1609.932,2,0,0.012637400649729,False,none,,-0.10781287742624568,-0.03032872016332533
09447800,-0.07084055998363237,0.3169115218216245,-0.11177990567191443,0.30725834117657125,-0.18756153973615097,0.37665050528322286,781.9614,0,0,0.0,False,none,,-0.04093934568828206,-0.009653180645053272
09448500,0.5067854457716595,0.6895132109815316,0.35514669287677636,0.620170567912913,0.15394967448353736,0.4907500016420251,20424.0,13,0,0.0266549012067559,False,none,,-0.15163875289488316,-0.06934264306861859
09537200,0.08347282831541103,0.013184447842348401,0.06841285952350784,0.006236709528148365,0.06443179566936341,0.03937323293070416,204.0615,0,0,0.0,False,none,,-0.015059968791903189,-0.006947738314200036
06036650,0.7767236143055254,0.6742732773942015,0.7733933132348597,0.6456814481509542,0.7602107546929575,0.6734804878468059,24755.09,10,4,0.2539852046130089,False,0.1<DOR<=0.5,,-0.0033303010706656755,-0.028591829243247324
06043500,0.9205866905440976,0.8636438861115372,0.9185861343935897,0.8645346230038949,0.91930660805701,0.866025755309257,2120.42,0,0,0.0,False,none,,-0.0020005561505078706,0.0008907368923577463
06052500,0.8943342149459761,0.8828747595763096,0.8902860521629167,0.8824025011479777,0.888450190441516,0.8821504501934205,4634.347,0,0,0.0,False,none,control,-0.004048162783059417,-0.00047225842833187315
06054500,0.8274722251128049,0.8148366996279571,0.8393347370502708,0.7514887899413211,0.8169996409033663,0.8201435556996273,38074.68,14,6,0.2343910020607157,True,0.1<DOR<=0.5,,0.011862511937465903,-0.06334790968663606
06192500,0.9583590942662147,0.9618999524744543,0.9564506874140838,0.9598511536833777,0.9543287067018291,0.9527071279352366,9208.975,1,0,0.000213504780524,False,none,,-0.001908406852130895,-0.002048798791076556
06200000,0.9203247427416165,0.9259875232368128,0.9176340998251242,0.9250671021881938,0.9191476174800268,0.9265380016431094,1363.8,1,0,0.0004377587834709,False,none,,-0.0026906429164922363,-0.0009204210486190023
06037500,0.13700461540858533,0.4921533451122575,0.14208740323306956,0.49191873004618214,-0.07786231528082554,0.4014249276576469,1126.247,0,0,0.0,False,none,,0.005082787824484236,-0.00023461506607536098
06038500,0.07359139483200106,0.5205148710973968,0.039850724205399146,0.44621505180019105,-0.023713123887690646,0.514825453510585,2411.956,1,1,0.5119736706176791,True,DOR>0.5,dam,-0.03374067062660191,-0.07429981929720575
06186500,0.9343792189673252,0.8797327859164333,0.9317314084589755,0.8792645149745291,0.9299511777156677,0.8786803444673773,2567.444,0,0,0.0,False,none,,-0.002647810508349724,-0.00046827094190426966
06188000,0.9198035451340144,0.8338305977147773,0.9193368818872023,0.8339062922322534,0.9200644791277052,0.835394512833227,1730.28,0,0,0.0,False,none,,-0.0004666632468121046,7.569451747613254e-05
06191000,0.8673203454163203,0.8501044324614191,0.8678564382784697,0.8502897498588811,0.8708065689139456,0.8656329063348553,513.8847,0,0,0.0,False,none,,0.0005360928621493954,0.0001853173974619704
06191500,0.9505018751383306,0.934225037632844,0.9504007299382092,0.9357771320698998,0.9499804827326002,0.9347068197213927,6783.593,0,0,0.0,False,none,control,-0.00010114520012138861,0.0015520944370557288
06280300,0.7495658982906612,0.7244636513658856,0.744302918009705,0.7238641923812998,0.7478670006022887,0.7339199082785712,793.953,0,0,0.0,False,none,control,-0.005262980280956175,-0.0005994589845857989
13010065,0.7897750363650059,0.7217534226138234,0.7909036303602932,0.7218235879563233,0.7874649762883397,0.7197963348652712,1222.287,0,0,0.0,False,none,control,0.001128593995287308,7.016534249992823e-05
13039500,0.040861782003611014,0.428509563937845,0.16323667579089052,0.4846097756936616,-0.1980292634113705,0.33426579662625466,244.3383,1,1,1.7366244030669409,True,none,dam,0.1223748937872795,0.05610021175581659
06221400,0.752634472691716,0.6383943125808949,0.7521734169382037,0.638314675547278,0.7729300004169344,0.7084522259025307,227.8809,0,0,0.0,False,none,,-0.0004610557535122961,-7.96370336167973e-05
13011500,0.8451299381243065,0.7442586579925796,0.8445042323853815,0.7443489326765856,0.8566392909417575,0.7746444107857549,404.0775,0,0,0.0,False,none,control,-0.0006257057389249532,9.027468400601979e-05
13018750,0.7415463616794479,0.5865052209967987,0.8061167017213885,0.6902660842322386,0.7447895431201413,0.5948357172951539,6884.45,3,1,0.3289299723746681,False,0.1<DOR<=0.5,,0.06457034004194062,0.10376086323543987
13022500,0.6107988425000386,0.42667587415110686,0.6967838480618149,0.5070544327116506,0.6179246884738379,0.43451992504385073,8867.073,3,1,0.2729222104306987,False,0.1<DOR<=0.5,,0.08598500556177635,0.08037855856054377
13023000,0.899567283861108,0.9382829844194451,0.9003271933071135,0.9387381063361789,0.9043127421810572,0.9479107077201945,1161.929,0,0,0.0,False,none,control,0.0007599094460055689,0.00045512191673380276
09205000,0.8612248993095483,0.8429167490173759,0.8586529662106266,0.8223126006498784,0.8525422956014344,0.8416549604923748,3245.414,5,4,0.2066271287880254,False,0.1<DOR<=0.5,,-0.002571933098921675,-0.020604148367497466
09209400,0.8257688417159169,0.7023376479265175,0.8209597764511006,0.6856344993474892,0.8170988951000044,0.7029255313769889,9895.106,5,4,0.0999701356040618,False,0.1<DOR<=0.5,,-0.004809065264816281,-0.016703148579028326
09210500,0.7064369366495982,0.7470796996115279,0.708410253157975,0.7480157793734703,0.7565459872531881,0.7808656006262851,398.3094,0,0,0.0,False,none,control,0.0019733165083768434,0.0009360797619424321
09211200,0.618795509782919,0.7804023914327721,0.7182830997377896,0.7179899476862981,0.6042363365517828,0.7741415957606441,10861.65,6,5,0.4470772099458361,True,0.1<DOR<=0.5,dam,0.09948758995487061,-0.06241244374647403
09217000,0.5914803192925766,0.7371883275932353,0.7011098120877637,0.6787342620735584,0.5594694360137556,0.7242293837062407,25211.51,16,8,0.5242946322382657,False,0.1<DOR<=0.5,,0.10962949279518708,-0.05845406551967691
09223000,0.8243245648021087,0.9050398311375498,0.8260964413429241,0.9058720513439695,0.8214649303737035,0.8802437599885733,333.153,0,0,0.0,False,none,control,0.0017718765408154535,0.0008322202064197093
09224700,0.5577906386734222,0.5557530687543892,0.5539646886470291,0.5338609455069645,0.5735149370978496,0.5811987474282283,7719.575,9,3,0.624383623090416,False,DOR>0.5,,-0.003825950026393077,-0.021892123247424733
10032000,0.8342437022750061,0.8917425501898217,0.8375056679097816,0.8929012891714687,0.7802723117050632,0.6973099707352917,424.3266,0,0,0.0,False,none,control,0.0032619656347755432,0.0011587389816469784
09234500,-0.3039302792675638,0.43550671957816955,0.1292530067624259,0.5880148859102163,-0.25286801942575865,0.44750807822412786,39136.57,29,12,3.6227943462892047,False,DOR>0.5,,0.4331832860299897,0.15250816633204678
09266500,0.8074505831801125,0.6899399324083195,0.8077243240659464,0.6900081725005826,0.7897440570033858,0.6403256678624407,262.7073,0,0,0.0,False,none,control,0.000273740885833873,6.824009226302774e-05
09289500,0.8610110505323234,0.7552003353569217,0.8609816741271916,0.7552032661269832,0.8745491834849355,0.7673643686144291,201.5208,0,0,0.0,False,none,control,-2.9376405131786854e-05,2.930770061526644e-06
09291000,0.5319959300393851,0.670554627153175,0.561478809526097,0.6954342953285033,0.4535000374521383,0.5941526316778198,296.9973,1,1,0.5697134326417246,True,0.1<DOR<=0.5,dam,0.02948287948671191,0.024879668175328273
09292500,0.8629116447970223,0.8542500694715495,0.8629605100549453,0.8542832095378233,0.8596368833547674,0.8528241832315533,325.6659,1,0,0.0006278537389803,False,none,,4.886525792302532e-05,3.3140066273862345e-05
09299500,0.8306073942632132,0.7559241926343583,0.8307132609843859,0.7559527441547883,0.8282952672420325,0.757173149953814,298.2501,0,0,0.0,False,none,control,0.00010586672117274265,2.8551520430020183e-05
09302000,-0.18511371641893137,-0.26158871529495564,-0.07674976049508309,-0.24758197443556607,-0.2832765665601342,-0.3338310965273277,9771.918,8,6,5.164717374434967,False,DOR>0.5,,0.10836395592384829,0.014006740859389577
09180000,0.6667598695032361,0.4825660630378438,0.6590157465512433,0.4822735788694036,0.6373761501555217,0.47404036074812894,11837.85,5,2,1.0459403324209902,False,DOR>0.5,,-0.007744122951992782,-0.000292484168440188
09306500,0.8626690109015003,0.7926494810943143,0.8708532755240359,0.8206027041859945,0.8499957684985548,0.7921734039659714,10098.16,5,1,0.0483040958127376,False,DOR<=0.1,,0.00818426462253563,0.027953223091680135
09166500,0.7298555465944778,0.5526812601039257,0.7296642294745168,0.5531377541086961,0.729860632452728,0.5550950568249893,1306.857,1,1,0.0952957325709908,False,DOR<=0.1,,-0.00019131711996100975,0.0004564940047704358
09169500,0.16940535009338598,0.03228413812043218,0.1621199754335333,0.029215378274167425,0.15293624186989996,0.020726026485870963,5232.928,2,2,2.8282412813078417,False,DOR>0.5,,-0.007285374659852684,-0.003068759846264757
09171100,0.22466977176183067,0.07743924316826822,0.2185408011867347,0.07414811574086266,0.20390123338556743,0.06472549387227611,5549.45,2,2,2.7578477624547646,False,DOR>0.5,,-0.006128970575095982,-0.00329112742740556
09372000,0.16695469841460975,0.24437425766723875,0.15750023471547336,0.2392075112657427,0.1561031136213058,0.27460156005283975,897.1452,0,0,0.0,False,DOR>0.5,control,-0.009454463699136384,-0.0051667464014960585
09364500,0.8651600493899264,0.8520375410905071,0.8556100789250227,0.8486089583450104,0.84562254261679,0.8490673944679545,3545.659,6,3,0.3158736726651357,False,0.1<DOR<=0.5,,-0.00954997046490369,-0.0034285827454967333
09365000,0.6597352298608641,0.690751705805186,0.6632921279532693,0.6414388652139857,0.6228020331027048,0.6597977909889101,18633.95,15,6,1.7327809754873709,False,DOR>0.5,dam,0.003556898092405225,-0.049312840591200224
09366500,-0.8047654355656426,-0.4738712022632101,-0.8067597604415451,-0.4743139229551485,-0.8149619083767643,-0.47663486208983064,800.7858,2,0,0.3537835597435714,False,none,,-0.0019943248759024534,-0.000442720691938403
09371000,0.47632743494152985,0.47180570675902733,0.4788877685115964,0.46620297848786096,0.4658737084324883,0.44811198890015647,1361.793,1,0,0.0564951705784551,False,0.1<DOR<=0.5,,0.0025603335700665752,-0.005602728271166368
09371010,0.6090206049352034,0.6334948556224018,0.643889216771767,0.6162110027860805,0.5538514345289854,0.5946395158469573,37641.28,22,6,1.7100021732612145,False,DOR>0.5,,0.034868611836563645,-0.01728385283632128
09386900,0.21078191839083948,0.09693680022969886,0.21074376773902026,0.09687081530210573,0.3805897209708029,-0.26565017622410814,184.9419,0,0,0.0,False,none,control,-3.815065181922428e-05,-6.598492759313235e-05
09386950,-2.7440265013278418,-4.080694752128503,-2.725543848547542,-4.05560805865404,-11.445985957688137,-8.529607658821,2161.84,7,0,14.478218014292592,True,none,,0.018482652780299702,0.025086693474462685
09442680,0.08587939110474796,0.3478240251841569,0.08746652179862746,0.3485203341469246,-0.03879589386979587,0.24953675939718867,859.1607,2,0,0.1460789300909546,False,none,,0.0015871306938795016,0.0006963089627677332
08477110,0.5495453009762233,0.37542327018728405,0.5484847901136305,0.3748903171403555,0.49107090773547113,0.19952489189687805,485.4861,1,0,0.0640405467649691,False,none,,-0.001060510862592845,-0.0005329530469285748
09430500,0.6844860437118132,0.6282941190869693,0.6778676623702709,0.6256190779892675,0.7086661121792335,0.6590527570991153,4804.927,3,0,0.02210127994061,False,none,,-0.0066183813415423565,-0.0026750410977017802
09430600,0.0794048350710872,0.0008297635220804178,0.07878378340831538,-0.0008012738674112452,0.1465135379562399,0.11217141328304303,190.522,0,0,0.0,False,none,control,-0.000621051662771821,-0.001631037389491663
09431500,0.5937807179282614,0.7724103365173095,0.5864574251130097,0.7684004736803948,0.5332825904382221,0.7383411023281706,7318.102,4,0,0.0225846515643829,False,none,,-0.007323292815251681,-0.004009862836914735
09432000,0.6203858964496227,0.7093376953343395,0.6116779500011649,0.7037560740018411,0.5811825542511679,0.7171331326579475,8282.21,4,0,0.0222629871839743,False,none,,-0.008707946448457848,-0.005581621332498399
09444000,0.548899220512032,0.730374278502318,0.5479587305253093,0.7299878952337648,0.5738022310778441,0.7340476096961963,4281.713,2,0,0.0293392640559916,False,none,,-0.0009404899867226924,-0.00038638326855311433
06208500,0.8927929647742026,0.88081494227175,0.887386194658522,0.8793037850961801,0.8748785315149095,0.8739528964458941,5237.808,3,0,0.0018794194037403,False,none,,-0.005406770115680581,-0.0015111571755698217
06207500,0.9024910764918129,0.9382119760876211,0.899696860045148,0.9370617280914968,0.8995439384344316,0.9359659306436641,2985.022,2,0,0.0017810855443235,False,none,,-0.0027942164466648878,-0.0011502479961242873
06274300,0.6940930587526237,0.8055035304576523,0.7031242200943724,0.6513795774507818,0.6690613637098898,0.8013385010338337,34255.36,22,5,0.8778866994669473,False,DOR>0.5,,0.00903116134174864,-0.15412395300687054
06279940,0.29241196239098555,0.17174742982380242,0.29635848910333207,0.17407191501695252,0.2991988913436998,0.1764974271819849,1811.831,0,0,0.0,False,none,,0.003946526712346521,0.0023244851931500943
06281000,0.8110696884042152,0.7612521764907301,0.804974493421192,0.7614672367859062,0.8051121420623888,0.7623955064760449,1516.756,0,0,0.0,False,none,control,-0.006095194983023244,0.00021506029517615044
06282000,0.5889398502697746,0.6740241572082144,0.5713697928739057,0.5972799388961584,0.5855988009640536,0.6767586976229794,4001.216,1,1,0.986824666377745,False,DOR>0.5,dam,-0.01757005739586892,-0.07674421831205602
06285100,0.39951056894641657,0.5832709715206342,0.45857141485300046,0.5480515859728643,0.38813439193780164,0.5800456873696962,6191.979,4,1,1.1353410234888963,False,DOR>0.5,dam,0.05906084590658389,-0.03521938554776993
06224000,0.7055639282194175,0.5567284288408665,0.7538474008935372,0.6260084176248708,0.7067084221134312,0.5581094644269964,484.8579,1,1,0.7991719009460544,True,DOR>0.5,dam,0.0482834726741197,0.06927998878400432
06225000,0.32409825733448916,0.4371989051978601,0.30454515678318583,0.4825328681181048,0.3223406933074422,0.4372774960822805,548.2323,1,1,0.8453160999007704,True,DOR>0.5,dam,-0.019553100551303326,0.04533396292024472
06225500,0.5959052826953408,0.3674796814112793,0.613558233495601,0.38339640213244564,0.6070224798773034,0.3815226406668514,4905.965,2,1,0.1993091831063322,True,0.1<DOR<=0.5,,0.017652950800260192,0.015916720721166344
06228000,0.5775255493229638,0.4989293733002963,0.5559483080850786,0.5059477849636924,0.5615278711548732,0.48575013735335726,5992.193,4,2,0.5644858230436904,False,DOR>0.5,,-0.021577241237885292,0.007018411663396118
06235500,0.7879277160013036,0.692784672942249,0.7860407512842194,0.6928683361419916,0.7814006454213436,0.6937512858332451,4934.026,4,1,0.0575955102983778,False,DOR<=0.1,,-0.0018869647170842718,8.366319974262293e-05
06253000,-0.001947025952142356,-0.23817041586731014,-0.0019620621351901235,-0.23884647807669523,-0.002027438136641413,-0.24096925034603456,1087.724,0,0,0.0,False,none,,-1.5036183047767437e-05,-0.0006760622093850976
06259000,0.40640248532249024,0.7061886883397722,0.5719690361375255,0.7105783944348883,0.3681323382898395,0.6876106598130292,19954.86,18,4,1.0687085679820103,True,DOR>0.5,dam,0.16556655081503524,0.00438970609511613
09247600,0.9147408490364626,0.9271764841807386,0.9141273769749616,0.9281460817892583,0.911214775640231,0.9261975803772928,5503.889,8,4,0.1180272018138764,False,0.1<DOR<=0.5,,-0.0006134720615009748,0.0009695976085196678
09251000,0.9224794916519945,0.8642085883066402,0.9227557955274023,0.8710002922142053,0.9152798213055692,0.8668605267007485,8753.69,10,4,0.1006229044845551,False,0.1<DOR<=0.5,,0.00027630387540777956,0.0067917039075651164
09255000,0.7034886379293929,0.6572981822800124,0.7036306235308543,0.6573215903210421,0.7038217704255452,0.670332254759975,387.9297,0,0,0.0,False,none,control,0.00014198560146139183,2.3408041029737703e-05
09260000,0.8103111783533145,0.8525945083407679,0.8072795890323334,0.8514383790171476,0.7674810843954771,0.8391417110993908,10466.33,3,1,0.0592450935711832,False,none,,-0.0030315893209810207,-0.001156129323620303
09306255,-0.5833543595823667,-0.08547248688230802,-0.5851270265669113,-0.08476652965144393,-0.585115230435834,-0.07981111448212297,678.6747,0,0,0.0,False,none,,-0.0017726669845445908,0.0007059572308640849
09306290,0.8654419092074617,0.7988940427936572,0.864661764473702,0.7989379778408721,0.8621530599453252,0.8002328332098085,6559.255,3,0,0.0184361967479163,False,none,,-0.0007801447337596468,4.393504721489361e-05
09070000,0.8705389698913959,0.9282233728890724,0.8680294919928039,0.9271666701796234,0.864902141995364,0.917521593129659,2461.667,0,0,0.0,False,0.1<DOR<=0.5,control,-0.0025094778985920163,-0.00105670270944902
09070500,0.8691312537551492,0.8804577563054155,0.847764677163236,0.8084323141183672,0.8635083448010282,0.893040041939202,11399.51,19,9,1.069219148103265,False,DOR>0.5,,-0.02136657659191321,-0.0720254421870482
09073300,-1.107964011787077,-0.5678468031900408,-1.1118508818470114,-0.5679013017240115,-1.2522537017116893,-0.6369447477397394,196.7139,0,0,0.0,False,none,,-0.0038868700599343775,-5.4498533970770424e-05
09073400,0.29724317589561133,0.37035220129290625,0.29281083531025565,0.37009790898876227,0.24236929432840182,0.3237028802552506,276.8967,0,0,0.0,False,none,,-0.004432340585355687,-0.0002542923041439771
09080400,0.07214085346656118,0.5653400173914302,0.23341010993400158,0.5731144282947054,-0.3551333393820717,0.40367039786789305,612.899,2,1,0.8719757097865061,False,DOR>0.5,dam,0.1612692564674404,0.007774410903275131
09081600,0.8692088913018292,0.7974968150740536,0.8671431009959644,0.7970292842644804,0.8676023631147587,0.7879819842173721,432.8928,0,0,0.0,False,none,control,-0.0020657903058648452,-0.00046753080957318005
09085000,0.8958917662571736,0.9044400752135449,0.8965936921547473,0.9199049720021982,0.8831137581763444,0.8649638779155129,3762.712,3,1,0.1261291791986854,False,0.1<DOR<=0.5,,0.0007019258975736742,0.01546489678865337
09085100,0.9095415385815772,0.9510901225375155,0.9034969063551501,0.9198360669382452,0.8962671985483699,0.9197604698305175,15578.92,23,10,0.7023242856405926,False,DOR>0.5,,-0.006044632226427038,-0.0312540555992703
09095500,0.9206425136444147,0.9025344962806338,0.9069575826435079,0.8552368278397732,0.9100140119821623,0.9227947390431046,20698.61,24,11,0.6151883736659313,False,0.1<DOR<=0.5,,-0.013684931000906841,-0.047297668440860585
09105000,0.776502531209579,0.8661040711350556,0.7816146860009028,0.8636499509261547,0.7765508696064574,0.8683864541219896,1536.934,4,1,0.3399255584747064,False,0.1<DOR<=0.5,,0.005112154791323764,-0.0024541202089009007
09132500,0.8774661235932262,0.8108936780310052,0.8797825555715266,0.8190884774345992,0.8637059852712989,0.7487102251449941,1362.955,1,1,0.0566809811711365,False,DOR<=0.1,dam,0.0023164319783004483,0.008194799403594022
09152500,0.6445986753790183,0.8109723021306154,0.7080315682510204,0.779502065972006,0.6182788623469782,0.7716655929685048,20560.02,19,9,0.7115087026852946,False,DOR>0.5,dam,0.06343289287200216,-0.031470236158609444
09304200,0.8430299572013947,0.7961871189721713,0.8430126178590525,0.7961618408930236,0.8433672341253187,0.7973395080511098,1667.251,1,0,0.0200760128864757,False,none,,-1.7339342342270747e-05,-2.5278079147761368e-05
09304500,0.8590947580054057,0.7916919356338208,0.8590326590015201,0.7916508798504109,0.8596367572475037,0.7929608082811532,1939.882,1,0,0.0179553156898589,False,none,,-6.209900388554068e-05,-4.1055783409849056e-05
09304800,0.8580064078316405,0.7880672544116166,0.8577719004541162,0.7880299463452911,0.858388761057224,0.7890585283596313,2655.893,1,0,0.0169892842028814,False,none,,-0.00023450737752428452,-3.730806632551431e-05
09306222,0.2452492746217031,0.19713945887414885,0.2452145563146454,0.1970838629699787,0.24504931748653647,0.19769639075327106,1689.349,1,0,0.0019805682461965,False,none,,-3.4718307057701736e-05,-5.559590417014704e-05
09306242,-0.4919456083576512,-0.02338272981807399,-0.49202424919426635,-0.023535880691251343,-0.4949783104661636,-0.021167935844490282,81.9855,0,0,0.0,False,none,control,-7.864083661512922e-05,-0.00015315087317735454
09110000,0.426164713648431,0.5137506495166775,0.38774519016640674,0.5021509956151345,0.1981239094921714,0.373271561429216,1237.295,2,1,0.5341395581354429,False,DOR>0.5,dam,-0.038419523482024265,-0.011599653901542939
09112500,0.7110871129587346,0.5244978392907825,0.7107934484693856,0.5248562831405112,0.7117529404901344,0.5263219007436912,748.9827,1,0,0.0008969402166233,False,none,,-0.00029366448934897704,0.0003584438497287179
09114500,0.8041436749268693,0.665666262865606,0.792822152531114,0.6533864206698883,0.7863634594477487,0.6419189130497209,2617.133,3,1,0.2363239710191956,False,0.1<DOR<=0.5,,-0.011321522395755346,-0.01227984219571776
09118450,-0.6058768891017037,0.3156681569081319,-0.6084677254565738,0.31494118050859166,-0.6170604964615023,0.31213479199295013,864.4563,1,0,0.0347703353183413,False,none,,-0.0025908363548701185,-0.0007269763995402245
09119000,0.5706831607313996,0.7261443290238899,0.5584718146656099,0.7215472458963106,0.5451658486973571,0.7175051726735227,2743.504,2,0,0.01303427556252,False,none,,-0.012211346065789663,-0.004597083127579338
09124500,0.8541567973476961,0.8510655707184983,0.8498952272474182,0.8509518572815724,0.850994327119956,0.8532748641962802,879.2001,0,0,0.0,False,none,control,-0.004261570100277945,-0.00011371343692589964
09126000,0.7984364020643747,0.7954970172194107,0.8067068507941939,0.7826521117045826,0.37037228212915585,0.019066392544100474,173.2248,1,1,0.1993175184088557,False,0.1<DOR<=0.5,dam,0.008270448729819191,-0.012844905514828087
09128000,-0.6781934105808018,0.3032967366757756,-0.17650695179654807,0.3464855353932602,-0.9594189301072833,0.204038436267586,10298.7,9,5,1.4658292125845962,True,DOR>0.5,dam,0.5016864587842538,0.0431887987174846
09144250,0.50239373380102,0.6877412878495792,0.6029544825301663,0.6982070647372863,0.41172680000206197,0.5941666223562017,14613.81,15,8,0.9183637312849408,False,DOR>0.5,dam,0.10056074872914622,0.010465776887707112
09146200,0.8530165227261435,0.7740629230038567,0.8526933181585205,0.7739236276740762,0.8537810396128217,0.7758222522005684,384.2453,0,0,0.0,False,none,control,-0.0003232045676230255,-0.00013929532978051995
09147000,0.44802537150457045,0.48977965473806206,0.4477668627861683,0.4895108621844316,0.4653935516304821,0.5118204377044153,252.0513,0,0,0.0,False,none,control,-0.0002585087184021617,-0.00026879255363043697
09147025,0.5430687404576977,0.692880370246324,0.5841875724373014,0.6255772513467212,0.5429798757428291,0.6948036515754368,685.1979,1,1,0.5625619081174947,True,none,,0.04111883197960364,-0.06730311889960283
09147500,0.7010694464039775,0.7237438373851254,0.6450123306331969,0.6101058332057976,0.7007339816096323,0.7253563504980659,1159.221,1,1,0.4684038445268523,False,none,,-0.05605711577078065,-0.11363800417932779
09149500,-0.1197144507470349,0.4265007790141233,0.15577060339912496,0.47855426903565346,-0.1268759489634641,0.4258480766321866,2899.502,3,1,0.3636196526998024,False,none,,0.27548505414615987,0.05205349002153015
09352900,0.7194831909174101,0.6035259364579588,0.7198926711887663,0.6036273543892552,0.7654998022220957,0.7109096529813193,188.1514,0,0,0.0,False,none,control,0.0004094802713562329,0.00010141793129636589
08245000,0.3242583196978005,0.6519822591709895,0.2104661496771143,0.61918406217663,0.06228118690420403,0.46960238599026016,105.8085,1,1,0.8469516858309906,True,DOR>0.5,dam,-0.1137921700206862,-0.032798196994359485
08284100,0.6849834937554257,0.34021932054624493,0.6852573367851089,0.3404038399986983,0.686201999510279,0.34110331906343794,1223.974,0,0,0.0,False,none,control,0.0002738430296832517,0.00018451945245334667
08285500,0.1141691876872869,0.4691738129143731,-0.03490622908162,0.4489490992843488,0.11114782872519335,0.46937759657221856,2247.896,3,2,1.9955716598698447,True,DOR>0.5,dam,-0.1490754167689069,-0.020224713630024316
08286500,0.1513705882417462,0.48368589488989366,0.006235141407949785,0.4639506454641803,0.14691599246124332,0.4838075256625165,4146.737,3,2,1.9200067613823335,False,DOR>0.5,dam,-0.14513544683379642,-0.019735249425713364
08287000,0.10099524457431586,0.464313739555271,0.05393614628066423,0.4161923557730032,0.087961737037755,0.4601335662331577,5561.557,4,3,2.377295512106208,True,DOR>0.5,dam,-0.047059098293651624,-0.048121383782267824
09342500,0.8340611918913173,0.7923263176116867,0.8341197860083052,0.7924982224062153,0.8332908698416339,0.7931738311476877,726.894,0,0,0.0,False,none,control,5.8594116987831235e-05,0.00017190479452855456
09346400,0.8010180920344351,0.7489991675530977,0.8019926600290385,0.7502050239499035,0.8028414610984678,0.7518748045148362,3248.188,2,0,0.0088579406503017,False,none,,0.0009745679946033814,0.0012058563968058156
09349800,0.6307122137745731,0.45591352212378,0.6351991119255069,0.4604832902783905,0.6391072651219551,0.46469138543184707,1692.402,4,1,0.0421974261555199,False,DOR<=0.1,,0.004486898150933838,0.004569768154610521
09354500,0.3056326832688048,0.30557766125403985,0.3131491164424538,0.2896602746845789,0.2773232611580938,0.3483889268389688,1343.914,1,1,0.8150451455291096,False,DOR>0.5,dam,0.007516433173649029,-0.015917386569460956
09355500,0.17116436743517038,0.42525290519885095,0.12619710878858925,0.2800718948530897,0.11521146476428923,0.39674453789189545,8372.682,9,3,2.99962296053068,False,DOR>0.5,dam,-0.04496725864658113,-0.14518101034576125
09361500,0.894250738604842,0.9007822747685583,0.8896196583541834,0.8976511880110731,0.8916458409744039,0.9034968166577203,1817.365,4,1,0.0399874782475912,False,DOR<=0.1,,-0.004631080250658615,-0.003131086757485191
09363500,0.8965870152346247,0.8918884932280753,0.8901442579471144,0.8886964375963079,0.8897592918121509,0.8948658157736362,2854.036,6,3,0.2879442177234262,False,0.1<DOR<=0.5,,-0.0064427572875103145,-0.0031920556317673876
08317950,-0.12879613397761536,-0.15917978616882444,-0.11607709877573891,-0.1503812013893202,-0.08684860606732614,-0.07072148424589342,1536.176,1,1,36.71518620434974,True,none,dam,0.01271903520187645,0.008798584779504237
08319000,-0.17795016394316598,0.22681101458629516,-0.02324095996376263,0.35214186291235894,-0.37085051454597706,0.1438316205042156,40850.5,35,14,1.456100762536917,False,DOR>0.5,,0.15470920397940335,0.12533084832606378
08324000,0.6608260633291854,0.8089901040068946,0.6591519297367718,0.8083682422697958,0.6593232220892788,0.8100579679772621,1207.948,1,0,0.005854449506681,False,none,,-0.0016741335924135292,-0.0006218617370988833
08334000,0.05677384822769427,-0.034326140848688125,0.06311341925510638,-0.025734258367014373,0.08623506757991539,0.0047572641326555365,1097.247,0,0,0.0,False,none,control,0.006339571027412116,0.008591882481673752
06289000,0.7386633891802468,0.7058604059193954,0.7384293604434391,0.7060189954064993,0.6057441073399243,0.4644778830051105,471.2687,0,0,0.0,False,none,,-0.00023402873680766767,0.00015858948710389953
06298000,0.8881502239776545,0.9413457558528812,0.8875138844287838,0.9410062266996194,0.8700158325325564,0.813508570711891,533.6174,0,0,0.0,False,none,control,-0.0006363395488707679,-0.0003395291532617417
06309200,0.47456520241138866,0.3866929709779514,0.47364494656294875,0.3861914577745321,0.5392205795328531,0.5775538374559271,117.5427,0,0,0.0,False,none,control,-0.0009202558484399104,-0.0005015132034192904
06311400,0.5035036358376321,0.7101569566986097,0.5037702133754371,0.710261640260035,0.508044804790917,0.7111887805355123,251.3079,0,0,0.0,False,none,,0.0002665775378050128,0.00010468356142534496
06635000,0.7013023342778979,0.7198414790549588,0.7049091276448822,0.7199480546300392,0.7065497300579577,0.716701074019886,6060.855,2,0,0.0365423656310001,False,none,,0.003606793366984329,0.00010657557508042537
06647500,0.7720733725838814,0.7697821753088326,0.7720266732828335,0.76985809764564,0.6427749693473191,0.49107787098899036,167.5161,0,0,0.0,False,none,control,-4.669930104794773e-05,7.592233680731031e-05
06620000,0.7385160524481316,0.799289442850502,0.7357928664454305,0.7982828249567109,0.7248565106940592,0.7943971371045903,3702.637,10,0,0.0451685406674525,False,none,,-0.00272318600270105,-0.0010066178937910841
06623800,0.930787613116361,0.9595585606371757,0.9308993133292354,0.959608058976808,0.9282269646208828,0.9587214029707203,187.6617,0,0,0.0,False,none,,0.00011170021287432164,4.9498339632303434e-05
06625000,0.9105532809179475,0.8357696900476745,0.912775737052755,0.8381324272924907,0.910726490779228,0.8341981815392355,678.2625,4,3,0.3652300470145319,False,0.1<DOR<=0.5,,0.002222456134807538,0.002362737244816171
06751490,0.6629854038404264,0.4574224051618939,0.657472095006157,0.45757784017340075,0.6203422574386583,0.6326055482735979,1399.281,5,0,0.3792372498530948,True,none,,-0.00551330883426937,0.0001554350115068326
09010500,0.8271930435137266,0.8080245996788741,0.826604498430528,0.807630394923426,0.8277260584829497,0.8090871404807887,163.0043,0,0,0.0,False,none,,-0.0005885450831986105,-0.00039420475544804656
09237450,0.2749438843065837,0.22349741226748665,0.4618696562933633,0.4280966566693617,0.2816939845111126,0.23084749173856867,529.1712,2,2,0.901471478808521,True,DOR>0.5,,0.18692577198677962,0.20459924440187505
09237500,0.2486167953433719,0.2594578238191255,0.3246663383571846,0.4315346197886796,0.25460791697462004,0.266723726401599,583.0263,2,2,0.8517492236527806,True,DOR>0.5,,0.07604954301381273,0.17207679596955405
09239500,0.9436602837749091,0.9468029727193789,0.94416402262055,0.9467020311345606,0.9443903309778477,0.946943780673001,1460.046,3,2,0.1724298316279712,False,0.1<DOR<=0.5,,0.000503738845640922,-0.00010094158481821491
06710385,0.48450633944659816,0.45675990808600775,0.4852786237661275,0.4572326776732081,0.49523627192486164,0.46661216269730954,267.4035,1,0,0.0255994013607609,True,none,,0.0007722843195293594,0.0004727695872003279
06719505,0.7223968393765079,0.6733509338183181,0.7143778006850566,0.6721324518277376,0.7128385315702508,0.6654364338229787,1020.431,5,0,0.0365431121649226,False,none,,-0.008019038691451263,-0.0012184819905805
06730200,0.4126111067530952,0.4933220360697401,0.4468770348166372,0.4969564791529334,0.4114312274464367,0.49380235386959714,799.5843,4,2,0.9464041119645248,False,0.1<DOR<=0.5,,0.034265928063542006,0.003634443083193273
09032000,0.4177951635970779,0.44503318378306744,0.41741255168902147,0.4448142985129677,0.4209091418084031,0.44759635666063446,51.8418,0,0,0.0,False,none,,-0.0003826119080564405,-0.00021888527009972236
09032100,-1.3060276316334427,-0.32602749199784675,-1.307009800565747,-0.3260759467103238,-1.3051026142757634,-0.32849651117918643,12.4146,0,0,0.0,False,none,,-0.0009821689323041838,-4.845471247705291e-05
09034250,0.5812760692281485,0.6584827761973505,0.559221119926248,0.6330668099057001,0.5800454193831157,0.6609742902774509,2041.868,5,3,3.664842123720034,True,DOR>0.5,dam,-0.02205494930190044,-0.025415966291650438
09036000,0.8966018935006035,0.8142175243044177,0.8965433277335003,0.8140737950534391,0.8961757062577062,0.8082718760960337,231.8877,0,0,0.0,False,none,,-5.8565767103169186e-05,-0.00014372925097860811
09037500,0.7933829274881935,0.6810217188792911,0.7959666158290563,0.6815474994409719,0.7922315045860842,0.6567162707286678,479.4928,0,0,0.0,False,none,,0.0025836883408627553,0.0005257805616808442
09038500,0.25313970883288905,0.6168237479987956,0.3441522571203641,0.5620150847766816,0.2484453613738572,0.6189100176395899,595.1547,1,1,0.9946377269862796,True,DOR>0.5,dam,0.09101254828747507,-0.054808663222113974
09046600,0.6871047565243589,0.5803730116983408,0.686278928921088,0.580259564358868,0.6523579262795391,0.5331054463044649,319.5819,1,0,0.0126435156552803,False,none,,-0.0008258276032708789,-0.00011344733947271646
09050100,0.8573566849756988,0.6868049964197123,0.8727397203221134,0.7060790093809073,0.8567364417926533,0.6879358083427496,224.2575,1,1,0.893882859713457,False,none,,0.015383035346414609,0.01927401296119502
09050700,0.09957535764971892,0.3437802975756814,0.2642461869088334,0.3871328116115049,0.07532830910925337,0.32404330829821626,851.6304,5,3,4.226743757311707,True,DOR>0.5,dam,0.16467082925911447,0.04335251403582352
09057500,-0.12033019230012654,0.44206165515585316,0.1473980892451343,0.4372839700226575,-0.1430707859582796,0.43419180215161723,1494.94,7,4,2.528583017070187,True,DOR>0.5,dam,0.26772828154526085,-0.004777685133195653
09058000,0.547829659579877,0.7270662964846399,0.5375730433344901,0.6202604376300285,0.5282441945519941,0.7234437403951379,6148.432,18,9,2.157677397520806,False,DOR>0.5,,-0.010256616245386874,-0.10680585885461147
09059500,0.8405593511082763,0.7621359594409214,0.8405435700239845,0.7621478570684203,0.8628600698153408,0.8605527028542496,241.8444,0,0,0.0,False,none,control,-1.578108429178826e-05,1.1897627498869134e-05
09063000,0.5754700121997005,0.4535340987745724,0.5742105297687103,0.4534440679450814,0.5776823929862609,0.4508156756757089,195.3027,0,0,0.0,False,none,,-0.0012594824309901664,-9.003082949099461e-05
09064000,-1.4559934627367066,-0.7596617040371476,-1.4552365950415025,-0.7596358233448748,-2.362205361649078,-1.1339530987330817,95.4414,0,0,0.0,False,DOR>0.5,,0.0007568676952041109,2.58806922728283e-05
09064500,0.27668606971848664,0.3228239156701842,0.2780843057886552,0.3229526388867172,-0.015419764123047797,0.08512953301806359,151.2828,0,0,0.0,False,DOR>0.5,,0.0013982360701685348,0.000128723216533011
09064600,0.7888661299574741,0.6746606872042966,0.788584787734206,0.6746439455953488,0.7406589753243313,0.5936235041366604,478.7886,0,0,0.0,False,DOR>0.5,,-0.00028134222326803293,-1.6741608947823394e-05
07096000,0.7530954736511454,0.7655561056019673,0.7500328359261179,0.7669247622212214,0.7339393098762008,0.7610984841878533,7940.421,8,3,0.607528321051274,False,0.1<DOR<=0.5,,-0.0030626377250274617,0.001368656619254116
09107000,0.8427949764307984,0.7986255345357355,0.8416589876121019,0.7980418184437102,0.8200888701026332,0.7315970482540923,331.6194,0,0,0.0,False,none,,-0.0011359888186964762,-0.0005837160920252327
09109000,0.3546152742593325,0.6014338612500861,0.22794438789501603,0.5429219090370441,0.15039520881868085,0.47307193933634895,659.8449,1,1,0.8223677431663958,True,DOR>0.5,dam,-0.12667088636431645,-0.05851195221304206
07203000,0.1589292073166283,0.05500408979435534,0.15987995830673407,0.056213073148324355,0.16112916616570006,0.0586355787474212,893.123,0,0,0.0,False,none,,0.0009507509901057754,0.0012089833539690176
07206000,-0.1579881662784124,-0.11451460516826462,-0.3326656283506477,0.0717687968237446,-0.4588951000297343,-0.14984528260555496,478.4778,1,1,7.876768239112286,True,none,dam,-0.17467746207223533,0.1862834019920092
07207000,0.23645495406479156,0.4087323959007908,0.24164601236433392,0.5854267428009641,0.05477295585680686,0.45571341906371066,708.7698,1,1,5.311296514821223,False,none,dam,0.0051910582995423615,0.17669434690017327
07207500,0.5594600817974203,0.4210998075774588,0.5601361070057869,0.421014315289553,0.5568252532743752,0.4330964961495458,480.9231,0,0,0.0,False,none,control,0.0006760252083665153,-8.549228790577512e-05
07208500,0.6262004531170818,0.7975754985164257,0.626033096817825,0.797525604481506,0.4143867930687922,0.6434122035520076,159.2235,0,0,0.0,False,none,,-0.0001673562992567934,-4.989403491972855e-05
08246500,0.7446246072341884,0.5996135421818947,0.7400171576893624,0.5878519529534607,0.7988528171359671,0.7064073761330012,729.6696,1,1,0.2677075337787098,False,0.1<DOR<=0.5,,-0.004607449544826059,-0.011761589228433955
08247500,0.484882042220685,0.49660376901633796,0.4837628489016207,0.49629106600021144,0.48648588330925346,0.5008154280160733,300.735,0,0,0.0,False,none,,-0.0011191933190642933,-0.0003127030161265143
08248000,0.7225654258394427,0.5940673964265815,0.7226395411730858,0.5940477680758036,0.726084573168678,0.5992841332775442,396.1368,0,0,0.0,False,none,,7.411533364309886e-05,-1.9628350777844972e-05
08255500,0.4424245544387443,0.6171231437507986,0.512260161100179,0.7156835713023076,0.45558120591042284,0.6254425970983095,565.8138,1,1,0.5005400133105953,False,0.1<DOR<=0.5,,0.06983560666143473,0.09856042755150907
08265000,0.822832974257271,0.8110702129938336,0.8232872513877765,0.8114862952004243,0.8251493124245672,0.8122482939851905,290.1681,0,0,0.0,False,none,,0.00045427713050549823,0.0004160822065906178
08266820,0.720070599701492,0.8562939401386498,0.7197957444334933,0.8560422919768768,0.6830221147081164,0.7954036313066506,465.3193,1,0,0.0229494169050249,False,none,,-0.0002748552679987526,-0.0002516481617730326
08269000,0.699826206677495,0.8174836793034563,0.699156903514343,0.8172869408522434,0.3795316189912634,0.3617607485884965,163.2663,0,0,0.0,False,none,,-0.0006693031631519464,-0.00019673845121293
08275500,0.8343626263795371,0.8415841574586831,0.8326342726705217,0.8410252290082509,0.8355686109140676,0.7878391031127464,207.8658,0,0,0.0,False,none,,-0.0017283537090153622,-0.0005589284504321501
08276300,0.3228255201086888,0.28745694025848356,0.31834077184486254,0.2869077689574522,-0.08891064119436498,-0.10080158260521621,995.1879,0,0,0.0,False,none,,-0.004484748263826277,-0.0005491713010313815
08289000,0.4867373863258905,0.4477127516706504,0.48444880117669986,0.44704536804885764,0.4846837277998164,0.4490641763889198,1066.925,0,0,0.0,False,none,control,-0.002288585149190614,-0.0006673836217927498
07215500,0.6956921465326182,0.5301460224552852,0.6950227053511981,0.5300245859397854,0.693739023713724,0.5325130532220077,465.7302,0,0,0.0,False,none,,-0.000669441181420094,-0.00012143651549978429
07216500,0.5913921268775875,0.44946237700962033,0.5894917681612776,0.44907865063218666,0.5779151691433845,0.4398719240676978,690.4917,0,0,0.0,False,none,control,-0.0019003587163098912,-0.00038372637743366855
07218000,0.0056690475991222344,0.46339451557744804,-0.007499290416640658,0.46420268046720703,-0.0964982758072932,0.4682330516562845,626.4666,0,0,0.0,False,none,control,-0.013168338015762893,0.0008081648897589888
08279000,0.7786607040952785,0.7297212618086286,0.7761287558853189,0.7292720535285387,0.7776304413905594,0.7307247033700033,825.1877,0,0,0.0,False,none,control,-0.0025319482099596113,-0.00044920828008987446
08279500,-0.5682909497701192,0.044833851260002056,-0.404857231691103,0.091923861078265,-0.8673811622584406,-0.07548367327688998,26130.4,26,9,0.6601148575545421,False,DOR>0.5,,0.1634337180790162,0.047090009818262946
08291000,0.2534172121382916,0.19003738830420225,0.2531871280759487,0.18999071818581414,0.25144846639778873,0.1890553549824645,238.815,1,0,0.1660631288290816,True,none,,-0.00023008406234292789,-4.667011838810353e-05
08294210,-1.2620703126030017,-0.3686811247099713,-1.2619340748153034,-0.36874185325846653,-1.7633439828187103,-0.5827813068602052,87.4377,1,0,0.2312654199775043,True,none,,0.0001362377876983345,-6.0728548495259105e-05
08377900,0.7874308151630222,0.7792351683916755,0.7873533522526727,0.7791611342648904,0.7883208303177565,0.7804517551025695,139.0311,0,0,0.0,False,none,control,-7.74629103494906e-05,-7.403412678508303e-05
08378500,0.7983901965289704,0.8237366071358806,0.7983538156652747,0.8236962439004034,0.7909680409446305,0.7906097738841306,444.9591,0,0,0.0,False,none,,-3.638086369561755e-05,-4.0363235477181014e-05
08379500,0.5325622751529396,0.6004894504895868,0.5355341062682113,0.6020823912696611,0.5482830408032023,0.6132513896059455,2701.843,0,0,0.0,False,none,control,0.0029718311152716614,0.0015929407800743256
08380500,0.5446177961877552,0.707999935780796,0.5440378096979962,0.7077702450048768,0.503057287041967,0.7375350152461588,198.0621,0,0,0.0,False,none,,-0.0005799864897589879,-0.00022969077591916687
08382500,-0.03758626644219931,0.08084625298513559,-0.04218308455469599,0.07762870209018513,-0.056360903660325645,0.07104861797274187,1618.996,1,0,0.1639831211056693,False,DOR>0.5,,-0.004596818112496681,-0.0032175508949504605
08382650,0.3753929813107466,0.44538999035138604,0.3773245181415291,0.44772513956305415,0.3870898252643036,0.4111774662305293,6453.274,1,0,0.0237799396713566,False,0.1<DOR<=0.5,,0.0019315368307825098,0.0023351492116681083
08382830,-0.19443420614671036,-0.12867675940876389,-0.12831062504344648,-0.11241067098781277,-0.24569496213729725,-0.18586740831144688,6839.237,2,1,3.398188720046581,True,DOR>0.5,dam,0.06612358110326388,0.01626608842095112
08383500,-0.13177832507179077,0.007536430614027534,-0.07505224407513644,0.0234152849927024,-0.14942522967843397,0.029984328769375845,10462.74,5,1,1.6141163892535375,False,DOR>0.5,dam,0.05672608099665433,0.015878854378674867
08390500,-0.6785299117575794,-1.3325859458193112,-0.5023789728929873,-1.3313443330285475,-2.1250236806184097,-1.5829720777511067,2449.408,3,1,24.87990268393385,True,none,dam,0.1761509388645921,0.0012416127907637353
08390800,-23.961825551785214,-6.912670932336883,-22.424091091083433,-6.8686917218103964,-43.96257921051772,-8.111802874467566,2497.768,3,1,55.42235056031481,True,none,dam,1.537734460701781,0.043979210526486234
08401900,0.11180477639152187,0.06527010225557461,0.12313176136781978,0.0658882765192732,0.06892976924123995,-0.03426296649629346,754.6581,0,0,0.0,False,none,control,0.011326984976297916,0.0006181742636985899
08405150,0.16600589193361615,-0.29065386076232147,0.15309635937401667,-0.3471834381737373,0.1456645530188021,-0.5298230089210225,1160.815,0,0,0.0,False,none,control,-0.01290953255959948,-0.05652957741141584
06430500,0.25421535661654393,0.5673291408771588,0.25459638143098395,0.5673694716348212,0.2573118624308859,0.5731713495454954,1237.325,0,0,0.0,False,none,control,0.000381024814440023,4.033075766241012e-05
06433000,0.5607467215379509,0.6497175584573287,0.5596929199257755,0.6494295932658576,0.5569173436669119,0.6585884335497605,2397.315,0,0,0.0,False,none,control,-0.0010538016121753868,-0.0002879651914711179
06409000,0.5058861611463997,0.4554558190930519,0.5201197021988397,0.4776657547516463,0.48976330746713737,0.601524938948661,205.3285,1,1,1.3557106784787911,True,DOR>0.5,dam,0.014233541052440013,0.022209935658594415
06431500,0.28143810531767477,0.6753924041792583,0.2817800185550252,0.6755111421237097,0.1465507399912831,0.6104677992521639,427.1049,0,0,0.0,False,none,,0.0003419132373504441,0.00011873794445138586
06741510,0.44934299659934696,0.5363892710351843,0.44878046758146495,0.5368336586672329,0.4458330362011689,0.5381116583016641,1386.055,4,0,0.1209761362973212,False,none,,-0.0005625290178820075,0.0004443876320485707
06752260,0.6883325622366852,0.715078426924096,0.68581501375955,0.7063302536972202,0.6712462020444643,0.7378799656055772,2920.828,9,1,0.2695578615876079,True,DOR>0.5,,-0.0025175484771351453,-0.00874817322687571
06752280,0.6363297197014999,0.5232081342938707,0.6349924085161784,0.5166799481498964,0.5994936629302321,0.48288741846190886,3222.639,15,2,0.5033136471125851,False,DOR>0.5,,-0.0013373111853214326,-0.006528186143974324
06714215,0.2746632297807141,0.22145220993399461,0.24695633336042266,0.20861680790383308,0.2688807823473809,0.21603379870533612,10080.27,26,8,3.233518712991636,False,DOR>0.5,dam,-0.02770689642029145,-0.012835402030161536
07099970,0.573692913101949,0.3962039414213684,0.5707597947918785,0.3944276060369576,0.5539068124323677,0.3938294242620446,12259.25,13,4,1.577264585244599,False,DOR>0.5,,-0.0029331183100704816,-0.0017763353844107987
07103700,0.33201574613739526,0.26331346051604076,0.33457154166465497,0.26493005209418863,0.3386254294072262,0.27294735350674704,264.1635,0,0,0.0,False,DOR>0.5,,0.0025557955272597077,0.0016165915781478635
07104000,0.3775835584499122,0.32552278302458637,0.3773629766741692,0.3252985065053018,0.41306506987713887,0.37287199829363105,529.2297,4,0,0.1671640101298336,False,DOR>0.5,,-0.00022058177574302285,-0.00022427651928458303
07105500,0.4238598110418892,0.324198092111736,0.4240442400517934,0.3243299285557063,0.45645833788985757,0.35393463501636424,1017.876,6,0,0.0909397316053485,False,DOR>0.5,,0.00018442900990423006,0.00013183644397030125
07105530,0.27824923364642273,0.14335180132576564,0.2783792795157287,0.14343408025408577,0.32152181781007594,0.18345515893122621,1071.976,6,0,0.0535119198027641,False,DOR>0.5,,0.0001300458693059836,8.227892832013417e-05
07105800,0.4133309338508817,0.2987457934223725,0.413332387816743,0.2987903300151874,0.441640098377159,0.3311523596026471,1316.769,7,0,0.0461956191362614,False,0.1<DOR<=0.5,,1.4539658612644502e-06,4.4536592814892195e-05
07109500,0.6390924871867738,0.6261470545855843,0.6415419805965347,0.6313930126886097,0.6028634143296501,0.6120535535192373,16200.62,23,5,1.062886851883096,False,DOR>0.5,dam,0.002449493409760861,0.0052459581030254165
07124200,0.5065804036813328,0.48027206044270354,0.5082403222522589,0.4810467667962335,0.5162139250601396,0.48766068367409987,1306.913,4,0,0.1177254097432119,False,none,,0.0016599185709260666,0.0007747063535299414
07124410,0.43517148372922054,0.40253988284103404,0.4935482729561368,0.4738658481731143,0.4331779621234876,0.4061388095158456,1740.91,5,1,1.472811217374032,True,DOR>0.5,dam,0.05837678922691625,0.07132596533208024
07211500,0.2563585824761002,-0.043015111068100076,0.3007930985508045,-0.03447871397833291,-0.037231491854770926,-0.20696744048585014,7220.061,8,2,3.602401189610666,False,none,,0.04443451607470428,0.008536397089767167
07226500,0.1096214492997547,0.049147997976616176,0.10605222997299169,0.016358494241991206,-0.5334291122494412,0.026066212104300934,5242.753,0,0,0.0,False,none,control,-0.003569219326763018,-0.03278950373462497
08384500,-0.10333731675794611,0.002027058703330642,-0.02391489589554885,0.05570255702876459,-0.1437108830159981,0.003578807413763263,11624.61,6,2,2.284454805038684,True,DOR>0.5,dam,0.07942242086239726,0.053675498325433946
08405500,-0.014882844680092377,-0.3418989614270256,-0.011842239143409206,-0.3317818064170954,-0.013977173636199325,-0.27149090884539273,961.7706,0,0,0.0,False,none,control,0.003040605536683172,0.010117155009930157
08408500,-0.0017048255822966762,-0.5258092335305142,-0.00097861878965122,-0.5215711734710797,0.00618178682448467,-0.4878107877633624,2024.692,0,0,0.0,False,none,control,0.0007262067926454563,0.004238060059434501
06332515,-0.027059684546467455,0.18738391602550264,-0.026992009040423426,0.18748480352816843,-0.09499696215205544,0.17462692944980984,191.4867,0,0,0.0,False,none,control,6.767550604402928e-05,0.00010088750266579183
06339100,0.39541690663398177,0.39651003141117,0.37709341067967417,0.37576990857487425,0.463907935124249,0.5456368656512611,529.1415,0,0,0.0,False,none,control,-0.0183234959543076,-0.020740122836295782
06344600,0.35783610627324347,0.3744109040109638,0.3561244633845164,0.3654456102376341,0.3541913937996065,0.44344584259914877,402.4971,1,0,0.0015926311388882,False,none,,-0.0017116428887270496,-0.008965293773329663
06350000,0.5169359741585848,0.3865174112095494,0.5009402977197117,0.37718790079829567,0.48194618792591803,0.42865413865359625,1501.049,4,0,0.0425022806269616,False,none,,-0.01599567643887312,-0.009329510411253739
06352000,0.48585358526820366,0.2907312003981458,0.4747828332392655,0.2718745125178603,0.4822026340538884,0.3240528160392575,1441.832,5,0,0.0670518095741586,False,none,,-0.011070752028938147,-0.018856687880285494
06402000,-3.30440607958285,-0.24720985887845504,-3.304459793136206,-0.2473761443427045,-3.3272171182641275,-0.24795974808605936,353.2752,2,0,0.0586169991690782,False,none,,-5.371355335626049e-05,-0.00016628546424946045
06402500,-0.3311847909786889,-0.10177658320240113,-0.3321500126478325,-0.10322765895544372,-0.32950792185962974,-0.09888759902823452,328.4451,0,0,0.0,False,none,,-0.00096522166914359,-0.0014510757530425966
06403300,0.5715560671972968,0.6841913886690734,0.5880234610856294,0.6877703045507193,-1.5295178696359475,-0.2486766725026821,271.5093,0,0,0.0,False,none,control,0.016467393888332627,0.0035789158816459388
06404000,0.7612355506111435,0.8664288326654431,0.7613551404886529,0.8653403426138392,0.43853664165207196,0.4851405472886331,151.8273,1,0,0.0347138240608756,False,none,,0.00011958987750948502,-0.0010884900516039409
06406000,0.1923255380243445,0.5863258877993431,0.2120845756166253,0.5967376919858589,-0.38794691933118064,0.28700951770421934,436.3389,1,0,0.0153727579710359,False,none,,0.019759037592280815,0.010411804186515772
06406500,0.3354843879883065,0.6749844781062644,0.41274854129535,0.7075080815258412,-0.4208686862176896,0.3338250445581723,733.5198,1,0,0.0141668743076726,False,none,,0.0772641533070435,0.03252360341957683
06407500,0.7686043764536639,0.787951718723111,0.8034731996508722,0.8027561012271458,0.6629942832745097,0.8322491507544845,420.0885,3,1,0.9184540401327124,True,DOR>0.5,,0.0348688231972083,0.014804382504034819
06410500,0.5706559545084418,0.43043021849987473,0.5678228009780173,0.4724008786074817,0.6219118470419787,0.4953121772249436,762.5259,2,2,1.601322124353945,True,DOR>0.5,dam,-0.0028331535304244593,0.04197066010760697
06411500,0.506570899674888,0.41257993988368125,0.5423165309393254,0.46428903613186145,0.5546610283091151,0.47625830123709456,836.325,2,2,1.5941609310218403,True,DOR>0.5,dam,0.035745631264437416,0.05170909624818021
06412500,0.5279333556758004,0.4010016121039416,0.5569750238150535,0.4372884480919992,0.5437656703268927,0.47639632735909154,973.4481,2,2,1.5720210193001116,False,DOR>0.5,dam,0.02904166813925313,0.0362868359880576
06414000,0.4360636772696286,0.33612777567214636,0.45604350717671416,0.36346294897468523,0.4839581009296414,0.45193601203936884,1074.585,2,2,1.1570745886576763,False,DOR>0.5,dam,0.019979829907085578,0.027335173302538873
06418900,0.37605225194761016,0.28443295865252705,0.38063841023135014,0.3021627748874359,0.4633513570611201,0.4101373071539197,1186.315,2,2,0.9856571585201545,False,DOR>0.5,dam,0.004586158283739983,0.01772981623490888
06422500,0.6911450580999376,0.5899919434639203,0.6909308167344493,0.5898140764461022,0.7002895372957489,0.6241521813002533,243.9207,0,0,0.0,False,none,,-0.0002142413654883102,-0.00017786701781807857
06425100,0.31557381655561445,0.4977257386428644,0.31628343831210304,0.4962660142153522,0.28203617239188516,0.515129460026692,545.742,1,0,0.0009743259538788,False,none,,0.0007096217564885876,-0.001459724427512188
08079600,0.5681346146033743,0.5181267482008429,0.5613037586364114,0.4907592307280144,0.3338724452444385,0.6243253895926013,3348.947,1,0,0.0100220167368239,False,none,,-0.006830855966962979,-0.027367517472828506
05120500,0.4164334252257583,0.6376161019228919,0.4166936365614363,0.6366421977727232,0.41081285312092575,0.6413585385460878,1509.827,0,0,0.0,False,none,,0.0002602113356779956,-0.0009739041501686252
06339500,0.4955642887290864,0.651309942391874,0.49553280049840087,0.6392449218167462,0.35014963359195705,0.6071283392671873,3171.457,2,0,0.0154555972110263,False,none,,-3.148823068555018e-05,-0.012065020575127816
06353000,0.5944657517952248,0.43245764512954277,0.5771869561344802,0.4132706864115606,0.5492873850825466,0.5325255163171216,4526.511,17,0,0.0435777728056724,False,none,,-0.017278795660744528,-0.01918695871798215
06354000,0.5939394274957035,0.39523885889717314,0.5906363135941289,0.38628693792634394,0.5750208231519711,0.5265873233058649,10598.19,29,0,0.044695438544927,False,none,,-0.0033031139015745614,-0.008951920970829197
06360500,0.6251238301466153,0.7424272073564679,0.6217844276522471,0.7530367366919307,0.5406626494880848,0.6499830260745784,12654.96,15,0,0.0253927850021888,False,none,,-0.00333940249436826,0.010609529335462775
06440200,0.08195518140184332,0.22265501430478962,0.0707953568892653,0.22998650613942195,0.019430554426815072,0.13240593882338625,649.1916,1,0,0.006085448107103,False,none,,-0.01115982451257802,0.007331491834632331
06441500,0.3058444475096679,0.330304355145016,0.24774365624703187,0.25593182181265894,0.25283704937160567,0.4301710304841079,8152.545,11,0,0.0275076577130289,False,none,,-0.05810079126263601,-0.07437253333235705
06447000,0.3164695053854797,0.6308110007959224,0.3671880386798071,0.6531090892677642,-0.05237896325706859,0.3358113384987731,12849.71,14,0,0.0633300559167996,False,0.1<DOR<=0.5,,0.050718533294327406,0.02229808847184178
06450500,0.4595871562348366,0.4785511923143013,0.4597091375394937,0.478169730282501,0.49717742026488865,0.5196348687121812,4111.272,11,0,0.1233764704242333,False,none,,0.00012198130465712609,-0.0003814620318003392
06447500,0.3332722090171598,0.37107779556717535,0.3297746814662903,0.3683666957209073,0.3409519630242459,0.3799857167556693,826.6077,2,0,0.1390908058975349,True,none,,-0.003497527550869517,-0.0027110998462680502
06846500,0.03566687507301025,-0.35977814929914875,0.03219796620008908,-0.37251514482450476,0.037648598095535,-0.33258373402888286,4357.758,1,0,0.364163319026538,False,none,,-0.0034689088729211726,-0.01273699552535601
06847900,0.26652540632169763,0.09926690523868031,0.2620906765651073,0.09022740255107065,0.2922742103889371,0.1478728248220489,1536.188,0,0,0.0,False,none,control,-0.0044347297565903165,-0.009039502687609668
07299670,0.28595275727345504,0.012957710008283607,0.2926963336466505,-0.009540027755017944,0.27789654344718906,0.10363779908842341,828.3573,0,0,0.0,False,none,,0.006743576373195448,-0.02249773776330155
07301500,0.5140512567206981,0.6424450732084255,0.546566082116636,0.6670695720958453,-0.7752976858892242,0.055170482224339845,6885.075,11,0,0.0658461939500494,False,none,,0.032514825395937974,0.0246244988874198
08082700,0.34936873916025235,0.1467228182292314,0.3423990247865787,0.13860173214056093,0.3874570057821749,0.16260279228787244,276.0354,0,0,0.0,False,none,,-0.006969714373673663,-0.00812108608867046
08165300,0.09860035560375924,0.5268718243551449,0.12793786239095328,0.5342102474377426,-0.21270711797833886,0.3814253397348645,435.9924,0,0,0.0,False,none,,0.029337506787194045,0.007338423082597689
08190000,0.4697171075858684,0.4512293820177157,0.4787285517284303,0.45937046407910753,0.49466689592002633,0.49395215871649034,1961.433,0,0,0.0,False,none,control,0.009011444142561942,0.008141082061391858
08190500,0.13214554092422248,-1.0773078027592593,0.16338948029738387,-1.1010068386307035,0.09339658431076092,-1.4931469473013137,1799.09,0,0,0.0,False,none,control,0.03124393937316139,-0.023699035871444174
08195000,0.6839720701881544,0.7345717675807191,0.6697777519989194,0.7180963298322116,0.6927576666532527,0.7629398056025525,1028.286,1,0,0.0006018037843214,False,none,,-0.014194318189235,-0.01647543774850746
08196000,0.472613753327379,0.45678506914086126,0.4901834232835397,0.46829881941582074,0.5196080814980222,0.6297528621022888,326.9781,0,0,0.0,False,none,,0.017569669956160716,0.011513750274959489
08198500,0.6979657603691004,-0.04948254655327511,0.7014145963806511,-0.06631997988058935,0.7378749724200846,-0.12197041066047087,624.347,0,0,0.0,False,none,,0.00344883601155066,-0.016837433327314244
08202700,0.6924411813851894,-0.955563869481606,0.6661850367987047,-0.9764785807894587,0.6683165767232055,-1.1757375280980433,434.745,1,0,0.0002105012472073,False,none,,-0.02625614458648473,-0.020914711307852718
05056000,0.5670559929088399,0.29418288378981383,0.5616477718487614,0.284212238897143,0.5357142708303714,0.3320047957669071,4862.024,8,0,0.0874867642027489,True,none,,-0.005408221060078544,-0.009970644892670855
06468170,0.33653218797377527,0.0373924400342136,0.3286694064354171,0.026606089053158644,0.3421906650131976,0.061975210387094304,2809.098,2,0,0.0034219246588789,False,none,,-0.007862781538358177,-0.01078635098105496
06468250,0.3377204882846293,0.0261910079204426,0.32964903643296406,0.016645501754512515,0.3396563747076291,0.05775808278794747,3242.608,2,0,0.003010466149739,False,none,,-0.008071451851665246,-0.009545506165930084
06470000,0.21100185962448914,0.04417045331421621,0.2807718780006391,0.06115223332981079,0.1908354908531289,0.06458169245639167,7459.441,11,3,0.3694343710618126,False,DOR>0.5,dam,0.06977001837614993,0.016981780015594583
06470500,0.2458610566347016,0.022343915187242547,0.23907115015175917,0.019718654834512628,0.31889258499316264,0.07584340480123586,11189.83,14,3,0.2381386270384653,True,DOR>0.5,dam,-0.0067899064829424205,-0.002625260352729919
06471200,0.5913326866878741,0.5302449983051035,0.5839213150779649,0.5270383618435815,0.5520128305683683,0.5493984276817853,1869.337,4,0,0.0249439146198715,False,none,,-0.007411371609909234,-0.0032066364615219722
06452000,0.5530862833348229,0.5910289875297843,0.4846189247188325,0.5119705464610371,0.1747750489119385,0.5835844328956292,25791.04,30,0,0.0571182631029488,False,DOR<=0.1,,-0.0684673586159904,-0.07905844106874715
06453600,0.5863449232890802,0.6940891202303754,0.5804775194255759,0.6883548811551177,0.5966154120340377,0.7374263806983125,2101.42,7,0,0.0475412103905716,False,none,,-0.005867403863504261,-0.005734239075257719
06464500,0.47878989716315934,0.4790500437919395,0.47665568450505,0.47668945483078895,0.46965234868914973,0.5015722626481001,2914.043,6,0,0.0492976392322068,False,none,,-0.0021342126581093135,-0.002360588961150545
06853800,0.05443079038384191,-0.026463601850498675,0.11627371680121534,-0.019020773284830428,-0.2548028620218401,-0.5161211655401208,589.4253,0,0,0.0,False,none,control,0.061842926417373434,0.007442828565668247
07142300,0.15289535389630238,0.32078395688791383,0.1562304364933893,0.31884760993686423,-0.04372638187838995,0.2924006941013957,1819.941,0,0,0.0,False,none,control,0.0033350825970869247,-0.0019363469510496056
07148400,0.5036389078021444,0.6742132187797683,0.5209441139433355,0.6797528916069187,0.3511287414925558,0.5682362649971185,2544.504,0,0,0.0,False,none,control,0.017305206141191132,0.005539672827150399
07149000,0.45876475429645225,0.5909983874303522,0.4568732481243325,0.592133601238755,0.4332401167750388,0.6303486751164005,2291.199,1,0,0.00732783534892,False,none,,-0.0018915061721197501,0.0011352138084028685
07315200,0.5484405996768793,-0.04677185427557817,0.5520645779320852,-0.04589108053645852,0.4012015235706079,-0.4384463315526279,501.6159,0,0,0.0,False,none,,0.003623978255205884,0.0008807737391196557
08086212,0.48125944250235364,0.5669750282186938,0.47239004086431946,0.5756785494763805,0.46332439523397784,0.5073296015255366,1584.818,3,0,0.1649566001290519,False,none,,-0.00886940163803418,0.008703521257686697
08086290,0.6346673264861498,0.6739514845116816,0.6396260877938966,0.6760633879947981,0.6667187729618587,0.7211576645353868,732.9825,0,0,0.0,False,DOR>0.5,,0.004958761307746862,0.0021119034831165173
08101000,0.6359086841879356,0.5940194170866713,0.6554130745957452,0.6112227363736888,0.6916442915189607,0.6594709663757374,1177.1,0,0,0.0,False,none,control,0.019504390407809602,0.01720331928701757
08150800,0.14461041953702503,0.35621389478446,0.1568200568578494,0.36110874314803265,0.12989157235840199,0.4426172916124287,557.5212,0,0,0.0,False,none,,0.012209637320824362,0.004894848363572679
08158700,0.53347832270091,0.7539355459285526,0.5778647794274321,0.7539129574328035,-0.5316295434218301,-0.19335621343189224,320.3442,0,0,0.0,False,none,,0.04438645672652208,-2.258849574909849e-05
08171300,0.6040160389951899,0.7287059813755643,0.6897210838398732,0.757491596831203,0.651145148511007,0.6273588464618646,1067.474,0,0,0.0,False,none,,0.08570504484468333,0.028785615455638736
08178880,0.4481602270822842,0.3584980977384671,0.4357501819855103,0.35039681727671623,0.49084770228061014,0.39585544477211976,850.5792,1,0,0.0012010636117733,False,none,,-0.012410045096773903,-0.008101280461750848
08186000,0.5371276194999659,0.5411080097659529,0.5808210492934612,0.5596411761813035,0.4450087106422531,0.5898059757517657,2136.467,3,0,0.0293325784970426,False,none,,0.04369342979349533,0.018533166415350633
08200000,0.4093058842111269,0.37946498501420634,0.40513249063390255,0.37528584964750367,0.5159854027915731,0.5691779490155028,249.1146,0,0,0.0,False,none,,-0.004173393577224349,-0.004179135366702669
08194200,0.33959531663711395,0.2617497005084717,0.33914807601379837,0.26294743550534827,0.3555404259609741,0.24446222007466445,1220.584,1,0,0.0291584057189735,False,none,,-0.00044724062331558123,0.0011977349968765871
05069000,0.5561008600307726,0.7018090949174798,0.5538270747189122,0.69950654284035,0.5481891254858307,0.7006744476547015,1335.652,2,0,0.0515186458716739,False,none,,-0.002273785311860399,-0.002302552077129816
05084000,0.5169214337942891,0.43776892560635605,0.5154678209349469,0.4359009306285361,0.524084604304613,0.44709853026721846,1049.403,7,0,0.129258433274142,False,none,,-0.0014536128593422015,-0.0018679949778199756
05085000,0.49678010182565036,0.35610930004017516,0.4947226632302638,0.3525541331929827,0.49492642248199614,0.36576433136523046,1425.433,8,0,0.0988865327195194,True,none,,-0.0020574385953865404,-0.0035551668471924813
05090000,0.6536131653910988,0.5120025980483665,0.6523018191664994,0.5112567853551293,0.6374985492251064,0.5296064528708186,1741.693,7,0,0.0529155491749579,True,none,,-0.0013113462245993857,-0.0007458126932371467
05051522,0.7280136896284591,0.572315537803282,0.7518828860403417,0.5811756198654526,0.7068979444060101,0.5771160762574828,10815.01,48,15,1.8080857185531956,True,DOR>0.5,,0.023869196411882565,0.008860082062170593
05058700,0.689990805858293,0.4357120725122655,0.6785213393365765,0.42065194995175126,0.6369534873868234,0.4925070605425955,11635.5,21,0,0.0468981846537632,True,DOR>0.5,,-0.011469466521716432,-0.015060122560514255
05059000,0.61252770247961,0.43677190246808084,0.6008965028972868,0.42041807573665546,0.5248716966886744,0.49209862776564095,12965.68,22,0,0.0453298356215797,False,0.1<DOR<=0.5,,-0.01163119958232317,-0.01635382673142538
05059700,0.7504048286809509,0.8340616308222707,0.7517413113414794,0.832458534067628,0.7327568430360423,0.8334005041308241,2145.448,2,1,0.1171556267644789,False,none,,0.0013364826605284374,-0.0016030967546426522
05060500,0.569045832450831,0.47633083314760005,0.5703467359495402,0.4747529113474114,0.5707631228427591,0.4860660755629095,251.1891,1,0,0.081507850974418,False,none,,0.0013009034987092605,-0.0015779218001886752
05061000,0.7260964862255308,0.780585637447534,0.7257487047628683,0.7807850157678808,0.5942718754826957,0.5976306948577791,924.6267,2,0,0.0169042820678546,False,none,,-0.00034778146266245535,0.00019937832034688796
05066500,0.7352065374445425,0.5820891788428213,0.726200512903922,0.5616402255675439,0.7159355859410445,0.5974820868307433,3217.612,6,0,0.0337706277956529,True,none,,-0.009006024540620494,-0.020448953275277404
06470800,0.5047062432625593,0.27094793760519154,0.5044546058028341,0.2687882245568597,0.5061899291874294,0.2894588823615931,1071.145,0,0,0.0,False,none,control,-0.0002516374597252291,-0.002159713048331846
05291000,0.5773119622324074,0.5630622161752861,0.5781386394423483,0.5649300783305318,0.5550971745151134,0.4998412411005151,1046.776,1,0,0.0050097972036146,False,none,,0.0008266772099408959,0.001867862155245703
05292000,0.5767314325148691,0.7461788715039619,0.731837549622594,0.8071921766766017,0.4978740936768675,0.6945632024426847,3024.005,5,1,0.5809587229383059,True,DOR>0.5,dam,0.15510611710772482,0.06101330517263981
06480000,0.014571909397812166,0.2899933855026008,0.030305241522253223,0.3010711164149906,-0.1777857091046009,0.2328640683414085,8138.36,3,0,0.0009349123522988,False,none,,0.015733332124441057,0.011077730912389838
06481000,0.2278459114493363,0.4336504883365202,0.21472303269004245,0.4346026184418579,-0.017484639331524887,0.35178936771855396,9662.446,3,0,0.0007007910974576,False,none,,-0.013122878759293855,0.0009521301053376785
06482020,0.22416442733650754,0.444336741169708,0.20081136273071987,0.43979423033539167,-0.029313765608752984,0.3545117059256997,11568.33,7,0,0.0038060814850234,False,none,,-0.023353064605787677,-0.004542510834316338
06479010,0.4627505409534214,0.6977942776018133,0.4349679893815849,0.6853440390136625,0.2251255892954206,0.5898342207685449,5871.788,1,0,0.0266880898062168,False,none,,-0.02778255157183651,-0.012450238588150864
06483500,0.5947477237520384,0.7397496614581227,0.5628397675488137,0.7274627911573308,0.4652673001012382,0.6771669298957641,4133.943,2,0,0.0001939211004865,False,none,,-0.03190795620322473,-0.012286870300791897
06485500,0.30417109003517007,0.5124592930198593,0.22251975131899926,0.4916903822502393,-0.22123832644068875,0.3611709335261597,19904.46,12,0,0.0026417851126976,False,none,,-0.08165133871617081,-0.020768910769619953
06600500,0.6462143040194919,0.8028779069162795,0.6033479479203019,0.7792313771275702,0.2809647480884889,0.5524166918664382,2297.873,0,0,0.0,False,none,control,-0.042866356099189984,-0.023646529788709292
06601000,0.3180496362260109,0.4142790661427953,0.3290575576755985,0.4299225863906476,0.32788066130070004,0.49494402049744546,450.1989,0,0,0.0,False,none,,0.011007921449587621,0.015643520247852316
06799100,0.679446672419094,0.7867867257181942,0.663202828848558,0.7866940034935188,0.6221624076885572,0.7791489171519458,1836.301,1,0,0.0689274169298688,False,none,,-0.016243843570535987,-9.272222467537894e-05
06800000,0.597780373715141,0.5981618726730688,0.6631825365863969,0.6411088795105506,0.6413519782361552,0.609757110669063,953.9042,0,0,0.0,False,none,control,0.06540216287125589,0.04294700683748187
06803500,0.7159706186764099,0.7639455228298079,0.7506052374307224,0.7982960335311655,0.5603263289182587,0.5690879350989304,1774.213,8,1,0.3065611703857663,False,DOR>0.5,,0.03463461875431251,0.03435051070135764
06803530,0.6934711894831627,0.6593400247477355,0.694768949199468,0.6643591277681125,0.5617481444777872,0.3582564800635447,309.7458,0,0,0.0,False,none,,0.0012977597163053023,0.005019103020377003
06803555,0.7834029390818611,0.830181625710193,0.7878681876552917,0.8402735086129087,0.6163415136110995,0.6145523919529685,2723.988,8,1,0.1867796771704843,False,0.1<DOR<=0.5,,0.004465248573430558,0.010091882902715676
06804000,0.7432467767368401,0.7181531599923971,0.7471994188427131,0.7502188429211212,0.6484623854455542,0.6192764984710097,698.9238,1,0,0.1145643464354955,False,none,,0.003952642105872983,0.032065682928724026
06803000,0.3500437331937517,0.29626635581743666,0.3477203195855568,0.2979083351528883,0.24155756086727798,0.22809342295034285,433.5349,3,0,0.2148467550609923,False,none,,-0.0023234136081948797,0.0016419793354516266
06885500,0.6191134722806189,0.5617180072728254,0.6332726109533633,0.5724928972427168,0.6998204667472824,0.6740051531668534,1062.869,2,0,0.0377989317740784,False,none,,0.014159138672744431,0.0107748899698914
06876700,0.5667798494860494,0.592943778144678,0.566775137050611,0.5993707326905131,0.5489765245107985,0.5924782762130435,1056.442,3,0,0.0239800231209683,False,none,,-4.712435438425366e-06,0.006426954545835084
06878000,0.46339067987664284,0.5119484725983319,0.5620297724817173,0.5898171256343164,0.6369248553356057,0.7102876032869326,776.4183,0,0,0.0,False,none,control,0.09863909260507442,0.07786865303598456
07145700,0.6810454753440935,0.6644306010144956,0.6796645181012693,0.6702218373117783,0.6632035092349795,0.639902218727538,399.8106,0,0,0.0,False,none,,-0.0013809572428242767,0.005791236297282731
07151500,0.7466319697412266,0.8124712767205777,0.729625258786476,0.8096888262197237,0.706490118938393,0.8133079156576032,2108.996,0,0,0.0,False,none,control,-0.017006710954750592,-0.002782450500854017
07167500,0.7323520885515481,0.7250487146265202,0.7079856277038887,0.7060007702040378,0.7522531631203251,0.7474829094623345,319.6179,0,0,0.0,False,none,,-0.024366460847659366,-0.019047944422482366
07315700,0.6222143600307675,0.38149191959780493,0.6350622675448678,0.4134617825117216,0.5349622513685941,0.2937106105016205,1488.686,0,0,0.0,False,none,control,0.012847907514100365,0.03196986291391668
08110430,0.6998822175693493,0.6102643918659663,0.7086431177991008,0.6145302347364607,0.7688499631099963,0.7223051447354549,252.0918,2,0,0.0124988011869159,True,none,,0.008760900229751512,0.004265842870494474
08104900,0.545326839143466,0.5561917590822858,0.5518812715038076,0.5577318823669406,0.5699426348918744,0.626954797089464,342.6174,0,0,0.0,False,none,,0.006554432360341589,0.001540123284654804
08109700,0.6946695171559697,0.6973608610877609,0.6903669918041262,0.7008642067748174,0.6796054258466782,0.7340912697016494,610.1262,0,0,0.0,False,none,,-0.0043025253518435,0.0035033456870565693
08109800,0.6516552400347775,0.7379289211057793,0.650208834188668,0.7475697454590805,0.5863442821295137,0.6507360260092196,620.0019,0,0,0.0,False,0.1<DOR<=0.5,,-0.0014464058461094442,0.009640824353301158
08110100,0.7003544515689124,0.756013839118459,0.696323128191429,0.7725162891119317,0.682037409313542,0.528662432292228,504.1584,0,0,0.0,False,none,,-0.0040313233774833535,0.016502449993472723
08110500,0.6949994073145755,0.6701791460968786,0.6957778920153843,0.6091009001374261,0.5506691060938429,0.5875451849057183,2440.069,8,1,0.6501256239357776,True,DOR>0.5,dam,0.0007784847008087681,-0.06107824595945244
08162600,0.6471839787851026,0.7661247170985496,0.6449439397510848,0.7553835717845317,0.6336557834458192,0.7159997573547915,408.2841,1,0,0.0014538491606868,False,none,,-0.0022400390340178156,-0.01074114531401782
08164000,0.7113540142926255,0.7426819747933657,0.7229940193466375,0.7527789958886446,0.6212699522630203,0.7829615990865598,2123.997,0,0,0.0,False,none,control,0.011640005054012081,0.01009702109527888
08164300,0.6690709968054332,0.7264845739304281,0.6546876504266206,0.7291301677457724,0.6345915333004419,0.6010164381835866,861.5421,0,0,0.0,False,none,,-0.014383346378812667,0.0026455938153443492
08164600,0.7133944247884065,0.7750141414107168,0.7144984141750936,0.7842547890051541,0.6603720020860913,0.8031389142429822,253.9206,0,0,0.0,False,none,,0.0011039893866870987,0.009240647594437323
08175000,0.6368571874107223,0.6052092024529414,0.6199012957443977,0.6140282158713759,0.636209383338483,0.6768899789409542,1421.657,4,0,0.006657923140158,False,none,,-0.016955891666324607,0.008819013418434496
08176900,0.4759696141071025,0.3933289084760343,0.4783556840168772,0.390192169379838,0.49782841856047955,0.4304046791485152,925.4421,0,0,0.0,False,none,control,0.002386069909774746,-0.0031367390961962727
08177500,0.4888127581237305,0.4306750884282191,0.4392835486702493,0.39535354863865424,0.5652867416323594,0.49960987683549474,1294.516,1,1,0.3718781484600229,True,DOR>0.5,dam,-0.04952920945348116,-0.03532153978956487
08188500,0.3166806426861454,0.5758657249051531,0.21245104319433017,0.574237213015014,-0.6125568157181256,0.3273384577397189,10120.08,27,4,0.4623924384276306,False,DOR>0.5,,-0.1042295994918152,-0.0016285118901391282
08189500,0.7444254162889579,0.7719287194536997,0.7337147688173115,0.7901493307028538,0.6735350376304747,0.7064358916554194,1808.286,0,0,0.0,False,none,control,-0.010710647471646406,0.018220611249154084
08189700,0.3024651746951028,0.32794441347769765,0.3102251416604216,0.3291279580207085,0.2973580937377377,0.3464590019509004,631.2708,0,0,0.0,False,none,,0.007759966965318776,0.0011835445430108393
08211520,0.4832649179501791,0.41867314714503023,0.47285150756644045,0.41213325472503237,0.5245300525445225,0.44569940563688903,227.5173,1,0,0.004537836150189,False,none,,-0.010413410383738664,-0.006539892419997861
05104500,0.6686625382090619,0.5118330314133042,0.6680205146837424,0.5104619852747514,0.6722542557276097,0.5175556180527663,1120.104,2,0,0.0131178465680298,False,none,,-0.0006420235253195017,-0.0013710461385527672
05078000,0.6674627198240296,0.7591967448064425,0.6693875192785778,0.7548638318650992,0.6545536973398544,0.7612291189300305,1446.337,2,1,0.209459426394874,False,0.1<DOR<=0.5,,0.001924799454548154,-0.004332912941343303
05078230,0.5469010364200377,0.6611329256821971,0.5427102367082322,0.6614502051812514,0.36848204445263066,0.40971973252251714,611.0856,0,0,0.0,False,none,,-0.004190799711805582,0.00031727949905435704
05046000,0.5899264766414485,0.7094834212167318,0.7017611191903645,0.7763468360306386,0.5834959095560583,0.7116035832379769,4501.151,34,12,2.093729641710969,True,DOR>0.5,dam,0.11183464254891606,0.06686341481390679
05245100,0.7241035507770607,0.6491245465630837,0.7238214624260149,0.6592395897889194,0.7252875862114656,0.6548384754991051,1462.141,6,4,3.2961023827429043,False,DOR>0.5,dam,-0.0002820883510458172,0.010115043225835674
05267000,0.8600589285671028,0.9277770028614049,0.8792724183091138,0.9339950584729881,0.8036851077161165,0.9010058039940775,30119.22,68,30,0.6489935273527139,True,DOR>0.5,,0.01921348974201109,0.006218055611583284
05304500,0.8353444920936312,0.871191813004768,0.8337048985324942,0.870429860175669,0.8218601198261406,0.8722103761801756,4898.689,13,0,0.0358737145441439,False,0.1<DOR<=0.5,,-0.001639593561136965,-0.0007619528290989663
05313500,0.7605415935915272,0.7211028092925323,0.7626093928969757,0.7305326319277033,0.7424843618092547,0.7073624300063315,1800.724,5,0,0.0275105022501671,False,none,,0.0020677993054485366,0.009429822635171003
05315000,0.7516256190132532,0.6311773099488994,0.7524413104481662,0.6360500619767468,0.7133422296299735,0.5568974981034537,672.1308,3,0,0.0961880828971776,True,none,,0.0008156914349130018,0.004872752027847427
05316500,0.7781841266237635,0.851384256745515,0.7752592567079546,0.8511426170820341,0.7420193412118509,0.806021957999307,1616.566,6,0,0.0503766837355959,True,none,,-0.00292486991580887,-0.00024163966348089705
05317000,0.8391155298853873,0.8972926880126537,0.8270021016247456,0.898156825824115,0.7773173620817073,0.8856378472153793,3382.029,2,0,0.0015035863101731,False,none,,-0.012113428260641657,0.0008641378114613296
05317200,0.60580757105115,0.8001701141817881,0.6143916426828079,0.8046648687520312,0.6252635085368983,0.8105057438897125,454.8969,0,0,0.0,False,none,,0.008584071631657864,0.004494754570243176
05476000,0.7320578314663391,0.7446912602445468,0.7915926248631007,0.7629008499196723,0.6502067596307506,0.6596074496020925,3220.708,9,3,0.2748522824534805,True,0.1<DOR<=0.5,dam,0.0595347933967616,0.018209589675125537
05482300,0.8025580835199603,0.8082135820211225,0.7999334474294236,0.8075730529781929,0.7912478301283268,0.8016175270843993,1839.541,0,0,0.0,False,none,control,-0.0026246360905366473,-0.0006405290429295496
06600100,0.6413185311793708,0.796757941862982,0.6078287345912595,0.7868578237071293,0.24856060382596867,0.48312789839554005,702.4041,0,0,0.0,False,none,,-0.03348979658811124,-0.009900118155852677
06605000,0.7798001237771568,0.8587230520580968,0.764508553121477,0.8523985035229749,0.7571070336273914,0.8484487273659147,1093.02,1,0,0.0079796865631033,False,none,,-0.015291570655679765,-0.006324548535121988
06605850,0.7667140502011728,0.8419314490339285,0.7415149189902497,0.8303445377690953,0.6782434593493695,0.8007426538832325,3998.228,6,0,0.0158289063890402,True,none,,-0.025199131210923098,-0.011586911264833133
06606600,0.7816062926888933,0.8859786209245466,0.754948391270801,0.8765272348786978,0.6306353812647809,0.8184064511954426,6454.256,6,0,0.0094199258073181,False,none,,-0.02665790141809221,-0.00945138604584883
06607200,0.7662281457191302,0.8360484307012312,0.7469149485871002,0.8243666822382191,0.5431211260822543,0.562358595300072,1734.38,0,0,0.0,False,none,control,-0.019313197132030058,-0.011681748463012176
05482500,0.8468966391074586,0.8854228830408132,0.8343314276925683,0.8815325331016498,0.7574284523488534,0.8554856561493457,4187.964,1,0,0.0070351403731211,False,none,,-0.01256521141489031,-0.0038903499391633733
05483450,0.7723639339088726,0.8282265609993646,0.7600331366303766,0.8265598574423563,0.7102391217149914,0.7850332392111263,989.7678,1,0,0.0005488006033427,False,none,,-0.012330797278495953,-0.0016667035570083755
06608500,0.5225896836531381,0.6848736222183494,0.5433844003724284,0.7068348434226561,0.37468697018615826,0.49219462117979784,1058.038,1,0,3.723097999047287e-05,False,none,,0.02079471671929034,0.02196122120430677
06609500,0.7403741840028586,0.802354107496842,0.7215863771162265,0.805805969732075,0.6645428876222317,0.7564816414039959,2252.106,0,0,0.0,False,none,control,-0.018787806886632064,0.003451862235232972
06806500,0.45181406407578795,0.6413095899333987,0.4035898336761543,0.6260007811825157,0.1526813380595472,0.3802648670288762,624.618,1,0,0.0030892938364888,False,none,,-0.04822423039963364,-0.01530880875088303
06807410,0.5423911489091182,0.7304200105527932,0.5077715499364193,0.7066199453172368,0.3784664408507712,0.5957107597453035,1588.396,0,0,0.0,False,none,control,-0.03461959897269895,-0.023800065235556334
06808500,0.7687584051471319,0.8444401062962417,0.699318323146054,0.7975003055474597,0.3725555846662587,0.5903094609937641,3428.401,0,0,0.0,False,none,control,-0.06944008200107787,-0.04693980074878201
06809210,0.7774122193903261,0.8230302917724088,0.756903939439442,0.8194617229576459,0.7680551598615,0.8702270873742195,1138.358,0,0,0.0,False,none,control,-0.020508279950884112,-0.0035685688147629735
06809500,0.8661207097166569,0.8627235370726437,0.7160384755748561,0.8545115377288686,0.5959904848595887,0.7862594460799104,2317.012,0,0,0.0,False,none,control,-0.15008223414180077,-0.008211999343775145
06817000,0.8306322501384059,0.8007687248464856,0.8071135428826066,0.79867962548922,0.7481112761850766,0.7150715974271508,1971.839,0,0,0.0,False,none,control,-0.023518707255799298,-0.0020890993572656447
06810000,0.6381852722725583,0.8142084608474192,0.502676800140754,0.747798857474534,-0.12575131699754838,0.46367507327165414,7281.761,0,0,0.0,False,none,control,-0.13550847213180428,-0.06640960337288515
06811500,0.8400392976306877,0.8181381021695694,0.8323035650688225,0.8166201838870948,0.8276912503079747,0.7785662876918586,2051.853,0,0,0.0,False,none,control,-0.007735732561865216,-0.0015179182824746063
06814000,0.6802503494090638,0.7326464191142009,0.7010005022983183,0.7136709260683214,0.6018829873696379,0.4651592804233483,713.826,0,0,0.0,False,none,control,0.020750152889254525,-0.018975493045879532
06817700,0.7564738659034037,0.8297552549028093,0.6561220453417682,0.789133710229272,0.35555483984767067,0.6328251423229143,3927.898,3,1,0.0132575488849746,False,DOR<=0.1,,-0.1003518205616355,-0.04062154467353729
06820500,0.72530776287602,0.764231413319543,0.754089651081983,0.8073815203827546,0.4286922961733307,0.680101841100132,4541.226,23,0,0.0025402150495628,False,none,,0.028781888205963058,0.04315010706321154
06821150,0.30983870750070475,0.29829554570359995,0.2774259875604367,0.28006453683444055,0.3103010313940837,0.2983485686554822,601.344,5,1,1.1909407050985326,False,DOR>0.5,dam,-0.032412719940268064,-0.018231008869159404
06821190,0.6800602286742439,0.7448848991518531,0.6448536777679392,0.761525760759238,0.21647811759319624,0.606767835287205,6178.813,37,1,0.1228111892525392,False,0.1<DOR<=0.5,,-0.035206550906304646,0.01664086160738487
06888500,0.7171552691484562,0.7950424102990149,0.7013480926580087,0.7873578543688303,0.6495368051549317,0.699442883068543,842.346,1,0,0.0071127370288883,False,none,,-0.015807176490447494,-0.007684555930184578
06889200,0.44074984203798173,0.4445122732726442,0.470829416019121,0.47759402436974485,0.5256318706937417,0.5737370238636696,385.6599,0,0,0.0,False,none,,0.03007957398113925,0.03308175109710065
06889500,0.6039341582492019,0.5576570940533758,0.6314862394577383,0.5756820555737066,0.7065832099416557,0.6738574720516248,748.5822,0,0,0.0,False,none,control,0.02755208120853636,0.01802496152033073
06891500,0.49932733795762707,0.5529002740184596,0.4676608648617143,0.519887729171945,0.486398776891404,0.5875687977346478,1103.721,4,1,0.563585240797346,False,DOR>0.5,dam,-0.03166647309591275,-0.03301254484651461
06892000,0.7835041883793488,0.742208396697386,0.7663676643881072,0.7478464217231954,0.7666270218932973,0.7899138542759059,1092.723,1,0,0.0025343336410233,False,none,,-0.017136523991241548,0.005638025025809346
06893080,0.6707110411505902,0.6472466684500644,0.6605660781554372,0.6329400246964558,0.5729581199583109,0.4809451073525608,117.81,0,0,0.0,False,none,control,-0.010144962995152995,-0.014306643753608572
06893500,0.7694260928951564,0.8468728635660605,0.7741566111590713,0.8341373779623604,0.651254479219333,0.5632072992887398,477.0423,4,0,0.0010256992773507,True,none,,0.004730518263914907,-0.01273548560370008
06910800,0.8277956409353597,0.7433895640525829,0.8297107255085404,0.7354973520762744,0.816940970062531,0.8726420384326669,444.5973,0,0,0.0,False,none,,0.001915084573180681,-0.007892211976308516
06911900,0.8186178708481572,0.7352975514289559,0.8164419377688342,0.7564775722428393,0.8428804175266639,0.8722689341032959,293.0553,0,0,0.0,False,none,,-0.002175933079322956,0.02118002081388337
06912500,0.14661512735516913,0.26558839838333803,0.35014359562243735,0.39440444665141017,-0.35067511789116446,0.2674678882620005,836.8893,2,1,0.4702484983779134,True,DOR>0.5,dam,0.20352846826726823,0.12881604826807214
06913000,0.7265039270726021,0.7493165561170927,0.7002445929462298,0.684809920096361,0.3887440037362898,0.6815710445349177,2727.127,4,2,0.4173678301851884,True,DOR>0.5,dam,-0.02625933412637238,-0.0645066360207317
06913500,0.7465655572248279,0.7618687554342294,0.7360482555961388,0.7196268937046782,0.3283589670943917,0.6551151304491365,3242.405,4,2,0.3561594284251992,False,DOR>0.5,,-0.010517301628689024,-0.04224186172955113
06915000,0.34925621896007697,0.3356675447408257,0.32110739336914285,0.31878983859440635,0.3531316179941355,0.3469082359148574,378.9171,1,1,0.96748887710042,True,DOR>0.5,,-0.028148825590934123,-0.01687770614641937
06915800,0.584091556733711,0.6731583391724087,0.5498621227890046,0.6549619068810478,0.06318778424651361,0.5335620447396354,7026.935,8,3,0.1990084138177676,False,DOR>0.5,,-0.034229433944706456,-0.01819643229136092
06916600,0.5878118925900526,0.7328829632852747,0.5401476188198243,0.7094298944085856,-0.0013499435014332484,0.5181351745349967,8387.032,9,4,0.1947618628074183,False,0.1<DOR<=0.5,,-0.047664273770228305,-0.023453068876689076
06917000,0.7454740914539073,0.7724844011992653,0.7288672958525233,0.7753350110251669,0.7607473142111034,0.8098179798439881,765.7839,0,0,0.0,False,none,control,-0.016606795601384006,0.0028506098259015733
07184000,0.7040853387880293,0.6700555818327979,0.6708428440731908,0.6682551464050355,0.6398102499006579,0.5590881730927266,510.8391,0,0,0.0,False,none,,-0.03324249471483842,-0.0018004354277624257
07185000,0.5634738151042937,0.7785932710554877,0.6020007688077447,0.7748837265321152,-0.1347693005652595,0.4947521881420981,15347.65,15,6,0.1037057428687894,False,0.1<DOR<=0.5,dam,0.03852695370345094,-0.0037095445233724655
07186000,0.8643475632860325,0.764282497297049,0.8329532351780047,0.7549068667245101,0.6966932516542118,0.6434868943842484,2998.955,9,0,0.0008400393969135,False,none,,-0.03139432810802778,-0.009375630572538873
07187000,0.8133108456383245,0.8773665564595211,0.7623170254843519,0.8596912030743566,0.5492486050474273,0.6559055579556576,1110.443,4,0,0.0243507668624982,True,none,,-0.05099382015397258,-0.01767535338516446
07188000,0.8556113296468917,0.8131328619320276,0.8009434662886191,0.791563171181863,0.6209479715961754,0.6546534560765922,6513.238,15,0,0.0075027686039209,False,none,,-0.05466786335827256,-0.021569690750164572
07176000,0.45750322416105427,0.7019568240246961,0.7556825099762291,0.7557303844616192,0.02718647255597728,0.5551185685700073,16709.18,61,7,0.1897522895418139,False,DOR>0.5,dam,0.29817928581517483,0.05377356043692316
07189000,0.8066995831089662,0.7756915370171823,0.8283798651049049,0.7776111014807222,0.8127282807521212,0.7523120416454351,2200.737,4,1,0.0384510331296021,False,DOR<=0.1,,0.021680281995938744,0.0019195644635399134
07191000,0.6993290419947332,0.6515261809772446,0.7227966338473681,0.6475017189877539,0.7114265281048582,0.55481073156424,1166.19,0,0,0.0,False,none,control,0.023467591852634917,-0.004024461989490691
07191220,0.6958687885335262,0.7273835354336033,0.6923366964402078,0.7235446198851996,0.7007156332058091,0.7564467135739755,339.075,0,0,0.0,False,none,,-0.0035320920933183952,-0.003838915548403765
07195500,0.8073631460704649,0.80707095157842,0.8431769564159259,0.8321882939900458,0.8651639191917471,0.8756622245363498,1629.999,4,1,0.0587220887037313,True,none,dam,0.03581381034546105,0.025117342411625776
07195855,0.5451018244230359,0.6799185920831461,0.5443320986041549,0.6730832760963786,0.5450404268281592,0.703550377739411,147.1878,1,1,0.557590443539472,False,DOR>0.5,,-0.0007697258188810174,-0.006835315986767454
07196500,0.7219484169265569,0.6558355025385674,0.7802672818601759,0.7102843984384408,0.6490374228930593,0.7522903409864071,2454.301,5,2,0.0642880890687405,False,DOR<=0.1,dam,0.05831886493361904,0.05444889589987345
07197000,0.7380636786040675,0.6608122649366533,0.7357490400801381,0.6559722918445097,0.7465742650106603,0.6201412199683016,808.4485,0,0,0.0,False,none,,-0.0023146385239294354,-0.004839973092143679
07198000,0.10009737205932079,0.5166209235660828,0.5739644508917783,0.6452115157177376,-0.6323502205398834,0.3186699666829933,4179.993,7,3,0.6075559089838858,True,DOR>0.5,dam,0.4738670788324575,0.1285905921516548
07334000,0.6938162732099387,0.6615781748404752,0.7585302566580138,0.7252782984023685,0.4316706671362016,0.4894263755885985,2824.07,9,2,0.421949525706872,False,0.1<DOR<=0.5,,0.06471398344807511,0.06370012356189325
07335300,0.4698808428534116,0.7349689288890477,0.5608657312659713,0.7739243129339928,-0.06973490573585028,0.4986172937162978,5863.781,42,2,0.1981937328508409,False,DOR<=0.1,,0.0909848884125597,0.03895538404494503
07335700,0.5737730269369345,0.6360932382879199,0.5826231595150311,0.6392378398031844,-0.7362406996953941,-0.8270475535076289,102.5696,0,0,0.0,False,none,,0.008850132578096526,0.0031446015152645224
07335790,0.7817347319989,0.8623371150061865,0.7976410151570854,0.7830195250152733,0.6549631822190363,0.772419805530712,1810.691,3,1,0.4226154410727344,False,none,,0.01590628315818543,-0.0793175899909132
07336200,0.8121326413876792,0.7788961862007006,0.7832153177422262,0.703528885321069,0.6935913161359671,0.8011373936823597,2924.537,3,1,0.2760238403538836,False,none,,-0.028917323645452964,-0.0753673008796315
07337900,0.8085653554417931,0.7678620222968703,0.8377659366086396,0.7846648926038424,0.8682762208888416,0.8086033868522406,831.1185,0,0,0.0,False,none,,0.02920058116684654,0.01680287030697214
07339000,0.42481056984136756,0.5648774989841503,0.48208653416028946,0.5732267257086469,0.39116268280568667,0.5581160426458893,2072.373,2,1,0.9371749131099456,True,DOR>0.5,dam,0.0572759643189219,0.008349226724496561
07343500,0.5983760707149361,0.7305909320924568,0.6414628462678158,0.7554158733420931,0.4177150578557929,0.6350600370796653,1393.465,2,1,0.0519648373512606,False,DOR<=0.1,,0.04308677555287965,0.0248249412496363
08065800,0.6470179285934559,0.6463529739610203,0.6230541929776567,0.6355035025143125,0.6074727923022036,0.6809133298773429,856.0638,0,0,0.0,False,none,,-0.02396373561579912,-0.010849471446707781
08066170,0.5151628559311815,0.7124357909216952,0.5270496164958527,0.7102325081694434,0.24264033788374106,0.4691431460757236,149.1957,0,0,0.0,False,none,,0.011886760564671195,-0.0022032827522517895
08066200,0.7119416953140046,0.8155585717803864,0.6997557846651223,0.8090782703875524,0.6469075658445135,0.7163046761570739,364.1202,0,0,0.0,False,none,,-0.012185910648882303,-0.006480301392833954
08068000,0.6284603377970739,0.626025285303337,0.7736528042634356,0.6536859170679037,0.4615624172627679,0.5153293823424078,2147.319,1,1,1.1312566223605265,False,DOR>0.5,dam,0.14519246646636175,0.02766063176456668
08068500,0.7402018765118024,0.8157924502692091,0.7216531240168875,0.7777143692608374,0.7542126055916305,0.865086454958538,1046.265,3,0,0.0085933392763424,False,none,,-0.018548752494914833,-0.038078081008371734
08068740,0.5920909270340633,0.6975917704452453,0.5980229877341364,0.7024389452312676,0.5234872707206191,0.5199597394951065,331.8849,1,0,0.0050179192602739,True,none,,0.005932060700073127,0.004847174786022257
08069000,0.6293686299498648,0.5909799162575584,0.6367030250096379,0.5958510951107755,0.728501406563805,0.8147927925111167,726.4197,1,0,0.0014846780868029,False,none,,0.00733439505977318,0.004871178853217084
08070200,0.6809080414260553,0.7732285571899006,0.6464963162329342,0.7623753590877039,0.5399664624413862,0.6578732692194783,989.3655,0,0,0.0,False,none,,-0.03441172519312108,-0.010853198102196648
08070500,0.5551579691569606,0.506458727191606,0.49536542834219,0.44574326528602304,0.6175518407253894,0.6316565446486623,272.9007,1,0,0.000889379489015,False,none,,-0.05979254081477059,-0.06071546190558297
08075000,0.5876928767457621,0.5218958563568418,0.5674167176880865,0.5098836724728028,0.6090883411381937,0.6726383326389328,261.5814,0,0,0.0,False,none,,-0.020276159057675547,-0.012012183884039018
08076000,0.6385970435733874,0.5602458038237537,0.6332250883793136,0.5555285530992466,0.7128489941577155,0.7242208237476543,154.3689,0,0,0.0,False,none,,-0.005371955194073852,-0.004717250724507016
08115000,-0.1465564540683677,-0.8744330932382207,-0.17183217843083987,-0.8781534603198089,-0.17401049245785827,-0.9053909746252371,116.6994,0,0,0.0,False,none,,-0.025275724362472163,-0.003720367081588183
08117500,0.6331680650027257,0.6961391105456545,0.6150059943890966,0.6893311839695111,0.5950539237987413,0.6772220588141384,1869.099,1,0,0.0001113104576799,False,none,,-0.018162070613629067,-0.006807926576143375
05129115,0.6850871545945125,0.7891729741435052,0.6849746164172978,0.7896416720672854,0.6789329820596215,0.7818168288787573,2357.585,4,1,0.4770461057764755,False,DOR>0.5,,-0.00011253817721468273,0.0004686979237802369
05130500,0.7459582009215073,0.8584564688028248,0.7477860899819778,0.8592668847867062,0.6677265839008166,0.6316059881193723,463.95,1,1,0.8293167183243535,False,DOR>0.5,,0.001827889060470489,0.0008104159838814295
05131500,0.7793427555832277,0.7136858938352686,0.782731910767428,0.7150182647236069,0.6845960745957392,0.6659178816395719,4383.507,2,2,0.1396203747399884,False,0.1<DOR<=0.5,,0.003389155184200243,0.0013323708883382634
04024000,0.717278861415917,0.6902900943110613,0.7684624923888203,0.714130047663881,0.6196304256380158,0.662715432112859,8840.52,19,8,0.2310793953623719,True,0.1<DOR<=0.5,,0.05118363097290324,0.023839953352819743
05336700,0.6987550926153052,0.6100942422878508,0.6966571110317903,0.6097575922820406,0.6422187414854874,0.5692840520513911,2252.095,2,0,0.0010043492483476,False,none,,-0.0020979815835149296,-0.00033665000581017956
05287890,0.7441207885910092,0.8319614046040114,0.7442010102420324,0.8319906702254409,0.7054604355854067,0.7549101358614314,222.1204,1,0,0.0906539359509284,False,none,,8.022165102328227e-05,2.9265621429575006e-05
05319500,0.7910826586702746,0.8840135808501476,0.7878811943106829,0.8831046166856269,0.787171487521805,0.8786424334504075,2196.493,2,0,0.0105595425064854,False,DOR<=0.1,,-0.003201464359591677,-0.000908964164520687
05320500,0.8273380461218592,0.8461620887221112,0.8387215292999756,0.8526844002338898,0.834252599974755,0.8546210101363747,2871.773,6,1,0.0429420977074919,False,DOR<=0.1,,0.011383483178116327,0.006522311511778622
05345000,0.6303059750886142,0.7703945593354475,0.6291900624663905,0.7705984471134409,0.5756399108129894,0.7164010780726096,334.3264,0,0,0.0,False,none,,-0.0011159126222236582,0.00020388777799340563
05353800,0.7714019346727774,0.8392232673892626,0.7495418836447711,0.8310978169756298,0.7389793390276835,0.8232294508804928,1127.968,4,0,0.0282993853617237,False,DOR<=0.1,,-0.021860051028006255,-0.008125450413632773
05372995,0.7460295777992527,0.8323751415006925,0.7298786117164644,0.8143358823829636,0.728570125848855,0.7767466087598067,779.4621,3,0,0.0073046064356072,False,none,,-0.01615096608278832,-0.018039259117728856
05457000,0.6395570338740122,0.7539120627177871,0.6286007117690441,0.7494210364353187,0.6177628465149201,0.7410957803514374,1035.219,4,0,0.0298007577828721,False,none,,-0.010956322104968108,-0.004491026282468447
05449500,0.6888254684540591,0.6548690269032067,0.6694549048164378,0.6503718571288504,0.6450538111669597,0.6417765438341546,1083.9,0,0,0.0,False,none,control,-0.019370563637621352,-0.004497169774356324
05451500,0.8373580954018127,0.8049089062482977,0.8348751801658897,0.809749573860831,0.8093350275393276,0.8137554745423459,3973.971,5,0,0.0076308989514086,False,none,,-0.0024829152359230333,0.0048406676125333226
05451700,0.7254154258009522,0.6081822568770636,0.7155956486561055,0.6041304830431793,0.7501220410117146,0.6721606690024211,308.5146,0,0,0.0,False,none,,-0.00981977714484672,-0.004051773833884331
05458000,0.7303074659801156,0.8633554175480392,0.730260425373105,0.8619353547313026,0.6555322578802105,0.7661792024526404,776.7648,1,0,0.0010541599629391,False,none,,-4.704060701066215e-05,-0.001420062816736678
05458900,0.7697561219990721,0.8739598661930137,0.7413814402278047,0.8609627436392715,0.6850520060150886,0.8215913637424511,2205.097,1,0,0.0015351009836705,False,none,,-0.02837468177126734,-0.01299712255374219
05459500,0.8669695706490801,0.9188071567791878,0.8547928019598985,0.9154052341834273,0.8424382904528332,0.9133529033668417,1340.044,4,0,0.0138835555179513,False,none,,-0.012176768689181605,-0.0034019225957604426
05463000,0.7767321957395629,0.8243946103528073,0.7660467233360188,0.8227878842112906,0.7616200325479686,0.8523121816273915,903.0069,0,0,0.0,False,none,control,-0.010685472403544116,-0.00160672614151669
05470500,0.6953220100762812,0.7884757401460323,0.6835960556822993,0.7816690589571974,0.6949631280172881,0.7918100991915951,550.7748,0,0,0.0,False,none,,-0.011725954393981941,-0.006806681188834873
05471050,0.7284756132902893,0.827322331277546,0.6867490536288998,0.8112175987067952,0.606689575195932,0.7695261366198005,2098.962,0,0,0.0,False,none,,-0.041726559661389495,-0.016104732570750735
05471200,0.7691003096337581,0.7525629744581497,0.7597398926002192,0.7482292683489837,0.6904954161859305,0.6199114810072723,725.7843,0,0,0.0,False,none,,-0.009360417033538848,-0.004333706109165947
05471500,0.6047121168593629,0.7981697670084447,0.5604787314323965,0.778058867562476,0.3765821986102549,0.6845899995591361,4246.927,1,0,0.0012736478952805,False,none,,-0.04423338542696642,-0.020110899445968666
05481950,0.8143153150517575,0.8603345079052136,0.7811237519442584,0.853182295371582,0.6600879549210288,0.8222417086219336,975.159,0,0,0.0,False,none,control,-0.033191563107499045,-0.00715221253363163
05483600,0.7609528457011853,0.816913031498973,0.7642877398937152,0.8178190935601634,0.7248177580344779,0.7952761896425793,1115.563,2,1,0.0952180122077753,True,0.1<DOR<=0.5,dam,0.003334894192529969,0.0009060620611903714
05484000,0.7995847024974476,0.8558710305878624,0.8211627188279982,0.8613699465177804,0.786708161460676,0.8423795778420626,2548.053,5,1,0.0434780595688178,False,0.1<DOR<=0.5,dam,0.021578016330550565,0.005498915929918025
05484500,0.8447104193669659,0.8865214140669148,0.8342630561410952,0.8815168257820374,0.686528798027453,0.7984159393629473,8870.213,7,1,0.0171623304635277,False,DOR<=0.1,,-0.010447363225870698,-0.005004588284877376
05484800,0.7005050832869695,0.8028989658487438,0.6917939320032,0.7968812636771346,0.7133914528595107,0.8549638601273907,201.5955,0,0,0.0,False,none,,-0.008711151283769425,-0.0060177021716091295
05486000,0.7515859262083326,0.866454458525187,0.7297686880588121,0.8547348394431205,0.6690698589060774,0.7949106409467022,904.6017,0,0,0.0,False,none,control,-0.021817238149520524,-0.011719619082066535
05486490,0.7795937867969164,0.761734092129517,0.8135509623465383,0.7844608672708304,0.7897301062790583,0.7635763042964929,1293.125,0,0,0.0,False,none,control,0.033957175549621965,0.022726775141313382
05487470,0.718994219889812,0.588954242092824,0.7260199184584452,0.595307331042972,0.7586985171417018,0.595139906907777,1193.412,0,0,0.0,False,none,control,0.00702569856863311,0.006353088950147967
05487980,0.7079722256365131,0.6942568401090541,0.7393160677780057,0.7156591275531279,0.7608374753781797,0.7008422020438119,882.7254,0,0,0.0,False,none,control,0.03134384214149266,0.021402287444073798
05488200,0.6607546485794704,0.6442507201458554,0.6766029306747465,0.678030219725813,0.61621354045216,0.7045891081032513,234.2088,0,0,0.0,False,none,,0.01584828209527611,0.03377949957995763
05489000,0.7128532819078305,0.7928942189895056,0.6784487374870223,0.7900931552716186,0.6184907483235353,0.7374741673705822,964.7559,0,0,0.0,False,none,control,-0.0344045444208082,-0.00280106371788702
06903400,0.36924886975910476,0.28078071155673867,0.36983922386064405,0.28231853651998406,0.3947470629207205,0.3024349634509309,481.4154,0,0,0.0,False,none,control,0.0005903541015392921,0.0015378249632453933
06903700,0.06797872812681804,-0.09549406579225672,0.0692989199414833,-0.09306398488287804,0.07967613982616739,-0.093702861591491,439.3953,0,0,0.0,False,none,,0.0013201918146652503,0.0024300809093786846
06903900,0.414084144712489,0.5110090877554352,0.5048139852931133,0.5282311189172446,0.3271777649918114,0.49390263752275465,1407.987,2,1,0.6879912265807051,True,DOR>0.5,dam,0.09072984058062428,0.017222031161809426
06904010,0.6685841004908111,0.634045244818715,0.6183964051311042,0.5812320440698376,0.6481905599373532,0.6900459503219927,1919.11,2,1,0.4695069602921808,False,DOR>0.5,dam,-0.05018769535970691,-0.05281320074887741
06897500,0.728544750032042,0.795785103891705,0.7534733391231847,0.8148045400230486,0.7340581494549315,0.7654514005939517,5819.077,163,1,0.0289658036918659,False,DOR<=0.1,,0.024928589091142705,0.019019436131343603
06898000,0.6453512230093366,0.7915326101257263,0.694933367158619,0.8172910391480875,0.7027310621552394,0.7427315020996895,1801.335,1,1,0.045904397645828,False,0.1<DOR<=0.5,,0.049582144149282414,0.02575842902236125
06899500,0.701666330387605,0.6740817752986172,0.7316904438087538,0.6873843611221309,0.8086979198233598,0.7406176739091193,4462.355,24,2,0.0302852221849404,False,0.1<DOR<=0.5,,0.030024113421148857,0.013302585823513624
06902000,0.7750610821944034,0.7990446999963003,0.7596209273220126,0.8016476060549207,0.553924687872952,0.7184751640584008,17944.12,293,3,0.0167885861748622,False,DOR<=0.1,,-0.01544015487239081,0.0026029060586203467
06904050,0.6755912158834452,0.7560212796865983,0.6716133853158186,0.7289926398649329,0.47494703908932523,0.6730716343239531,2246.616,2,1,0.4110176897684314,False,DOR>0.5,dam,-0.003977830567626572,-0.027028639821665368
06904500,0.7488503916331104,0.82549711561637,0.7221143364825728,0.8072259428549037,0.5903730542637764,0.7576562787670904,3537.129,8,2,0.2517374473483207,False,DOR>0.5,dam,-0.026736055150537563,-0.01827117276146628
06905500,0.6958834828516347,0.7996493416739128,0.6399329435290885,0.7794787148681634,0.2462692489746302,0.5884089253800592,4899.487,16,3,0.2006424487918486,False,0.1<DOR<=0.5,,-0.05595053932254623,-0.020170626805749325
06894000,0.7359698265080049,0.8342636066176052,0.698188262248842,0.7921480461408523,0.6240088168879223,0.517003167661581,480.4056,7,3,0.4182430481733503,True,DOR>0.5,,-0.0377815642591629,-0.04211556047675291
06906800,0.7400200302564187,0.7828103149807979,0.7371033625598296,0.7930887355290307,0.7361319567048423,0.7736991731878651,1414.753,5,0,0.0055377066218435,False,none,,-0.002916667696589159,0.010278420548232803
06908000,0.6285501190575262,0.7161338700729885,0.5970637505655276,0.7278129043400787,0.4453558699531298,0.7045076539110492,2894.894,24,0,0.0040387799106915,False,none,,-0.031486368491998595,0.011679034267090271
06918440,0.7057213950686725,0.7185454930298447,0.6822260134506868,0.7167086989379323,0.6020639336440285,0.5958371349205396,671.9008,0,0,0.0,False,none,,-0.0234953816179857,-0.001836794091912397
06918460,0.6607039090339502,0.7862318641752954,0.6545126796227083,0.785244812349549,0.6206027811574661,0.7195422440963267,650.6892,0,0,0.0,False,none,,-0.006191229411241839,-0.0009870518257464322
06918740,0.7575385102300358,0.6748506925041593,0.7598076825188489,0.6756345433668671,0.7732217078771574,0.7029122053212704,609.8481,3,1,0.19683749453746,True,0.1<DOR<=0.5,,0.0022691722888130705,0.0007838508627078244
06919020,0.02280540254772745,0.4846737104650204,0.5127605863279638,0.5505884963745552,-0.35573224014754223,0.3842085217859229,3322.945,5,2,1.1848917480518837,False,DOR>0.5,dam,0.4899551837802364,0.06591478590953481
06919500,0.7867166537889828,0.6788127329985381,0.8308319252931289,0.6899312834796938,0.8166577056418909,0.5962427475317758,1069.424,3,0,0.00057139063394,False,none,,0.04411527150414607,0.011118550481155731
06919900,0.5763530711489098,0.7625755328297164,0.7296421545872257,0.7039228929931064,0.3787586698337604,0.6269794994969788,4647.281,9,2,0.8113160107396816,False,DOR>0.5,dam,0.15328908343831593,-0.058652639836609954
06921070,0.7857093397845414,0.6699296402800496,0.8158550474249132,0.6901313448512585,0.8359720736835498,0.7107795741869682,712.586,1,0,0.000562233616055,False,none,,0.030145707640371833,0.020201704571208845
06921200,0.7626529055210195,0.7189592968575422,0.777178266349718,0.7235238961673529,0.7285331412860312,0.5558850128470926,323.6193,1,0,0.0004225959330533,False,none,,0.014525360828698486,0.00456459930981068
06921350,-0.195865901197799,0.44436168541183696,0.592328087911522,0.6155693309492595,-1.2064149683472807,0.15136819707048055,1635.647,4,1,0.5763573042966869,True,DOR>0.5,dam,0.788193989109321,0.17120764553742251
07196900,0.6628930308598968,0.7007624003804656,0.6447560814156725,0.6878087866901378,0.2762309457503648,-0.08066268585780034,106.3521,0,0,0.0,False,none,,-0.018136949444224282,-0.01295361369032777
07247000,0.8272041251743383,0.8692675357298463,0.8214316827610878,0.867236578968523,0.7992309165552771,0.7324473032534522,525.4191,0,0,0.0,False,0.1<DOR<=0.5,,-0.005772442413250478,-0.002030956761323255
07249400,0.8111458031376735,0.8068338528022323,0.8115149319094078,0.8051206511394821,0.8276855390765997,0.7949719409580855,379.5471,1,0,0.0406916934015841,False,none,,0.00036912877173433944,-0.001713201662750241
07340300,0.7403618789876342,0.7910887305565082,0.7397723866389264,0.7901689890333253,0.7656938439116776,0.7804889433926935,230.4347,0,0,0.0,False,none,,-0.0005894923487077541,-0.0009197415231828598
07356000,0.8724826009647502,0.8296344564389411,0.8729117280768149,0.833114008960576,0.8745930666429643,0.8053341528061183,1071.639,1,0,0.0115897735447631,False,none,,0.0004291271120647755,0.003479552521634899
07359610,0.7024030797003619,0.7649941388555278,0.6932056574111665,0.7543358693563262,0.7557982368224907,0.8578473573474504,342.2349,0,0,0.0,False,none,,-0.0091974222891954,-0.010658269499201567
07361500,0.8432931995868602,0.8975382755021003,0.8453025280712768,0.89971507188724,0.8060545901702016,0.8322327432489685,464.2056,0,0,0.0,False,none,,0.002009328484416595,0.0021767963851396788
07340000,0.7639194325373446,0.853083593663484,0.790021254659512,0.8128025977879338,0.5180846092782078,0.7545325894023521,6942.81,5,3,0.3515516903642894,False,DOR>0.5,,0.026101822122167384,-0.04028099587555012
07341200,0.5496743171078267,0.7013334495271617,0.7341737990574644,0.8629591520962026,0.30188374870378765,0.5189901259105891,654.9975,1,1,0.1209256591943509,False,DOR>0.5,dam,0.18449948194963772,0.16162570256904085
07346045,0.7135497227896879,0.7233831621641049,0.6758800861252134,0.7133323088042678,0.6045971445814489,0.6835514819022568,959.8869,0,0,0.0,False,none,control,-0.037669636664474426,-0.01005085335983713
07346070,0.816262898837164,0.8973700448204278,0.8132198108551101,0.8959213607330875,0.7868249465361704,0.873377446803747,1808.583,2,1,0.0303782331010769,False,none,,-0.0030430879820538825,-0.001448684087340335
07352000,0.8033391176314153,0.7305086868095458,0.8031250873396154,0.7259474308665409,0.8023923489497279,0.8009221821558024,384.2865,0,0,0.0,False,none,,-0.00021403029179989375,-0.004561255943004938
08022040,0.7718897510746452,0.8240617962274919,0.7840336318048224,0.8160291272836921,0.7403971346658084,0.8147990880175027,9301.876,35,4,0.8857671390159421,False,DOR>0.5,,0.012143880730177248,-0.008032668943799726
08023080,0.7602335153058428,0.6978490239480576,0.7726075906423561,0.7016163160506771,0.767319060453172,0.6798877318901841,187.6086,0,0,0.0,False,none,,0.012374075336513246,0.0037672921026195016
08025500,0.6805367848457425,0.6607823564994424,0.7035788553462544,0.6618406994928989,0.6904741426834451,0.645322844100647,383.0247,0,0,0.0,False,none,,0.02304207050051188,0.0010583429934565292
08025360,0.4910130405207036,0.6900915294920165,0.6747080020978539,0.7158123503309104,0.2427816475453337,0.5934625041704792,19189.52,40,7,1.5731074119453108,False,DOR>0.5,dam,0.18369496157715026,0.025720820838893932
08026000,0.4965296357033584,0.7166691283465646,0.7136386127679184,0.7593652501228794,0.24862447010752398,0.6158834039051848,19466.7,40,7,1.4992228275809787,False,DOR>0.5,dam,0.21710897706456,0.042696121776314766
08028000,0.7696101481299616,0.7377656907194967,0.7815680770269666,0.7384331639266155,0.7278025609358141,0.6597311383619462,945.0702,2,2,0.2275819305791077,False,0.1<DOR<=0.5,dam,0.011957928897004977,0.0006674732071187961
08029500,0.40722934234215846,0.37726164187555056,0.4353899064079204,0.3989834622406446,0.5487931883854802,0.5635985238436305,333.3996,0,0,0.0,False,none,,0.02816056406576195,0.02172182036509407
08033500,0.30518912570770673,0.6306466840461036,0.15162109628056575,0.5719423725620505,-0.24621051349696543,0.42520989216104454,9406.075,12,2,0.215234638911174,False,DOR>0.5,,-0.15356802942714098,-0.058704311484053084
05124480,0.6786992241971929,0.6803632142047111,0.6787472531061365,0.680830890290185,0.6735381434339256,0.6814573774359052,707.2242,0,0,0.0,False,none,control,4.802890894362033e-05,0.00046767608547382267
04015330,0.7049226449561399,0.6790298529428362,0.7002631992492392,0.6738749973952985,0.6830512232609236,0.629882002320681,224.3547,0,0,0.0,False,none,control,-0.004659445706900689,-0.005154855547537696
04024430,0.6832462485471296,0.6619072255744858,0.6649674320568126,0.6574323927513406,0.623740336624911,0.626239631901429,1091.25,1,0,0.0007726672325631,False,none,,-0.01827881649031693,-0.004474832823145203
04025500,0.6760820316045928,0.784115336165163,0.6762603860708187,0.7842211481911815,0.6715991871324658,0.7804868512683838,302.7636,0,0,0.0,False,none,control,0.00017835446622593842,0.00010581202601844808
04027000,0.807230339859908,0.7786919727510286,0.7990246789733927,0.7766847253355101,0.786936620364841,0.7658644277820313,1619.847,0,0,0.0,False,none,control,-0.008205660886515309,-0.0020072474155184983
04027500,0.796987047342481,0.8187916992918225,0.7960793415344405,0.8199371851845041,0.8017489831377385,0.8324526114750084,705.0141,2,0,0.0033436425595899,True,0.1<DOR<=0.5,,-0.0009077058080405598,0.001145485892681597
04029990,0.7560773923969996,0.8376505118519011,0.7610689688153509,0.8379658103528941,0.7460539106628137,0.8413040750319947,683.8668,4,1,0.1807127446808826,True,0.1<DOR<=0.5,,0.004991576418351351,0.00031529850099298873
05356000,0.46353343479242604,0.5284046354873566,0.3656467886961452,0.461000825598634,0.4531113256434556,0.5343842443594264,2105.661,10,2,0.5548469483071284,True,DOR>0.5,dam,-0.09788664609628084,-0.06740380988872263
05356500,0.7564527071299751,0.7987473353743051,0.7476993304818287,0.8011043710217172,0.7110188449789563,0.7696726495361749,4268.439,16,3,0.2954477666201795,False,0.1<DOR<=0.5,dam,-0.00875337664814646,0.0023570356474120757
05360500,0.829929266560602,0.8369242877682309,0.8355382857321387,0.8326319538176224,0.8313807089996126,0.7847664907693302,4889.991,22,2,0.2093699184624572,True,0.1<DOR<=0.5,dam,0.005609019171536778,-0.004292333950608462
05362000,0.8819853694944533,0.7802201308978706,0.8808708177125913,0.7733341129585076,0.8640582558974846,0.7598816664935351,1477.292,5,0,0.0083669055889543,False,none,,-0.0011145517818619277,-0.006886017939362943
05368000,0.5113553512647966,0.7231520775892213,0.5001131614151882,0.7212269106734294,0.453782119949416,0.6890549048625294,1102.773,4,0,0.0146651237518879,False,none,,-0.011242189849608342,-0.0019251669157919205
05369000,0.7361196884436376,0.8368485134031242,0.7209249876984367,0.8461277999515578,0.679522913549564,0.8189775325401051,4627.409,17,8,0.1639641252736576,True,0.1<DOR<=0.5,dam,-0.015194700745200906,0.009279286548433685
05370000,0.5334463451751587,0.6901360256666035,0.5291437406903119,0.7007272918059922,0.008706022974510175,0.0031799848272319187,165.8565,1,0,0.0620736205519001,True,none,,-0.0043026044848467615,0.010591266139388766
05379500,0.6090616245195934,0.6995692169900845,0.6071229706033539,0.6985631433837398,0.5620873239382951,0.6967338034431299,1665.233,3,0,0.0008189079759141,False,none,,-0.0019386539162395966,-0.0010060736063446374
05382000,0.710961248110467,0.7954313402271038,0.6954328392774959,0.7876044769452892,0.4168499328629419,0.6825859083330021,5376.456,13,1,0.0144853467671471,False,DOR<=0.1,dam,-0.01552840883297113,-0.007826863281814589
05388250,0.8517930008196065,0.8554160148605732,0.844691575409368,0.8448230007461818,0.7367538118380641,0.7650730211654506,2010.254,4,0,0.0035277159926293,False,none,,-0.007101425410238504,-0.010593014114391397
05408000,0.6913604067457866,0.6535681037387873,0.6921534847606823,0.6558282763496198,0.6811403106998268,0.6254172679577401,689.3334,0,0,0.0,False,none,control,0.0007930780148956984,0.002260172610832556
05410490,0.14659945993040313,0.5717641337988462,0.10494755662869171,0.5604634339770508,-0.20019661066866035,0.4500923307717075,1779.488,0,0,0.0,False,none,control,-0.041651903301711424,-0.011300699821795379
05413500,0.6483784276925004,0.7730148474339564,0.6501901615219066,0.7765435543896078,0.6098356510955947,0.8034345451276933,695.3256,0,0,0.0,False,none,control,0.001811733829406137,0.0035287069556513284
05421000,0.7987132443561011,0.8669692905832873,0.7662071074213519,0.8552058696685201,0.6884735331323726,0.7977851952929962,2725.647,5,0,0.0051856733077336,True,none,,-0.03250613693474924,-0.01176342091476723
05458500,0.7185044905979456,0.8472580227725293,0.6590918758254116,0.8214397476825208,0.45646654952351395,0.7196013578753365,4334.134,12,0,0.0139609351378599,False,none,,-0.05941261477253401,-0.025818275090008447
05464000,0.8228417476251904,0.8950502901612308,0.7844526341184294,0.8785787399876781,0.647229581058906,0.8046680592175142,13348.57,28,2,0.013416475184024,True,DOR<=0.1,,-0.038389113506761,-0.01647155017355273
05464500,0.6780328941442652,0.8346315066335366,0.8658171352956758,0.887956020290939,0.44880806335783785,0.7270264254412315,16861.9,29,3,0.0131180874825009,True,DOR<=0.1,dam,0.18778424115141068,0.05332451365740243
05451900,0.49606245088323897,0.7309532661350244,0.5013364180921167,0.7308425901233795,0.35028735990823634,0.6583930995192194,146.2338,0,0,0.0,False,none,,0.005273967208877739,-0.00011067601164493901
05452000,0.7734824890305487,0.7396073575365183,0.7605726111843296,0.7372707108717831,0.726750439913876,0.6998690751614971,516.6864,0,0,0.0,False,none,,-0.012909877846219109,-0.002336646664735209
05452200,0.485245238302515,0.7318316523392411,0.4862492419136222,0.7266256710271646,0.010050444503027278,0.42985600276189817,182.6649,0,0,0.0,False,none,,0.001004003611107196,-0.005205981312076502
05453000,0.7454320241816788,0.8259997039221187,0.7434877459301825,0.830507220466361,0.7331080974599102,0.8479770128075406,483.6276,0,0,0.0,False,none,,-0.0019442782514962342,0.004507516544242307
05453100,0.7726186712223515,0.7984325257422568,0.7324557002688428,0.7949528015562977,0.6053183902995734,0.7784402109270958,7237.921,6,0,0.0045087544540974,False,none,,-0.040162970953508736,-0.003479724185959099
05454300,0.7115374992078612,0.8485571827227618,0.7094339525736084,0.8486896016930969,0.6338962494321181,0.7748860028443376,254.3067,0,0,0.0,False,none,,-0.0021035466342528286,0.00013241897033511307
05454500,0.5770348079669628,0.7715298811378429,0.7653320006849065,0.7198011297356032,0.3262809232006153,0.6781532747218109,8478.728,11,2,0.026799650354999,True,0.1<DOR<=0.5,dam,0.18829719271794365,-0.05172875140223976
05455100,0.7444366048330664,0.868442386950434,0.761731977806719,0.8763321976698994,0.7315325418961363,0.8072257770828993,521.7515,0,0,0.0,False,none,,0.01729537297365258,0.007889810719465484
05455500,0.8054736460405685,0.8383884202584777,0.7857235834540005,0.8378770318573384,0.747226526411912,0.8388263509119218,1486.906,0,0,0.0,False,none,control,-0.019750062586567974,-0.00051138840113929
05455700,0.6967053784616697,0.8478642728368047,0.8284774965238813,0.8024595422865299,0.4381326568495868,0.7236643308995678,11127.56,11,2,0.0205036087265385,False,0.1<DOR<=0.5,dam,0.13177211806221156,-0.04540473055027472
05465000,0.6336771246461499,0.8194695392141249,0.8380834626484487,0.8957310025460583,0.3728373764581071,0.7001387852883942,20153.82,31,3,0.0112233851044351,False,DOR<=0.1,dam,0.2044063380022988,0.0762614633319334
05465500,0.6795183295715401,0.8342162160936003,0.8588089781210093,0.9073748570578041,0.35645945645708965,0.6872116070051699,32364.76,42,5,0.0138781362098828,False,DOR<=0.1,,0.1792906485494692,0.07315864096420377
05466500,0.7592643617298205,0.815546104783406,0.7478713165318941,0.8119391045297156,0.6307003063034189,0.7970997434677923,1151.567,0,0,0.0,False,none,control,-0.011393045197926388,-0.003607000253690318
05472500,0.7045341892603489,0.827346599821666,0.6568364003808356,0.8027751624843316,0.5099877712554188,0.7234658249412969,1899.126,2,0,0.0125305963208571,False,none,,-0.04769778887951337,-0.024571437337334467
05473400,0.7693717014853316,0.7303960398015577,0.7725096433877663,0.7371486258763906,0.7297752381990239,0.7706402156636318,1381.734,0,0,0.0,False,none,control,0.00313794190243466,0.006752586074832978
05474000,0.7105968209500304,0.856801717663495,0.6450071999288911,0.8244442589482726,0.35342290941963495,0.6816068360309542,11165.38,7,0,0.0067533546703937,False,none,,-0.0655896210211393,-0.03235745871522244
05495000,0.6014151466790196,0.6940415626673404,0.693996527928584,0.7501550520853151,0.819800829801262,0.784237775175208,1027.552,11,0,0.002546354184265,True,none,,0.09258138124956439,0.05611348941797467
05495500,0.8084419532889683,0.7311228007613694,0.7920983367422849,0.7319308568164213,0.8120875567083835,0.7827452342253628,905.5557,0,0,0.0,False,none,control,-0.01634361654668337,0.0008080560550519644
05496000,0.7743368597395318,0.7707632249757963,0.7514195318544895,0.7787264508691033,0.8121302499066182,0.7651691258753301,1029.313,21,0,0.002514694558001,True,none,,-0.022917327885042305,0.007963225893307002
05500000,0.742344205481207,0.7946564519993699,0.7587846566233989,0.7986794682845608,0.668797934270936,0.6735587439695143,1567.004,71,0,0.0056287938714479,True,none,,0.016440451142191836,0.004023016285190972
05501000,0.7577954885501355,0.7548189429086278,0.7945896428441395,0.7621323576298906,0.7089407037348554,0.6439030145430433,922.8276,5,0,0.0010071935634192,False,none,,0.03679415429400401,0.00731341472126279
05502300,0.7634568672202836,0.650563569822188,0.764212971283894,0.6577163887261238,0.7977246061650751,0.6927317921523948,935.1459,10,0,0.0029185769083927,False,none,,0.0007561040636103744,0.00715281890393582
05502500,0.6968274608438697,0.6821105716164855,0.669168490359021,0.6991863113976773,0.5983001220224212,0.6950530055125983,1194.061,11,0,0.002256809929052,False,DOR<=0.1,,-0.027658970484848666,0.017075739781191812
05503800,0.7746425516682445,0.7649169135189665,0.7674073392268306,0.7507944564094136,0.7358195754921237,0.6572283515156421,212.6412,0,0,0.0,False,none,,-0.007235212441413896,-0.014122457109552955
05506800,0.7385634749226511,0.6702801066262192,0.7144336128499451,0.6490326591159425,0.8086943374212645,0.714203229257825,514.6506,3,0,0.0004836072946757,False,none,,-0.024129862072705954,-0.02124744751027663
05507600,0.778949132034775,0.6718844003253807,0.7732831765340902,0.6797397962806495,0.812844659279166,0.7488222312679877,275.3757,2,0,0.0030452437432883,False,none,,-0.005665955500684827,0.007855395955268851
05507800,-0.06202491314836123,0.44304373759910065,0.5476318770447087,0.5322539794275922,-0.7076290142838622,0.2814815585130438,6172.583,36,1,0.345873537929612,False,DOR>0.5,,0.60965679019307,0.08921024182849158
05508000,0.038776865209050326,0.4760168222906511,0.5536761604037868,0.5258490744107358,-0.5096506515392383,0.35246422524396714,6455.375,38,1,0.3265417861520838,False,DOR>0.5,,0.5148992951947364,0.049832252120084686
05508805,0.8583097187514603,0.8076974827117037,0.8511165197501767,0.7969995548162971,0.8001317618613618,0.6695925930506429,536.4018,3,0,0.0010125660724624,True,none,,-0.007193199001283679,-0.010697927895406578
05584500,0.8086194764737313,0.7752979136687927,0.7900886826625717,0.7776180382586482,0.7740758093112255,0.8083671481005937,1695.671,2,0,0.0095168673840739,False,none,,-0.01853079381115963,0.0023201245898554212
06906200,0.2132601118625087,0.6113252394270586,0.6563201747527174,0.7606800524447648,-2.0121113622367193,-0.40427300509774766,268.9155,12,1,0.5563255860318987,True,DOR>0.5,dam,0.4430600628902087,0.14935481301770615
06906300,0.7386991478083142,0.6628578277799129,0.7402352484923911,0.640223332332797,0.658584400376523,0.7449201107987491,564.9921,13,1,0.2529643701529885,True,DOR>0.5,dam,0.0015361006840768354,-0.02263449544711582
05514500,0.768571820028699,0.7445569079391694,0.7623969062705584,0.7644394309933413,0.6406125513434583,0.6503796209769739,2407.411,22,0,0.0037311678439195,False,none,,-0.006174913758140499,0.01988252305417193
06926000,0.1466746235819203,0.5712141929930731,0.6210375810940358,0.6039518730355082,-0.35984797165364935,0.40988281458083475,36166.79,79,11,0.5581655434414748,True,DOR>0.5,,0.47436295751211555,0.03273768004243516
06934000,0.8066696593894929,0.8464351234334107,0.7065548872658509,0.8134533418714519,0.10429471996657813,0.5435460761253121,8264.9,6,0,9.435911104146676e-05,False,none,,-0.10011477212364195,-0.032981781561958745
07013000,0.6856438836104046,0.7303018296581951,0.7327393312635755,0.7446505448671183,0.6763250208802982,0.7168059684767912,2024.755,4,0,0.0006160797943596,True,none,,0.04709544765317086,0.014348715208923224
07014500,0.7704877212000019,0.8188530800245126,0.7718443471169115,0.7881541275742262,0.6426704625720723,0.7042171839154956,3845.5,9,0,0.0004380747153505,False,none,,0.0013566259169096595,-0.03069895245028642
07015720,0.712454082901619,0.682589010420819,0.6853968968007358,0.6645025739322448,0.7413821447948957,0.7402429279781979,349.8309,5,0,0.0022535431591403,False,none,,-0.027057186100883257,-0.01808643648857422
07016500,0.6038235191155665,0.6509962315664386,0.6020183435719338,0.6257356274328274,0.4719708237411926,0.6205032912912349,2077.624,32,1,0.0197506538063043,True,DOR<=0.1,,-0.0018051755436326866,-0.025260604133611197
06932000,0.7033868185398033,0.8093817340492422,0.6939372411454692,0.7972287037278446,0.6925374340148025,0.7318278499044489,514.2285,1,0,0.0002529678495229,False,none,,-0.009449577394334163,-0.012153030321397584
06933500,0.8738052728624198,0.782989226504607,0.7883458747576214,0.7650257487799801,0.22635490248692458,0.5140381159051868,7339.505,6,0,0.0001098893600716,False,none,,-0.08545939810479841,-0.01796347772462692
07057500,0.7476006677450613,0.6770512525699433,0.7298956717035199,0.6694179614040521,0.6227082200536465,0.5476105319727553,1456.436,1,0,5.424321214778623e-05,False,none,,-0.01770499604154141,-0.007633291165891176
07066000,0.7126420658620428,0.7100725269481427,0.7119992991133075,0.7161128978115248,0.6523693213082304,0.5927734842456184,1053.496,1,0,0.0001231761466333,False,none,,-0.0006427667487353128,0.00604037086338205
07071500,0.7746614873733874,0.6924377640202377,0.7921898076531776,0.7020053351757258,0.7452343527900642,0.6640795499447516,2023.769,0,0,0.0,False,none,control,0.017528320279790233,0.00956757115548812
07056000,0.8322429857937931,0.7677745508028023,0.8256680939606071,0.7810146527539704,0.8371538715339338,0.8128557420737803,2149.364,0,0,0.0,False,none,control,-0.006574891833185936,0.013240101951168093
07060500,0.45273520085809027,0.6286682657606222,0.47108749724008114,0.5920107570173259,0.2235901054980337,0.5944561944821303,25801.86,17,5,1.046233118428988,False,DOR>0.5,,0.018352296381990874,-0.03665750874329632
07060710,0.6782913454045314,0.6450870621605659,0.6718354088518473,0.6377673981446419,0.6250666650676487,0.5859111519831222,150.0277,0,0,0.0,False,none,,-0.006455936552684061,-0.007319664015923988
07261000,0.7633404375173349,0.837356301542658,0.7827729451449332,0.8506023628359236,0.7115110570091128,0.6735140721127023,445.8141,0,0,0.0,False,none,,0.019432507627598294,0.013246061293265554
07263295,-1.1997651117281714,-1.504398283849894,-0.831838669591181,-1.4299807904310438,-1.9878655227219242,-1.7693513370766292,119.0277,1,1,4.393560139984407,True,DOR>0.5,,0.36792644213699033,0.07441749341885018
07263300,-0.3819764514703068,0.0369009449648422,0.5661928103409015,0.16140625407049636,-0.9402918496610055,-0.1452298274267756,355.1589,1,1,2.353672884836423,True,DOR>0.5,,0.9481692618112083,0.12450530910565416
07264000,0.11391309688106055,0.5590315653868547,0.2087908194212459,0.608161089960394,-0.1569097542333715,0.44280403226410314,505.0566,1,0,0.0064642130710885,False,none,,0.09487772254018534,0.04912952457353925
07362100,0.7767117011850231,0.8167891135887081,0.7753962743601326,0.8178122739602928,0.7427660918193673,0.8021252950299715,996.0786,0,0,0.0,False,none,,-0.0013154268248904977,0.0010231603715846749
07363500,0.6646069925316318,0.7827891910109581,0.6807442974642458,0.7889671464273368,0.46999489482514245,0.6886167261046632,5429.344,5,3,0.0430082563010934,False,DOR<=0.1,,0.016137304932614005,0.0061779554163786665
07373000,0.7442600404610245,0.7462964608975681,0.7233324011144214,0.7554079556691189,-0.04127248485584123,-0.07716530565120183,131.1775,0,0,0.0,False,none,,-0.020927639346603022,0.009111494771550821
07385700,-0.8812244677051049,0.2010487992784692,-0.8992629890166541,0.1959546782843321,-1.2950106372661532,0.07858753255600337,181.0874,0,0,0.0,False,none,,-0.01803852131154926,-0.005094120994137086
08010000,0.801295963581473,0.7789030434174554,0.8112037345933706,0.791896267329047,0.8197475965056137,0.823876923187832,368.8311,1,0,0.0061580167495632,True,none,,0.009907771011897548,0.012993223911591634
08013500,0.6598723903272955,0.7711085458296694,0.6572170175389512,0.7755277777347103,0.48374789933284523,0.6854086538080496,1966.531,0,0,0.0,False,none,control,-0.002655372788344268,0.004419231905040899
08014500,0.7724786089454727,0.7764522867044517,0.7629957277894344,0.7733137733522661,0.7009400852912766,0.7172794628867596,1305.147,0,0,0.0,False,none,,-0.009482881156038347,-0.0031385133521855124
08015500,0.7768011928028005,0.8139908714893871,0.7830315063541744,0.826135483021381,0.5635702382851346,0.7049892697655022,4442.451,1,1,0.0055899142033903,False,DOR<=0.1,dam,0.006230313551373934,0.012144611531993865
04043050,0.7422263227218531,0.6841049551435048,0.7422804097323337,0.6835145731579813,0.3416513299110665,0.1662504637238349,76.6224,0,0,0.0,False,none,,5.408701048059683e-05,-0.0005903819855235248
04034500,0.1831596537739325,0.09180942958040705,0.18764291523457466,0.09632858542629308,0.18006554146830545,0.08883720521399452,502.9371,1,1,0.6195892206519147,True,DOR>0.5,dam,0.004483261460642152,0.004519155845886025
04036000,0.4925527746448396,0.6634970651612723,0.4921707018338334,0.663464099520217,0.3587163965170376,0.5272638589429746,419.0814,0,0,0.0,False,DOR>0.5,,-0.0003820728110062177,-3.296564105526034e-05
04040000,0.7271850447560424,0.6831341401688691,0.7347455933552168,0.6911946402817939,0.7016709020012725,0.6534306680724575,3494.206,4,2,0.0548674137994481,False,0.1<DOR<=0.5,dam,0.0075605485991744326,0.008060500112924807
04040500,0.6951825719195768,0.5128287570777966,0.6952235721950573,0.512804270281802,0.687083664069753,0.507476900038354,419.8266,0,0,0.0,False,none,control,4.1000275480485016e-05,-2.4486795994649313e-05
04041500,0.755472373518223,0.7245007942768726,0.7556128517061071,0.7243665928040681,0.7504648523470043,0.7189676508950067,869.9346,1,0,0.0245700010084808,True,none,,0.0001404781878840966,-0.00013420147280451822
04074950,0.8530625668611873,0.8320751906303936,0.8570685360420034,0.8334812049485314,0.8083540256868349,0.8386102506101186,1205.531,3,0,0.0213026381956406,False,none,,0.0040059691808160824,0.0014060143181378049
05391000,0.23271479722889887,0.5140755548551168,0.2990606736497379,0.5595470034011161,0.13432303160711057,0.546301299880196,1947.559,13,10,1.2826253923796298,True,0.1<DOR<=0.5,dam,0.066345876420839,0.04547144854599927
05393500,0.8597824337727722,0.910351029599959,0.861614665052398,0.9102321252320599,0.8527002302476759,0.9173464015850785,220.4352,0,0,0.0,False,none,,0.00183223127962584,-0.00011890436789907532
05394500,0.8749664598157693,0.8058596548521084,0.8745006173416732,0.8042473447207266,0.8750154588105759,0.8120287236900672,483.1974,0,0,0.0,False,none,,-0.0004658424740960898,-0.0016123101313818555
05397500,0.8111113337283132,0.888180057495201,0.8254387504279039,0.8970198232308,0.8264617806080652,0.9044448762962705,964.9701,2,0,0.0128374346933645,False,none,,0.0143274166995907,0.00883976573559897
05398000,0.9097155470311132,0.9145644310590982,0.9000209307959663,0.910099040625152,0.873014489355868,0.917017857507733,10421.35,36,19,0.4249328326439671,True,0.1<DOR<=0.5,dam,-0.009694616235146891,-0.004465390433946226
05399500,0.7392200033953986,0.7093870737897223,0.7522409450618508,0.7247538460790859,0.7619885730896062,0.7758051997258724,576.3033,0,0,0.0,False,none,control,0.01302094166645218,0.015366772289363562
04073500,0.567659623631497,0.6484521516209495,0.5756377697245602,0.6494537209152593,0.5473289805632304,0.6430352640068722,3416.35,19,3,0.0791465047035238,False,DOR<=0.1,,0.007978146093063132,0.0010015692943098342
04079000,0.7620749795006885,0.8285591507312572,0.757257371778673,0.8272888860697661,0.6908607768281352,0.79362275631989,5811.954,18,0,0.015709245287862,False,DOR<=0.1,,-0.004817607722015449,-0.0012702646614910496
05400760,0.8938720393221903,0.9169308309597065,0.8816513059347152,0.9065529350460078,0.818676575074054,0.9063440801320931,14080.47,51,24,0.4346641084577403,True,0.1<DOR<=0.5,dam,-0.012220733387475091,-0.010377895913698754
05404000,0.758191425308905,0.8552353665970972,0.7802780209540032,0.8587054462057262,0.4436630506437067,0.71233861073226,20976.56,81,27,0.4479189905806331,False,0.1<DOR<=0.5,dam,0.022086595645098184,0.0034700796086289953
05404116,0.703157184659952,0.781853353279542,0.6953130869589321,0.7770507101145594,0.6033289856233732,0.6624433695159633,101.0097,1,0,0.0091004176664089,True,none,,-0.007844097701019903,-0.0048026431649825785
05405000,0.6317679078044545,0.802526021082649,0.6399247903822526,0.8063716888282175,0.4962038497092588,0.7399596365119288,1577.939,4,1,0.0258859615049195,False,DOR<=0.1,,0.008156882577798119,0.003845667745568493
05425912,0.6332389058947474,0.6750446046914008,0.6344687121618655,0.6656350916414171,0.6336644346155091,0.6775829858458546,444.7584,2,2,0.5776226645379354,True,DOR>0.5,,0.0012298062671181054,-0.00940951304998372
05427718,0.485141212768756,0.7004804437528391,0.4771075115828981,0.6956411477980889,0.4352513000642293,0.684961400839569,191.4768,0,0,0.0,False,none,,-0.008033701185857889,-0.004839295954750189
05406500,0.627733962444005,0.8153866786608193,0.6389532039555739,0.8207185985489626,0.588460563290659,0.7279819706429289,115.8579,0,0,0.0,False,none,,0.011219241511568834,0.005331919888143299
05414000,0.553427614136991,0.6255714539827331,0.5559080844011917,0.6268290770840852,0.5032933604298598,0.7103597523302458,370.7901,0,0,0.0,False,none,,0.0024804702642006182,0.0012576231013521344
05419000,0.7319159676792784,0.8466494153779741,0.7432650799706322,0.8526862863152583,0.7243520790394876,0.7888040828790148,638.6625,1,1,0.0674410268044836,False,DOR<=0.1,,0.011349112291353824,0.006036870937284222
05426000,0.8541010943784401,0.8166336769803813,0.8536863991335022,0.8144854743379242,0.8414797592288712,0.8173048735282273,2032.097,7,2,0.1059777127402146,False,0.1<DOR<=0.5,,-0.00041469524493786825,-0.0021482026424570755
05430150,0.6685019450383911,0.8021649617197613,0.6618432974327564,0.7985565651325016,0.538543253389171,0.7534310032675356,224.5698,0,0,0.0,False,none,,-0.006658647605634727,-0.0036083965872596435
05431486,0.7281490255903315,0.8168959471225274,0.7276836530866246,0.8225166319147166,0.44427504266772977,0.6217824055916585,491.1426,2,1,0.1109451901820372,False,0.1<DOR<=0.5,,-0.00046537250370681793,0.0056206847921891345
05432500,0.5754488489882992,0.6967614501537953,0.5625262717340491,0.6908521524967255,0.46356939405844444,0.6069500469018634,705.6225,2,0,0.00189390370246,False,none,,-0.012922577254250056,-0.005909297657069823
05433000,0.6628580883896578,0.8211756284171619,0.6584285362483351,0.8194109903801547,0.5881607532482538,0.73856862253166,571.7655,0,0,0.0,False,none,,-0.004429552141322679,-0.0017646380370071046
05434500,0.3148881515717583,0.6412489817068865,0.2579385509396084,0.6218176944961537,-0.026579002860095846,0.5073545091513416,2677.406,3,0,0.0046525270582366,False,none,,-0.05694960063214993,-0.01943128721073284
05435500,0.3222454331906781,0.6731844207163082,0.2613811051675323,0.6493512559751206,0.0029083358962349593,0.5436876456273865,3435.407,3,0,0.003403962633955,False,none,,-0.060864328023145786,-0.023833164741187685
05436500,0.6931705003479889,0.7447303223604473,0.6778998559560531,0.7407130474555474,0.6069122492053485,0.7329104624010168,1351.822,3,0,0.0032781598226997,False,none,,-0.015270644391935817,-0.004017274904899892
05439500,0.781500877282432,0.826323802282272,0.7901096390289708,0.8355753501970674,0.7720410840219762,0.7952842278652112,1002.794,0,0,0.0,False,none,control,0.008608761746538796,0.009251547914795433
05440000,0.8173238733091928,0.902348597393089,0.8095191379965754,0.89968748107207,0.7446786329981672,0.8336031343959028,2847.03,2,0,0.0004330358152322,False,none,,-0.0078047353126173835,-0.0026611163210190636
05444000,0.6556863945654032,0.6972117814454672,0.6475594331441421,0.6971066236138603,0.5936806660097611,0.769389668552776,376.3512,0,0,0.0,False,none,,-0.008126961421261125,-0.00010515783160691683
05422000,0.6746835428435343,0.7963442691977574,0.6148258993266134,0.7808727202241258,0.3930007123874286,0.7040852467912957,6049.042,11,0,0.0034678546405512,False,none,,-0.05985764351692091,-0.015471548973631566
05447500,0.7917213469148232,0.8452357537263313,0.7623670279948591,0.8383820035967067,0.674283059450153,0.8099705323787849,2575.741,0,0,0.0,False,none,control,-0.029354318919964095,-0.006853750129624636
05466000,0.7156981197530847,0.8082458960086429,0.7079369482013018,0.8042665242531127,0.7161624119663963,0.8247562247922859,401.4297,0,0,0.0,False,none,,-0.007761171551782908,-0.003979371755530203
05556500,0.7322432812059527,0.7291715289817919,0.7179767333901608,0.7358343225405293,0.6975139127868176,0.7795213153454071,505.0946,0,0,0.0,False,none,,-0.014266547815791952,0.006662793558737334
05567500,0.8123223657727096,0.8320645585183746,0.7961116069643814,0.8279577726553311,0.7288543739702011,0.8016840044276319,1982.459,2,2,0.0559948100468884,False,DOR<=0.1,,-0.01621075880832812,-0.004106785863043472
05569500,0.8078667311765659,0.8846668046382321,0.7963332288204101,0.8790915821199065,0.6194322813628297,0.7714167365715248,2773.11,3,1,0.0228991700374346,False,DOR<=0.1,,-0.0115335023561558,-0.005575222518325651
05512500,0.4913050990344441,0.33597269413522324,0.4794365086535818,0.3411778474030366,0.5904429447585176,0.5694914984307302,102.3111,0,0,0.0,False,none,,-0.011868590380862298,0.005205153267813345
05570000,0.8106930079959598,0.894296554948569,0.7859127109270233,0.885058433219618,0.6132156023742515,0.8100796605631368,4241.168,6,1,0.0204843513433741,False,DOR<=0.1,,-0.024780297068936474,-0.009238121728950999
05576500,0.7685250263631564,0.8488875245230028,0.7869518852223893,0.8509288216726393,0.568454007505141,0.7637944756617973,6784.395,13,4,0.077626637850595,True,0.1<DOR<=0.5,,0.018426858859232897,0.002041297149636523
05577500,0.7481953245224346,0.621645611298532,0.7543989120661276,0.6286529018020515,0.6755390052158092,0.44247703458558696,270.1998,0,0,0.0,False,none,,0.00620358754369299,0.007007290503519448
05579500,0.731009568326795,0.7090414807710427,0.7076980428362264,0.7018283511972202,0.607709790506596,0.4796793806278623,552.1221,0,0,0.0,False,none,,-0.023311525490568585,-0.007213129573822474
05580000,0.7237997798809894,0.7095362674771315,0.7105953268141837,0.7052612943807177,0.7257204290927819,0.7023343878312188,591.4535,1,0,0.0009923273963028,False,none,,-0.013204453066805732,-0.004274973096413781
05585000,0.7122058733258838,0.8088444265601192,0.6733834965392481,0.7987404533992581,0.5319502323095648,0.761527701688451,3354.608,4,0,0.0060689773287329,False,none,,-0.03882237678663569,-0.01010397316086109
05587000,0.754241723313261,0.7927022934841703,0.7265034941177007,0.7861177926306812,0.6290118388985344,0.7448119060684635,2241.334,9,1,0.0658966969929758,False,DOR<=0.1,,-0.02773822919556035,-0.006584500853489161
05587900,0.7391927113432106,0.7085958692191048,0.7533784948548782,0.7186757962047654,0.7878680276395467,0.7724010792414348,546.2568,0,0,0.0,False,none,,0.014185783511667549,0.010079926985660626
05592800,0.8184708636949816,0.8218950573440725,0.8366086780752782,0.8500078565119876,0.5377578055412677,0.2984010857549516,394.1784,0,0,0.0,False,none,,0.018137814380296602,0.028112799167915092
05593000,0.3220192480605182,0.6651365789457491,0.7560013980923574,0.7590715264474325,-0.14570072459227368,0.4987474183398688,7055.184,4,2,0.2636363043822332,True,DOR>0.5,dam,0.43398215003183926,0.09393494750168341
05593575,0.8135999162636335,0.7721172321559608,0.8009299617981885,0.7960102623024367,0.8073672536524202,0.7748018913728059,217.6731,0,0,0.0,False,none,,-0.012669954465444944,0.023893030146475813
05594000,0.37152273624094134,0.6718309793617323,0.34650905149472144,0.6538296210457978,-0.22320447812689115,0.4394081889590489,1909.837,9,4,0.142574328810028,False,0.1<DOR<=0.5,,-0.0250136847462199,-0.018001358315934524
05594100,0.538870135966999,0.7687604558866519,0.7427228606097065,0.8117916404388855,-0.12770732162016252,0.48973495582041593,11361.84,14,6,0.1867485985980515,False,0.1<DOR<=0.5,dam,0.20385272464270754,0.04303118455223365
05594450,0.7718348803634151,0.7920434704448545,0.7560171034845211,0.7901904398294305,0.7381542880111585,0.788470518909068,399.9105,0,0,0.0,False,none,,-0.015817776878893963,-0.0018530306154239673
05594800,0.5401052741392096,0.7628560787448591,0.4941355256499663,0.7455610465576504,0.21489026970047442,0.5909276139170383,1214.955,2,0,0.0211314187417051,True,none,,-0.04596974848924329,-0.017295032187208625
05595200,0.7087756865852046,0.6519803211924744,0.704556082997547,0.6589091978393637,0.7449298989991259,0.7682575722890568,332.8659,1,0,0.0094622685859687,False,none,,-0.0042196035876576055,0.006928876646889348
07018500,0.7527219745660654,0.8376057425736475,0.731415874532439,0.8252943475702108,0.6099155500151321,0.7101618868879838,2344.942,21,0,0.0046262089897828,False,DOR<=0.1,,-0.02130610003362643,-0.012311395003436698
07019000,0.7768788875918822,0.8670441833230662,0.7349158710851491,0.8543400942047648,0.34012000201542336,0.6488163506294344,9785.183,73,1,0.005845222403353,False,DOR<=0.1,,-0.041963016506733064,-0.012704089118301454
07061500,0.6190542139810341,0.5994058645820726,0.6255405609789881,0.6028277020252406,0.648846117226691,0.6323156512453223,1272.549,2,0,0.0149148149089135,False,none,,0.006486346997954029,0.003421837443168041
07063000,0.5749836351004383,0.7907303120785995,0.5900415231959262,0.766123097250216,0.27051622189470337,0.6098818921151132,3231.511,4,1,0.0268426012285927,False,0.1<DOR<=0.5,dam,0.015057888095487915,-0.02460721482838346
07067000,0.7564190525635055,0.660856075961919,0.7356733374875561,0.6587306222255839,0.608476464033968,0.5892358103387172,4349.011,6,0,0.0004434446382827,False,none,,-0.020745715075949356,-0.0021254537363351034
07068000,0.8270759927539764,0.847351890932553,0.7691146495495066,0.8305094918440293,0.5660575709506829,0.7442321691295517,5318.585,6,0,0.0003170709750491,False,none,,-0.05796134320446977,-0.016842399088523696
07030240,0.8140656420377855,0.8541645619271847,0.809053320616049,0.8489336368942219,0.8231201403118332,0.9072066054179044,677.727,0,0,0.0,False,none,,-0.005012321421736576,-0.005230925032962852
07077380,0.7355410207322886,0.7454783291896959,0.7356640496914965,0.7459067082222595,0.7294392737412263,0.7371276550882726,1792.358,0,0,0.0,False,none,,0.0001230289592079048,0.0004283790325635417
07047942,0.2745217717803582,0.5181345962137617,0.2557930475162564,0.514643312995839,0.12393926355069507,0.4624133190943991,1390.728,1,0,0.0007248268764475,False,none,,-0.01872872426410177,-0.0034912832179226916
07287400,0.6484500547656853,0.6030415089169385,0.6334947179235924,0.570333648306707,0.6514451145453886,0.7333040586885695,227.2023,0,0,0.0,False,none,,-0.014955336842092937,-0.032707860610231565
07289350,0.7371823772991419,0.8698228773839457,0.7157325040024498,0.8586710266925557,0.5313717653502508,0.7607332424719521,2611.257,1,0,0.0002111369282078,False,none,,-0.021449873296692124,-0.01115185069139002
02488500,0.8236098777894032,0.8845389428379614,0.867345763608652,0.8813742643364633,0.7068818667369736,0.8164969576875015,12917.69,8,1,0.0816460681776134,False,DOR>0.5,dam,0.04373588581924881,-0.0031646785014981527
02492000,0.7363967041089502,0.8121389385024519,0.6962724551251892,0.7726795726469022,0.22640159167054763,0.6206293243920046,3112.618,1,0,0.0010770770819677,False,none,,-0.04012424898376099,-0.039459365855549655
07375000,0.656347873314991,0.7996010838577572,0.6119416641023733,0.7832888916260132,0.5323004685362862,0.6846030825599703,249.3477,0,0,0.0,False,none,,-0.04440620921261773,-0.01631219223174396
07375500,0.7871943273831411,0.8648266111785545,0.7912888164001722,0.8665561986266758,0.512396187249533,0.7198728867568263,1674.757,2,0,0.0068331396304597,False,none,,0.004094489017031133,0.0017295874481212392
07376000,0.7370570045238225,0.8505504555506613,0.7197935379158122,0.8382411256570873,0.3109173433836856,0.6173699353896267,651.6053,0,0,0.0,False,none,,-0.01726346660801026,-0.012309329893574028
07377000,0.7191238715719126,0.8132076005983278,0.7236130224800861,0.7989802229157438,0.6297009597517118,0.6786453530794168,1525.312,0,0,0.0,False,none,,0.004489150908173478,-0.014227377682583975
07377500,0.7475732974460156,0.7431116550532242,0.7314632528283065,0.7059956129315121,0.7466525690696764,0.7465504180568456,389.6262,0,0,0.0,False,none,,-0.01611004461770915,-0.037116042121712045
07378500,0.8059745156483398,0.8308515553350526,0.7884541122506773,0.8076428872401235,0.5203081527891722,0.75567119538056,3449.547,1,0,0.0003001488549962,False,none,,-0.017520403397662476,-0.023208668094929163
04057510,0.40969375344526227,0.5302120666107988,0.413600218344924,0.530275870221662,0.1442399511904784,0.3050435164506503,473.5728,0,0,0.0,False,none,control,0.003906464899661732,6.380361086322228e-05
04057800,0.35907680057753877,0.5874232053169415,0.4064168193146337,0.61325332362526,-1.437972253539058,-0.558996303705902,115.8705,2,1,0.5491822222566848,True,DOR>0.5,,0.047340018737094924,0.025830118308318495
04058100,0.6313213809963585,0.7840245163158869,0.630667847239422,0.7892593892969919,0.15213406357911563,0.37857319994783467,544.7303,3,1,0.1623007911131916,True,0.1<DOR<=0.5,,-0.0006535337569364419,0.005234872981105032
04059000,0.5928298033369146,0.686223071043844,0.5956685791808569,0.6864398318201713,0.45730028764503516,0.5229630380748385,2256.997,5,1,0.0528342177067265,False,DOR<=0.1,,0.0028387758439423205,0.00021676077632737378
04060993,0.8413151907733939,0.8932322133516268,0.8397328618115152,0.8927208861994852,0.7468243780499662,0.7781349280093646,975.5613,0,0,0.0,False,none,control,-0.0015823289618787095,-0.0005113271521416385
04062000,0.2722233556081777,0.31871734560287857,0.27413754503443466,0.3198152070180882,0.29022724524317556,0.3434222201020386,1665.845,3,0,0.0243804245011764,True,none,,0.0019141894262569847,0.0010978614152096222
04062500,0.3776987764146805,0.5464863896872943,0.4753939432958194,0.5966989182710538,0.04691855068579143,0.4305727514565627,1673.412,6,2,0.3338643612249593,True,0.1<DOR<=0.5,dam,0.09769516688113888,0.050212528583759464
04063000,0.6024816085613616,0.6322399783955885,0.6157890376288457,0.6230294230538911,0.7157496744787912,0.7403975093087398,4592.196,11,3,0.1514106092037822,False,0.1<DOR<=0.5,dam,0.013307429067484167,-0.009210555341697457
04063500,0.5990890434261535,0.6309560144065586,0.6267249946419428,0.669966977350072,0.7287724581938708,0.7704753865378394,4705.535,12,4,0.1565456287576212,True,0.1<DOR<=0.5,dam,0.027635951215789212,0.03901096294351347
04059500,0.6796143910368695,0.7730656806196293,0.6746454115493128,0.7727384264214696,0.6259509074826213,0.6960030608619288,1184.366,0,0,0.0,False,none,control,-0.004968979487556702,-0.0003272541981597099
04063700,0.7719501249221573,0.7033418132671134,0.7696346038564033,0.7023528719892803,0.5251396103448756,0.40044843268762176,362.5712,0,0,0.0,False,none,control,-0.002315521065754056,-0.0009889412778331108
04066003,0.8650598683178357,0.8524858309953762,0.8732422953255782,0.8789483297916416,0.8364389877746776,0.8519151304770501,8177.98,24,4,0.1255033251474354,False,DOR<=0.1,dam,0.008182427007742521,0.026462498796265388
04069500,0.6183635740686031,0.6559226810468716,0.6240423408749017,0.6678724602282853,0.605586510917477,0.6385798475254449,2882.103,7,3,0.083302989242985,True,DOR<=0.1,dam,0.005678766806298641,0.011949779181413711
04071000,0.7701620098029236,0.8099085347998018,0.7711131289117263,0.8116004678051268,0.7609591411537349,0.8025653003603906,1814.38,3,1,0.0562822758617746,False,DOR<=0.1,,0.0009511191088027449,0.001691933005324997
04084445,0.6993919923111163,0.7969995445066623,0.6821821616959491,0.7407549114173193,0.6707930813378716,0.783720450148659,15441.28,60,6,0.6966339479087434,True,DOR>0.5,,-0.01720983061516712,-0.05624463308934302
04084500,0.6843032155981561,0.7952010642332263,0.6653159879364043,0.7294212441788392,0.6598711411643413,0.7859758479019198,15584.42,63,6,0.6824900971968615,True,DOR>0.5,dam,-0.01898722766175176,-0.0657798200543871
04086000,0.7799082000385307,0.7841872114168826,0.7880507100114876,0.78890097334034,0.7856839931198795,0.8645592840875015,1100.425,9,0,0.0048965936522319,False,none,,0.008142509972956957,0.004713761923457405
04086600,0.8169064990769492,0.8389109871450854,0.8129181975782007,0.8393470730773016,0.7769884523557604,0.8189994769066227,1559.419,10,0,0.0087490187721408,False,none,,-0.003988301498748514,0.0004360859322162236
04087000,0.8076427711856029,0.836259365659958,0.8018333802600961,0.8354030087505233,0.7326764862779791,0.7767341971618694,1805.202,12,0,0.0093742405269326,False,none,,-0.005809390925506808,-0.0008563569094346413
04087120,0.7584665314802771,0.8043801960608986,0.7545631521481713,0.8040252085732676,0.776393110209876,0.8311006657454699,320.58,0,0,0.0,False,none,control,-0.0039033793321058274,-0.00035498748763096444
04087220,0.7852982028954278,0.7599205101596366,0.7807114856467623,0.7552009440910925,0.7871044037042664,0.6574809283900908,128.0809,0,0,0.0,False,none,,-0.0045867172486655505,-0.004719566068544068
04087240,0.7522748114289691,0.65510066915638,0.7539251506013622,0.667493380268579,0.591150837404544,0.7650113430112203,491.4198,1,0,0.001258650197176,True,none,,0.0016503391723931005,0.012392711112198973
04087257,0.5683272958160593,0.44501415333199235,0.6011368349044346,0.45926488080062644,0.5737526791162592,0.529858323792156,98.0937,0,0,0.0,False,none,,0.03280953908837525,0.014250727468634095
05426250,0.8206597997924121,0.8914971887369586,0.8211433293315087,0.8918664425511885,0.7713900707963774,0.7949054335148147,306.8001,4,0,0.0977858003744673,True,none,,0.00048352953909658325,0.00036925381422991954
05438500,0.7434837008035087,0.8159988807055956,0.7356429896474902,0.8184951249819272,0.6647124360148657,0.7466331553821743,1404.788,2,0,0.0008706677829478,True,none,,-0.007840711156018476,0.0024962442763316606
05439000,0.8131814502500819,0.8161962053943681,0.8068413691547598,0.8141155550629888,0.734349847580767,0.5977870184439595,201.339,0,0,0.0,False,none,,-0.0063400810953221365,-0.0020806503313792746
05527800,0.7272143692032937,0.6481214401450541,0.7271759442237092,0.6479651209483773,0.7602055483543749,0.7078693133248224,317.6778,0,0,0.0,False,none,,-3.842497958450597e-05,-0.00015631919667680183
05527950,0.8367812610218558,0.8653324865189502,0.8287444100698942,0.8623446826561596,0.8391885654927753,0.8656104028433982,155.9574,0,0,0.0,False,none,,-0.008036850951961605,-0.002987803862790628
05528000,0.8014271724571137,0.6365093204829972,0.797886822260921,0.6358366449426301,0.8506842492727605,0.8194455385682391,603.7821,0,0,0.0,False,none,control,-0.0035403501961926986,-0.0006726755403670959
05529000,0.8263337303291141,0.7149399683138475,0.8177804091921772,0.7157494095225903,0.8384625863416179,0.8484998372730455,943.0974,1,0,0.0056347372857706,False,none,,-0.008553321136936853,0.0008094412087427116
05530990,0.43679151930694793,0.6171806448699435,0.4437092714703176,0.6202397373114971,0.3705753798190594,0.5877351749281676,70.95151,0,0,0.0,False,none,,0.00691775216336965,0.003059092441553557
05531300,0.7939284868163159,0.8277550464904545,0.7953986257452194,0.826029895677426,0.6805174964320346,0.6293302417306128,230.3343,1,0,0.0246754708228013,False,none,,0.0014701389289034639,-0.0017251508130284865
05531500,0.8287251133915587,0.8034307274065186,0.8317563198034804,0.805489750804808,0.8540611576321193,0.9167005501616416,290.5999,1,0,0.0190537717774345,False,none,,0.003031206411921672,0.00205902339828945
05532500,0.8710287883962216,0.8445932007966295,0.853931476556456,0.8513585691329824,0.8150823635292489,0.8969322804476322,1634.157,2,0,0.0076959348607576,False,none,,-0.017097311839765594,0.006765368336352884
05536000,0.7794463729135573,0.8049335671297622,0.7650781447958386,0.8099499660373198,0.7371522250903536,0.8552684947651301,254.6775,0,0,0.0,False,none,,-0.014368228117718762,0.005016398907557673
05540095,0.7940474103063296,0.7252810545085207,0.7905169597338927,0.720636059336655,0.8261724636597091,0.810964369648854,237.0537,1,0,0.0026472130306046,False,none,,-0.0035304505724369495,-0.0046449951718656735
05543830,0.8176464327372919,0.9016874029360963,0.848251722651099,0.922579849959263,0.8170154053006125,0.8880082387025471,328.5189,2,1,0.1553311009646602,True,0.1<DOR<=0.5,,0.030605289913807177,0.020892447023166727
05544200,0.6390553973436441,0.82224723024653,0.6392332591212566,0.8223381200251552,0.6384912633713251,0.82197894696423,191.2055,3,0,0.1949792952146019,True,none,,0.0001778617776124758,9.088977862514724e-05
05548280,0.731552940449256,0.7934066118563392,0.718866600708365,0.7953363145540246,0.6555774169875079,0.6533832653280008,498.2472,1,0,0.0428064888513217,False,none,,-0.012686339740891062,0.0019297026976854426
05551200,0.7413152826474926,0.8128045580029026,0.7280757728230154,0.8064722563711405,0.7695248057169197,0.8645284376840718,133.9793,0,0,0.0,False,none,,-0.013239509824477191,-0.006332301631762127
04093000,0.8694256172480561,0.8335380015261877,0.8656677865692165,0.8328192992218465,0.8790183736743175,0.8457456349205936,320.805,1,0,0.014418552312819,True,none,,-0.003757830678839613,-0.0007187023043412344
05524500,0.8961310676733704,0.866408587471702,0.8934668040206094,0.8661452369550334,0.898193469209173,0.8911601723705844,1167.568,0,0,0.0,False,none,control,-0.0026642636527609564,-0.00026335051666859233
05525000,0.8966248512404982,0.9118794033341887,0.8919395714999958,0.9103594670761289,0.8785920943675206,0.8976447153577071,1746.274,0,0,0.0,False,none,control,-0.004685279740502368,-0.0015199362580597953
05536275,0.7321106412426579,0.6060242585588871,0.7056035981744535,0.6236136016229727,0.7152142552555418,0.6969595422805339,268.2657,0,0,0.0,False,none,,-0.026507043068204394,0.01758934306408566
05539000,0.8455379504398615,0.8583975319356678,0.8368772271153136,0.8577836872691932,0.8494076543123006,0.9090627867008216,278.9082,1,0,0.0363898958896883,False,none,,-0.008660723324547814,-0.0006138446664746278
05540130,0.8109651639965826,0.7375899980280521,0.8132528277411335,0.7272715221780262,0.8276470016954478,0.8654151575547304,319.4865,2,0,0.028312998858422,True,none,,0.0022876637445509163,-0.010318475850025988
05540250,0.8196542696314024,0.8535590134404535,0.8043111148726505,0.850405657171868,0.8055298000105202,0.8702508349896046,194.9094,1,0,0.0077370389317328,True,none,,-0.01534315475875192,-0.0031533562685854832
05540500,0.8404243771282122,0.7417121030040554,0.8391613680096319,0.7281099281695553,0.8107328944660954,0.8244060785924319,838.863,3,0,0.0120563883198203,False,none,,-0.0012630091185802383,-0.013602174834500103
05551700,0.838863809116115,0.8422741465215651,0.8394498261849888,0.8445603147282177,0.8489648905388378,0.8681233509051756,182.2446,0,0,0.0,False,none,,0.0005860170688737343,0.0022861682066526168
05554500,0.8263458636784262,0.7819752886289771,0.8223992285101737,0.7803739416261969,0.8164354688275706,0.7731414629750135,1500.099,0,0,0.0,False,none,control,-0.003946635168252555,-0.0016013470027802512
05555300,0.8316777611937092,0.7723799375372076,0.8125299357858486,0.7699070846147066,0.7309935824280456,0.7332370028479269,3253.545,1,0,0.0018229296511589,False,none,,-0.01914782540786053,-0.00247285292250099
03336000,0.8202905428748226,0.8897709357061765,0.882773781789067,0.9312024671994281,0.42748489932830336,0.7093255498278557,21409.5,18,6,0.0401865411380896,False,0.1<DOR<=0.5,,0.06248323891424434,0.04143153149325163
03338780,0.7618536998001041,0.8486050847177121,0.7741072507029376,0.8424504961475405,0.6259551993164736,0.690980954438432,691.5555,1,0,0.0202857875355405,True,none,,0.012253550902833532,-0.006154588570171593
03339000,0.9008724100411623,0.9250095003068939,0.8934975888980162,0.9277950079187441,0.8079803966158886,0.8449792201417659,3341.407,4,0,0.0105525997864746,False,none,,-0.0073748211431460264,0.0027855076118502575
03340500,0.8127972114584542,0.9041557453509216,0.8584387972426744,0.9079311690255863,0.46696456076540127,0.737536392086646,28916.66,22,6,0.0306295942708563,False,0.1<DOR<=0.5,,0.04564158578422017,0.0037754236746647685
03341500,0.7330807473526557,0.8444832271479565,0.8094150439105252,0.9019106920306215,0.29592434712470084,0.6488663394237377,31881.49,24,7,0.0339832934819228,False,0.1<DOR<=0.5,,0.0763342965578695,0.057427464882664925
03343400,0.8624809309151157,0.8641904873071045,0.8560104269743563,0.8641518696005974,0.8562513792485418,0.8831710924463491,485.8434,0,0,0.0,False,none,,-0.006470503940759431,-3.861770650703811e-05
05570910,0.7790404374156805,0.7507626290168954,0.7648602031571325,0.746943780279842,0.764781131255083,0.7337298691648005,561.0462,0,0,0.0,False,none,,-0.014180234258547975,-0.003818848737053404
05572000,0.7851741396224101,0.8233413336472226,0.7100912154473251,0.7827504976643747,0.6252104877828027,0.7260868580255837,1426.457,2,0,0.0009038146461059,False,none,,-0.075082924175085,-0.04059083598284796
05573540,0.8168921127813279,0.8019694668340983,0.8166795999356021,0.7936067035226221,0.734019275972055,0.7727285292366011,2433.287,3,1,0.0339360866473955,False,0.1<DOR<=0.5,dam,-0.00021251284572576523,-0.008362763311476229
05578500,0.544502836777909,0.6665004783078372,0.7471811362278638,0.7317210475876048,0.36935987042309304,0.5910113827268042,862.6382,2,1,0.3614590457890992,False,DOR>0.5,dam,0.20267829944995475,0.0652205692797676
05590800,0.8750140481693435,0.8226314836232302,0.8747297572454578,0.823360500136227,0.8727344336499903,0.7772571903371693,389.7567,0,0,0.0,False,none,,-0.00028429092388571053,0.0007290165129967274
05591550,0.5623658592052143,0.4727105492026944,0.5594583134320723,0.47136193016019345,0.6987969741708248,0.6473406062482916,96.20551,0,0,0.0,False,none,,-0.0029075457731420062,-0.0013486190425009426
05591700,0.7761916645095395,0.6654512443424863,0.7724136029853794,0.6631316064615774,0.789151147417418,0.6947947017623586,297.1521,0,0,0.0,False,none,,-0.003778061524160048,-0.0023196378809088314
05592000,0.29436310457332415,0.5922116815948454,0.671987196209548,0.7005174358052881,0.09959813057494293,0.5478808652662468,2742.167,1,1,0.2944401772793736,True,DOR>0.5,dam,0.3776240916362239,0.10830575421044275
05592050,0.6920988614796928,0.7715598331777045,0.6528257537395854,0.7555731066964345,0.7029637260801396,0.801754858766039,254.1213,0,0,0.0,False,none,,-0.039273107740107394,-0.015986726481269975
05592100,0.6015314928568325,0.7516117400728428,0.7378767321019573,0.7319858360668157,0.5232776104161941,0.766670968882822,3451.515,1,1,0.2391229666779224,False,DOR>0.5,dam,0.13634523924512476,-0.01962590400602715
03345500,0.8340847133347196,0.8713863938498454,0.810052299803907,0.866522840109611,0.7037368110137188,0.8300553562899053,3944.566,3,0,0.0030336750238158,False,none,,-0.024032413530812535,-0.004863553740234394
03346000,0.8255306724264113,0.8039506801156224,0.8240294227309051,0.8093150733938006,0.8224390797947334,0.8097404730834954,814.6935,0,0,0.0,False,none,control,-0.001501249695506246,0.00536439327817817
03376500,0.7534232098927511,0.8459719012768168,0.7838504614748455,0.8508583740424842,0.6456309329477645,0.777822560675219,2130.036,1,1,0.1996214968359049,False,0.1<DOR<=0.5,,0.03042725158209436,0.004886472765667449
03378000,0.7887513370125453,0.8274288448395055,0.77802184949339,0.8250992541777278,0.7838598948428963,0.8383708831395749,590.5197,0,0,0.0,False,none,control,-0.010729487519155256,-0.002329590661777736
03378550,0.7333238637772936,0.7416639953431112,0.7259378193391894,0.7337646032771683,0.6283889962061238,0.4452033788206915,269.7336,0,0,0.0,False,none,,-0.0073860444381042,-0.007899392065942923
03378635,0.7788287460475756,0.6857717688072658,0.7785269893799023,0.6900467092097401,0.7938355802327347,0.7331172349198519,622.0404,5,2,0.1449148663685198,True,0.1<DOR<=0.5,,-0.0003017566676732919,0.0042749404024743365
03379500,0.7399431520610658,0.724941772548332,0.7113129708239876,0.7100615686974735,0.6031334394334552,0.6887326825075036,2928.654,6,3,0.0635184720180922,False,0.1<DOR<=0.5,,-0.028630181237078167,-0.014880203850858531
03380500,0.8640323621510173,0.7845686588277215,0.8593900985784071,0.7822180526006914,0.8409314844832303,0.7885900555511052,1204.297,1,1,0.0261327551448758,False,DOR<=0.1,,-0.004642263572610217,-0.0023506062270300943
03381500,0.4709268477845434,0.7238602007824304,0.43975879652265515,0.7124245705299322,0.23617329912880203,0.6152474633209537,8032.886,9,5,0.03281148310513,False,DOR<=0.1,,-0.031168051261888263,-0.011435630252498163
05592575,0.7027484840831673,0.6983826631077649,0.6801388578103893,0.680243518884879,0.7263606629198278,0.6205868807049593,115.2504,0,0,0.0,False,none,,-0.02260962627277796,-0.018139144222885872
05595730,0.7393543047214728,0.6303454264230488,0.7448711597544406,0.639422686690873,0.789753211713421,0.6716852578306419,236.7603,0,0,0.0,False,none,,0.005516855032967838,0.009077260267824183
05597000,0.12160562080445847,0.5630220121752894,0.41431199275691677,0.6871718130002269,-0.38299017544887226,0.3644895517986534,2045.145,4,1,0.3454576461030275,False,DOR>0.5,dam,0.2927063719524583,0.12414980082493754
03382100,0.7700037691112814,0.7302780072705881,0.7658371621524006,0.7255373792084703,0.7931724104423392,0.7990931058066033,367.272,2,1,0.2858794956427015,False,DOR>0.5,,-0.004166606958880825,-0.004740628062117835
03383000,0.7790438306940956,0.8132057361339484,0.7673774752042306,0.8084183849414378,0.6539727908443094,0.5927498191236698,660.5415,2,0,0.0322928122936012,False,none,,-0.011666355489864944,-0.004787351192510614
03384450,0.692350259634793,0.7562563741543626,0.6735487542929058,0.7532207128925655,-0.4973066235025727,-0.6211721470123543,111.1266,0,0,0.0,False,none,,-0.01880150534188718,-0.003035661261797107
03438000,0.813822041234254,0.7996540396512566,0.8346004701927904,0.8093332457715215,0.8461576914967762,0.8360076541608119,634.8636,1,0,0.0069106435326297,False,none,,0.020778428958536432,0.00967920612026496
03610200,0.7817009155992896,0.7096113984253465,0.7798843411829703,0.7137905521707488,0.7752211916864101,0.6554041621667124,349.4556,0,0,0.0,False,none,,-0.0018165744163192166,0.004179153745402342
05597500,0.5182154212774674,0.5379550133002529,0.5429938010286222,0.5489154275517663,0.259883332208103,0.037385463314730805,82.27351,0,0,0.0,False,none,,0.02477837975115471,0.010960414251513395
03604000,0.7205049903382237,0.8110329199459729,0.640740275175383,0.7917311349012554,0.5881038926697019,0.7881168608500985,1163.026,3,0,0.0094117770152875,False,none,,-0.07976471516284067,-0.01930178504471758
02430680,0.6766943759586153,0.6734101680057614,0.6730386157991239,0.6713266121505382,0.6924195688529333,0.6924949943919001,342.171,0,0,0.0,False,none,control,-0.003655760159491317,-0.0020835558552231292
02439400,0.7956007500901642,0.848437625652076,0.8126485564128114,0.8617103789112128,0.5437934394387454,0.7134305358639108,2057.115,0,0,0.0,False,none,control,0.01704780632264724,0.013272753259136794
03592718,0.5713010306033222,0.571675620400772,0.5829456217941718,0.5737004288156524,-0.6017783783230899,-0.5100294931328417,66.9897,0,0,0.0,False,none,,0.011644591190849596,0.002024808414880397
07283000,0.8326655583331233,0.7075396107144373,0.8318765024953615,0.7060612770128704,0.8660436237978896,0.8083625001333086,668.8198,0,0,0.0,False,none,,-0.0007890558377617873,-0.001478333701566914
02467500,0.7460768929094155,0.814418955401222,0.7149800460107025,0.8126342230710766,0.5770004678706744,0.7795581918198393,1574.118,2,1,0.0410609170836605,False,DOR<=0.1,,-0.03109684689871295,-0.001784732330145422
02481880,0.8570683776654247,0.8692051060006147,0.8611681418340159,0.8679407604363102,0.8258605367650655,0.868532835870067,1341.208,0,0,0.0,False,none,control,0.004099764168591258,-0.0012643455643045476
02482000,0.7911215356721519,0.8858952405446728,0.775063628518149,0.8791201189634096,0.6771631674022871,0.8332293546604239,2335.163,0,0,0.0,False,none,control,-0.016057907154002904,-0.006775121581263255
02482550,0.7596557495788406,0.8406443877687995,0.7451805366356722,0.8360515609578381,0.6233268813648444,0.7777240205608219,3478.06,0,0,0.0,False,none,control,-0.014475212943168447,-0.0045928268109614034
02484000,0.8184795504640241,0.8699372059935346,0.8141484931084305,0.8680067273013228,0.7974100716252119,0.8458850035919704,783.5094,0,0,0.0,False,none,control,-0.004331057355593582,-0.0019304786922118566
02472000,0.8068300741095581,0.7220782005743454,0.8163393364120655,0.7280328138096395,0.8142003878349464,0.7238426541417543,1927.134,0,0,0.0,False,none,control,0.00950926230250737,0.005954613235294115
02472500,0.7815209566219318,0.7527105742037996,0.7992546003284456,0.7577473549467184,0.7900616178667708,0.755586402015282,789.9363,0,0,0.0,False,none,control,0.01773364370651387,0.0050367807429188005
02473000,0.837635888734078,0.7899486280559793,0.8160757123892435,0.778301835479952,0.6683206554550067,0.7100625740821425,4542.001,1,0,0.0003195366446331,False,none,,-0.021560176344834536,-0.011646792576027298
02473500,0.7539863058669014,0.7558556265457509,0.7637321498503387,0.7591005644291515,0.72912807446331,0.6410819179680358,619.4097,1,0,0.0021975149193011,True,none,,0.009745843983437252,0.0032449378834006337
02474500,0.8270746486271681,0.8273556986465614,0.8166518964835532,0.8221561793327543,0.6399301181821544,0.6441519377964218,1591.067,4,0,0.0028756762049474,False,none,,-0.010422752143614877,-0.005199519313807133
02474560,0.7966959122596944,0.7829472529459778,0.7498613771927609,0.7643578455463461,0.4606933191351348,0.6287006844507272,6608.271,6,0,0.0022516201235523,False,none,,-0.04683453506693347,-0.018589407399631663
02475000,0.8128540226701646,0.859839974848271,0.773496190364916,0.8463684868691559,0.5086275563410132,0.7208121793803066,9069.773,8,0,0.0045260228844126,False,none,,-0.039357832305248586,-0.013471487979115127
02476500,0.6260379718855299,0.6818446712722439,0.6142766524976523,0.6764502737549802,0.34394949897744154,0.3567608336213528,134.5563,0,0,0.0,False,none,,-0.011761319387877611,-0.0053943975172636716
02476600,0.7187577187365686,0.6886288059415604,0.7131596803994362,0.6549528375849367,0.7069185055299791,0.8193045176261095,909.0108,1,1,0.1357074946810072,False,0.1<DOR<=0.5,dam,-0.0055980383371323494,-0.033675968356623676
02477000,0.7706758809974453,0.7604398255319355,0.7848209203454215,0.7616301466048452,0.7956456463105887,0.7987622118107133,2378.517,4,1,0.0557840797790475,False,DOR<=0.1,,0.014145039347976174,0.001190321072909728
02477990,0.8020626303928472,0.8419990735927442,0.7950531460958271,0.8331917733963112,0.6345633085388679,0.6725595736932561,1273.669,1,0,0.0008263784796991,False,none,,-0.0070094842970200855,-0.008807300196432943
02478500,0.8662981426304983,0.9232874715024983,0.8471736180509183,0.9118391329677104,0.628307806801686,0.7860681164454797,6984.25,8,1,0.0227820593205543,False,DOR<=0.1,,-0.019124524579580027,-0.011448338534787994
02479155,0.7219239289532023,0.8422649263595652,0.7055281046017303,0.8339632428956479,0.48974768625153353,0.5027127660683612,137.2806,0,0,0.0,False,none,,-0.01639582435147202,-0.008301683463917242
02479160,0.7831496896127084,0.7998151305360454,0.7620521257057604,0.7942761278614844,0.4943480259544767,0.6502130188076516,1815.758,4,0,0.0144489763273679,False,none,,-0.021097563906947947,-0.005539002674560978
02479300,0.7625318328862092,0.8350282139584699,0.6485722059467043,0.8002404171262558,0.45046327504647743,0.7157984362193673,1144.201,0,0,0.0,False,DOR<=0.1,control,-0.1139596269395049,-0.03478779683221411
02479560,0.7761582837487673,0.7742308238565325,0.7538055717232669,0.773157418120823,0.6528955926183155,0.7572028563936934,1454.328,0,0,0.0,False,none,control,-0.022352712025500376,-0.001073405735709576
02481510,0.8261188258625383,0.7877304351289105,0.8194910581131305,0.789672844682841,0.8215384636477463,0.7464513842626421,800.6598,1,0,0.0009024791071413,False,none,,-0.006627767749407765,0.0019424095539305464
04056500,0.42205450302849223,0.5176493376286967,0.4249703239260838,0.5201396980249491,0.38907771401447555,0.5008418004725993,2945.888,13,1,0.0325993482165508,False,DOR<=0.1,,0.00291582089759157,0.002490360396252389
04127918,0.4979771783939495,0.5530170898445101,0.49453839764878205,0.5521891339885434,0.30992800496034467,0.3810338627381945,548.2863,0,0,0.0,False,none,control,-0.003438780745167458,-0.0008279558559667333
04118500,0.5949198679040331,0.6551148088952901,0.5849611094242675,0.6492999298252786,0.2464540414113352,0.45131742570421474,651.3048,1,0,0.000609150805908,True,none,,-0.009958758479765573,-0.005814879070011436
04121500,0.6412103459615585,0.6684048905368365,0.642139981402092,0.669635939242451,0.6173427544414324,0.6492205555216548,3714.378,12,1,0.0274009492069182,False,DOR<=0.1,,0.0009296354405335938,0.0012310487056145236
04122200,0.12454963623851578,0.5828081673609771,0.12417946638040978,0.5827076742871768,0.13924756947025796,0.5798609458577778,1048.284,3,0,0.0015857591633552,False,none,,-0.00037016985810600644,-0.00010049307380022299
04122500,0.6116395627731293,0.788815630266617,0.6177030802399097,0.7901124465135017,0.6277051169582177,0.7905233922611801,1769.188,1,0,0.0001879156348402,False,none,,0.006063517466780466,0.0012968162468846023
04097540,0.7395166556999331,0.8556922498439512,0.7380873942008308,0.8543321458705444,0.4090114882734205,0.5676221181168319,309.3849,2,0,0.0681407596305842,True,none,,-0.0014292614991022745,-0.001360103973406801
04099000,0.8673662115041141,0.9053104282909511,0.8632097116208808,0.9040491716082037,0.8123557918373628,0.8780864445174634,4883.223,27,1,0.0362497362967201,True,DOR<=0.1,,-0.0041564998832333,-0.001261256682747347
04099750,0.7745353212640806,0.7869020646473575,0.7695019437503446,0.7865426255840506,0.7635044387069161,0.8307007839873058,932.0832,3,0,0.002349143483864,False,none,,-0.005033377513736004,-0.0003594390633068212
04101000,0.8621719101638257,0.891611133120501,0.8581481782776398,0.8887248606540532,0.7843173239438415,0.8012375852388515,8746.854,36,1,0.0250135559478585,False,DOR<=0.1,,-0.004023731886185877,-0.0028862724664477923
04101500,0.8913736911898805,0.9131964659776579,0.8912421857703969,0.9171301760344838,0.8578015778918143,0.8472038123999892,9623.396,41,2,0.0259629898571102,True,DOR<=0.1,dam,-0.00013150541948359074,0.0039337100568258565
04102700,0.718538849012127,0.7786958881482388,0.7122020566545231,0.776717570133773,0.6930204763310219,0.7504818100454915,223.6599,0,0,0.0,False,none,,-0.006336792357603871,-0.0019783180144657964
04105500,0.8592964001390045,0.9059819367879084,0.8615550552252668,0.9067043823983328,0.8606207023336976,0.9033123690590306,2132.015,7,0,0.0087677267502691,False,none,,0.002258655086262218,0.0007224456104244492
04106000,0.852501300280692,0.9254069156523158,0.8508732894935829,0.9246239916724067,0.837502288529114,0.9163763837933827,2733.109,10,0,0.0221099570347202,True,none,,-0.0016280107871091687,-0.0007829239799090892
04108600,0.7222409994014249,0.7207475641285326,0.7209509841400661,0.7197381575928786,0.7326157439062377,0.739906388751606,173.268,0,0,0.0,False,none,,-0.0012900152613588567,-0.001009406535653956
04108800,0.41494652286735945,0.24789960621059182,0.41600976457289907,0.24798599584353997,0.4086243344190972,0.2502646180257806,171.1773,0,0,0.0,False,none,,0.0010632417055396193,8.638963294815838e-05
04117500,0.6681751434497041,0.7326143443384896,0.65431899206064,0.7303568222669651,0.6245911229424475,0.722722077141341,1101.07,1,0,0.0012145239541431,False,none,,-0.013856151389064042,-0.0022575220715245203
03324000,0.8363486879050812,0.8090785982786928,0.8401723413015878,0.8134609111677233,0.8495143638148415,0.8395142583932735,682.6779,0,0,0.0,False,none,control,0.0038236533965065878,0.004382312889030571
03324300,0.7415033647364575,0.7205466193416228,0.7446676100669902,0.7523125168562614,0.7107521464445461,0.8134076678441294,1088.451,0,0,0.0,False,none,control,0.0031642453305327223,0.03176589751463865
03325000,0.5093508918643165,0.7463680070133685,0.7309719797793797,0.7468126073534733,0.29473226878992764,0.6578068134070156,4696.833,4,3,0.095806343577676,False,0.1<DOR<=0.5,dam,0.2216210879150632,0.0004446003401048504
03326500,0.8444469432122532,0.864756845482392,0.8175392929539225,0.8652370707800141,0.7217104576014588,0.853107658231308,1769.698,1,0,0.0004119941266518,True,none,,-0.02690765025833075,0.00048022529762214994
03329700,0.8388509456583862,0.7632362083931191,0.8419468175586697,0.7661439484286383,0.8541111713875209,0.7960976433872115,713.9088,0,0,0.0,False,none,control,0.0030958719002834867,0.0029077400355191907
03330500,0.7525235752492604,0.7160044574966875,0.7530656947031464,0.7159263534852698,0.7508280236802735,0.7171622165164183,293.175,4,0,0.0787721707749953,False,none,,0.0005421194538860474,-7.810401141772338e-05
03331500,0.813235414266131,0.8392526553987,0.7874379537762612,0.8322092359729807,0.6967546489815648,0.7965768936651758,2217.979,8,0,0.0154638936927251,False,none,,-0.02579746048986975,-0.007043419425719288
03333050,0.8915433458195497,0.9231435785959915,0.8821054962387859,0.919602185590956,0.909573136661198,0.9223994716212466,4840.07,10,2,0.0316705610669506,False,DOR<=0.1,,-0.00943784958076388,-0.0035413930050355313
03333700,0.8840630577589024,0.8398185863544045,0.8937754781483072,0.8501164142453411,0.9002043920004393,0.8914306219795382,624.3894,1,0,0.0155827151989238,False,none,,0.009712420389404786,0.010297827890936584
03334000,0.8658572030643629,0.8676734325146843,0.8857205556247321,0.8838401244686065,0.8209891840544492,0.8450134678373474,1024.078,1,0,0.0100760036225145,False,none,,0.019863352560369196,0.016166691953922174
03334500,0.8758708455526482,0.8522228189223966,0.8723254920004715,0.8526323749877562,0.8487373976996663,0.830994826475814,634.6143,0,0,0.0,False,none,control,-0.0035453535521766666,0.00040955606535963973
03335000,0.9121771860775858,0.9186015347247486,0.909405955758091,0.9349867042344187,0.838508652914183,0.8779198320019848,2057.803,1,0,0.0050781730768876,False,none,,-0.0027712303194947774,0.01638516950967006
04094000,0.7441325171766644,0.8585411500186417,0.7071941320194122,0.8401537181365332,0.7329372868190749,0.8454771275768498,172.6497,0,0,0.0,False,none,,-0.03693838515725223,-0.018387431882108562
04100222,0.8292423216006466,0.8899859728465505,0.8264854127649088,0.8889921747934433,0.6832379105613796,0.6736892093594702,370.2411,2,0,0.0614339742149536,False,none,,-0.002756908835737759,-0.0009937980531071755
04100500,0.8267897348990361,0.8010713231614333,0.8231494224288891,0.8002448903637023,0.7603356417638069,0.7320736106340138,1525.99,3,0,0.0162669682076283,True,none,,-0.003640312470146956,-0.0008264327977309804
05516500,0.7825592477606217,0.8225294445280481,0.7827479814693732,0.8246238061630188,0.7695087071024054,0.8126370403321604,764.811,0,0,0.0,False,none,control,0.00018873370875149842,0.002094361634970676
05517000,0.7633054457179356,0.8250540177995133,0.7663349372851238,0.8314470653877415,0.6610420078105932,0.7813030351213335,1127.209,0,0,0.0,False,none,control,0.003029491567188236,0.006393047588228229
05522500,0.8695981185029266,0.9165653505349963,0.8684120409618101,0.916077231060216,0.8582679896437976,0.8705925269507724,526.689,0,0,0.0,False,none,,-0.001186077541116437,-0.00048811947478033524
03339500,0.8607307952716685,0.8738136745844456,0.8544474747910791,0.8875429981819027,0.8405431765024598,0.9140201835656796,1323.926,0,0,0.0,False,none,control,-0.006283320480589438,0.013729323597457155
03340800,0.8304095196560836,0.9089284246753697,0.8145756076350095,0.8992172769169731,0.8025844184784376,0.8441445974959818,357.6537,0,0,0.0,False,none,,-0.015833912021074092,-0.009711147758396654
03351000,0.9066668820345474,0.9186780170998485,0.8992463383258732,0.9034087394816982,0.7839010016462455,0.887765274705418,3119.411,3,2,0.0410602444942403,False,DOR<=0.1,,-0.0074205437086741766,-0.015269277618150334
03351500,0.884144247572363,0.9322383191997244,0.8809855852125816,0.9317556717490345,0.8905830384095047,0.9438500805265283,413.6364,0,0,0.0,False,none,,-0.00315866235978135,-0.00048264745068993253
03352500,0.8980147911290172,0.8941655729791995,0.8989110536301861,0.8944931597043728,0.9087078569489292,0.8798354589570607,772.2104,3,1,0.0803703712150384,True,0.1<DOR<=0.5,dam,0.0008962625011689207,0.0003275867251733011
03353000,0.9203426615919544,0.9391828270162874,0.9160266556967824,0.9279645688429695,0.8184732138199905,0.8975886301426451,4239.058,9,3,0.049617870992728,False,0.1<DOR<=0.5,,-0.004316005895172004,-0.011218258173317897
03353200,0.8757770534795469,0.8830094471461304,0.874927604908588,0.8651669691157544,0.8240198555128055,0.7986838099876219,273.8592,0,0,0.0,False,none,,-0.0008494485709589217,-0.017842478030375974
03353500,0.851891256804181,0.895695677192098,0.782942798713071,0.7937285326130097,0.8050266106769153,0.8256440152129216,450.9819,1,1,0.1810024630706097,True,DOR>0.5,dam,-0.06894845809110994,-0.10196714457908829
03353800,0.8592666629265314,0.9113881914634296,0.8535046575587572,0.9080663307852335,0.8603259585160601,0.9240104377906965,549.6057,0,0,0.0,False,none,control,-0.00576200536777427,-0.0033218606781961757
03354000,0.8921300671728322,0.93592361763984,0.8901101123887067,0.9335788910678489,0.6660647353138933,0.8113768249732938,6324.648,11,4,0.0418504222082901,False,0.1<DOR<=0.5,,-0.0020199547841254217,-0.0023447265719911403
03358000,0.841803091229527,0.8921231929166539,0.8428770778456833,0.8836866021144387,0.8420825132667642,0.8946496365818419,633.5784,0,0,0.0,False,none,control,0.0010739866161563194,-0.00843659080221515
03360000,0.8321458433789753,0.8987377437421953,0.8011721889189307,0.8651504971910324,0.7258122296551597,0.8033563898196553,2151.338,4,1,0.0494362668107192,False,0.1<DOR<=0.5,dam,-0.03097365446004463,-0.03358724655116285
03361500,0.8977226157087171,0.9263259296629501,0.9128751459235134,0.9293993549354442,0.9098139072936996,0.9127876750372691,1088.071,2,0,0.0015016238610563,False,DOR<=0.1,,0.015152530214796234,0.0030734252724941014
03361850,0.8858949848083323,0.9146949118890382,0.8750951197701847,0.91036155938871,0.8736539826832396,0.8874326657551447,203.9679,0,0,0.0,False,none,,-0.01079986503814756,-0.00433335250032818
03362000,0.8341986528362619,0.8159912554606613,0.8282547224354451,0.8111793505683866,0.8311505588534621,0.8864690791542372,260.4294,0,0,0.0,False,none,,-0.005943930400816866,-0.0048119048922746765
03362500,0.8263801166967603,0.8254327035885982,0.8041553683855952,0.8273607137657182,0.762130003771817,0.8491368391532979,1221.927,0,0,0.0,False,none,control,-0.022224748311165055,0.0019280101771199654
03363500,0.8444815906926817,0.8194508386872668,0.8503662173836114,0.8266794195988201,0.8524627945487463,0.8501325887580164,772.065,0,0,0.0,False,none,control,0.005884626690929706,0.007228580911553317
03363900,0.8035711803847726,0.7939666553456983,0.7988867151700842,0.7998484189358721,0.7676227047098269,0.8082172685322399,1385.573,0,0,0.0,False,none,control,-0.004684465214688349,0.005881763590173783
03364000,0.8782111023898318,0.9179480933503241,0.8466147783701446,0.9101071368314904,0.7438637747538204,0.8650778067195544,4418.793,3,0,0.0005599316062046,False,DOR<=0.1,,-0.03159632401968715,-0.007840956518833764
03364500,0.6670105619301321,0.6645151354355388,0.6811503144908803,0.6722001926667894,0.6883783846925176,0.7110583770119436,237.0879,0,0,0.0,False,none,,0.014139752560748176,0.00768505723125068
03365500,0.8662487947368349,0.8330937143320548,0.8297202108793893,0.8349400153088992,0.687365585796816,0.8216943268563357,6059.154,7,0,0.000968975004841,True,DOR<=0.1,,-0.03652858385744562,0.0018463009768443506
03302220,0.7354756824826648,0.8064091703040116,0.7300619202475298,0.8046026270122733,0.6589308783907136,0.5881790211566209,169.2783,1,0,0.0283944793740089,False,none,,-0.005413762235135011,-0.0018065432917383495
03302800,0.8066181920530007,0.7677103900750226,0.8075709457638502,0.77088344990997,0.817494501893721,0.8436519712660764,731.1042,0,0,0.0,False,none,control,0.0009527537108495743,0.0031730598349474226
03303000,0.7933218271764435,0.6953521750176023,0.8136814880929991,0.7037729778917039,0.8242740315289967,0.8771207006383145,1231.501,0,0,0.0,False,none,control,0.02035966091655561,0.00842080287410163
03360500,0.7468012766991521,0.8675022350640244,0.759802948407562,0.8670578241517852,0.4228916497335111,0.7225765375212176,12138.57,20,6,0.0334096339467197,False,0.1<DOR<=0.5,,0.013001671708409934,-0.00044441091223912377
03371500,0.5986523147502533,0.7879852715868664,0.5289566349619286,0.7551084439417849,0.2456572026382785,0.6400568112697472,9981.242,13,1,0.0066755190779674,False,DOR<=0.1,,-0.0696956797883247,-0.032876827645081486
03373500,0.6791726722339675,0.8417478578245723,0.6339437973412572,0.8202671570041726,0.3903450476687633,0.7058007690745786,12751.27,17,2,0.0427953443412659,False,0.1<DOR<=0.5,,-0.045228874892710325,-0.021480700820399656
03374000,0.6977713911882143,0.8453513042289903,0.6767148120739992,0.8343739245900595,0.37975921161148796,0.7026095428653891,28808.5,42,11,0.0368741031375028,False,0.1<DOR<=0.5,,-0.0210565791142151,-0.010977379638930751
03375500,0.5682311587983685,0.7160186510587689,0.6353017894346764,0.6972844784936862,0.41584993299866924,0.6926349904069371,678.1401,1,1,0.6109172662775275,False,DOR>0.5,dam,0.06707063063630792,-0.018734172565082696
03376300,0.772213740253648,0.8227735699392384,0.8080484434491372,0.8214728096331545,0.6914827788307817,0.8123491891180097,1560.572,1,1,0.2598268111700147,False,0.1<DOR<=0.5,,0.035834703195489204,-0.0013007603060839479
03310300,0.6882839436366222,0.8418126698137717,0.7055838415827542,0.8457030508190649,0.6844378258093033,0.7844850221987346,925.7931,1,0,0.0017892769908298,False,none,,0.01729989794613207,0.003890381005293264
03320000,0.7542810734375576,0.8471324674978432,0.8409525093436667,0.8873044997650356,0.4588987847875272,0.7021204057936917,19591.38,18,7,0.0968999622938925,True,0.1<DOR<=0.5,dam,0.08667143590610915,0.04017203226719235
03320500,0.8063875335640802,0.89333177194784,0.7911760975962565,0.8863498540030097,0.7833406779845971,0.8618691289073921,502.7157,2,0,0.0034301984959382,False,none,,-0.015211435967823705,-0.006981917944830274
03428200,0.8333590917177449,0.8860303722160404,0.8241252560871537,0.8756528217019206,0.8162583529148892,0.8680039896846033,457.5231,0,0,0.0,False,none,,-0.009233835630591214,-0.010377550514119815
03432350,0.9044673483899363,0.9005978311356639,0.8959737639017227,0.8961293511493754,0.8830028924336498,0.8568904941129974,493.704,0,0,0.0,False,none,control,-0.00849358448821358,-0.0044684799862885205
03433500,0.8074361771602749,0.8764083764889622,0.8636571716452119,0.9037205845023317,0.7920435540362856,0.6636505089261736,1055.667,0,0,0.0,False,none,control,0.056220994484937004,0.027312208013369532
03434500,0.8061655968561826,0.8593415137105415,0.8739044913609298,0.8863114326909736,0.8582813022131142,0.784375484686084,1767.104,0,0,0.0,False,none,control,0.06773889450474724,0.026969918980432106
02450000,0.7828309246543702,0.7941388524453077,0.8022238609492245,0.8015595005454983,0.7851957360351951,0.8382677551671351,930.0483,2,1,0.0412174286569977,False,DOR<=0.1,,0.01939293629485428,0.007420648100190608
02450180,0.8522303473921872,0.8552719126355708,0.8643452799099247,0.8745932056206852,0.862440826894924,0.8327968756076033,1264.127,2,1,0.0333043510771399,False,DOR<=0.1,,0.012114932517737542,0.019321292985114424
02450250,0.7522849587434892,0.7932466115934556,0.7551992123933544,0.786585150662873,0.7060424212464358,0.7110280373639262,231.8252,0,0,0.0,False,none,,0.002914253649865195,-0.006661460930582508
02453000,0.7086808091887158,0.7909862098916551,0.6973583757049532,0.7844365457875326,0.740035023778255,0.6861065309878019,471.1806,0,0,0.0,False,none,,-0.011322433483762606,-0.006549664104122499
03574500,0.8306538137211394,0.8483556933146758,0.824254218757543,0.8539843291260337,0.815513081342379,0.8494751417761057,813.8025,0,0,0.0,False,none,,-0.006399594963596433,0.005628635811357974
03586500,0.7727185272517688,0.8720750086365979,0.6913795107232755,0.7996661641462075,0.7149211719386854,0.5835919406416267,423.4077,2,1,0.9496260414566662,True,none,,-0.08133901652849329,-0.07240884449039042
02422500,0.781493757599053,0.8223011812105957,0.8011359695966133,0.8170825164929052,0.5970189869463309,0.445242127244579,527.5476,0,0,0.0,False,none,control,0.01964221199756022,-0.005218664717690502
02423380,0.7759347742565578,0.8129167173598406,0.7826782008322121,0.8149439731810327,0.7997595546231251,0.8549349995997066,363.1473,3,0,0.0157707450692291,True,none,,0.006743426575654299,0.00202725582119212
02423496,0.8240384737635343,0.8286289597732923,0.8367177594365252,0.831355369580536,0.869088795289613,0.8128086492297277,585.7911,5,1,0.1055816555901438,True,DOR<=0.1,,0.012679285672990814,0.0027264098072437015
02423500,0.8361914495112285,0.822734899943293,0.8450341483767838,0.8214488486228907,0.8831692294232873,0.8882068012573835,593.7696,5,1,0.0949243480907169,True,DOR<=0.1,,0.008842698865555332,-0.0012860513204022705
02424000,0.8114976745448615,0.8181665783953385,0.8472884785319033,0.8245899379471174,0.837731165681056,0.720801500846789,2656.627,6,1,0.0261074885490513,False,DOR<=0.1,,0.03579080398704171,0.006423359551778973
02424590,0.7622719225354615,0.8452776488404546,0.7156237052220338,0.8251839575412265,0.2985051631402942,0.6353591352212399,3854.609,7,1,0.018330906661061,False,DOR<=0.1,,-0.04664821731342772,-0.02009369129922811
02425000,0.7503748854634287,0.8624705501026948,0.7003798642400303,0.8394760025346502,0.3163726763344821,0.6597288464945158,4572.621,7,1,0.0151848428220389,False,DOR<=0.1,,-0.049995021223398384,-0.022994547568044643
02446500,0.5693627752408796,0.7767908539604714,0.5273599270757862,0.7567325073189314,0.28357043702456086,0.6489099262946227,1368.045,0,0,0.0,False,none,control,-0.042002848165093476,-0.020058346641540048
02457595,0.608769661571413,0.5759729849596686,0.5883167469267739,0.5559214706128623,0.6417199288066844,0.7558233868768889,133.1694,0,0,0.0,False,none,,-0.020452914644639053,-0.0200515143468063
02462000,0.6496359542490098,0.818207302199093,0.6615969218243323,0.8255114680282184,0.6569132138321241,0.7838774934972862,384.1299,0,0,0.0,False,none,control,0.011960967575322501,0.007304165829125409
02462500,0.7057650398855932,0.7815355574518369,0.6980131793463671,0.7213893726672688,0.804120016737067,0.8369780629473347,10317.54,14,5,0.3586314817912054,True,0.1<DOR<=0.5,dam,-0.007751860539226163,-0.060146184784568124
02464000,0.814783924286143,0.8310582287696182,0.8263380039860326,0.8400259475373996,0.8429178594854858,0.8540301867559161,578.9448,1,0,0.0014681425192715,False,none,,0.011554079699889641,0.008967718767781352
02464360,0.7602051019731622,0.7859599943572173,0.7597379711012106,0.7842180209960801,0.650859050741848,0.594836794025085,148.6152,0,0,0.0,False,none,,-0.0004671308719516043,-0.001741973361137239
02465000,0.7576557410275204,0.7969759200362362,0.7134605281252947,0.7379834114039077,0.854468873338121,0.8788721378735674,12500.05,21,9,0.3400336200225071,True,0.1<DOR<=0.5,,-0.04419521290222572,-0.05899250863232852
02466030,0.7741579128297262,0.8770231825018223,0.7927486578770712,0.851169025179655,0.43124811872843793,0.7185898932583703,15053.03,24,10,0.2912450925692142,True,0.1<DOR<=0.5,dam,0.018590745047344925,-0.025854157322167337
02369800,0.6518047094046338,0.7393521766019463,0.6393045447761323,0.7372158608399388,0.6011626732825337,0.6619313990224802,227.5129,0,0,0.0,False,none,,-0.012500164628501453,-0.002136315762007457
02373000,0.8746186893071739,0.8247853893472483,0.866157839009133,0.8216233710355847,0.8272631774779795,0.836791095789361,1213.604,0,0,0.0,False,none,control,-0.00846085029804089,-0.003162018311663628
02374500,0.8004145402297627,0.8125407868274442,0.7954936888498314,0.8104570276384113,0.7966245868233789,0.8301921446995216,445.7151,0,0,0.0,False,none,control,-0.004920851379931257,-0.002083759189032919
02375500,0.880972128974685,0.9278967742085523,0.8504345156409447,0.9181408173053849,0.6478171322421449,0.8120086841712038,9935.409,3,1,0.0041122488975326,False,DOR<=0.1,,-0.030537613333740277,-0.00975595690316744
02427250,0.8223859169902767,0.7982846610790286,0.8248269337194327,0.8030191236518261,0.845822589105474,0.850023482905613,675.2439,0,0,0.0,False,none,,0.002441016729155976,0.0047344625727975265
02469800,0.8374373469108247,0.8661578996161614,0.8280381656579,0.8421368135360099,0.8009570100574113,0.8121341083411442,422.6814,0,0,0.0,False,none,control,-0.009399181252924715,-0.02402108608015152
02376500,0.781595007728127,0.8558323340810541,0.7583212901684763,0.8428544491073495,0.7032476210201155,0.7974428394302119,978.2622,0,0,0.0,False,none,control,-0.023273717559650686,-0.012977884973704557
02377570,0.7851380792388676,0.7628653531924743,0.7758978029920393,0.7616136826568372,0.7741499517696095,0.7774116342776374,495.4464,0,0,0.0,False,none,,-0.009240276246828327,-0.0012516705356371283
02378500,0.8275357206012026,0.8907524962806915,0.8171193104407619,0.8857173393249158,0.8815135148355745,0.8677803630523134,145.098,0,0,0.0,False,none,,-0.010416410160440703,-0.005035156955775721
02471001,0.7256507263425117,0.8036051616766388,0.7240640339576654,0.8019374320897095,0.7064496160364404,0.8361325771788396,324.1945,0,0,0.0,False,none,,-0.0015866923848463221,-0.0016677295869292896
04127997,-0.2724043078490199,0.6604282078384376,-0.25715488096513406,0.6643971527652413,-0.2206721183807614,0.658611998817394,487.1601,2,0,0.0003767748936001,False,none,,0.015249426883885864,0.003968944926803664
04128990,0.21454738298930565,0.5009432438532737,0.25120685296276946,0.4984673252174262,-2.551016697928259,0.08542287893150613,150.9579,1,0,0.0066901570264701,True,none,,0.03665946997346381,-0.002475918635847507
04136500,0.6661131487011516,0.8086504905736236,0.673026782300234,0.8110948545468051,0.6961603118473557,0.8494447248889246,3524.812,8,0,0.0161583971481026,True,DOR<=0.1,,0.00691363359908248,0.002444363973181485
04137500,0.44256199409104735,0.7057022607739455,0.42466226382506156,0.7113782766338987,0.5181608759478615,0.6705189431579773,4529.236,14,4,0.1170649349542325,True,DOR<=0.1,,-0.01789973026598579,0.005676015859953254
04116000,0.7951200922118793,0.7512831800808775,0.7820442788721857,0.747920145827258,0.7085950306157403,0.717720644904734,7448.125,15,0,0.0127901496407482,False,none,,-0.013075813339693543,-0.0033630342536195013
04142000,0.6258984115827559,0.7258967787162436,0.5975255568662134,0.7265931230236613,0.6374334308979545,0.698059399657882,864.9909,2,0,0.0013212256921566,False,none,,-0.028372854716542495,0.0006963443074177178
04146000,0.7339138892424925,0.8584389893718963,0.7324114478870977,0.8578134072235577,0.6131370153004413,0.6589630607199742,130.8474,2,0,0.1628076587737585,True,none,,-0.0015024413553947902,-0.0006255821483386326
04146063,0.7063549669255731,0.7928083260229519,0.7057696240816158,0.7920484151420155,0.6348899633240217,0.6872978888826837,560.8962,3,0,0.0366924003907587,False,none,,-0.0005853428439572816,-0.0007599108809364097
04148140,0.6151771618520543,0.5445935402292549,0.6161969257256023,0.5466480540727118,0.6031375195753601,0.5360696221086072,276.3117,4,0,0.0630510339877059,True,none,,0.001019763873547963,0.0020545138434568955
04148500,0.6850769728989938,0.7705730273085346,0.6990937850708061,0.7825403989500722,0.661779324938145,0.724172721913892,2525.034,13,1,0.0562343176408039,False,DOR<=0.1,dam,0.014016812171812276,0.011967371641537605
04151500,0.6768971089614668,0.8010399912396419,0.6756171632448948,0.8009407030448398,0.7259247792425583,0.8279824717228036,2164.86,2,0,0.0020220524167026,True,none,,-0.001279945716571973,-9.928819480209405e-05
04152238,0.06753538577690144,0.33956238719793086,0.06129471964217048,0.3351787936575348,0.013231272345921807,0.30705797747500807,395.0766,3,0,0.0193180742060496,False,none,,-0.0062406661347309544,-0.00438359354039608
04154000,0.4980824025619076,0.6283600204003235,0.5063094852506846,0.6292703925988123,0.381767414385917,0.5151541332499849,1038.251,6,0,0.0287729831173924,True,none,,0.008227082688777032,0.0009103721984888846
04155000,0.4818232457451469,0.5713552987585717,0.4828668441757752,0.5712170940671935,0.47613900485228866,0.5607911691384425,810.2952,2,0,0.0044537230347242,True,none,,0.0010435984306282897,-0.00013820469137826308
04156000,0.6451010631250251,0.7156019055707017,0.6273475653632914,0.7081749831253593,0.6282393048798749,0.690353267775139,6128.666,22,4,0.1040283120753233,True,DOR<=0.1,dam,-0.01775349776173374,-0.0074269224453423766
04096405,0.8528538418724957,0.9132753574447589,0.8526450422191489,0.9132829031761506,0.7422893415508188,0.7534156366408571,535.293,4,0,0.0069633997590312,True,none,,-0.00020879965334674733,7.545731391722654e-06
04096515,0.7465449013821572,0.6874770093549085,0.7546446040668598,0.69017519934752,0.5819154363096625,0.5592260345089104,126.6021,0,0,0.0,False,none,control,0.008099702684702614,0.0026981899926115105
04099510,0.79978711656178,0.8701002177956992,0.7845814177579379,0.864825133953961,0.34905358965773114,0.42204516087922406,273.0069,0,0,0.0,False,none,control,-0.01520569880384215,-0.005275083841738248
04103010,0.7339858925858064,0.8344720049054716,0.7356099626734369,0.83476439746986,0.7345482274892131,0.8328078075221753,696.1977,1,0,0.0034138073961668,False,none,,0.001624070087630547,0.00029239256438839956
04105000,0.7857991948552,0.8291430270632353,0.7832024953540058,0.8284775350805749,0.7766158612388689,0.8254145707688684,715.6062,2,0,0.0005512080179275,True,none,,-0.002596699501194233,-0.0006654919826604155
04109000,0.4850201246859088,0.6160345081810106,0.48717829420233616,0.6163124627544354,0.49069586093198747,0.6151162139495197,426.5019,4,0,0.0490798822680806,True,none,,0.002158169516427333,0.0002779545734248323
04112500,0.6751961256761436,0.7052754608027785,0.6575979330169095,0.7000511956918085,0.6261020242708905,0.6831988798302948,891.3654,0,0,0.0,False,none,control,-0.017598192659234124,-0.005224265110969961
04113000,0.8198073233142491,0.7982891085653296,0.8156511397069864,0.7963353260738971,0.7771806647164633,0.7625016333361261,3239.26,9,0,0.011224478551435,True,none,,-0.0041561836072626646,-0.001953782491432521
04114000,0.8567808819418303,0.8742886342612051,0.8531504758999617,0.8724391613166558,0.8057915515014484,0.8374053632002149,3647.832,10,0,0.0112644112901529,False,none,,-0.0036304060418685946,-0.0018494729445492908
04170000,0.7756847483669614,0.7533821869679395,0.7841949952463358,0.739847726101555,0.7607113233229246,0.7538870749043977,385.2142,10,1,0.2889058814438201,True,0.1<DOR<=0.5,dam,0.008510246879374406,-0.013534460866384435
04170500,0.6602482480222696,0.693913159458418,0.7165989746601049,0.6997762391447465,0.6429226644712613,0.6909145453698142,407.5569,10,1,0.2576057045412966,True,0.1<DOR<=0.5,dam,0.05635072663783536,0.005863079686328487
04172000,0.7636634255606409,0.858733183715635,0.7898777280289215,0.8643010983312092,0.7380219479185421,0.8504410366865571,829.2179,14,1,0.164698860192935,False,DOR<=0.1,dam,0.026214302468280604,0.005567914615574154
04175600,0.7957272594841758,0.8941353695760774,0.795355659647469,0.8962324202905596,0.20412356464106074,0.3942825763742519,330.7972,6,1,0.7500309942432013,True,DOR>0.5,,-0.00037159983670675967,0.002097050714482185
04176000,0.8285670238033184,0.8974107982846312,0.8080172094138702,0.8885534891204075,0.7596529300173113,0.8149498892028585,1195.18,12,1,0.1984700605722363,False,0.1<DOR<=0.5,,-0.02054981438944814,-0.00885730916422367
04176500,0.8311772243800197,0.8761304338900567,0.8339969481292442,0.8738988330170305,0.8254419031378375,0.9112934241867205,2685.966,17,1,0.0973766174125434,True,0.1<DOR<=0.5,,0.0028197237492244565,-0.002231600873026207
03261950,0.7984338978692053,0.8798690357564473,0.7917527774456097,0.8762500331934361,0.7753281466369709,0.8134089484730531,394.6005,1,0,0.0110043830139314,False,none,,-0.006681120423595588,-0.0036190025630111755
03322900,0.6846453946907463,0.7780335437823194,0.653389332661275,0.7614831104955715,0.5698555726752357,0.7606255385095999,1293.521,2,1,0.1771626995239514,False,0.1<DOR<=0.5,,-0.03125606202947129,-0.01655043328674788
03325500,0.7988496247980552,0.7569916458356903,0.785045469175929,0.7498478860431461,0.8165740335457558,0.8180789050856423,345.3102,0,0,0.0,False,none,,-0.013804155622126224,-0.007143759792544224
04178000,0.5965947277895383,0.7427769796669395,0.5748738292286524,0.7381209775801025,0.486263355748107,0.664778759367043,1600.184,4,2,0.0766981832405111,False,DOR<=0.1,,-0.021720898560885882,-0.004656002086836919
04180500,0.737626848536487,0.7809911836829482,0.7077033697676369,0.7675800661276986,0.5510493366900096,0.661077381738669,2716.033,6,2,0.0449991375056528,True,DOR<=0.1,,-0.029923478768850043,-0.013411117555249596
04181500,0.755772923149096,0.8570198364585893,0.7149713835653375,0.8451543642412358,0.633111109105885,0.8089179994267389,1490.114,0,0,0.0,False,none,control,-0.04080153958375854,-0.011865472217353457
04185000,0.848367099304467,0.8884921629957964,0.8386635541606657,0.8882108590704754,0.8042489653516813,0.8643067091391361,1064.001,2,0,0.002597961523749,False,none,,-0.009703545143801229,-0.000281303925320997
04186500,0.7506163465635529,0.722314753353903,0.7505386856879386,0.7318598502422378,0.7146744909473798,0.8057120089409929,858.4164,0,0,0.0,False,none,control,-7.766087561433821e-05,0.009545096888334714
04189000,0.8083354485677636,0.7546808926711268,0.7983785411569604,0.7630208725731996,0.7989771369605538,0.8051572673583789,909.2952,0,0,0.0,False,DOR<=0.1,control,-0.00995690741080324,0.008339979902072803
04192500,0.8796939348848601,0.9309760601817623,0.8336083070442638,0.9045497014901636,0.6060287559658601,0.7655469906000215,14248.29,11,2,0.0104273496347575,True,DOR<=0.1,,-0.04608562784059633,-0.026426358691598706
03240000,0.8100186477891699,0.783971396208707,0.8083814049240883,0.7869197694205291,0.8305982218527644,0.8291772673390928,332.3961,0,0,0.0,False,none,,-0.0016372428650816007,0.002948373211822064
03241500,0.8053703382052614,0.8245776133684061,0.8069142946046841,0.8258633649818217,0.7924214205618221,0.7648922240245228,170.9145,0,0,0.0,False,none,,0.00154395639942273,0.0012857516134155977
03245500,0.8435026310332344,0.8761568626610495,0.8612453506785308,0.8918121587516696,0.8543826466562664,0.9165905975739088,3114.545,2,1,0.0112069129064277,False,0.1<DOR<=0.5,,0.01774271964529639,0.015655296090620108
03247500,0.541432879834183,0.6782476331077535,0.561794027396302,0.6209293087364981,0.3914412747870284,0.6873363451577417,1233.359,2,1,0.2107845336349219,False,DOR>0.5,dam,0.020361147562119042,-0.05731832437125539
03266000,0.7465142137748039,0.8328698207772742,0.8079383106433986,0.8413591118005299,0.5876157023249731,0.7859491483822039,1671.081,1,1,0.777036705186347,True,none,dam,0.061424096868594735,0.008489291023255685
03269500,0.8600858367157448,0.8877364363190289,0.8584061945171623,0.8698244870578014,0.840801738276272,0.8500294473145682,1265.576,2,1,0.0895367865322362,False,0.1<DOR<=0.5,,-0.0016796421985825205,-0.017911949261227522
03270000,0.8744456922835014,0.9349825121068618,0.8690662292326773,0.9211042089353547,0.8264592892543442,0.8734583651623067,1639.624,3,2,0.6021740295125395,True,0.1<DOR<=0.5,dam,-0.0053794630508241514,-0.013878303171507067
03270500,0.8517119264680604,0.9258376544140139,0.8832052743572486,0.9382356141627936,0.6888318356538528,0.8236433326348988,6484.979,11,6,0.6474376691325158,False,DOR<=0.1,dam,0.03149334788918823,0.012397959748779663
03272000,0.8344726737743939,0.9135825216485758,0.8435303159687728,0.9178642317143435,0.8109843922783836,0.8935167679427993,720.9459,1,1,0.5940865741796838,True,none,dam,0.009057642194378879,0.004281710065767719
03274000,0.8879513513829366,0.9399968581174231,0.9032004382305739,0.947363184703705,0.7033928867493371,0.8115244171632603,9403.646,18,7,0.4877400254813846,True,DOR<=0.1,dam,0.015249086847637372,0.0073663265862818905
03275000,0.8231157766933347,0.8065149138167977,0.8379958039410464,0.8176165001032633,0.8506009679839119,0.8588054900054187,1368.839,0,0,0.0,False,none,control,0.014880027247711758,0.011101586286465515
03275600,0.8210685164156664,0.7646278108461695,0.8124539737904841,0.7584836850709822,0.841614851362896,0.8881491573175906,520.2549,1,0,0.0164058898218819,False,none,,-0.008614542625182242,-0.0061441257751873035
03276500,0.8171130820399557,0.8609576567245123,0.8347483649493666,0.8088880317642613,0.7618160666444636,0.8502990005009252,3172.92,4,1,0.1598405539548204,False,0.1<DOR<=0.5,,0.017635282909410854,-0.052069624960251026
03347000,0.841239197659255,0.819962618459564,0.8453726926050324,0.8223966484421964,0.8553884976591075,0.86843147557605,627.1389,1,1,0.1022240149536051,False,0.1<DOR<=0.5,,0.004133494945777416,0.002434029982632424
03284000,0.8382930509484645,0.8580897792014113,0.8653701797824598,0.8716602899000085,0.5547137147365266,0.7008175722113488,10245.05,14,4,0.0317927251198324,True,DOR<=0.1,dam,0.027077128833995268,0.013570510698597271
03285000,0.6551073702460879,0.6593917024360354,0.7032218501188235,0.6868074026018638,0.7540668941632631,0.7282530677862165,822.3408,1,1,0.053767191841451,False,none,,0.04811447987273565,0.027415700165828394
03289300,0.7899583241686272,0.8197997968298119,0.8270654615069017,0.8460142908221566,0.8187806054126554,0.7842839766713401,267.534,0,0,0.0,False,none,,0.03710713733827453,0.026214493992344767
03289500,0.8251188385083452,0.8404190663075498,0.8434643846221717,0.8433284211769049,0.7797339311798461,0.7152767791712565,1221.268,0,0,0.0,False,none,,0.01834554611382644,0.002909354869355063
03290500,0.8213516058459952,0.865967921691837,0.8570164470280299,0.8785892061445196,0.3311118239317845,0.620113376227327,16007.57,25,10,0.074933591544803,True,DOR<=0.1,,0.03566484118203472,0.012621284452682624
03291500,0.6453430894147736,0.6862231392332881,0.6463378045320105,0.7368608823103973,0.6948888475890218,0.7866839445835354,1132.828,0,0,0.0,False,none,,0.0009947151172369217,0.05063774307710911
03294000,0.764714762079144,0.6656046177004848,0.7626493057505939,0.6701589455348209,0.7543701454560683,0.6292587759961239,489.3039,0,0,0.0,False,none,control,-0.0020654563285501526,0.004554327834336069
03295890,0.7768915399892221,0.6495759192245643,0.792597478509796,0.6673987201016258,0.824678759191821,0.727636565922295,670.7052,1,0,0.0164956973208675,False,none,,0.015705938520573892,0.017822800877061562
03298500,0.7921226337159796,0.8910110675081226,0.8374312291998635,0.8796497791774435,0.7409308721449116,0.8198483900149403,3098.887,2,1,0.0729009718520327,False,0.1<DOR<=0.5,,0.045308595483883884,-0.011361288330679176
03300400,0.6452664652262559,0.6781480194194269,0.7746290923804451,0.7679644449729031,0.8814030827568833,0.842693267374712,1128.578,0,0,0.0,False,none,control,0.12936262715418922,0.08981642555347613
03301500,0.8036371129632586,0.87069208367464,0.7670938679268395,0.8585042494347235,0.6049338304006355,0.7417341941819777,3366.472,1,0,0.0030339984907786,False,none,,-0.036543245036419036,-0.01218783423991654
03302000,0.7955216326447535,0.7345066235877247,0.7919071820760146,0.7346570334452432,0.55314955806318,0.08716389557970894,166.7052,0,0,0.0,False,none,,-0.0036144505687388806,0.00015040985751857416
03366500,0.7443083623223932,0.7610218168633268,0.735719843025054,0.7596942535918176,0.7298382782145454,0.780662157521989,755.2151,0,0,0.0,False,none,control,-0.00858851929733917,-0.00132756327150918
03307000,0.6627589450288054,0.745762811232554,0.6123366046834493,0.7279962466670052,0.6465675440702943,0.7471692377418344,460.6218,0,0,0.0,False,none,,-0.05042234034535609,-0.017766564565548704
03308500,0.7147562283417987,0.8569470808860206,0.775796875024279,0.8271057463535098,0.4658181932562314,0.7281548817344909,4347.185,1,1,0.1249233004845901,False,0.1<DOR<=0.5,,0.061040646682480215,-0.02984133453251081
02384500,0.7988413688690146,0.8156225844045761,0.8048279433848741,0.8228272938637926,0.7849337592824653,0.7583390228277794,653.0661,1,0,0.0098643714673318,False,none,,0.0059865745158594885,0.007204709459216474
03421000,0.9124643717395403,0.920362730013793,0.9011806542743249,0.9224829887655575,0.9015031879665069,0.9345299410215395,1664.06,1,0,0.0007548515461659,False,none,,-0.011283717465215393,0.00212025875176447
03566000,0.5938935839540733,0.7547658139694158,0.7122720402278045,0.7468550052291614,0.43520381489531,0.7027054188723594,5969.783,15,6,0.3919139029888355,False,0.1<DOR<=0.5,,0.11837845627373123,-0.007910808740254405
02338000,0.8078742441819998,0.7856045910512919,0.768890527719027,0.7401715483150804,0.65755720224753,0.773429502299948,6250.633,44,1,0.7667032521637607,True,DOR>0.5,dam,-0.03898371646297283,-0.045433042736211515
02382500,0.3858670383240199,0.6509332089981513,0.5755228981825338,0.6835569557843411,0.08064353408464087,0.532370351898922,1351.068,7,2,0.638955049231018,True,DOR>0.5,dam,0.18965585985851385,0.03262374678618973
02383500,0.7812906639593127,0.8342831362433645,0.7924920033425682,0.7818783372976413,0.6318034270651891,0.7068186916902396,2155.651,9,2,0.4551288057150512,False,DOR>0.5,dam,0.011201339383255515,-0.05240479894572314
02387000,0.7368455213404472,0.8621518421873022,0.7193505219182471,0.8553714415434797,0.5385585966984682,0.7467705143447119,1781.846,6,0,0.0229631676777566,True,none,,-0.01749499942220012,-0.006780400643822571
02387500,0.7709633642963385,0.8644332880765552,0.7975969786291635,0.8850010498384527,0.4767759699887216,0.6676902502088187,4153.317,15,2,0.2385104357425851,False,0.1<DOR<=0.5,,0.026633614332824962,0.020567761761897563
02388500,0.8185920481798596,0.8883260959028205,0.8173551669922812,0.8855178429988855,0.40831503082959053,0.6672976168744338,5481.973,20,3,0.19947396939879,False,0.1<DOR<=0.5,,-0.0012368811875784758,-0.002808252903935049
02394000,-0.11157614851409692,0.3090021154184651,0.3653398754453667,0.41605490058013783,-0.25752157126952446,0.2683548769090087,2908.292,21,1,0.324153042476101,True,DOR>0.5,dam,0.47691602395946364,0.10705278516167271
02395120,0.7480448287860713,0.7210111380428894,0.7449499793650391,0.7171607131184787,0.5543752263975956,0.3402320239169131,84.0105,0,0,0.0,False,none,,-0.0030948494210321087,-0.003850424924410678
02395980,0.42130950065091965,0.6500274702017972,0.6225685500132393,0.6407232348016996,0.29279395009443043,0.6007842284612481,4666.476,31,1,0.2182033214157803,False,0.1<DOR<=0.5,dam,0.20125904936231964,-0.009304235400097616
02397000,0.811481340516472,0.8680496170553345,0.8559884351587103,0.8633880226125068,0.4413804966520255,0.6687588584354869,10460.54,52,4,0.1940234451192424,False,0.1<DOR<=0.5,,0.04450709464223823,-0.0046615944428276546
02398000,0.8614445879888926,0.919820016615394,0.8644846195526629,0.9195506375434239,0.826159615186991,0.8212031249196593,496.8999,3,0,0.0008628557480117,True,none,,0.003040031563770307,-0.0002693790719701106
02398300,0.7743535924660989,0.8824657649142733,0.8066130956021726,0.89951151659521,0.7583540370241375,0.7415389860347367,946.8069,3,0,0.0004548408770303,False,none,,0.03225950313607373,0.017045751680936694
02399200,0.8625965916930807,0.8464984546900852,0.8621790624707789,0.8450270021573962,0.8525450089820782,0.8111538648691711,515.3337,3,0,0.0088047918050367,False,none,,-0.00041752922230176015,-0.0014714525326889882
02400100,0.770073475559872,0.7696103687921727,0.7595949733939662,0.7354792607248632,0.3279903865281022,0.2385505773575114,654.7608,5,0,0.02413223445266,False,none,,-0.010478502165905845,-0.03413110806730946
02401000,0.861586063424084,0.8480831994089972,0.864483536417554,0.8465355992701944,0.8828726322358041,0.9210668943884378,473.5224,1,0,0.0029210731465026,False,none,,0.002897472993470096,-0.0015476001388028404
02401390,0.7837553045664913,0.8507797783242945,0.8086810292731986,0.8585359184381883,0.766538550204942,0.7205208316691109,365.3478,1,0,0.0054904814729742,False,none,,0.024925724706707286,0.007756140113893806
02412000,0.7570534796898033,0.6363115886019306,0.762991387667747,0.636821463157601,0.7275778196841496,0.5947596770162884,1160.095,5,0,0.0046151828720988,False,none,,0.0059379079779436905,0.0005098745556704198
02338660,0.7205455307316875,0.596403415399742,0.7131969796520246,0.5948165492025761,0.716444050580063,0.5697065699483433,323.3853,4,0,0.0159167236450915,False,none,,-0.007348551079662924,-0.0015868661971658593
02339500,0.6309408998483834,0.7521764224421881,0.6939551480096933,0.697900671088606,0.22889226504941362,0.6098148151090154,9166.959,56,4,0.7476776913673164,False,DOR>0.5,dam,0.06301424816130985,-0.05427575135358209
02341505,0.700211007281472,0.7562608913743529,0.7250532241246345,0.7196036824239807,0.43012272915669536,0.6623234571727664,12073.46,81,7,0.6576906725353736,False,DOR>0.5,dam,0.024842216843162457,-0.03665720895037228
02342500,0.8326450748597931,0.8626528297993481,0.826019887463078,0.8758961745970886,0.8100553896656307,0.7421710467525899,830.574,0,0,0.0,False,none,control,-0.006625187396715138,0.013243344797740475
02404400,0.8237005210930495,0.8333370626649454,0.8103740234132342,0.816836761200548,0.685528927423636,0.6824622152375543,1240.422,4,0,0.0286531824103398,False,none,,-0.013326497679815308,-0.016500301464397404
02405500,0.8083588035015259,0.7673974804843474,0.8107823118972031,0.7662929724970831,0.7485820658715734,0.6131170989603569,502.3188,1,0,0.005945388228427,False,none,,0.0024235083956771764,-0.0011045079872643582
02406500,0.743392422026649,0.7537177598126559,0.6824642801920777,0.7021962369567201,0.7370962366734465,0.6818668608369167,386.1099,2,0,0.0062749286861382,False,none,,-0.06092814183457129,-0.05152152285593581
02408540,0.791647104680475,0.8124719843745647,0.7889104528488691,0.8165802254567718,0.7201460140442686,0.7002274422953265,682.4097,0,0,0.0,False,none,control,-0.002736651831605874,0.004108241082207087
02411000,0.7782477381686596,0.8544548873154529,0.7589137668635965,0.7894667653188765,0.5281387566176889,0.673039279192331,26175.33,87,10,0.2174305777033768,True,0.1<DOR<=0.5,,-0.01933397130506309,-0.06498812199657644
02413300,0.8503632526247693,0.7245581706981736,0.84948768783536,0.7274308787950465,0.7799116423061293,0.6982603126148984,1050.971,10,0,0.0024357394789991,False,none,,-0.000875564789409311,0.0028727080968729
02414500,0.7042849967707834,0.7080154449661853,0.6949703801823451,0.6928200875458363,0.5888337306243551,0.7033249569133637,4336.82,20,1,0.2439157302835765,False,0.1<DOR<=0.5,,-0.00931461658843824,-0.015195357420348943
02414715,0.7655461555168745,0.7434747434320292,0.741091886448053,0.7220136292972466,0.6754830757838417,0.7698689393335775,5330.349,20,1,0.1899141044999116,False,0.1<DOR<=0.5,,-0.024454269068821533,-0.02146111413478269
02415000,0.8421763897273207,0.79368519028402,0.8313625785236921,0.787090724534284,0.7890242066545237,0.6044544621902231,491.3829,0,0,0.0,False,none,,-0.010813811203628565,-0.006594465749735989
02418500,0.5380627502684717,0.6875876746700994,0.5371692307693698,0.6260881290309802,0.2810421637736801,0.5959519000801698,8618.29,25,4,0.705700192584485,False,DOR>0.5,dam,-0.0008935194991018802,-0.06149954563911919
02419000,0.7223833405376041,0.6321645837472835,0.7376876983808429,0.6271913932955921,0.6980637652922159,0.5767822716403952,862.1604,1,0,0.0230147978368501,False,none,,0.015304357843238803,-0.004973190451691312
02421000,0.7798878442309352,0.7731856156669176,0.7756638747087119,0.7748673357960328,0.7626265518259001,0.7581199279300227,759.1977,0,0,0.0,False,none,control,-0.004223969522223259,0.0016817201291152717
02342933,0.6188574316345317,0.6105940318194498,0.7350780450190804,0.7435696265341913,0.5622405824885301,0.5912666080818623,290.0952,0,0,0.0,False,none,,0.1162206133845487,0.13297559471474152
02343801,0.7182340500904786,0.7447570374596457,0.7444225299965913,0.7623748732162765,0.32542779732830773,0.5824131720010162,21230.02,94,9,0.5689522904986983,True,DOR>0.5,dam,0.026188479906112727,0.017617835756630784
02363000,0.8008789226195048,0.8564378343391243,0.7684837496062005,0.84702379700164,0.6274750337338728,0.7278420423619676,1292.513,0,0,0.0,False,none,,-0.0323951730133043,-0.00941403733748436
02371500,0.8413380595027122,0.903017493966124,0.8258531431078048,0.8995091467315165,0.7867274754321818,0.8869473007775384,1292.785,0,0,0.0,False,none,control,-0.015484916394907455,-0.0035083472346074673
02372250,0.7974397670007211,0.8298403728723067,0.7831968543974939,0.8278798294940902,0.7639539557183104,0.8378400372863606,1145.223,0,0,0.0,False,none,control,-0.014242912603227187,-0.001960543378216495
02366500,0.58089539677728,0.767273338567457,0.45302996371897397,0.7154595798384437,0.201577975905455,0.6117977268569363,11365.23,2,1,0.0020637906931971,False,DOR<=0.1,,-0.127865433058306,-0.05181375872901339
02369000,0.7903270625281154,0.7915932884864706,0.7789225643783544,0.7929912679211049,0.7467352330196946,0.7519317505484155,1219.1,2,0,0.0039902375333686,False,none,,-0.011404498149760967,0.0013979794346342667
04159900,0.6793840703337712,0.8119368605588388,0.6499890071735008,0.8036161731736907,0.615984122408733,0.6617590120444332,438.7401,0,0,0.0,False,none,,-0.029395063160270407,-0.008320687385148129
04160600,0.6598810561105716,0.7855986470769949,0.6533488415984856,0.7842008563471989,0.5790304162849101,0.6708645859934916,390.8754,1,0,0.0031010270284217,False,none,,-0.006532214512085965,-0.0013977907297959558
04161540,0.7569879117661549,0.807067279229227,0.7581924788261185,0.8074445553403543,0.6567656284582543,0.713809251898737,186.0203,6,0,0.0843703875662936,False,none,,0.0012045670599636349,0.000377276111127256
04161800,0.4666075964337354,0.6420995278257235,0.4646575026470354,0.64169016013707,0.4678817964047176,0.6410299685947518,168.1864,4,0,0.1828219105032141,True,none,,-0.001950093786699969,-0.0004093676886535169
04164000,0.7461654823399457,0.7670988773671024,0.7423548396112454,0.7669702413804558,0.6924927842334818,0.719463977979383,1143.005,14,0,0.046355381049328,False,none,,-0.003810642728700353,-0.00012863598664658582
04164500,0.7269509423854746,0.8011157710137734,0.726455438835085,0.8031060543488189,0.695910203507789,0.7845864822779497,511.9173,1,0,0.0014487035150922,False,none,,-0.000495503550389631,0.001990283335045473
04165500,0.7784619504317096,0.8193571169514899,0.7784635872406392,0.820897741667105,0.7650927324289323,0.8133642330107279,1892.565,15,0,0.0294446744100302,False,none,,1.6368089296170396e-06,0.0015406247156151132
04166100,0.7312840471691813,0.8397114595469191,0.7316411852133198,0.8397844070840412,0.7237168937673502,0.8362377972674977,224.3466,3,0,0.0064155947902438,False,none,,0.00035713804413850525,7.294753712216995e-05
04166500,0.7152605182715771,0.7833527826940427,0.7126544437883763,0.7818976039182073,0.6778370347577216,0.7236921984770898,475.9533,3,0,0.0031884617810352,False,none,,-0.0026060744832008265,-0.0014551787758354529
04167000,0.7527464516254712,0.8080644045487311,0.7496133287940507,0.8074838949906209,0.7401975085616281,0.7853511446096377,229.4964,6,0,0.0209838798504434,False,none,,-0.0031331228314204207,-0.000580509558110176
04168000,0.6104419991917481,0.47868452475933576,0.6027755361077118,0.4783066288914607,0.6380652186063986,0.5352817894579152,219.177,0,0,0.0,False,none,,-0.00766646308403629,-0.00037789586787506657
04195500,0.7788901045969678,0.782854501125901,0.8028187938787403,0.8011696310633245,0.8520116568258036,0.8614654736219097,1080.029,1,0,0.0006054307397626,False,none,,0.023928689281772497,0.018315129937423458
04200500,0.7528476894439801,0.7040449858159405,0.7525067476617188,0.6939783177028643,0.7292587248306958,0.7501354188878773,1026.93,2,0,0.0005924999290782,False,none,,-0.0003409417822612948,-0.010066668113076216
03136500,0.6624142943069677,0.6844953964296482,0.6625728010988066,0.6851974084938391,0.6389082089928464,0.6597724692050054,520.659,2,0,0.0258776612262274,False,none,,0.00015850679183881944,0.00070201206419096
03139000,0.7843468767025962,0.8265587460502467,0.7852088790314663,0.8273075645822116,0.7578055820733243,0.8121350814162596,1202.849,0,0,0.0,False,none,control,0.0008620023288701262,0.0007488185319648455
03144000,0.8032314420106583,0.7890116318428946,0.802924084124325,0.7867744472062972,0.8193515843646919,0.8436247475854457,363.4146,0,0,0.0,False,none,control,-0.00030735788633329264,-0.002237184636597389
03145000,0.7780688780643811,0.8114754186883603,0.7780416538531526,0.80315019374724,0.7795660662931689,0.8261053345984366,345.8997,1,1,0.1153986171448825,False,0.1<DOR<=0.5,,-2.7224211228471518e-05,-0.008325224941120313
03146500,0.8540459818071102,0.8164964834675124,0.8556225500479846,0.8170077923161758,0.8401900501981369,0.7743358437565588,1395.075,2,1,0.0295344368777212,False,DOR<=0.1,,0.0015765682408743764,0.0005113088486634609
03219500,0.7246912926923186,0.8528713370869877,0.6705092545774127,0.8303483068761615,0.5676538950739811,0.7880057807735054,1469.508,0,0,0.0,False,none,control,-0.05418203811490585,-0.022523030210826245
03220000,0.7187113443273547,0.5437532490813062,0.7145169221854841,0.5629769088183798,0.7269792581830337,0.628465825099837,463.9194,0,0,0.0,False,none,control,-0.004194422141870602,0.01922365973707363
03221000,0.8610391788563886,0.8651343245206189,0.867162550954706,0.8470035219051251,0.7008562916459742,0.8489021332954274,2549.06,1,1,0.0203623032738094,True,DOR<=0.1,dam,0.00612337209831737,-0.018130802615493824
03225500,0.3190224809746234,0.6130655085507897,0.46816195401111604,0.654952066384602,-0.056922263259748584,0.3611160713913284,1019.562,2,1,0.0481137331202186,True,0.1<DOR<=0.5,dam,0.14913947303649266,0.04188655783381234
03228300,0.7713607575700147,0.7999816800928905,0.770618489709179,0.797719967262812,0.7645488494168922,0.8475330339926773,262.8486,0,0,0.0,False,none,,-0.0007422678608356437,-0.0022617128300784772
03228500,0.6692142066514564,0.7654474114401845,0.67900002186458,0.7240480413658041,0.6189695848541719,0.7836806378273782,490.9968,2,1,0.4499852751126348,True,DOR>0.5,dam,0.009785815213123605,-0.041399370074380326
03228805,-0.1537653420975018,0.29784807426506454,0.1333992472308011,0.2979451902758451,-0.7571453091724898,-0.25957002554752373,325.5012,1,1,1.2332582086618709,True,DOR>0.5,dam,0.2871645893283029,9.711601078055132e-05
04196800,0.7992147637787936,0.8167390857476272,0.8035652058337135,0.8263327990402781,0.8054470421225877,0.8436802533362854,608.067,0,0,0.0,False,none,control,0.004350442054919856,0.009593713292650907
04197100,0.7203093650752531,0.7287284324638343,0.741528251594622,0.741766196759883,0.782152659805755,0.8394802156844189,388.2105,0,0,0.0,False,none,control,0.021218886519368874,0.013037764296048637
04198000,0.840316396025827,0.7929477068806668,0.8485090971805884,0.8133623722929781,0.802245447524787,0.8749510811381478,3243.828,2,0,0.0005732712349264,False,none,,0.00819270115476145,0.020414665412311295
04199000,0.7379814206457823,0.6857604557953116,0.7501978469353208,0.6969056068789738,0.7760627130813664,0.7594717982922838,947.3742,1,0,0.0098123176591202,False,none,,0.012216426289538451,0.011145151083662208
03157500,0.8524281423803545,0.8411683440845799,0.8527574551851788,0.8504825923798831,0.807989249832785,0.7615805231741362,1194.712,1,0,0.0010408026841746,False,none,,0.0003293128048242888,0.009314248295303251
03159500,0.8700631539392821,0.9020719927797123,0.8598775167766104,0.9017976184096579,0.7192193657927992,0.7872844975676058,2447.092,3,1,0.0163744288603453,False,DOR<=0.1,,-0.010185637162671735,-0.0002743743700543977
03229500,0.7800534216313751,0.8018562062311393,0.7641487955252836,0.7325819929406905,0.7632920708255606,0.7822896185527404,1424.002,3,2,0.4290569423142032,False,DOR>0.5,dam,-0.015904626106091557,-0.0692742132904488
03230500,0.8251644543177749,0.8300669570889447,0.8380772551132194,0.83888425699034,0.8053211814013619,0.8034821087091858,1376.946,0,0,0.0,False,none,control,0.012912800795444546,0.008817299901395237
03231500,0.8444547238176003,0.8551647729038494,0.8715321031484343,0.853056297196183,0.5203773554031226,0.7617785704167636,9971.048,10,5,0.0700836598583901,False,0.1<DOR<=0.5,,0.027077379330833984,-0.0021084757076663685
03232500,0.7497845052506693,0.8490319852135462,0.7337206250187358,0.8279338660385843,0.7320893257467731,0.8121545276571208,363.2454,1,1,0.3303158750215714,True,DOR>0.5,dam,-0.016063880231933503,-0.02109811917496185
03234300,0.697517310559712,0.8090109287207081,0.716091038489548,0.7408540995780065,0.6833831173032101,0.839321476351978,2944.457,2,2,0.0565849633246189,False,0.1<DOR<=0.5,,0.018573727929836026,-0.0681568291427016
03234500,0.8430811510995309,0.9017389586032915,0.88471309434274,0.9026446001370536,0.5563585681182739,0.7599996527247915,13284.22,12,7,0.0668964599602938,False,0.1<DOR<=0.5,,0.04163194324320918,0.0009056415337621582
03237500,0.7435849049117274,0.7450374315455235,0.7332479107530798,0.742439525346777,0.7572056792312327,0.8416701681601693,1003.208,0,0,0.0,False,none,control,-0.010336994158647528,-0.002597906198746447
03238500,0.7457018282446333,0.7562838546739146,0.7531186684990918,0.7530297426719617,0.7696912575373316,0.8461318509404578,568.5038,1,0,0.0059575248879789,False,none,,0.0074168402544585454,-0.0032541120019529135
03209500,0.8163392166552987,0.9049813596586348,0.8642302296807051,0.8850413239577097,0.7188414448350016,0.7465239998751156,3191.611,3,2,0.1055454734139667,False,0.1<DOR<=0.5,,0.047891013025406326,-0.019940035700925063
03214500,0.8522473906287079,0.9115840215323696,0.7980404079897,0.8942009768627095,0.6151979572763906,0.7705451307738728,3309.055,3,2,0.0252079288273742,False,none,,-0.05420698263900792,-0.01738304466966012
03216500,0.7940716157784731,0.7535367105498678,0.7808857391937711,0.7408835813988063,0.8015196730487967,0.7699636552173501,1036.77,1,1,0.0827400006570585,False,0.1<DOR<=0.5,dam,-0.013185876584701939,-0.012653129151061537
03217000,0.7148222054615913,0.7551497286883696,0.7461391985525967,0.7750102436153398,0.7690936955289501,0.8035191750337749,625.7565,1,0,0.0016259127137212,False,none,,0.03131699309100544,0.019860514926970163
03281000,0.6326587549296175,0.7937803718791745,0.768111455826797,0.7680304189838858,0.2639908453719766,0.6499952720446075,1392.92,3,1,0.0729174514565028,False,0.1<DOR<=0.5,dam,0.13545270089717942,-0.025749952895288697
03281500,0.8105600985572464,0.8762205798983362,0.8310173446757281,0.886460709678968,0.8521639287822506,0.8722566706564722,1838.22,0,0,0.0,False,none,control,0.020457246118481653,0.010240129780631713
03282000,0.8993135043735663,0.9388654865471018,0.9100661837947863,0.9092270557921519,0.7061527728737327,0.8341365884450804,6883.035,9,3,0.0356947518638185,True,DOR<=0.1,,0.010752679421220046,-0.029638430754949874
03280700,0.6748579710804102,0.7284453699853504,0.6548486537382794,0.7145559545390163,0.7217255719465512,0.7947623112028177,158.2227,0,0,0.0,False,none,control,-0.02000931734213085,-0.013889415446334041
03404000,0.853792009986561,0.9157272265651014,0.7904955659746282,0.8803275737344458,0.6324404557907446,0.7897527461152799,4161.075,5,0,0.0075014595601312,False,DOR<=0.1,,-0.0632964440119328,-0.035399652830655604
03528000,0.8902060779414309,0.8750471877364088,0.8587623504193982,0.8547175393085074,0.6801555118526883,0.7626727415080476,3815.792,0,0,0.0,False,none,control,-0.03144372752203273,-0.020329648427901414
03531500,0.8877000974935577,0.930990751492821,0.8812501131283402,0.9283345566227753,0.8699661357979915,0.9084827774383379,827.6904,0,0,0.0,False,none,,-0.006449984365217487,-0.0026561948700456472
02177000,0.79069976774997,0.7758323226454631,0.8144094955018879,0.7824877173314215,0.8463827444285441,0.7869722351808823,526.7736,0,0,0.0,False,none,control,0.02370972775191793,0.006655394685958438
02178400,0.752656048635708,0.7221466602722957,0.7329674715409518,0.7209568436302016,0.7289139544198651,0.6852941781966266,151.2753,0,0,0.0,False,none,,-0.019688577094756243,-0.0011898166420940548
02330450,0.757001846334358,0.8785441199373598,0.7498961501843846,0.874507709894939,0.6535931007750514,0.7464982762091641,116.6112,1,0,0.0043487774094853,False,none,,-0.007105696149973362,-0.004036410042420835
03455500,0.617142421745541,0.6883471657250988,0.6009261675025555,0.6785334539578642,0.6534722626663809,0.7258924608546915,72.9522,1,0,0.0309519314322451,True,none,,-0.01621625424298556,-0.009813711767234556
03456100,0.638592782346353,0.7004035579671883,0.6138821888992243,0.6842703940104742,0.6604074498612169,0.7438188009994571,150.7977,1,0,0.018708303566099,False,none,,-0.02471059344712867,-0.016133163956714158
03456991,0.575141867060402,0.5707404382942514,0.5433471191356325,0.551680098119449,0.6243357669912695,0.6344648386549091,335.5515,1,0,0.0092481740026324,False,none,,-0.03179474792476955,-0.019060340174802404
03459500,0.7568806238704789,0.7845460026938799,0.7081710274079375,0.7658271463920164,0.7443833852631985,0.8145406140876219,905.6979,3,0,0.0260227549818294,False,none,,-0.04870959646254147,-0.01871885630186343
03460000,0.7403323588609689,0.8065897778698039,0.7287493083446497,0.7989016600968365,0.6392552573276642,0.6845281679046248,127.019,0,0,0.0,False,none,control,-0.011583050516319249,-0.007688117772967407
03498500,0.8740671873017386,0.8601891191983326,0.8651188122433071,0.857970262968704,0.8714525279734188,0.8551096567858418,696.7582,0,0,0.0,False,none,,-0.00894837505843149,-0.002218856229628585
03500000,0.855639909677494,0.852439417695809,0.8197473204869347,0.8405595639370049,0.81541700226332,0.7962039945506876,361.1439,0,0,0.0,False,none,,-0.035892589190559376,-0.011879853758804071
03500240,0.7660265822180037,0.8355600673975914,0.7555128381324827,0.8313142798637645,0.7858523732011033,0.8191780093668207,145.8639,0,0,0.0,False,none,,-0.01051374408552097,-0.0042457875338268725
03503000,0.8076046102970623,0.8042344444919872,0.7886292378766872,0.7765312185581716,0.7452263864617007,0.7342470649017632,1129.928,1,0,0.0007600767613764,False,none,,-0.01897537242037517,-0.02770322593381558
03504000,0.7971162847919684,0.8599613859003112,0.7942400049589516,0.879641943854192,-1.5986147890258997,-0.29753377734296116,134.5167,1,1,0.9187646593324345,True,DOR>0.5,dam,-0.0028762798330167483,0.019680557953880795
03512000,0.8053094964101931,0.886985663240153,0.7864724752054348,0.8738989943785844,0.8072277163178179,0.9009349183914673,476.0343,2,0,0.0007473195684514,True,none,,-0.018837021204758275,-0.013086668861568618
02204070,0.7243343125146036,0.6716003588414475,0.7030945817324696,0.6512320403130748,0.7785665202223517,0.7632482864987462,477.3717,2,0,0.0004637343109904,True,none,,-0.021239730782133925,-0.02036831852837273
02208450,0.637739008080631,0.7620992534114414,0.5926082065723668,0.7498589656572153,0.382803175148986,0.6296160303847756,480.708,6,0,0.0217669892330616,True,none,,-0.04513080150826421,-0.012240287754226031
02217475,0.8352150200229969,0.7839779589570581,0.8386758205208577,0.7865495165420433,0.8185830302115636,0.7096578778578753,863.2495,3,0,0.0015354840601181,True,none,,0.0034608004978607942,0.0025715575849851735
02217500,0.8051842648736548,0.7679862395011385,0.8215912527094882,0.7739112748309039,0.7870414821565563,0.6975406735739049,1015.023,7,1,0.062023391655733,True,none,,0.016406987835833386,0.005925035329765405
02218300,0.8755518795770273,0.8507446604228114,0.8610759042727275,0.8486286581514335,0.7557474032057588,0.776113817577026,2439.963,15,1,0.0260750441557093,False,none,,-0.014475975304299782,-0.0021160022713778703
02219000,0.8497873740913048,0.7883150733745938,0.8475620073929281,0.790355475013576,0.822496651270429,0.7351500679448668,456.6087,4,0,0.0051982751572123,True,none,,-0.002225366698376696,0.0020404016389821145
02220900,0.7822249423227414,0.6922214007360943,0.7909199190292575,0.6931262094128445,0.7176196304176066,0.5067371954138815,689.9769,8,0,0.0088790003767514,False,none,,0.008694976706516089,0.0009048086767502461
02331600,0.7509652659476678,0.6976928782338117,0.7471719485330985,0.6975056497110947,0.783758726924912,0.7423186332603431,819.7617,3,0,0.0010599470649715,False,none,,-0.0037933174145692306,-0.00018722852271690904
02333500,0.7981294745407466,0.7479591550171572,0.79551863376376,0.746012264462546,0.7902662583997295,0.7404562979329519,390.3174,1,0,0.0001894431676373,False,none,,-0.0026108407769865893,-0.0019468905546111692
02334430,0.11847007729956316,0.4144130276672098,0.2564284089651184,0.4017283729815838,-0.09163825732298836,0.34772223671589797,2683.308,6,1,1.7240535848198353,True,DOR>0.5,dam,0.13795833166555527,-0.012684654685625962
02334885,0.7072469872008313,0.6369167619008773,0.7022971620820062,0.6302860257378614,0.7751367623181724,0.8108326234683685,122.0977,0,0,0.0,False,none,,-0.004949825118825135,-0.0066307361630159045
02335000,0.28458390126132893,0.5577545678687137,0.3784932076622569,0.5153569910235574,0.14835850713513432,0.5303114325167213,3032.42,7,1,1.51078868017578,True,DOR>0.5,dam,0.09390930640092798,-0.042397576845156326
02335450,0.3265961437544167,0.513197177488461,0.3803761388045266,0.45871684806268676,0.26024839751889384,0.5163371350562667,3155.918,8,1,1.534434680445928,True,DOR>0.5,dam,0.053779995050109886,-0.0544803294257743
02335700,0.7940853079996415,0.7181410178441181,0.7930628236026439,0.7177073921488191,0.827532202198985,0.7538333713903314,190.593,1,0,0.0010922931568891,True,none,,-0.0010224843969975916,-0.0004336256952990336
02335870,0.651846686513708,0.7312749680361441,0.6565693515394571,0.733164860955176,0.6241737859379664,0.6744427185742434,79.53696,3,0,0.0016826675971205,True,none,,0.004722665025749029,0.0018898929190318547
02336000,0.5201945970253453,0.6379595752010636,0.553530763375232,0.5696402282733324,0.5008220370505067,0.6775307375058909,3757.341,23,1,1.2466892370077067,False,DOR>0.5,dam,0.033336166349886676,-0.06831934692773123
02336300,0.6871057359030839,0.6841481916251786,0.6836826060047032,0.6807596793913204,0.6884306917857858,0.6660325664652595,221.6925,1,0,0.0003160443010827,False,none,,-0.0034231298983806724,-0.0033885122338581652
02336490,0.629170667940453,0.6482693191287767,0.6305539512113021,0.5808568626544286,0.660835732995382,0.7447251296107649,4121.988,25,1,1.0922427891348114,False,DOR>0.5,dam,0.0013832832708491338,-0.06741245647434813
02337000,0.7726093383100788,0.7760526467239546,0.7570726795608864,0.775815014047962,0.7530439299939491,0.7795960085358736,617.6349,5,0,0.0028777977965393,False,none,,-0.015536658749192411,-0.00023763267599252735
02337170,0.7703171005545497,0.7976775768733071,0.7516614641833896,0.7496538971398434,0.6537565046103975,0.753875930264136,5325.304,35,1,0.8822428192860013,False,DOR>0.5,dam,-0.018655636371160078,-0.048023679733463664
02344350,0.8228048721480508,0.7497703699096235,0.8138159101846772,0.746539696590644,0.847825615355445,0.7923738556974252,330.1573,7,0,0.0253749691061991,True,none,,-0.00898896196337351,-0.0032306733189795267
02380500,0.6875602917874808,0.7749389697467984,0.6871715503549536,0.774917191276308,0.635720355185148,0.6930717235281365,611.6292,4,0,0.001334445075688,False,none,,-0.0003887414325272065,-2.177847049045223e-05
02382200,0.49932678113017104,0.45345320049033067,0.49233819921269506,0.44926869413176496,0.6310460943503164,0.4778983993942857,309.8763,1,0,9.95657468711586e-05,True,none,,-0.006988581917475978,-0.004184506358565709
02392000,0.7259370977853745,0.6579629549354367,0.7362209016754256,0.6622442430019084,0.7737048234260233,0.6830582889182792,1589.434,13,0,0.0036669223162367,False,none,,0.010283803890051124,0.004281288066471767
02210500,0.8285759251399927,0.8492999351207711,0.8335684391988926,0.8484049167016089,0.5601794384240761,0.7493202906005286,3710.135,36,4,0.152272844096838,False,0.1<DOR<=0.5,,0.004992514058899888,-0.0008950184191621746
02212600,0.7341134518988828,0.6363083940591695,0.7351436280265105,0.6459707121719864,0.591160718548207,0.40251763860143375,187.9614,1,0,0.0025449178127999,False,none,,0.00103017612762768,0.009662318112816926
02213000,0.8579437155156444,0.8196523164540315,0.562107690122992,0.6072243137807671,0.5367855434200381,0.6928458378294795,5824.94,48,7,0.1445476842539413,True,0.1<DOR<=0.5,,-0.2958360253926524,-0.21242800267326434
02215100,0.72391075483855,0.8156719578246354,0.7216478350421093,0.8127239689505585,0.6658292931426391,0.804566075701159,420.2923,1,0,0.0004888215448511,False,none,,-0.0022629197964407766,-0.002947988874076879
02221525,0.7889880690004478,0.6994679721939305,0.7880456563773282,0.7019571069806649,0.7185978081801603,0.544164106605169,490.7976,1,0,0.0003619079677521,False,none,,-0.0009424126231196706,0.002489134786734404
02341800,0.7864980565361058,0.8384892578512863,0.7619377720324395,0.8216321110384555,0.652537623164127,0.6726820220932894,883.6146,2,0,0.001763989494429,False,none,,-0.02456028450366632,-0.016857146812830792
02344500,0.8483107771281237,0.8013850913945336,0.8453620936748193,0.8017173004664533,0.7614734407886907,0.7310570065839301,697.3857,13,1,0.0681997743173982,False,DOR<=0.1,,-0.002948683453304457,0.00033220907191966464
02344700,0.7698883470935296,0.7825858547826544,0.7754164882169546,0.7762997129764939,0.7578343417754557,0.7737700191483097,259.4079,4,2,0.3383603814764278,False,0.1<DOR<=0.5,,0.005528141123425034,-0.0062861418061604946
02347500,0.8470227899781927,0.6685788743515266,0.8609986026843729,0.6632301969953802,0.6648657508261311,0.5945963053163767,4790.137,56,4,0.0483478452488428,False,DOR<=0.1,,0.013975812706180202,-0.005348677356146414
02349605,0.3140697477382962,0.5639393977178293,0.43344149844931135,0.6195636251808715,-0.3929889761423373,0.354830863892064,7574.744,68,4,0.031829834952826,False,DOR<=0.1,,0.11937175071101513,0.055624227463042186
02349900,0.7595740829905807,0.8293957066434732,0.7430837077387195,0.8212712841176164,-0.35779183662523795,-0.24076946214617667,122.8673,1,0,0.0359023702348271,True,none,,-0.016490375251861256,-0.008124422525856767
02318700,0.7624962800668703,0.7218889952752016,0.7643029657682727,0.7234151062045109,0.6994673762061228,0.6071317304606325,704.6711,5,0,0.0143216271956613,True,none,,0.0018066857014024107,0.0015261109293093211
02350512,0.5626789174363478,0.7490245100350412,0.766494891206527,0.8311619933028511,0.17647367270398218,0.5857355065863326,10194.55,74,5,0.0750804517340189,False,DOR<=0.1,,0.20381597377017924,0.0821374832678099
02351890,0.39693296631371255,0.4399559747581203,0.34492057236810325,0.4273759170410658,0.22518916787449528,0.37136830718390756,972.0065,6,0,0.004589847456493,False,none,,-0.0520123939456093,-0.012580057717054505
02352500,0.668882981744339,0.7300522830182217,0.8101410336666299,0.7746347797953566,0.27596517363980966,0.5850848768298641,13700.25,85,5,0.0620673961308711,True,DOR<=0.1,dam,0.1412580519222909,0.04458249677713488
02353500,0.7636952035109591,0.7246118896827335,0.7461828898675916,0.7212418355993855,0.7213201067968822,0.7140300434659352,1612.679,9,0,0.0032711715572932,False,none,,-0.017512313643367472,-0.0033700540833480064
02326000,0.5338336680168676,0.6266340393176286,0.5371541993800487,0.6290382058303743,0.2764857745452781,0.5176436053031943,556.4121,0,0,0.0,False,none,control,0.0033205313631811118,0.0024041665127456646
02327100,0.5205484292944006,0.5791162316086931,0.5225244887313436,0.5793109736691577,0.4827117582131991,0.6231763321147398,271.1182,0,0,0.0,False,none,,0.0019760594369430118,0.0001947420604646588
02329000,0.6855347842193322,0.7296624829372211,0.6799529959032369,0.7337577180929247,0.49268220916333505,0.6532610031615995,2966.779,21,2,0.0475255752412128,False,none,,-0.0055817883160953485,0.004095235155703536
02329600,0.7012814012583117,0.6602252364911274,0.6988254341790303,0.6597858249897393,0.5579327359366689,0.45850534178812796,790.3278,2,0,0.0035162279390575,False,none,,-0.002455967079281418,-0.0004394115013881539
02330000,0.6869942854323299,0.7109267837716255,0.6488203518682698,0.6889810447944145,0.35470823411217645,0.5156906383772009,4454.672,23,2,0.0313310394064895,False,0.1<DOR<=0.5,,-0.03817393356406007,-0.021945738977211082
02330100,0.5648249598845758,0.7528728515745275,0.5729650687534174,0.7672141122872875,-0.7694187382706625,-0.2543811955583972,322.5477,1,0,0.004103932720809,False,none,,0.008140108868841534,0.014341260712759984
02359000,0.7104552093929801,0.8132076187013406,0.6950700573603612,0.807700687608282,0.6279226021679112,0.7718408361783673,2162.885,3,0,0.0084283642880032,False,none,,-0.01538515203261892,-0.005506931093058665
03021350,0.7194877634916297,0.7064870610771006,0.7157955234300264,0.703557583281362,0.7256035408767854,0.8457909022355945,239.6691,0,0,0.0,False,none,,-0.0036922400616032913,-0.0029294777957386
03023100,0.8004401617215046,0.8557608540543616,0.8454745775586697,0.8137527836887798,0.6784655288648427,0.8385716304362527,2086.982,3,1,0.0818336667654619,False,none,,0.045034415837165165,-0.04200807036558185
03024000,0.7813093544819133,0.8623256724035144,0.8531824674131268,0.8585462072889953,0.6168400494071749,0.8017038399193642,2762.845,5,1,0.0716788700722077,False,none,,0.07187311293121346,-0.0037794651145190983
03093000,0.7214632248067335,0.8156892368170947,0.7026859598670181,0.8220931852383572,0.575682965815786,0.7042523419036593,251.7975,0,0,0.0,False,none,,-0.018777264939715432,0.006403948421262462
03094000,0.7371889315869915,0.8573765665277172,0.7794829028003893,0.8136930302192775,0.6332696291453355,0.8087558509531145,1487.505,7,3,0.285360051054038,False,DOR>0.5,dam,0.04229397121339784,-0.043683536308439685
03097550,0.7773899468382545,0.8855870628024864,0.8254631608186553,0.8692701804750964,0.6478168190130933,0.7854429687951874,2201.038,10,5,0.3605773086981375,False,DOR>0.5,,0.048073213980400875,-0.016316882327390037
03102500,0.8103513713560884,0.8154086618056015,0.8103232107615745,0.8121925310658,0.8106249661148897,0.8410083159525048,241.7346,2,0,0.0083653618303803,False,none,,-2.8160594513826354e-05,-0.003216130739801426
03102850,0.799021363664695,0.8267944447213358,0.8031009011255311,0.8211284952851555,0.796390077293898,0.8248359690784589,870.5376,3,1,0.5322962285083789,False,DOR>0.5,dam,0.0040795374608361135,-0.005665949436180262
04202000,0.35367900832963495,0.5588398073080023,0.5373555393613834,0.6495358387763539,-0.11303045381566368,0.24664546824684397,390.1275,2,1,0.1437718759319666,False,0.1<DOR<=0.5,,0.1836765310317484,0.09069603146835159
04207200,0.7219673056720369,0.7968902081098701,0.7245941555497069,0.7976490312849401,0.6635866712366087,0.7345349917351998,222.1038,0,0,0.0,False,none,,0.0026268498776699234,0.0007588231750700336
04208000,0.8333919208438456,0.8047785522180897,0.8281527502013106,0.7847922439020683,0.8281684908902053,0.9109180623986315,1837.508,4,2,0.0430558816028337,False,DOR<=0.1,,-0.005239170642534985,-0.01998630831602144
04212100,0.6953032980223108,0.8244934076808158,0.7997048417420347,0.8823728215575407,0.7672127975822334,0.8336077504120665,1784.892,3,0,0.009230858804309,False,none,,0.10440154371972388,0.057879413876724906
04213000,0.5201023445656163,0.5532417224649466,0.5241188365174325,0.5488700785455245,0.7385070171100754,0.7581028406014598,455.2974,0,0,0.0,False,none,control,0.004016491951816192,-0.00437164391942213
03085500,0.8515731133545245,0.8674278321771451,0.8530870907360601,0.8696349379578094,0.8246923614463427,0.8224723837043542,666.8838,1,0,0.0037986016022622,False,none,,0.0015139773815356916,0.002207105780664298
03091500,0.548717355560002,0.6210244710964608,0.6000799000199128,0.5844591486950944,0.5424086378578297,0.6381091975579088,708.7518,4,2,0.361141226922211,True,DOR>0.5,dam,0.05136254445991084,-0.03656532240136634
03098600,0.815925743093806,0.8831389807851912,0.8355900941020269,0.8262715879207092,0.7295983844437157,0.8560094602154014,2525.609,16,5,0.3071881576424091,False,DOR>0.5,,0.019664351008220837,-0.05686739286448195
03105500,0.8698483050190379,0.9282877158228395,0.8900354048563435,0.8750158879603505,0.7708609787705303,0.8390613883254281,5752.941,25,7,0.2264379247903419,False,DOR>0.5,,0.0201870998373056,-0.053271827862489074
03106000,0.8645540250197983,0.8864605874512007,0.8654757901725487,0.8901031277403864,0.8679344691611803,0.9249706582114191,921.4443,0,0,0.0,False,none,control,0.0009217651527504422,0.0036425402891856473
03106500,0.7926782543449099,0.7875184636403103,0.7990766649612857,0.794856014445731,0.7656371272000295,0.7612355009840929,1043.36,2,1,0.096623506394184,False,0.1<DOR<=0.5,,0.006398410616375805,0.007337550805420645
03107500,0.8820096773752953,0.8980803792791028,0.8978275941211143,0.905077200216198,0.7875727119655558,0.8023309362185544,8034.329,29,8,0.1815347519321485,True,0.1<DOR<=0.5,,0.015817916745819005,0.006996820937095194
03108000,0.8617369821262426,0.8662059473091078,0.8598084143631102,0.8656405771016005,0.8480028525591743,0.8157205944995942,463.4865,2,1,0.0855323448102569,False,0.1<DOR<=0.5,,-0.0019285677631324383,-0.0005653702075073541
03109500,0.7567911893643201,0.7568275972036063,0.7575446647853135,0.7589244054764895,0.6962296155410046,0.6747790387323441,1304.177,1,0,0.0046161803104852,False,none,,0.0007534754209933547,0.002096808272883277
03110000,0.8135009645760971,0.8614818152843129,0.8105892327009518,0.8565302943577464,0.7925612829624478,0.807581016533186,381.4083,1,0,0.0069278098595673,False,none,,-0.0029117318751452625,-0.004951520926566477
03111500,0.7335064201979383,0.8324688773648214,0.7399658445195323,0.837162777479681,0.5670374968662271,0.6980490145067659,318.8142,0,0,0.0,False,none,,0.006459424321593965,0.004693900114859595
03111548,0.697768228249385,0.795150457455951,0.7125033574200292,0.7977137406293655,0.48086298354057055,0.6118648657326331,253.1448,0,0,0.0,False,none,,0.014735129170644234,0.0025632831734144768
03117000,0.8061716333405469,0.9021526801903703,0.7972193439041145,0.8970215827931176,0.7005100314367962,0.8346787427161716,1336.8,13,1,0.0714926848767445,False,DOR<=0.1,,-0.008952289436432337,-0.005131097397252704
03117500,0.8239268212143103,0.9117503907936066,0.8162411931435443,0.9080241528522227,0.7807093324923899,0.8315576789587928,656.2251,0,0,0.0,False,DOR<=0.1,control,-0.007685628070766004,-0.0037262379413839364
03118500,0.7738221913418402,0.7347573717019711,0.7740203242831842,0.7329504102842985,0.8025807820401195,0.8925973396890513,453.5037,0,0,0.0,False,none,control,0.00019813294134407577,-0.001806961417672559
03124500,0.6266078450988612,0.7311080020574454,0.6226498838283496,0.7281673518459291,0.6191816433700629,0.7378009326777171,803.0898,1,0,0.0077478278443203,True,none,,-0.003957961270511623,-0.002940650211516349
03129000,0.7800156507057487,0.8727571789316987,0.8318066127026043,0.8615226355747632,0.5737825566509669,0.7897897594421276,6319.039,22,8,0.2435983337127016,False,0.1<DOR<=0.5,dam,0.05179096199685551,-0.011234543356935522
04206000,0.791535085220207,0.7903036458802694,0.8107241591586117,0.7690208013394051,0.7674748617786149,0.881329565368508,1047.329,4,2,0.0850924472175393,False,0.1<DOR<=0.5,dam,0.019189073938404744,-0.021282844540864265
03151400,0.8182472050000196,0.8274005493648382,0.8154995976982387,0.8225689093326114,0.7943175493090576,0.7835817988727194,290.7306,0,0,0.0,False,none,,-0.002747607301780919,-0.004831640032226803
03155000,0.8334989054723352,0.7865604535360939,0.8705193409658231,0.7931528899852931,0.8131999471159675,0.7395369114926369,3924.7,2,1,0.0096425316000919,False,DOR<=0.1,,0.03702043549348788,0.006592436449199157
03159540,0.7387544187554544,0.7954929597712873,0.6755471733734337,0.7464408016037096,0.7598210187296792,0.79581723661539,400.851,0,0,0.0,False,none,,-0.06320724538202072,-0.049052158167577686
03194700,0.8321888374587718,0.8542656780105069,0.8415990644342131,0.8593917225451805,0.8073765637660593,0.7871007893968515,689.0697,0,0,0.0,False,none,control,0.00941022697544125,0.0051260445346735795
03176500,0.8779364218487488,0.8583200681149871,0.8643534275397996,0.8601333235385721,0.6698709371863836,0.7840112881474559,9781.729,6,1,0.0711180875587168,False,DOR<=0.1,dam,-0.013582994308949159,0.001813255423585014
03179000,0.8250683652097188,0.8512017489851063,0.8330491729388786,0.8532729906659121,0.8143743993556591,0.8125769603967559,1024.424,2,0,0.0018932127936673,False,none,,0.007980807729159767,0.0020712416808058576
03184000,0.8451975470825149,0.8305392523545088,0.8763592106277623,0.8469397657127122,0.8297761780429396,0.8958085600320532,4225.824,1,0,0.0002770287464844,False,none,,0.03116166354524741,0.016400513358203472
03185400,0.8825925698007377,0.9013775873011228,0.8862564890744573,0.8807019409500194,0.658923028827135,0.7987935578239529,17348.47,13,2,0.0459420379497809,False,DOR<=0.1,dam,0.0036639192737195625,-0.020675646351103416
03189100,0.8257809851864792,0.8722197640305687,0.8209751379263108,0.8685152769078966,0.8032080329885806,0.8253321974619845,1369.11,0,0,0.0,False,none,,-0.004805847260168417,-0.0037044871226720177
03190400,0.7428235130199585,0.8566359672997166,0.7309411000020154,0.8521160893025799,0.7234185439704734,0.8363598767605471,944.6616,0,0,0.0,False,none,control,-0.011882413017943128,-0.004519877997136712
03192000,0.6526274276125674,0.8008134094161887,0.7609809404025524,0.8513658493252315,0.5457389940366086,0.7282118348996409,3407.807,1,1,0.0936837453297476,False,0.1<DOR<=0.5,dam,0.10835351278998495,0.05055243990904279
03193000,0.8805130907976108,0.9115872124800668,0.8948033858598193,0.8904214732550867,0.6367544825172808,0.8014341002721435,21702.95,17,3,0.0550861822642864,True,DOR<=0.1,dam,0.01429029506220858,-0.021165739224980107
03197000,0.7571713945813792,0.8122369769085425,0.8147148756595455,0.8241321694840282,0.5686108457891372,0.6734051143114542,2950.136,1,1,0.0407958612249429,False,0.1<DOR<=0.5,dam,0.057543481078166314,0.011895192575485769
03198000,0.8893757595055806,0.9271748697005829,0.9050137747545018,0.9229863622389088,0.6205730352538061,0.7732979375640969,27095.16,20,6,0.0525401236512195,False,DOR<=0.1,,0.015638015248921278,-0.004188507461674096
03198500,0.7737136366815212,0.8709703788977563,0.8077718132383366,0.8888487167453958,0.7506852848109594,0.7717905756201171,1013.508,1,1,0.0265952562727893,False,none,,0.03405817655681542,0.01787833784763948
03200500,0.8030556698543688,0.8733643695570442,0.831065490331937,0.9102717481429956,0.7622629547856183,0.8476502232096046,2223.267,5,2,0.0606637108003582,False,none,,0.02800982047756817,0.03690737858595139
03202400,0.797850001035533,0.8090584537957082,0.8046009994335618,0.8409168404870659,0.7945097778096102,0.8712798737021641,792.7677,1,0,0.0205606456295059,False,none,,0.006750998398028729,0.031858386691357765
03202750,0.7836206083691318,0.7205174650219001,0.8125720051493673,0.8079520001167526,0.8268300476699821,0.8883123816669428,327.1086,0,0,0.0,False,none,control,0.028951396780235505,0.08743453509485255
03203600,0.69594784790538,0.8421318392800342,0.7739990597373344,0.8851179473819824,0.3704724470306947,0.6238678213726341,2158.022,3,1,0.0528236284633862,False,0.1<DOR<=0.5,dam,0.0780512118319544,0.04298610810194814
03207800,0.832663693481927,0.9140926205965328,0.8086433080407818,0.8806484121942426,0.7302274047871273,0.720294506351504,768.5802,0,0,0.0,False,none,control,-0.024020385441145264,-0.03344420840229023
03213700,0.7578952209154223,0.8428803108147566,0.8367934452336998,0.9166975390677463,0.7220766576837572,0.8373438801469356,2425.06,1,0,0.0056509100910942,False,none,,0.07889822431827753,0.07381722825298975
02111500,0.6599895414902787,0.6714319859837358,0.6493162668770177,0.6628313502677514,0.6639233430161784,0.6946896611792384,233.6607,1,0,0.0006083049757917,True,none,,-0.010673274613260952,-0.00860063571598435
02112000,0.5692592498184688,0.7136638370455495,0.6802670231113557,0.6838625867056589,0.49240628458580193,0.694678867911749,1300.812,2,1,0.0823003598300965,False,DOR>0.5,dam,0.11100777329288691,-0.02980125033989056
02112120,0.7376087547462991,0.7856447217087867,0.7342317329308032,0.7805340490177514,0.6415878434422382,0.6649719415995219,322.2684,0,0,0.0,False,none,,-0.0033770218154958176,-0.005110672691035378
02140991,0.7822574927326987,0.8758896951024162,0.7642333039776262,0.8624283309900419,0.6883434348528334,0.7186506747844112,521.9865,0,0,0.0,False,none,,-0.0180241887550725,-0.013461364112374308
03161000,0.839810223790604,0.8450915276863545,0.8636214783802462,0.8621568139532196,0.8494726636597326,0.8257173711199816,527.8624,0,0,0.0,False,none,control,0.023811254589642172,0.0170652862668651
03164000,0.8222300909096535,0.786697449199982,0.8319008350299955,0.7936791574650555,0.7459587888960044,0.7621337276968362,2952.736,1,0,0.00027929245388,True,none,,0.009670744120341968,0.006981708265073494
03208500,0.8103781210157883,0.8246035577179948,0.79882801601951,0.8144504642252557,0.8178438062462243,0.8752709462874082,740.8935,0,0,0.0,False,none,control,-0.011550104996278288,-0.010153093492739074
03208950,0.7547744735223718,0.7773888519326974,0.7789188475810447,0.7860335769357446,0.5213366470206477,0.32549123011647263,171.9225,0,0,0.0,False,none,,0.02414437405867287,0.008644725003047249
03209000,0.4796337119004369,0.6483998864041636,0.5644597685388976,0.6307850526791292,0.33447069735594614,0.6462572903667778,572.2452,2,1,0.3535703800308784,True,DOR>0.5,dam,0.08482605663846066,-0.017614833725034362
03465500,0.805599528211277,0.7752127129960099,0.7265811304946692,0.7553477660718274,0.6766185017536666,0.6908463603779231,2081.6,0,0,0.0,False,none,control,-0.07901839771660779,-0.019864946924182503
03473000,0.7952652076075979,0.8558843394867812,0.7825221145790797,0.8513753067218386,0.775579246827861,0.7645958494372265,784.8126,0,0,0.0,False,none,,-0.012743093028518171,-0.004509032764942633
03475000,0.7454545876733769,0.7971911898486359,0.7441859371696142,0.7940968782924689,0.5415440561041467,0.4997485337617448,533.9583,2,0,0.0174986198584801,True,none,,-0.0012686505037626805,-0.0030943115561670176
03479000,0.71018327569757,0.7117507332749132,0.6646975347117672,0.6995491932447823,0.7569897968348058,0.6948598725410597,235.6011,0,0,0.0,False,none,,-0.045485740985802825,-0.012201540030130964
03488000,0.842835076823583,0.8640297851562447,0.8350970663007277,0.8608513236085324,0.819472467245723,0.7842471615952824,578.206,0,0,0.0,False,none,,-0.0077380105228553875,-0.0031784615477122857
03524000,0.8695770428073031,0.9201593337498164,0.8390873018187176,0.8999965963104375,0.793320846423471,0.834922773161168,1381.823,0,0,0.0,False,none,control,-0.03048974098858548,-0.02016273743937891
02137727,0.7613388459899979,0.7393283724791226,0.6958531359185244,0.7174732377943474,0.807967892190224,0.750205994580344,329.544,0,0,0.0,False,none,,-0.06548571007147352,-0.02185513468477529
02143000,0.7422128916734918,0.6923549893715284,0.709985605533501,0.6871536874805603,0.28435415751262116,0.15761131998621147,216.6723,1,0,0.000811805518509,True,none,,-0.03222728613999082,-0.005201301890968124
02149000,0.7244095442434249,0.7486704410609997,0.6891077865789419,0.7375380218166214,0.7182622304477488,0.7308765809080338,203.8527,0,0,0.0,False,none,,-0.03530175766448296,-0.011132419244378244
02151500,0.7896223644080663,0.7774965722730306,0.7960560034306399,0.7794563221967622,0.7986043820118187,0.7840140817919143,2260.265,9,4,0.0907571057924798,True,DOR<=0.1,,0.006433639022573545,0.001959749923731602
02152100,0.6743183586594459,0.716370469952949,0.6426754170935718,0.6980347626622325,0.7321198752671196,0.7682661184539497,154.9944,0,0,0.0,False,none,,-0.031642941565874105,-0.01833570729071643
02154500,0.8445203207687897,0.8371133230169409,0.8466112844636494,0.8310454604858893,0.8181835270247607,0.8040480690553986,282.0298,0,0,0.0,False,none,,0.0020909636948597266,-0.0060678625310515155
02154790,0.7569068522345215,0.6906278620577873,0.7322232645701988,0.6935416603914102,0.39698453715125637,0.2618546536645785,143.5707,2,1,0.4624778996398623,True,DOR>0.5,,-0.02468358766432266,0.00291379833362293
02156500,0.8396801448018523,0.7965776857657374,0.8573805693901682,0.7996358895869513,0.7040986505808128,0.7487994766333563,7201.157,27,7,0.0827758026259618,True,DOR<=0.1,,0.01770042458831589,0.0030582038212139118
02160105,0.7985412743706611,0.7818876190644102,0.824030086522129,0.7868718337771747,0.8028615195829046,0.7537019279975665,1959.148,12,1,0.0499601286034612,False,DOR<=0.1,,0.02548881215146781,0.004984214712764556
02160700,0.7676083775264044,0.7445083863898363,0.7922471678129887,0.7514520790211712,0.7133873496067383,0.7312305569315375,1146.949,5,0,0.0063455399707666,False,none,,0.024638790286584222,0.006943692631334875
03439000,0.7667004715992457,0.8389600031915778,0.7514576644944668,0.8349430189176359,0.7432957177691291,0.7073687195019158,178.6674,0,0,0.0,False,none,,-0.015242807104778877,-0.004016984273941926
03443000,0.8063118858431306,0.8732107562564715,0.7283374597453994,0.8372997373576898,0.5268563150086214,0.5952217240333544,765.5247,3,0,0.0073457229745927,False,none,,-0.0779744260977312,-0.03591101889878168
03446000,0.7995643409914442,0.8267865705907346,0.7926550870758999,0.8207853884764096,0.8211221621943254,0.8832798990879154,172.5642,0,0,0.0,False,none,,-0.006909253915544311,-0.006001182114324988
03451000,0.8290426334686857,0.7795013456290327,0.7938137676931556,0.8055572041671439,0.7249976427123392,0.6501747176718622,335.4329,2,1,0.1971266937328462,False,0.1<DOR<=0.5,,-0.03522886577553008,0.02605585853811121
03451500,0.8978110950636958,0.9134542772822898,0.8799187066748745,0.902414178159914,0.7772606936287199,0.8171162763788669,2444.736,7,1,0.0181939491463679,False,DOR<=0.1,,-0.017892388388821345,-0.011040099122375802
03453500,0.8914172608734358,0.9082994912288193,0.8751857339548841,0.9068094560883537,0.7284503033657044,0.7441268771187668,3448.471,12,1,0.0165862461545246,True,DOR<=0.1,,-0.016231526918551675,-0.0014900351404655288
02163500,0.7594171212762052,0.7529541297876894,0.8082708436029826,0.7680140228786462,0.8143640259548576,0.796407315400219,1505.403,9,2,0.189727616696624,True,0.1<DOR<=0.5,,0.04885372232677743,0.015059893090956789
02167000,0.7130274487627468,0.6789162669706794,0.6918043863752807,0.669897615436073,0.5484953159119771,0.6559389511003383,3514.51,18,3,0.3735545498928991,False,0.1<DOR<=0.5,dam,-0.021223062387466074,-0.009018651534606459
02192000,0.8680579522070145,0.8081913775731319,0.875902539476736,0.8117504194217737,0.8397675692319888,0.8232836144514329,3673.486,4,0,0.0003007510031796,False,none,,0.007844587269721481,0.003559041848641864
02193500,0.6934293625273682,0.6395644268280092,0.6866545480201314,0.6405910022038274,0.674063831959905,0.680315857757036,756.6813,1,0,0.008163540140172,False,none,,-0.006774814507236826,0.001026575375818184
02196000,0.679058137078238,0.4856669390174775,0.729385171243216,0.48152919902877245,0.7284573028891912,0.39223361219746855,1408.382,0,0,0.0,False,none,control,0.05032703416497797,-0.004137739988705036
02197000,0.2282755483476826,0.5952127403625833,0.5748054457869414,0.6810796167998204,-0.0734603282197206,0.48713100503249884,19112.31,49,13,1.4261255309556553,True,DOR>0.5,dam,0.34652989743925877,0.08586687643723712
02198000,0.5791314501579392,0.6766325796056788,0.5081415929595929,0.6551831744386196,0.2825531211486261,0.5726300297863919,1675.712,14,0,0.0304960129904208,True,none,,-0.07098985719834627,-0.021449405167059177
02201000,0.8039078092690934,0.8164379177725064,0.8180348317186438,0.8251076179274778,0.5773260959133275,0.3645523623812068,285.849,1,0,0.000887189441643,False,none,,0.01412702244955033,0.008669700154971371
02203000,0.6969021801570408,0.6252549935893565,0.6937621763294677,0.6336327072275837,0.592381930361695,0.5793645437521621,1450.085,12,0,0.00280541214056,True,none,,-0.003140003827573068,0.008377713638227147
02215500,0.5792906605592337,0.7697339453223496,0.7898780878305187,0.8228121568922887,0.2805543154649316,0.635674715607558,13566.88,89,7,0.0767004626860954,False,DOR<=0.1,,0.210587427271285,0.05307821156993908
02223500,0.6517312887993536,0.7227451136575338,0.8108092299902607,0.7373461754889122,0.17088654582752127,0.5390243828414356,11407.57,69,4,0.3092661546686084,False,0.1<DOR<=0.5,dam,0.15907794119090712,0.014601061831378437
02225500,0.7388917406169816,0.6866010632703765,0.7100750622809909,0.6824016374135202,0.5852425829266366,0.6420944194425388,2841.175,17,0,0.0045076265386169,True,none,,-0.028816678335990664,-0.004199425856856287
02226000,0.6783208794864337,0.795513043159829,0.7783707735156307,0.812550077761881,0.3365774485667412,0.6459622471479997,35273.38,204,11,0.1302021416409112,False,0.1<DOR<=0.5,,0.10004989402919695,0.01703703460205208
02227500,0.6370780433781591,0.5865602962755123,0.6123140223798531,0.5728227673037145,0.5431975322870028,0.5378807615752055,1720.706,1,0,9.31321055259169e-05,False,none,,-0.02476402099830599,-0.013737528971797808
02319000,0.5004548073875302,0.6652608191913185,0.4394428691062363,0.6422209288238083,0.2989665983873664,0.5826864681854147,5505.854,35,0,0.005897565376886,False,none,,-0.06101193828129392,-0.023039890367510196
02315500,0.8311891276832454,0.7487012706948512,0.828087709076343,0.760351413392837,0.8406568124820595,0.7521742353931522,6136.255,3,1,0.1040853137254836,False,none,dam,-0.003101418606902384,0.01165014269798581
02321500,-0.22331840169584471,-0.0037025556970315954,-0.3741900817599031,-0.0335278726500019,-0.7212290397560002,-0.12324138631669745,1474.261,0,0,0.0,False,none,control,-0.15087168006405838,-0.029825316952970304
02323500,0.5267188369256379,0.6446261747923754,0.36126835568095583,0.5828346397112991,0.15301600123151293,0.5191724552733428,25078.26,76,2,0.0253812511010954,False,none,,-0.1654504812446821,-0.061791535081076265
04215000,0.7797868935588695,0.7747624403095755,0.7809517553939339,0.7843740548141018,0.7826590312068504,0.7925852859416547,248.0184,1,0,0.0004274733401979,True,none,,0.001164861835064368,0.0096116145045263
04215500,0.7440308092696069,0.6955735238832428,0.7198901957430563,0.6524975855428821,0.7701540076863204,0.7807339005814078,350.7246,1,0,0.0005897058409784,False,none,,-0.024140613526550503,-0.04307593834036072
04216418,0.3503132146940907,0.2543434203395003,0.3543529985678112,0.26006378517768813,0.2628512708439855,0.19822567919550638,196.4727,2,0,0.0020127950720135,False,none,,0.004039783873720504,0.00572036483818783
04218000,0.7497073105558621,0.8330355019299539,0.7369681094088386,0.8265852236996761,0.6755928955423727,0.7990926854212871,896.9733,2,0,0.0005223047521384,False,none,,-0.012739201147023538,-0.006450278230277773
04218518,0.7207843674524643,0.7164897686774143,0.780864807478962,0.7462470255753616,0.697946531003041,0.6424715103732208,220.2912,0,0,0.0,False,none,,0.060080440026497706,0.029757256897947282
04221000,0.8326765306745775,0.8809627247199902,0.8243179317578447,0.8749379154894119,0.8344116883992124,0.8723919994683728,750.879,0,0,0.0,False,none,control,-0.00835859891673274,-0.006024809230578243
04223000,0.81886766378947,0.7629198263729072,0.8145320983518373,0.7595026815184767,0.8320165819396966,0.8013418131111565,2547.669,5,1,0.0250073818963516,False,DOR<=0.1,,-0.0043355654376326935,-0.003417144854430565
04224775,0.7173288673221965,0.7597044434794904,0.7203621390352637,0.7600084875622497,0.7309825611368392,0.7902995299503067,231.8445,0,0,0.0,False,none,control,0.0030332717130672204,0.0003040440827593027
04227000,0.7957808038662751,0.8101353719590553,0.7954947803307945,0.810283395269256,0.7911562617662555,0.7928351202671357,876.1599,1,0,0.0021055992605584,False,none,,-0.00028602353548068393,0.0001480233102006956
04227500,0.1700187740789847,0.6162064120179516,0.18573973705171154,0.6223211107619927,0.00224039527384301,0.5503650121718305,3692.064,8,1,0.0228018556557931,False,DOR<=0.1,,0.01572096297272685,0.006114698744041136
04228500,0.41106733923682715,0.7152260438319029,0.4110438478216554,0.715068219277663,0.1892980093142248,0.6169732332166222,4343.949,10,1,0.0214558100609502,False,DOR<=0.1,,-2.3491415171772445e-05,-0.00015782455423996034
04230380,0.7730810953368029,0.8479722941690226,0.7723205386972463,0.8475576351429464,-0.2557478200853147,-0.2771142495893191,107.0739,0,0,0.0,False,none,,-0.0007605566395566532,-0.0004146590260762917
04230500,0.7724214157554843,0.7290178090424297,0.7685435801209584,0.7269940240876823,0.6301060899989712,0.6859085024360446,524.7018,1,0,0.0014075204338533,False,none,,-0.003877835634525928,-0.0020237849547474207
04231000,0.6972002266849646,0.8369865443257791,0.6993643508703435,0.8365743054585664,0.47765752430844444,0.505965953401396,340.8813,0,0,0.0,False,none,control,0.002164124185378924,-0.00041223886721275527
04231600,0.6260126319427342,0.7920827569924147,0.6334494119167815,0.7959061822502222,0.371695495284744,0.6543851947052886,6383.732,16,2,0.0291317713149187,True,DOR<=0.1,,0.007436779974047347,0.0038234252578075445
01541000,0.7804887947705528,0.7921216454691385,0.778274544060745,0.7902431231020695,0.7854547723115308,0.8047371995114969,817.7463,0,0,0.0,False,none,control,-0.0022142507098077413,-0.001878522367069091
01541200,0.6895461018174264,0.8131211327864063,0.7444128840532165,0.7979841202624931,0.6646431004434633,0.8103952232809062,951.9687,1,1,0.0203231203822285,True,0.1<DOR<=0.5,dam,0.05486678223579011,-0.015137012523913196
01541303,0.788971545943486,0.8676639861327438,0.8066845021671819,0.8387784360145366,0.7580958412497877,0.8641634596664638,1242.98,3,1,0.0197940916061291,False,0.1<DOR<=0.5,dam,0.017712956223695953,-0.02888555011820715
01541500,0.8436947585939267,0.9108087188802652,0.8404387412322774,0.9050271021272063,0.816805303692331,0.8938144521673428,960.1506,2,1,0.0610947601162373,False,0.1<DOR<=0.5,,-0.003256017361649377,-0.0057816167530588825
01543500,0.8694606385130983,0.8978074376088419,0.865165096372893,0.8950384729392739,0.8680270705525048,0.8956866279250502,1778.258,0,0,0.0,False,none,control,-0.004295542140205333,-0.002768964669567997
01544000,0.655937047527885,0.8201189730637386,0.6367290582569494,0.8109807436065949,0.608852234046865,0.7601960019583378,635.0229,1,0,0.0066433740844083,True,none,,-0.019207989270935588,-0.00913822945714371
03007800,0.8119868986296271,0.8678974492834387,0.8132257336621156,0.8672723569826678,0.7803745135357444,0.7713573071570506,651.5217,0,0,0.0,False,none,control,0.00123883503248845,-0.0006250923007709019
03010500,0.820869579478642,0.9075071371056823,0.8106251941787858,0.9030510549832566,0.8009821948324531,0.8827114248278971,1412.971,1,0,0.0001059262462327,False,none,,-0.010244385299856273,-0.004456082122425764
03010655,0.8359468810295531,0.8868804934939698,0.8348347437608693,0.8863295983685333,0.8353565286883211,0.8820548157059124,254.4417,0,0,0.0,False,none,control,-0.001112137268683755,-0.0005508951254364902
03011020,0.8959839481046347,0.8787692332694307,0.8945666589658916,0.8815135317871957,0.882123867266245,0.8897840750815558,4161.725,4,2,0.0088675396697356,False,DOR<=0.1,,-0.0014172891387430608,0.0027442985177650314
03014500,0.7066908507181295,0.7838045565091928,0.757481124209071,0.8385981219040712,0.7015081305152532,0.7992037976510986,499.3146,1,1,0.1729490225564962,True,0.1<DOR<=0.5,dam,0.05079027349094145,0.05479356539487845
03015000,0.6608594683983493,0.8324126883055081,0.7023552262497035,0.8522235659984805,0.5828374821071022,0.7803667439141847,2083.342,3,1,0.0437764810318688,False,0.1<DOR<=0.5,,0.041495757851354176,0.019810877692972406
03015500,0.8375560885116629,0.8820594680616194,0.8374310186004515,0.8818406950333924,0.832350412714641,0.9026059543644724,784.8513,1,0,0.00303812013907,False,none,,-0.00012506991121130628,-0.00021877302822703726
03020500,0.8531736982335035,0.8782509218785861,0.855641018419457,0.8808503759725299,0.8540117182647347,0.8889841626812062,730.5574,0,0,0.0,False,none,control,0.0024673201859534144,0.0025994540939437982
03025500,0.7895804517066405,0.8880163831300175,0.8812733329841678,0.9048992568314828,0.6310642898455885,0.7938966655266528,15426.36,18,5,0.0942788910051772,False,0.1<DOR<=0.5,dam,0.09169288127752728,0.01688287370146524
03028000,0.7839792590347666,0.8109086295292519,0.7838754222165562,0.8111313189073481,0.7885599466907238,0.8104200728769884,161.1102,0,0,0.0,False,none,,-0.00010383681821046764,0.00022268937809621914
03029500,0.8843619879349094,0.9028606727505579,0.8861400126994513,0.8863002343256975,0.8790846249178149,0.9300354525560227,2086.573,2,1,0.0596325686152051,False,DOR<=0.1,,0.001778024764541919,-0.016560438424860435
03030500,0.8684014924492232,0.9180776896237858,0.8738668667432281,0.9199675185076789,0.8473078531337022,0.9141926837743798,2501.184,3,2,0.0717923277346204,True,DOR<=0.1,dam,0.005465374294004954,0.0018898288838931077
03031500,0.8476956586854708,0.9207539938710975,0.9030814689594371,0.9149316236847396,0.6893916233749993,0.8202865253213039,19836.96,22,8,0.0854103304651109,False,0.1<DOR<=0.5,,0.055385810273966274,-0.005822370186357895
03032500,0.8439033853108723,0.8315710875361163,0.8474136798348266,0.8380236345598497,0.8420654082315407,0.8862807128447994,1376.622,2,0,0.0001562139936079,False,none,,0.0035102945239543493,0.006452547023733435
03034000,0.6250719461890598,0.6701488793417296,0.6883061694639945,0.7089898008407136,0.6797395000865998,0.6986802168191217,407.5902,0,0,0.0,False,none,control,0.06323422327493466,0.038840921498983993
01557500,0.8055285731126705,0.813407026446663,0.8063685201187688,0.8134914013879884,0.7605063385435672,0.8120296656521495,115.2963,0,0,0.0,False,none,,0.0008399470060983516,8.437494132540468e-05
01560000,0.8283783975354513,0.7181313039699712,0.823189048409136,0.7141364191476223,0.8643646665031908,0.8642444133067988,444.6405,0,0,0.0,False,none,control,-0.005189349126315301,-0.0039948848223488875
01601500,0.8476532269039999,0.8538501245951048,0.8457492109589455,0.8500328320882025,0.8445604838918701,0.8900523480026907,641.3698,0,0,0.0,False,none,control,-0.0019040159450544047,-0.0038172925069023256
01603000,0.8437588836798074,0.9201119828102935,0.850267790364541,0.8789667103763553,0.7878070896109172,0.8461533998992183,2267.205,6,3,0.1645672892961771,False,0.1<DOR<=0.5,,0.006508906684733584,-0.041145272433938174
03036500,0.861936581171413,0.9224168201715733,0.9049753387636377,0.9303219695614853,0.6485405474702198,0.7862252681605217,23225.2,28,12,0.0794837241651108,True,0.1<DOR<=0.5,dam,0.04303875759222464,0.007905149389911936
03038000,0.785340429853282,0.8442691023617843,0.8134518305644225,0.8595577471484055,0.6581988808871795,0.4721570508878279,493.6905,1,1,0.1401437974812203,False,0.1<DOR<=0.5,,0.02811140071114049,0.015288644786621175
03041500,0.8898014227193578,0.8875362497185948,0.8852813921691178,0.8667099498258211,0.890835604282665,0.9343138909267026,1863.592,8,2,0.0682109183579593,False,DOR<=0.1,,-0.004520030550239973,-0.020826299892773736
03042000,0.8303204254378751,0.7992315675764008,0.8300521868080699,0.7968294755518384,0.8313736406666896,0.8289704734079253,499.2651,0,0,0.0,False,none,control,-0.0002682386298051842,-0.00240209202456243
03042280,0.8033819646281335,0.8223440966474151,0.8002236122579678,0.8245968432962303,0.8000964081433317,0.8851142110862997,154.4994,1,1,0.1897280087206172,True,DOR>0.5,dam,-0.003158352370165707,0.0022527466488151404
03042500,0.8152191843583002,0.8382783442954487,0.7890435378617845,0.8211704092242222,0.8000739389020867,0.8892748717744481,440.8776,2,2,0.1446234382901292,False,0.1<DOR<=0.5,dam,-0.026175646496515714,-0.017107935071226432
03045000,0.8098576762937924,0.8580228105180926,0.8101058236741235,0.8577841963341519,0.7959839663023369,0.8516795114610224,444.0222,0,0,0.0,False,none,control,0.00024814738033118733,-0.00023861418394066636
03048500,0.38274125651065294,0.6518542631051145,0.38651440543946103,0.651469359650735,0.18483390124074606,0.5909605227400451,4728.982,14,5,0.061442151684136,False,DOR<=0.1,,0.00377314892880809,-0.0003849034543794705
03049000,0.7266684545196884,0.7809120801800604,0.724231634631057,0.7815286718689007,0.6688662365669343,0.7228582241391484,357.1533,0,0,0.0,False,none,,-0.002436819888631425,0.0006165916888403178
03049500,0.8373614240022969,0.8958512477050191,0.8892758884659868,0.9422232053444756,0.5391169550012418,0.7285675825920032,29543.64,47,21,0.0791436361921146,True,0.1<DOR<=0.5,,0.05191446446368997,0.04637195763945645
03072000,0.7569449403749189,0.8443727686625462,0.746176735089156,0.8403712404636426,0.7242939144790101,0.8062949045392453,588.3783,2,0,0.0205249813103739,False,none,,-0.010768205285762833,-0.004001528198903537
03072655,0.8383554306794203,0.885076145343867,0.908051102552249,0.9465372816537477,0.6389648289739334,0.7297750288048783,11547.25,19,7,0.0416840039160639,True,DOR<=0.1,,0.06969567187282866,0.061461136309880704
03074500,0.7879173728451607,0.8468910779658556,0.790226335138583,0.8486501731042433,0.2776422775339058,0.24390119179296466,191.1114,0,0,0.0,False,none,,0.0023089622934222565,0.0017590951383876785
03075070,0.8496570557814573,0.9183843448311133,0.8795419486469204,0.8958063825436486,0.6402228601747487,0.767041079068581,13824.03,21,9,0.0476844756806046,False,DOR<=0.1,dam,0.02988489286546303,-0.02257796228746467
03076500,0.8325614611181459,0.8189908574575965,0.8325398502071997,0.7965625713320351,0.8381704834843154,0.8165783752020697,761.7645,1,1,0.1968978219135375,False,0.1<DOR<=0.5,,-2.161091094621259e-05,-0.02242828612556136
03076600,0.6926590528080028,0.7225257683857598,0.6931157264232076,0.7230817494098071,0.6494910044959633,0.6814977388641086,127.3991,0,0,0.0,False,none,,0.00045667361520485006,0.0005559810240473029
03078000,0.8187531593051938,0.8675376596082566,0.8173344722576361,0.8655183125645827,0.6106302251718991,0.5086021939279746,161.4825,0,0,0.0,False,none,,-0.001418687047557654,-0.0020193470436739025
03079000,0.8351542214658478,0.7948453988837093,0.8355471267498978,0.7962578219919809,0.848412730793012,0.8404875416251807,990.8361,0,0,0.0,False,none,control,0.0003929052840500047,0.0014124231082716099
03080000,0.8383644330780653,0.8128712979538184,0.8343926556581727,0.8093851767456054,0.8470843579137755,0.8617644698989306,313.3376,1,0,0.0020015735733123,False,none,,-0.00397177741989263,-0.003486121208213011
03081000,0.7556373255774677,0.8352304910877086,0.8343490419030135,0.8605900654828301,0.6959119772074012,0.7600063674646571,2659.891,3,2,0.1617647505573493,False,0.1<DOR<=0.5,dam,0.07871171632554586,0.025359574395121487
03082500,0.8432254928546444,0.8954286286643433,0.8648640299612711,0.8707907070827541,0.7871647186419706,0.8260340671943639,3426.338,5,2,0.1299352281186608,False,0.1<DOR<=0.5,,0.021638537106626665,-0.024637921581589173
03083500,0.8647483555729689,0.9092922947971326,0.8556083688604543,0.8447427165718366,0.7715314134829635,0.846411347210997,4429.456,6,2,0.1061909032341282,False,0.1<DOR<=0.5,,-0.009139986712514592,-0.06454957822529594
01595000,0.7432423466525933,0.8383352831576688,0.7383606581270354,0.8358819106846889,0.6455302366959743,0.6291087188517412,190.1387,0,0,0.0,False,none,control,-0.004881688525557815,-0.002453372472979942
01597500,0.44922653723721195,0.7258756547198779,0.5797383505375484,0.764863528128586,0.3618425923021301,0.6581349465701611,276.0048,2,1,0.1636704766098458,True,0.1<DOR<=0.5,dam,0.13051181330033645,0.03898787340870813
01598500,0.4937254300839452,0.7537698104694958,0.6988725440650868,0.7921934497788546,0.4126882287128264,0.7013178310256603,1049.92,5,3,0.2988541634553788,True,0.1<DOR<=0.5,,0.2051471139811416,0.03842363930935888
01604500,0.7964007791276999,0.7193790301925964,0.8050447372211417,0.718698303866194,0.7333941490103133,0.5904144838421295,570.8079,3,0,0.0041081379638745,False,none,,0.008643958093441761,-0.00068072632640237
01605500,0.6879192445668976,0.7153767395325377,0.6753561099021441,0.709730087873241,0.6862658889399642,0.7100182217578878,463.8492,0,0,0.0,False,none,control,-0.01256313466475345,-0.005646651659296675
01607500,0.6836717672254532,0.7838718971487815,0.6785595555376185,0.7825427964924238,0.3350736699356546,0.40337999262127666,267.1758,2,0,0.0060873834655345,False,none,,-0.005112211687834711,-0.001329100656357718
01608000,0.7809230987860734,0.8021845786808992,0.7747572102285628,0.8045131693613512,0.6809119502161118,0.7136119301727,717.5779,2,0,0.0027582012191897,False,none,,-0.006165888557510546,0.002328590680451992
01608500,0.6030045395089465,0.7241246264183134,0.7244110844144475,0.7733908647830536,0.6961274132137596,0.7482746221854187,3784.08,2,0,0.0004861983873905,False,none,,0.12140654490550096,0.0492662383647402
01622000,0.6832773529347989,0.7007495504223247,0.6806939847475209,0.6964632410220247,0.6771025705492004,0.7243464144686745,970.5348,7,0,0.0324484396849895,False,none,,-0.002583368187278001,-0.004286309400299948
01625000,0.7252733076895446,0.7404602347865253,0.7034395905421837,0.7218181624345943,0.7568036565955578,0.7879546485588307,964.1261,1,0,0.0003044051438522,False,none,,-0.02183371714736082,-0.01864207235193105
01627500,0.6153982020071893,0.5583435674909503,0.6334705182083771,0.5693668232256376,0.6879819380993313,0.7293520890005809,547.262,0,0,0.0,False,none,control,0.018072316201187766,0.01102325573468732
01632000,0.6364362516923467,0.6295830687686875,0.6359262401015511,0.6276011456740749,0.5996729135114065,0.5748902528805562,543.357,1,0,0.0016966012539144,False,none,,-0.000510011590795667,-0.0019819230946126476
03050000,0.85146844447238,0.8316793580484388,0.8480828352479737,0.8285903504670923,0.8545243506045702,0.8348179935446922,487.287,1,0,0.0079840860743721,False,none,,-0.0033856092244063385,-0.003089007581346559
03051000,0.8870317708880961,0.8787344462241944,0.8848581398730054,0.8831853685878819,0.8744798460943655,0.8613030195182072,1076.024,2,0,0.003769408288707,False,none,,-0.0021736310150907157,0.004450922363687493
03052000,0.8551291920471605,0.9136016258379127,0.8496152254915076,0.9084722022825787,0.8447417006526258,0.9117629325724901,386.9613,0,0,0.0,False,none,,-0.005513966555652949,-0.005129423555333967
03053500,0.8838390202529683,0.9096633101288428,0.8819279723458617,0.9097790873082776,0.8568934386704997,0.9111497531628475,697.7826,0,0,0.0,False,none,control,-0.001911047907106611,0.00011577717943478394
03054500,0.8950356199793639,0.8567664131319787,0.8918460567210211,0.8589880059014958,0.8828997271497621,0.9011474417990033,2360.572,2,0,0.0015814238568524,False,none,,-0.0031895632583427425,0.0022215927695171667
03056250,0.802648759859246,0.8512977080615235,0.8143735679313653,0.8476746920401687,0.7930866767418365,0.8764755932085916,250.515,1,1,0.0651024495876574,True,none,,0.011724808072119286,-0.0036230160213548412
03061000,0.8120816009025236,0.8486054968794605,0.8457632064124601,0.8528824387722316,0.80943295759035,0.7971779493608322,1985.226,4,1,0.0615860585385957,False,0.1<DOR<=0.5,,0.033681605509936485,0.004276941892771058
03061500,0.67611292241474,0.7784521371902071,0.6786426662577368,0.7772608615567645,0.5930804985745133,0.6430789354597768,300.1365,0,0,0.0,False,none,,0.0025297438429968677,-0.0011912756334425678
03066000,0.7703604387852974,0.8610115225426208,0.7715211831944191,0.8633251181061183,0.6124214870475538,0.5572485391232791,222.7851,1,0,0.0010340819347825,True,none,,0.0011607444091217278,0.002313595563497528
03069500,0.883231412888499,0.9255469657555718,0.8739574001767229,0.9202704319502043,0.8701416055356284,0.913019036128878,1856.853,1,0,0.0001212888248091,False,none,,-0.009274012711776192,-0.005276533805367523
03070500,0.8208035170913801,0.8336752377661354,0.8169070152372431,0.8301751764044294,0.8180507049271232,0.8239210313685448,517.3794,0,0,0.0,False,none,control,-0.0038965018541370355,-0.0035000613617059972
03075500,0.8283623251948697,0.8178024733533685,0.8277447552493196,0.8173758567586455,0.8438631946024793,0.8332696045051923,347.6025,0,0,0.0,False,none,,-0.0006175699455501782,-0.00042661659472298386
03180500,0.8220588402490365,0.849660722393698,0.819855730456901,0.8413066991289366,0.6005646767235959,0.551668188964068,345.0564,0,0,0.0,False,none,,-0.0022031097921355602,-0.008354023264761423
01626000,0.6231152838822237,0.6485499570133247,0.6397596856768852,0.6573442900345127,0.642603941802901,0.6939149072421501,328.6971,0,0,0.0,False,none,control,0.016644401794661534,0.008794333021187928
02011400,0.7564102253182061,0.7607327809759021,0.7701011776843744,0.7571992571947691,0.7518258776813856,0.7367409698584475,407.7162,0,0,0.0,False,none,control,0.01369095236616824,-0.00353352378113303
02011460,0.803010398825634,0.6861497066655388,0.778844621593503,0.6731088740577591,0.5619619359513235,0.2883582708700596,156.3408,3,1,0.4884517291020281,True,DOR>0.5,,-0.02416577723213098,-0.013040832607779662
02011470,0.8151962012194086,0.7771790439959296,0.7991874856833172,0.7810211153833817,0.7756584243856128,0.6772840915330877,200.4327,3,1,0.3843162562651827,True,0.1<DOR<=0.5,,-0.0160087155360914,0.003842071387452073
02011500,0.8164234843181375,0.7494860210281024,0.8115647291035594,0.7550153074177219,0.8252814158735863,0.8396354356407674,348.0309,3,1,0.2441379234103859,False,0.1<DOR<=0.5,,-0.004858755214578125,0.005529286389619581
02011800,0.18783699229290407,0.5646359125289687,0.5437295233150135,0.5924314716195689,-0.08207020638927687,0.5051171441134317,895.0734,4,2,0.5080342289019305,True,DOR>0.5,dam,0.3558925310221094,0.027795559090600164
02013000,0.8217896244748929,0.802155121391279,0.8319362114763494,0.8141491424852885,0.8279236255346423,0.82109133037201,424.7766,1,0,7.259524793493538e-05,False,none,,0.010146587001456542,0.011994021094009488
02013100,0.6798444495106678,0.841705894046066,0.76483071336745,0.7903812655930077,0.46794047183627463,0.6842442231340897,1590.756,5,2,0.3153543935392538,False,DOR>0.5,dam,0.08498626385678221,-0.051324628453058296
02014000,0.7851872500528745,0.7072527150020553,0.7790361463216413,0.7037887281421671,0.734453721808648,0.5747183077145438,396.783,0,0,0.0,False,none,control,-0.006151103731233176,-0.003463986859888246
02015700,0.7168267502385334,0.7885189131236554,0.7117587082314024,0.7841386512169273,0.7146899422646411,0.8138356547588671,285.4062,0,0,0.0,False,none,control,-0.005068042007130957,-0.004380261906728133
02016000,0.7960095090584062,0.7920662241489924,0.8119040085059109,0.7934789459711595,0.8464066254984584,0.8454265634515093,1194.551,0,0,0.0,False,none,control,0.015894499447504762,0.0014127218221671178
02016500,0.8432013829672751,0.9147261073135975,0.8719570437048361,0.8684926246059603,0.780319785526704,0.800965207564915,3558.252,7,2,0.1342979696428978,False,0.1<DOR<=0.5,,0.028755660737560973,-0.046233482707637164
02017500,0.8287851536655136,0.7733653586279637,0.8275507019256345,0.772972549711222,0.8231090696393996,0.7644424032778429,276.1497,1,0,0.001700622525782,False,none,,-0.0012344517398791277,-0.00039280891674176033
02018000,0.8165801522116726,0.7871858775937589,0.8076514147973223,0.789862700710793,0.7808430131368611,0.6906204697467703,852.3431,1,0,0.0005698492075911,False,none,,-0.008928737414350296,0.0026768231170340995
02019500,0.8589457352400283,0.8393574627920539,0.852032384569083,0.7886050660583195,0.7939285601587383,0.8721673682469068,5378.53,8,2,0.0921092400659989,False,0.1<DOR<=0.5,,-0.006913350670945229,-0.05075239673373444
02021500,0.844469736066355,0.8857831936290953,0.849014533600384,0.8915602273982545,0.8441212398579405,0.8854292790019725,851.6961,1,0,0.0171907313737263,False,none,,0.0045447975340290325,0.005777033769159168
02024000,0.8523349727468051,0.8814199063101888,0.8665346544744499,0.8949316320411319,0.8575185700712188,0.8725607422417907,1674.867,3,0,0.0099417640749093,True,none,,0.014199681727644742,0.013511725730943058
02025500,0.8424402667180202,0.8528236749461612,0.877869139054912,0.8462669051183205,0.7206699172980497,0.757596806742653,8443.398,18,2,0.069557971484599,True,0.1<DOR<=0.5,,0.03542887233689185,-0.006556769827840703
02027000,0.5944202984740057,0.5896016238673009,0.6242661915244374,0.6139507280102796,0.6392890921168366,0.6335865095906901,240.7671,0,0,0.0,False,none,control,0.029845893050431727,0.02434910414297875
02053800,0.7316385268702934,0.6895490289181426,0.7288381227509368,0.6857988704909133,0.5848791122215296,0.4394395692595512,280.7226,0,0,0.0,False,none,,-0.0028004041193565588,-0.0037501584272293664
02054500,0.7453487256833982,0.6396365333844282,0.7612794870660032,0.6476167440943681,0.7494403175814646,0.54534580093701,661.3497,0,0,0.0,False,DOR<=0.1,control,0.015930761382605074,0.007980210709939928
02056000,0.7615768518496417,0.5966013686986,0.7713895351016951,0.604035428657643,0.8826435994861506,0.8727527587072741,1323.014,2,1,0.0590607124965978,True,DOR<=0.1,,0.009812683252053311,0.0074340599590430045
02056900,0.752188978444188,0.744410060257243,0.7289449095811695,0.7334143091663131,0.7477264876613108,0.7033455560488442,298.1079,0,0,0.0,False,none,,-0.02324406886301844,-0.010995751090929873
02058400,0.7618674752957435,0.6751083605872832,0.7705586744321976,0.6791827084333925,0.7264953040973724,0.6343546373797719,887.8482,0,0,0.0,False,none,control,0.008691199136454109,0.004074347846109272
02059500,0.646276584786118,0.49337638809412265,0.6530374709124107,0.49479202839838243,0.5372606224936285,0.27590523541999257,485.4078,0,0,0.0,False,none,control,0.0067608861262926645,0.0014156403042597798
02060500,0.7912516309154489,0.8500955694231138,0.7533135886160361,0.7820942095145196,0.5205248895968175,0.680111768776479,4617.756,5,3,1.0840975899689953,False,DOR>0.5,dam,-0.03793804229941278,-0.06800135990859424
02061500,0.6726703229163337,0.5405952504835848,0.6755844984129651,0.5441951765413675,0.6184532269966025,0.48884445989014824,815.2614,0,0,0.0,False,none,control,0.0029141754966314215,0.0035999260577826986
03170000,0.7701334446289295,0.7485068710548008,0.7861302738729323,0.7553235594229113,0.755610105783769,0.7215874215947891,794.6403,0,0,0.0,False,none,control,0.015996829244002808,0.006816688368110446
03171000,0.8268679085392128,0.8227984045051464,0.8257362696819079,0.8249300657135029,0.677570832887227,0.755849699970095,7167.697,6,1,0.0949685727419138,False,DOR<=0.1,dam,-0.0011316388573048286,0.0021316612083565056
03173000,0.8189875798981755,0.7962095477927142,0.8058718493899129,0.7874249512090342,0.785094665785959,0.7586224895793756,773.3151,0,0,0.0,False,none,control,-0.013115730508262646,-0.008784596583680027
03183500,0.8686669087194376,0.8758481057751073,0.8902945323671195,0.8902899294729508,0.8573192057579198,0.9077408753135294,3547.473,1,0,0.0003182679556022,False,none,,0.021627623647681893,0.014441823697843525
03186500,0.7805753115680472,0.8027680987608518,0.7751390018033303,0.7986762099337725,0.7906640747114099,0.8139161942304578,329.6805,0,0,0.0,False,none,,-0.0054363097647168734,-0.004091888827079226
03187500,0.7681598742450654,0.8279245465214397,0.7628604714816694,0.8248650379730642,0.6144086868056284,0.5510423820988448,207.415,0,0,0.0,False,none,,-0.005299402763396022,-0.0030595085483754447
02069700,0.6765968262172184,0.6379208653708734,0.6775903127973082,0.6377433844129841,0.6174604578001448,0.5628439876949889,221.1336,0,0,0.0,False,none,,0.0009934865800897974,-0.00017748095788938656
02070000,0.6765678880725363,0.726149937896351,0.6537301336441421,0.7106001947573375,0.5660315038198643,0.5986447486711499,270.6084,0,0,0.0,False,none,,-0.022837754428394197,-0.015549743139013472
02071000,0.7784607750818409,0.8429338769767957,0.7924800677402744,0.8421472943856942,0.7839361685340804,0.8460159122635721,2706.758,7,5,1.2399744322882793,False,none,,0.014019292658433491,-0.0007865825911014257
02072000,0.00584219601401581,0.44025742814659663,0.3687957818133354,0.5367956450987099,-0.08063998855925747,0.4201520569451844,557.748,2,1,0.9037526788619392,True,DOR>0.5,dam,0.3629535857993196,0.09653821695211329
02072500,0.16128219163829827,0.5553432514327659,0.4417197954022489,0.6057810870078069,-0.0031663135531974085,0.5041324954870628,670.0635,2,1,0.7542452828916762,False,DOR>0.5,dam,0.28043760376395066,0.050437835575041
02073000,0.509183711631559,0.7010112022249049,0.5977761190665721,0.6947664669780935,0.34618092366346886,0.5714884430927856,982.5147,3,1,0.5223154913012674,True,DOR>0.5,dam,0.08859240743501318,-0.00624473524681135
02074000,0.6859345074119765,0.8075153640772863,0.7177138801265899,0.7809974461114468,0.6018277875223762,0.7121725991214751,1408.742,6,1,0.3705070134424575,False,DOR>0.5,dam,0.031779372714613396,-0.026517917965839466
02074500,0.7002662470938598,0.6117163091527544,0.7006168610451139,0.6114738830650941,0.7007687400856053,0.5706226538136925,288.531,0,0,0.0,False,none,,0.00035061395125413064,-0.00024242608766034124
02094500,0.6939179203215373,0.5716205180992034,0.6557047203998558,0.5138205379912574,0.7000685335532687,0.5378503949004961,340.7031,3,2,0.5697484340805994,True,DOR>0.5,dam,-0.038213199921681484,-0.05779998010794607
02096500,0.768878734284741,0.7496325749659472,0.7654543056331709,0.7413554733115019,0.806827788296368,0.8218922222137469,1561.779,7,4,0.1609292781014618,False,0.1<DOR<=0.5,,-0.0034244286515701106,-0.008277101654445285
02100500,0.7875377287849793,0.8140264997235958,0.8014205082908397,0.8227271106452875,0.7342826220509395,0.7383343947660703,920.5353,10,3,0.5115848829416492,True,0.1<DOR<=0.5,,0.013882779505860365,0.00870061092169172
02112250,0.7604349511499177,0.803526675973828,0.7649616026115337,0.7439029581846753,0.6566787088382451,0.780830839986857,2245.214,2,1,0.0504473340997123,False,0.1<DOR<=0.5,dam,0.004526651461616016,-0.05962371778915265
02112360,0.7176190451665625,0.8025515669184935,0.7032129000211789,0.7925336474278013,0.616222087750111,0.68966241996815,205.2963,0,0,0.0,False,none,,-0.014406145145383631,-0.010017919490692195
02113850,0.790922747886838,0.7933993656875432,0.7861612102015849,0.7906638028246649,0.7425017190394818,0.7459042798406676,596.7874,1,0,0.0033403087475504,False,none,,-0.004761537685253114,-0.002735562862878349
02114450,0.6147353855687643,0.5985981095946112,0.5989468379181173,0.5906140798557176,0.4595950325584778,0.21798086904477054,110.8422,0,0,0.0,False,none,,-0.015788547650646967,-0.007984029738893672
02115360,0.8043376135236343,0.7850212742835659,0.8144924610786622,0.7580871779919642,0.7385670372325147,0.8051479145292303,4389.884,3,1,0.0283056842857822,False,0.1<DOR<=0.5,,0.010154847555027935,-0.026934096291601706
02118000,0.7684136954485918,0.6740733075351417,0.7628758332663554,0.6767548869972636,0.6975852276383243,0.6280348466407638,789.8688,0,0,0.0,False,none,control,-0.005537862182236397,0.002681579462121886
02118500,0.640265113378813,0.5687830200765387,0.5693043839610543,0.5335103069812455,0.3771874135329195,0.16571622068290626,400.527,0,0,0.0,False,none,control,-0.07096072941775866,-0.03527271309529323
02120780,0.6082078195709237,0.7782767244280491,0.6323568061975818,0.7942984722723537,0.3940108242187086,0.40889010285091376,304.9038,0,0,0.0,False,none,,0.024148986626658098,0.016021747844304657
02121500,0.7470059482053873,0.7675384474740078,0.7266217952665339,0.7544099770851507,0.7764464775068379,0.8154204416146581,454.2399,1,1,0.0697542717417986,False,DOR<=0.1,,-0.020384152938853428,-0.013128470388857116
03168000,0.8405218446682415,0.7783476985301695,0.8417716783499122,0.7832137981458953,0.7437833683903481,0.7477166169806251,5728.39,4,0,0.0015246661436175,False,none,,0.0012498336816706423,0.004866099615725816
02125000,0.6414719724184568,0.5748997027717958,0.6181611152832714,0.5614394170120035,0.6374823873311071,0.2779279136105086,144.5499,0,0,0.0,False,none,,-0.023310857135185326,-0.013460285759792301
02128000,0.5674834602676418,0.5870974610856576,0.5667851719667305,0.5788913760356775,0.5976316572656514,0.6484524627800076,273.4758,0,0,0.0,False,none,,-0.0006982883009113428,-0.008206085049980105
02129000,0.8333705022879752,0.823706517022996,0.8075388223155097,0.7955199666120457,0.4982511047555833,0.7333429849073586,17821.98,29,8,0.1616496535856818,False,0.1<DOR<=0.5,dam,-0.025831679972465493,-0.028186550410950306
02130900,0.7589440866459765,0.7575738672066942,0.7655021143871927,0.7613425974865574,0.43298249669419253,0.49672921729909436,295.3566,3,1,0.1269756927074683,False,none,,0.006558027741216277,0.0037687302798632416
02130910,0.7022046601565435,0.68834669985396,0.7139933186253982,0.6967671982147423,0.6200158088332962,0.7251992091476049,430.5551,5,2,0.3618459101883855,True,0.1<DOR<=0.5,,0.011788658468854685,0.008420498360782291
02146507,0.5785641354684702,0.37893326958548235,0.5730577639156743,0.37955543875646613,0.6651413332449219,0.6090736700139233,111.1383,0,0,0.0,False,none,,-0.0055063715527958745,0.0006221691709837884
02146600,0.612274305828082,0.6112907027818817,0.6022370183303389,0.6034543975812805,0.6054173740463134,0.5341203092198712,100.2357,0,0,0.0,False,none,,-0.01003728749774302,-0.00783630520060119
02146750,0.6491393134318751,0.5598837296067911,0.6425495470660458,0.556530545238354,0.7137540313776969,0.7262616389036356,238.3524,0,0,0.0,False,none,,-0.006589766365829308,-0.003353184368437123
02147500,0.7087979975873324,0.6892482842025711,0.676193696946213,0.7038207174374986,0.539850883426385,0.4762282123284811,514.2348,0,0,0.0,False,none,,-0.03260430064111941,0.014572433234927518
02136000,0.6759017434309285,0.4778051424264489,0.668311368333961,0.47791551536096133,0.5986758708761752,0.465668434893018,3211.417,4,0,0.0058014801689224,False,none,,-0.007590375096967472,0.00011037293451243713
02161000,0.8300826459413566,0.7978943771346931,0.8417595516059797,0.7975022046040475,0.6092215172827398,0.7196112118230582,12362.8,49,10,0.1921505291495957,False,0.1<DOR<=0.5,dam,0.011676905664623094,-0.000392172530645607
02168504,0.4310530202390087,0.5600543324491589,0.41584551873092224,0.5287235585694252,0.17649954128476542,0.4961140827109043,6274.564,20,4,1.8292267319567928,True,DOR>0.5,,-0.015207501508086474,-0.03133077387973371
02169000,0.47990814782199176,0.599172870384733,0.46596013278637827,0.5684178632548601,0.23877868564821814,0.5446142658338058,6498.896,21,4,1.7188682092789156,False,DOR>0.5,dam,-0.013948015035613492,-0.03075500712987289
02169500,0.8260902431124817,0.7740451124426572,0.8352266512455596,0.7664785841159724,0.4619362222553782,0.648749942698488,20246.63,74,14,0.6388882099879105,False,DOR>0.5,dam,0.009136408133077922,-0.007566528326684807
02169570,0.7245121724159047,0.7021117084131627,0.7297121797863731,0.7128209054456791,0.4905106707502488,0.42018693046610633,154.4674,4,0,0.053263351130853,True,none,,0.00520000737046844,0.010709197032516382
02173000,0.42897963646667925,0.6333575433406569,0.3820202055001418,0.6185935295718106,0.2095624784079131,0.5545604445743885,1898.536,5,0,0.0072971786836466,False,none,,-0.04695943096653743,-0.014764013768846285
02173500,0.5281487284075018,0.7129475015438043,0.4935105549775257,0.7037399769310586,0.30696904760681576,0.6132188279268698,1789.81,6,0,0.0148244242926611,False,none,,-0.034638173429976105,-0.009207524612745654
02175000,0.769217579672058,0.676075364566997,0.7541073989828531,0.6737331360077895,0.6849604826655038,0.6545389282850518,7077.072,12,0,0.006852335961176,False,none,,-0.015110180689204888,-0.0023422285592075154
02175500,0.11782983877916942,0.31298656739604125,0.08068105755921173,0.3085858022798126,-0.055878532989864116,0.28230343561716653,864.1449,3,0,0.0078100056104863,False,none,,-0.03714878121995768,-0.0044007651162286665
02176500,0.6425977910261524,0.31353135594356263,0.6304671526131747,0.30984668561296,0.6064379176072152,0.2980300231201364,518.1057,2,0,0.0466749034841891,False,none,,-0.01213063841297779,-0.003684670330602602
02202500,0.651042111115326,0.7282461797340904,0.586608621283543,0.7075404881132978,0.40639452414113764,0.6227614516385316,6887.55,20,0,0.0064601761495771,False,none,,-0.06443348983178299,-0.02070569162079261
02228000,0.7082520120323061,0.7339106294746809,0.6112169609260791,0.6939052536679875,0.4280033993379577,0.6194436165447337,7385.054,12,0,0.0008581969283369,False,none,,-0.09703505110622701,-0.04000537580669339
02245500,0.7034384241219306,0.8280519781729165,0.6654080025979895,0.8081528644186767,0.4412157692132749,0.4927220694899731,348.4345,0,0,0.0,False,none,,-0.038030421523941094,-0.019899113754239806
02246000,0.8711026975160164,0.909833576428277,0.8687197651770897,0.9116129467985592,0.6944368772109559,0.604893526974096,451.0611,0,0,0.0,False,none,control,-0.0023829323389267243,0.0017793703702821961
02231600,0.4533880375196532,0.7120556976425033,0.4210914398008355,0.6979720366074595,0.3106208425185748,0.6464029373623972,641.2878,0,0,0.0,False,none,control,-0.032296597718817655,-0.01408366103504377
02233200,0.4476928962373802,0.6615035129846041,0.4568217945803995,0.6638865704026184,0.43127191202587356,0.64775651228794,68.69255,0,0,0.0,False,none,,0.009128898343019332,0.002383057418014367
02233500,0.8216017959722597,0.8635057695119397,0.8161675646282003,0.8623286949651994,0.74848662390931,0.8518069281269683,678.168,1,0,0.0004969231298555,False,none,,-0.005434231344059404,-0.0011770745467403199
02234990,-3.1849239335780775,-1.702151958236565,-3.1945860025604844,-1.7035878703051006,-3.2540047843516327,-1.7127377307299683,110.3107,0,0,0.0,False,none,,-0.009662068982406957,-0.0014359120685356608
02235000,-0.025328119439125052,0.45684568355575605,-0.05859593758963233,0.4443594222981071,-0.17360938744842036,0.39838523131720105,449.0403,0,0,0.0,False,none,control,-0.03326781815050728,-0.012486261257648956
02262900,0.7493260405980433,0.6796997021183427,0.7492179841075086,0.6796405933313112,0.7517244104593946,0.68448761891135,216.8874,0,0,0.0,False,none,,-0.00010805649053469146,-5.9108787031525445e-05
02263800,0.7794852551130432,0.8077625664441183,0.7774039002656156,0.8076648502956734,0.7741333146758917,0.8096852868695019,274.7514,0,0,0.0,False,none,,-0.0020813548474276633,-9.771614844489296e-05
02266300,0.7122575217670053,0.7613344853168945,0.7103592971229353,0.7653626237230678,0.6975065904981628,0.8035024953897407,257.8464,0,0,0.0,False,none,,-0.001898224644069968,0.004028138406173332
02267000,-0.21423896590303304,0.3937287129120295,-0.23764553443676162,0.38520864339228067,-1.8523744055794755,-0.18799031951033363,168.6222,0,0,0.0,False,none,,-0.023406568533728578,-0.008520069519748819
02294491,0.4631037593013221,0.6276065824634147,0.6605082325580832,0.671546865263658,0.40884743299718496,0.6052483418533715,381.3912,4,2,1.5292592782469057,True,DOR>0.5,dam,0.19740447325676114,0.04394028280024331
02294650,0.5765869437453424,0.7416054872052567,0.7128506089662169,0.7732666839662142,0.517468552710741,0.718232697279716,1031.036,13,8,1.6522326025734209,True,DOR>0.5,dam,0.13626366522087452,0.03166119676095758
02294898,0.5719958546453353,0.7772721414194033,0.6765119336952853,0.8178101784449232,0.5094284765831774,0.7457522228314242,1246.396,25,9,1.6334799728211715,True,DOR>0.5,,0.10451607904994997,0.040538037025519946
02301300,0.5476218241722025,0.6738976777814383,0.574364216794491,0.6975265735227686,0.5261787211662274,0.6649322377715507,281.3526,5,2,0.5464376300902202,False,0.1<DOR<=0.5,,0.026742392622288502,0.023628895741330314
02301500,0.7284311968017865,0.7852273343367289,0.7420008030961716,0.8015914141864164,0.6609149965181054,0.7443354656995025,868.2588,14,4,0.3118272206488948,False,0.1<DOR<=0.5,,0.013569606294385084,0.016364079849687574
02301990,0.40524783327988967,0.0809387696295557,0.4063606160364841,0.08122045953431711,0.40821065028680037,0.08234037611308986,238.9185,0,0,0.0,False,none,,0.0011127827565944326,0.0002816899047614063
02302500,0.5833632503069137,0.38776396890687315,0.5929955351491686,0.39304406146192206,0.6208327333916313,0.418846863589742,242.9253,0,0,0.0,False,none,,0.009632284842254868,0.00528009255504891
02303330,0.789654562260722,0.8894947167139322,0.7842345545736654,0.8869132966672478,0.7410523828227245,0.8637396785722051,985.014,1,0,0.0219784760967003,False,none,,-0.005420007687056527,-0.0025814200466843795
02303800,0.8151849536712471,0.8793068394761532,0.8175550205025206,0.8814585252685218,0.8013134696701822,0.8597140607953284,407.8359,0,0,0.0,False,none,,0.0023700668312734985,0.002151685792368574
02312720,0.5833950217860218,0.5503914543112819,0.5817631443449198,0.550648745478724,0.5704927015659016,0.5493414169300489,3981.51,5,0,0.0314267956342494,True,DOR<=0.1,,-0.0016318774411019366,0.00025729116744210856
02270500,0.7508948991690723,0.8517764898022976,0.7492332239339763,0.8521102446206886,0.7393399474563513,0.8518355476729795,982.2276,0,0,0.0,False,none,control,-0.0016616752350959718,0.00033375481839104104
02295637,0.6882853988827905,0.7782317359464251,0.790187433662475,0.8419989155677092,0.5656002066646317,0.7166069623783213,2280.138,45,16,1.0276838812262574,False,0.1<DOR<=0.5,,0.10190203477968451,0.06376717962128409
02296750,0.6191010780586205,0.7688815296629893,0.6856055438324227,0.8034314019189859,0.44973183097148595,0.697896183235386,3435.95,45,16,0.5568745196038729,False,0.1<DOR<=0.5,,0.0665044657738022,0.034549872255996594
02297100,0.5871247094943313,0.7574601886814152,0.5828691801638664,0.7558389822007383,0.5529429595173259,0.7371141900021574,350.4303,0,0,0.0,False,none,,-0.004255529330464913,-0.0016212064806768733
02298608,0.7462846469298392,0.8042977293956091,0.7387874116223068,0.8071335376697568,0.6635965383298894,0.715712395139322,312.3423,0,0,0.0,False,none,,-0.007497235307532435,0.0028358082741477553
02298830,0.5046409048573727,0.7247149442733893,0.4668258571372226,0.7096105184951148,0.23850343409148644,0.6201453764984062,588.573,0,0,0.0,False,none,control,-0.0378150477201501,-0.015104425778274533
02299950,0.7178559285135168,0.6566453367992106,0.7029845167140354,0.6536155493420925,0.7183144804052239,0.6588981712922977,174.2715,0,0,0.0,False,none,,-0.014871411799481371,-0.003029787457118016
02300500,0.728297828981004,0.7229150638029489,0.7248190824845597,0.7230556595434099,0.6383585356652384,0.620429544664457,405.2592,1,1,0.1858872633725782,False,0.1<DOR<=0.5,,-0.003478746496444307,0.00014059574046099144
04263000,0.796554886405607,0.8870700989467916,0.8010707100492471,0.8908689753872775,0.7774209015644699,0.8761507737098659,2548.609,16,1,0.0431119155842528,False,DOR<=0.1,,0.004515823643640116,0.003798876440485932
04262500,0.6854380255136854,0.7667559775090875,0.689981229490267,0.7672179562528758,0.6708130512503903,0.7473642593509293,667.8441,2,0,0.0007264133830051,True,none,,0.004543203976581589,0.00046197874378828274
01509000,0.8162519837758797,0.8853774779865315,0.8058992220920588,0.8810649772822456,0.8075859498152601,0.8921309666915301,759.843,1,0,0.001333504131162,False,none,,-0.010352761683820932,-0.004312500704285904
01510000,0.8230808708529982,0.8267692641933763,0.8209546536072002,0.8252414034510952,0.8371266456592257,0.8757848020372451,382.986,0,0,0.0,False,none,control,-0.002126217245797979,-0.001527860742281062
01523500,0.49188414091421906,0.6985015774648503,0.4932216631379377,0.6990655298722591,0.5090578773438845,0.7240752018942211,151.6824,1,0,0.0164041251455299,True,none,,0.0013375222237186346,0.0005639524074088076
01524500,0.6977039529826258,0.8264320887788761,0.7266512037454012,0.8384203176580738,0.7142570105892536,0.8242644979418559,407.664,4,1,0.1019563019498548,False,none,,0.02894725076277538,0.011988228879197704
01526500,0.7513503095750143,0.795562989325042,0.8224349987485748,0.8370795959534287,0.6700616822111176,0.6980342427807428,3557.479,7,4,0.0561484937517229,False,0.1<DOR<=0.5,,0.07108468917356059,0.04151660662838674
01531000,0.8621779246744116,0.8894098835785407,0.8673800549626502,0.8851472662855328,0.7829189433352344,0.8245461822739464,6508.148,8,4,0.0298267814483976,False,0.1<DOR<=0.5,,0.005202130288238682,-0.00426261729300792
04229500,0.743554213405021,0.6504210951013503,0.7468412495693051,0.6586942194242518,0.6885317463622738,0.5527420855763238,502.4898,2,1,0.2659532590024344,False,0.1<DOR<=0.5,,0.0032870361642840518,0.008273124322901504
04232482,0.5117386532269874,0.5947136643294633,0.5147194265580188,0.5725338054799572,0.40782038392164655,0.5606946303339524,532.5489,2,1,0.6095386018872846,True,DOR>0.5,dam,0.0029807733310314166,-0.022179858849506018
04233000,0.7379618214168326,0.7221102051713546,0.7353673204395361,0.7209659675509481,0.7700570244182243,0.8327720827223721,91.8999,0,0,0.0,False,none,,-0.002594500977296521,-0.0011442376204064963
04234000,0.8602677164334417,0.9088272443122707,0.8580709597070554,0.9053750144430689,0.8466950520803552,0.8925734044219827,320.6385,3,0,0.0301918142664894,True,none,,-0.0021967567263863064,-0.003452229869201795
04239000,0.6757224243324936,0.6866479431679674,0.7022582918536457,0.7022361205935712,0.6579833317293168,0.6658070413134846,245.6235,1,1,0.4710104984780751,True,none,dam,0.026535867521152112,0.01558817742560381
04240010,0.7809997431231481,0.8582933862169408,0.7956293757224323,0.873956471959976,0.7625295872118569,0.8377629865641647,331.6887,1,1,0.3660817668827337,True,none,dam,0.014629632599284181,0.0156630857430351
04240180,0.6138475270452516,0.7325259662708689,0.6435747375001675,0.7400017953751743,0.5235426439798181,0.6400127025628777,116.928,1,1,0.776111513000659,True,DOR>0.5,dam,0.029727210454915887,0.0074758291043054426
04240300,0.7358750310747931,0.8381152071499541,0.7434831170532334,0.8408622174099956,0.6958698946288131,0.774106412040783,289.476,1,1,0.2210333478504365,False,0.1<DOR<=0.5,dam,0.007608085978440315,0.002747010260041427
01516350,0.6684546488459642,0.6480734604173797,0.6737311725494584,0.6534138844984388,0.6578396583806162,0.6356998853854056,395.1621,0,0,0.0,False,none,control,0.005276523703494185,0.00534042408105917
01518000,0.5468293295218488,0.7219443955200107,0.6578135175191175,0.7116103783035537,0.5263388544680934,0.7312064025729146,724.5027,1,1,0.0292994853406407,True,0.1<DOR<=0.5,dam,0.11098418799726872,-0.010334017216456992
01518700,0.5591952471309867,0.7194135479535602,0.6617043795254991,0.7200598414336259,0.5019327731689471,0.6622989095887597,1142.424,2,2,0.0467857685578575,False,DOR>0.5,dam,0.10250913239451243,0.0006462934800657294
01518862,0.7336290973140493,0.7467202714993446,0.729238608313742,0.7437466184464818,0.764804106760641,0.7615301795756884,233.9109,0,0,0.0,False,none,control,-0.004390489000307363,-0.0029736530528627902
01520000,0.47510120201669215,0.6954822124397486,0.6181735424013788,0.6967389010595457,0.42659721865544287,0.6979526135360717,776.2662,1,1,0.1237886827389487,True,none,dam,0.14307234038468664,0.0012566886197971083
01532000,0.6844523219485499,0.7336171035639586,0.6809600210392758,0.7296856555944047,0.6773414014331021,0.7700264249527988,553.941,0,0,0.0,False,none,control,-0.003492300909274104,-0.003931447969553914
01539000,0.8221957892876468,0.8629169193251945,0.8098691441044389,0.8555739725853391,0.8202530385972799,0.8243836770092356,701.7795,0,0,0.0,False,none,control,-0.012326645183207918,-0.0073429467398554715
01544500,0.7443952464865866,0.803489560280082,0.7272399639793996,0.8002428320661616,0.7204706684599766,0.72880210447386,355.0644,0,0,0.0,False,none,control,-0.01715528250718701,-0.003246728213920358
01545000,0.6826809542295562,0.8197990509418425,0.6632530971743077,0.8122765764160131,0.6335966775026931,0.7656814766911116,604.3059,1,0,0.0068816774858628,True,none,,-0.01942785705524852,-0.007522474525829326
01545500,0.9058903261138598,0.947501683964892,0.8998626297895992,0.9418296398535654,0.8411844372000647,0.901798148154372,7709.963,8,2,0.0117639040938796,False,DOR<=0.1,,-0.00602769632426059,-0.005672044111326602
01545600,0.713118938888824,0.7999453325589894,0.7044117389227998,0.7970543242503353,0.7146786798421663,0.7471516067965278,119.9975,0,0,0.0,False,none,,-0.008707199966024204,-0.002891008308654075
01546400,0.759628096917938,0.7784688140872793,0.7610441116975242,0.7784041219153356,0.768840648189868,0.7932522602979392,156.6918,0,0,0.0,False,none,,0.0014160147795861944,-6.469217194371435e-05
01546500,0.7434451583547077,0.8329427916718986,0.7436995053193964,0.8325996637074928,0.7517840952562572,0.8428154327787027,223.6851,0,0,0.0,False,none,control,0.0002543469646887342,-0.0003431279644057206
01547100,0.7809157792214023,0.8596462819156898,0.7801482651321854,0.8587555953803955,0.7960670774008461,0.8732496798266449,377.3214,0,0,0.0,False,none,control,-0.0007675140892169363,-0.0008906865352943383
01547200,0.8341573923359338,0.8495358012633402,0.8331503956240267,0.8473280105710999,0.8240878747473629,0.8316424095963572,694.2744,0,0,0.0,False,none,control,-0.001006996711907071,-0.002207790692240308
01547500,0.23790277383501357,0.5554457840121095,0.5582597572896941,0.5821273184136831,0.1762844759629314,0.5521527318211401,878.1579,1,1,0.0815905972552471,True,DOR>0.5,dam,0.32035698345468056,0.026681534401573614
01547700,0.7538299644794945,0.7116184148742968,0.7458322697020994,0.7070114035566453,0.7899824606881393,0.7647992129587678,113.5386,0,0,0.0,False,none,,-0.007997694777395092,-0.00460701131765151
01547950,0.846963352339827,0.9182155428498748,0.8441277025508513,0.9175817824456536,0.7918024868481827,0.7743221729288197,395.0667,0,0,0.0,False,none,control,-0.0028356497889756582,-0.0006337604042212508
01548500,0.8136155444222536,0.7331080978398361,0.8064601802610171,0.7287368117651438,0.7758067500079309,0.6728588715184354,1557.047,1,0,0.0007520938593389,False,none,,-0.0071553641612365215,-0.004371286074692282
01549700,0.7963116325107786,0.7083668410093561,0.795184700148187,0.7009789722617842,0.7351318933961524,0.6208146967571166,2452.373,2,0,0.0016097758633652,False,none,,-0.0011269323625916483,-0.007387868747571913
01550000,0.7626837092738512,0.806084125983674,0.7439030602395307,0.7951037374140897,0.7426251679313294,0.7564086202847603,452.6757,1,0,0.0003786556281158,False,none,,-0.01878064903432053,-0.010980388569584276
01551500,0.8891571544289948,0.9100195233752258,0.8634166627437551,0.8956453507987361,0.7529654477409103,0.8417800558572316,14703.78,14,3,0.011828916344602,True,DOR<=0.1,,-0.02574049168523973,-0.014374172576489763
01552000,0.8328534455906565,0.801746104171586,0.81860878632301,0.7972996216242914,0.7950566251211678,0.7324107923660933,1129.486,0,0,0.0,False,none,control,-0.014244659267646509,-0.004446482547294628
01553500,0.866047950616059,0.8790463267056984,0.8267284914436995,0.8688622055790186,0.6511549140749375,0.767737985976251,17703.4,14,3,0.0100466717620981,False,DOR<=0.1,,-0.03931945917235946,-0.010184121126679768
01555000,0.7723924738660972,0.8644357247613679,0.8099682331622,0.886591785882238,0.7187880498147128,0.6398764880180505,792.6156,0,0,0.0,False,none,control,0.037575759296102795,0.022156061120870096
01555500,0.7409623008534189,0.8124235306538945,0.721215209658382,0.8038888291474525,0.7397405766350208,0.7762047966539147,421.7076,0,0,0.0,False,none,control,-0.019747091195036814,-0.008534701506441977
01556000,0.8673073629930138,0.931247719043913,0.8628411246245914,0.9284658721255562,0.8704433918525438,0.9147897742567302,749.619,4,0,0.0178647422931149,False,none,,-0.004466238368422415,-0.0027818469183568117
01558000,0.8547242013112103,0.8521031859438327,0.8521374193920443,0.8495849090670499,0.8769003296992454,0.9139371966956547,572.5287,1,0,0.0038529543424429,False,none,,-0.002586781919165948,-0.0025182768767828545
01559000,0.8882671587018893,0.9386452391844704,0.8852360294668721,0.9374536323753235,0.8777823920945972,0.8902834288391227,2111.3,6,0,0.0082577490937092,True,none,,-0.003031129235017249,-0.0011916068091468723
01562000,0.872746819889248,0.836172331812354,0.8810774569234895,0.8392059683891635,0.8680126875751641,0.929566559148,1944.004,2,0,0.0055498475421009,False,none,,0.008330637034241528,0.003033636576809551
01563200,0.6225740267438534,0.7662860392347515,0.6724741044947442,0.7186199486551383,0.4768770193566343,0.740505701631103,2485.088,3,1,0.6068357033244853,True,DOR>0.5,dam,0.04990007775089078,-0.04766609057961313
01563500,0.8473460127336732,0.9116590095723962,0.859781197871978,0.87569293559432,0.7887062973020363,0.8560359405197394,5261.855,10,1,0.2696125801097618,False,0.1<DOR<=0.5,dam,0.012435185138304883,-0.03596607397807616
01564500,0.6963717669980525,0.6301370836412751,0.7145543050910417,0.6392720713413356,0.7374933847891268,0.6724263677839395,445.5612,0,0,0.0,False,none,control,0.018182538092989198,0.009134987700060493
01567000,0.8821453045309462,0.9410541534614962,0.8755510100590473,0.9240724382416002,0.6953688585113582,0.8195348358849763,8657.286,12,1,0.1655275249558266,False,0.1<DOR<=0.5,,-0.006594294471898854,-0.016981715219896
01568000,0.779550074029735,0.8111954678808646,0.7770453402927154,0.8112084812733634,0.7799381129155286,0.8045919035235235,534.3948,0,0,0.0,False,none,control,-0.0025047337370195377,1.3013392498817389e-05
01570000,0.841848357360909,0.8916856790454817,0.850003993992048,0.8904225066108236,0.8473700725566835,0.8696324860838386,1206.586,3,0,0.0030935797326916,False,none,,0.00815563663113894,-0.001263172434658122
01571500,0.7795100402855117,0.800893994190782,0.7853852311585972,0.8021016637299079,0.7830395763331086,0.7918685626457542,557.7318,0,0,0.0,False,none,control,0.005875190873085412,0.0012076695391258774
01573000,0.811194771007553,0.8055240465597073,0.8054285827526613,0.804230509733579,0.8176295930545233,0.8363178450119635,871.6752,3,0,0.0146721616903676,False,none,,-0.005766188254891724,-0.0012935368261283164
01573560,0.7854412895054089,0.8512295322413519,0.7763177802484578,0.8482639690082971,0.7599122679395586,0.8347100842338491,1250.56,4,0,0.0117191586815561,True,none,,-0.009123509256951157,-0.0029655632330547466
01574000,0.7891722511603589,0.8458600355323704,0.7783670837736205,0.8330444525619063,0.8294102566959586,0.8658296710807775,1326.206,3,0,0.0134536302673994,False,none,,-0.010805167386738423,-0.012815582970464146
01574500,0.6282037353346999,0.7264772158149599,0.623261219213924,0.6951316796764624,0.4272699476169348,0.5596549875079532,195.84,3,2,1.4970416086038372,True,DOR>0.5,dam,-0.004942516120775897,-0.031345536138497554
01586000,0.563555357522515,0.6733242091617809,0.5679485219870477,0.6745768308061152,0.3057306650903354,0.41492732936276777,144.5121,0,0,0.0,False,none,,0.0043931644645327506,0.001252621644334262
01610000,0.8209946636026918,0.8954340647878498,0.811080373728598,0.8744874541305179,0.7984745877918983,0.8183970492665884,8066.72,16,3,0.0698752074291096,False,DOR<=0.1,,-0.009914289874093818,-0.020946610657331943
01613000,0.8194011723146244,0.8762746548499627,0.8214060984629203,0.8670499367684564,0.7334659006535018,0.7618876964961868,10556.82,18,3,0.0597825625104487,False,DOR<=0.1,,0.002004926148295949,-0.009224718081506267
01614500,0.7779511852559119,0.8256522420834078,0.7880528489927061,0.8308497266977615,0.8074214693661214,0.8635090901213133,1309.48,1,0,0.0004054935372957,False,none,,0.01010166373679422,0.0051974846143536535
01616500,0.7879683844479699,0.8743247849716089,0.7849160555864283,0.8740089636455549,0.7794579606321053,0.8807180851538011,706.3537,0,0,0.0,False,none,control,-0.003052328861541609,-0.00031582132605401103
01619500,0.7563509930006032,0.7611404629469558,0.7574679794689916,0.7637876615154817,0.7791788954491261,0.7931148192106402,728.4222,1,0,0.0002142562829307,False,none,,0.0011169864683884256,0.0026471985685259103
01637500,0.6803405459446831,0.7259813635371799,0.6818951770908344,0.7258226675701265,0.6958218924990032,0.7588533621045488,174.2859,0,0,0.0,False,none,control,0.0015546311461512863,-0.00015869596705342381
01639000,0.7372585503067268,0.7862745642895959,0.7321649368536824,0.7775609606814432,0.7122062644266354,0.7117052895495086,448.6043,0,0,0.0,False,none,control,-0.005093613453044377,-0.008713603608152654
01639500,0.6382868132706797,0.6944330562101875,0.6266312216932317,0.6877328217092887,0.6187727271442065,0.6902436446974729,267.1785,0,0,0.0,False,none,control,-0.011655591577447999,-0.0067002345008987385
01643000,0.7984626651280742,0.8230194138745515,0.805588287195089,0.8252252544910228,0.7895545875116317,0.8036894331555215,2112.451,1,0,0.003840361773704,False,none,,0.007125622067014836,0.002205840616471333
01591610,-0.07058387442813596,0.4563228817427456,0.15086655804599225,0.49971697130724757,-0.18637340289303794,0.43484705135120194,205.335,1,1,0.2818729537376809,True,0.1<DOR<=0.5,dam,0.2214504324741282,0.04339408956450197
01592500,0.16333062520863095,0.28214174965472516,0.2657158268829348,0.2185876726991589,-0.48884627251054225,-0.059862728390230435,344.178,2,2,0.6038591673661992,True,DOR>0.5,dam,0.10238520167430387,-0.06355407695556625
01594000,0.6775456980615363,0.7345696672112645,0.6821633253607657,0.7299443663319465,0.6687119063204311,0.7580950915809067,254.3679,2,0,0.0020724795510562,True,none,,0.004617627299229432,-0.004625300879318006
01628500,0.7682246525676666,0.7337168747278837,0.7738923559628862,0.7329777293412832,0.8026049885574744,0.8105802995213512,2792.926,8,0,0.0124459369765325,False,none,,0.005667703395219603,-0.0007391453866004705
01629500,0.7490204324344465,0.6878364946051656,0.7459105744369322,0.681250946946544,0.798775690603583,0.7798307046851125,3551.746,10,0,0.0103684812983646,False,none,,-0.003109857997514287,-0.006585547658621627
01631000,0.7366633969194694,0.7416726532347959,0.7366633041297133,0.7322295141775055,0.7253627683453396,0.7920878103527615,4230.537,11,0,0.0101974634946996,False,none,,-9.278975610094164e-08,-0.00944313905729044
01632900,0.6923872585926142,0.693431307020071,0.6880587087203918,0.6906091339279108,0.698156927120463,0.6942910729531709,245.0484,0,0,0.0,False,none,control,-0.00432854987222242,-0.002822173092160263
01633000,0.7541113129091523,0.7035306216773034,0.7607077178778088,0.7085043166939748,0.7692640178098893,0.7228475567086635,1319.035,1,0,0.0008216516130606,False,none,,0.006596404968656433,0.004973695016671442
01634000,0.5350759635596788,0.5585303838555479,0.5797201738857597,0.5661803870935194,0.6253441001698611,0.7459925283835759,1995.23,5,0,0.0017948049320963,False,none,,0.0446442103260809,0.007650003237971492
01634500,0.6602376365354254,0.7660333902043845,0.6884344730095724,0.7788020697553368,0.322239198507107,0.12608123718338826,263.9817,0,0,0.0,False,none,control,0.028196836474146947,0.012768679550952289
01636500,0.7940497383504086,0.7677422012999496,0.7974391291013422,0.7584606531825437,0.6152444713826338,0.7835639846579989,7872.947,18,0,0.006992772356198,True,none,,0.0033893907509335852,-0.009281548117405891
01638480,0.5795676884944363,0.6147573362264738,0.5839996314316385,0.6164373315193714,0.6214547187193249,0.6584172223786295,231.9951,1,0,0.0014697963067923,False,none,,0.004431942937202171,0.0016799952928976403
01638500,0.8852968502189343,0.8758513971695611,0.8831125083307869,0.862821666218458,0.5935803628041525,0.7764174382379616,25001.5,42,3,0.0301214360847583,False,DOR<=0.1,,-0.002184341888147423,-0.013029730951103047
01643500,0.6260792089430846,0.6511865439332917,0.609681593684938,0.6414549783783199,0.6743925155859484,0.7075032230461828,163.8468,0,0,0.0,False,none,,-0.016397615258146536,-0.009731565554971788
01644000,0.728224567109141,0.7215220234344006,0.7298738008710906,0.7171511791212601,0.7370572080226931,0.7299864530693199,859.1698,1,0,0.0024577611706375,True,none,,0.0016492337619495867,-0.004370844313140498
01645000,0.5612209851050974,0.771043911455038,0.612792158149997,0.7919209627012146,0.5913280351259578,0.7998510617119998,262.4328,1,1,0.129604639840293,False,0.1<DOR<=0.5,,0.051571173044899554,0.02087705124617656
01646500,0.8901858706819641,0.8216035175361397,0.8835632002185122,0.8121199190667612,0.5644630897054267,0.7542505687417612,29952.08,48,4,0.0269177266733548,True,DOR<=0.1,,-0.006622670463451885,-0.009483598469378518
01646502,0.8902205858852427,0.8253888928243824,0.883605856675072,0.8158948719126269,0.5674505963871057,0.7729216996174281,29952.08,48,4,0.0255845016042719,True,DOR<=0.1,,-0.0066147292101707,-0.009494020911755552
01648000,0.7511622948871699,0.8341753610050542,0.7364799030669531,0.8310789415825676,0.226011675922124,0.19200726656575895,136.8279,2,0,0.0275615929972696,False,none,,-0.0146823918202168,-0.003096419422486618
01649500,0.702107875120783,0.7575393582272066,0.7203794403621426,0.7675238639324021,0.7652131144464343,0.804886555808569,188.0622,0,0,0.0,False,none,,0.018271565241359644,0.00998450570519549
01651000,0.7136178345724162,0.6438681228372889,0.70419178833747,0.6393276383880979,0.8181936228970693,0.6673537634549686,127.8054,1,0,0.0008885295458331,False,none,,-0.00942604623494625,-0.0045404844491909735
01653000,0.6429006786755909,0.7066617109056619,0.642520065280733,0.7116602223820885,0.23107736353718455,0.04267584747941644,87.3063,1,0,0.0823167270933034,False,none,,-0.00038061339485784274,0.004998511476426604
01656000,0.7013852345450338,0.6888287575165778,0.6923487061671285,0.6833084562586874,0.6948905578172553,0.570614347875992,241.2711,1,0,0.0295067648449332,False,none,,-0.00903652837790525,-0.005520301257890381
01664000,0.7217736004605358,0.7842787888439862,0.7312282099123113,0.7986978677476928,0.6663954514131629,0.7404630644790475,1605.101,1,0,6.66814552519742e-05,False,none,,0.009454609451775453,0.01441907890370664
01666500,0.7691229469762095,0.6976555423417266,0.7578430070497366,0.6951822316665806,0.7725179559279394,0.7060632649202504,463.1463,0,0,0.0,False,none,control,-0.011279939926472915,-0.002473310675146001
01667500,0.779086540483332,0.7194589263893999,0.7736474442766257,0.7230070155924591,0.7683379168168436,0.7330793371214105,1209.747,0,0,0.0,False,none,control,-0.005439096206706351,0.003548089203059157
01668000,0.8053557625448359,0.7729677858152051,0.7920667747311037,0.7737841906621661,0.6949006786235187,0.7276027108570602,4135.021,4,1,0.0133506940911079,False,DOR<=0.1,,-0.013288987813732223,0.0008164048469609941
01673800,0.6886551467657147,0.659545734767534,0.6008015282911081,0.5843123075634327,0.7048907737270123,0.695218786628871,200.8323,3,0,0.0080517789609783,True,none,,-0.0878536184746066,-0.07523342720410131
01674000,0.7344763604301732,0.7980416688014978,0.7716032258255281,0.7906848177133102,0.5393095180883761,0.737183620023154,665.6211,4,0,0.0036934309037489,False,0.1<DOR<=0.5,,0.037126865395354924,-0.0073568510881876215
01671020,0.7162852904125974,0.7548655238077446,0.43969195423695373,0.6613364855665991,0.728459147264716,0.6958895377967845,1200.548,2,1,1.2135339797068008,False,DOR>0.5,dam,-0.27659333617564363,-0.09352903824114556
01673000,0.7729841962790176,0.8123760851572368,0.7519280536521813,0.8113523667568752,0.5838110131975047,0.7064623538788855,2796.263,7,1,0.4696459359587246,False,0.1<DOR<=0.5,,-0.021056142626836305,-0.0010237184003616395
01674500,0.5819507008246705,0.7152081423910042,0.6283969883071159,0.74358954581515,0.09646378670552347,0.4710969680985233,1554.768,7,0,0.0101734629941979,False,DOR<=0.1,,0.04644628748244539,0.028381403424145857
02026000,0.8032083514003256,0.8541124251732288,0.8689006248455847,0.8720694298406477,0.6130004739400525,0.6981923993845061,9542.876,21,2,0.0650103469495865,False,0.1<DOR<=0.5,,0.06569227344525908,0.017957004667418897
02028500,0.8186954676248358,0.8866923903881799,0.8156540453200165,0.8828331781491972,0.7651071754878235,0.7242346426763734,245.4534,0,0,0.0,False,none,control,-0.0030414223048192968,-0.0038592122389827788
02029000,0.804456369546715,0.8229544757660799,0.851907276675663,0.8278280830915296,0.6189125091472449,0.7435665688604154,11875.81,23,2,0.050811820621968,False,0.1<DOR<=0.5,,0.04745090712894806,0.004873607325449614
02031000,0.7534369125342006,0.762542051297912,0.7492448513689135,0.7627022028368418,0.7362700056220864,0.7282369340960846,245.9205,2,0,0.0284385963503074,False,none,,-0.004192061165287142,0.00016015153892978695
02034000,0.7502299920957756,0.7958665982675718,0.7718636489509297,0.8050836902753,0.7743193323633855,0.8053193721446824,1716.953,5,1,0.0916283784638829,False,0.1<DOR<=0.5,dam,0.02163365685515417,0.009217092007728245
02035000,0.885899495229349,0.8779294022036068,0.9011825397210762,0.8796557564368531,0.6178464376817036,0.7729572568054747,16207.12,33,3,0.0467426754742564,False,0.1<DOR<=0.5,,0.015283044491727238,0.0017263542332462967
02037500,0.8800529417701262,0.8670184255145059,0.8898832494909172,0.869375159349445,0.45153770696177664,0.7099895051281382,17504.71,37,3,0.04439387889917,False,0.1<DOR<=0.5,,0.009830307720791076,0.002356733834939062
02039000,0.6964337171529019,0.7175881382233027,0.7078930104655885,0.7220748989805936,0.7022760316929337,0.7068446269578028,180.1008,0,0,0.0,False,none,,0.01145929331268658,0.004486760757290931
02039500,0.8040843648793009,0.7718335831852342,0.8022654020310719,0.7715915982906423,0.8069415945262709,0.7835899698498482,784.7955,2,0,0.0094297376345021,False,none,,-0.001818962848229022,-0.00024198489459192896
02040000,0.6927580424686235,0.8095357058765642,0.6884761504407773,0.7921853130803895,0.5270912392339799,0.7455817600733653,1878.608,6,1,0.0309616779154273,False,none,,-0.004281892027846235,-0.017350392796174674
02041000,0.7673701565460322,0.8238241055046093,0.7735517009173796,0.8191197529256726,0.7507274822425692,0.8332497227406327,409.2858,0,0,0.0,False,none,control,0.006181544371347325,-0.004704352578936644
02041650,0.7838217287100628,0.8510699175784624,0.8073714297868531,0.8467030977621044,0.51243365273135,0.7111070087047748,3482.478,8,2,0.0576191147735205,True,DOR<=0.1,dam,0.02354970107679022,-0.004366819816358003
02044500,0.786193999439871,0.8253444685969706,0.7804362644788856,0.8245581885257839,0.7630744063983348,0.8309725181949492,819.7965,3,0,0.0122821429434323,False,none,,-0.005757734960985417,-0.0007862800711867513
02045500,0.7525751132990303,0.8300891951611942,0.74420781988852,0.8255443994079452,0.54762634090193,0.6876919306639772,1498.069,3,0,0.0066157473916541,False,none,,-0.008367293410510235,-0.004544795753248954
02046000,0.6078462800796982,0.7627747657219637,0.6473518309998838,0.7764519200454649,0.5751214690263511,0.3643275824765543,288.5238,0,0,0.0,False,none,,0.039505550920185595,0.01367715432350125
02051000,0.5727001341952598,0.48111798076751555,0.5686750231547127,0.47726568867236974,0.6435958753775526,0.4961267210576509,144.8227,0,0,0.0,False,none,,-0.004025111040547036,-0.003852292095145815
02051500,0.7312485746114428,0.79709150076865,0.7271939503491331,0.7961073169070246,0.6945212333639461,0.7692988683206143,1428.706,1,0,0.0003791067275077,False,none,,-0.004054624262309625,-0.000984183861625354
02052000,0.6500657464057685,0.7478814241840672,0.587881966490877,0.7138327876172468,0.6455106617894508,0.6734726068371228,1929.753,5,0,0.0145716840872829,True,none,,-0.062183779914891546,-0.034048636566820445
02062500,0.8113826140702525,0.8037292571211003,0.774966018584526,0.7488353226441626,0.5714801165949243,0.693818249586897,6229.019,6,3,0.8115696531084023,False,DOR>0.5,dam,-0.03641659548572651,-0.05489393447693769
02064000,0.6128405372415477,0.48531172915923926,0.6147416908374057,0.48074480402083475,0.6008798530766403,0.48950942591496227,427.7682,0,0,0.0,False,none,control,0.0019011535958579628,-0.0045669251384045095
02065500,0.6113777265439658,0.5913005021517803,0.6099472145900597,0.5879974939053676,0.5679786133961465,0.5655283602532708,252.5787,0,0,0.0,False,none,,-0.0014305119539060884,-0.0033030082464127197
02066000,0.8126259859888542,0.7809217345776991,0.8031218648473104,0.7422410933278145,0.3738914357948687,0.6275318150449305,7686.307,7,3,0.6643769878289045,False,DOR>0.5,dam,-0.009504121141543753,-0.03868064124988457
02075500,0.8499037207061984,0.892829861417103,0.8474320492431225,0.8847632899224435,0.6473817222251126,0.785551368450069,6697.781,18,6,0.5969971886426847,False,0.1<DOR<=0.5,,-0.0024716714630758085,-0.008066571494659502
02077000,0.8151744895987393,0.7106540961819211,0.811988870868833,0.7072072877954113,0.7604079893442949,0.7020600879016797,1415.316,1,0,0.0106217690483431,False,none,,-0.0031856187299063032,-0.003446808386509792
02077200,0.6889313933415773,0.7522427457718959,0.6923495274127958,0.7505562148180687,0.5676250647220422,0.506900245148215,121.6944,0,0,0.0,False,none,,0.0034181340712184927,-0.0016865309538272033
02077303,0.6210453311323751,0.5760999534644258,0.6604911893153049,0.5996307750137331,0.3958806912009474,0.2673140156546334,526.7394,3,3,1.0554043531481705,True,none,dam,0.03944585818292978,0.0235308215493073
02077500,0.7017471285117204,0.7295109572828296,0.7357101091695715,0.7156211237000092,0.5965704013185235,0.7347400880051754,746.7939,5,3,0.568358490563864,False,none,dam,0.03396298065785108,-0.013889833582820366
02077670,0.8064835850163423,0.7577948869122177,0.8096731316262253,0.7582144497303204,0.817546477296689,0.7279517432831161,137.3355,0,0,0.0,False,none,,0.0031895466098830205,0.00041956281810262563
02081500,0.8080997219913386,0.7438415878368438,0.806469640132141,0.7464196181474593,0.8172956320878996,0.7331542949123291,428.3661,0,0,0.0,False,none,control,-0.001630081859197663,0.002578030310615431
02081747,0.7581684207580817,0.795339463944684,0.7454830304651419,0.7973080310545166,0.6716210472410453,0.753184422188829,1127.123,0,0,0.0,False,none,control,-0.012685390292939802,0.0019685671098326196
02082506,0.6732588476987527,0.812467741521096,0.6704941000879205,0.8082116860329913,0.3207764460153767,0.6330352552690491,2030.275,3,1,0.0282357227800525,True,none,dam,-0.002764747610832119,-0.004256055488104704
02082950,0.7979324445638674,0.7772128655011886,0.7925714825819385,0.7793969845707978,0.805841167562736,0.8041420637655569,460.8531,0,0,0.0,False,none,control,-0.0053609619819288135,0.002184119069609136
02085000,-0.5462322684792857,-0.759023331409389,-0.594445727244687,-0.7900421192631881,-1.4072132652655043,-1.1392123612416603,170.9253,4,0,0.2182695945053403,False,none,,-0.048213458765401285,-0.03101878785379908
02085070,0.8088901517179743,0.7866302596341442,0.7974249488791645,0.7785171603267718,0.7912350067946914,0.6964416019293644,367.7643,4,0,0.0992788313530999,False,none,,-0.011465202838809807,-0.008113099307372473
02085500,0.7791201668348584,0.6944727775194299,0.7875546619089514,0.7121687632518963,0.836137774027159,0.666418236287644,384.6807,1,1,0.1273466034659983,True,none,dam,0.008434495074092996,0.017695985732466335
02087183,-0.47625217634605654,0.3183744640809101,0.4851363842599995,0.5859746879268528,-1.1611071213041995,0.1347331954547789,1998.355,10,5,0.4532143389509915,True,DOR>0.5,,0.961388560606056,0.26760022384594273
02087500,0.4174578538886392,0.7166011829739432,0.6466791251337681,0.7380856268627188,0.06551467228044017,0.536315887940104,2987.484,15,5,0.256743629058789,False,DOR>0.5,,0.22922127124512892,0.021484443888775684
02088500,0.6658304825623489,0.7415625489456279,0.6909427628793174,0.7539647805167888,0.5677604625942414,0.6978354195750198,594.2367,2,0,0.0071000048176176,False,none,,0.02511228031696855,0.012402231571160938
02089000,0.6363313769121607,0.814340405129329,0.7820788462333285,0.8631414603449634,0.21229196653545757,0.6291960614077887,6222.514,23,5,0.1201977271667104,False,DOR>0.5,,0.14574746932116778,0.04880105521563438
02096960,0.8404523174602543,0.8695541876935878,0.8261525241470358,0.8622078045601397,0.8555323618014526,0.8251991961918661,3297.755,14,6,0.1504175559140649,True,0.1<DOR<=0.5,,-0.014299793313218512,-0.007346383133448153
02097314,0.513468392328439,0.7008512927435426,0.5302331923198145,0.704710560282153,0.4961602375552271,0.7133641564664199,197.3358,0,0,0.0,False,none,,0.01676479999137548,0.0038592675386103226
02097517,0.6579472301733453,0.7791527443616777,0.6580773335625583,0.7798849404474241,0.3750829488082953,0.2286057571937411,106.8534,0,0,0.0,False,none,,0.00013010338921293219,0.0007321960857463727
02102000,0.7451948752260005,0.843466264890457,0.753489303562939,0.8283245173440835,0.7514702643731292,0.8222489737532143,3740.0,16,3,0.1316990828821974,True,DOR<=0.1,,0.008294428336938497,-0.01514174754637343
02102192,0.7010989226809996,0.7714992109966393,0.712855324685989,0.7633877703603681,0.700934999066888,0.7756970315236669,196.8201,1,1,1.983490035578131,True,none,,0.011756402004989397,-0.008111440636271228
02102500,0.3774988533535901,0.6112001811049556,0.733868752575102,0.8474963414779935,-0.06596294562429939,0.4144432828189396,8995.328,33,11,0.2523645811334617,False,DOR>0.5,dam,0.35636989922151185,0.2362961603730379
02104220,0.7773729389936862,0.8846472765708439,0.7799632527912232,0.8856742751387691,0.5878966997259814,0.7009706980341479,241.7823,1,0,0.005471904356468,False,none,,0.002590313797537047,0.001026998567925208
02105769,0.5938371273002301,0.8012264945385995,0.7769330568494941,0.8754090707032731,-0.0787208791628149,0.5206209216500435,13659.7,52,12,0.1574842018682118,True,0.1<DOR<=0.5,dam,0.183095929549264,0.07418257616467361
02109500,0.7376538459581368,0.7665009285474803,0.7376392058063762,0.767403775349901,0.727946393486636,0.7692648474106776,1783.764,0,0,0.0,False,none,control,-1.4640151760558773e-05,0.0009028468024206981
02133500,0.7993200511450238,0.8297969468458899,0.7985451831051007,0.8287172484456967,0.7605874852379184,0.7814348874616184,472.1283,0,0,0.0,False,0.1<DOR<=0.5,control,-0.0007748680399231045,-0.0010796984001931742
02133624,0.7046850587954057,0.8310819565446094,0.662622090006491,0.8145721594401112,0.4885785673015486,0.7429005924582905,946.0971,2,0,0.0017784847639041,False,DOR<=0.1,,-0.04206296878891469,-0.01650979710449818
02134480,0.4952625059289856,0.6413728459785032,0.5205973877758883,0.6493507074453251,0.38313887271587976,0.5319117026804256,577.1961,0,0,0.0,False,none,,0.02533488184690269,0.00797786146682189
02134500,0.8331068550361733,0.8995257201245991,0.8068583575349394,0.8900758890553265,0.7087547858667181,0.8321165411978255,3181.489,7,0,0.0037855501214927,False,DOR<=0.1,,-0.026248497501233925,-0.009449831069272552
02110500,0.8990035868398287,0.9231476312055059,0.898207177415259,0.9258195572166076,0.8781115504829007,0.9076085050180772,2908.315,0,0,0.0,False,none,control,-0.0007964094245697106,0.0026719260111016663
02135000,0.7723611279273722,0.8156324885359992,0.741347618268868,0.8038638081234569,0.6206825953693762,0.7472289244979453,7256.224,15,0,0.0046554072842808,False,DOR<=0.1,,-0.031013509658504246,-0.01176868041254231
02231342,0.6765683774391209,0.5565320793910209,0.6760753779940547,0.5555677099098478,0.6718503004432403,0.563148709401405,111.5622,0,0,0.0,False,none,,-0.0004929994450662001,-0.0009643694811730663
04270000,0.6827883942285814,0.7425437759686223,0.6812663680247418,0.7409829021505989,0.5294562157807396,0.5956974123904095,343.2393,3,0,0.0095229298002608,True,none,,-0.001522026203839566,-0.0015608738180233894
04273500,0.8529053744773463,0.8968051596355111,0.858738661559812,0.8980977641177382,0.8537556256684046,0.8930213500039226,1581.609,12,3,0.144830837266828,True,0.1<DOR<=0.5,dam,0.005833287082465777,0.001292604482227122
01315000,0.3364881290933044,0.4058434897284603,0.24585246624908452,0.31026812205594656,0.3370195864155232,0.41185150208276433,337.5252,1,1,0.7594492357961864,True,DOR>0.5,dam,-0.09063566284421987,-0.09557536767251373
01315500,0.836780678242927,0.8706910718099904,0.82358954001001,0.8565961122816274,0.7835736376787068,0.8738773750269968,2058.557,12,1,0.1465953918729043,False,0.1<DOR<=0.5,,-0.013191138232917066,-0.014094959528363038
01318500,0.870310409811085,0.9254828742051214,0.8792294143550521,0.9213079568650496,0.6940496330176315,0.8370834347659227,4332.634,19,3,0.10759005176183,False,0.1<DOR<=0.5,,0.008919004543967102,-0.004174917340071804
01321000,0.6555362935438018,0.5286659529977515,0.6493943329345808,0.5220695039954979,0.6711391491621246,0.556328023110124,1263.694,2,0,0.003004247093409,False,none,,-0.006141960609221009,-0.006596449002253646
01325000,-0.15593260419388844,0.0998703552849427,0.25705047421690885,0.2745691203084635,-0.21627416736971794,0.08665854692241337,2776.659,6,2,0.4181137265580746,True,0.1<DOR<=0.5,dam,0.4129830784107973,0.17469876502352077
01336000,0.4672666936233151,0.5301483151168037,0.45273142948643585,0.4965406940075626,0.47402295438316355,0.5510024684856868,386.4249,1,1,0.2171391557136577,True,0.1<DOR<=0.5,dam,-0.014535264136879222,-0.03360762110924109
01346000,0.7334789246944649,0.7849683497185798,0.7230907507970019,0.7713608926584892,0.7278480419572915,0.8050396483426394,1439.444,5,1,0.0754821022236786,True,DOR<=0.1,dam,-0.010388173897462938,-0.013607457060090589
01347000,0.8601287800315915,0.9149174210569695,0.8632098169862087,0.9121860320630557,0.8229790961622387,0.8991545340485779,3450.5,10,2,0.0696821007092923,True,DOR<=0.1,,0.0030810369546171446,-0.002731388993913786
04252500,0.8546113298719779,0.8838388824164374,0.852847672179667,0.8765791903353742,0.8589922955287884,0.9017567644403908,784.4697,9,1,0.0492150148397142,False,DOR<=0.1,,-0.0017636576923109049,-0.0072596920810631405
04256000,0.8072234287612595,0.8826238331861773,0.8047604605318437,0.8807330590595703,0.7883666356277652,0.8579006184376438,232.4457,0,0,0.0,False,none,control,-0.0024629682294158295,-0.0018907741266069866
04258000,0.3358351095474783,0.6094212095287876,0.3506205695704184,0.5665679880530636,0.33709940374061975,0.619423197392163,754.8174,10,1,0.2552020938897356,True,0.1<DOR<=0.5,dam,0.014785460022940122,-0.04285322147572401
04262000,0.5914355663165822,0.7859225268300474,0.6209583340336995,0.7941412685719693,0.6005389919914792,0.7883912580837114,688.0284,7,1,0.1307027166715276,True,0.1<DOR<=0.5,,0.02952276771711726,0.008218741741921942
04266500,0.8683373187646426,0.9068062244010029,0.8764523305764912,0.9104476782436178,0.8707667790490362,0.9094930061896302,1877.755,4,2,0.0337537700431245,True,DOR<=0.1,dam,0.008115011811848594,0.003641453842614939
01350000,0.7977863669464208,0.8077478132654233,0.79928223228541,0.8047791186130901,0.7751068196470711,0.8608252624707907,612.5148,0,0,0.0,False,none,control,0.0014958653389891552,-0.0029686946523331814
01350080,0.6714444343596642,0.8210294181956197,0.6657673631239007,0.8178505313352669,0.5804694468575511,0.7148149643341506,83.8404,0,0,0.0,False,none,,-0.005677071235763442,-0.0031788868603528364
01350355,0.7040648525541211,0.7525241887544512,0.7038174559089558,0.7318369289315942,0.6838078997315387,0.7505955157660347,1153.139,2,2,0.1593124610486642,False,0.1<DOR<=0.5,dam,-0.0002473966451652654,-0.020687259822856907
01351500,0.7960075610411997,0.8430120963031188,0.7889369671113284,0.8292931341988588,0.7470885164817593,0.8207957726092928,2320.989,2,2,0.0784003847866659,False,0.1<DOR<=0.5,dam,-0.007070593929871305,-0.013718962104260046
01362200,0.7731985696821602,0.7754950694315694,0.7594802905370048,0.7672748543129835,0.7134273555461108,0.6533866631705056,169.1902,0,0,0.0,False,none,control,-0.013718279145155332,-0.00822021511858595
01362500,0.636949292349704,0.5343512202432057,0.6187016328038315,0.525537250021531,0.725326222809141,0.7626108090552908,493.1622,0,0,0.0,False,none,control,-0.018247659545872486,-0.008813970221674738
01413500,0.7629953670144556,0.8096960992217136,0.7472859233249236,0.8016731115361878,0.7734139330756753,0.8588224521335863,424.1025,0,0,0.0,False,none,control,-0.015709443689531977,-0.008022987685525784
01417000,0.14494681996420566,0.2729116489750233,0.30853046318734556,0.17027644935931452,0.06657638125121812,0.24555366488561547,960.9337,1,1,1.6448671890849822,True,DOR>0.5,dam,0.1635836432231399,-0.10263519961570877
01417500,0.5513617360531027,0.6557839517151154,0.46693273328952045,0.42598429706549057,0.4048731816326695,0.6393442147342763,1183.973,1,1,1.0790075093991245,False,DOR>0.5,dam,-0.08442900276358223,-0.22979965464962482
01420500,0.7924108516631438,0.7855225805740758,0.7769583703061305,0.7749218204246008,0.8221258013871834,0.8360270587243432,627.0471,0,0,0.0,False,none,control,-0.015452481357013381,-0.010600760149474975
01421000,0.7696690894355673,0.7613632524220293,0.7084034829749375,0.6174075208365326,0.7469794489293673,0.8265620975856076,2029.478,1,1,0.4170478548612384,False,DOR>0.5,dam,-0.06126560646062984,-0.14395573158549668
01423000,0.7301548860513845,0.6374383649166885,0.7411452076095013,0.6413424086921398,0.7901696462155245,0.8302223664247631,859.6809,0,0,0.0,False,none,control,0.010990321558116856,0.0039040437754512824
01425000,0.5004714494123417,0.5691826971508384,0.5809359652537517,0.5596422828371306,0.4515340640023012,0.67568026850756,1180.565,1,1,0.5366688023012848,True,DOR>0.5,dam,0.08046451584141001,-0.009540414313707779
01426500,0.6613122397896309,0.636853605292476,0.6790771944693372,0.5961696234486091,0.6534570032474776,0.7710662254405908,1539.334,1,1,0.4008365518154757,False,DOR>0.5,dam,0.01776495467970629,-0.0406839818438669
01427510,0.8345720075713599,0.7672982674838453,0.8050089189573767,0.695389743517063,0.7875264103574866,0.8578044212548793,4724.998,7,2,0.2981541095281446,False,0.1<DOR<=0.5,,-0.029563088613983157,-0.07190852396678238
01435000,0.3052504707302881,0.2168427547539934,0.23158527311164046,0.15926458711469516,0.3833925664665867,0.36281461664258363,172.458,1,1,0.6968645374412005,True,DOR>0.5,dam,-0.07366519761864765,-0.05757816763929824
01436000,0.3383442632825572,0.3036327505463384,0.3131778046801347,0.25466662196027445,0.2686947908466508,0.22921171510931526,240.6915,1,1,1.5091436906356177,True,DOR>0.5,dam,-0.025166458602422503,-0.04896612858606397
01500000,0.5375432689410045,0.6867887951583138,0.5355332562060459,0.6857532214954124,0.5226922885874504,0.7088840673056539,267.1911,1,0,0.0197833006097487,True,none,,-0.0020100127349585994,-0.0010355736629014123
01503000,0.8804305895084432,0.8773575710678179,0.8831312050636574,0.8840342446171519,0.8100313054993459,0.8138940500973092,5790.808,6,1,0.1252597899937582,False,0.1<DOR<=0.5,,0.0027006155552141697,0.006676673549333989
01512500,0.8575443670305232,0.8942329012068799,0.8783251365865774,0.9109631237511004,0.8081802943972283,0.8456788448475108,3833.719,6,1,0.0087285838814474,False,DOR<=0.1,,0.020780769556054235,0.01673022254422052
04243500,0.7069051269911404,0.848105786764795,0.7035485992847283,0.8463713087522984,0.5938149787253728,0.6928394692108741,300.4533,0,0,0.0,False,none,control,-0.003356527706412038,-0.0017344780124965986
01396500,0.8197674600572289,0.8208103687188413,0.8185714032930689,0.8196368936496478,0.7967147441424951,0.7911756425065255,162.5247,2,0,0.0069501924581492,True,none,,-0.001196056764160014,-0.0011734750691935192
01396800,0.4228385569497616,0.5440257027708336,0.462081738768908,0.5361714021655528,0.41777276222914583,0.5905198601437082,107.8434,2,1,0.6168111410242432,True,DOR>0.5,dam,0.03924318181914643,-0.007854300605280806
01397000,0.8081185375255748,0.8296972264514637,0.8061631615032198,0.8169705597185782,0.7944007429678881,0.8200759634842514,388.6272,6,1,0.1768941380819591,False,0.1<DOR<=0.5,,-0.001955376022355071,-0.012726666732885472
01398000,0.6374681552721575,0.6352388978684689,0.6438892144257933,0.6381091068954211,0.6111844345451409,0.6345956206873058,65.97871,0,0,0.0,False,none,control,0.0064210591536357775,0.0028702090269522307
01400000,0.7474561304786065,0.6692317872430896,0.7434452392338116,0.6649561070244983,0.7625506602675337,0.6962759439860597,485.0956,2,0,0.0021832007984547,False,0.1<DOR<=0.5,,-0.004010891244794923,-0.004275680218591371
01400500,0.8312423600397058,0.7978913175614516,0.8076784850803563,0.7836896519525167,0.8583941632920906,0.8146314083263655,1271.465,8,1,0.0561011688978408,False,0.1<DOR<=0.5,,-0.023563874959349418,-0.014201665608934877
01428500,0.8443082205607964,0.7709737125492941,0.8188053858380072,0.7090681380664469,0.7690689037747857,0.8461409863975291,5242.786,9,2,0.2640569265296912,False,0.1<DOR<=0.5,,-0.025502834722789136,-0.06190557448284728
01428750,0.6888519675286944,0.5939009948788391,0.6860436428559318,0.5984802573645864,0.6178435058420264,0.5774039151773019,107.9028,1,0,0.0568438029880276,True,none,,-0.0028083246727625966,0.00457926248574736
01429000,0.7690696379691128,0.8786778950256813,0.7815731230760624,0.8846690585617022,0.7836478680808294,0.892217009582733,151.3764,1,0,0.0407900815485903,True,none,,0.012503485106949652,0.005991163536020916
01429500,0.7524758280579777,0.8589734354002196,0.7529287431827332,0.8642530524742756,0.7231401073568942,0.8463940374480136,167.2245,1,1,0.5075212405561513,True,none,dam,0.0004529151247554264,0.005279617074055998
01430000,0.8378033107254587,0.9010166914436317,0.8467788652799022,0.9050252211268048,0.8333123092088148,0.9130570260663503,425.0241,3,1,0.2224456211418493,False,none,,0.008975554554443543,0.004008529683173112
01431500,0.8171176869079313,0.8455106788786009,0.8194184924735366,0.8424253844644339,0.831982157015271,0.8783272956103897,748.6569,5,1,0.1294835743935021,False,none,,0.0023008055656053017,-0.003085294414166939
01434000,0.8783457279425531,0.923811809030551,0.8801912354012185,0.865529562295061,0.7547643120219119,0.8619726831721392,7967.644,29,8,0.2463724287981729,False,0.1<DOR<=0.5,,0.0018455074586654074,-0.058282246735490095
01437500,0.7922753011940127,0.747445429631681,0.7837832614198431,0.7330646425984995,0.8048113064084856,0.8398734715029366,793.9593,5,1,0.2870803335728334,False,0.1<DOR<=0.5,dam,-0.008492039774169569,-0.014380787033181575
01438500,0.8669582877001927,0.8988807061056321,0.858852832554258,0.8369109662540144,0.727296983447754,0.8624590710692498,9016.394,34,9,0.2415754202850108,False,0.1<DOR<=0.5,,-0.008105455145934637,-0.06196973985161769
01439500,0.7741556450626217,0.8530465422941302,0.7697567699545282,0.8519586061307074,0.7839756304749281,0.8424378752558388,305.8776,5,0,0.0101121797650039,False,none,,-0.004398875108093447,-0.0010879361634228424
01440000,0.8081254704211633,0.8978528324395574,0.7902282141582799,0.8885723934171376,0.8142732743800888,0.8784029198218698,167.7204,0,0,0.0,False,none,control,-0.01789725626288341,-0.009280439022419817
01442500,0.7799960711317195,0.7857408085919708,0.7791747928085608,0.7847542111124209,0.8184009155603059,0.8312321700267822,677.5605,3,0,0.000740202511992,False,none,,-0.0008212783231587029,-0.0009865974795498778
01443500,0.8728024313012986,0.9108043745862264,0.8682622895992332,0.909822659246085,0.41372532690711306,0.3424172293300103,326.4282,5,0,0.0336006418944658,True,none,,-0.004540141702065403,-0.0009817153401414647
01445500,0.8712528857088067,0.9168371292313002,0.8695225220372822,0.9164435144451119,0.8009367747579929,0.7431654080933434,269.5341,0,0,0.0,False,none,control,-0.0017303636715244597,-0.00039361478618837875
01446500,0.8681211462389408,0.8360279004043439,0.8413155973449247,0.7875739629230967,0.6469645791724592,0.8192090002317491,11769.17,54,9,0.1763040218891076,False,0.1<DOR<=0.5,,-0.026805548894016096,-0.04845393748124727
01447500,0.8322911414362096,0.8545594540190888,0.8347704602563382,0.8557898460828042,0.8462081227842801,0.8800525985278503,240.1902,1,0,0.0075049721482468,False,none,,0.0024793188201285288,0.0012303920637153354
01447720,0.8071774138764668,0.8019904655195702,0.8007925266520773,0.796969356063739,0.8316503268935678,0.8377005914708197,308.1267,3,0,0.0405842162804164,False,none,,-0.006384887224389457,-0.00502110945583123
01447800,0.17829786283404303,0.5647887291947158,0.18348121741519396,0.5653277653011396,0.1688864158136163,0.5762408099406797,752.6691,6,0,0.0245604727317008,True,none,,0.005183354581150934,0.000539036106423807
01449000,0.6836084908848759,0.837306712794937,0.6827435131232695,0.8371767325785822,0.6363588899931281,0.7934903745465313,1521.781,7,0,0.0122880562035073,False,none,,-0.0008649777616063226,-0.00012998021635479695
01449360,0.6940640304936118,0.7083825595918936,0.6813165739571532,0.7071659449789656,0.6789808299127438,0.6780604422468144,129.4857,0,0,0.0,False,none,,-0.01274745653645859,-0.0012166146129279909
01449800,0.2445159559957658,0.6165461231357162,0.6397935535702088,0.7318691015686911,-0.11845168372658565,0.43709201639747697,249.4863,4,3,0.583266919829861,True,DOR>0.5,dam,0.39527759757444303,0.1153229784329749
01450500,0.7491503585548367,0.8262277169014314,0.7342543563311947,0.8205048476534749,0.7151400820124527,0.7519163211083947,198.1143,0,0,0.0,False,none,control,-0.014896002223641958,-0.005722869247956508
01451000,0.7715135129952511,0.8796429006339479,0.7989916028374331,0.8965754010094892,0.7136539142105158,0.8118517548172723,2297.016,11,3,0.060869675476964,False,DOR<=0.1,,0.02747808984218203,0.01693250037554128
01451500,0.6366787430824234,0.6409028397128149,0.644570587702537,0.6448787697414033,0.6695690001346015,0.6860704930433688,212.0562,0,0,0.0,False,none,control,0.007891844620113497,0.003975930028588426
01451650,0.6952921801915082,0.7046819788367263,0.7007271651136207,0.7067321760242817,0.7236941976705646,0.7499680440336749,253.8567,0,0,0.0,False,none,,0.0054349849221124735,0.0020501971875553915
01451800,0.5420822870973551,0.3969457644933534,0.5449704953415199,0.40110614985863047,0.2178525775583905,0.14514279195751523,135.8448,0,0,0.0,False,none,,0.0028882082441648027,0.004160385365277075
01452000,0.7742777197817218,0.7989975328183953,0.7723900668156766,0.8002520320376524,0.7299165621921715,0.6916030977067678,196.5627,0,0,0.0,False,none,control,-0.0018876529660452057,0.0012544992192571325
01452500,0.6324195752312354,0.6970269975572998,0.6216012960562706,0.6931965226545584,0.5131908279528076,0.5879130901604235,112.041,1,0,0.0004420377084333,True,none,,-0.010818279174964807,-0.0038304749027413543
01453000,0.8227745457886348,0.8876121499471311,0.8402146835626271,0.9074185040871829,0.738022299308438,0.7928968465422773,3306.332,14,3,0.0440817283391577,False,DOR<=0.1,,0.017440137773992226,0.01980635414005183
01457000,0.8214249798999959,0.8598459253209471,0.8134401443854411,0.8535882620841682,0.8312992496661898,0.8794220313385585,366.7752,5,0,0.0059452904507708,True,none,,-0.007984835514554756,-0.006257663236778899
01459500,0.7329876387477792,0.822494531628507,0.7788460539369363,0.8319948676146509,0.6854464448790538,0.667923540106091,254.2302,1,1,0.3061828155027313,False,DOR>0.5,dam,0.04585841518915712,0.00950033598614386
01468500,0.5568949353816746,0.5465357399671746,0.5549308682842541,0.5551131395476567,0.46975576347152137,0.4648844309660992,344.2095,2,0,0.0300281267052896,True,none,,-0.0019640670974204744,0.008577399580482092
01469500,0.8377972937278961,0.9039966452791673,0.8354187257769927,0.9030119157500831,0.8561596387863336,0.913444197157588,114.3441,2,0,0.1620455378687811,False,0.1<DOR<=0.5,,-0.0023785679509034097,-0.0009847295290842384
01470500,0.8706203865228886,0.8783491408003676,0.8582263415763298,0.8708813593305154,0.8844235068419628,0.9133921252909479,924.7293,6,0,0.0318663320619033,True,DOR<=0.1,,-0.012394044946558824,-0.007467781469852275
01472198,0.6916292535357599,0.7285983269317373,0.7135048030231305,0.744195785927304,0.7070214940903241,0.7558085091913084,97.51591,0,0,0.0,False,none,control,0.021875549487370582,0.015597458995566638
01534000,0.739893293748979,0.8347027861690878,0.7346641475864856,0.8360754220027438,0.7369889913465947,0.7835233404527011,1016.898,2,0,0.0057974615386242,False,none,,-0.005229146162493481,0.0013726358336559885
01534300,0.494371859935814,0.6423592268434415,0.5712305000754389,0.6607150311464856,-1.0730913553827213,-0.19067492335013658,98.5212,1,1,0.2074023068160662,True,0.1<DOR<=0.5,dam,0.07685864013962485,0.018355804303044065
01534500,0.6679173559777497,0.4990202563714182,0.6406676928382864,0.47145795470542806,0.4332652163509705,0.39649824383321264,281.8395,1,1,0.076404595441299,False,0.1<DOR<=0.5,dam,-0.02724966313946331,-0.027562301665990163
01536000,0.8408593320916475,0.8234325812783112,0.8346564119528518,0.8057563875655673,0.7459595889181616,0.6616200472892038,863.1477,6,1,0.0530400782279009,False,DOR<=0.1,,-0.006202920138795753,-0.01767619371274387
01411500,0.6295831749483187,0.700249018292223,0.6267292471669577,0.6996621106137071,0.6259937202535943,0.6954105193758188,270.1735,6,0,0.0143207206766499,False,none,,-0.0028539277813610653,-0.00058690767851588
01463500,0.8972235309341133,0.9004744447065539,0.871300019281692,0.8684450927887972,0.5701086191522011,0.7869754955757542,17579.75,78,13,0.130371443710685,False,0.1<DOR<=0.5,,-0.02592351165242135,-0.03202935191775669
01465500,0.7450628344378565,0.7171932853507114,0.7462958876878034,0.7116427014069276,0.7297677968987768,0.8151910051554624,541.3914,6,0,0.0276493763155965,True,none,,0.001233053249946936,-0.005550583943783716
01470779,0.6853664237559669,0.7198824461782118,0.6791092048069607,0.7162104356838734,0.7095125894597567,0.744572511677813,179.1595,0,0,0.0,False,none,control,-0.006257218949006216,-0.003672010494338407
01470960,0.5459971466427296,0.6699008255704253,0.5769801494144633,0.6735168958780828,0.5407224522304062,0.6708122381526119,461.3823,1,1,0.1084033414997146,True,DOR>0.5,dam,0.030983002771733714,0.0036160703076575373
01471000,0.6362210626240193,0.7444514405615426,0.6510666766343871,0.7399116459527374,0.6300355040212612,0.7485210303930896,557.1,1,1,0.0904967367160912,False,DOR>0.5,dam,0.01484561401036777,-0.004539794608805159
01471510,0.8841268327896545,0.9213348484989029,0.8847422726996774,0.9115008106535948,0.8689530306236858,0.9273947315371163,2303.509,8,2,0.0429388132299586,False,0.1<DOR<=0.5,,0.0006154399100228858,-0.009834037845308119
01472000,0.8791836530536146,0.9183160443635197,0.8747731423643419,0.9129423955979663,0.8303227547173293,0.8999028927071693,2971.815,9,2,0.0345363850405281,False,DOR<=0.1,,-0.004410510689272673,-0.005373648765553352
01472157,0.778293038403998,0.7892399579687515,0.7778911061242186,0.7860767983289652,0.7078302519430657,0.6981972145495853,152.29,0,0,0.0,False,none,,-0.0004019322797793601,-0.003163159639786306
01473000,0.797529709255276,0.7835103805946542,0.7892398455241831,0.7726977362789508,0.8305982857842817,0.8942372995160124,721.4031,3,1,0.0375643351597736,False,DOR<=0.1,,-0.008289863731092861,-0.01081264431570339
01474000,0.7037271951999118,0.6974397257875057,0.7203766794100942,0.6929680293666909,0.7496107687863209,0.7891115398816444,164.988,0,0,0.0,False,none,,0.01664948421018242,-0.004471696420814797
01474500,0.8595215275394298,0.8321797505184592,0.8607138991141605,0.8384005583715608,0.8045799910686604,0.8892158431817747,4895.962,17,3,0.0312156149528501,True,DOR<=0.1,,0.0011923715747307329,0.00622080785310164
01477000,0.6660550136078438,0.7820869504437716,0.6801134796239954,0.7792338376229393,0.6027934360682226,0.7143371259705298,156.9942,0,0,0.0,False,none,,0.014058466016151572,-0.0028531128208323375
01479000,0.7049554994010883,0.7360486238632475,0.7068218618858095,0.7310995576611653,0.7137945871850604,0.7856699069440674,230.7807,0,0,0.0,False,none,control,0.0018663624847212734,-0.004949066202082242
01479820,0.0493157683298896,0.013955980692766046,0.040285932651613954,0.011330211001341461,-0.12324910136689482,-0.10675573973213259,71.53111,0,0,0.0,False,none,,-0.009029835678275644,-0.0026257696914245843
01480000,0.6119767916675313,0.6709066002411908,0.602744504589309,0.6658967898671575,0.6241682473950745,0.6705054957824654,122.6124,0,0,0.0,False,none,,-0.009232287078222323,-0.005009810374033252
01480015,0.5729344537109253,0.6168193259759762,0.5652694375296592,0.6120775192770121,0.6122452952273376,0.6900223751195407,135.8757,0,0,0.0,False,none,,-0.007665016181266138,-0.004741806698964068
01480700,0.7749568167391866,0.8239696923982733,0.7753984082640928,0.8238030134589571,0.7775818680255668,0.854797811914243,155.2095,1,0,0.0894925299521605,False,none,,0.000441591524906193,-0.00016667893931621158
01480870,0.7799169161616897,0.7501090815674422,0.783648500286323,0.7503119154057074,0.8061593227121384,0.8303194019322451,232.1622,1,0,0.0563004893024581,False,none,,0.003731584124633369,0.00020283383826524837
01481000,0.7878373815286867,0.7769891351860702,0.7688568143413534,0.7645288697812143,0.8025323269022665,0.8070858457115602,755.1738,2,0,0.0211319825041647,True,none,,-0.018980567187333208,-0.012460265404855897
01481500,0.774595289235443,0.7330311134170804,0.7597597364018864,0.7179997337511337,0.7902208014924712,0.8219978704698155,823.9563,2,0,0.0191969935429445,True,none,,-0.014835552833556531,-0.015031379665946698
01483700,0.7636412713391559,0.8348980740394534,0.7630145574466212,0.831232457291674,0.655720306114705,0.6740996202328037,80.9622,1,0,0.0473015083580237,True,none,,-0.0006267138925347693,-0.003665616747779321
01495000,0.6971824174446699,0.7589582827513363,0.6913858171995002,0.7516959555608909,0.5707277001702287,0.5925572453038286,138.1707,0,0,0.0,False,none,,-0.005796600245169703,-0.0072623271904453945
01576500,0.8174533193275876,0.7762787996591458,0.8213142470561217,0.7855454115691043,0.8033206215508197,0.798313841966566,837.2034,1,0,0.0029390744472393,False,none,,0.0038609277285340804,0.009266611909958478
01576754,0.7939901692211233,0.7863835024871785,0.8179414141475484,0.8077835927992338,0.8219372728447132,0.8537445094839572,1214.191,1,0,0.0019434886865267,False,none,,0.023951244926425086,0.021400090312055364
01580000,0.595320446885201,0.740338318709168,0.6151356780148316,0.7602731365824678,-1.9112295510925064,-0.5302281888587999,244.3698,1,0,0.0001284839473304,False,none,,0.019815231129630573,0.01993481787329976
01582000,0.5491066500444063,0.7470282023902619,0.56161782396945,0.7538433774276025,0.5634011481463705,0.7730787220779359,139.1994,0,0,0.0,False,none,,0.01251117392504375,0.006815175037340637
01582500,0.49986345673540045,0.6746637444212094,0.4949128690215704,0.6543961382245116,0.48086054777505305,0.6862586561083752,413.7579,1,1,0.4093335610850673,False,DOR>0.5,dam,-0.004950587713830057,-0.020267606196697763
01583500,0.48660456888380776,0.7194354146156974,0.5007101923226354,0.7262146103865932,0.3686336669010736,0.6248097151577248,155.8494,0,0,0.0,False,none,,0.014105623438827597,0.006779195770895807
01487000,0.7542254190572608,0.828694023554498,0.7540178513340425,0.8285615111109158,0.7508768592992191,0.823793669152717,187.4102,0,0,0.0,False,none,,-0.00020756772321828265,-0.00013251244358214453
01491000,0.7304262945775442,0.6564558964590406,0.7298721783316742,0.6557897820009979,0.7395208593744461,0.6783580888334534,292.0401,1,0,0.0010685179400375,False,none,,-0.0005541162458699844,-0.0006661144580426548
01594440,0.6245348167276503,0.5593128487553917,0.6099012941412483,0.5331960881494935,0.42504224960834924,0.6586702791606519,906.5709,4,2,0.117865849191076,False,0.1<DOR<=0.5,dam,-0.014633522586402048,-0.02611676060589818
01669520,0.6900457553608246,0.6669719064019509,0.667938827914185,0.6509988748418307,0.6033444709186101,0.5852033533434905,277.3854,0,0,0.0,False,none,control,-0.022106927446639557,-0.0159730315601202
02042500,0.5499752540992399,0.7071311946262362,0.5669850375013897,0.7136790531481678,0.48397342868103144,0.6926337289046561,646.929,2,0,0.003936802100817,False,none,,0.01700978340214987,0.0065478585219316265
02047000,0.6250939379142483,0.7804329692070233,0.5975650463021742,0.7693996587080908,0.14503241756482532,0.5737376942690768,3731.432,10,0,0.0039879169331062,False,none,,-0.027528891612074058,-0.011033310498932525
02047500,0.8351081183472202,0.8810296440967488,0.8374063558607792,0.8802754323121388,0.7826403490071093,0.8393331568905416,743.7955,1,0,0.0003334099417727,False,none,,0.002298237513558954,-0.0007542117846099927
02053200,0.7306548094998216,0.7637230244494194,0.638666225147237,0.7381134941404537,0.4957990557727239,0.5583597809842967,583.6599,1,0,0.0013477756189537,False,none,,-0.09198858435258461,-0.025609530308965733
02053500,0.7090347841380197,0.6887026883888264,0.7005608852841625,0.6835349762352332,0.7166795752414903,0.6461340788267124,165.8835,0,0,0.0,False,none,,-0.008473898853857187,-0.00516771215359324
02084557,0.315181238081202,0.3243993243575918,0.3163650380639429,0.3249612489357777,0.3071554265253734,0.3195930521299747,56.13005,0,0,0.0,False,none,,0.001183799982740874,0.000561924578185935
02089500,0.6654494596864116,0.8231924078856417,0.7768009164946241,0.8808200120089111,0.23492144401301396,0.6304040488446457,7021.535,24,5,0.1039043454637159,False,DOR>0.5,,0.11135145680821257,0.057627604123269394
02092500,0.8263583518019376,0.847403496701962,0.8260844802980516,0.8455246211194439,0.8163811452437972,0.8541203466636146,447.5751,0,0,0.0,False,none,control,-0.0002738715038860251,-0.0018788755825180914
02093000,0.758790393381346,0.6681495460156603,0.750489124581357,0.6684820102236793,0.4683977911827991,0.4768229289455893,202.0608,0,0,0.0,False,none,,-0.008301268799989048,0.0003324642080189122
02108000,0.9140434947721369,0.9062164285902394,0.9141565961972525,0.9042468976339388,0.9177344440961935,0.9184977457781115,1569.485,0,0,0.0,False,none,control,0.00011310142511566923,-0.0019695309563005914
14400000,0.7462287393412593,0.523407426089964,0.7370766456568975,0.5243406974302699,0.7605332708308268,0.5593502737283322,702.6345,0,0,0.0,False,none,control,-0.009152093684361873,0.0009332713403058523
11469000,0.771252662319617,0.727266456373346,0.7866427722266823,0.7412589969425092,0.7881110980737656,0.7690737032432062,622.863,0,0,0.0,False,none,control,0.015390109907065352,0.013992540569163214
11477000,0.8931516867845218,0.8700400037080043,0.9097820816768657,0.8810902460290618,0.9024355737045717,0.8832990481349017,8062.434,2,1,0.0143299661381268,False,DOR<=0.1,,0.016630394892343858,0.011050242321057557
11478500,0.8302721124834138,0.7252601118649207,0.8224063799543944,0.7220488809365839,0.8423132669848716,0.7494368684586569,572.3766,0,0,0.0,False,none,control,-0.007865732529019454,-0.00321123092833675
11481000,0.8185692301588463,0.7218715408088046,0.8365002749754059,0.7382958134984774,0.8672139481319134,0.8704523085038935,1257.414,1,1,0.0481467508991704,False,DOR<=0.1,dam,0.017931044816559605,0.016424272689672836
11482500,0.8389447941093415,0.7908872182809991,0.8408035049825884,0.7980163764192609,0.8588413830531694,0.8308016864787608,718.0398,0,0,0.0,False,none,control,0.0018587108732468494,0.007129158138261871
11528700,0.8578847396834053,0.8017739711305529,0.8611690232210895,0.8052493916615322,0.8595388438733769,0.8168494692558784,1980.083,0,0,0.0,False,none,control,0.003284283537684174,0.0034754205309792674
11530000,0.883631974789119,0.918929798141981,0.8550200576612144,0.9066646251603472,0.8246288279723187,0.8998478764880392,7390.958,3,2,0.6551237630630652,False,DOR>0.5,,-0.028611917127904674,-0.012265172981633765
11461000,0.790915325139193,0.7274965908194646,0.7852370199210547,0.7247738317191565,0.8068184121506004,0.7386806380356463,259.6455,0,0,0.0,False,none,control,-0.005678305218138391,-0.0027227591003080587
11461500,0.749098981046552,0.7594391464858326,0.5900164041416636,0.665078807553048,0.7758602426855218,0.7866912796891921,238.6782,1,1,0.3706503114550984,True,DOR>0.5,dam,-0.15908257690488847,-0.0943603389327845
11462000,-0.0704447991108359,0.44248400515061426,0.23319857100423358,0.5530926977504516,-0.10025524164896749,0.4437243488472975,271.8342,1,1,0.3711133861144092,True,DOR>0.5,dam,0.3036433701150695,0.1106086925998373
11468000,0.7191705197637155,0.649305839324928,0.7187946067749187,0.6350985933345641,0.6780752798978518,0.5394739496995152,785.8926,0,0,0.0,False,none,control,-0.00037591298879680046,-0.014207245990363937
11468500,0.8594421330170542,0.8651473815872248,0.844238511533079,0.8571149558723775,0.8524517121976829,0.8449788477416478,273.5145,0,0,0.0,False,none,control,-0.015203621483975138,-0.008032425714847302
11470500,0.6446536230090805,0.7850540714430916,0.6760756272716812,0.7790224441590374,0.6557118444141473,0.8016754474272241,750.2211,1,1,0.1830448489566003,True,0.1<DOR<=0.5,dam,0.03142200426260078,-0.006031627284054153
11471500,0.6642292257086602,0.67573263120303,0.6898073984156152,0.6734282353225503,0.6500892548249992,0.6339518430739342,904.2471,2,1,0.2048233544515983,True,0.1<DOR<=0.5,dam,0.02557817270695506,-0.002304395880479704
11473900,0.7961429936655432,0.8356490673973194,0.7898245684101034,0.8330589557413486,0.8034360718034621,0.857294324464596,1925.013,0,0,0.0,False,none,control,-0.006318425255439797,-0.0025901116559707837
11475000,0.8799504569899059,0.839555352280507,0.8753988327488182,0.8376257591559786,0.8850009199842902,0.849460513543159,5456.924,2,1,0.0238515152717612,False,DOR<=0.1,,-0.004551624241087682,-0.0019295931245284503
11476500,0.859092482163195,0.882634690489625,0.8668030026897702,0.8816755134586556,0.842070024928589,0.803025368556914,1390.243,0,0,0.0,False,none,control,0.007710520526575171,-0.0009591770309693715
11480390,0.7576963386973066,0.7221445087041578,0.7517594772089443,0.7377324017925058,0.5699859763357907,0.2260439789600347,242.5977,1,1,0.2779294648104206,True,0.1<DOR<=0.5,dam,-0.005936861488362255,0.01558789308834796
11480410,0.7500639321595857,0.6822876641866583,0.7527682390700545,0.709555426608333,0.7206312757551361,0.6849892620050277,312.9813,1,1,0.2071669578345574,True,0.1<DOR<=0.5,dam,0.0027043069104688566,0.027267762421674724
11460600,0.7343501610332662,0.5996536558325176,0.7414686812911169,0.5941207065943449,0.7683969424327278,0.646479371654332,211.5945,2,2,0.7167037724000463,False,0.1<DOR<=0.5,dam,0.007118520257850647,-0.005532949238172713
11462500,0.8542136132950835,0.9002133582730045,0.8501392922164327,0.8786452811751974,0.8556873379225075,0.8678415188889399,938.709,1,1,0.1509787732070473,False,0.1<DOR<=0.5,,-0.0040743210786508,-0.02156807709780717
11463000,0.8784900238636831,0.8636771612068361,0.8713861906698824,0.8531067019749942,0.870820885455406,0.7833921437910953,1302.663,2,1,0.1129398069481335,False,0.1<DOR<=0.5,,-0.0071038331938007016,-0.010570459231841967
11464000,0.8929189109929125,0.8693861069596269,0.8975805308351051,0.8634187708222654,0.9057410590341064,0.8784575137614802,2056.271,3,1,0.0737127021711101,True,0.1<DOR<=0.5,,0.004661619842192599,-0.005967336137361556
11465000,0.24189917543767447,0.5484338813322294,0.49295324280761166,0.6252069195832326,0.20785730882825992,0.5603067836446118,338.0238,1,1,1.3951367909832917,True,DOR>0.5,,0.2510540673699372,0.07677303825100323
11465200,0.5561716884891714,0.575210777013097,0.5927915307001804,0.5494954921304793,0.3637820910393681,0.6102829394751884,421.5618,1,1,1.0250873373188665,False,DOR>0.5,,0.036619842211009,-0.02571528488261765
11467000,0.8926306076099286,0.834343962471827,0.8838929887450924,0.8148670474006584,0.8837460169300045,0.8522425951695662,3465.202,6,2,0.2059263832022013,False,0.1<DOR<=0.5,,-0.00873761886483626,-0.019476915071168555
11160500,0.8506912726022198,0.9221171837760467,0.8338718269528087,0.9126943285958143,0.8480187545692046,0.8563529508535728,275.8086,0,0,0.0,False,DOR<=0.1,control,-0.01681944564941107,-0.009422855180232337
11161000,0.8507551162485427,0.776082717916185,0.8342808143205939,0.7729019798920295,0.8867536322001667,0.8708017866874829,298.2771,0,0,0.0,False,DOR<=0.1,,-0.016474301927948853,-0.003180738024155527
11162500,0.7381210442650654,0.7575951588619411,0.7274441963761868,0.7540484415920209,0.567689665599916,0.3923030995958263,118.8711,0,0,0.0,False,none,control,-0.010676847888878571,-0.0035467172699201743
11164500,0.6960819350725371,0.7789915761641459,0.6905416566786916,0.7763661117172251,0.7063136605570198,0.7094288068740718,97.65,1,0,0.0966040594787131,False,none,,-0.005540278393845521,-0.0026254644469208
11143000,0.8086575715767339,0.7425164565338462,0.8069910185395077,0.7405443161393943,0.8160870804697132,0.9045747135489302,120.6126,0,0,0.0,False,none,control,-0.0016665530372261816,-0.0019721403944519267
11143250,0.8461172224429365,0.9153480598685699,0.8342145601948093,0.9116533819147111,0.8331799139994166,0.8876091172146635,637.7616,1,0,0.0394307936363376,False,none,,-0.011902662248127194,-0.003694677953858805
01408120,0.7435288308226063,0.863671636200994,0.7432296505798,0.8633971024177476,0.7229260977832095,0.8215522150930876,91.2879,0,0,0.0,False,none,control,-0.0002991802428063961,-0.0002745337832463779
01408500,0.7036451691229729,0.7668784535406794,0.702539136667809,0.7654733222843626,0.595549004177379,0.6747627306937098,318.7953,2,0,0.0030685538549927,False,none,,-0.001106032455163941,-0.001405131256316805
01464500,0.7651103447327252,0.7968958377478959,0.7634727366501621,0.7902202063520758,0.6704940851847158,0.6655685155418363,200.8458,1,0,0.001002805387444,False,none,,-0.00163760808256308,-0.006675631395820059
01467000,0.6769383074621105,0.7379975370157786,0.6631475964820173,0.7312159272567423,-0.36533953745126824,0.1767108836507315,323.5545,9,0,0.0275109546010518,True,none,,-0.013790710980093213,-0.0067816097590363
01208925,-1.3965390384576337,-0.808309865588122,-0.8729859929736719,-0.685484830720491,-1.5989803255364867,-0.8611970479737061,74.5146,4,1,1.2280743967058183,False,DOR>0.5,dam,0.5235530454839619,0.12282503486763097
01304500,-0.4893983430019986,0.42627087561468635,-0.4878630684346057,0.4264499151000599,-4.486125031611787,-0.0875441443754823,192.3507,0,0,0.0,False,none,control,0.0015352745673928858,0.00017903948537356662
01305000,-19.78339727785049,-0.5585868326192178,-19.777250670061736,-0.5584450763774649,-21.344941735585326,-0.6157848263956838,190.2237,1,0,0.003883963020679,True,none,,0.006146607788753755,0.00014175624175294388
01308500,0.3840564505295785,0.3621482709228734,0.3843750906353196,0.3623865021810504,-0.28506402347341386,0.24349461361092195,94.33336,1,0,0.0031260141715091,True,none,,0.00031864010574111923,0.00023823125817701296
01375000,0.744838748493042,0.8613208537316964,0.7215226148521652,0.8561437813371834,0.7341292999444007,0.847856824474204,980.0289,13,10,0.7178938120911792,True,DOR>0.5,dam,-0.023316133640876813,-0.005177072394513038
01378500,0.6089235077935571,-0.3129286511284335,0.5787979148158661,-0.39286194935843666,0.5432445086576658,-0.5293138035713059,300.3462,4,2,0.7144335689253071,True,DOR>0.5,dam,-0.030125592977691018,-0.07993329823000317
01379000,0.571590500692728,0.6722800237614861,0.5832056281038783,0.6792357943349432,0.5687145319506528,0.7213671745842937,140.4292,2,0,0.0006142028794841,False,none,,0.011615127411150339,0.006955770573457087
01379500,0.656155701872345,0.7540101336459217,0.6769849570046426,0.7459727484100578,0.5751449394674437,0.7627176824525153,256.0499,2,0,0.0003183677019416,False,none,,0.02082925513229761,-0.008037385235863947
01381000,0.8487512834050854,0.8344354812871696,0.8056654203427811,0.7960891901787399,0.810537527854412,0.7178521685450654,314.3538,6,2,0.4574612246660852,True,0.1<DOR<=0.5,dam,-0.04308586306230433,-0.038346291108429686
01381900,0.7411830097878833,0.7531283768686656,0.7808344046523508,0.7458608613999453,0.6567964380080829,0.823442287919018,907.8039,13,2,0.1177491687051996,False,DOR<=0.1,dam,0.03965139486446745,-0.007267515468720287
01383500,0.2475973751248396,0.3316127943633198,0.4294297281955701,0.4242243677208384,0.23758371468989425,0.30205066010009995,75.3111,4,2,0.9974676103488744,True,DOR>0.5,dam,0.18183235307073053,0.09261157335751857
01387400,0.8136775205839346,0.839955122052809,0.8086019010602824,0.8363234678791234,0.835240472361529,0.8829853852640654,231.6789,3,0,0.0384320172483693,False,none,,-0.005075619523652208,-0.0036316541736856056
01387420,0.8101333910129989,0.7913583541383848,0.8053328243722677,0.7882622914971589,0.83430954911647,0.836303508980036,247.6512,3,0,0.0371339275622741,False,none,,-0.004800566640731141,-0.0030960626412259717
01387500,0.7870885289006486,0.717547214081923,0.7896854167954452,0.7195991008489715,0.778771099001214,0.6921457799874202,318.7935,5,0,0.0415419550605385,True,DOR<=0.1,,0.002596887894796618,0.002051886767048483
01388000,0.85002201982209,0.8235149615861626,0.8467186696561813,0.8208858400558738,0.8486354030537157,0.857966129885832,420.579,5,0,0.0314576738802374,True,DOR<=0.1,,-0.0033033501659087694,-0.002629121530288714
01388500,0.8682730249040158,0.8352007827453662,0.8079390266355025,0.7101105540115711,0.87330258805112,0.8571323249523934,923.0895,24,14,1.6094685967879634,False,0.1<DOR<=0.5,,-0.06033399826851327,-0.12509022873379516
01389500,0.7688881623332978,0.8794194328925079,0.8648732202452044,0.8851126779250141,0.6683906133672746,0.7901104761623134,1981.95,38,16,0.8641113816741404,True,0.1<DOR<=0.5,,0.09598505791190659,0.005693245032506233
01391500,0.7947520969267394,0.8226374589650483,0.7897171277313951,0.8139160381498627,0.75705669877379,0.8454266736295419,146.4624,1,0,0.0007003037855365,False,none,,-0.0050349691953442965,-0.008721420815185565
01403060,0.8404404091909401,0.7406426852658307,0.8212773924013721,0.7266311696456431,0.872760055448024,0.7903738857203673,2025.166,15,1,0.0413466646363261,True,0.1<DOR<=0.5,,-0.019163016789568,-0.014011515620187542
01407500,0.7475764936030225,0.7662361652934082,0.756114293294282,0.765513534615268,0.7556510711422568,0.8177120095347481,127.494,1,0,0.2066567390214226,True,none,,0.008537799691259562,-0.000722630678140157
01168500,0.7438238446350895,0.769231050462394,0.7456960443858509,0.7737392073289148,0.7217012434343082,0.8175560957209381,938.5038,6,2,0.2074582685916253,False,DOR>0.5,dam,0.0018721997507613608,0.0045081568665207294
01169000,0.7102836577039773,0.7690995981122549,0.7064202611130985,0.7673510728494484,0.7286805177674799,0.8189267460537587,230.6412,1,0,7.658255805390497e-05,True,none,,-0.0038633965908787538,-0.001748525262806555
01170000,0.7591741773817812,0.8095557219044878,0.7621381168849692,0.8136070436967877,0.7169234998694745,0.8524943540732962,1451.378,12,2,0.1435748842541393,False,0.1<DOR<=0.5,dam,0.0029639395031880733,0.0040513217922999445
01170500,0.8932605579042787,0.9175382548648104,0.8921078403080606,0.9042877065192926,0.7667340265860122,0.8776623581406944,20389.69,121,15,0.0811880554579965,False,DOR<=0.1,dam,-0.0011527175962181557,-0.013250548345517865
01173500,0.8158606880042664,0.7739647696634213,0.816981305412019,0.7634582946488127,0.8102123559556389,0.7947078998184243,510.3333,10,1,0.2469511321115818,False,none,,0.0011206174077525999,-0.010506475014608663
01176000,0.8666496146070508,0.8383228200464318,0.867067148312262,0.8378732386742321,0.8514275908593768,0.8974620847630891,387.1593,4,0,0.0144071457043976,False,none,,0.0004175337052111372,-0.0004495813721996367
01177000,0.8601969801661327,0.9197222657571357,0.8682029611664208,0.9229665095051635,0.818849290848344,0.888827607263403,1785.374,24,1,0.1134098541187542,True,DOR>0.5,,0.008005981000288154,0.0032442437480277864
01181000,0.715671892881674,0.7389215477476305,0.7022011582251324,0.7312362810028603,0.7617559375337439,0.8035124391348731,243.495,0,0,0.0,False,none,control,-0.013470734656541583,-0.007685266744770214
01183500,0.782979420035682,0.8920513189676993,0.8084482942832589,0.8911511665566694,0.6167472926229679,0.8027049660818668,1292.801,10,3,0.204358635513269,True,0.1<DOR<=0.5,dam,0.025468874247576934,-0.0009001524110299197
01184000,0.9086539279737835,0.9244192987378758,0.9003576026231834,0.902961114788337,0.6882590661226389,0.842470702973044,25049.46,184,20,0.0881749180786044,False,0.1<DOR<=0.5,,-0.008296325350600098,-0.0214581839495388
01185500,0.6134921783473615,0.6003804129277369,0.6155782832577117,0.5866821533878777,0.6248690475645379,0.6211308400536913,237.4254,1,1,0.1485323987298397,False,0.1<DOR<=0.5,,0.002086104910350217,-0.013698259539859259
01186000,-0.18746733315455155,0.42898054644384864,0.2503867727067951,0.5003311758902238,-0.2725932503410404,0.40856118604696845,333.5841,3,3,0.393765270641818,True,DOR>0.5,dam,0.43785410586134665,0.07135062944637516
01188090,0.7794196314274667,0.8375282190906331,0.7830695992121737,0.7526630785032635,0.6542187645464407,0.7569811788625244,977.783,11,8,0.444693634587043,True,DOR>0.5,dam,0.0036499677847069423,-0.0848651405873696
01189995,0.8455255993425709,0.885274228382245,0.8617006876177211,0.8206035059814947,0.6276271353725336,0.7780319477713353,1492.974,13,8,0.2792687244477018,True,0.1<DOR<=0.5,,0.01617508827515024,-0.06467072240075034
01192500,0.7629409904989806,0.763462569620261,0.7503811374827943,0.7399652649205712,0.787581704244686,0.8433108970394108,190.6678,8,1,0.0989068611159534,True,DOR<=0.1,dam,-0.012559853016186229,-0.023497304699689803
01193500,0.7901036130273891,0.8671452949459176,0.7910306461485107,0.8672126986765674,0.7088239018165208,0.7366701344871158,271.2563,1,0,0.0009339870131968,True,none,,0.0009270331211216343,6.740373064972882e-05
01196500,0.739517637410589,0.863497031458232,0.7567026140430859,0.8704750400784649,0.5564194565590896,0.52113165748079,285.7488,3,0,0.0313250035638808,True,none,,0.017184976632496962,0.006978008620232901
01197000,0.7917796586373338,0.8949273525228196,0.7823587965464842,0.8901695552981755,0.6520418311836884,0.6418113224260273,149.5539,3,0,0.0131266572738123,True,none,,-0.00942086209084958,-0.004757797224644089
01197500,0.8445312074450981,0.8511570918270701,0.8353256086330952,0.8433919298636116,0.8197701683649021,0.8955954415059985,732.8628,13,1,0.0432924616201887,True,DOR<=0.1,,-0.009205598812002891,-0.007765161963458556
01199000,0.8632741847085299,0.9207214315043036,0.8491612238236668,0.9147106446175062,0.7396282375838301,0.8499639678187312,1643.036,19,1,0.0235299693381927,True,DOR<=0.1,,-0.014112960884863135,-0.006010786886797459
01199050,0.7864965549041325,0.8513511420522876,0.7801017673630596,0.8472891730120967,0.7205861944378198,0.7229034709005471,76.0986,1,0,0.0,False,none,,-0.006394787541072922,-0.004061969040190849
01200500,0.9009283012554858,0.9124334251401577,0.8975450183226645,0.9136077504887717,0.8034799940106689,0.8680198597953991,2583.356,23,1,0.015310067031772,False,DOR<=0.1,,-0.0033832829328213077,0.0011743253486140581
01204000,0.7891525917545601,0.8581933407961531,0.786522933445807,0.8587711936941067,0.6802849524139856,0.6600954270974073,195.2595,1,0,0.0,True,none,,-0.002629658308753058,0.0005778528979536457
01205500,0.851171124050382,0.8890178260776396,0.8358184717667112,0.8879074735315008,0.7997763469148402,0.8872282950101871,3998.594,37,5,0.1373485547106716,True,0.1<DOR<=0.5,dam,-0.015352652283670776,-0.001110352546138782
01206900,0.5365788592302936,0.6287336346760973,0.5457205614736416,0.6250169326272518,0.5336811545281733,0.6677717040170597,260.7732,6,2,0.5519323640142991,True,none,dam,0.009141702243347982,-0.003716702048845555
01208500,0.8028316096039458,0.8560834274393021,0.790243819582853,0.8360064324362755,0.7699265406994593,0.8007517266961305,674.4304,13,2,0.2154521490781794,False,none,dam,-0.012587790021092893,-0.02007699500302662
01331500,0.8203554038503422,0.9072597131791704,0.817011279996477,0.9045758496906321,-0.252971508245569,0.04270438667404641,121.0464,0,0,0.0,False,none,control,-0.0033441238538651774,-0.0026838634885383295
01332500,0.7165926429116443,0.5794819600962032,0.7163530054466446,0.5809777099444066,0.8284732033116606,0.8795738703179932,328.3083,1,0,0.0002752351428387,False,none,,-0.00023963746499966465,0.0014957498482033316
01333000,0.7521178607202954,0.7759591674701135,0.7489417237025716,0.7729941945954124,0.756633161385097,0.8203005893352435,112.1643,0,0,0.0,False,none,control,-0.00317613701772379,-0.0029649728747010995
01364500,0.6631320253798596,0.7051517139671133,0.7052309003618784,0.6266624636970942,0.5633657548014614,0.6133140132908348,1084.421,2,1,0.9166985173364464,True,DOR>0.5,dam,0.04209887498201881,-0.07848925027001907
01367500,0.8256041358633255,0.7752204596391628,0.8299220708107867,0.7934611324955195,0.7955058250968252,0.7289736743537492,940.1213,5,1,0.3208793656824199,False,0.1<DOR<=0.5,,0.004317934947461244,0.018240672856356777
01371500,0.8820190468719424,0.9156587890409448,0.8791841502516435,0.9166552376456736,0.8491273877318003,0.8995425280548739,1866.345,4,0,0.0025928836414367,False,none,,-0.002834896620298899,0.0009964486047288057
01372500,0.8495725111457155,0.9083001254230818,0.843503532601907,0.9050524636727597,0.7207838462320267,0.6157977199698694,441.8134,1,0,0.0032975864297433,True,none,,-0.006068978543808501,-0.003247661750322095
01098530,0.8268201231319224,0.8026648592820954,0.8301668189105931,0.7756659593988741,0.8255306095854478,0.8681985624044508,274.2327,8,1,0.183729783061348,False,0.1<DOR<=0.5,,0.0033466957786706386,-0.02699889988322135
01103500,0.9090397126608835,0.9469014569837587,0.9004355904793211,0.9448871342344058,0.8066555074004048,0.866212055660375,473.3199,15,0,0.0051239564457606,True,none,,-0.008604122181562368,-0.0020143227493528704
01104200,0.8517085684169393,0.838558555113708,0.8424729656743921,0.8324436830866072,0.6935554322102131,0.6935162281387097,548.3745,15,0,0.0053537561461305,True,none,,-0.0092356027425472,-0.006114872027100815
01109060,0.9089121653463474,0.8780994599123565,0.908740618233073,0.8779460001774014,0.9036515181658026,0.8854077648542109,220.1049,8,0,0.0331929280388023,True,none,,-0.000171547113274495,-0.0001534597349550637
01109403,0.8755543424611621,0.885062738489422,0.876736349763243,0.8862121607164467,0.8856304748161113,0.904896218757856,137.592,8,0,0.0258605859211033,True,none,,0.0011820073020808453,0.0011494222270247434
01111500,0.8921389570669929,0.9427731382317885,0.8919698009921786,0.9432180360113117,0.884575493108368,0.9195196551276335,237.2391,9,0,0.025327036889788,True,none,,-0.00016915607481426953,0.0004448977795231679
01116000,0.821077712249471,0.9100534226450138,0.8227031800328765,0.9106458117458734,0.7678085641052612,0.7994804287818902,168.2577,8,0,0.0501380900712351,True,none,,0.0016254677834054432,0.0005923891008596804
01116500,0.8483197168122044,0.8635536852462277,0.8286618796799576,0.8169750091476411,0.850763472694752,0.8722734088781421,525.0195,17,1,0.4348265375289169,True,none,dam,-0.01965783713224678,-0.04657867609858657
01117500,0.8753503527913427,0.8874772613556067,0.8774059373590091,0.8895041677614071,0.7503285677139078,0.7030709303534499,260.4375,4,0,0.006032064433215,True,none,,0.002055584567666413,0.0020269064058003883
01117800,-0.3702963002236035,-0.07251856157696412,-0.3737827915622731,-0.07342650868326395,-0.4100676244371695,-0.09239171631714327,90.76591,3,0,0.0116918244007651,True,none,,-0.0034864913386696283,-0.0009079471062998223
01118000,0.8963238742313869,0.9214668398120298,0.9043094826821946,0.926486128760694,0.8296385693852684,0.7314116666130104,193.2111,6,0,0.0129951549170689,True,none,,0.007985608450807646,0.005019288948664213
01118500,0.9030242770308398,0.8731146037595965,0.902635133782133,0.8710594927422705,0.8652583395864766,0.9056794064103438,765.774,14,0,0.0062172079379681,False,none,,-0.0003891432487067581,-0.002055111017326028
01119500,0.8264845512616381,0.8616487577827858,0.8268661480141716,0.8613921043307069,0.8197089799802784,0.8994838898426138,314.8461,9,0,0.0307736379515728,True,none,,0.00038159675253346403,-0.0002566534520789254
01122500,0.8393874786850632,0.8885391324718235,0.8366040237939799,0.8862745567905729,0.7595313341296803,0.8779668180104474,1048.47,13,0,0.0174739163389006,True,none,,-0.0027834548910833368,-0.0022645756812506024
01124000,0.8612307434905048,0.8706679642890811,0.859252642876771,0.870871163212644,0.8321387461876214,0.8484781427673341,392.0004,11,0,0.0229294437189681,True,none,,-0.001978100613733824,0.00020319892356290836
01127000,0.9258021203073663,0.954663132737,0.9239143166229989,0.9528077155492339,0.8447624941655516,0.9028504920943514,1838.699,46,1,0.0544660595328223,False,none,,-0.0018878036843673618,-0.0018554171877660508
01127500,0.7924455217305756,0.7987184285330039,0.7871111205496095,0.7932465626689063,0.782597531751914,0.8716430799665339,230.7345,5,0,0.0425949998163685,True,none,,-0.005334401180966064,-0.005471865864097647
01172500,0.46179264321245006,0.6287931401511564,0.6234963080226681,0.7216810749474746,0.46377788216091054,0.634379275898225,142.6932,2,1,0.8559050412818364,True,none,dam,0.16170366481021803,0.09288793479631818
01173000,0.7364987985645073,0.8151575199673782,0.8003324121056352,0.837123532014576,0.7311196341196583,0.8198052747796897,248.9728,5,1,0.4941013670790822,True,none,dam,0.06383361354112793,0.021966012047197836
01076500,0.8328682221028871,0.9099674712506892,0.8294546178231035,0.9092027723611823,0.8154567467589703,0.9007230319771199,1608.937,6,0,0.0011329894621599,False,none,,-0.003413604279783655,-0.0007646988895069207
01078000,0.86013448497732,0.8986323747285481,0.8596034609648782,0.9017096897911149,0.8387732366820061,0.844891499286392,222.4566,1,0,0.0016428854264054,False,none,,-0.0005310240124418719,0.00307731506256681
01144000,0.8283176187010054,0.8700317230861001,0.827285156872289,0.8675953466267037,0.8265232835112826,0.9033798420408025,1790.244,1,0,4.829799224142588e-05,False,none,,-0.0010324618287164133,-0.0024363764593964277
01151500,0.7322918678427499,0.7828048268632406,0.7309209943395105,0.787158234289931,0.7281067806958418,0.7940027119342616,576.1521,7,0,0.01123533047585,True,none,,-0.0013708735032393893,0.0043534074266904366
01152500,0.8487788233631224,0.9100873875425379,0.8510212425518426,0.9038211118959322,0.8472818840614276,0.9184561105992821,700.3791,9,1,0.0635243083701368,True,0.1<DOR<=0.5,,0.002242419188720257,-0.006266275646605757
01153550,0.7767812108584586,0.8453945864342846,0.7763789420815712,0.8458546657606485,0.7613837568761838,0.8428841300179636,289.5507,0,0,0.0,False,none,,-0.0004022687768874267,0.000460079326363938
01154500,0.8764865930571257,0.898154897570889,0.8841699703203626,0.892209729674391,0.8031521144101261,0.9008230300759781,14220.09,70,10,0.0833737971205421,False,DOR<=0.1,dam,0.007683377263236868,-0.005945167896497905
01161000,0.8343066326430842,0.9116730362774627,0.8329494936065367,0.9105417730686298,0.7794539168279911,0.8813964079096812,1089.694,9,0,0.0096586716913332,True,none,,-0.00135713903654755,-0.0011312632088328334
01162000,0.5239652570622406,0.5709226584757239,0.5218029940544002,0.5710091408588819,0.45940956100547703,0.5419760812549717,212.6241,8,0,0.0363634430188816,False,DOR<=0.1,,-0.0021622630078403926,8.648238315800416e-05
01162500,0.22535115884937695,0.21860494767505356,0.2070888285576079,0.21444992289770815,0.11782087817014975,0.1723141177375459,49.70559,2,0,0.0180540727544868,False,none,,-0.018262330291769047,-0.004155024777345417
01327750,0.6709869133885444,0.8026984869457722,0.7962241020554205,0.8751879276452982,0.35664672890610427,0.6603119556212191,7334.232,32,8,0.2439268938557489,True,0.1<DOR<=0.5,dam,0.12523718866687605,0.07248944069952601
01331095,0.741646250501349,0.8269727963553166,0.8261135954858505,0.9064685769498745,0.4847395162245395,0.7015003610368997,9784.651,47,10,0.2180889472969577,True,0.1<DOR<=0.5,,0.08446734498450148,0.07949578059455786
01334000,0.7714740877959337,0.8737933623236599,0.767106259521831,0.8728585868064495,0.6933017476959036,0.7186722847701614,299.5632,1,0,0.0030588937793063,False,none,,-0.0043678282741027585,-0.0009347755172104399
01334500,0.8516559977906409,0.8354573405970283,0.8526726560254738,0.8364273883873852,0.8558421122737296,0.9133695662224327,1324.343,4,0,0.0015369353922389,False,none,,0.001016658234832879,0.0009700477903569205
04280000,0.7178825849952662,0.8393333284193376,0.7206869987203339,0.8379269060791398,0.7084974209722505,0.8460992537836847,487.5885,3,1,0.0482190529828084,True,none,,0.002804413725067678,-0.0014064223401978326
04282000,0.7510599648573134,0.8753607263644612,0.7563193956851659,0.8788971164036421,0.7316825121556737,0.8583472337116597,798.1479,4,1,0.0508560329394343,True,DOR<=0.1,,0.005259430827852518,0.0035363900391809366
04282500,0.5479080649516789,0.7738176039832003,0.5578693507136219,0.7803741444268335,0.4171713368940724,0.7133207689910543,1632.865,8,1,0.0327620127554308,True,DOR<=0.1,,0.009961285761942995,0.006556540443633185
01129200,0.4117544715706175,0.44231113110128684,0.40232687528437994,0.4286473967703285,0.3647212702058521,0.4328148571303291,658.7442,5,4,0.4801109951924168,False,DOR>0.5,dam,-0.009427596286237572,-0.013663734330958355
01134500,0.7401345373881837,0.8604992826675909,0.7532671037675595,0.8651165964772081,0.059242197057309265,0.0727186073119197,195.1299,0,0,0.0,False,none,control,0.013132566379375765,0.004617313809617163
01135500,0.8437155985635939,0.8318204220340525,0.8490731527434985,0.8343604097242434,0.8602724966811722,0.8999915686871928,1124.902,6,0,0.0010367369528362,True,none,,0.005357554179904578,0.0025399876901909257
01137500,0.6610526394036721,0.8272129587294637,0.6877490693564574,0.8287197818706821,0.2959488858576693,0.29588822498161693,228.5543,2,0,0.0013593165772344,True,none,,0.026696429952785317,0.0015068231412184163
01139000,0.8141534642774508,0.8691125004273279,0.8161081665562078,0.869198659136696,0.8174537717022118,0.8942570132544797,246.3333,3,0,0.0472646634559506,True,none,,0.001954702278756937,8.615870936812264e-05
04285500,0.7360737232090309,0.8232180129082945,0.7342200708561932,0.8315558708277104,0.7291196982571578,0.8499612700865381,181.8963,3,1,0.3149456556848356,True,none,dam,-0.0018536523528376314,0.00833785791941588
04286000,0.835779468261115,0.9180657118234791,0.8369245791906686,0.9184965941187881,0.8289640335231087,0.9008481334038209,1022.999,11,3,0.1513243655596384,False,DOR<=0.1,,0.0011451109295536055,0.0004308822953090763
04287000,0.7857572018363471,0.8885689170326899,0.7855995756121921,0.8886356566766527,0.6806045187070859,0.6608088556843998,198.5157,0,0,0.0,False,none,control,-0.00015762622415504968,6.673964396275434e-05
04288000,0.7617033910530793,0.855778576824465,0.7563854800951529,0.8526362418702647,0.7328949954391447,0.824884628998022,364.0464,1,0,0.0009127615704643,True,none,,-0.005317910957926331,-0.0031423349542003542
04289000,0.5146653125866812,0.500330503517109,0.5002064214843478,0.4692660556887229,0.5169607813276881,0.5054296091785123,286.8759,1,1,0.4158711389402693,True,0.1<DOR<=0.5,dam,-0.014458891102333449,-0.03106444782838602
04292000,0.8016997523634135,0.8540204147353803,0.8058105173208898,0.855948178299093,0.8273136760532911,0.885503258831753,815.2605,8,1,0.071763988122412,False,DOR<=0.1,,0.004110764957476309,0.0019277635637127144
04292500,0.8234555587183092,0.8892728227150936,0.8374704437057146,0.8847829181829866,0.8253791844114291,0.8796903124705937,1787.564,13,2,0.0451034843633365,True,DOR<=0.1,dam,0.01401488498740533,-0.004489904532106959
04296000,0.7930997195174181,0.848941586334171,0.7937626693909543,0.8489357885372376,0.782466045375269,0.8450268162353867,302.1894,0,0,0.0,False,none,control,0.0006629498735362116,-5.797796933437738e-06
04296500,0.8432191614377482,0.866741655508513,0.8431273741555967,0.8669554312027308,0.8418682777518852,0.8680313309420622,375.0174,5,0,0.0577188172805727,True,none,,-9.17872821515342e-05,0.000213775694217766
01073500,0.8879210585968225,0.8631251749367608,0.8806384511847631,0.8591628244925549,0.8732261293774461,0.7810669399461018,471.1374,7,2,0.1180522436409032,True,DOR<=0.1,,-0.007282607412059328,-0.003962350444205898
01081000,0.7155895561836331,0.8164086573068632,0.7362773908014936,0.8152567664124096,0.6864209403842663,0.8265503846274872,1216.967,13,3,0.3527654169536772,True,0.1<DOR<=0.5,dam,0.0206878346178605,-0.0011518908944535555
01089100,0.7649150814578632,0.8260430960120324,0.7935596565663555,0.8433626974709842,0.7751804934882833,0.7942973178638062,214.1253,0,0,0.0,False,none,,0.028644575108492276,0.01731960145895184
01092000,0.9089037813802525,0.9453918795418325,0.9173307544884716,0.9403452700102364,0.774515608691247,0.8842130683011556,7987.65,74,7,0.0829300526971986,False,0.1<DOR<=0.5,,0.008426973108219049,-0.00504660953159608
01094400,0.8391271519933808,0.8346048815058603,0.8369056609907608,0.8368363396596121,0.8453437215730868,0.901559837251612,166.1607,9,0,0.0330498711482634,True,none,,-0.002221491002620035,0.0022314581537518086
01094500,0.7976654535184393,0.6714528647114558,0.8071695894078669,0.6795799477845841,0.8584750651090134,0.8417622293471994,279.657,12,0,0.0186712906047845,False,none,,0.009504135889427556,0.00812708307312826
01096000,0.8664390739277219,0.7985775796645613,0.8642923389564018,0.7944554730544074,0.8854973017232378,0.9289783740333353,173.1357,3,0,0.0033034725420824,True,none,,-0.002146734971320119,-0.004122106610153886
01096500,0.8438274906030612,0.8449952969230246,0.8371938672314937,0.8042502529622787,0.7174534538974917,0.8572430652192881,1125.681,22,1,0.408902871616749,True,0.1<DOR<=0.5,,-0.006633623371567476,-0.04074504396074585
01097000,0.804510522973561,0.6493935892264304,0.8078264736106793,0.6520022386925027,0.8077336947777367,0.6593053991383694,299.3094,9,0,0.0099543713873173,True,none,,0.0033159506371183145,0.0026086494660723103
01099500,0.8620807396957171,0.7671851981343342,0.869568628419523,0.7641332695023969,0.8349572598782098,0.7961323276974455,1035.51,21,1,0.0549974198650638,False,DOR<=0.1,,0.007487888723805902,-0.003051928631937262
01100000,0.9209535889866095,0.9066482873380727,0.916617978478697,0.898158716519375,0.8046679607307667,0.8964110196641656,11983.35,146,10,0.0969983581703569,True,0.1<DOR<=0.5,dam,-0.004335610507912535,-0.008489570818697723
01101500,0.8041891152196692,0.8300253977670333,0.8036751916831856,0.8315893175102941,0.5370671759272259,0.4378728371902809,115.2826,1,0,0.0006310710171493,True,none,,-0.000513923536483607,0.0015639197432607554
01102000,0.8124780457991191,0.589825756881287,0.81010734826321,0.5909080883987822,0.9040295253891311,0.8840103969632831,316.4265,1,0,0.0002243227175071,False,none,,-0.0023706975359091276,0.0010823315174951498
01104500,0.8729177625028757,0.8736383847481701,0.8660182374172162,0.8667713593708415,0.7584427742603722,0.7428242597649017,647.4123,17,0,0.0172494389309501,True,none,,-0.006899525085659497,-0.006867025377328639
01038000,0.7769212090737234,0.8570016275011085,0.7748731100394001,0.8554011957293738,0.6552032168020325,0.6307322730371001,375.0849,3,1,0.0434383846906051,True,DOR<=0.1,,-0.0020480990343233474,-0.001600431771734745
01047000,0.800749750409241,0.8883430505154825,0.8011860659860726,0.8901621890578015,0.7919981907560134,0.8955118135041821,909.0972,2,0,0.0028035083500133,False,none,,0.0004363155768315474,0.0018191385423190765
01048000,0.8089780452714451,0.8597530254181031,0.8218309014399434,0.8710862109688166,0.8228689667502429,0.8970988682481448,1339.138,2,1,0.0135875276004622,False,DOR<=0.1,,0.012852856168498294,0.011333185550713498
01049000,0.8117271876813846,0.8855498001006743,0.8196628079690039,0.8769963640038805,0.8113662339404402,0.8941012917162049,1488.607,11,3,0.0663315214133134,True,DOR<=0.1,dam,0.007935620287619294,-0.00855343609679382
01049500,0.7710266331203559,0.8860216017784286,0.7887161149148564,0.8920814745963145,0.7244707211668492,0.853015353170429,561.3147,8,1,0.2073752156816888,True,0.1<DOR<=0.5,dam,0.017689481794500472,0.006059872817885892
01052500,0.840208179827235,0.8289067759948946,0.8418241859730969,0.8287597370143822,0.8409370556575309,0.8484342959546851,383.8234,0,0,0.0,False,none,control,0.0016160061458619923,-0.00014703898051238173
01053500,0.5234449580703624,0.5822482595499693,0.5289489697789127,0.5457023900632169,0.4819748584484719,0.5805941320577925,2701.495,6,6,0.4121193671352544,True,DOR>0.5,dam,0.005504011708550305,-0.036545869486752425
01054000,0.7289955542044981,0.7688281814605349,0.7261708132081894,0.7205665736015678,0.673210527243057,0.7898495252752529,3527.626,13,6,0.3288247062758004,True,0.1<DOR<=0.5,dam,-0.0028247409963086945,-0.04826160785896705
01054200,0.686153615347282,0.7423718494590452,0.6800823570150154,0.7368320537900964,0.6945568491207443,0.7898686567329148,180.981,0,0,0.0,False,none,control,-0.006071258332266627,-0.005539795668948799
01054500,0.8183995282038036,0.8897625750792757,0.807922412734008,0.8731043823663052,0.7179057866420286,0.8571485053222067,5349.329,17,6,0.2035015191416713,True,0.1<DOR<=0.5,dam,-0.010477115469795573,-0.016658192712970532
01055000,0.7125533475723711,0.7763756805249183,0.7120003482153381,0.7736760246702643,0.5786985181067432,0.6092918855715388,250.641,0,0,0.0,False,none,control,-0.0005529993570330127,-0.0026996558546540372
01057000,0.7827146477809004,0.8592588602870884,0.7740699871750168,0.8435733263500036,0.5098487886765841,0.4394677140864599,190.9188,3,0,0.0056375183637811,True,none,,-0.008644660605883536,-0.015685533937084828
01059000,0.8603100457076955,0.9289277458792304,0.8618013387363397,0.9297261200445222,0.6128708782354096,0.7908777547917557,8444.24,48,9,0.1619381576240299,False,0.1<DOR<=0.5,dam,0.0014912930286441473,0.0007983741652917153
01064500,0.7662360824738205,0.8708680146083623,0.7860111134495622,0.8857696865715329,0.7566018135011023,0.8576178559409967,993.6964,2,0,0.0009134594225137,False,none,,0.019775030975741736,0.014901671963170604
01066000,0.7103905326972662,0.8417669418929087,0.7813272969783145,0.8892089934408073,0.4583137973113426,0.7070298604338814,3354.558,18,4,0.0405548173153521,False,DOR<=0.1,,0.07093676428104834,0.0474420515478986
01031500,0.8418586369847487,0.8973574765727298,0.8447063587081244,0.9003999783589696,0.8424156799571231,0.9161103784317448,769.0482,3,0,0.0089065589337397,False,none,,0.0028477217233756624,0.0030425017862397707
01042500,0.31274587085562455,0.5586174433252986,0.4035286107804942,0.5495874050821872,0.2622522899465096,0.5570964893127792,4124.36,5,4,0.1483594665880528,False,DOR>0.5,dam,0.09078273992486963,-0.009030038243111438
01046500,0.5666108278567756,0.7246571395357234,0.5958993823177371,0.687181700262629,0.5095380413092423,0.7228032207060933,7056.902,13,7,0.2395101941174054,True,DOR>0.5,dam,0.029288554460961458,-0.03747543927309438
01011000,0.8783187648344393,0.860300297934222,0.8838201112852001,0.8692112728052752,0.8701158450110678,0.845299925829137,3186.844,1,1,0.0526021765908249,False,DOR<=0.1,,0.005501346450760836,0.00891097487105319
01013500,0.9094140607814459,0.9279092277004273,0.9072146182890091,0.9276819548470504,0.9026843617155266,0.9280490411836264,2252.696,0,0,0.0,False,none,control,-0.002199442492436865,-0.00022727285337686975
01019000,0.14434425279777408,0.27202425618051873,0.264627436211877,0.33029079243192905,0.12864519458356927,0.26924410593390813,620.6238,1,1,0.5685631018313474,True,DOR>0.5,dam,0.12028318341410293,0.05826653625141032
01022500,0.8440270356254064,0.9206633152036531,0.8233515633348337,0.8941002339101585,0.8307973001738636,0.9082707162699266,573.6006,2,1,0.0269711634491718,True,none,dam,-0.02067547229057265,-0.026563081293494606
01030500,0.9137260938835938,0.9343193239722867,0.9123161108857906,0.9280900854423971,0.8982183567967177,0.9419558232042555,3676.172,2,1,0.0124457324709389,False,DOR<=0.1,,-0.0014099829978032608,-0.006229238529889547
01034000,0.8509862783889779,0.8946375309419795,0.8458287298940431,0.8832939384885099,0.7910954715833771,0.8821489385481758,3011.229,9,3,0.0489411480178938,False,DOR<=0.1,,-0.005157548494934772,-0.011343592453469609
01034500,0.8849313984434903,0.9066269155631808,0.8897440887308613,0.9220304392987947,0.8355552771442759,0.8656977970398375,17347.38,41,20,0.182357481039921,False,0.1<DOR<=0.5,,0.004812690287370969,0.015403523735613933
01015800,0.9017498801793737,0.8985666158512939,0.9040239080846826,0.8986666732400268,0.8977853139768687,0.8905963572645738,2313.755,1,1,0.0200943297274064,False,DOR<=0.1,,0.0022740279053088397,0.00010005738873286596
01017000,0.9101183863934109,0.9330887262623188,0.9126266489241001,0.9327462803667166,0.9117108541182118,0.9240919788804652,4278.907,2,2,0.0394383655610343,False,DOR<=0.1,,0.0025082625306891426,-0.00034244589560217253
