STAID,role,pass_nse,pass_kge,pass_r,pass_alpha,pass_beta,fit_nse,fit_kge,fit_r,fit_alpha,fit_beta,cv_nse,cv_kge,cv_r,cv_alpha,cv_beta,cv_T0_only_nse,cv_T0_only_kge,cv_T0_only_r,cv_T0_only_alpha,cv_T0_only_beta,learned42_nse,learned42_kge,learned42_r,learned42_alpha,learned42_beta,learned42_x3_nse,learned42_x3_kge,learned42_x3_r,learned42_x3_alpha,learned42_x3_beta,learned43_nse,learned43_kge,learned43_r,learned43_alpha,learned43_beta,learned43_x3_nse,learned43_x3_kge,learned43_x3_r,learned43_x3_alpha,learned43_x3_beta,nash1_nse,nash1_kge,nash1_r,nash1_alpha,nash1_beta,nash1_T0,nash1_train,nash2_nse,nash2_kge,nash2_r,nash2_alpha,nash2_beta,nash2_T0,nash2_train,nash3_nse,nash3_kge,nash3_r,nash3_alpha,nash3_beta,nash3_T0,nash3_train
01019000,dam,0.141904235313285,0.2711945763349288,0.44136917937375003,0.5603910807954995,1.1607263200783158,0.23896470099229472,0.33424161544136877,0.5278601888663795,0.5589705924641478,1.1606589152254017,0.18911331777462081,0.270065559516247,0.478636586611748,0.5150204501909175,1.1605593810758494,0.17647059013146815,0.25368113277215965,0.4654608081019934,0.5045402848239186,1.1605595669616393,0.14970571807567057,0.27326925269837976,0.44748176784124016,0.5561183709287101,1.160718018836557,0.16092671206634535,0.27473824675267233,0.4561452297121983,0.5478919815128259,1.1607013975614122,0.15501081677923445,0.27304194136720816,0.45131103490227015,0.5510225715633893,1.1607100100976535,0.16747362141518418,0.26914887298728896,0.4601052240413676,0.5343392615795747,1.1606769350033552,0.23896470099229472,0.33424161544136877,0.5278601888663795,0.5589705924641478,1.1606589152254017,2.907335362699394,0.24158547726110635,0.23509088095298025,0.3557531978693511,0.5273205114703244,0.5927832008385373,1.160631633433719,4.099342861406145,0.24932206465036721,0.2305904551589978,0.3558636267405799,0.5240083635355827,0.5968359430307487,1.1606311692661773,4.099342861406145,0.25273480037358986
01022500,dam,0.8429980429854184,0.9199727706827341,0.9229780120788861,1.0165153193995489,1.014114355600201,0.8474543663969734,0.9227327303954201,0.9242512112082336,1.0057673697337048,1.0141099041485737,0.8435144168000706,0.9184866941658723,0.9208531687881056,0.986542495793371,1.0141100573227935,0.8464743652439594,0.9206987100991184,0.9225917038034339,0.9901200194706528,1.0141080205779576,0.8392079210514173,0.9126924789286048,0.9178738808234366,0.9739420023927894,1.0141026432037263,0.7714835909557524,0.849805901465917,0.8790425172780201,0.9120834893481942,1.0140798353271154,0.8255059180362134,0.898666958775895,0.9098227094479562,0.9559812118335385,1.0140992127714503,0.7233474838749784,0.805326442255474,0.8509376806718565,0.8755800560743978,1.0140675724620807,0.8474543663969734,0.9227327303954201,0.9242512112082336,1.0057673697337048,1.0141099041485737,0.1380706234676368,0.8570618174771616,0.8466594691018681,0.9223001342432425,0.9241224553353741,1.008985682353587,1.0141111610764764,0.09803014266202212,0.8568874670533589,0.8466445002745979,0.9222910539170762,0.9241196080431047,1.0090400044995873,1.0141111564527552,0.09803014266202212,0.8568487782624681
01053500,dam,0.5277865673188307,0.582648236764428,0.7445628212348147,0.6826274310463138,1.0906035013454856,0.567296226660122,0.5756018480898617,0.7790216131225832,0.6491634025745543,1.0905319047890374,0.5289797643883991,0.559295367145765,0.7495636869986877,0.6488544441027316,1.0905484683641482,0.5254130611427691,0.5558526940319053,0.7472190331452757,0.6462046742461995,1.0905399341145625,0.5359981837338472,0.5800056588758826,0.7515275672683324,0.6737324370698402,1.0905879358871953,0.5356194529599977,0.5687696566461544,0.7532587295116606,0.6581267445669048,1.0905595477376806,0.5359779619907648,0.578729712161417,0.7517218634063454,0.671944409009139,1.0905878111272262,0.5297595301906758,0.5627682697408851,0.7494983451467722,0.6532730790710171,1.0905590921127224,0.567296226660122,0.5756018480898617,0.7790216131225832,0.6491634025745543,1.0905319047890374,1.7495626146803187,0.2960857166659575,0.5628465738627507,0.5756420398019935,0.775104661810266,0.6517097861130948,1.090530062159218,1.7495626146803187,0.29392089943998434,0.5603583284880445,0.5757435378894464,0.772908616404375,0.6532616422485443,1.0905293344889482,1.7495626146803187,0.29117234986277307
01100000,dam,0.9282312256612825,0.9201742357131383,0.9654453812837007,0.9554475963605541,0.9434914670222215,0.9242795786607904,0.9115793872935493,0.9635736959937026,0.9425703946451672,0.9434918629168053,0.9186264990647085,0.9067853072924454,0.960694867161701,0.9371428978842415,0.9434927422118484,0.9227600022827445,0.9104928240319908,0.962793365928472,0.941397398493302,0.9434939292864676,0.9270041820260123,0.9167739810245503,0.9648723843714461,0.9500050452610863,0.9434922540229355,0.9210805953920143,0.9091291194687261,0.961935973075046,0.9398692557995051,0.9434938907313547,0.924986957469943,0.9131632991269826,0.9639005640577214,0.9448241321184574,0.9434927708458662,0.9093788506843183,0.897093940524269,0.9560494352567042,0.9260726942337203,0.9434955010843649,0.9261648207304047,0.9140748398790292,0.9645027203634381,0.9458713872004364,0.9434918629168053,0.03549999999999993,0.925913197249821,0.9258743706958006,0.914197605454815,0.9643433675682788,0.9461717005562903,0.9434918620700076,0.03549999999999993,0.9256363559616698,0.9257624065769836,0.9142453438666682,0.964281970235968,0.9462886072225151,0.9434918617876643,0.03549999999999993,0.9255277091059708
01172500,dam,0.46642560157674695,0.631230238205411,0.6914162367620043,0.7986197796249912,0.9853984548205543,0.630155284804807,0.6478732282801715,0.7986873202193271,0.711463380325914,0.98540248554019,0.5856248347754298,0.6652638425863099,0.7653602163056671,0.7617157883134573,0.9854020053129785,0.5895119141563155,0.666161819498436,0.7679229400696063,0.7604691469119347,0.9854007043470273,0.5386382736797137,0.6554279790644206,0.7353589459375521,0.7798142688805316,0.985397468447864,0.6047997839262567,0.6636311467954199,0.7783961000717902,0.7473680746722079,0.9854114000690533,0.5478446531728367,0.6579469698169689,0.7411231318308742,0.7769085734018846,0.9853966454964511,0.6195558302888748,0.6631003624040552,0.7888550075171147,0.7378814304682524,0.9854050190712133,0.630155284804807,0.6478732282801715,0.7986873202193271,0.711463380325914,0.98540248554019,2.255341494966317,0.6660849420143954,0.6426090735288057,0.6594891467898016,0.8063138052584696,0.7203213495371612,0.9854002878189846,2.255341494966317,0.6758354264985078,0.6465687199185426,0.6648698293430977,0.8084601637658783,0.7253883792069113,0.9853993101079737,2.255341494966317,0.6781721988196053
01186000,dam,-0.17445942556897398,0.4323430006069082,0.45600212559043357,1.027693344927751,1.1597931795933571,0.3067463717665635,0.5086682413403529,0.6148031584730926,0.7401600613818536,1.1597294482686087,-0.03198608012974691,0.4644364312323783,0.4906656954744004,0.9566896828306507,1.1597846014208664,-0.033436635053289976,0.46405755022943485,0.49021474127527126,0.9573181740925832,1.1597859855877393,0.014752436886002807,0.47510451980225066,0.5044463830706534,0.9335794535909486,1.159781691363533,0.17586374275697547,0.5167672879740868,0.5652803107398063,0.8621402077655335,1.1597727242883138,0.052776155781859235,0.4839312916862353,0.516704411148604,0.9150134678948397,1.1597797698651444,0.2227681160226771,0.5245996202636991,0.583986216630408,0.834432679799156,1.1597670666359259,0.3067463717665635,0.5086682413403529,0.6148031584730926,0.7401600613818536,1.1597294482686087,8.028352123148267,0.31525911304943166,0.3109756579587185,0.5205418735601999,0.6201900257837447,0.7548330795456215,1.1597424790402582,8.028352123148267,0.32649759685634727,0.3097029212146315,0.5264950846383751,0.6212217172712484,0.7650221871573007,1.1597477539007637,8.028352123148267,0.33092736688869395
01205500,dam,0.8455577989096001,0.9048976857116587,0.9214828892609002,0.9641554215235335,1.0399334408488274,0.8419050113153093,0.9018340415902067,0.9194312677061502,0.9606236335216025,1.0399341524266406,0.8199516840237426,0.884343008575067,0.9072120844967777,0.9436792383477015,1.0399363770131804,0.8197348975663779,0.8842848542262143,0.9070997808531468,0.9437450423759397,1.0399364994288471,0.8374189062607933,0.898323803985308,0.9169405325220028,0.9570529916903108,1.039934047823093,0.8186050090292704,0.883610205885662,0.9064864259573031,0.9433704408048844,1.039936057255392,0.8340488108611808,0.8955555469171653,0.9150584199865663,0.9541870947235996,1.03993431450181,0.8074298623590815,0.8745628752378849,0.9002291884808464,0.9353064017491836,1.0399373982973092,0.8428089325811087,0.9026145043683915,0.919940657614774,0.961532615119094,1.039933654436871,0.012499999999999975,0.8459637317985438,0.8427763349136848,0.9026130092098652,0.9199249572774181,0.9615615123859015,1.0399336471922522,0.012499999999999975,0.8459441906575225,0.842765329287071,0.9026125639501155,0.9199196631504647,0.9615714121076864,1.0399336447502359,0.012499999999999975,0.8459375551866815
01206900,dam,0.5349591441221584,0.627415035417972,0.7317632398973469,0.7428080163778008,1.026849207114946,0.5420203153853247,0.6048861779980181,0.737137130110883,0.7062349022787994,1.02683489019028,0.5554088966730183,0.6251455583179476,0.7457905707193302,0.7258227531857099,1.0268375826574445,0.5555351525965131,0.6251495931464877,0.7458796831960539,0.7257456946870174,1.0268378114420507,0.5557197268002567,0.6219496489602987,0.7461508187928194,0.7211403247243479,1.0268317466230434,0.5201762125246489,0.5863740514419269,0.7220163897537477,0.6948903732468166,1.026826356770136,0.5493658341331158,0.6113699002108155,0.7421342580505745,0.7104853913767519,1.026831045166957,0.47911523692060554,0.5496488551190208,0.6927851608418649,0.6717995763422756,1.026826818811409,0.5420203153853247,0.6048861779980181,0.737137130110883,0.7062349022787994,1.02683489019028,0.8167347399191549,0.5358556304479908,0.5447211752077117,0.607455158756477,0.7389673630236172,0.708052483487525,1.0268339788748657,0.8167347399191549,0.5413457651134272,0.5457769079176289,0.6086114307026727,0.7396721937362246,0.7089769792676275,1.0268336890178034,0.8167347399191549,0.5433255168962496
01315000,dam,0.33659154572164107,0.4059765447762953,0.5807997697185223,0.579501283659183,0.9822274975428364,0.25324218321961156,0.31201796567023465,0.5043434982931725,0.5232235651427981,0.9818852810916497,0.3264541334915614,0.39365927050193905,0.5720067805042262,0.5708677206241056,0.9822131759009001,0.33569716351220036,0.40254336799131085,0.5800477722462678,0.5754084216474192,0.9822082848519906,0.3368161913851426,0.40558994435291784,0.5809963953053797,0.5787598943856317,0.9822217287320332,0.33674785746352887,0.4042447010396345,0.580947930768184,0.5769121169380781,0.9822128496360635,0.33333250610838694,0.4006855237483583,0.5779957437130501,0.5748249834648513,0.9822108337796832,0.32554084492841673,0.3876003598588922,0.5712676918546127,0.5630738083805924,0.9821834269780161,0.25324218321961156,0.31201796567023465,0.5043434982931725,0.5232235651427981,0.9818852810916497,2.255341494966317,0.3079615401971101,0.2390634809251796,0.30341267982167996,0.49089541975230866,0.5248994857543674,0.9819466798740278,2.255341494966317,0.30376247382881627,0.2323486899719881,0.29985054249988496,0.4846170693145466,0.5264340375838912,0.9819728860689455,2.255341494966317,0.3008288396892448
01325000,dam,-0.15017487353881842,0.10399469047244636,0.1896087994269879,0.6189227120864503,0.9704751397657355,0.19273931285593693,0.23198960018135506,0.4423672235259053,0.47282347411535613,0.9688460052708381,-0.0470476586532218,0.1426005279599144,0.2520597764964091,0.5818533911233439,0.9704586695464003,-0.0423423697771832,0.14075716339118116,0.25303001166989114,0.5763707816911262,0.970464018677234,-0.07532734629632865,0.12909911777204564,0.2324429960231074,0.5895705252785985,0.9704663142943476,0.011684347829662989,0.16440665417226152,0.2912714885516085,0.558358843719348,0.9704496069259546,-0.02397222817134348,0.14537615324356368,0.2638759854129597,0.5668363473120306,0.9704601187706526,0.07590097583976596,0.17743732791602396,0.3340520480181144,0.5180796180508772,0.9704124989383266,0.19273931285593693,0.23198960018135506,0.4423672235259053,0.47282347411535613,0.9688460052708381,36.84031498640386,0.22503084617920677,0.1859587115298853,0.23388214166751642,0.4360416075769489,0.4823945155724349,0.9688220115776367,36.84031498640386,0.20917308131192114,0.17701422901876507,0.23264655191895034,0.4276702009293251,0.48980683491602905,0.9688094617039551,36.84031498640386,0.19487019663791538
01327750,dam,0.6676426136529406,0.8017247931572407,0.8638480193893047,1.1439575938074236,0.9927953480652632,0.758390334583102,0.8799503181327795,0.8817029452611383,1.0190991771093947,0.9927230232736666,0.7354434621068102,0.851172785421233,0.8826597067352291,1.0912612767014451,0.9927767908354942,0.7376560908834089,0.8529829748379227,0.8832575680502556,1.0890677476139545,0.992778739379924,0.6892453549271567,0.8152761577803174,0.8703526597507183,1.1313868364325268,0.9927913757941185,0.7192069930133831,0.8370691383290054,0.8787288018567615,1.108571203666369,0.9927850211232481,0.6977065641798568,0.8210047152717058,0.8728165633606759,1.125744602377529,0.9927902585003862,0.7332653263824931,0.849127577483476,0.8821831581763346,1.0939658841704871,0.9927825024585707,0.758390334583102,0.8799503181327795,0.8817029452611383,1.0190991771093947,0.9927230232736666,2.255341494966317,0.8092732765678297,0.7440823006631976,0.8687959549479218,0.8796858830652602,1.0518305839426096,0.992747050778504,1.6012924614260848,0.797534477744996,0.7373147690552997,0.8649992883266208,0.8770463406420157,1.0552719793831178,0.9927475453898804,1.6012924614260848,0.7930123019134079
01336000,dam,0.46548538173236265,0.5279724593089863,0.6873802006375754,0.6533439778972405,0.9299395792383809,0.4655906153322261,0.5235579205458389,0.6878291389877905,0.6469593275400167,0.9299379403778072,0.43842749963270644,0.494483147676398,0.6678970151154482,0.6253750974200911,0.9299209176649166,0.43605224234479956,0.4937490087113675,0.6659507916360417,0.6261154557905271,0.9299176186662408,0.45954643831561515,0.5190524089504792,0.6832765696854942,0.644911767941683,0.9299343059704085,0.4438790046475357,0.5012501864218772,0.6718629505048547,0.6309922570877634,0.9299233350989831,0.45699104232353016,0.5166425219959578,0.6813866429179124,0.6433339563691371,0.9299335062100463,0.4362500630116042,0.4945988627925443,0.6660410158502309,0.6271855470581286,0.9299208299571348,0.466052039798562,0.5226529558621698,0.6882918192954988,0.6453318976183163,0.9299375437057105,0.07049999999999985,0.576049267797728,0.4657729526999117,0.5226997554384083,0.6880578428876281,0.6456006956757431,0.9299375480794583,0.07049999999999985,0.5758399247272852,0.4654259953086246,0.523624885163322,0.6876884200575025,0.64717421364541,0.9299379449862881,0.0499999999999999,0.5757715908245469
01375000,dam,0.7446322933804863,0.8610072716763653,0.8835874816049896,1.0725963576149462,0.9777093528846306,0.7478834964965275,0.8685781639786812,0.8817808951286393,1.0529061584261048,0.9777091806516551,0.7242134904746851,0.8594334764397881,0.8613771516157758,0.9932365129120426,0.9777085511000514,0.7240605909526097,0.8586319753629634,0.8608007910492743,0.9894366751948439,0.9777084144500493,0.7416520482242328,0.868704997172183,0.8765415890251738,1.038723259046147,0.9777085725900652,0.7205590858509284,0.855383229402787,0.8581616278883243,0.9827091119321757,0.977708483126922,0.7399131069395484,0.8690530767868502,0.8741027767499076,1.0282855895041048,0.9777084925742513,0.7096201746202507,0.8427097110506279,0.849707783588417,0.9593112719040994,0.9777084749330885,0.7478834964965275,0.8685781639786812,0.8817808951286393,1.0529061584261048,0.9777091806516551,0.0499999999999999,0.8256539854576304,0.7466975577094437,0.8666418738846209,0.8820844055060153,1.0581671867421558,0.9777091776141233,0.03549999999999993,0.8242555853839661,0.7464633894642584,0.8665042452009017,0.881996681144225,1.0583048238132156,0.9777091765851246,0.03549999999999993,0.8239661922806204
01378500,dam,0.6111448566218745,-0.3231192273868937,0.8540573143409004,0.8248697994885738,2.3033321277603522,0.5901124952069569,-0.32739741949614554,0.841997297550554,0.8041851465974903,2.3033324972894107,0.5161107728314416,-0.3460853464018252,0.7989115454012509,0.7301247405964407,2.3033328575566068,0.50600047006201,-0.34815430636899936,0.7924688108755581,0.7247249783977022,2.303332076565189,0.5765492070727152,-0.3319012398657968,0.8347851881382227,0.7809340714799978,2.3033323051544428,0.4975301574558395,-0.3502881607148567,0.7872014853884364,0.7183620367362091,2.303332254950535,0.5430112781368976,-0.3394502945570246,0.8150725664041154,0.7525034037234216,2.3033320262788175,0.4155778726177921,-0.3718676942956247,0.7332419116908013,0.6650620821176093,2.3033332974102305,0.5947773090966584,-0.32664168916121517,0.8447547851096497,0.8071231166084658,2.3033324988380133,0.03549999999999993,0.6693883981828287,0.5940722976082551,-0.3266885274042335,0.8443165940576209,0.8071547658075705,2.3033325905191893,0.03549999999999993,0.6693540917372893,0.5938181859134102,-0.32670432621782597,0.8441582941492849,0.8071742521283892,2.303332637080952,0.03549999999999993,0.6693444397514177
01381000,dam,0.8490861286604692,0.8337419386455875,0.9240232170399476,0.8740802184672297,1.0775466313588673,0.8403157585468043,0.8230754886691032,0.9196703113229688,0.8627560198397873,1.0775468486562223,0.7501221823097982,0.7509594507289999,0.8700340864613072,0.8022231085813009,1.0775522902305956,0.7718777855137933,0.7625982874619475,0.8829813893204659,0.8085533910841709,1.077552651826107,0.8302935276536971,0.8128983758465694,0.9145214879101564,0.8527359226240206,1.0775482639803087,0.7821755725575821,0.7715166749139164,0.8886293503682843,0.8161879667691246,1.0775522061745126,0.8072496800959665,0.7911352302289096,0.902438204492395,0.8323927160771233,1.0775498967430586,0.7179556518468804,0.7170318649638561,0.8525211897311277,0.7712946997792883,1.0775554744583866,0.8430325590376999,0.8259597286616258,0.921052648832899,0.8656727203628307,1.0775468486562223,0.03549999999999993,0.8789015752515993,0.8428638397676339,0.8260802173890159,0.9209410624508336,0.865894586404284,1.0775468453347452,0.03549999999999993,0.8788517706688244,0.8428060878666971,0.8261254128174252,0.9209025508697152,0.8659759254352088,1.077546844204288,0.03549999999999993,0.8788333863684029
01396800,dam,0.42359097984014615,0.5449657245196006,0.6541097534163071,0.7079958401469161,0.953635144681141,0.4079582345746161,0.4978060643699218,0.6399201973774897,0.6530315357611096,0.9535869678789778,0.4224741563016663,0.508980768898835,0.6510643532469756,0.6576686830519518,0.953598823583417,0.42121542798055656,0.5062756469125298,0.6500803607439335,0.6547939577145565,0.9536020338358906,0.40991285659578514,0.48680319629361357,0.6413349855100676,0.6358906096235074,0.9535810539214123,0.343377681921031,0.4008673031072326,0.58747644115232,0.56799989103263,0.9535219650391084,0.41580920416632383,0.49734225492770046,0.6458924241325924,0.6462790105862655,0.9535877705486392,0.35917265037209023,0.4199868604837176,0.6007503187834748,0.581842202854545,0.9535350589530334,0.4079582345746161,0.4978060643699218,0.6399201973774897,0.6530315357611096,0.9535869678789778,0.4914907944250637,0.3664649302134749,0.3984633650171475,0.4935366880863419,0.6326946547919037,0.6544028527840485,0.9535836070734859,0.4914907944250637,0.3658385980971839,0.4010276252995836,0.5016632675722059,0.635003815070038,0.6638991205932389,0.9535943674174603,0.3489584640417952,0.36553514941104226
01417000,dam,0.26477632918032246,0.3077260584658549,0.6267165604129351,0.8761802729594449,1.5697116455303275,0.11311855170018392,-0.053135294485187945,0.44286085873755165,0.30936425555452945,1.5671967861844742,0.3564699810300995,0.24057029583305456,0.6498593249102558,0.6399377680255838,1.5696403886000307,0.36166832744464916,0.2422952105120969,0.6539279742217259,0.6396430223935862,1.5696433530525917,0.36701056959735834,0.2575273025812165,0.6579323242094035,0.6686909012340961,1.5696399675816897,0.28286406373765705,0.16354911054923027,0.5925137832588668,0.5424670587277615,1.569445942368331,0.38282010291363744,0.2894208007046499,0.6722312087236209,0.7298595722428878,1.569661800744658,0.3324748218697764,0.21890076151967486,0.6313080598868818,0.6130558554005305,1.5696108343512731,0.11311855170018392,-0.053135294485187945,0.44286085873755165,0.30936425555452945,1.5671967861844742,36.84031498640386,-0.3051513624518074,0.05747964784724291,-0.07095710174018577,0.35095383057352747,0.36553747117862906,1.5684588667987795,26.15662364034674,-0.41579164203968166,0.04532869882782631,-0.037341781624015136,0.3444232701517736,0.4321130539960641,1.5690356225604105,18.42015749320193,-0.47286718747081324
01425000,dam,0.5397481379811241,0.573968110620429,0.7561399003888933,0.7496416465233521,0.7563688906759853,0.5461792816651266,0.5255314338362581,0.7670219036834954,0.6661183701674909,0.7563513099263574,0.4805561959045157,0.46218278831175097,0.7257243564112414,0.6067369541601839,0.7563518904262012,0.48907106204952566,0.45929289910626514,0.7349766543065788,0.5965573448451781,0.7563592415132468,0.5204853820721633,0.49730429846846735,0.7521683442358837,0.6367893540886665,0.7563599675008881,0.3975886080038096,0.3769805809420007,0.6699470186251386,0.53113286576252,0.7563161137028851,0.5562083166481944,0.5410114237137076,0.7718231654017548,0.6849632860574937,0.7563656137111385,0.4875923584409726,0.46357449841889065,0.7320310904743499,0.604295065392482,0.756355613646777,0.5461792816651266,0.5255314338362581,0.7670219036834954,0.6661183701674909,0.7563513099263574,2.255341494966317,0.5428604298829489,0.5331373149445033,0.5244687698649422,0.7564328930960944,0.6722171547002325,0.7563539009230573,2.255341494966317,0.5407429459687488,0.5258310622359232,0.5239412135647266,0.750582260064378,0.675870620441,0.7563549621799586,2.255341494966317,0.5392655157067526
01429500,dam,0.7535481746723902,0.8601595095574864,0.8724023734499963,0.9561366439102981,0.9632547355628441,0.7603181068285971,0.8581612052233952,0.8749875210896844,0.9439697829492156,0.9632476041921118,0.7752821543493169,0.8381143368978468,0.8809409689335171,0.8966640889781338,0.9632086350781182,0.7693945687862925,0.8362960198729812,0.8776784881616704,0.8976134766692627,0.9632108617761009,0.7690515231473906,0.8308285017938369,0.877340467452835,0.8894591287999287,0.9631984962948787,0.7190547307883179,0.7456442906473391,0.8498663345112917,0.7980124303259492,0.9631525975896474,0.7700268183083271,0.8119709241545225,0.877961789883084,0.8617714402717123,0.9631968220094109,0.6779747103492797,0.6898963309768504,0.8279080278480033,0.7446752048681332,0.9631504728208652,0.759616453119111,0.858788493370835,0.8747724634784824,0.9460739849088494,0.9632476041921118,0.03549999999999993,0.8543442786796089,0.759572357706497,0.8588090391872909,0.8747560955233791,0.9461659263306862,0.9632475263576189,0.03549999999999993,0.8543345782388632,0.7595564962860665,0.8588161726818855,0.8747501694062927,0.9461984501343426,0.9632474998878718,0.03549999999999993,0.8543312858662512
01435000,dam,0.3042045208834132,0.21942203134425142,0.6560226632382749,0.41935571994943915,0.6077835074992238,0.28972857055540413,0.20851987909167513,0.6421944782534007,0.4129879325005745,0.6077847236392361,0.21080296909199292,0.1410821137700341,0.5630532580985835,0.3731149500604654,0.6077849898463895,0.21600197256596854,0.14506666365383192,0.5695033351878926,0.37410042730892273,0.6077840440691261,0.2175288800978833,0.14684755456974508,0.57070226899107,0.3757093916895055,0.6077834913347967,0.13536863094215945,0.06361236378839608,0.47635814392487125,0.3300916944703525,0.6077706359812596,0.22289216631821618,0.1512859284300181,0.5768518331208612,0.377563230439338,0.6077836412812335,0.14194941530158633,0.07033652776299715,0.4851276572800152,0.33266381869911316,0.6077716692530424,0.2965559086869194,0.21325958267227263,0.649256867408726,0.4151014540245017,0.6077839497001498,0.012499999999999975,0.31920655891137983,0.29647978672943176,0.21322187265920223,0.6491615404637819,0.41510789254984626,0.6077839630832723,0.012499999999999975,0.31912745606232307,0.2964539625236685,0.21320918137629175,0.6491290829057988,0.4151102875085299,0.607783967653431,0.012499999999999975,0.3191005951790741
01436000,dam,0.3340428166221564,0.3041201227242457,0.5994825074765304,0.5810248879370362,1.3850901157545572,0.2896421502234571,0.23068168105291575,0.5652493616501996,0.49547500013805246,1.3850936026946052,0.31680323834184165,0.2654740672635918,0.5874695593939381,0.5298385772616065,1.3850911814158675,0.31221596271646845,0.26180422073561116,0.5833588582894993,0.5277215262836387,1.3850924704821854,0.30791947025731137,0.2553357308496079,0.5800473467151139,0.5205521155872311,1.3850900789171179,0.23764853321920376,0.1770876571167881,0.5158082004556881,0.4573479761089389,1.3850607825921943,0.30813945739271975,0.2569440052155616,0.5799718370035101,0.5231206424979994,1.3850904206330825,0.239141721572124,0.18012906029805154,0.51699012087347,0.4609117004619917,1.385063137336138,0.2896421502234571,0.23068168105291575,0.5652493616501996,0.49547500013805246,1.3850936026946052,1.3572088082974532,-0.13503400694162826,0.29268539949959615,0.2421653626839393,0.5662027605936679,0.5123171635848939,1.3850957590853572,0.9636182538911917,-0.15413681734770934,0.2872733940148495,0.24029097298628843,0.560737624867402,0.5142971630570359,1.3850962551162314,0.9636182538911917,-0.16147234170617186
01449800,dam,0.23073944047527772,0.61087688360673,0.6356283347430346,1.0355604281766972,1.1318542574866899,0.630643915657795,0.7339087792530143,0.8054866810692349,0.8750795174905727,1.1317724537480098,0.34795418193092253,0.6555619027774686,0.6818042437788786,1.0036302782409179,1.1318176187807993,0.35160417961321155,0.6571644419631082,0.6835420363189545,1.0033734704495914,1.1318301815762946,0.5328026486779556,0.7204009658741329,0.7606349736916178,0.9407402170711011,1.1317887787018495,0.6370579900317759,0.7216091837385787,0.8074810228617156,0.8480865279976814,1.1317580625408932,0.5886548034736161,0.7333037308292942,0.7858943640356768,0.9110038217688831,1.13177767981772,0.6265569306103346,0.6907972003047171,0.7999338130898391,0.8044933274351843,1.1317460935939418,0.630643915657795,0.7339087792530143,0.8054866810692349,0.8750795174905727,1.1317724537480098,2.255341494966317,0.625666304213109,0.6190360111894303,0.7473278431062167,0.8027940062396397,0.9128862836759218,1.131773348301367,1.6012924614260848,0.6357525525346908,0.6251953753970827,0.7518888532378494,0.80669791378384,0.9173550113345041,1.1317696871840779,1.6012924614260848,0.6394919034656213
01470960,dam,0.5448023122949284,0.6695504547098236,0.7447748795245777,0.8088431478194237,1.0866954308207983,0.557602926982534,0.6694504815104232,0.7520718905301048,0.7992941538016759,1.0866706409932994,0.5612872468345435,0.6717553212570873,0.7544272428115033,0.8001840090385378,1.0866727166181291,0.5608364896931183,0.6716310381938349,0.7541532569508695,0.8003168643532503,1.086672944729456,0.542261316721352,0.6484317446842658,0.741224467089437,0.7783469248367687,1.086633573072374,0.434754965870368,0.5595028400387514,0.6663683333572672,0.7257207750699252,1.0865942591565727,0.5423020981598612,0.6471779234598154,0.7411619525313129,0.7764368004076693,1.0866358970910166,0.43112586328396607,0.5540165802028616,0.6634379091924719,0.7204860510955449,1.0865974718629445,0.557602926982534,0.6694504815104232,0.7520718905301048,0.7992941538016759,1.0866706409932994,0.3812699412948386,0.5887231760990832,0.5595433460829031,0.6707921943805939,0.753324009067966,0.7999570668157202,1.086669254418586,0.3812699412948386,0.5909216538568199,0.5602653730826912,0.6712977234225441,0.7537901311092257,0.8002140741020779,1.0866687423532844,0.3812699412948386,0.5917289217078372
01518000,dam,0.5584584059631189,0.7266251446948311,0.7568242182096235,0.8761119003838763,0.9841541981185358,0.6559297361984449,0.6729577448808012,0.814178181432105,0.7313447111195697,0.9841499484498015,0.6581317578679479,0.7094152021461744,0.8119815183049158,0.7790082655625857,0.9841498077245917,0.6620192582133712,0.7103010203486868,0.814522050435957,0.7780265778054771,0.9841497988724938,0.6615179338219339,0.7137468991909364,0.8139858446687482,0.7830015126824839,0.9841498188933173,0.6550825118193337,0.6371826467356009,0.8207399593271814,0.6849581557467593,0.9841599868282865,0.6678917851504784,0.6996533580010144,0.8194242790228039,0.760522852723952,0.9841503852993616,0.628576063861096,0.6016369979651075,0.8083148877719458,0.6511458166820369,0.984167820051331,0.6559297361984449,0.6729577448808012,0.814178181432105,0.7313447111195697,0.9841499484498015,1.0528435700809526,0.6357624083681386,0.6484218667765194,0.6749609336507714,0.8083813906369083,0.7379285354028795,0.9841491122376892,1.0528435700809526,0.6358779715784826,0.6435630357774251,0.6762510257191896,0.8047088607380606,0.7422724133207171,0.9841488064132908,1.0528435700809526,0.6347969893893173
01520000,dam,0.47545857464865293,0.6965683810346577,0.7139282949693213,0.8989389957793266,1.004516679607645,0.5906384211519091,0.6857015447118503,0.7687550051332245,0.7871880484273561,1.004510500351922,0.5958842922588972,0.6998485404912147,0.7725848818771766,0.8041609738124642,1.004509824426061,0.6001608768806597,0.7029605316626325,0.7753034335239835,0.8057744366558927,1.0045088033555667,0.6243677896456916,0.6868160142598969,0.790516250618163,0.7672329919825583,1.0045041811234694,0.5750625210590957,0.5800189397016026,0.7672851552019493,0.6504178106754951,1.0044927638566163,0.6116853257710622,0.693416573767517,0.7821102677683927,0.7843680053732595,1.0045060760956888,0.5918946053601544,0.6032545899008857,0.7763511525796825,0.6723295954918285,1.0044966089144092,0.5906384211519091,0.6857015447118503,0.7687550051332245,0.7871880484273561,1.004510500351922,0.8167347399191549,0.6812234985464021,0.588347734839699,0.6880391246302416,0.7674391606480411,0.7921185381821133,1.004510165610792,0.8167347399191549,0.6794543142910123,0.586454965969764,0.689062863019914,0.7663399416062202,0.7949035842032395,1.0045100434710126,0.8167347399191549,0.6779786296997281
01534300,dam,0.4947285815554001,0.6425256244409316,0.7091965738890113,0.7955615666099639,0.9622346256938406,0.5642714648159892,0.6485044959523316,0.7516992516552118,0.7541027169328084,0.9621799799403007,0.5339544183252325,0.6530437230056947,0.732886562073615,0.7818240271898542,0.9622069541682213,0.5346702608125202,0.6530269716962983,0.733310629411093,0.7812787120537926,0.962210316430456,0.5538572364514429,0.6554864943708355,0.7451909905033566,0.7712368889585912,0.9621930791138458,0.5546526682355537,0.6320692820794775,0.7453147842462733,0.7371752742764253,0.9621632769083202,0.56068134605951,0.6546552852232659,0.7494711307420375,0.765332597230604,0.9621916970756865,0.5426288566191328,0.6166307830262265,0.7372909323944052,0.7233699744210969,0.9621617750271163,0.5642714648159892,0.6485044959523316,0.7516992516552118,0.7541027169328084,0.9621799799403007,1.0528435700809526,0.6598712287929652,0.5734795202113351,0.6549553961581087,0.7577959304128519,0.7571787566536835,0.9621739362928077,1.0528435700809526,0.6681366227912191,0.5769495601725403,0.6575912919829334,0.7600832210810088,0.7586441104597672,0.9621714776485313,1.0528435700809526,0.6713087833342238
01541200,dam,0.6923920871157212,0.8141770700945383,0.8361181861650373,0.9157413824437769,1.0239457248862278,0.72994621749278,0.7682743473586873,0.855283470362709,0.8206089455584324,1.0239322737767214,0.7432746273619404,0.7923031447904391,0.8624974449645865,0.8461870747125185,1.0239293760299355,0.7473286324397143,0.7946055541969281,0.8648715735318137,0.8471776927557962,1.023927581063308,0.7510067004478373,0.793982380554989,0.8671122389989313,0.8443988158327174,1.0239243387296622,0.7073119659561355,0.7118450262343642,0.8458336789685122,0.7577303277313747,1.0239048167602978,0.7479780863422358,0.7822297180020581,0.8657992897909929,0.8301712714549738,1.0239221249399173,0.6796299677334161,0.6821543588698784,0.8304445469314875,0.7322210968173308,1.0239010236273727,0.72994621749278,0.7682743473586873,0.855283470362709,0.8206089455584324,1.0239322737767214,0.8167347399191549,0.7542064422722708,0.7227088729672418,0.7702962269319141,0.8506612281269098,0.8271155436415795,1.0239315550436068,0.8167347399191549,0.7516374648538453,0.7188676089925403,0.7713419839172041,0.8482567485153062,0.8306312684489652,1.0239312916610575,0.8167347399191549,0.7497617101526253
01547500,dam,0.24878010492285363,0.5596413473716837,0.581505500505667,0.875220710880308,0.9433587972903279,0.4698877125963764,0.5492272873384736,0.6877874984687949,0.6798273997915987,0.9433528602341692,0.38811400567557963,0.5989939812891651,0.6478611384924927,0.8167094429692534,0.9433553094997449,0.37886200490963184,0.5955345779368764,0.6427087052610047,0.819095115806377,0.9433552189224376,0.5172895703626221,0.6138319908654988,0.7215785655595566,0.7384696006710735,0.9433512016907476,0.5173062143950947,0.5513048952437546,0.7253438376270485,0.6497412333043902,0.943342380427243,0.49023442391648164,0.6128805108540023,0.7043233106959448,0.7566323834362674,0.9433519860282862,0.5328622031321442,0.5704005729446038,0.7353347912496213,0.6663855664737134,0.9433483914934614,0.4698877125963764,0.5492272873384736,0.6877874984687949,0.6798273997915987,0.9433528602341692,2.907335362699394,0.48664697955786007,0.46856367971844715,0.5546503795257667,0.6867804273733328,0.6885183884216702,0.9433520571540489,2.907335362699394,0.5041644210074547,0.4645982829006886,0.5573887122962988,0.6839793165946879,0.6953253315094122,0.9433517339813609,2.907335362699394,0.5079348043698374
01563200,dam,0.6252628555621035,0.776392543359438,0.8000040658657535,0.9156013402277676,0.9463456691060086,0.6543030394872341,0.7647180800014797,0.8117900488808796,0.8694020033522631,0.9463459279315527,0.553259360705189,0.5799984665014288,0.7492253715683188,0.667382706935736,0.9463426591163416,0.5350121834621488,0.5645136809907559,0.7366750470129125,0.6573189992035068,0.946352680666383,0.5866562689054734,0.613201450562421,0.7707569519822252,0.6931086276136806,0.9463490136402236,0.408090193697801,0.43538999387004595,0.644968319830073,0.5642777101707774,0.9463059477803706,0.6355924871951332,0.6631664923578475,0.8009392420964111,0.7336282987135023,0.9463553983414768,0.4715559619659613,0.49765340265663105,0.6932369326337989,0.6058334999397454,0.946322308238992,0.6543030394872341,0.7647180800014797,0.8117900488808796,0.8694020033522631,0.9463459279315527,0.2957670210385463,0.7367838400100053,0.6523463859652185,0.765442706542226,0.8108500334939177,0.872091227771359,0.9463459221312503,0.2957670210385463,0.7367866569856312,0.6513108918989757,0.7657484479487542,0.8103498998994123,0.8733987800736731,0.9463459201605282,0.2957670210385463,0.7365338080812882
01574500,dam,0.6289702771393167,0.7276308770975003,0.7969244238756064,0.8328339263120385,1.0707160045546524,0.6192283812944519,0.717639708060029,0.7906817129118215,0.8241763476078865,1.0707052502604566,0.5750725621928712,0.6829215183116059,0.7625390523527458,0.8021282329551859,1.0706953018159489,0.5837357052045891,0.6879470715041548,0.768003522531983,0.8036360098486552,1.070681312927163,0.5965376045875541,0.6986749449879366,0.7762521879996039,0.8109588842157974,1.0706906071987092,0.5331439162697706,0.6479744594705762,0.7348210946360912,0.779522083538248,1.0706513813574572,0.5811010659943073,0.6855031789269104,0.766280454973252,0.8017885694363381,1.0706799372628157,0.49713228960817923,0.6178983001996338,0.7103006032358959,0.7610704680403457,1.0706303565217108,0.6222547410955348,0.7210240607269871,0.792642852122329,0.8272843008646263,1.070709795569472,0.012499999999999975,0.6916677556458192,0.6222110137907328,0.7210129949719299,0.7926169739370161,0.827297485075874,1.0707097646324335,0.012499999999999975,0.691627478309349,0.6221965421165234,0.7210095967338385,0.7926084267457925,0.8273022550425305,1.0707097542377635,0.012499999999999975,0.6916140684594856
01591610,dam,-0.08306675431862409,0.45260070859741663,0.4593002719025753,0.9956291751968154,1.0852683068552504,0.2007705265850871,0.47329862406093626,0.5253698346102552,0.7879537737235546,1.0847168427181102,0.02131337962323987,0.47873216690328646,0.4884116426871425,0.9476202008377725,1.0851696138478977,0.017617373715504203,0.4777198848005755,0.4872177401344369,0.9491795408816364,1.085136088909985,0.012273105625755232,0.47619232871163963,0.48545543454656953,0.9513284752132771,1.0851436981685139,0.11780447427678808,0.4978699465554367,0.5165415424555134,0.8942682103116358,1.0849899938242227,0.024917979699833226,0.4796786798337558,0.4895365940783618,0.9460165085971286,1.0851303124062177,0.1369067904164032,0.5016400921879732,0.5229023758526365,0.8837209674862533,1.084968472653214,0.2007705265850871,0.47329862406093626,0.5253698346102552,0.7879537737235546,1.0847168427181102,2.907335362699394,0.33131080638885746,0.1846266723466976,0.4673853420010371,0.5167559603761621,0.7926665702851704,1.0846547163841012,2.907335362699394,0.33914033225358475,0.17269370732029765,0.46393879619891343,0.5109440567849775,0.7974578001253326,1.0846318846337777,2.907335362699394,0.34066149167096393
01592500,dam,0.1279067822933091,0.268173603540133,0.5841102647513166,0.9089547226789579,1.595244790105507,0.21498609382823675,0.2597287471790286,0.6038548751037329,0.8084923295182128,1.5953111622678435,0.24538045745824177,0.28310549136025986,0.6315862428095431,0.8455013617184662,1.5952639841278635,0.24618811053905398,0.2833521329994477,0.6320626370972199,0.8454990111824117,1.5952610408140084,0.22642386413660653,0.28210049068373066,0.6241282232088124,0.8594010564498437,1.5952579692544704,0.2804406195251915,0.2777778553003768,0.6427998808899508,0.8008642641621069,1.5952796484968985,0.24113827508347596,0.28320370507801285,0.6301108594309432,0.8495225790455944,1.595260865407666,0.28343192187024524,0.2726727218421937,0.6416683048000313,0.7849745155578332,1.5952876672735385,0.21498609382823675,0.2597287471790286,0.6038548751037329,0.8084923295182128,1.5953111622678435,1.3572088082974532,0.4314189125257958,0.20129774185084548,0.2562666506257796,0.5961210932346162,0.8112578702462322,1.595312969871652,1.3572088082974532,0.4337307864247163,0.19353123287128216,0.2545681273794015,0.591953531904513,0.8135361001796796,1.5953133382154716,1.3572088082974532,0.433414602807882
01597500,dam,0.45175208785936616,0.7274618778902473,0.7382205334981204,1.0399373828582967,1.0644479974206464,0.6116483665976082,0.7824487255512446,0.798167968366067,0.9506128949164245,1.0644461160370478,0.5283076696555998,0.7565413081296619,0.7652260294966833,0.9999150123819915,1.0644461806349204,0.5259211413252547,0.755374668311133,0.7640164934052972,0.999846455506593,1.0644462096887368,0.5494956175932224,0.7618187627095899,0.7715458859139628,0.9803596007327089,1.0644459018943477,0.5886974537742766,0.7510198840648417,0.778981630009989,0.9051963228549955,1.0644534022207457,0.5620369566097227,0.7610230591339582,0.7736134548113025,0.9586986601018946,1.0644461771235396,0.5717019842057254,0.7210343248473869,0.7642796057332656,0.8654535204653497,1.0644592001573123,0.6116483665976082,0.7824487255512446,0.798167968366067,0.9506128949164245,1.0644461160370478,0.6335752569011934,0.7332611693885285,0.6148089093289997,0.7860730837604488,0.8007451751297331,0.9563076577400922,1.064445476843036,0.6335752569011934,0.7373120190639796,0.6147409028192015,0.7871613830490776,0.8012344539969749,0.9595111821555921,1.064445249764922,0.6335752569011934,0.7380580838408437
02011800,dam,0.07193413156890971,0.559189718869098,0.5640650195044138,1.0598930771167518,1.0262148058261846,0.5526251887548503,0.7037126029301708,0.7495937823818853,0.8438071730133031,1.0262058893859345,0.2507504258399069,0.44630915540906924,0.5310549015368085,0.7067806813714779,1.0262007098031911,0.3215617950110299,0.40715582186811705,0.5680381942739129,0.5948004632485879,1.0262021631772453,0.542878596082593,0.6903185633254352,0.742299273690532,0.8302766966645858,1.0262093148577005,0.4641214433172093,0.5584598976881545,0.6816830169771356,0.6951307262313019,1.026204697680437,0.5243135997269348,0.7016721639362495,0.7356754287762035,0.8641869263308862,1.0262074004507113,0.5004977836590863,0.6012509936252105,0.7080632544464197,0.7296544071586956,1.0262100574541466,0.5526251887548503,0.7037126029301708,0.7495937823818853,0.8438071730133031,1.0262058893859345,1.7495626146803187,0.6138385234894573,0.5766887297953929,0.7208371947417405,0.7646737773640946,0.852125689531807,1.0262036082082917,1.7495626146803187,0.6373992740490655,0.582819700393242,0.7280343423479027,0.7689625628591957,0.8589310700168284,1.026202644426656,1.7495626146803187,0.6442260368917507
02041650,dam,0.7701017677510495,0.8343033106719667,0.8919904271288083,1.0313497066406185,1.1216820484541605,0.8286569067572129,0.8385818688174838,0.9139805148913079,0.9379993620456213,1.1217061302866111,0.8079526803416204,0.8468836420689523,0.9070656398665268,1.0002898051573568,1.1216870567711348,0.8062490130674251,0.8464111856605531,0.9062977738495364,1.0011759616009221,1.1216882649188393,0.7988905395615321,0.8443829579263121,0.9034236250315852,1.009060381487054,1.1216863881830386,0.8265986459708533,0.8482903115594442,0.9142800682185299,0.9707061168341753,1.1216954858290875,0.8106985092203508,0.8473667957390423,0.9079882964626085,0.9952769014003304,1.1216899083520577,0.8281068159365426,0.8390577469717253,0.913730242888648,0.9396056695463083,1.121706461072598,0.8286569067572129,0.8385818688174838,0.9139805148913079,0.9379993620456213,1.1217061302866111,1.0528435700809526,0.8400404790977029,0.8227648714277473,0.8389642144981845,0.9110114194935909,0.943420891234316,1.1217060442333164,1.0528435700809526,0.8356421723655186,0.8233594492064582,0.8461963824197541,0.912336842108213,0.9659393832412495,1.12169879997446,0.7475189347574763,0.833694462581234
04285500,dam,0.739651202877276,0.8248963408699356,0.8614365852314246,0.9000915898099885,0.9615320769768636,0.7419244460575745,0.8224219229409898,0.862481003069242,0.8944410277778657,0.9615318012048831,0.7417382861229204,0.819119457375623,0.8622069205114494,0.8893156840496571,0.9615315694659148,0.7412413580694597,0.8196012899814624,0.8619619517010059,0.890412717322269,0.9615315808296198,0.7318280894833118,0.804326650477636,0.8561770898910718,0.8730214454816775,0.9615360307100554,0.6784940772182064,0.7515233717324776,0.8242805961773115,0.8285762331264227,0.961565405345329,0.7214219358116121,0.789663306803271,0.8499467648534613,0.8577107419255585,0.9615380946439538,0.6333228630332726,0.7063640430231608,0.7964097758016598,0.7919216727043259,0.9615746756629424,0.7419244460575745,0.8224219229409898,0.862481003069242,0.8944410277778657,0.9615318012048831,0.0499999999999999,0.7594739397694185,0.7418121352996794,0.8225192910319469,0.8624266568984329,0.8946758618967672,0.9615317890138829,0.0499999999999999,0.7594850405777069,0.7417717024321996,0.8225539930350555,0.862407096305977,0.8947599188669432,0.9615317850172632,0.0499999999999999,0.7594874104967406
04289000,dam,0.5168010516190132,0.5014363795396242,0.7366776374113716,0.5771249847000736,0.979906756300001,0.519357976251168,0.49676060757339924,0.7413206653380133,0.5688027382813403,0.9799049907923403,0.5102577430029762,0.48975564362037516,0.7345256252269005,0.564720163095509,0.9798971857569841,0.514600141033986,0.49216835452668817,0.7381845470572137,0.5653258457912053,0.9798995421105888,0.5046484653607554,0.48286511288821965,0.7314176974356892,0.5585389572592203,0.9798956233722547,0.45464307121101366,0.43928058500242906,0.6941811502645358,0.5304507329930113,0.9798858419292431,0.4937734607344776,0.4719009661611796,0.7242658509644371,0.5500499822568461,0.9798940275026294,0.4199823066891737,0.4072826753034887,0.6671904079988965,0.5099521196588532,0.9798834038516039,0.519357976251168,0.49676060757339924,0.7413206653380133,0.5688027382813403,0.9799049907923403,0.3812699412948386,0.393208306357962,0.5192308916984618,0.4975804184610373,0.7408318798432338,0.5700540609332115,0.9799049536409622,0.3812699412948386,0.3928367436383714,0.5191313733676829,0.4979356577410048,0.7405741354642947,0.5706248572625894,0.9799049414758847,0.3812699412948386,0.3925856833112412
04292500,dam,0.8110487757862295,0.8813853410435062,0.9021868857231048,0.9448710984332968,1.0382470418054668,0.8025893821186899,0.8753764276563587,0.8974933965885404,0.9403272159595631,1.0382438215349867,0.7703283141337564,0.8515176160139472,0.8793457964333313,0.9223646619112645,1.0382404994177934,0.7726153951939821,0.853844023798696,0.8806953430449631,0.924728510415128,1.03823834546462,0.7928623856225053,0.8682571900561761,0.8920569204658139,0.9348697777988494,1.0382428255833642,0.7555379959080165,0.8415016191485537,0.8710060554990734,0.9162130486758872,1.0382367075260506,0.7831341798398118,0.8611892935085568,0.8865998221626331,0.9296689922218144,1.0382408322086742,0.72747581673797,0.8208236479465222,0.8548575245390218,0.9021426988070117,1.0382331734947012,0.8039548465109088,0.8762592827375183,0.898244496917388,0.940882315344,1.0382450266302916,0.012499999999999975,0.8238556516649247,0.8038918359777871,0.876250399140684,0.8982126545730005,0.9409185326341085,1.0382450027802037,0.012499999999999975,0.8238011215494059,0.8038706698045139,0.8762475662965087,0.8982019727634261,0.940930999027711,1.0382449947367558,0.012499999999999975,0.8237827735043053
02072000,dam,-0.0007202900037159843,0.4388779931318034,0.4885802701026987,0.9247841459650202,1.2182895823564477,0.3463503915295505,0.525547636330574,0.6428129478707648,0.7763783661739395,1.2179812378799966,0.31274426803401856,0.5220775116834524,0.6256866921544494,0.7980661031348845,1.2179957653379336,0.3243405783763438,0.5264446146542623,0.6325072873120413,0.7958694784786119,1.2180241713540076,0.34949156060341824,0.5250866270885424,0.6442581665971032,0.7730554818052482,1.21791430746657,0.349789377834419,0.469772539155782,0.633475996800307,0.6846905044207817,1.2176723163596075,0.3449010533326029,0.5230871740478789,0.6413631040548203,0.773444590509075,1.217940512192763,0.3519920540876448,0.4676036397867708,0.6347457016670355,0.679627830274303,1.2177081872205027,0.3463503915295505,0.525547636330574,0.6428129478707648,0.7763783661739395,1.2179812378799966,2.255341494966317,0.4974889546897384,0.36558252941766267,0.5385694769294564,0.6561949324592659,0.7827097799431117,1.2179476162340295,2.255341494966317,0.5171655114943527,0.37090396415545934,0.5440665211355076,0.6603946765323537,0.787753522430844,1.2179334627389737,2.255341494966317,0.5231084572709467
02077303,dam,0.5965361005464973,0.5157434240524061,0.8328025719539662,1.1007497414168546,1.4431692013302775,0.6556187954347836,0.5298117555756023,0.8457980345424535,1.0316481343798496,1.4430543246986782,0.6367409917308886,0.5266869079401707,0.8361996974221948,1.0292496344582702,1.4431017974176064,0.6467092062482375,0.5283545201378592,0.8414293178557913,1.0313655302281262,1.4430812577306988,0.6474601668053344,0.528435091602361,0.8425986781908908,1.0357147466694392,1.4430832242312461,0.619126869081676,0.5164635982978426,0.8136612384987265,0.9467355256602339,1.4429991123089865,0.6382371783412902,0.5249037621605548,0.8291531825032575,0.9842174532858875,1.4430335330193937,0.523184132719662,0.4705673430058944,0.7483147576599054,0.8559591985540697,1.4429511537391682,0.6556187954347836,0.5298117555756023,0.8457980345424535,1.0316481343798496,1.4430543246986782,0.2957670210385463,0.7075487241651772,0.6561190379367463,0.5298884358013864,0.8462556596307088,1.032844551200633,1.4430449142627728,0.2957670210385463,0.7088649994979141,0.6562035861757164,0.5298981638755229,0.8464068292107033,1.0334553635296977,1.443041321848866,0.2957670210385463,0.7093425980912014
02082506,dam,0.6578053138950839,0.8030214674958456,0.8184079913490679,0.9270846158586993,1.0225439884922032,0.6810919503913623,0.8012432604468084,0.8286323542830161,0.9018713114691997,1.0225417835687132,0.6248711919525991,0.703585911860483,0.7905994333629263,0.791421871151235,1.0225361599568727,0.6511148814675296,0.7162838572935197,0.8071475748302471,0.7931329220753465,1.0225566799264452,0.6753406493731153,0.8020211810995269,0.8260052326197557,0.9082752506691282,1.0225389444675148,0.6916832648556761,0.7916951242308456,0.8329757425901251,0.8775825022889464,1.022533862519481,0.6929932816261093,0.7814952946152302,0.83303270414512,0.8608652683414441,1.02253341599704,0.6408173812040077,0.7063334201038963,0.800767386029752,0.7854367547300399,1.0225619027938633,0.6810919503913623,0.8012432604468084,0.8286323542830161,0.9018713114691997,1.0225417835687132,0.0644544378132592,0.8006771831738695,0.681303389020126,0.8017509326258236,0.8288083854005114,0.902593668144565,1.0225417461617272,0.0644544378132592,0.8010832095784653,0.6812914773490422,0.8019324024688661,0.8288290914648053,0.9029270196731204,1.022541733594568,0.0644544378132592,0.8010949826182676
02085500,dam,0.7662986462509235,0.6780532784258819,0.8985407504906847,0.6960526878517576,1.0311728031974678,0.72542228868017,0.6438822922752885,0.8773071741699104,0.6671399319656542,1.0311523250031374,0.6728971874866404,0.5954426124625163,0.8507852466943522,0.6252566743779882,1.031130003354373,0.676045977213015,0.5983025126709167,0.8524228423535317,0.6276930254586762,1.0311347165616538,0.7316362731169634,0.6441047112027294,0.8824919878675,0.6655116029082819,1.0311582394203211,0.6657073709155501,0.5886727984687039,0.8471408055090228,0.6194020470177931,1.031134090076488,0.6885133294175674,0.6082768864807445,0.8594531815355312,0.6356872978600743,1.03114232721299,0.563275696179887,0.5093596129298471,0.782469342441948,0.5613189421411955,1.0311019601085074,0.7501648868025219,0.6618870559700039,0.8912185496788234,0.6813847220599156,1.0311651030772475,0.012499999999999975,0.7752696908460593,0.7499455651800018,0.6617882586859878,0.8910747660200784,0.6813289854236974,1.0311650418575935,0.012499999999999975,0.7750704819179182,0.7498706760714496,0.6617550313690223,0.8910254762045102,0.6813105690238688,1.0311650212871264,0.012499999999999975,0.7750024704148266
02094500,dam,0.6932140597450146,0.5708518825711433,0.8409395583753037,0.8347182453484374,1.3626979792915712,0.6895768614162607,0.5660347605046598,0.8388739127798489,0.8242430161333976,1.3625930166584665,0.6656428915658499,0.5491949008133832,0.8248134971041934,0.7971640568074566,1.3624810433732835,0.6711293040200276,0.5508687180927943,0.8282252720712304,0.7978523021855298,1.3624205561235687,0.6760676202349796,0.5548590912212803,0.8310741157579432,0.8044763667013731,1.3624706651897334,0.6231465715638572,0.5186530616606373,0.7994078718668108,0.7544618047043495,1.3621721522020038,0.6661725583116341,0.5473703320791384,0.825317358393792,0.7925590163299351,1.3623918173712293,0.5877436384611442,0.4948168801066619,0.7772684087698786,0.7270075710629068,1.3620438601002522,0.6903562521317907,0.5671126177892566,0.8393088143323387,0.8265980399660713,1.3626314779254323,0.02499999999999995,0.7147261400838477,0.6903431136541817,0.5671294055016118,0.8393000899480295,0.8266465573700913,1.362630768715281,0.02499999999999995,0.7147126761569356,0.690338884771752,0.5671353313383936,0.8392972622158826,0.8266634726605008,1.362630527857342,0.02499999999999995,0.7147081247081775
02105769,dam,0.5403758377783301,0.774386769584395,0.791508894963297,1.0846016328219836,1.016593751323725,0.8085048724841943,0.8769330068357505,0.8998078837273341,0.9304948135436953,1.0166148637962629,0.6447876341767775,0.8246016670778868,0.8304222499711323,1.0416243356201842,1.0165944741158492,0.6256567769602811,0.8154023392208776,0.8228657713891312,1.0492373493607667,1.0165965311882403,0.5747734122921819,0.790829393185314,0.803893023178949,1.0708451405125692,1.0165940490262637,0.6326295956191182,0.8187608499131938,0.8255827738796383,1.0463770776130732,1.016596006409298,0.5757336938832377,0.7912899583641559,0.8042462368920061,1.0704626287593046,1.0165940850010964,0.6352574540245068,0.8200299338450243,0.826596284627013,1.0452209830475159,1.0165963519752594,0.8085048724841943,0.8769330068357505,0.8998078837273341,0.9304948135436953,1.0166148637962629,1.7495626146803187,0.84061062384037,0.8103799222374297,0.8817367078821214,0.9010588311560673,0.9373833039857783,1.0166132703167567,1.7495626146803187,0.8425427944324511,0.8075833276351608,0.8833312790604866,0.8997912176581192,0.9426082464648005,1.016612555895302,1.7495626146803187,0.8398951880236194
02197000,dam,0.19784153948592265,0.5829382475625066,0.7185463126163456,1.1770819903787701,1.2517266292784106,0.5377742900322762,0.689658331442355,0.8200325420624283,0.9815716936851291,1.2521588048294108,0.3788761804694851,0.6461667143082742,0.7692340564646618,1.0927821284104065,1.2516675386601983,0.3611548322336291,0.6405340985767258,0.7625352406861102,1.0974127048047306,1.251668407458445,0.23145135328831035,0.5950329961376951,0.7269857984427055,1.1615628700340443,1.2517120557136816,0.2889832753844078,0.6155537029867324,0.7420824152704673,1.1339015692886885,1.251689976988605,0.24144741629534472,0.5986499841065839,0.7294673588365598,1.1566428104050135,1.2517080754985777,0.31268226848246317,0.623939358989997,0.7483951892053962,1.1215421270638144,1.251682610147522,0.5377742900322762,0.689658331442355,0.8200325420624283,0.9815716936851291,1.2521588048294108,6.227928126848629,0.6133257050364436,0.5092665843497253,0.6847528988903173,0.8106663610307426,1.0095953638170303,1.2518758362883113,4.421828970062526,0.5875552412928595,0.4977216684574133,0.6818145672854574,0.8061920761018619,1.0157070144291533,1.2518605723882892,4.421828970062526,0.5704386811318635
02294491,dam,0.45273682781341495,0.6231653245024469,0.7452055260342055,1.0445285401182183,1.2740462694670016,0.6421260796139772,0.6711279305184755,0.8231396314307903,0.9723298298531624,1.2758833264238145,0.5760027858180337,0.6472832325587792,0.7850598266394088,0.950015477909483,1.2751570232817724,0.6661883242767972,0.6725330760348178,0.8322487143158936,0.9473089498292356,1.276256666298661,0.5297054509389643,0.6449614375536995,0.7755872078920533,1.0180415590410927,1.274528289452322,0.6189324282247937,0.6661812600665946,0.8124460450942309,0.9797969428321277,1.2754093346475441,0.6296949648303678,0.668388751901731,0.8171740362214786,0.9750871280332368,1.2755359062701523,0.6880698493988873,0.6669713657496574,0.8404638185743574,0.9104910323947306,1.2782883805785137,0.6421260796139772,0.6711279305184755,0.8231396314307903,0.9723298298531624,1.2758833264238145,2.255341494966317,0.6183519015861774,0.6403801776203981,0.6717734425311224,0.8233866733060426,0.9796174880075318,1.2759075190473084,2.255341494966317,0.6172900780311472,0.6370151831336546,0.6714619620413527,0.8223841815756315,0.984006010630514,1.2759240035502677,2.255341494966317,0.615272929217245
02334430,dam,0.05215274358261357,0.3900976459085739,0.5580016884993767,0.8112829704695891,1.3755053354109357,0.2069765681586906,0.3703968948698986,0.634055124325287,0.6511443935624378,1.3752121850552899,0.18698499845294214,0.4090343688883733,0.6275190380542223,0.736258275712871,1.3754179178104893,0.19936905205607725,0.3993891890000264,0.632551153980343,0.708796505300925,1.3753867559250248,0.21292307965608248,0.40749221820282533,0.6425224167734899,0.7130200377495725,1.3753901307273342,0.14471952636552055,0.3603592635206131,0.5897233113108241,0.6832185221153144,1.3747836786085168,0.22245585230455378,0.4005485486735547,0.6476356951619543,0.6929530272126402,1.3753712771050826,0.16712675362025298,0.34048633137979145,0.601760779395806,0.6311679993012983,1.3746021323084576,0.2069765681586906,0.3703968948698986,0.634055124325287,0.6511443935624378,1.3752121850552899,13.341112707816194,0.24371712765249554,0.19508871791959814,0.36994742006124026,0.6253970054601197,0.6597284579125806,1.3753053791443592,13.341112707816194,0.24559925020757367,0.18661240910876875,0.36930402586843536,0.6193546646215161,0.6653110580258059,1.3753263280940458,13.341112707816194,0.24377322153567238
02343801,dam,0.6908987496097054,0.7127103551982399,0.8922887164591812,1.138653890634258,1.2273955101146328,0.731121386429376,0.7404413712749833,0.897856012104809,1.0723339811720727,1.2273875164785357,0.7416524011332568,0.7453060890551688,0.9004297791996226,1.0571168105063282,1.2273596915896086,0.7427795715714292,0.7446780999227722,0.9016748755079127,1.0618887588581307,1.2273570409722592,0.7072197160223314,0.720759358185266,0.8965955303275431,1.1248113002076585,1.2273873150229277,0.7285027845712722,0.733076514324794,0.9012086795598985,1.0989406282361365,1.2273745242874445,0.7056922318542596,0.7199937945174129,0.8961971119675421,1.1261871876679446,1.2273878387542587,0.7259974076921898,0.7315027144422346,0.9007468029174006,1.1026640570926052,1.2273756508557088,0.731121386429376,0.7404413712749833,0.897856012104809,1.0723339811720727,1.2273875164785357,0.2957670210385463,0.7590672052169443,0.7235290004241404,0.7381491844568218,0.8949931757479217,1.076383304746421,1.2273873506093425,0.2957670210385463,0.7532900728740608,0.7227621995401607,0.733880443843856,0.8974833881204634,1.0927574343689286,1.2273895794155427,0.20999458493736786,0.7512121803614126
02382500,dam,0.18101076967097895,0.57628443412947,0.6530164501414777,1.0415448465071093,1.2396065996947134,0.5234641544761344,0.6673098055802268,0.7930941398235084,0.8979432849707455,1.2397022265335267,0.2615235925846281,0.6014021342608973,0.6816629667409303,1.0113164952100264,1.239611620677594,0.2574012635070979,0.5999276890091633,0.6798422880563753,1.011980063734857,1.2396108753322364,0.2101845210104648,0.5853616098799823,0.6629498972098079,1.030171475412219,1.2396078146511311,0.25904265287673145,0.6005083736027533,0.6805569757515552,1.0116864891775865,1.2396103916595167,0.22803010806374324,0.5908524608309189,0.6691596834959512,1.0231047833108682,1.2396091875779671,0.3003875844081412,0.6130132876425756,0.6961493934415643,0.995755968094819,1.2396153430572978,0.5234641544761344,0.6673098055802268,0.7930941398235084,0.8979432849707455,1.2397022265335267,4.831264020091606,0.731307776068957,0.53749179513585,0.6753291060778583,0.8018824207197198,0.906696976808085,1.2396980600746978,4.831264020091606,0.7426498173768865,0.540462953080791,0.6784812950109105,0.8042354143414171,0.912843302942989,1.2396960884493047,4.831264020091606,0.7454492030077047
02394000,dam,-0.14197346780858977,0.2988569041587127,0.3908001224992581,0.8435411483102011,1.309835081659413,0.2971775738141942,0.3606604360277217,0.6231489852095335,0.5869230695160937,1.31000941955633,0.27924428451735384,0.4108827401143066,0.6117038459790703,0.6834335855951029,1.3099531382944996,0.28147987702574573,0.4058292272098649,0.6123352875056303,0.6733156187746066,1.3098907759002612,0.2549235070722419,0.40967351136552765,0.5963229015239263,0.7008355181284396,1.3098883284926441,0.2778892399868057,0.3767851296054271,0.6068366564543535,0.6289698124171359,1.3100902447274936,0.25530930414998754,0.4072015854582063,0.5959487773119335,0.696462994635893,1.3098674815177174,0.2864013656808134,0.3700414027634831,0.6133950784272064,0.611084797878724,1.3100474712150727,0.2971775738141942,0.3606604360277217,0.6231489852095335,0.5869230695160937,1.31000941955633,13.341112707816194,0.3738402577222647,0.3263380081468301,0.4013325841878015,0.6452493254980612,0.6305642871951734,1.3099546544255547,9.472190022549498,0.38530154339422495,0.3331433350284313,0.4094327498844822,0.6504387832236622,0.6387417781090948,1.3099502052767062,9.472190022549498,0.3884158461672128
02462500,dam,0.7514207770577485,0.8075540972719668,0.8702132574963122,0.9060645341971555,1.1066159238176534,0.7421936523581099,0.801097481621277,0.8648783344935282,0.9003148927118171,1.1066171970795464,0.3601323663392074,0.451671763301317,0.6046822196703023,0.6352996075843368,1.1066833233835034,0.3281706288292312,0.4029907676942792,0.5770445400943826,0.5923981191909677,1.106721174821275,0.697720021490523,0.7678940470444073,0.8386725254374461,0.8716302466515544,1.1066200064432168,0.6149906504650438,0.6999341032673485,0.7876570322079166,0.8167525672457909,1.1066320064530915,0.7181768311017362,0.7834409909082776,0.8508203224691716,0.8847791091701699,1.1066178903700834,0.6602275067195569,0.7382064858347721,0.8159536886589005,0.8473750558289491,1.1066228200597699,0.7436513787951036,0.8020205542151393,0.8657153533016181,0.9010230300408213,1.1066163872585786,0.012499999999999975,0.8193974122211589,0.743538631572743,0.8020026713890753,0.8656546195428514,0.9010696846044288,1.1066163851507793,0.012499999999999975,0.81928084006227,0.7435004255918836,0.8019967508121008,0.8656340518179788,0.901085768344972,1.1066163844547694,0.012499999999999975,0.8192412374404614
02466030,dam,0.7781830451651752,0.8844057705282556,0.8899375905479581,1.0042169484858698,1.0350786153980582,0.7948697997480938,0.867760764067143,0.8927906891532403,0.9309889523468831,1.0350835358777861,0.7914938916734833,0.8595671599075144,0.8905439065370186,0.9193187457494373,1.0350896194453685,0.7944303684065968,0.8659706128025688,0.8924413256484456,0.9281417033987178,1.0350912156218244,0.7893706200298862,0.8879418936319483,0.8940470176833922,0.9899808279838276,1.0350799220797389,0.7994839306753426,0.8854242407690802,0.8970542918295596,0.9639586498333926,1.0350828569360624,0.788915454247942,0.8877766435542223,0.8938453221310263,0.9902706743027032,1.0350799988592707,0.798819503063714,0.8853818714757837,0.8967597769797743,0.9646737243550962,1.0350831296521288,0.7948697997480938,0.867760764067143,0.8927906891532403,0.9309889523468831,1.0350835358777861,0.6335752569011934,0.8781404413290798,0.7879066684919732,0.8670013124923146,0.8892517912006302,0.9352493874813997,1.0350833764761067,0.6335752569011934,0.8767640228161656,0.7846088162849534,0.8666587989215039,0.8876020291164273,0.9374241858279825,1.0350833226337046,0.6335752569011934,0.8755527322930359
04034500,dam,0.1850786586721327,0.09371929573373361,0.6351474405232467,0.20248106934057333,0.7715467662551774,0.18551786666310233,0.09414908273341782,0.6369339630264833,0.20215491718175801,0.7715439628028931,0.18275299477100704,0.091389927414119,0.6299367406469583,0.20225341921938758,0.7714702624725503,0.16793750299530807,0.07663107156862703,0.6352629480801114,0.1831088554065561,0.7713825928891165,0.18676587094751818,0.09536362763066375,0.6422555563012913,0.2011317084602948,0.7715370227177138,0.18756463882694496,0.09611541515594768,0.6510268832192874,0.1981152569970925,0.7715137522251697,0.18704517029798595,0.0956276877427753,0.6445093682930756,0.2004256698077997,0.7715342904421205,0.18622359407700628,0.09480752705707507,0.6527149174507619,0.19591303549832753,0.7715035273143525,0.18551128509697357,0.09414350549613937,0.6368070942914887,0.2022060564830253,0.7715449156497814,0.012499999999999975,0.07659813764348844,0.18551566006923403,0.09414793043376168,0.63680798275822,0.2022106749837716,0.771544920302843,0.012499999999999975,0.07659198245958343,0.1855171123087488,0.09414939983222537,0.6368082134772028,0.20221223794485269,0.7715449218298355,0.012499999999999975,0.07658991799932935
04062500,dam,0.3782063551238718,0.546174356586006,0.6297416010394055,0.742566600010997,1.0509360107327308,0.5273833706498321,0.642217563106914,0.7309036509299488,0.7694902336743207,1.0496051881843518,0.4131494834856324,0.5474008137523891,0.6503920002903705,0.7169430582743234,1.0499903757931273,0.38685167380205365,0.5212026105380707,0.6302026586418812,0.7000038375045006,1.0499916889892642,0.38447144523462473,0.5470411740658869,0.6334037827120678,0.7388527565826107,1.0508038258134977,0.39195522635702706,0.5447555831906701,0.6372187266903018,0.7296581428013906,1.0505223417733944,0.3857328387808596,0.5443571092479276,0.6335661980615866,0.7339834987319751,1.0507142360978017,0.3877577595091585,0.5316848781398248,0.6324147006107006,0.7142201435862378,1.0502988539026419,0.5273833706498321,0.642217563106914,0.7309036509299488,0.7694902336743207,1.0496051881843518,2.255341494966317,0.38437408836990805,0.5173740230385326,0.6434056321440923,0.7249481574635669,0.7784970840080201,1.049421506562604,2.255341494966317,0.38047525050960795,0.4925998999469532,0.61797118695313,0.7075414497115496,0.7592578994412579,1.0495706705597452,1.6012924614260848,0.37902091924068404
04063500,dam,0.5999488254378127,0.6317764964936257,0.859032414560074,0.7543599726480406,0.7646754042768275,0.5999450689001493,0.6312895282982574,0.8591508468188178,0.7535788974498051,0.7646586134811563,0.5885283175845326,0.6244668347557811,0.852494735136271,0.7473496978296847,0.764553233513239,0.5908676637754249,0.6247526156627788,0.8541644210685325,0.7468476372500481,0.7645080370718214,0.5984124919880115,0.6304736430309246,0.8582422594785601,0.752896261478205,0.7646402457818137,0.5940320580556773,0.6273734002827036,0.8558263446953781,0.7497298585300531,0.7645655160738107,0.5966095503930477,0.6291079359005748,0.8572626360657758,0.7514370295946966,0.7646206935766586,0.5869337566618763,0.6226184945828407,0.8517878485105407,0.7450680869183454,0.7645012134334559,0.5999450689001493,0.6312895282982574,0.8591508468188178,0.7535788974498051,0.7646586134811563,0.0499999999999999,0.2873940933448028,0.5999443476176527,0.6312972470435543,0.8591485390722932,0.7535917225285224,0.7646586589956371,0.0499999999999999,0.2873926556784956,0.5999441214874246,0.6312998747079446,0.8591477677069789,0.753596080769218,0.7646586741854282,0.0499999999999999,0.2873922140220152
04170000,dam,0.7754988115735797,0.7534693390242403,0.9100756015871819,0.8077868285468175,1.1254793452770104,0.7785963568031408,0.7444491058968539,0.913794652761363,0.7947162022019225,1.1254330895178042,0.7809071666095275,0.7480769849629221,0.9146258530432209,0.7988898293278198,1.1254239203221643,0.7835089704491385,0.7466348452406741,0.9166450411749507,0.7962430226630861,1.1254150974644435,0.7798216958495402,0.7522610300890358,0.9131345916700382,0.8048387402727301,1.1254634638047256,0.7832478269352589,0.7489405491094542,0.9160221839511377,0.7993889598005112,1.125434384612852,0.7821343343572527,0.7506101581457776,0.9149672847939695,0.8019418878599632,1.125450048944944,0.7819689886530568,0.7427144430932386,0.9164052836405778,0.7914748596502671,1.1253995495675095,0.7785963568031408,0.7444491058968539,0.913794652761363,0.7947162022019225,1.1254330895178042,0.6335752569011934,0.7351869493203199,0.7815647518389148,0.7483390720205777,0.9150210624391557,0.7990638641252873,1.1254450961266844,0.44983843239984733,0.7348755319732995,0.7817484748886374,0.748658351205732,0.915081697358109,0.7994380845738572,1.1254449057380893,0.44983843239984733,0.7348705971145602
04170500,dam,0.6600418658281211,0.69395153663359,0.814510334602949,0.7565887817384136,1.0031976216538523,0.6832699679640502,0.6774488824610372,0.8339701048755592,0.7234789402392361,1.003066082090403,0.6260806145062903,0.6706576216133131,0.792769556406688,0.7440465771255317,1.0031290203518648,0.681864195120363,0.6821458187817566,0.8320250665334001,0.7301735136065152,1.0030609615087072,0.6663057274554716,0.6943617957768002,0.818882082832805,0.7538275451882192,1.0031834656808518,0.674838949724964,0.6937964693898756,0.8250411779078274,0.7487231752944496,1.0031575459016486,0.6709072609232016,0.6941040417643543,0.8221849677036829,0.7511142971376238,1.003171508326428,0.681423728246194,0.6905908077590444,0.8302822730057106,0.7413106758829395,1.0031264956342363,0.6832699679640502,0.6774488824610372,0.8339701048755592,0.7234789402392361,1.003066082090403,1.3572088082974532,0.6182803806415651,0.6849214364179081,0.6801670982732447,0.8346959843998294,0.7262148833183044,1.0030622437860406,1.3572088082974532,0.6173555416948293,0.6853936818614044,0.6813520022975648,0.8348270062796085,0.7275205290310067,1.0030604714787466,1.3572088082974532,0.6167787579692134
04232482,dam,0.5113563111096806,0.5941992803166455,0.7151761462241052,0.7112259815788191,1.0126159700641553,0.5062881716410501,0.5763480879716518,0.7119649096516173,0.6895848166318215,1.0126151982851788,0.5145625787764729,0.5885539333949559,0.7175942284891342,0.7010421386703404,1.0126112287787947,0.5143856355960045,0.588749081351597,0.7174588315782867,0.7014387710091665,1.0126094718181053,0.5132847830445765,0.5914577711320688,0.7165902239710777,0.706016040330148,1.0126128139781734,0.5152560127581515,0.5863655999584887,0.7181847213195188,0.697486134806828,1.0126066238871134,0.514360170073261,0.5878474741505653,0.717470396827432,0.7001871584551077,1.0126090419936433,0.5131888785386314,0.5757178320734827,0.7172172397372739,0.6839452193146853,1.0125954009295715,0.5062881716410501,0.5763480879716518,0.7119649096516173,0.6895848166318215,1.0126151982851788,0.1779852882826546,0.6585632723416317,0.5117139022648114,0.5861848693608867,0.7155922757969263,0.6996734018865325,1.0126151981786466,0.0889926441413273,0.6565670369847914,0.5128022039865703,0.5903842247199231,0.7162665955017449,0.704836832741976,1.0126151981490445,0.04449632207066365,0.6560803141407788
04239000,dam,0.6788947835180343,0.6867913560424067,0.9000263342781694,1.200158559534027,1.2191836486993441,0.7031451438776223,0.7060473095006753,0.9030935690003221,1.1702290160323465,1.2191789451187216,0.7107116881362578,0.713849992081105,0.9032719990504696,1.1564913792664944,1.2191710954472819,0.7073575711486753,0.7081271359329233,0.904226107840006,1.1672908291921258,1.2191595510751358,0.7082327841214118,0.7320093889090056,0.8926848178817196,1.1108782768013017,1.219108254188241,0.6299292068414721,0.7265599116955324,0.8363783562973224,1.0054624714768712,1.2190150702790872,0.7034396273970495,0.7365300201364933,0.8870770685354161,1.093041492952454,1.219107559038706,0.6043599347228925,0.713937083812653,0.8180493662600513,0.972437963989281,1.2190120843017207,0.7031451438776223,0.7060473095006753,0.9030935690003221,1.1702290160323465,1.2191789451187216,0.0830874910764661,0.8220278929611301,0.6993773285194549,0.7013126478981841,0.9033843966684656,1.1784381066160907,1.2191789260073658,0.058992118664290924,0.820711770585373,0.6991182454124796,0.7011175395268993,0.9033458388611619,1.1787436698122726,1.2191789196411082,0.058992118664290924,0.820447853735738
04240010,dam,0.7814253940607476,0.8579457284601392,0.9052499393885378,1.091797164197901,0.94732056642229,0.7954715917463338,0.8733951188072469,0.9081444796930933,1.069396336620443,0.9473169116827729,0.7965297455256044,0.8750106919395236,0.9082043271979777,1.0664837631505495,0.9473142256239659,0.7940867123761045,0.8718682380704846,0.9078591299132828,1.0717729338352926,0.947307928077372,0.7884506304410558,0.8838015126749617,0.8970004974512716,1.0105779296792365,0.9472619839675142,0.7126068730511814,0.8184220277455654,0.8486655251874514,0.9146800365212384,0.9471895789334611,0.7818788987165332,0.8796560596781515,0.8919749824532301,0.9943516153561159,0.947261443827846,0.6874671612730847,0.7900507060415833,0.8327248831201399,0.8846372864716263,0.9471872587926249,0.7954715917463338,0.8733951188072469,0.9081444796930933,1.069396336620443,0.9473169116827729,0.0644544378132592,0.8602797577930141,0.7946482181931284,0.872740135527939,0.9078888081148669,1.0702502105024922,0.9473168968330162,0.0644544378132592,0.8596215378459635,0.7929772452504875,0.8697209042305735,0.9079397957305002,1.0756442443537082,0.9473168918863563,0.04576265084741403,0.859452896021031
04240180,dam,0.6142009979196933,0.7327235702593162,0.7916477317035854,0.8673530739775414,1.1021313625066167,0.6606497468800001,0.7134167149649493,0.8170301927675925,0.8043125941852859,1.1017765597194373,0.6319451121741295,0.7335296142630197,0.8010258129133511,0.8551222300038562,1.1021086240675428,0.6298004062070246,0.7331890120949842,0.7998372589007638,0.8561323086414636,1.1021032209367343,0.6248796527188429,0.7335239674943974,0.797269623198188,0.8604189652793729,1.102112707182022,0.6393897756646045,0.7315448591628448,0.8049097459607639,0.8464174219324408,1.1020801015620831,0.6274425560902137,0.7331436199021506,0.7985759091975848,0.8578222256296598,1.1021084899430253,0.641792974817711,0.7279522970446433,0.8060025208005754,0.8388887875206771,1.102069133243098,0.6606497468800001,0.7134167149649493,0.8170301927675925,0.8043125941852859,1.1017765597194373,3.7478133267479534,0.7331062737921952,0.6480804135685418,0.7156146462285733,0.8092246926639797,0.8152830109478865,1.1017813612901102,3.7478133267479534,0.7268259852779021,0.6403678374553834,0.7165008092433953,0.8046018784438714,0.8215866094054706,1.1017842193493175,3.7478133267479534,0.7226068461297048
04266500,dam,0.8660620605203708,0.9052578125014047,0.9359354978134281,0.9797034494122171,0.9332177292551138,0.8613039710989588,0.9011091789210012,0.9331278655382013,0.97088808953809,0.9332167027209692,0.8507129628595979,0.8989419211800057,0.927934580045693,0.9763929393109523,0.9332016674817315,0.8519773433854297,0.8985834482107288,0.9284436549137477,0.973486324201297,0.9332015610185059,0.8642885359597138,0.9045098759066357,0.9350063273191234,0.9791671834413131,0.9332154204546491,0.860118920918557,0.9026913769275827,0.9328126660850208,0.9777724541415276,0.9332110301714694,0.8609673705516588,0.9028824381959799,0.933227731757828,0.9773593906088657,0.9332116191920243,0.8476232594055101,0.8961485478131505,0.926076017319574,0.9707055023720034,0.9332002895612199,0.8613039710989588,0.9011091789210012,0.9331278655382013,0.97088808953809,0.9332167027209692,0.0499999999999999,0.8872277835124582,0.8610808635967796,0.9011535802659215,0.9330279757094041,0.9712710331840803,0.9332167002735322,0.0499999999999999,0.8871475049935375,0.8610057641703379,0.9011699168809881,0.9329946174024332,0.9714053361858227,0.9332166994405138,0.0499999999999999,0.8871189199271745
03014500,dam,0.7068560364362345,0.7835875301742263,0.8408428230668087,0.8533686081022265,0.9983921950150063,0.7492257151912185,0.7701187035782933,0.8673296797473806,0.8122732797700983,0.9983644327234052,0.7313184074426251,0.7598960156932981,0.8565848297425749,0.8074402663912637,0.9983383103420963,0.7123364628728575,0.7625576611135773,0.8443331549398735,0.8207129389640342,0.9983125789004403,0.7122208358877623,0.7832031943146744,0.8439523175672945,0.8495096678474053,0.9983765187577204,0.716755674094266,0.7789708006814593,0.8466363710928276,0.8408435181880145,0.9983511892014421,0.7131744572098782,0.7745886552305401,0.8445344399479329,0.8367885410091941,0.9983405896933322,0.6955502217223356,0.7414323870162272,0.8346703762871882,0.801202837500567,0.9982638579320273,0.7492257151912185,0.7701187035782933,0.8673296797473806,0.8122732797700983,0.9983644327234052,1.0528435700809526,0.768195532713194,0.7411014494166069,0.778823001956432,0.8615466775375918,0.8275259778676545,0.9983709965696514,0.7475189347574763,0.7616144976432413,0.736901000617949,0.7798035921370758,0.8588853075891961,0.8309720517293459,0.9983707900833522,0.7475189347574763,0.758326731687488
03030500,dam,0.8697404613077879,0.9198711967809494,0.9333673639516159,0.9638990469839737,1.0260276412664606,0.8655546073155914,0.9146668097441568,0.9309874733411535,0.9570856762235956,1.0260266274844796,0.824232519829518,0.872363911618532,0.9081762639126405,0.9152503080627972,1.0260165767315776,0.8241787779959376,0.8710870535561511,0.9081343475487134,0.9133843636195663,1.0260188622915485,0.8605822234332009,0.908722547348381,0.9282023257927069,0.9500065898067728,1.0260254928530406,0.8366130318819563,0.8835292218770262,0.9149918575220484,0.9247542244803217,1.0260217435130978,0.8569115060969011,0.9044022691577593,0.926160715445089,0.9451419761034323,1.026024669311405,0.8238492016429034,0.8700488010328666,0.9079469477298202,0.9120424825138673,1.0260197001984206,0.8665135600451505,0.9157711941175565,0.9315252122911349,0.9584270538644136,1.0260266274844794,0.012499999999999975,0.8379980320538185,0.8664524892406813,0.9157667778596681,0.9314945229765197,0.9584686829919964,1.0260266217075635,0.012499999999999975,0.8379460716704248,0.866431832735655,0.9157654317181003,0.9314841520833638,0.9584830619875634,1.0260266197569696,0.012499999999999975,0.8379284817032536
03036500,dam,0.8598036959864179,0.9153548848474298,0.934688899012845,1.050376924876197,1.0190110769567517,0.8694855709736871,0.9303373972858213,0.9365792858186935,1.0216633983831307,1.0190102183085912,0.8708552837689529,0.9310646953646757,0.9372086012583704,1.0211663706000629,1.019007925316968,0.869662934900988,0.9294640298293224,0.9369776405675332,1.0253433191841206,1.0190058273225733,0.8640824315420237,0.9210097936993813,0.9358431866789081,1.0419760416300583,1.019009679770277,0.869749394450572,0.9294050483911496,0.9370490366507276,1.0256818501461098,1.0190069981619208,0.8642876219173005,0.9213476454514004,0.9358830097172989,1.0413986010359413,1.019009478304088,0.8701180891023181,0.9300278495284096,0.9370860915390269,1.0240145367323916,1.019006419686827,0.8694855709736871,0.9303373972858213,0.9365792858186935,1.0216633983831307,1.0190102183085912,0.1071071505329564,0.8800306789201198,0.8669383900546453,0.9268508490439783,0.9360684778472466,1.0300361522003483,1.0190102162485428,0.07604607687839904,0.8774127825516794,0.8661346364854826,0.9263510465147875,0.9357222557950438,1.0305147776358783,1.0190102155490703,0.07604607687839904,0.876640872790213
03042280,dam,0.8039123404486397,0.8248538434089413,0.8977165951259579,0.8656099408598154,0.9535931765761745,0.791010079856501,0.7950247823406761,0.8919297746114434,0.8321284412427036,0.953580112027824,0.7864465665129803,0.7867412074252341,0.8898391484725056,0.8233940568363772,0.9535862063555284,0.792409905641435,0.7934027047039177,0.8929675135662749,0.8294946330695789,0.9535843871160408,0.7969282086744087,0.8015518067508534,0.8950560335709865,0.8380918696123502,0.953586568448643,0.7599013868946789,0.7540255282171371,0.8762803655706991,0.7925351908781626,0.9535753750518311,0.7937116740269334,0.7949464190974284,0.8936414830394953,0.8309425112570433,0.9535844593820711,0.7445793815680337,0.7362977868974279,0.8683345663064628,0.7762873133640306,0.9535704339498674,0.791010079856501,0.7950247823406761,0.8919297746114434,0.8321284412427036,0.953580112027824,0.2957670210385463,0.8154797451900107,0.7893298599110236,0.79532786796561,0.8908450198095944,0.8332036230335339,0.9535797397465773,0.2957670210385463,0.8155182499069092,0.788682465104587,0.7954774496610962,0.8904250965165756,0.8336631081776968,0.953579610701513,0.2957670210385463,0.8155120325400557
03091500,dam,0.5523522997124718,0.6225464100422642,0.7434852776767835,0.7231109641826495,0.9980323497354365,0.5645159876026908,0.6185993701514311,0.7525628067098052,0.7097632989283282,0.9980167762131046,0.5585771527391532,0.6243514774037683,0.7478439800180026,0.7215663971850391,0.9980294825423993,0.5581364271462254,0.6241654527426318,0.7475376296947351,0.7215929700903454,0.9980291654349218,0.5536952790762086,0.6071937352572299,0.7454445082961034,0.700844066803151,0.9980022768767799,0.461824928520547,0.5259224936912517,0.6802528568941812,0.6499898928613596,0.9979576081703367,0.5525334383245042,0.6045023709282902,0.7448095634110228,0.6978539212566026,0.9980093280381541,0.4644274531927223,0.5205275887181997,0.6828066173874687,0.6404474361204749,0.9979739163728614,0.5645159876026908,0.6185993701514311,0.7525628067098052,0.7097632989283282,0.9980167762131046,1.3572088082974532,0.49982744985593897,0.5672124625544315,0.6217924766201745,0.754297036696483,0.7124812199589259,0.9980161429829054,1.3572088082974532,0.5026767539380395,0.5682561287311172,0.6230408376959511,0.7549664459019284,0.713551347302454,0.9980158682507525,1.3572088082974532,0.5037298756503379
03209000,dam,0.402497744073928,0.6635339961121306,0.6803686943224109,0.9212697499968433,1.0696185890229883,0.48576000738000735,0.6412867408278522,0.7059079864350852,0.8067755936782357,1.0696377675176347,0.49885738494214915,0.6917302126012435,0.7247665333239918,0.8798749784868654,1.0696188182235966,0.4799209553640834,0.6861168163832954,0.7154297013582603,0.8873254706724638,1.0696193114669141,0.510259023959151,0.6715689626228213,0.7245064175928038,0.8353158978066242,1.0696374816450227,0.4494595716738129,0.5807481627926241,0.6756227442494244,0.7436848635864314,1.0696710111795384,0.5047275677903525,0.6812927722879243,0.7242330219613196,0.8561982659716385,1.0696270932164142,0.4856366796870756,0.621719843103935,0.7025291545938123,0.776942397076833,1.0696583018226127,0.48576000738000735,0.6412867408278522,0.7059079864350852,0.8067755936782357,1.0696377675176347,1.7495626146803187,0.5240279579433079,0.4762075126800386,0.6408258434701692,0.7009247523693269,0.8136913844653764,1.0696359874715562,1.7495626146803187,0.5270596576119144,0.47012390882463106,0.6403986092824068,0.697804235865143,0.8179509482355369,1.069634927275304,1.7495626146803187,0.5274106222101898
03221000,dam,0.860570125653337,0.8769150275544402,0.9282688765312884,0.9190986150590329,0.9411822961815566,0.8811608881160882,0.8389572956811816,0.9427637628353425,0.8614391000611681,0.9411812718796942,0.8803624976653411,0.8484275420903389,0.9412871197969161,0.8732428339301811,0.9411813928677101,0.8822319271010868,0.8471306676189673,0.9425273321790152,0.8711345757156993,0.9411814003890898,0.8778330727510267,0.864698515163739,0.9384933450704265,0.894815185126476,0.9411818232321518,0.8791366935961756,0.8312662581203698,0.9424561027402043,0.8526903709593385,0.9411812212915089,0.8789942788379898,0.8618755528886806,0.9393551261655118,0.890725216489058,0.9411817727567089,0.8743208052167637,0.821717866783356,0.940748295727414,0.8424750920236788,0.941181143056646,0.8811608881160882,0.8389572956811816,0.9427637628353425,0.8614391000611681,0.9411812718796942,0.4914907944250637,0.8993629630492281,0.8800832683452069,0.8410467574335063,0.9418805737482148,0.86424797888656,0.9411811732675497,0.4914907944250637,0.8986715966759847,0.8795230547510328,0.8419389691649026,0.9414471551936646,0.8654816171742256,0.9411811380960392,0.4914907944250637,0.8982450254032402
03225500,dam,0.3210062416585836,0.5885047241474217,0.6252026442936085,0.8809587176030028,0.8788204749565155,0.38767540784579835,0.5383553187671242,0.6355179455548733,0.7439026060778169,0.8788275257150808,0.36527456818309345,0.5835892709041477,0.6383873229356509,0.8328172289984448,0.8788220805066551,0.36029631646351234,0.5837724277819202,0.6364990843651501,0.8374318075828006,0.8788222007899673,0.37691803230834586,0.5737273015118167,0.639783441811615,0.8069485120214559,0.8788242281948185,0.40103651511934035,0.5230573581998701,0.6406372612473935,0.7107756956402888,0.8788306667050034,0.38487160102717055,0.568192345614134,0.6417231923782961,0.7916444941229092,0.8788242488064312,0.39552883919783133,0.50175415349293,0.6343854020501268,0.6839416211572669,0.878830736196002,0.38767540784579835,0.5383553187671242,0.6355179455548733,0.7439026060778169,0.8788275257150808,1.7495626146803187,0.5027752201933422,0.36961162301243067,0.5345833921732877,0.6248299296169109,0.7526595461517717,0.8788276557137557,1.7495626146803187,0.503518325785173,0.36690801977012144,0.554310078146535,0.6289991092576297,0.7847916334646791,0.8788257268092169,1.2421894564230263,0.5023992192746883
03228500,dam,0.6768219294461106,0.7724236941637372,0.8235359523736364,0.8582615033844984,1.0236983849782664,0.6868737165646479,0.7291481419340484,0.8298153040837227,0.7906368825695054,1.0237693784825668,0.6699642650711732,0.7170831993096148,0.8194126212905957,0.7835088401962876,1.0237000525440931,0.6794880188291741,0.7294116991617725,0.8249659791774532,0.7950136602465999,1.0237006459767446,0.6209441478549315,0.6486702615640556,0.7915190120524473,0.7182093100647641,1.0237122297497574,0.4575660108119851,0.49329934354409954,0.6805070080776197,0.6074376761581141,1.0237614238879846,0.6489287812933189,0.6820235775757362,0.807922548527077,0.7477039127182298,1.0237053199875077,0.5165789114069251,0.5493386275949219,0.7230594396390471,0.645265617691298,1.0237300782353005,0.6868737165646479,0.7291481419340484,0.8298153040837227,0.7906368825695054,1.0237693784825668,0.6335752569011934,0.5449446364470076,0.6894688939144897,0.7409643684308649,0.8308477081693583,0.8052609009296388,1.0237411853985032,0.44983843239984733,0.5430649462972033,0.6879040043090419,0.7408614617086858,0.8298540686021519,0.8059908310782492,1.0237399753750769,0.44983843239984733,0.541936422934657
03228805,dam,-0.10090622008517425,0.322828853829354,0.3801606012504872,0.8647483867548739,1.2367844633384963,0.10794423701631328,0.3370377835331517,0.44466407545309355,0.7260497857153273,1.2367956745036754,-0.001356227312559799,0.34494383687016417,0.4160861075770574,0.8209076496260347,1.2367890899669982,0.0008568024366299998,0.3457961548192998,0.41719321798011655,0.8204176896598463,1.2367891882956954,0.14003808424209574,0.34215650941976405,0.4603048638735302,0.7077639803494404,1.2368234088071066,0.1901934301684176,0.2790497640631625,0.4633333360998061,0.5810286744732415,1.2371100228627396,0.13026324574898873,0.3438291314485452,0.45701709235507326,0.717777311054414,1.2368124248964876,0.17925944566950025,0.2811921947650826,0.45667918512155514,0.5933592246625657,1.236918620668431,0.10794423701631328,0.3370377835331517,0.44466407545309355,0.7260497857153273,1.2367956745036754,1.7495626146803187,0.3910737585075208,0.10634706089000923,0.34203152437045337,0.4467006566120644,0.7340861674981767,1.236795661305145,1.7495626146803187,0.400249357907444,0.1035096514008621,0.3441987560962899,0.4468111308257943,0.7392603591958252,1.236795663475341,1.7495626146803187,0.40332739744098545
03232500,dam,0.7504290078879967,0.8483196614213879,0.8726730560200201,0.9712734205203367,1.0772629152921378,0.7450556481652065,0.839417771758955,0.8679749624742606,0.9511475688011305,1.0772624194492115,0.7122133254902668,0.8076568531988935,0.8472583892188926,0.9122686758780846,1.0772599587442302,0.7160595874054414,0.8101983171015515,0.8494852537516175,0.9139716241744035,1.0772600061201016,0.722857491181911,0.8165785951160159,0.8536832894694696,0.9208438688254625,1.0772602024759113,0.633762847738345,0.7393428481091452,0.7988373826060056,0.8533470499614451,1.0772571319687618,0.7128812726892954,0.8071421384591045,0.847514923211086,0.9107063557091392,1.0772599586076994,0.6063656085920344,0.7152673202211657,0.7814162789383444,0.8346965612692946,1.0772569023756486,0.7450556481652065,0.839417771758955,0.8679749624742606,0.9511475688011305,1.0772624194492115,0.0499999999999999,0.7994426163024764,0.7450037958116659,0.8394141448689733,0.8679520756974699,0.9511975266002437,1.0772624174202599,0.0499999999999999,0.7996057008176369,0.7449899561890592,0.8394168709507871,0.8679468290950118,0.95122069757215,1.077262416761492,0.0499999999999999,0.7996607274934734
03266000,dam,0.7512813141064477,0.821957355177777,0.8720397901424951,0.9428471073544507,0.8901869091102437,0.7908189570845117,0.8153678874428429,0.8916418878076631,0.8985663737848805,0.890187632835445,0.6616803842487806,0.6400286032421787,0.8246543388193234,0.7054145895079758,0.8902150214549651,0.6430227401643338,0.6218333220050228,0.8140516898348319,0.6895496640527286,0.8902099676532451,0.7896368994213615,0.8116763387551474,0.8909535251379331,0.8926868336939476,0.8901885614237198,0.7805212563644799,0.7597557591815771,0.8886661668740644,0.8176140236444117,0.8901936774282762,0.7927880578646214,0.8015511108417634,0.8929172942569661,0.8740762792012752,0.8901889246064238,0.7516101362573894,0.7250367579997606,0.8742872062753206,0.7814959338947038,0.8901953960861806,0.7908189570845117,0.8153678874428429,0.8916418878076631,0.8985663737848805,0.890187632835445,0.2294388339057876,0.8316979870015603,0.7897345260207161,0.8161636841640785,0.8910583808096859,0.9006583924931006,0.8901876161525376,0.2294388339057876,0.8303645727768647,0.7832920414298938,0.8200595754717459,0.8877209202088876,0.9121754184101171,0.8901873983131658,0.16290157207310918,0.8297877239557262
03270000,dam,0.8712167723541078,0.9150372387554008,0.9395903193402725,1.0360753430950074,1.0476225881433803,0.8726170851196635,0.9187756522607282,0.9393301774030884,1.0254721365170782,1.0476207680847838,0.6574405938714236,0.7337878102790732,0.8122637926753513,0.8173687113870944,1.0476430355346593,0.6372057055648206,0.717642099741667,0.7997250480840876,0.8067469706276633,1.0476360589447582,0.866787329003836,0.9184154827133915,0.9341150230554833,0.9931061097240401,1.047620138080149,0.8138376899158013,0.8732053150753,0.9038570703106368,0.9324292534473182,1.0476195695719035,0.8660676863948104,0.9178877317538926,0.9336550595874673,0.9914517783455137,1.0476203883302515,0.8103714333829479,0.8701333365884807,0.9019059743436515,0.9294640167473267,1.0476191921681908,0.8724614928102578,0.919410777957597,0.9390095310306338,1.0225187825368758,1.04762026708612,0.1171533624178172,0.845380850068818,0.8725016934468718,0.9187138427781794,0.9392805534080461,1.0255511467963088,1.0476206579002314,0.0830874910764661,0.8452629780858392,0.8724597021357721,0.9186911230329087,0.9392625700918311,1.0255807482096455,1.047620619513343,0.0830874910764661,0.8452354301130777
03272000,dam,0.8344251417186003,0.9143856087051052,0.9162534558739462,0.9874044619932032,0.987442421966891,0.842550328834637,0.9133619689624028,0.919368413252988,0.9708966821108883,0.9874424314226021,0.6502925929730935,0.6687646971091253,0.810589375354966,0.7285542032174616,0.9874452972205482,0.6565526158530399,0.6731379923574347,0.8145886577141234,0.731106374028195,0.9874451561693108,0.8485949534520073,0.8960632150215155,0.9212881714448977,0.9332945810903285,0.9874425159661209,0.8060321601436482,0.8224338363878251,0.8989055716944259,0.8545628018971575,0.9874429130165736,0.8427011304540392,0.87801200857903,0.9180361074835232,0.9105276516445032,0.9874425617969771,0.7617068481992363,0.7730666103422307,0.8751359410879195,0.8109231430970227,0.9874432361949216,0.842550328834637,0.9133619689624028,0.919368413252988,0.9708966821108883,0.9874424314226021,0.0499999999999999,0.8472471596197659,0.8426326195854333,0.9134251267335737,0.919414059466278,0.9709582656944973,0.9874424310504865,0.0499999999999999,0.8470680758126996,0.8421897471118381,0.9140838825883517,0.91931278735504,0.973289318712833,0.987442434477395,0.03549999999999993,0.8470087473292248
03284000,dam,0.8401406873846351,0.8539764653070723,0.932787844255733,1.0959762761637823,1.0871432912974857,0.8588374487915482,0.8836934798113343,0.9345645766465175,1.0406375025386507,1.0871435906786504,0.8615012983055585,0.8854014937417634,0.9354948764026417,1.0371180277559275,1.0871444701734931,0.8585613907519449,0.8801194201486648,0.9355548436187664,1.051223831444804,1.087145248502744,0.8521932559253034,0.866443496671863,0.9358431947255373,1.0782762085454247,1.0871440135291377,0.8586268781252053,0.8820272969984537,0.9350012189133744,1.0458084228043867,1.0871453126158745,0.8554668247643493,0.8702317294220073,0.9365903889123384,1.0722836315982975,1.08714414422941,0.8574750715765145,0.8859844171622486,0.9328583211979303,1.0299530474894876,1.087145642711293,0.8588374487915482,0.8836934798113343,0.9345645766465175,1.0406375025386507,1.0871435906786504,0.1071071505329564,0.905746387780684,0.8543215042356631,0.8814971697386185,0.9327346181434099,1.0438666568907407,1.0871435918290895,0.1071071505329564,0.9041166540156831,0.8522627187004961,0.8804592222839925,0.9319128244920926,1.0453886373831522,1.0871435922188433,0.1071071505329564,0.9031550744265365
03320000,dam,0.7454256355189386,0.8415370198752194,0.8880151342509409,1.0807534903609681,1.0777739011990066,0.8128360393769225,0.8722160052301755,0.9065172235941255,0.9607430198625297,1.077772805949574,0.7885424232024153,0.8710876955109994,0.8998828764234744,1.0233726018570224,1.0777731656669614,0.7860305444244243,0.8684180686221051,0.9003085223786644,1.036425857322299,1.0777725586125806,0.754715380586104,0.8473476377154285,0.8910405461903625,1.0733609628710363,1.0777737119031872,0.7698457412754938,0.8571822029258203,0.8958297791736887,1.0591336875517305,1.0777733582318099,0.7542631284147607,0.8470585218163961,0.8908954894368974,1.0737465347847666,1.0777737110533556,0.7689577142944963,0.8565524608349553,0.8955758290586917,1.0602004519241868,1.0777733540735588,0.8128360393769225,0.8722160052301755,0.9065172235941255,0.9607430198625297,1.077772805949574,1.3572088082974532,0.8434466001584502,0.796990537228749,0.8688697908973004,0.8988842830083086,0.9696332780300305,1.0777727826001644,1.3572088082974532,0.8347689069447326,0.8011090059877279,0.8759282827885556,0.9033525062315368,0.9979024956448007,1.0777730894046997,0.9636182538911917,0.8292956016433097
03353500,dam,0.8323680252727605,0.8579696216230862,0.9198011491759213,1.0263088141966554,1.114230551972545,0.8395949116489871,0.8612389001170153,0.9215199402725728,1.006853726050411,1.1142302477680104,0.8326370615837789,0.8264903238350751,0.9138397273562031,0.9018491598449198,1.1142297146877973,0.8290587353443788,0.8272129601215655,0.9118267849269958,0.9049609146222687,1.1142296701571257,0.7776770252844041,0.7792726596772512,0.8837792688798997,0.8511200890898009,1.114228160062373,0.58403925032866,0.6084703836821918,0.7682883276484679,0.7057924026813638,1.114223601020199,0.6922104685833009,0.703474753761312,0.8351000582274603,0.7816252101149763,1.1142264505401414,0.46252296596170805,0.49387530003276714,0.6847868568357941,0.6208481125878573,1.1142222945193851,0.8403373387976156,0.8614325833125238,0.9220418410225418,1.00865350448783,1.1142303430633258,0.03549999999999993,0.8473708472826789,0.8403608948289517,0.861438959692107,0.9220546626795665,1.008666835129489,1.1142303473252517,0.03549999999999993,0.8474156862511895,0.8403675889520807,0.8614407234399117,0.9220585931430765,1.0086739639307423,1.114230348715859,0.03549999999999993,0.8474315642717849
03504000,dam,0.8030192817540408,0.8660452506024721,0.8975306337147246,0.9215322505002563,0.9641291741425702,0.7978112410534076,0.856126086191181,0.894423490214034,0.9090840075129761,0.9641170518744527,0.6321351030926166,0.6817894735658561,0.7973155303053538,0.7573450234601917,0.9640068445595529,0.6200779757232329,0.6720611502140269,0.7896531006857034,0.750997486322137,0.9640025093942112,0.7567570226377839,0.8024937681776795,0.8712084696498821,0.8546371423457666,0.9640682183391645,0.6658709707728423,0.715273260989475,0.8179216410313748,0.7840808909219849,0.9640038135656522,0.7642255846088062,0.8115292566423161,0.875412035446217,0.8632216754733825,0.9640729888546993,0.6835774891283036,0.7319595862697443,0.8285816334027907,0.7971062218289611,0.9640066427613004,0.8013886662207644,0.8608363513886719,0.8964758867691143,0.9141963577736005,0.9641250218779162,0.012499999999999975,0.8055648584389027,0.8013403353319379,0.8608323650094981,0.8964499341101494,0.9142212003651499,0.9641250502960438,0.012499999999999975,0.8055003854651777,0.801323865036113,0.8608312706635047,0.8964410985947019,0.9142300878042571,0.9641250599053188,0.012499999999999975,0.8054783799374299
05292000,dam,0.5612155068273434,0.7210301545147518,0.8072697117039472,1.099176614019073,1.1756223502151575,0.7779232267142691,0.7937540639555063,0.889962931938269,0.9846329331782155,1.1737615695271604,0.7537089712339482,0.7619344682642871,0.8716469227724153,0.9011530363959533,1.1744418606673228,0.786352430623129,0.7529625226731016,0.8900730825950077,0.8630706941984542,1.1737640735209112,0.5965223745830261,0.7341006516279662,0.8203572397062908,1.0872041136260084,1.1755744420621388,0.6546537920991722,0.7555097103063606,0.8419888738869884,1.063444358396401,1.1754502754818204,0.6586966482046587,0.7570599401592094,0.843317841389978,1.0606609459539689,1.1754731417759439,0.7619981235607027,0.7893531031232377,0.8830004325435805,0.9946452706846873,1.1750843889465301,0.7779232267142691,0.7937540639555063,0.889962931938269,0.9846329331782155,1.1737615695271604,4.831264020091606,0.7391581677959008,0.7341325916363892,0.7830539021131301,0.8732091956004746,1.0254860620563908,1.1741842758371674,3.43019745426504,0.7241842751301548,0.7264932976948901,0.7806279888569951,0.8704269286905443,1.0316005454795407,1.1741732011239296,3.43019745426504,0.716398857052682
05356000,dam,0.4625548071146306,0.5308767163129039,0.6882452350561472,0.6642656373868734,1.1008367968200319,0.3837845631105248,0.478395770836024,0.6282747290975867,0.6482485644842148,1.1008078492323758,0.4363729202901703,0.48483661154790547,0.6703289155449932,0.6165998439796734,1.0985627375801454,0.4225539709721151,0.4807459022760113,0.658936265126767,0.6212534070271016,1.0992540430858926,0.4658305460560669,0.5274262888416561,0.6910004684572147,0.6568667309029044,1.1005224433798204,0.4588149723553585,0.513225916149006,0.6864399014739765,0.6413120426371995,1.0998600148419113,0.46339109454650484,0.5266051260073046,0.6891271266420769,0.6574493645791665,1.1005973434317822,0.4513254989524532,0.51020196854069,0.6805661751364276,0.6424375733048111,1.1000662489068689,0.3837845631105248,0.478395770836024,0.6282747290975867,0.6482485644842148,1.1008078492323758,0.4914907944250637,0.493373567156292,0.37686320397826123,0.4778397476474673,0.6231342694692981,0.6529246483040554,1.1008079884411812,0.4914907944250637,0.4939870268087636,0.3742816003611211,0.4780631438381203,0.6212763196526185,0.655291143221834,1.1008080345159597,0.4914907944250637,0.4941473200979778
05360500,dam,0.8245724538433163,0.8366832600746474,0.9188577312312174,0.9698660337366206,1.138492721238834,0.8204160671738614,0.8354005795531225,0.9166495782757056,0.9687539203634258,1.1384534539734386,0.7565447120128086,0.8091190419313424,0.8814404001273712,0.9408741093848808,1.1374164855110904,0.7494928664407781,0.8054553744239304,0.8774570845538145,0.9372234638243067,1.1374407207499437,0.8127194451900972,0.8326604909918944,0.9124741279402953,0.9653704812111347,1.1383565301086784,0.7881276689784301,0.823300252097971,0.8990706093303024,0.9555097736383201,1.138045929914542,0.8063363472395182,0.8303168319446079,0.9090100818337066,0.9627414317369858,1.1382932080920678,0.7693220335618968,0.8150387217140571,0.8886407838689416,0.9469507517430916,1.1378244416176722,0.821190880997708,0.8355578879010399,0.9170385007146007,0.9685478307471392,1.1384534539734386,0.012499999999999975,0.7262373839492935,0.8211713057765232,0.8355568470791399,0.917029434504478,0.9685669927834144,1.1384536090581563,0.012499999999999975,0.7262153744611477,0.8211647528436034,0.8355565142087106,0.9170264034882996,0.9685734796604197,1.138453660552726,0.012499999999999975,0.7262079853901642
05369000,dam,0.7408719778351218,0.8369655742953289,0.8706094811349047,0.9396074530968299,1.078683275676739,0.7555092935421678,0.8380466056571447,0.8777384939782403,0.9286425367472843,1.0786710780566844,0.7608687096038399,0.8367188030329371,0.8802746594883715,0.9216019436648467,1.0786151186810877,0.7603388053863038,0.8381129188479766,0.8801282065594506,0.9247456941992871,1.0785809750494408,0.7505842823391123,0.8387794315557714,0.8754377107999872,0.9345008840822489,1.0786522320899132,0.7606928114586544,0.8377948791525835,0.8802764630137991,0.9238323551714952,1.07858285946641,0.7525836508314278,0.8388979920438998,0.8764114520638375,0.9329568620934494,1.0786444241263262,0.7624442545082297,0.8360777399720369,0.8810131863621654,0.9191186932351136,1.0785548198966475,0.7555092935421678,0.8380466056571447,0.8777384939782403,0.9286425367472843,1.0786710780566844,0.0499999999999999,0.7586711042849563,0.7559281649167671,0.8384349845827569,0.8779888683775946,0.9290958861493585,1.0786711167204923,0.0499999999999999,0.7588469851034199,0.7560690427851207,0.8385730840176574,0.8780739483409634,0.9292642909997024,1.078671129409927,0.0499999999999999,0.7589066995924386
05391000,dam,0.2285799579346932,0.512994097683914,0.5911913331329944,0.7707959868995752,0.867652944257203,0.27972263724430246,0.5323744789022385,0.6225542789184892,0.7580680605570711,0.8670440212077911,0.23358315672933472,0.5140036802375584,0.5938908698592137,0.7681869289581548,0.8675972155387972,0.2346018477152556,0.5140923352791567,0.5944267082282791,0.7674599553704466,0.8675549499618826,0.2319440241321432,0.5136816531856895,0.5930165643243386,0.7690442644548235,0.867601111210761,0.23885648924528946,0.5149265570929918,0.5967579849864465,0.7651970410800454,0.8674870088485597,0.23127176752644274,0.513524574255465,0.5926433866706444,0.7693651504210623,0.8676123284068143,0.23681453924530316,0.5145087476036366,0.595627151509683,0.766259607609791,0.8675244002750406,0.27972263724430246,0.5323744789022385,0.6225542789184892,0.7580680605570711,0.8670440212077911,0.8167347399191549,0.38065711043996764,0.2791178974465319,0.5330948743990304,0.622437923042625,0.7596453081307722,0.8670455098443867,0.8167347399191549,0.37927074710980235,0.2786750081100412,0.5333374464068215,0.6222752815948903,0.7603713099817786,0.8670486293713449,0.8167347399191549,0.3786571389242428
05398000,dam,0.9096585733273446,0.9173645753760574,0.9563640467958173,0.9826634830722406,0.9320002781508984,0.909725558133596,0.9160202846948936,0.9562757141133111,0.9774461576851656,0.9319404407649932,0.8950510295137704,0.9043901697652454,0.948375943224272,0.9570678534949404,0.93193365592304,0.903701323875136,0.9094761242678562,0.9529486183285545,0.9634294694316868,0.9318579729217815,0.9087738696522881,0.9150248862939437,0.9557345513628795,0.9748831328614516,0.9319523476418463,0.8999719055171528,0.9066141157334311,0.9509686876784909,0.9591311749375188,0.9318340779399857,0.9078095331261927,0.9138314426155668,0.9551865665308595,0.971988694144138,0.9319401498189231,0.8933932898734532,0.9007455270027013,0.9474768407774006,0.950610450990171,0.931783868448477,0.9097721351642925,0.9163217974267928,0.95632048983798,0.978446704052526,0.9319588550089778,0.03549999999999993,0.8866440704061066,0.9097487209867373,0.9163348741305353,0.9563100703778812,0.9785167051134905,0.9319594872360081,0.03549999999999993,0.8866489464333882,0.9097407395252531,0.916339444444821,0.9563065320989159,0.978541065634078,0.9319596916934,0.03549999999999993,0.8866509120514345
05464500,dam,0.7719272122778895,0.8738356785929197,0.8886990538091213,1.014530035409425,1.0576056719787648,0.8734713739109392,0.8998418015846545,0.9357725822438736,0.9490733236293599,1.0575584672487708,0.8272564977048567,0.8967181523020812,0.9143397591038969,0.9964155476578997,1.0575900589939349,0.8213275429858979,0.8944275906410408,0.9115289512428887,0.998326640208577,1.0575813078757414,0.7903401434483641,0.8817795076743086,0.8971710705030288,1.0092019146004254,1.057598791931101,0.8209950099804261,0.8943096724280448,0.91138429573411,0.9985773790256475,1.0575819281484289,0.8013594424190882,0.886411969935578,0.9022586551967805,1.0056350055767653,1.0575944164144755,0.8434653152138506,0.9022719010914597,0.92189811119856,0.9882928164471354,1.0575657722538705,0.8734713739109392,0.8998418015846545,0.9357725822438736,0.9490733236293599,1.0575584672487708,1.0528435700809526,0.9026449433201913,0.8784214639731966,0.9053114514270857,0.9384971958515039,0.9567549937442985,1.0575603661095134,1.0528435700809526,0.9048263589315625,0.8797745742767564,0.9075321992586212,0.9392828470303032,0.9606244160922626,1.0575611405474779,1.0528435700809526,0.9053087526332425
05483600,dam,0.7455326040933838,0.8023773433356508,0.8700497457367797,0.9464516590085127,1.1389252353644184,0.7421089441912481,0.7997184031904494,0.867881516665417,0.942006085386422,1.138903312594574,0.6982287096667281,0.7694090237451263,0.8414467964176924,0.9062727970524079,1.1387382117211546,0.6936233498151392,0.766388308287125,0.838704472040107,0.9035133425176979,1.1387389638601342,0.7361951021380634,0.7950146327502897,0.8641587424499443,0.9345990110692582,1.1388843554206125,0.7105842571394021,0.7775623292355712,0.8488065267129823,0.9142426606295736,1.1387974414555895,0.713668409027066,0.7797046113063997,0.8506597513181056,0.916583369397532,1.1388135949474179,0.6408402579152981,0.7306415152394545,0.8067692107241433,0.8734604284668118,1.1385770263229935,0.7426606549767714,0.7999507207143808,0.8681848780644941,0.9421360687717556,1.1389109543363531,0.012499999999999975,0.7986599291717893,0.7426350066478898,0.7999501203264103,0.8681732009733749,0.9421606887083246,1.1389109912322137,0.012499999999999975,0.7986242397153712,0.7426263473666792,0.7999500054344157,0.8681692792565009,0.942169260185258,1.1389110036189338,0.012499999999999975,0.7986121846809752
05592000,dam,0.2899018126300469,0.6081285470461548,0.6192983560064707,0.921987505302741,0.9495664340751931,0.6656985891160059,0.6539291150503497,0.8261964902118618,0.7059587426456834,0.94434807848195,0.5593288413784131,0.67064898227239,0.7503600104237076,0.7912651705184044,0.9491891798545797,0.5469199259932818,0.6695493431135341,0.7429918635795142,0.7985674984531409,0.9493107331781139,0.5606482541209654,0.6734633298113213,0.7513650153598521,0.7945158196442871,0.9491758618917727,0.6104193670073219,0.6278101801364679,0.7876873229487288,0.6987265663421297,0.948203211051573,0.5536750554938028,0.6692722558986899,0.7468966192611227,0.7932474719588294,0.9492761246997284,0.5895461247432882,0.6176678652092228,0.7729457014322946,0.6967206444094831,0.9485622777700924,0.6656985891160059,0.6539291150503497,0.8261964902118618,0.7059587426456834,0.94434807848195,28.578571341464123,0.6759104537988201,0.6509774108715813,0.6539511892928811,0.8147585877522376,0.7133150687979279,0.9430162408933107,28.578571341464123,0.6659579855404842,0.6379447218784844,0.6536934662446365,0.8048655492511951,0.7197707470685325,0.9423603673321169,28.578571341464123,0.6529311330032102
05593000,dam,0.31440712278718597,0.672364612848324,0.677687980501595,1.0582072580807262,0.9915250895218829,0.7483582981212564,0.7295719609306448,0.8721201221420445,0.7619925287876953,0.9885761302066668,0.6778068927067351,0.7927600444607834,0.8257027487398981,0.8882488679617779,0.9910249310172446,0.6728738219328041,0.7837890849377909,0.822179333795182,0.8773253772550941,0.9911734833083741,0.628421631413546,0.7837738959917229,0.8010345091992,0.9158012999704318,0.9912227317275887,0.7158652145394009,0.7608253166621081,0.8466629291399633,0.8166936641150605,0.9904575121544372,0.648438261857725,0.7837726499668841,0.8099980289690527,0.8971534738932149,0.9912758969248964,0.6811764844623537,0.7250639872338508,0.8263095337124278,0.7870836789919147,0.9906152631930426,0.7483582981212564,0.7295719609306448,0.8721201221420445,0.7619925287876953,0.9885761302066668,22.169591661216124,0.7535016122118814,0.7478139078507746,0.7354093600538839,0.8707448983376931,0.7694534778800984,0.9877678056024399,22.169591661216124,0.756188168416056,0.7424491462822551,0.7400697862426067,0.8662981983077153,0.7774439954839129,0.9874952368260512,22.169591661216124,0.750050303146614
05014500,dam,0.8153240505172018,0.711931303736377,0.922849881778284,0.8065956480805985,0.8009367193979889,0.8123079556844583,0.7045872010641963,0.9225863997763478,0.7959233626878486,0.8009307096037594,0.6771405133532628,0.6485247930097253,0.8407637293966367,0.758768244485757,0.8000353246578151,0.5705562880198168,0.56800530775419,0.7751338881480412,0.6901423384115275,0.7998928401479395,0.8060285175027093,0.6983846889371699,0.9199091197532042,0.788055867657682,0.8009097402320163,0.7572268900761261,0.6733681450275295,0.8924256371501709,0.7646147893343483,0.8007265001559487,0.8114910848127601,0.7014807534362264,0.922812421076461,0.7913722812388196,0.8009264126172654,0.7700030639092215,0.6805198794159091,0.8996205932031934,0.7712517773080626,0.8008373208785685,0.8123079556844583,0.7045872010641963,0.9225863997763478,0.7959233626878486,0.8009307096037594,0.4914907944250637,0.7700588890480645,0.8124846517954287,0.7048297850053511,0.922645112366118,0.7962500082871812,0.8009331316964999,0.4914907944250637,0.7707423255887791,0.8125595595660671,0.7049428523851886,0.9226675144920065,0.7964045213985048,0.8009339603629672,0.4914907944250637,0.7709969420020226
06020600,dam,0.7811537761043943,0.7214804054683496,0.9005035813966414,0.7626569370980942,0.8935016539305789,0.7772663259914994,0.6797672789888765,0.9093922341013367,0.711751565872933,0.8939242318513083,0.7824227896575486,0.721385822055972,0.9014244524559398,0.7621508743258413,0.8935269283158719,0.7823405074684492,0.7206947020818362,0.9015263659596893,0.7612973560227515,0.8935319738028351,0.7823015430869029,0.7200728121009677,0.9016435912138446,0.7605168988528843,0.893543005675009,0.7800241204621319,0.7157084953914385,0.9010536344354347,0.7556309692463276,0.8936277614098781,0.7823384635437468,0.7211051140126601,0.9014299740006427,0.7618222603822747,0.8935214962775658,0.7820115839013424,0.719439449083642,0.9015851889053986,0.7597925145680895,0.8935617003603369,0.7772663259914994,0.6797672789888765,0.9093922341013367,0.711751565872933,0.8939242318513083,0.4914907944250637,0.828549043332899,0.7776602947418773,0.6803840663191827,0.9094884535641482,0.7124174928735266,0.8938948322686255,0.4914907944250637,0.8276317276568862,0.7777042169610208,0.6806632098409537,0.9094287117406121,0.7127500268103926,0.8938855325853847,0.4914907944250637,0.8270891082938647
06038500,dam,-0.022386505928608802,0.5138122360658944,0.536864547964998,0.9690967458454569,1.1446688762320345,-0.05474162101296898,0.41067180084599664,0.45591895606483296,0.8264986857114839,1.1455363799490597,-0.23651025062272102,0.44469402719256,0.4653213028653105,1.0389190124203118,1.1448058173492897,-0.034608823592706006,0.4528988194374397,0.4878725758839531,0.8732624751580407,1.1448544201539723,-0.018760972705736956,0.513212187948365,0.5365880396069085,0.964234717338086,1.144680936832615,-0.013142706415895988,0.5099720954164294,0.5342638434589306,0.952275161663276,1.144704939676056,-0.01705607547905652,0.5094350141345474,0.5334200464758206,0.9550435114325383,1.1446930076480202,-0.02089058744213612,0.48719583980129866,0.5149803803299969,0.9176991892729032,1.1447433998699887,-0.05474162101296898,0.41067180084599664,0.45591895606483296,0.8264986857114839,1.1455363799490597,6.227928126848629,0.18371638357422349,-0.11884329230462232,0.3933815666182757,0.429880964618753,0.8523772886744331,1.1454570187902329,6.227928126848629,0.1399330586021431,-0.02128273815028403,0.4365878179496293,0.4804140109505775,0.8375096475273335,1.145122610986717,4.421828970062526,0.12251869103871393
06224000,dam,0.7044603600936583,0.5562095495403468,0.9023563458447333,0.5760559067902126,1.08767603181554,0.7672929925816633,0.7375205353230136,0.8837662961728836,0.7817586657815665,1.0880676757403394,0.6557216995058798,0.5299389337948219,0.870164790002743,0.5569694530573591,1.08845427452996,0.6218302315915217,0.5202454912410301,0.840009743479182,0.5564318124943369,1.0884011850933246,0.676035461623528,0.5423306305442404,0.8829363572174285,0.5663814412289512,1.0879335019536105,0.6150308294234645,0.5096834649781046,0.8397728471532626,0.5451474069953219,1.0885815028289005,0.6628662853509004,0.5403736535795023,0.8705289010707669,0.5678400510309336,1.0879283308892305,0.5797290643703974,0.5012294621846278,0.8053867449804946,0.549388109648273,1.0885813447458985,0.7672929925816633,0.7375205353230136,0.8837662961728836,0.7817586657815665,1.0880676757403394,28.578571341464123,0.7791299114482618,0.7556159311218936,0.7579828149187757,0.8732206838524919,0.8136038092116855,1.0880669230268436,28.578571341464123,0.7647268658395056,0.7555226437557316,0.8138072759232281,0.871541597196068,0.8981067905239403,1.0882266575976869,40.29578559146441,0.7529077193709216
06225000,dam,0.3254752522773545,0.4376943227540341,0.583389724001894,0.6508664243470239,1.143976730576833,0.5614596527368638,0.6480436831683942,0.7579321368193707,0.795205552123564,1.1527600493971495,0.34598594649517966,0.43420986138741624,0.5978367626323368,0.6293012745965652,1.144795256985428,0.37698579538969657,0.45103875863951126,0.6224544265928263,0.6286938123924398,1.1447394195132639,0.3434811271068037,0.4402473631574326,0.5964293502013462,0.6399355672321089,1.1442475279817175,0.37646556631166805,0.4420176399105793,0.6220571213239566,0.6159439376468615,1.1449290709237716,0.35370410464907,0.4471159699299482,0.604509600597565,0.6415836019716945,1.144242089250744,0.4064441275314722,0.4614487446117741,0.6461760251822587,0.6207353666382326,1.144928904658017,0.5614596527368638,0.6480436831683942,0.7579321368193707,0.795205552123564,1.1527600493971495,217.9230043530077,0.6003695714623618,0.5415449239941292,0.6756921748843338,0.7516394716510238,0.8593974470160011,1.154024463913538,217.9230043530077,0.5602050077660969,0.5172845497524499,0.6850814217906842,0.7441214162341692,0.9008272856155517,1.154481824150902,217.9230043530077,0.5238826912735516
06259000,dam,0.39580430557197,0.6987272786120104,0.7482699236791099,1.1415639264531126,1.0857722335909572,0.5961773684932592,0.6673771716242636,0.7790531360028533,0.7686671639362452,1.091134780436455,0.6189027166889505,0.7727630238956962,0.8029450361358549,0.9289585608584454,1.0880857448752361,0.5798382403060669,0.7598859065296177,0.7839761203286378,0.9420917352869193,1.087379025931605,0.5821421616127946,0.7798134052514099,0.7977335875490352,1.0090250916189711,1.086538908142322,0.5683497121346166,0.6617770345722851,0.7608608930168503,0.7781939739394771,1.0894949644240255,0.5587558016580594,0.7725506729840074,0.7967353477258989,1.0546348592301071,1.0862073642609673,0.565044523278554,0.7280498522180006,0.7678170843605638,0.8888401419376203,1.0877009835712996,0.5961773684932592,0.6673771716242636,0.7790531360028533,0.7686671639362452,1.091134780436455,22.169591661216124,0.6687689663048619,0.5751256416558852,0.6655555950048014,0.7654591519182077,0.7796207525068733,1.0909760291946689,22.169591661216124,0.6452848430426986,0.5610606454375562,0.6659476039881276,0.7567707191835072,0.7897792421415626,1.0907620691709303,22.169591661216124,0.627896067004746
06409000,dam,0.5042205150506023,0.4547435772728068,0.7638812878705246,0.5160581902026942,1.0857487319887693,0.5283535437260243,0.5068657838599693,0.7619198897838457,0.5767432127685548,1.0857491009283562,0.501933433956596,0.45284502704214336,0.762325085273154,0.5146789933805779,1.0857480021692063,0.5019896184278853,0.45356859144065165,0.7618851199312467,0.5157110138158203,1.0857482711819673,0.5028492360186797,0.4540863429831429,0.762609299043958,0.5159394931338525,1.085748479342821,0.500323084500912,0.4528154122429474,0.760302245634702,0.5156414048985735,1.0857479503105538,0.5001587985683411,0.4522658345826769,0.7604797533921162,0.514932895473519,1.08574772029976,0.4938907621721922,0.4478698001276433,0.7555836531385389,0.5123975620563104,1.0857453760231812,0.5283535437260243,0.5068657838599693,0.7619198897838457,0.5767432127685548,1.0857491009283562,1.0528435700809526,0.15975297955578505,0.5259031485934098,0.5063753006115705,0.7595529605907214,0.5775101699689614,1.0857491026540473,1.0528435700809526,0.1560003946169941,0.5246859234047635,0.5060590953494983,0.7584108095837554,0.5777922648077785,1.085749103230497,1.0528435700809526,0.15453704908921628
06410500,dam,0.5650323481561668,0.4289951861825142,0.8649664327674418,0.5157696058625614,0.7291986733476132,0.5889621236035509,0.4563902856500329,0.8673973123760023,0.5476762326750696,0.7292025511871882,0.554271929558376,0.426824593350157,0.8541607851456644,0.5163336356972766,0.729208902950874,0.5516032912057158,0.42455797742775103,0.8531301226530124,0.5139581773821228,0.729212062424462,0.5446891307078638,0.42056898203248105,0.8485834371341662,0.5106197838229354,0.7292227242044456,0.5088072033013612,0.40295467352934267,0.820602171618621,0.4990121840667971,0.7292773572104129,0.5503866463496204,0.423484287052146,0.8526996391661812,0.5128174266260577,0.7292120549678357,0.5230777598692197,0.4116243974157663,0.8303688727674294,0.5059346914414133,0.7292406949538464,0.5889621236035509,0.4563902856500329,0.8673973123760023,0.5476762326750696,0.7292025511871882,1.7495626146803187,0.6994154289802685,0.578496237087117,0.44177821935646144,0.8685507559953941,0.5298932594188308,0.7292006183618401,0.8747813073401594,0.6968329135976712,0.5783275390131495,0.44178342769999446,0.868352123087839,0.5299550306403384,0.7292006187699781,0.8747813073401594,0.6961936118380756
06411500,dam,0.5094357110297565,0.4133169663852184,0.8129335107583084,0.516187232914954,0.7259045477580078,0.5417195436517418,0.45726296032710456,0.8161447716437076,0.5691452762165663,0.7259106783684292,0.5136602760111026,0.4154411330826403,0.8162748945319783,0.5174752292403817,0.7259124225437249,0.5125221021309703,0.413315274663948,0.8167812433599516,0.514708698925843,0.7259156931532463,0.5119202173531212,0.4107697504455764,0.818372350806167,0.5110332409805256,0.7259284899660646,0.5027210919370813,0.40052476544173465,0.8164214765142662,0.49941624236176263,0.7259828761696314,0.5123015024010381,0.41229855555745976,0.8174362218275103,0.513232663250828,0.7259178689273007,0.5092605708918592,0.4069526111625207,0.8186056156353507,0.5063443550033763,0.72594637953333,0.5417195436517418,0.45726296032710456,0.8161447716437076,0.5691452762165663,0.7259106783684292,2.907335362699394,0.6105435008630197,0.5365209825912074,0.4455214966618639,0.818699708111537,0.5534009754538723,0.7259089091201526,2.0642081075165697,0.608005171175297,0.5363764872214016,0.4457177893647677,0.8183928223830093,0.5537694804805724,0.7259089101884328,2.0642081075165697,0.6071860639429683
06903900,dam,0.3973404009279907,0.5097665941953863,0.6484530447192284,0.7135476647375891,1.186248731599229,0.5472380038849991,0.5068700337310024,0.7697429179397142,0.6000998669338706,1.1738928502476094,0.514298118840647,0.5317354605130271,0.733322436726145,0.6615004828141609,1.1832289088878163,0.49944957991636485,0.5344432675166038,0.7211145378019176,0.6759564775205978,1.184287182609968,0.513168806241388,0.532301526422403,0.7322942151641268,0.6630664816288625,1.1831700825742832,0.5523186844063297,0.524672212920693,0.768134499177031,0.6251804095413146,1.1780032845376966,0.5273500699247466,0.5381801314046375,0.7429992941973543,0.662737690460717,1.1829818647041523,0.5578105487201898,0.5299273854862425,0.7714223779161395,0.6294333467577157,1.177202960198469,0.5472380038849991,0.5068700337310024,0.7697429179397142,0.6000998669338706,1.1738928502476094,13.341112707816194,0.4836646477073234,0.5558404094168591,0.5150593316318077,0.7748711747834276,0.607297261099464,1.1739799492873026,13.341112707816194,0.49100260947656016,0.5578588059216445,0.518517845463376,0.7754592670111289,0.6112888331922474,1.1740981136170219,13.341112707816194,0.49248783224938786
06906200,dam,-0.04887704381380398,0.4991934362052126,0.6684665351932818,1.371626261273966,1.0527891843537003,0.7390039734917138,0.8596331594749149,0.8763264189501856,1.0429271053916764,1.0506454232088307,0.24892336066061183,0.6170159209221002,0.7334941865564232,1.269972348189931,1.0525964584429321,0.3841093414080238,0.6769952007818898,0.7670026195842876,1.2174533376669987,1.0525201577951713,0.5923412717641217,0.7789889502736601,0.8269112195986146,1.1272286405031653,1.0519522014549527,0.8085834652676512,0.889174443743314,0.903130346837777,0.9799682863209612,1.049973039360394,0.7760806281188385,0.8782762273242477,0.8902553342208476,1.0138612919350416,1.0508000959972705,0.8115602858863495,0.8234033341156173,0.9024141407201556,0.860798111612819,1.0478143988724895,0.7390039734917138,0.8596331594749149,0.8763264189501856,1.0429271053916764,1.0506454232088307,3.7478133267479534,0.7935596336617248,0.7340978650488159,0.8556536595777587,0.8756324238993942,1.0529649386293234,1.05062891746962,3.7478133267479534,0.7926769544751028,0.7219940671679939,0.8486207896841498,0.8714574613820126,1.0618670578650637,1.0506453179732786,3.7478133267479534,0.7888902164130623
06912500,dam,0.029239483790666543,0.2695790504222345,0.35843033107295963,0.6688234990685913,0.88943215329147,0.3537088652692495,0.3308810376942207,0.6166399706573014,0.4629290884700635,0.8890490666648941,0.1402649450315412,0.28193424997379046,0.4176947892697798,0.5946513177548378,0.8894038485332914,0.14053363811993946,0.2820813112644971,0.4179072545661452,0.594606245234326,0.8894053213487653,0.2689996534359026,0.31876112047919614,0.5214772545251369,0.5279382265951347,0.8892747764788289,0.3537212851624335,0.33937573625662065,0.6124276408600625,0.4766411665394226,0.8890603059497233,0.2930518079428063,0.32779822182892926,0.544661580179455,0.5180635559545681,0.889277744276398,0.35199784450861915,0.33262626219655145,0.6133324006757759,0.4674875255513879,0.8890660642580294,0.3537088652692495,0.3308810376942207,0.6166399706573014,0.4629290884700635,0.8890490666648941,10.349258453288162,0.3591231062602567,0.38400106327052885,0.3536440187384261,0.6464526084294252,0.47042112704768196,0.8889751660716972,10.349258453288162,0.3809904437391338,0.39704388661382806,0.36410266988366113,0.6584062420549787,0.47526515088594257,0.8889484034003399,10.349258453288162,0.3893888988919082
06921350,dam,-0.20220232172044406,0.44023041019238585,0.47485555983642264,1.1204820185401492,1.151820268235696,0.5748110805851419,0.5605507571575037,0.7744837579885491,0.6525755998043916,1.146813990384424,0.5128877021387235,0.6357991214374836,0.7282145466328233,0.8101156768906161,1.1507278710822857,0.5308887526135342,0.6422804879164842,0.7391165546890232,0.8073963843360507,1.1510196163454167,0.5050105516648435,0.6357139052800196,0.7239939647689118,0.81603961414013,1.1506107690593124,0.6013094794168625,0.597209778167751,0.788048832682983,0.6910833820090598,1.14794319384705,0.5581764269549825,0.638347897519777,0.7546818824260296,0.7810272978631272,1.150539762644976,0.5866434252978667,0.5656674563389871,0.7834216454528571,0.6537481305300077,1.1478114261930827,0.5748110805851419,0.5605507571575037,0.7744837579885491,0.6525755998043916,1.146813990384424,13.341112707816194,0.5342806941717384,0.5786181614918849,0.5680728071265675,0.7757872572016317,0.6608506253456787,1.1458336298044414,13.341112707816194,0.5710577886358685,0.5713274415211709,0.5722850643129336,0.7686575531551676,0.6709478942515003,1.1454147523469176,13.341112707816194,0.5779223182862722
07124410,dam,0.43639552407692384,0.40585519421825034,0.7028724465472054,0.5841520996417423,0.6970250984252685,0.43292593452405514,0.37767966712075385,0.7112896498766893,0.538640192335898,0.6982118983148045,0.44133571773096225,0.4069399436079375,0.7074562416669167,0.5824092219859458,0.697086939757085,0.4397304785157846,0.40511565088066337,0.7064833855263344,0.5804670187344213,0.6971345785906389,0.44194967093886983,0.39904212219202495,0.7111191498586668,0.5684793527873097,0.6975299083376565,0.43897944736453953,0.38214680918280697,0.7158249365393305,0.5413274642397574,0.6989906917562512,0.44023104950008707,0.40414445800015997,0.7073452971385408,0.5784546759392653,0.6971855492425695,0.44325851038403086,0.3997801574376262,0.7121928660302784,0.5687965016486906,0.6975194947582113,0.43292593452405514,0.37767966712075385,0.7112896498766893,0.538640192335898,0.6982118983148045,0.6335752569011934,0.5968048905665722,0.42941941923292937,0.37818934368663226,0.7069897583136702,0.5421565356762569,0.6980515727018717,0.6335752569011934,0.5943144745560158,0.4273893140509809,0.37839236284171307,0.7045763615578072,0.5440263076286533,0.6979918539371402,0.6335752569011934,0.5928471349184098
07195500,dam,0.7745754842181041,0.7905516649566409,0.8817533946940542,0.8302820898312625,0.9671035510425297,0.7597423115628921,0.7785411277396157,0.873332181481921,0.8213467621743014,0.9671014214728575,0.6894072630551864,0.7215805167119017,0.8320722509687088,0.780375984119178,0.9670914687645323,0.6960620972526808,0.7272574396479903,0.8360506286735832,0.7845330718853871,0.9670893519071017,0.7355691011269619,0.7588474591138,0.8594167258058939,0.8068463382929271,0.9670978122021535,0.6679480701247352,0.7042600606175158,0.8190051066521747,0.7684409804932961,0.9670852493088778,0.7296580351218445,0.7540886137334971,0.8559697796073291,0.8034164838675902,0.9670967069403316,0.6540556344142492,0.6927227074890578,0.8104470260027437,0.7604058085431312,0.9670814951466516,0.7614290268314754,0.7798027524713976,0.8743029712008704,0.8222226904611393,0.9671014744499473,0.012499999999999975,0.80967484354339,0.7612416778830782,0.779763475553239,0.8741869305179482,0.8222561234674566,0.9671014802296952,0.012499999999999975,0.8095532971920032,0.7611780996009844,0.7797504936979738,0.8741475242967821,0.8222679350587409,0.9671014821401742,0.012499999999999975,0.8095122666037011
07198000,dam,0.07697679780623723,0.5246681319251001,0.5255601167484425,0.9718833553809184,1.0075257081518472,0.5321686507919647,0.5754187815990539,0.7320988693750711,0.6706854281779816,1.0070787014626466,0.5483011158334583,0.6404922149643516,0.7405691918844787,0.7512191203336954,1.0070411088775297,0.564280342408418,0.6450087690540072,0.7512178769956827,0.7468693057749978,1.0071470947373293,0.5052039034117731,0.6480760484822342,0.715108816011051,0.793514855388342,1.0071670071826575,0.5422960743447267,0.5879558332392838,0.7386366626769977,0.6815318363521987,1.0069014496819626,0.5566390241036274,0.6445435572182019,0.7461200001500129,0.751317085196183,1.007143967800719,0.5079818961870377,0.5298189299299958,0.7192242791840797,0.622924441878102,1.0070183131544348,0.5321686507919647,0.5754187815990539,0.7320988693750711,0.6706854281779816,1.0070787014626466,13.341112707816194,0.586158053970199,0.5316303938619216,0.5843771178775523,0.7306702467889779,0.6835211085312549,1.006706372624169,13.341112707816194,0.6048538694370484,0.5226597315476716,0.5879775223049993,0.7235501262658053,0.6945578623051761,1.006564294226448,13.341112707816194,0.605862043602633
07206000,dam,-0.1555324940886793,-0.1126926153161838,0.07133913838538182,0.431852650461201,1.2299618435662794,-0.2518422158860565,0.06425770123521435,0.16048878650260956,0.6571783329844471,1.2308849859441313,-0.1838570631267029,-0.12883524363838572,0.0468924002127838,0.4408597136845341,1.230688211070796,-0.09275025275777127,-0.08251740197849244,0.12586514363563397,0.4046363507540909,1.2308122692399783,-0.15207030325995796,-0.11183977840274384,0.07364811320747328,0.42977799621230806,1.230014654035211,-0.14418469279816537,-0.10978604025131045,0.0790534115871549,0.4250867257466618,1.2301242349574049,-0.15147479614038328,-0.1103256180068839,0.07498074958200647,0.43055861249526034,1.229997544672066,-0.1424074277980356,-0.10524639707841743,0.08303558103230226,0.4274502556072139,1.2300709516601573,-0.2518422158860565,0.06425770123521435,0.16048878650260956,0.6571783329844471,1.2308849859441313,22.169591661216124,0.3015979251192744,-0.3267218666203684,0.07176133415627517,0.14829934052307175,0.7120470160097796,1.230902764004746,22.169591661216124,0.2997084019779317,-0.3245170127558412,0.012603716849105329,0.1038198228297378,0.6555984725793396,1.2306514641999813,15.740410079463448,0.29496031242376586
07339000,dam,0.4284076994397855,0.5659236513833187,0.6648623726630656,0.74871551986625,1.1138470782026122,0.48640097530847837,0.5660771185857099,0.7021523987116809,0.7057012095327274,1.1138599813418877,0.4855591763044397,0.5731797075735099,0.7017052392367907,0.7167491191761592,1.1138627956831058,0.48685578787453176,0.5745020935045824,0.7026306148901056,0.717767881434032,1.113863727679678,0.4774042273963405,0.5582883680584692,0.6957229662382372,0.7007228010597912,1.1138323798929644,0.4044631382996784,0.4687382698039926,0.6413537379175163,0.6249656586593202,1.11384694761073,0.48374507345532836,0.5596143563642552,0.7002515182559003,0.6981227480472822,1.1138441371615233,0.41838890476738744,0.46941845480854305,0.6530149036298488,0.6150827218725664,1.1138279754441713,0.48640097530847837,0.5660771185857099,0.7021523987116809,0.7057012095327274,1.1138599813418877,3.7478133267479534,0.4759298039284262,0.4900771130794057,0.5712355459563745,0.704781421461912,0.7106571319092879,1.113866819672457,3.7478133267479534,0.4817221123226252,0.4913403194040704,0.5734153216660506,0.7056902266348225,0.712963288152515,1.1138690965222822,3.7478133267479534,0.48418831406189755
08177500,dam,0.460613748445191,0.4099139759251428,0.7176110518175544,0.4845856057551751,0.9470283098426592,0.451485226003297,0.402888931247147,0.7099976796733003,0.48073699733818526,0.9470262640647201,0.39719782529652325,0.3599983948080929,0.6622482824526436,0.45896542081315383,0.9470149448793278,0.39631777209456465,0.35833031695496,0.6621352289174851,0.4570639194076755,0.9470114069678491,0.41111456710618366,0.37062425693427825,0.6753181724886852,0.46344786342471095,0.947015647782249,0.3332843420765996,0.3012809839298254,0.6038789101929306,0.4268639895960598,0.9469768050152846,0.3365607774481596,0.3040237711192628,0.607302750561937,0.42784596493217086,0.9469760280021062,0.2162037716474554,0.17123564538418012,0.4819773906224603,0.3553035334844935,0.946433240550863,0.451485226003297,0.402888931247147,0.7099976796733003,0.48073699733818526,0.9470262640647201,0.012499999999999975,0.4340149678325068,0.4514320481922347,0.4028850925827939,0.7099251673060075,0.48077308609804914,0.9470262708763387,0.012499999999999975,0.43381533615893364,0.45141440595808013,0.40288410745893866,0.7099008975339436,0.48078551239915573,0.9470262731262972,0.012499999999999975,0.43374758921367107
08245000,dam,0.3233147066280998,0.6517147633182843,0.7347518785762996,1.1911756464640344,0.8800086987707225,0.5525130117045252,0.681127767287138,0.7482278388537883,0.8165963122382426,0.9317844080694196,0.30003714732272946,0.6451088089622068,0.7235406083882139,1.187518580177513,0.8801887135780853,0.366700674170112,0.679685498508556,0.7231564734761065,1.107978125515877,0.8804183705680338,0.32530923500139464,0.6537894196819397,0.7334091089535466,1.1854715690873443,0.8800360062539407,0.3292295514888305,0.6583775719006666,0.7294773824919151,1.1707214831453192,0.8800934864583198,0.3341665764196027,0.661570404740649,0.7286444250660795,1.1628625376598436,0.8800978034951585,0.3832276660652868,0.686517215839014,0.7246762742634146,1.090414892764746,0.8804447860685771,0.5525130117045252,0.681127767287138,0.7482278388537883,0.8165963122382426,0.9317844080694196,775.7417750638455,0.538498919072191,0.5133054962041117,0.6593579275781098,0.7230936078214415,0.810369222531341,0.9416901405320974,1093.795902840022,0.5228363209617409,0.49902112778210916,0.6554409403624902,0.7148930701758087,0.8154767282499996,0.941809396573122,1093.795902840022,0.5224208134824403
08285500,dam,0.11534262351632396,0.4686803729433263,0.5134126516748787,0.8646946010849034,1.1650022653480745,0.1061880364532678,0.4690933996547564,0.511603350913193,0.873118995334412,1.1650204293594386,0.11801534426225191,0.4345711083828081,0.49345141914897866,0.8106268607285865,1.1650944603424123,0.1156257650210527,0.43962998104994755,0.4956525473768782,0.8199723670643743,1.1650401664754544,0.11729051860393225,0.46074651873373806,0.5088427149644226,0.8505684269495457,1.1650122522418564,0.11904192171432126,0.43944503487312747,0.49654535423802587,0.8169346272416168,1.165052591272929,0.11755275894469108,0.46223285179271656,0.5098392102435354,0.8526655098492418,1.1650104659963405,0.11995604294263928,0.4443352247449721,0.4996467021944798,0.8234275894965909,1.1650215249092575,0.1061880364532678,0.4690933996547564,0.511603350913193,0.873118995334412,1.1650204293594386,1.7495626146803187,0.7180509547276204,0.10445249652915312,0.46873728818618754,0.5109839280762006,0.8740199020003473,1.1650223174966992,1.7495626146803187,0.7179764318749333,0.10375036267816629,0.468602173286199,0.5107399961264926,0.8743988492107223,1.1650231794817185,1.7495626146803187,0.7179187246467974
08287000,dam,0.10754737830077021,0.4669940707402991,0.5140219476976048,0.8675455733581067,1.174288491213089,0.25603623445706813,0.3736826390325163,0.5503878911060736,0.6139317276025803,1.202666418612707,0.18298539296994842,0.4492678429126683,0.5270932724063687,0.7781975561746763,1.1745531774556468,0.21558260129526363,0.48351257191418795,0.5555095580061621,0.8030688687870786,1.1743721305312824,0.16531438913631402,0.47396013369393386,0.5336931629472268,0.8300260313106332,1.1743121471072182,0.21644216278012307,0.44548079882117886,0.5392654296395009,0.7455727859037184,1.174590930113592,0.136626944501421,0.47287842156701354,0.5249301927098304,0.8523920068324016,1.1742920451540988,0.17925510461037664,0.47349994489387726,0.5378537404762485,0.817712156420401,1.1743395678498005,0.25603623445706813,0.3736826390325163,0.5503878911060736,0.6139317276025803,1.202666418612707,280.9220946429914,0.41188299292811426,0.24982376538198847,0.3724793896548302,0.5496958954639054,0.6186846211233525,1.2135577478764918,396.10015344661787,0.39484050295636364,0.24984076958959966,0.3756020898682264,0.5506886332648946,0.6233636671463156,1.2147955275933062,396.10015344661787,0.3990431290101675
08317950,dam,-0.13265065713749835,-0.15302334572200715,0.036655519631801844,0.40184349821265564,1.2088996105636014,-0.12959647720530998,-0.15666463322137947,0.035622318872541935,0.3965009986434449,1.208896427087721,-0.11791815205547262,-0.17167206307400518,0.031158364423024863,0.37504447068466695,1.2087867211745498,-0.1174371369653806,-0.17206694112664467,0.031143855812452707,0.37432850936639656,1.2087914561478346,-0.12361331355621474,-0.1642931454918688,0.03332076772669096,0.38558774229409165,1.2088237728601894,-0.11409246918985105,-0.17781566134716487,0.028919784595519374,0.36699950208258364,1.2087182718425726,-0.12341829773685586,-0.16407513934182716,0.03358396114756237,0.38559873598196426,1.2088589396111598,-0.11243350170963295,-0.17763333484115473,0.02999711451564772,0.3657083477930727,1.2087792456680884,-0.12759327055171488,-0.15913654911275832,0.034900826015659143,0.3929222400600056,1.2088964270877207,0.0999999999999998,0.07640785820650031,-0.1304077591031585,-0.15581661028520988,0.03580918994461751,0.39782859804068404,1.2088964362508132,0.03549999999999993,0.07623104955054327,-0.13159074239569057,-0.1544714250113266,0.03616241437682499,0.39984697170852085,1.2088964392715662,0.012499999999999975,0.07621615413867033
08382830,dam,-0.22895456689071914,-0.17711353625039505,0.14183726101843266,0.5976051887792364,1.698019631923179,-0.02537785665629566,-0.22863425401878756,0.22286647931220155,0.39416377215090637,1.733871982158517,-0.15646224480686866,-0.19877194500263973,0.15132046170402622,0.5226281772089805,1.6992233979268172,-0.14140182702808324,-0.1865950377499075,0.1670826726296373,0.5246820310423966,1.698805650925159,-0.17618745880874376,-0.1899615061221811,0.15001920053675727,0.5466072210988203,1.6985528001780985,-0.09813589032385228,-0.21901891363470916,0.16469272230983573,0.4539478377107411,1.700068496431755,-0.21311707516333378,-0.17804770453381358,0.14624014782099476,0.5857306371011223,1.6980482819461906,-0.18399110584350686,-0.1836447181406471,0.15204825271229125,0.5591443361971038,1.6983114897714926,-0.02537785665629566,-0.22863425401878756,0.22286647931220155,0.39416377215090637,1.733871982158517,362.1335135907445,0.12955215943936205,-0.04353342126791482,-0.2991139381396877,0.21765894043549214,0.39333031423492987,1.8411845119603678,1448.534054362978,0.12188171137137893,-0.047000612453559576,-0.30213643839221804,0.2152144942512658,0.39593464491391056,1.8454442979523789,1448.534054362978,0.12195026695350086
08384500,dam,-0.1142813725956553,0.02005879854450321,0.15382758502012955,0.5205468422597244,0.8799930336603126,0.061708101364442824,0.004995130522279623,0.26166287224030116,0.3365823761071285,0.9309345790987272,-0.10771185395151428,0.02322287060990258,0.1586877608777489,0.5184548989487243,0.8799933649493493,-0.10700514929896787,0.022604598779737084,0.1586031636856275,0.5173493993736694,0.8799936173292179,-0.1065186713119286,0.02191376357622221,0.1583771837684147,0.5163447761864064,0.8799943936398466,-0.09449396349418149,0.021996703049039,0.16382251686892185,0.507147799434545,0.880023444167981,-0.10300060017124557,0.023747615730147942,0.16109095701315707,0.5153362002191969,0.8799944310896205,-0.08627933077983596,0.024630533391641896,0.16927820212485425,0.5031569625171518,0.8800254734046614,0.04998927655524932,0.004748483152104188,0.246405937193091,0.34993391066472523,0.9940292557786733,4000.0,0.16132755973570478,0.04472813379883367,0.0040346403579911705,0.24071849076405188,0.355552729665528,1.011238465093808,4000.0,0.15895795452468975,0.0425652637617675,0.0014246579693235617,0.24234041778591459,0.35829067584032986,0.8936335838838246,250.0,0.16275867107073017
08390500,dam,-0.11093691225936975,-1.2593185113299188,0.6196993794568835,1.2579761969779086,3.212089477269257,-0.0905989950244952,-1.2576283182145205,0.6222101496737675,1.2468537335413516,3.21206321935683,-0.10572195960189523,-1.2706253554911577,0.4783207460585637,0.9754434871679566,3.2097482297049096,-0.02560171036207648,-1.257721897519387,0.5403787771230358,1.0201512222089786,3.2103507473392336,0.004185257158678457,-1.251591368409295,0.582584762285694,1.0803104485539372,3.211103444317388,-0.0667074249538091,-1.2662769744236266,0.49622698602803744,0.9711959057421469,3.2093877883590958,-0.022812006505366966,-1.251921821477315,0.617390196867008,1.1799136842689086,3.211875379582907,-0.009500313781135805,-1.2524281207112216,0.5822001784372657,1.093029142619194,3.2113844818792527,-0.0924957578858503,-1.2577728307039742,0.6217870300826851,1.2475266006312393,3.21206321935683,0.012499999999999975,0.44232973665320374,-0.09246192843175693,-1.2577717075505586,0.6218217380033576,1.2475687621869263,3.2120632887777414,0.012499999999999975,0.44234458104275975,-0.09245164812303264,-1.257771431435939,0.6218335141459121,1.2475840248047396,3.2120633119887287,0.012499999999999975,0.44234970127945394
08390800,dam,-17.49618096862508,-6.527142507144941,0.5488718370348012,4.546031595078123,7.624199395410404,-11.152331908803466,-6.181509705319776,0.6328005988536902,3.752632309081361,7.622859021480175,-14.575399549847264,-6.377828112533867,0.603765033614953,4.225953818110059,7.623335071769358,-13.250003935939393,-6.308465306885166,0.6293407905063116,4.068335233482094,7.622808753643274,-11.989288495511497,-6.239134646327154,0.6494270100139731,3.903989156088509,7.621858952565117,-9.543702127697472,-6.086132560106656,0.6540132201059162,3.5096747324161393,7.6177866802288365,-14.878274635885086,-6.394996605478722,0.6007034011473922,4.263931941667484,7.623691214221062,-12.330609452247181,-6.258547529277319,0.6444058002434387,3.9499515401206495,7.622526021905626,-11.152331908803466,-6.181509705319776,0.6328005988536902,3.752632309081361,7.622859021480175,1.3572088082974532,0.5235590531996941,-11.453757928340831,-6.194561981062353,0.6194945245253339,3.784631472121234,7.622897043360525,1.3572088082974532,0.524943035636023,-11.700403259699785,-6.205628070670869,0.6097333788392586,3.8117217110348003,7.622913926433236,1.3572088082974532,0.5238070860148716
09038500,dam,0.255018989329848,0.6213407899143103,0.6217752028147377,0.9844013724378522,1.0092457014370517,0.28908639723343166,0.3796754335864606,0.5397069126601132,0.5843838943634683,1.014003363124059,0.25203406946484996,0.6209442497173312,0.6212821533853713,0.9871564637989512,1.0095445301501895,0.3141692929001424,0.596890858252035,0.6169871105803391,0.8746836089242013,1.0096906566816188,0.26454144558247583,0.6245474034406153,0.6251721785633726,0.9804336193795115,1.0092689422088001,0.2795956563739661,0.6279289337699634,0.6292404976565464,0.97020824277949,1.0093124083514993,0.26810632603312967,0.6252966658176697,0.6260659591304052,0.9778670381180598,1.009276514680839,0.28768473826548746,0.6282382056986839,0.6303651399184546,0.9614029974228819,1.0093366646449495,0.28908639723343166,0.3796754335864606,0.5397069126601132,0.5843838943634683,1.014003363124059,28.578571341464123,0.33475938880078915,0.2803585286962825,0.45307212064813474,0.5485566340025931,0.6914589477704922,1.011463489798838,20.290785652439528,0.26855020026692844,0.25497598304108926,0.44680634234692307,0.5330715669295869,0.7035551845955224,1.0110241860381446,20.290785652439528,0.23260999577835673
09050700,dam,0.07869454660249187,0.3251692405562887,0.7180996652451573,1.2399483959619035,1.5642282538404058,0.22291313888199904,0.35955663456773546,0.7219042312012449,1.0818543447077082,1.5710782030115544,0.19717785178225933,0.3555800156892992,0.7357093828309522,1.158034218645467,1.5660854808176274,0.20259890993149965,0.35843618475160965,0.7314362574760961,1.140061016849116,1.5655621599760867,0.14268217663668348,0.3412707856466938,0.7306095102114067,1.206235949192122,1.5646411914789873,0.21555230401548786,0.361555746438591,0.731822532660844,1.124833749925515,1.5657812702773701,0.17588941316493956,0.3511900421539662,0.7315972111154798,1.1723396463655287,1.564989690711068,0.25465141292003335,0.36524093971169136,0.7179084867821626,1.0242040764692995,1.5681175982759517,0.22291313888199904,0.35955663456773546,0.7219042312012449,1.0818543447077082,1.5710782030115544,8.028352123148267,0.6600908778983601,0.21460349902546783,0.35848584950068496,0.719537551727566,1.0867778402891162,1.5703953250462759,8.028352123148267,0.6514624357165001,0.18737406035791193,0.3541761315527058,0.7222144948992512,1.1312745627768457,1.5680586865631911,5.700130007435269,0.6477412968579075
09057500,dam,-0.13212136117457352,0.4384785862202798,0.48276307604351726,1.0345988766552443,1.2158128364194465,0.10650865501403417,0.49605322783991834,0.5515200816227782,0.9215039231396145,1.2160242530376026,-0.04428212346759364,0.4630827623723285,0.5086038266647762,1.000534541013957,1.216355344651184,-0.010193530809713192,0.4783838683529722,0.5253200464361089,0.999927409950079,1.2162459831064527,-0.11901403717737691,0.44293988718145616,0.48742623961611264,1.031402198197236,1.215865725412145,-0.09108072665030353,0.4519948997597305,0.49689139854521686,1.023422538631908,1.2159692332615846,-0.1147876733186115,0.44415181446457086,0.48865217855559556,1.0298330353113823,1.2158717231857847,-0.07869982802563413,0.4553974296744915,0.5003980101659763,1.018414233284966,1.2159877944967294,0.10650865501403417,0.49605322783991834,0.5515200816227782,0.9215039231396145,1.2160242530376026,1.3572088082974532,0.5375784793631251,0.1023164330091898,0.49817460417756754,0.552543644871325,0.9296568606733574,1.2160170847339966,1.3572088082974532,0.5309472858153741,0.0996498248470219,0.4989516527749165,0.5527858309049333,0.9337709253903573,1.2160153765220136,1.3572088082974532,0.5266557828540994
09109000,dam,0.3258314077137343,0.5795744828726682,0.6623796329728454,0.8612045645144487,1.2085807524883587,0.6006826778895473,0.5450546120455372,0.8552458116693752,0.6264641898723651,1.2156212641046105,0.41932469400558847,0.5907378445466096,0.7090227287341745,0.8033611516824637,1.210144956697519,0.5397547713589935,0.602039434480772,0.7852259462359589,0.739332697879165,1.2104691786062505,0.34813640297293325,0.5843213667145368,0.6731075670036374,0.8504542324055133,1.2087250028491194,0.3882237701820461,0.5909971592628097,0.6930372874667586,0.8286274163489862,1.209018311202876,0.3590260690232586,0.5879640571708878,0.6789887078653265,0.8478308242172843,1.2087340663301314,0.4160069645993989,0.599509480014347,0.7088025285649221,0.8214080306467479,1.2090492710121774,0.6006826778895473,0.5450546120455372,0.8552458116693752,0.6264641898723651,1.2156212641046105,47.49043582624104,0.527358879981707,0.5744814765105082,0.5754584566805403,0.818643843728089,0.6808257542740495,1.2132446188104578,33.718209436631135,0.5058863419440935,0.557635591506696,0.5816816301989665,0.803286119128922,0.6986090847583903,1.2132074665565409,33.718209436631135,0.4901906879559438
09128000,dam,-0.6892513112123273,0.29853352380882103,0.46186460315100836,1.3131892786580555,1.3230758233169033,-0.2579239742476287,0.35961045398322333,0.4547579942706297,0.9776345920260865,1.335126415494134,-0.669023292333333,0.303839020291673,0.4624829835589922,1.302124462991907,1.3231661733020132,-0.6779149419966943,0.30146437663424175,0.4616745974495242,1.3061726358827341,1.3231347940356708,-0.6861986593012206,0.2993310684060667,0.46187752611024757,1.3114032215678157,1.3230931574529898,-0.6792981174478163,0.301119572744296,0.4618155872995758,1.3072149438615217,1.3231259317906516,-0.6852866720771069,0.299573119329533,0.46192630911597404,1.3109398965594807,1.3230958047882728,-0.6765588930164839,0.30184366302233234,0.4619665453921951,1.3058221224260032,1.3231332573718164,-0.2579239742476287,0.35961045398322333,0.4547579942706297,0.9776345920260865,1.335126415494134,36.84031498640386,0.43476898082051063,-0.3684372891298595,0.3350543262525567,0.42568860221824095,1.025173972789332,1.3341937140453204,36.84031498640386,0.39597633459572756,-0.4209401243684714,0.3454337422639693,0.44350477428244695,1.101391820634891,1.329377819879335,26.15662364034674,0.37733321033591116
09211200,dam,0.6241046837249702,0.782341819910567,0.8253982598520153,1.023759015311511,1.127768638125978,0.6829863805329832,0.7721981549896224,0.8401596801715608,0.9042893769411454,1.1310886317762157,0.7005522830634991,0.7732705756806504,0.8489187146698252,0.8913097790741936,1.129487887272383,0.6489355408272325,0.7714246517439328,0.8238125141780092,0.9317723970848328,1.1286454580253746,0.6381804446021907,0.7875831937049503,0.8314267033852332,1.0191671720613074,1.1278145640378698,0.6632229805153242,0.7963619072665145,0.8417097817677387,1.0071854492825503,1.1279103160136923,0.6706891698986359,0.7988592911804263,0.8448195871509797,1.003427934857921,1.1279252651944016,0.6754115242894423,0.7891057676402462,0.8400356808935096,0.9507805927389352,1.1283169661591022,0.6829863805329832,0.7721981549896224,0.8401596801715608,0.9042893769411454,1.1310886317762157,28.578571341464123,0.6690131679931333,0.697227117465888,0.7963542935053202,0.8516125009725904,0.9494125336629257,1.1299755059836398,20.290785652439528,0.6507290841055609,0.6941004710840324,0.7971751576592004,0.8506613445155493,0.9558999511172447,1.129965642910753,20.290785652439528,0.6442135306646277
09291000,dam,0.5328542161497952,0.6713494244512513,0.7441582297786119,0.8527826141432454,1.1445103135420225,0.6647260159917732,0.741037279416308,0.8267412322744286,0.9067359207242632,1.1683594415979481,0.5534935233649487,0.677431354812702,0.7556349124363722,0.8470183577223105,1.144681899227272,0.5747987653909932,0.6784816495856896,0.7669530462254958,0.8323189598284925,1.1447281443139679,0.5431792207198702,0.6736856138243197,0.749714000393094,0.8485427151626178,1.1445637848690708,0.562253168595384,0.6765243638972167,0.7599699666194742,0.8384715152402825,1.1446741816589043,0.5424276828618557,0.6738875327507351,0.7493834235868814,0.8495101478552682,1.1445457620403556,0.5604172885287098,0.6774525368298222,0.7591635673720237,0.8415065957301237,1.1446185310376682,0.6647260159917732,0.741037279416308,0.8267412322744286,0.9067359207242632,1.1683594415979481,280.9220946429914,0.6535033709869135,0.6147461394062805,0.7406261598321042,0.8078537550235366,0.9663543566076654,1.1709461324090191,280.9220946429914,0.614020697838766,0.5681807826284291,0.7200081457583303,0.7868138696822754,0.9784209885543235,1.180226131698125,396.10015344661787,0.5905249709503437
09426000,dam,0.34676918118858713,0.39546588843190067,0.5902229339365601,0.604104773848532,1.2020178657652543,0.4684650286684815,0.42401936386050587,0.7020416614859012,0.5503990727318264,1.2020730756859324,0.4471042934905848,0.38635261448482483,0.69575587856501,0.5071828625845939,1.2028050724009283,0.4061420487695052,0.3444970894136109,0.6674400932449702,0.4726961699015366,1.202579971788438,0.4601888838284087,0.39312963157342284,0.7083937041581135,0.5078344815155036,1.202559904014764,0.40406241931847664,0.339750666518139,0.6675220541382941,0.4672849770596601,1.2039664242283405,0.4530438739461905,0.4021143223986914,0.6945090960410859,0.527489495394591,1.2021791634088024,0.4529158657731397,0.38297840108748427,0.7055625944113312,0.4970099568380021,1.2025420553728599,0.4684650286684815,0.42401936386050587,0.7020416614859012,0.5503990727318264,1.2020730756859324,3.7478133267479534,0.5239385392667157,0.48106751288850413,0.44123095414422,0.7086797318386885,0.5681185320466504,1.202073614317803,3.7478133267479534,0.5117824481606341,0.4287754725202859,0.4354660394378975,0.6586463938554438,0.5983364040337915,1.202095680002159,5.284416790714614,0.5012627011870379
09510000,dam,-0.0064130915629332375,0.448235359182545,0.7182609346083146,1.4364114890076936,0.8139561069244072,0.14652127742619658,0.5139176096291621,0.7386689672151427,1.365198217284687,0.813955801960088,0.36648211793228447,0.6311571388126876,0.6818659408242316,0.9849958126133191,0.8139606197546955,0.3621218557367739,0.6128972639656465,0.6659655257749705,0.9394930870603841,0.8139666380430428,0.33782531884902767,0.6044388566050718,0.7664456517083736,1.2594384618615935,0.8139551960820535,0.4473587928926759,0.6762771857157437,0.76050104875045,1.1132497142479107,0.8139591037936783,0.20389831146132475,0.5383218713533966,0.7482427814860938,1.3393411278560383,0.813955391526218,0.385802631442702,0.63167248219141,0.7709772767212574,1.2204565581827116,0.8139552243376387,0.14652127742619658,0.5139176096291621,0.7386689672151427,1.365198217284687,0.813955801960088,0.4914907944250637,0.6408010176002793,0.10716638260278122,0.4963378519615981,0.7334231192274326,1.3847075656514616,0.8139558790642609,0.3489584640417952,0.6386695957975757,0.10606459756737918,0.4959211508354838,0.7332137283951944,1.3851079796144155,0.8139558775571425,0.3489584640417952,0.6380445499945806
10020300,dam,0.7316716462064661,0.6552248006081964,0.8708272261231895,0.7438851471828929,1.1912838591494321,0.7533026904650895,0.6617613605369856,0.8849819779225918,0.7460007428993749,1.1914696038945147,0.7519671352838895,0.6573351298959891,0.8852365503560581,0.7399159915754746,1.1913239984713169,0.7433279498678613,0.6444463961129175,0.882580152853993,0.724273815157285,1.1913269864012435,0.7429898290219628,0.6522636651824404,0.880004948367475,0.7355648080958699,1.191300223258321,0.7401354744366364,0.6399746730772903,0.881547846109718,0.7189718368500781,1.1913386912810315,0.7391633995101745,0.6550358197605003,0.8764006281858772,0.7409017469471771,1.1912892474773207,0.7456775991091795,0.6526108457755171,0.881912062210989,0.7351625859686717,1.1912997845025943,0.7533026904650895,0.6617613605369856,0.8849819779225918,0.7460007428993749,1.1914696038945147,10.349258453288162,0.8002373331851037,0.7514834536757334,0.663730577818322,0.883131086971406,0.7494765128098939,1.1914595618610448,10.349258453288162,0.7986585250904,0.750306118398014,0.6647228366143303,0.8820196994899739,0.7513306410529706,1.19145488998816,10.349258453288162,0.7972286481283409
10134500,dam,0.3045156951154564,0.28554413791273114,0.6095696697234358,0.4383188051202818,0.7937827083159912,0.323287453979322,0.33044837660972814,0.6114583488931554,0.494231212661609,0.7962042799910436,0.3270710491595974,0.305916061333129,0.6302003485250519,0.44983540699060937,0.7942825912006098,0.3167723490934793,0.289370632734111,0.6261410631768723,0.43166306831812656,0.7945329100205294,0.30574991224329184,0.28565816523425824,0.611406191477127,0.4371670755802859,0.793849064849738,0.307955074291243,0.28560723503383667,0.6148989696142196,0.43465771294456323,0.7939846668358438,0.3061877980903891,0.2855720134547327,0.6121527175338836,0.43653710527689354,0.7938655785342231,0.30902683306762413,0.28516274220414983,0.6169368669515571,0.43269541167898196,0.7940377575813423,0.323287453979322,0.33044837660972814,0.6114583488931554,0.494231212661609,0.7962042799910436,22.169591661216124,0.3547517856342072,0.30485779299148563,0.33155889930442206,0.5894401340570876,0.513399605334049,0.7963479499563179,22.169591661216124,0.3461657126154255,0.2931152671068996,0.33181983737758647,0.5767082565996065,0.5247774008244788,0.7964015940041957,22.169591661216124,0.3365355869882726
10293000,dam,0.5126551853260033,0.5988261205822991,0.7178399865244373,0.7201592839704921,1.054912493793403,0.5324421919590852,0.6378585501257719,0.7321444856754421,0.7626203511800346,1.0552336445388548,0.5146040972191741,0.5997469022237486,0.7191937728505442,0.7201182005130279,1.0549234320623542,0.5141809685524138,0.5990674733393221,0.7188996197667672,0.7194431986323702,1.0549303957168654,0.514947211711092,0.5992052722538579,0.7194327889839185,0.7191082684062974,1.0549389571620456,0.5174642857146377,0.5990933651626589,0.7211944976219156,0.717211283426677,1.0549923947388902,0.5153768487846924,0.599156876400202,0.7197327266042586,0.7187423554368356,1.0549509105960986,0.5170807677998304,0.5980642556943045,0.7209368015354529,0.7160142984005187,1.0550290387010397,0.5324421919590852,0.6378585501257719,0.7321444856754421,0.7626203511800346,1.0552336445388548,8.028352123148267,0.6716153035944332,0.5229844138517605,0.637121001834547,0.726236168254341,0.7683032472679673,1.0552371841328705,8.028352123148267,0.6661651705371984,0.5183137183115369,0.6369731016347897,0.7233886346991281,0.7714756130676,1.0552384476630459,8.028352123148267,0.6626270339144928
10337500,dam,0.07859128843313523,0.3729385659743617,0.5423680555463909,0.9224214141717012,1.4216166605801768,0.16156050649765596,0.32550577747588094,0.5509207699320868,0.7916908726121891,1.4581240102711872,0.11617107642756108,0.37777538967177493,0.5537467951098942,0.8991418347709687,1.4217216775671535,0.11029206612069475,0.3790241614777994,0.5537020894177037,0.9074293379378787,1.42173432343551,0.1281221258497518,0.38013026199494937,0.5584744408841186,0.893925962730117,1.4219502000937148,0.1911244328051679,0.37782245451875285,0.5750057350871143,0.8352744348277947,1.4234976517891484,0.11136004885536033,0.3784666161195478,0.5533991775108237,0.9051409582996797,1.4217264692162133,0.15662241728244197,0.37980212364732635,0.5651713673824751,0.8677269305040884,1.4219873234760372,0.16156050649765596,0.32550577747588094,0.5509207699320868,0.7916908726121891,1.4581240102711872,61.21938685374067,0.5858037363986998,0.11003421356532972,0.3106860934509129,0.5256867997910718,0.8097413023992123,1.462582184975579,61.21938685374067,0.5708466708511796,0.07385360336552427,0.30157350624222845,0.5093511370789265,0.8241471231511383,1.464907545863703,61.21938685374067,0.556878386452996
10340500,dam,0.24928200440315762,0.47528780509608426,0.5405017295784889,0.7471343145479513,0.9844060241955351,0.3152193527874182,0.49714595995422006,0.5798387606571572,0.7241671583174861,0.9844127618354479,0.29669807503448486,0.4750188824849464,0.563727755182975,0.7083987065601696,0.9844955550281145,0.34048701467403664,0.4959948669343187,0.5936619594277898,0.7022253161615984,0.9844819909320836,0.2742328741131055,0.48577924359281976,0.5557693208774901,0.7414672925606701,0.9844138128326352,0.3098646829137093,0.49901867289844815,0.5775802043524998,0.7311107857147259,0.9844309027042598,0.2746497273019246,0.4856453429452885,0.5559194636058608,0.7409433710493213,0.9844162447890815,0.31134171165857194,0.49864640601644183,0.5782336823448827,0.7293961192890775,0.9844391762408913,0.3152193527874182,0.49714595995422006,0.5798387606571572,0.7241671583174861,0.9844127618354479,0.4914907944250637,0.40701014787287737,0.32704486503912245,0.5061507776703246,0.5885897902878329,0.727262522896147,0.9844127512613307,0.4914907944250637,0.41052844713935055,0.3320405129426376,0.5102655143837488,0.5923551195926717,0.7290340326567624,0.9844127481173661,0.4914907944250637,0.4121377455430555
10344400,dam,0.4126308188216691,0.42956879105642154,0.6613437549304798,0.5661058087390819,0.8502016602152098,0.21531079789735696,0.5366720690604998,0.5749944461899955,0.8909587669439849,0.8511609583712881,0.3472903813688557,0.3999935316589539,0.6030384723032335,0.57564721134417,0.8504873973881653,0.3343457847454705,0.33338122838243567,0.6030551215374023,0.4856439417844323,0.850824950101676,0.41085025342327275,0.41921168144102916,0.6623818421045582,0.551780869243829,0.8502379845954673,0.3911135749070399,0.39059955250296163,0.6501221847694265,0.5240162162060674,0.8503542269748917,0.4120545180938209,0.42196276712392233,0.662834478539288,0.5550120969119418,0.8502261042956686,0.40152941613492454,0.40234875760530653,0.657741633900521,0.5334877469834186,0.8502918300284557,0.21531079789735696,0.5366720690604998,0.5749944461899955,0.8909587669439849,0.8511609583712881,61.21938685374067,0.44633604071850486,0.1176583941934829,0.5337947660199545,0.5586283601703742,0.9815944996553052,0.8510045863069686,61.21938685374067,0.4351945345851522,0.054082322665839344,0.5230319668224742,0.5477698484807331,1.0278259631334092,0.8509627210869832,61.21938685374067,0.42072254554452215
10344500,dam,0.2830670483747184,0.3343091586392899,0.5525862598337654,0.5409878479125131,0.8203528858622968,0.19243263454797588,0.3248417281897631,0.48043755003264477,0.6079940763468032,0.8204870244285687,0.3051010960953756,0.34582532554466483,0.5731362284889229,0.5379811425663138,0.8203603589244463,0.2939598368062959,0.33836619052644723,0.5628279118433588,0.5369997650577365,0.8203596770804054,0.2869598446726983,0.3358037201688189,0.5562238301369886,0.5396229431033442,0.8203548645621884,0.2938252250218394,0.33868946449933823,0.5626740389618101,0.5376076378258235,0.8203588811847886,0.29015192450480376,0.3364651928201038,0.5592555325189779,0.5376673768182385,0.8203578549838497,0.3004486500133293,0.339136029180668,0.569178942830215,0.5321679194486665,0.8203682961356367,0.19243263454797588,0.3248417281897631,0.48043755003264477,0.6079940763468032,0.8204870244285687,17.19787838771242,0.424141395141859,0.1596830971315366,0.3172822705751389,0.4580896698896686,0.6255545328561773,0.8204804068459547,17.19787838771242,0.4275801940036259,0.14394083996620322,0.31293505808963806,0.44764902464266276,0.6329321859894563,0.8204788192396003,17.19787838771242,0.42823745247251765
12086500,dam,0.4755350526253549,0.7200051534073066,0.7333972018896654,0.9604796404994373,0.924117173595389,0.6654833515587637,0.7302385360822452,0.8224313901779019,0.8116665178434966,0.9240320085845122,0.6246847617535567,0.7069650402536463,0.7971716185038077,0.8025849426101603,0.9241222667118443,0.6172914135005815,0.7010201388666297,0.79252449189839,0.7985403128503309,0.9241259902544645,0.5992287515667516,0.7451871457772745,0.7868801880689887,0.8827240409797578,0.9241324451724927,0.6258596248851356,0.6999397157766996,0.7979159918412058,0.7915774982997118,0.9241166118334347,0.5860402082349511,0.7476200004419351,0.7814454731776963,0.8991357434991775,0.9241317935961048,0.6361765305451074,0.7231167102106197,0.804465605020852,0.8192447503817045,0.9241172201342348,0.6654833515587637,0.7302385360822452,0.8224313901779019,0.8116665178434966,0.9240320085845122,2.907335362699394,0.47637684501731936,0.6543105176081453,0.7327939070331049,0.8155670157125214,0.8222024228242334,0.9240290056937849,2.907335362699394,0.4703155776036855,0.653169491617698,0.7514679719562528,0.8156269927228367,0.851640022804941,0.9240784594611345,2.0642081075165697,0.4682569652537597
12106700,dam,0.6348106988512872,0.7555611237508858,0.8635295285908501,1.1907685071389265,1.0688008091469827,0.6454282336182476,0.7633243310899702,0.8657188701133351,1.1823481142093721,1.0687976427986923,0.7086011187535672,0.8046591544030917,0.8824617134471856,1.1400583774037771,1.0687491677896162,0.7081941837909387,0.8056158036041363,0.881865668747647,1.1382035076519725,1.0687698048616996,0.7649422640188355,0.8567815263919041,0.8937398171991123,1.067100716520058,1.0686862327999551,0.7472779545650854,0.8330968820087277,0.868372536717726,0.9235456764491066,1.0684514288781284,0.7468197400433648,0.8383898450253147,0.890640540468679,1.097142763038261,1.0687141498619566,0.7696890579113952,0.8621952782452428,0.883836030283246,0.9717022248240696,1.068522327730774,0.6454282336182476,0.7633243310899702,0.8657188701133351,1.1823481142093721,1.0687976427986923,0.0644544378132592,0.7988534413290176,0.6452244555746034,0.7631820213917729,0.8656731561982103,1.1824991450448117,1.0687976459208386,0.0644544378132592,0.7987756224511193,0.6451512067625421,0.763130258971555,0.865656995125035,1.1825544166252382,1.068797646955886,0.0644544378132592,0.7987466111639193
12116500,dam,-0.056022680031433625,0.48608718827867925,0.5449691843388834,1.1127980604127523,1.2105467463942716,0.5788972121074096,0.6005374955298239,0.781623573738389,0.7391072020140783,1.209325050793902,0.21875325940537682,0.5798821212787513,0.6381868171041595,1.0356165127078858,1.2105272351182905,0.1871335045196615,0.5692266790965319,0.6269661320083195,1.0457456704927972,1.2105201200943325,0.3376568735499069,0.6198878696584555,0.6834894384218582,0.9980295244319017,1.2104813846123026,0.5647114024495832,0.6722260931966932,0.7783621564780729,0.8813799608779364,1.2103370785637488,0.35522524676937006,0.6250730489895863,0.6898748738138981,0.9901111960081105,1.2104633846008126,0.5767873863092257,0.6692949241238744,0.7835184118902067,0.8647904328757235,1.2102853827011322,0.5788972121074096,0.6005374955298239,0.781623573738389,0.7391072020140783,1.209325050793902,13.341112707816194,0.5786184195300499,0.5661362081237336,0.634721887589947,0.772996313729189,0.8052822735002879,1.209719891312431,9.472190022549498,0.5509374947991547,0.557304533218946,0.6381793382391381,0.7681827573114344,0.817790338661577,1.2097012078751002,9.472190022549498,0.5331822734244369
12342500,dam,0.6206498521820132,0.5683565167739659,0.8141350189742281,0.7034942305007272,0.7473052551131362,0.6239503907708485,0.572842325555968,0.8156059163402337,0.7091254786807456,0.7473054935401181,0.6163527676524926,0.5640543716272743,0.8118374271473829,0.6986863997266968,0.7473073974863643,0.6034416408252882,0.5536414734624855,0.8042156678102422,0.6884713863871712,0.7473058125278296,0.6199556962533237,0.5665719203427615,0.8140447201088429,0.7009582401790243,0.7473054017214915,0.6140037299699342,0.5610123468860866,0.8107632265173087,0.6949669355162391,0.7473056535654825,0.6199234813717296,0.5666277240458792,0.8140046895062042,0.7010640762513471,0.7473053472419516,0.6135140941737738,0.5610137580131656,0.8103701081550307,0.6952133207711443,0.7473055106710171,0.6239503907708485,0.572842325555968,0.8156059163402337,0.7091254786807456,0.7473054935401181,0.8167347399191549,0.659375749044814,0.6237909579184999,0.5733699796723516,0.815353942045043,0.71006122357627,0.7473054938223337,0.8167347399191549,0.6594563921146469,0.6237257815216799,0.5735782165692638,0.8152532216986926,0.7104319563795,0.7473054939154129,0.8167347399191549,0.6594358411952701
12362500,dam,0.05091584476673494,-0.010024740588609804,0.27524807843632304,0.3050358867319777,1.1091307017316294,-0.23505846759314064,-0.12020339031148253,0.015921568656366087,0.4759215426217333,1.1085681681783783,0.07392445745527643,-0.0059329502405709444,0.3158026018395245,0.27064386489675496,1.1086952111060642,0.07576971355672302,-0.005432050556088086,0.31976252009998807,0.26763454925161334,1.108680383578699,-0.027169685071719574,-0.12432010160479146,0.13738365362054708,0.2870894956060438,1.1083851583766298,-0.18656807526203179,-0.15915718878425,0.0072672534540497834,0.41133916550051164,1.107728845588846,-0.06970902203738949,-0.15537001088273694,0.0801721765748508,0.30931220742138554,1.108383626452565,-0.3202298062643161,-0.16702275455863047,-0.04833281802727535,0.49867022221161317,1.107744448614543,-0.23505846759314064,-0.12020339031148253,0.015921568656366087,0.4759215426217333,1.1085681681783783,4.831264020091606,0.05754634815724102,-0.2573373686248164,-0.0985347648585595,0.023900534579539737,0.5078397658569737,1.108566878637197,4.831264020091606,0.05086109974436204,-0.265362625795742,-0.08868606718125727,0.02846370165883668,0.5208675605004756,1.1085664741040149,4.831264020091606,0.04490523436769278
12433000,dam,0.8350641228129885,0.9123054007250135,0.9197842299502018,1.0191038393662737,0.9701534541565365,0.9119366358284736,0.9296647972641118,0.9555168988664136,0.9544223497274799,0.9701508416689271,0.887369405753711,0.9364978801307253,0.9440455818890409,0.9967507369755846,0.9701492946221725,0.8882213048926937,0.9369666941309197,0.9445273629188965,0.9977798224925739,0.9701494556852185,0.8459837842752267,0.9175891597280618,0.9248525345756989,1.0159231270897342,0.9701527378422313,0.8653102255423147,0.9268421874890611,0.9338415570014306,1.0091751768661201,0.9701513470845643,0.8533579905209495,0.9212031348424237,0.9282257637179266,1.012904442477338,0.9701523815165188,0.8815711128568047,0.9341715707908542,0.9413282457842034,1.0000905709780583,0.9701503911871092,0.9119366358284736,0.9296647972641118,0.9555168988664136,0.9544223497274799,0.9701508416689271,6.227928126848629,0.9039679694458963,0.908294024432325,0.9327216908370077,0.9536403517476997,0.9614509190332036,0.9701483291193017,6.227928126848629,0.8980130452808777,0.9047285158810229,0.9336318270730048,0.9518344949954113,0.965451125472345,0.9701471312234013,6.227928126848629,0.8929929321079438
12452500,dam,0.19086681471749334,0.5029595793574315,0.5489064218523552,0.8220557902274984,1.10908538726583,0.30893364141051693,0.3770551424451275,0.5884186214852248,0.5451471090914448,1.1084892254837675,0.3068700552856233,0.5153825997068959,0.6024522653701622,0.7451557816743932,1.108923127679759,0.2994953818449222,0.5108186236643728,0.5973533197245148,0.7444345535333172,1.1089053368253128,0.21941136521535198,0.5067830731289122,0.5607235088379741,0.804026942367222,1.1090580668570575,0.2539568706948613,0.5081811380691196,0.5750924478269608,0.7776060506307404,1.1089967721597551,0.25278053635191045,0.5112791509495185,0.5758063693643473,0.7831543525443767,1.1090220033035463,0.3125824096800254,0.5101709389811754,0.6040595552824944,0.7329646899788518,1.1088844178815158,0.30893364141051693,0.3770551424451275,0.5884186214852248,0.5451471090914448,1.1084892254837675,22.169591661216124,0.15159849341937404,0.289175345400807,0.3791129130998019,0.5697124206536148,0.5657191096263606,1.1084134770031908,22.169591661216124,0.13747829346039764,0.27744725413167803,0.3826623312355719,0.5597065391218307,0.5810746698702157,1.108392958069581,22.169591661216124,0.1229040415316135
13032500,dam,0.47022867331527196,0.4866857875308259,0.7695680391094004,0.6336197786201824,0.7240323832319497,0.638316656291059,0.6337841194212914,0.8623116035171936,0.7981414024023247,0.7272197161854761,0.4813257848811694,0.4626749862842938,0.7908178327032547,0.5889619503583925,0.7243032227311249,0.49554328085047517,0.4773845471166014,0.7974930396606733,0.6049458192340301,0.7242282884957658,0.44506111477215193,0.41722157250982095,0.7792180907952572,0.5362742542398088,0.7246012403169015,0.20308144103153147,0.21041575975531324,0.5891210730361893,0.383788150237499,0.7263127039263171,0.4886771668736647,0.47911442749379674,0.7899722336043487,0.611270486927923,0.7241386532065162,0.4688202823455442,0.44060367043456883,0.7905207784046192,0.5605593622456831,0.7244376020913791,0.638316656291059,0.6337841194212914,0.8623116035171936,0.7981414024023247,0.7272197161854761,362.1335135907445,0.6544311360115491,0.631875150574039,0.6601769714332462,0.8556553679927186,0.8555022800475581,0.7284033746831361,257.1147946494286,0.6477296607963094,0.6203869576518999,0.6695866382556862,0.8495307510573645,0.8860666642759027,0.7287967740741307,257.1147946494286,0.6398754303819769
13039500,dam,0.0371273233960524,0.42649581986353324,0.4732330803746756,0.8712567588711317,1.186678426407772,0.10569060579541523,0.4998809536196517,0.5435319705606246,0.9416329576376177,1.1958297398711197,0.057922676552085384,0.4277038425761722,0.47865485026009397,0.8562902312259251,1.1872688682180133,0.0016219558227754671,0.4016140538187798,0.4486919641561214,0.8622760212692889,1.1875027890025676,0.03588792087916226,0.42571020961117767,0.47243709106230164,0.8710596851238079,1.186709763155706,0.03337801069676771,0.42405957694438545,0.4707827904579424,0.8705702572829304,1.1867738143696576,0.02333281456938907,0.41933273490572165,0.46545685921164304,0.8714844349615335,1.1868738957988285,-0.007583442103966664,0.40115886914364596,0.446533315946436,0.8688804446166817,1.1873312356339705,0.10569060579541523,0.4998809536196517,0.5435319705606246,0.9416329576376177,1.1958297398711197,101.73130517833803,0.44479132358493934,0.03384789903236385,0.5030715964858723,0.5455369420850457,1.0265928836395082,1.1992334955508843,143.4411403014566,0.4236662398211837,0.004401137801729682,0.49875709517628286,0.543152572951849,1.0511728898696189,1.1997904236393582,143.4411403014566,0.4078157387216459
13042500,dam,0.5274093037006862,0.5906668969023681,0.7281510637991674,0.6951855819624113,1.027201392141181,0.37820332882826035,0.7033867475439779,0.7161448709129852,1.0798554484776193,1.0320748276998084,0.5306396608651394,0.5884307664751102,0.7308088911965729,0.6899047049464139,1.0276819239048898,0.4956841357128875,0.5660680628531214,0.7057013874519185,0.68233305609235,1.0278022566834184,0.5202287081611772,0.5807253479921045,0.7234332153877201,0.6860697604208482,1.0273834282613221,0.49709196316967796,0.555103999007574,0.7075430999166502,0.6658958056447716,1.027853197427477,0.5240420239447992,0.5881917290436529,0.7257901687770986,0.6939753069363034,1.027274671841002,0.5129233849824859,0.5804958084151424,0.7179146441040792,0.6907126950220493,1.0274405124918038,0.37820332882826035,0.7033867475439779,0.7161448709129852,1.0798554484776193,1.0320748276998084,78.91722325860573,0.6087142396906536,0.4638261372560759,0.6389078696227436,0.6928057095067846,0.8123506677960736,1.028406383651848,19.729305814651433,0.5801021029673386,0.45088723333136216,0.6338636898069088,0.6852720956585461,0.8150785002655896,1.028393358494982,19.729305814651433,0.5705863782433065
13046000,dam,0.5676019534721862,0.6403045605211034,0.836309096073909,0.7179936500712929,0.8481496929418205,0.6008149386598284,0.7282070757890167,0.8478300565495374,0.8336887245012032,0.8481571154008075,0.5704445843278841,0.6415354298910443,0.8381999314541766,0.7184651619353508,0.8481588962175357,0.5692184045575504,0.6399015737481293,0.837637599498809,0.7167080319037819,0.8481613082750772,0.5684950630934413,0.6403500085375333,0.8369815524787622,0.7176598504762076,0.8481542160822356,0.5697091488932875,0.6402099340302575,0.837940978207722,0.7169250575626662,0.8481634365828119,0.5689863171732581,0.6404758526022938,0.8373300585753104,0.7176188242381575,0.8481547686152278,0.5705440570695863,0.6403478322180332,0.8385509686362083,0.716750862280087,0.8481651619591629,0.6008149386598284,0.7282070757890167,0.8478300565495374,0.8336887245012032,0.8481571154008075,1.7495626146803187,0.682488916659986,0.5944357481265365,0.7288236499007299,0.8439598088208357,0.8383466449927875,0.8481571061760087,1.7495626146803187,0.6777728057172658,0.5924017835351303,0.7059832543669822,0.8437415478104777,0.8025861622436575,0.8481549490622826,1.2421894564230263,0.676044559748186
13147900,dam,0.9044255261452171,0.8050779437328917,0.9626907429320873,0.8228423913520821,0.9277655964613167,0.9017841095305235,0.8010989892464033,0.961829656300974,0.818197356263223,0.9289195127266342,0.893768611449895,0.801977307146915,0.9565489260318033,0.8207748835498629,0.9278657592454709,0.8844378491845648,0.7928301611018502,0.9523655872387138,0.811722250062007,0.9278765381567181,0.902447875958606,0.8026988224869787,0.9619072696130553,0.8203826964454505,0.92778973200794,0.894198431305767,0.79744956955631,0.9577044401842539,0.8155260054812132,0.9278397073240455,0.9027212676698761,0.8030224572615305,0.9620164041879782,0.82071817342284,0.9277820974298502,0.8953372514567156,0.7984696579676605,0.9582276597754468,0.8165360696185223,0.9278159532804078,0.9017841095305235,0.8010989892464033,0.961829656300974,0.818197356263223,0.9289195127266342,2.255341494966317,0.8960882389269775,0.9010170614136929,0.8012849384676741,0.9613065514876237,0.8185020212618545,0.9289438501184887,2.255341494966317,0.895943153786994,0.9006359504419014,0.8013696651432705,0.9610481382213978,0.8186469983816959,0.9289517685420069,2.255341494966317,0.8958633501418082
13174500,dam,0.3003753810257831,0.23198043148231096,0.6106451185904931,0.3623261156178648,0.8221549800368719,0.3167529764503827,0.258596349019122,0.6133424261789077,0.3929180253386996,0.8221608301416745,0.28786307843020487,0.22486270689712917,0.591108504009344,0.36588476658288327,0.8223952747989943,0.2756774756898458,0.1996123311710274,0.5984392199243227,0.3307770086320974,0.8224895830012028,0.3002655407336209,0.23042299761339124,0.6126374284396826,0.3592373812860408,0.8221734912467611,0.29843191148157544,0.22616678125676626,0.6146083775534511,0.35294244699951066,0.8222145369172469,0.30026076282305525,0.2301593751458666,0.6130166463390924,0.3586914313668402,0.8221748289390755,0.29788297376165807,0.22502015722270574,0.6150454096037434,0.3513106840240563,0.8222195416176674,0.3167529764503827,0.258596349019122,0.6133424261789077,0.3929180253386996,0.8221608301416745,2.255341494966317,0.5542022363592956,0.31857145621147287,0.2611880962566103,0.6141844467724661,0.3955476693540887,0.8221608367726907,2.255341494966317,0.5520842113006279,0.3166488259990653,0.25461977120719737,0.6175702785521404,0.3854173583165186,0.8221591436989888,1.6012924614260848,0.550752012480076
13190500,dam,0.40285718421833316,0.5003993369409441,0.6576599228356627,0.6751438794695692,0.8360713720850378,0.4615419122662582,0.568849063938959,0.7014528718655016,0.735593000187551,0.8361412791483624,0.4222146864360159,0.4710358990618877,0.6743700252938848,0.6165701095230572,0.8364467709184562,0.4405678615926476,0.4917106965589263,0.687540338437039,0.6340499464924748,0.8362699348732456,0.4234875174492069,0.48998246720011596,0.6735497168626868,0.6440290844410568,0.8361927850216095,0.42133213260285607,0.4457403953696538,0.6785203098998818,0.5791147264907892,0.8365677365964835,0.4155488415574977,0.49516688942648446,0.6670584288990852,0.6577214076745331,0.8361349793278544,0.4249128200057092,0.47395866487023264,0.6763740943033055,0.6189663602558654,0.8362956176199322,0.4615419122662582,0.568849063938959,0.7014528718655016,0.735593000187551,0.8361412791483624,8.028352123148267,0.6167371111276323,0.4601805836360823,0.5724434135183059,0.7008676496134348,0.7421730679351245,0.8361410829460243,8.028352123148267,0.6174810204168597,0.45828232091022525,0.5736629156090132,0.6997845877893821,0.7454724954687256,0.8361410202787215,8.028352123148267,0.6171338708752496
13202000,dam,0.40518646610332276,0.48990202749224154,0.7128659174000799,0.6916965106857749,0.7124188485962586,0.4829596882339996,0.52002069795819,0.7661921933330106,0.6893061489600113,0.7186046005065895,0.43067842786473165,0.45402074314522767,0.7409665652136513,0.614799429283452,0.7125707932409763,0.43365375305297904,0.48357224837446633,0.735955580067341,0.661892050428808,0.7124914238006215,0.4244694277902942,0.4813676979770509,0.7287998612527725,0.6642090594893308,0.7124684474426012,0.43055784761531846,0.4528227764181786,0.7412295264780742,0.6128805319614624,0.7126339033471267,0.4126484576335657,0.4891838428144555,0.7185303607051846,0.6853398084877459,0.7124292218000498,0.42421931598529095,0.48563989729677004,0.7279558768319851,0.6715576736036034,0.7124518326715572,0.4829596882339996,0.52002069795819,0.7661921933330106,0.6893061489600113,0.7186046005065895,169.05197822404836,0.6325774356097744,0.4762070934994588,0.5314428929651946,0.7589909104896463,0.7124832204964773,0.7192964502715737,169.05197822404836,0.6180077704095523,0.4728104827226097,0.5379658055632154,0.7558086762109518,0.7258075265968111,0.7195277522747708,169.05197822404836,0.6120009381058972
13215000,dam,0.32466955944218834,0.42512279756369786,0.5715794187110944,0.6166730668241086,0.9997436583704125,0.3513961698615832,0.44817607223700295,0.5936990322020004,0.6265979269284484,0.9997497120500796,0.37742040739806937,0.45202785394892786,0.6143564046841954,0.6107026511678407,0.9997461654681288,0.393729129208675,0.450387832326426,0.6283601644259899,0.5950835895515814,0.9997391955995332,0.34279301094090475,0.43198621896238476,0.58602119221908,0.611076953664541,0.9997427334411292,0.3742419404477706,0.4403481543564691,0.611942137507564,0.5967367912156992,0.9997389808406474,0.3354426128018432,0.4303277131148334,0.5802117838285406,0.6148970239189484,0.9997434418650346,0.3554426873396498,0.43860740716864166,0.5963429962458507,0.6098428519239014,0.9997422961712716,0.3513961698615832,0.44817607223700295,0.5936990322020004,0.6265979269284484,0.9997497120500796,2.907335362699394,0.5013122623344822,0.3478966918371583,0.44941163440316567,0.5911833349625036,0.6311959594826265,0.9997501675113679,2.907335362699394,0.5020361285703482,0.3454853052695137,0.4496599451520903,0.589431234829143,0.6335202560669692,0.9997503545352809,2.907335362699394,0.5023115798588946
13217500,dam,0.3933976190258598,0.5616753889726723,0.6378026281720497,0.753302277699757,1.0090422499996299,0.4106892812126557,0.5676639564062338,0.648601524506273,0.7483022245936362,1.00904410672665,0.49107017532034714,0.625730406385883,0.7040094415279619,0.7711227774143395,1.0090848764967573,0.45216532350744754,0.5474112207541952,0.6726401866669954,0.6876079362014779,1.0091298515589395,0.3982074182252835,0.5628371803857712,0.640678906553849,0.7511669654663216,1.009044533292895,0.40679571649233204,0.5636183004281528,0.6456224269605921,0.7455129731023075,1.0090485683224601,0.40067987247109216,0.5633944114208386,0.642158484287385,0.750015842789815,1.0090449297934139,0.41342754717625774,0.5642062564509227,0.6495221514882419,0.7411572382770528,1.009049271944513,0.4106892812126557,0.5676639564062338,0.648601524506273,0.7483022245936362,1.00904410672665,0.4914907944250637,0.6032099762243743,0.4082804002703715,0.5678917218578579,0.6472958989391875,0.7505293900857531,1.0090441098436875,0.4914907944250637,0.6036713153586821,0.40713931632216815,0.5680152292187725,0.646685846067542,0.7516088671482308,1.0090441107089545,0.4914907944250637,0.6038325718805031
13236500,dam,0.2730244013316604,0.48764127218681064,0.5787613581912038,0.7790814600857231,0.8095676725564314,0.37405361712444607,0.6095889147529525,0.6703013717012637,0.9037978712794188,0.8143530759443136,0.37862820074916914,0.5183807865366314,0.6406311212988012,0.7414202814167962,0.8104014637832138,0.39238266967677415,0.5315293735157062,0.6512284766016794,0.751431409053659,0.8101663677322903,0.28363998848942207,0.4920831403296064,0.5851214849670531,0.777277106294092,0.8096060223621612,0.3046717410505895,0.5002479472598098,0.5976155387469504,0.7727970634730114,0.8096905541134648,0.30234933158720023,0.4993686211566253,0.5962408729362693,0.7733319484875695,0.8096531081973996,0.3553053706757462,0.5176563827118233,0.6278985416760765,0.75907503831129,0.8098657508833664,0.37405361712444607,0.6095889147529525,0.6703013717012637,0.9037978712794188,0.8143530759443136,169.05197822404836,0.603023090778323,0.30665139324063106,0.5999558494008741,0.6492180589934695,0.9554522248178163,0.812909519166301,120.02690453907432,0.5834321228076794,0.2799787887020735,0.5968954145960463,0.6435238172667814,0.9798069061246444,0.8128896665670563,120.02690453907432,0.5732241096122834
13239000,dam,0.6087877183439127,0.4257888354784529,0.8867704639040728,0.4856763662001475,0.771157841883084,0.630664184971491,0.46926630171544437,0.8699391070509385,0.5391302212699719,0.7711737128880743,0.6079396106089243,0.425348886586591,0.8862016919022955,0.485305280726268,0.771169946962588,0.6034925685888255,0.42256008191579064,0.8837314347963647,0.4827410811468282,0.7711732301293525,0.6080465107185064,0.4251148208003529,0.886598835708345,0.48495970733677013,0.771162411011473,0.6046432284593662,0.42319839381549906,0.884467631489126,0.483289171383343,0.7711719328544345,0.5953682123217985,0.4188063533807638,0.877602208025031,0.4799552788124062,0.7711805878970588,0.5467931886206758,0.3978676035346079,0.8363136476227414,0.467611785388526,0.7712359515540278,0.630664184971491,0.46926630171544437,0.8699391070509385,0.5391302212699719,0.7711737128880743,4.831264020091606,0.7443693434459795,0.6215345632096685,0.45764526816836737,0.8697894238278203,0.5258373223511188,0.771169022818338,3.43019745426504,0.7408697341015924,0.6193776544495688,0.4581366261203066,0.8668442726616271,0.5272190284569521,0.77116901176614,3.43019745426504,0.7390547380821146
13240000,dam,0.802162968028809,0.7296326891597706,0.9049008458024257,0.8943756646400552,0.7700040578148103,0.8016021426137546,0.7292821931950975,0.9045945936210606,0.8937551546641789,0.7700044083150867,0.7807442534929433,0.7233943846960339,0.8929310793654643,0.8897773355765849,0.7700046154827354,0.7659833665607331,0.7107667901088663,0.8847849692725979,0.86777535674311,0.7700043693588929,0.79594983126388,0.7257839942651305,0.9015043918944692,0.8877728352607389,0.7700041381248471,0.7749758883072908,0.7148926138283186,0.8898590360573406,0.8724963191471908,0.7700043455184097,0.7965052602425029,0.7262776217122977,0.9018027462783025,0.888720523783671,0.7700040915363666,0.776854251408382,0.7166086448492708,0.89087770017012,0.8754813097154718,0.7700041747686923,0.8012989474116248,0.7291959629672059,0.9044257338470812,0.8936850061791831,0.7700054169953787,0.1999999999999996,0.8118008962511369,0.8011844980336147,0.7291806994351002,0.9043614752135329,0.8937038874049951,0.7700054292329492,0.1999999999999996,0.8117375251577634,0.8011343818493315,0.729174168493443,0.9043333332440534,0.8937125626157173,0.7700054336787349,0.1999999999999996,0.8117078779401036
13245000,dam,0.1909136273948896,0.37910191001399873,0.5413481282752547,0.6734664141921638,0.7382200999864033,0.21541386023775633,0.2757312408791637,0.5499788033216784,0.49606707383510573,0.7390445173874772,0.2653543273380211,0.3771290414808225,0.5915417661432818,0.6089192767027798,0.7388755660100483,0.2711549092485728,0.38447876630604094,0.5965269376319737,0.6155028110150207,0.7387763626044739,0.20788192658551108,0.38395319623023383,0.5527604172334136,0.6668408990117367,0.7382836774857047,0.23475953701555108,0.3885687578294935,0.5708492985063119,0.6517841103919714,0.7384210758984332,0.241736621664269,0.38859980049289,0.5755679735510508,0.6461093558073638,0.7384104917342947,0.2701902765727202,0.37145642253534294,0.5953801934717252,0.5960860008721889,0.7388423421653706,0.21541386023775633,0.2757312408791637,0.5499788033216784,0.49606707383510573,0.7390445173874772,4.831264020091606,0.38042138762584443,0.21196091808560247,0.28013933474532127,0.5456705648645118,0.5064357375628914,0.738889945434325,4.831264020091606,0.3575477361410777,0.20769961408066706,0.28174107199135234,0.5410756870373059,0.51308448064076,0.738853222032183,4.831264020091606,0.33824622945603267
13249500,dam,0.8083230781176427,0.7247880398677777,0.918679859353383,0.7560277130779895,0.9019888733914434,0.8064482620534732,0.7129502044259843,0.9205581402588875,0.74186944839259,0.9027621761513976,0.8000607345333494,0.713923102572168,0.9156643661562879,0.7447827142461898,0.902063136875987,0.7981876798646813,0.7152805466196863,0.9139331049024215,0.7468992166631527,0.9020324024193646,0.808197079378641,0.7241299123254192,0.9187624067056968,0.7552563759413167,0.9019932798633067,0.8067889248300572,0.7224840174079049,0.91819080180917,0.7535881415986345,0.9020021851028558,0.8079269114437408,0.7235615829869511,0.9187192620911342,0.754629546361912,0.9019949974383473,0.8048144965938411,0.720437592520905,0.9173210137881976,0.7515713709857011,0.9020074431368788,0.8064482620534732,0.7129502044259843,0.9205581402588875,0.74186944839259,0.9027621761513976,2.907335362699394,0.8521977390832295,0.8023958170083605,0.7129071923793047,0.917618923611798,0.7427317401189887,0.9027956744869282,2.907335362699394,0.8511692766909904,0.8003145035572304,0.7129402162131084,0.9160937782258994,0.7432575671439469,0.9028074664054515,2.907335362699394,0.8507111232979603
14138850,dam,0.83500476663906,0.7345845913866177,0.9316333996690367,0.780924956000694,0.8666678126433937,0.8299526039187999,0.729276354879657,0.9295136694008186,0.7751731305960813,0.8666739034549441,0.689256394253836,0.6345350551436473,0.8509197210613682,0.6940947689234442,0.8667270246807867,0.7405125430446755,0.6657824019439145,0.8819882122724142,0.7171390431770938,0.8667172182427589,0.8084923399510097,0.7120138889889008,0.9190696407130919,0.7578978400382437,0.8666852550434078,0.7461216461220631,0.6696657714524357,0.8851370053747215,0.7204247979217653,0.8667149618346384,0.7754558763082289,0.6891411940035634,0.901520512157645,0.7370010153066452,0.8667088833038671,0.6597640340328235,0.6123065017533691,0.8334889539188225,0.6762357053080299,0.8667446001158922,0.830392576840895,0.7298411390691795,0.9296719684447343,0.7758052734780067,0.8666714482313386,0.012499999999999975,0.8006039446331468,0.8303771462574184,0.7298658456997527,0.9296550685624618,0.7758403491786654,0.8666714476032412,0.012499999999999975,0.8006022195235494,0.8303721355248208,0.7298744867564175,0.9296494237712952,0.775852534351078,0.8666714472719237,0.012499999999999975,0.8006018725283612
14140000,dam,0.7265204158977143,0.568970431890358,0.9113317923873788,0.5966913641428557,0.8764419901965111,0.7286668647777648,0.5651366971331432,0.915858323982589,0.591627198358258,0.8764770247422481,0.7233110088205965,0.5540361959219369,0.9182340343462352,0.5793534079493085,0.8764909476814615,0.719209214678054,0.549869222770504,0.9171600453281619,0.5751531007640311,0.8764671269305997,0.7211550963350413,0.5520888084142326,0.9174948128062788,0.5774405613511149,0.8764651853012678,0.6804766620676685,0.5198432111081016,0.9001675891702162,0.5468644198022583,0.8765002930135122,0.7236020552672389,0.5550776315778976,0.917787612759544,0.5805530249366717,0.876463477397241,0.6928190893931495,0.5279671404854894,0.9067698711107964,0.5540513515972352,0.8764970991575686,0.7286668647777648,0.5651366971331432,0.915858323982589,0.591627198358258,0.8764770247422481,0.0644544378132592,0.7236604033655625,0.7288303674497814,0.5652351257774143,0.9159494574526122,0.591712885410837,0.8764782034791989,0.0644544378132592,0.7237784797694529,0.7288876532453481,0.5652714966809979,0.915980134759906,0.5917451959938834,0.8764785490332007,0.0644544378132592,0.7238202618030546
14140001,dam,0.6495626491765878,0.44573393911843284,0.9145996499598836,0.5936432514066674,0.6328599186538607,0.6515676602800105,0.44271180975871927,0.9190618772668007,0.588604955190751,0.6328852163461359,0.6484199043967487,0.4369386438353672,0.9210575091855497,0.580439969761269,0.6328820966282889,0.6468230379717462,0.43553726137483717,0.9207515371308441,0.5786269331371571,0.6328724976909288,0.6438835370588201,0.43243419506936,0.9206695988074682,0.5744907885955222,0.6328766673403382,0.6032945195566839,0.4067611731408962,0.9035636007914489,0.5440708409051311,0.6329020178645755,0.6463573194532684,0.43479243479620955,0.9209639310407232,0.5775873526047383,0.6328754340995583,0.6155573769519092,0.41326976588807707,0.9100710931674085,0.5512210592840023,0.6328997116498627,0.6515676602800105,0.44271180975871927,0.9190618772668007,0.588604955190751,0.6328852163461359,0.0644544378132592,0.603050404755352,0.6519551261496573,0.44217397815935233,0.9198942864566427,0.5877049069825951,0.6328955168156595,0.09088075731669547,0.6031748172773284,0.652037600540792,0.44222054755199547,0.9199331780957871,0.5877598122427001,0.6328961329525649,0.09088075731669547,0.6032299741687766
14145500,dam,0.4256630020353104,0.5626933648182435,0.6714760910609309,0.7385763314063222,1.1223388733330784,0.4524620610769463,0.591594950295019,0.6914693631809676,0.7619857635401833,1.1222814540763268,0.4610342868821088,0.5396565142535594,0.6942513844028858,0.6783168516396763,1.1222859803518839,0.45656454323555395,0.5361159533171114,0.6909965226651985,0.6763470785754498,1.1222867376915715,0.4684956875734356,0.5617651818598773,0.6994478375924297,0.7054408414347507,1.1222826872773581,0.42640413875486827,0.5093203171256646,0.6687122770320686,0.6593084862147567,1.1222468332150195,0.4571165680030115,0.5685275744827472,0.6919766927721144,0.723723625765495,1.1223170520654115,0.46733148711172456,0.5518631371597136,0.6986189368478722,0.6917017547721684,1.1222632185044492,0.4524620610769463,0.591594950295019,0.6914693631809676,0.7619857635401833,1.1222814540763268,2.255341494966317,0.46283897344133984,0.4477519519352072,0.5922686417029663,0.6888191457443511,0.7665978088863163,1.1222078298097145,2.255341494966317,0.46306439161006563,0.44528637145210803,0.5925569506629758,0.6874456391729578,0.7689260623906858,1.1221656471303558,2.255341494966317,0.462137322389931
14150000,dam,0.43618589578309597,0.5837377107668078,0.6756015808145489,0.7559199830747247,1.0920049151154188,0.49545765593598756,0.6103727982980596,0.7145297993681421,0.7512359507928306,1.0918290187214494,0.4722493617999287,0.5954770698839876,0.6987793688237292,0.746148242079307,1.0920011812097383,0.4727942175677573,0.5961314359952834,0.6991802674334693,0.7467151897460268,1.0920005999134874,0.5196580553667246,0.6006743865430069,0.7304377309489439,0.7200921690123958,1.0919169996173983,0.4824927878294618,0.5521831188175987,0.7050519294023673,0.6757898674698685,1.0918334616981267,0.4999400214210784,0.6002673449422633,0.7169338513970365,0.7331650202203561,1.091971977257149,0.5194925411224249,0.5798681450802627,0.73140165782882,0.6902866406416279,1.0918876549714096,0.49545765593598756,0.6103727982980596,0.7145297993681421,0.7512359507928306,1.0918290187214494,6.227928126848629,0.48824095801859846,0.49085752261734283,0.6118395304499606,0.7117653930808377,0.7567539062495824,1.091764368742046,6.227928126848629,0.48147397917119616,0.4873700343819545,0.6088398694243653,0.7093431436071106,0.7548378055952158,1.0917623998072288,4.421828970062526,0.4783896190346938
14151000,dam,0.384496220224789,0.5791221775317563,0.6428335543586496,0.7944063954731408,1.085449056935628,0.46251422934068676,0.5973252037584713,0.6880097202329599,0.7599409621640947,1.0847391008468938,0.43020753375250476,0.5896952643832036,0.6685931853478533,0.773686768299246,1.0854506900431335,0.42946851481028636,0.5895850032766262,0.668172536443209,0.7741035663252533,1.0854506010391043,0.45097993971693706,0.5886393086367403,0.6800707306131306,0.7559377552243446,1.0854195625340652,0.4480877190109752,0.5480745735243016,0.6741205951174458,0.698732456596524,1.085305755141543,0.44391502483209444,0.58873724547655,0.6760103819255118,0.7615269277547578,1.0854305241238646,0.4540517374576558,0.5565382860571664,0.678658903545622,0.7065435572036755,1.0853317505032047,0.46251422934068676,0.5973252037584713,0.6880097202329599,0.7599409621640947,1.0847391008468938,10.349258453288162,0.429996769668731,0.44981393035677986,0.5975958131301209,0.6807889146051189,0.7701279525661237,1.0848071599570948,10.349258453288162,0.42183401839442014,0.44229820955853183,0.5975646554382472,0.6766427180793075,0.7759576281760471,1.0848486323336806,10.349258453288162,0.41694792171352746
14153500,dam,0.6913497986650868,0.8184986617162637,0.8394234320216142,0.9445617863830709,0.936089859286387,0.7130918845245713,0.8222482830702564,0.8495882207637384,0.9300894423159113,0.9360900362795168,0.7094614440552834,0.823842430469667,0.8482971098686028,0.9372843804657432,0.9360901142619572,0.7116050378246024,0.8245433585485078,0.8493805246392391,0.9366412266717499,0.9360901219385763,0.7353940857754047,0.827457739906267,0.8609064309942085,0.920384312375941,0.9360847994321164,0.7386604659370516,0.8004945972318201,0.8608254120952112,0.8721646375252867,0.9360393877750958,0.7347156751764621,0.8257759195256347,0.8603674086544224,0.9177103229841342,0.9360845972563612,0.734225110116467,0.7937632226120048,0.8581943490605654,0.8645981304013891,0.936038297253517,0.7130918845245713,0.8222482830702564,0.8495882207637384,0.9300894423159113,0.9360900362795168,0.0644544378132592,0.6639545198257563,0.7132546560024083,0.8227846055555877,0.8497621572925385,0.9310840785193011,0.9360900444909965,0.0644544378132592,0.6646495975016501,0.7132916259043329,0.8229788869419541,0.8498155978407328,0.9314679800933433,0.9360900472235615,0.0644544378132592,0.664953525411806
14155500,dam,0.48479731185391717,0.7253436489437171,0.730481120050703,0.950880643841033,1.0195697055919886,0.7024597536563855,0.7798440488631319,0.8383731419710928,0.8518028007031513,1.0195701738687382,0.6224188064927285,0.7745176784748549,0.7964924890665335,0.9048996772002535,1.0195678030810302,0.6207528151937818,0.773874116712575,0.7956148617890852,0.9052544087783886,1.0195679154508281,0.6970001176902421,0.7857236074110066,0.8354921238646882,0.8640968506958994,1.0195413694409747,0.6982692331937531,0.7271875185541747,0.837634982193762,0.7816277992985773,1.0194379264898885,0.6899193887318769,0.7808812696300562,0.8313016675199867,0.861537634199398,1.0195464542641193,0.6951229157833456,0.7185807835295513,0.8363666361889198,0.7718716056614328,1.0194507928686487,0.7024597536563855,0.7798440488631319,0.8383731419710928,0.8518028007031513,1.0195701738687382,0.4914907944250637,0.6878212277260488,0.7131492059004165,0.7892960126997431,0.8447363588533556,0.8589100347092812,1.0195702247400642,0.4914907944250637,0.6961780501186488,0.7157693726890659,0.7932460211772931,0.8463325846717976,0.8630673929818445,1.0195702417098373,0.4914907944250637,0.6979451278640574
14159500,dam,0.40751367861329135,0.4456055105837272,0.6500149442850723,0.5789803602899306,0.912786620007294,0.37954501593143575,0.4191424661269093,0.6274647975799036,0.5630019505530457,0.9125602928041057,0.42669409569231964,0.4433195279036821,0.6698190657530579,0.5604061761686011,0.9126445838972481,0.4212043193775229,0.43294495954202983,0.6671367391134613,0.5492997567831794,0.9126915855998458,0.4311466741936848,0.45049027063132585,0.6723965822953568,0.5675441286637963,0.9127139030204954,0.40412324514599485,0.41920732695563967,0.6529101958930416,0.5426039058690318,0.9126065790763348,0.43088374570942434,0.45360164326631214,0.6713123594297614,0.5723397440003203,0.9126941891055789,0.41582386439135144,0.43539883104166877,0.6607018986148305,0.5572689287442391,0.9125901782963738,0.37954501593143575,0.4191424661269093,0.6274647975799036,0.5630019505530457,0.9125602928041057,6.227928126848629,0.35122623717080736,0.38321272517965255,0.418521531958408,0.6312258562755675,0.5590101363123258,0.9125312636364581,4.421828970062526,0.3348842981401252,0.3796444689837233,0.4173338583429804,0.6278870575733795,0.5602533732022394,0.912508886553709,4.421828970062526,0.32851495423982224
14162200,dam,0.3277880698278566,0.4673374098815841,0.5901540224971693,0.6856992078567772,0.8697282774561137,0.3739779255083857,0.4323561491706943,0.6212102742761428,0.5978200551253452,0.8696574627721717,0.365617063878816,0.4782838625116773,0.6164298135328161,0.671229937011688,0.869723809343666,0.37001791918070837,0.4792916537596458,0.6195548439716796,0.6692023831372509,0.8697248996282197,0.3776400918515562,0.48150602083938665,0.6250711902896757,0.6663959521525309,0.8697205567451658,0.39996336949656897,0.4764601031228587,0.6413540372186542,0.6415502011560311,0.8696894528002909,0.38045077061529153,0.4816812943686186,0.6270680195055508,0.6644377952884898,0.869715598397088,0.39828451109417196,0.47276477473670486,0.6400513410334842,0.6374690263749282,0.8696725706955675,0.3739779255083857,0.4323561491706943,0.6212102742761428,0.5978200551253452,0.8696574627721717,6.227928126848629,0.400498973019619,0.3637071369332804,0.42837569479589244,0.612560704152609,0.6004286260970608,0.86966253228379,6.227928126848629,0.3927374663186807,0.3628902433072997,0.41996861706280386,0.6122259271721002,0.5888179429386016,0.869627496820626,8.781378658856566,0.38877779393149126
14169000,dam,0.3731369137967949,0.6327589602957797,0.6539214108444878,0.8856282044546252,0.9551147713062091,0.6411163530576799,0.7020037195542375,0.8014257090549766,0.7825087734728251,0.9545291244982474,0.5055108829371258,0.6813797243959407,0.7227535805897882,0.8495363376410238,0.9551225083171132,0.4832212099547629,0.6744740480618745,0.7109225042180951,0.8572154764188847,0.9551232059589869,0.5351881143447063,0.6913422742563164,0.7391749564437512,0.8411728747855092,0.9551242536413669,0.6667432495488201,0.7053093259698073,0.8183176782194926,0.7723647670301202,0.9550964586745988,0.5582210417200253,0.6946157115631251,0.7515795280689445,0.8281484547839174,0.9551237350429786,0.6743634799461924,0.6890749480689381,0.8254466999991416,0.7466447042223994,0.9550931243728942,0.6411163530576799,0.7020037195542375,0.8014257090549766,0.7825087734728251,0.9545291244982474,17.19787838771242,0.6301168816881626,0.6428993594066797,0.7100692291650001,0.8023704257214427,0.7927805909040719,0.9545850273435318,17.19787838771242,0.6101950722688615,0.5943041797006441,0.7050851009302581,0.7727303648984621,0.8175625139092675,0.9548350321263958,12.210493655275819,0.6002356713583987
14181500,dam,0.3479871823972239,0.4718760115378131,0.6102924571776164,0.6661010990359562,0.875282310029604,0.4742857705029997,0.5279164139882401,0.706204277640593,0.6523525501269734,0.874747310201264,0.4324048067285471,0.49881165573681263,0.6745062714818586,0.6398758234344754,0.875283655547332,0.4384837200335875,0.50092096259076,0.6793446770900504,0.6384671779240859,0.8752840506082924,0.45727552198906785,0.5055483087957815,0.6947108071754456,0.6315984612547922,0.8752551005876109,0.4564466345437157,0.4771484206661497,0.6998602928962275,0.5904790209933816,0.8751701238283721,0.4326915377921646,0.5017557482405247,0.6745262830251586,0.6439723849420921,0.8752661582163109,0.4724190585367557,0.5006350403203095,0.7091641564671886,0.61373382698014,0.8751868650620113,0.4742857705029997,0.5279164139882401,0.706204277640593,0.6523525501269734,0.874747310201264,13.341112707816194,0.504159739014356,0.4711840333628301,0.5297891472141887,0.7034409039250004,0.6572419385507534,0.8748286777081363,13.341112707816194,0.5018067245966489,0.46737845607388706,0.5304887613512866,0.7002945933608663,0.660929584033582,0.8749051341378038,13.341112707816194,0.49720190764079786
14208700,dam,0.30301508470213767,0.4912910308683748,0.5716568448745851,0.7256308339350103,0.99465982725301,0.32817353921191317,0.5121869973171014,0.5906980255926366,0.734633170632105,0.9962763990586702,0.34623196716926186,0.5024762674829903,0.5983252429497306,0.7064700407210658,0.9947638781554302,0.3357327167148826,0.4979631271479382,0.591240666114284,0.7085734794661152,0.9947643726358409,0.312956660434782,0.4945260882542558,0.5777983706829994,0.722112514758527,0.9946891428389999,0.3282760445174364,0.4984940238055513,0.5871656775787719,0.7153100498279691,0.9947370482807651,0.31535077128866196,0.4950005288778524,0.5792057039337906,0.7208430808711135,0.9947046497509228,0.3327615786352246,0.49864813024070465,0.589713012513229,0.7119185265914745,0.9947702878717161,0.32817353921191317,0.5121869973171014,0.5906980255926366,0.734633170632105,0.9962763990586702,22.169591661216124,0.13796604181767358,0.31801444137715973,0.5106507065003798,0.58503619682165,0.7406656788980238,0.9963280796694213,22.169591661216124,0.13421223103156243,0.31097144170366253,0.5091475417436606,0.5810605800504944,0.7442412151256981,0.9963473094459374,22.169591661216124,0.13041485663550223
14210000,dam,0.9024867208105769,0.9039389712935102,0.9509861146179105,0.9246577546230996,0.9661044790943202,0.9047799383727092,0.8930449295745282,0.952777913008349,0.910218417591189,0.966107094399558,0.8720714759155116,0.8536301867819457,0.9366918842183938,0.87245201457905,0.9661220409007867,0.8688212465155148,0.8473610893497363,0.9353214890933346,0.8659575083872401,0.9661187704821868,0.9049838371251522,0.8927052725684222,0.9529122862045141,0.9097435289179507,0.966107889237373,0.8908478160213438,0.8688347101977505,0.9464679994659158,0.8851506493579971,0.966113648398844,0.8995569511439221,0.8797656296417261,0.9506683948010222,0.8957198320467248,0.9661127883180178,0.85178906760922,0.8326007407321478,0.9264476183591261,0.8534913173427646,0.9661213184373664,0.9047799383727092,0.8930449295745282,0.952777913008349,0.910218417591189,0.966107094399558,0.1071071505329564,0.9104854228850479,0.9049266624245594,0.893254816160054,0.9528485641169571,0.9104313179046919,0.9661071164563888,0.1071071505329564,0.9107751820553049,0.9049783666605924,0.8933339384336203,0.9528731708761287,0.9105126623559037,0.9661071236366158,0.1071071505329564,0.9108779260656245
14220500,dam,0.725931065699538,0.8574710167790223,0.8720502683437507,1.0532922873449397,0.9667838994365097,0.7585186399733113,0.8612721937167053,0.8751200893650611,0.9498197990661971,0.966349448886709,0.7221099767201684,0.8072640628424349,0.8513214294037862,0.8819594384600459,0.9667096117654981,0.7337937659960247,0.8171996952769061,0.8581830195659613,0.8895659023405302,0.9667102787400345,0.7783458410767959,0.883649567741593,0.8889481309022127,0.9899015364369228,0.9667896629003667,0.7546383515859656,0.8454589355665509,0.8711310229938035,0.9214600189519461,0.9667254040058906,0.7733786509012228,0.883276991463724,0.8882968298210513,1.0066247224518186,0.9667919355251053,0.7712435897165679,0.8661312811517384,0.8816056890403602,0.9471021991038002,0.9667517868327781,0.7585186399733113,0.8612721937167053,0.8751200893650611,0.9498197990661971,0.966349448886709,6.227928126848629,0.7298781332969836,0.7501763213956129,0.8653863269262911,0.8727484079027882,0.9716782408704563,0.9664477832784734,4.421828970062526,0.7176940202645589,0.7399294614896259,0.8615656414875651,0.8679150784391154,0.9757035487646513,0.9664243008952508,4.421828970062526,0.713344989804534
14238000,dam,0.2949166246254715,0.6562597426895114,0.7257715747283283,1.202459262809868,1.0443439079399288,0.7444966635656423,0.8218640549937211,0.8658174522370313,0.8913445335080921,1.043834328790852,0.6364622384496648,0.8180817842659047,0.8284628738024565,1.0412950295880556,1.0443167246430338,0.6265777667249789,0.8132498034633833,0.8253936915028618,1.049237646098552,1.0443162176425393,0.4494209216606708,0.7253798504620085,0.7704658779808344,1.1440965009673902,1.0443453692071059,0.609257282728914,0.8043383188004442,0.8204114280238335,1.0637767398600544,1.0443166532831716,0.3786716726559807,0.6928647284814742,0.7495910329629768,1.172223176493204,1.044346383356484,0.49943535289915275,0.749336057862676,0.785665961037752,1.122176988690845,1.0443408960711262,0.7444966635656423,0.8218640549937211,0.8658174522370313,0.8913445335080921,1.043834328790852,13.341112707816194,0.6053035851482141,0.7158556258231754,0.8354386953194087,0.8531784839853349,0.9400500098228654,1.0439302186552182,9.472190022549498,0.5725877060204945,0.6922950206357901,0.8290423692377095,0.8419484837853142,0.9518442818337998,1.0439005301333828,9.472190022549498,0.5555453326825764
14313500,dam,0.08191343928014116,0.07397969065488474,0.31802552094077247,0.38949915304328653,1.140403486768149,0.08516767815639115,0.05874401953269459,0.3186290520569749,0.365974985695981,1.1403877961273,0.08614200929684368,0.07397931297171634,0.3226092790842651,0.384412855393219,1.140387290793952,0.0860442731704616,0.0743958822498596,0.32258797492826424,0.3850636650247679,1.1403895829876807,0.0829615507045961,0.07452270990693899,0.3192692151264534,0.38893448273529924,1.1404020890637476,0.08461536766300759,0.07511046208142091,0.3211810826775386,0.387698068792681,1.1403990024045452,0.0839014336242857,0.07467082611418774,0.3203123885207617,0.3879974857955414,1.1403985521765425,0.08584383835477416,0.0737684653315277,0.32223625650995075,0.3845059989573416,1.1403862475642403,0.08516767815639115,0.05874401953269459,0.3186290520569749,0.365974985695981,1.1403877961273,1.7495626146803187,0.046118878823548703,0.08235030235689123,0.057236590724795144,0.31501476368618864,0.36763222902449466,1.140389010010721,1.7495626146803187,0.04606305238762631,0.08058427661400624,0.0563176968020237,0.31277310638345246,0.3686947904767492,1.140389524139062,1.7495626146803187,0.04596240633376103
14362000,dam,0.6533118233838,0.7146126202550052,0.8085420202771044,0.7884890445496736,0.9927257823354521,0.6566074560266877,0.7127978056635387,0.810768954649669,0.7840745398097557,0.9927262424476279,0.6704269082277622,0.7110832938944076,0.8201069542381153,0.7740387349004226,0.9927293859945526,0.6697161731790239,0.7124561752429324,0.8195200106424088,0.7762689720955528,0.9927300790770127,0.6688615053074736,0.6965544741602505,0.8204288568275302,0.7554989462061806,0.9927455954340649,0.599061057373071,0.626496902802969,0.7779459852698408,0.6997585328881932,0.9928139312177684,0.6724803562745152,0.7074338371553832,0.8218255541341598,0.7680601771277603,0.9927374213933555,0.6422851729441,0.6647802363032107,0.8052258036295337,0.7272673537786605,0.9927746220669144,0.6566074560266877,0.7127978056635387,0.810768954649669,0.7840745398097557,0.9927262424476279,0.0644544378132592,0.6623330415880243,0.6566282000469361,0.7129275633268632,0.8107765487134098,0.7842405000386423,0.9927262418882399,0.0644544378132592,0.6627778256569545,0.6572885132525094,0.7120312302388139,0.8112545443137014,0.7826333563865447,0.99272624170297,0.09088075731669547,0.6629772730589056
11085000,dam,0.5353041947499625,0.34551043878162824,0.8328664443001866,0.4356340143356044,0.7137937902001262,0.5283812028455843,0.34223794056570744,0.8266704134364392,0.43368930569835784,0.7138182766622946,0.5139241262028755,0.3348762539243052,0.814035110698426,0.4291190084574219,0.7138155297082289,0.5066449887218637,0.3308924277942995,0.8078562541059165,0.42651902394676,0.7138089900052419,0.4655169811452444,0.30736033646465144,0.77160720471956,0.41203496903160375,0.7138469693945552,0.36904097411446457,0.24078783273750448,0.6822969466669633,0.3725872794689598,0.7139560122321745,0.44889158974269183,0.2965187423766803,0.7575297118439624,0.4048383194903344,0.7138591024657147,0.3393801047917768,0.21623830888168305,0.6543197008026261,0.35735800278602087,0.7139951353066069,0.5283812028455843,0.34223794056570744,0.8266704134364392,0.43368930569835784,0.7138182766622946,0.0499999999999999,0.8048709820979966,0.5265115299129743,0.3414440452552453,0.824845073857168,0.43332331548136155,0.7138283162144828,0.07049999999999985,0.804898969759938,0.5264932828991615,0.34144892290180706,0.8248087553371697,0.4333402108640807,0.7138283167098569,0.07049999999999985,0.8049094000970404
11097000,dam,0.662959305034851,0.48293022917182693,0.8543976111518565,0.5983301351349288,0.7087571255373123,0.6595962075387858,0.4806429080993817,0.8525574595281622,0.5960567882095031,0.7087572012648974,0.6197153992169262,0.45642692555908926,0.8278603133130312,0.5745386172468869,0.7087574424809019,0.6376496887411489,0.467671548115979,0.8389571484384347,0.5845283911509318,0.7087576217537617,0.6300782085628526,0.4639439487464323,0.8336313302722868,0.581842581608118,0.708757954164521,0.5563915823025429,0.42164196742220805,0.7819751116737448,0.550397699372102,0.7087596642158243,0.6337900616719885,0.4639570259896105,0.8374791874599522,0.5803490413836151,0.7087576122718828,0.5621451978454514,0.42087489856538196,0.7891151063168482,0.5460265474650956,0.7087586067856402,0.6595962075387858,0.4806429080993817,0.8525574595281622,0.5960567882095031,0.7087572012648974,0.0499999999999999,0.891107923550127,0.659618142144115,0.48067464488323797,0.8525584576363642,0.5960972292379315,0.7087572012507312,0.0499999999999999,0.8911099773905911,0.6596265160554398,0.4806859557601971,0.8525593676477945,0.5961114403078125,0.7087572012460188,0.0499999999999999,0.8911110415987743
11109800,dam,-0.15867216719771937,-0.19073214679854056,0.028960228646294012,0.38807304231156536,0.6830296444097965,0.19225533062651734,0.08467430243281848,0.5488839799143677,0.26651026690482016,0.6896642455453952,-0.11135360885783863,-0.23434611779376602,0.025893965981995913,0.31133424799944254,0.6830342999254279,-0.13023301606336757,-0.21414923556395227,0.028046442221085724,0.34501986334524115,0.6830368028790189,-0.13526597361363857,-0.20930002956313842,0.02850649374269825,0.3533618610442073,0.6830362070376329,-0.11025793036999554,-0.23365434129458373,0.02715179268595222,0.31078907073944434,0.683049381908446,-0.13767139128061823,-0.2069849379623474,0.028760020383659966,0.357318763045053,0.6830356958127901,-0.113916168327441,-0.22916764005375478,0.027821089919436322,0.3178983967563955,0.6830478632310728,0.19225533062651734,0.08467430243281848,0.5488839799143677,0.26651026690482016,0.6896642455453952,169.05197822404836,0.07497992490796024,0.2367158123856964,0.1469651675713437,0.5640517687496732,0.33558302434760223,0.6898909103698857,169.05197822404836,0.07220284233592678,0.26543447545236754,0.18694182400701465,0.5791752384854926,0.37726391796598757,0.6898872950390033,169.05197822404836,0.06702162657230859
11123000,dam,0.7715997050762528,0.757486746046491,0.9219412220908684,1.2014193229502128,1.1102259582708622,0.7749425648571188,0.7675511222386122,0.9203871020492239,1.1885324909559316,1.110225981993174,0.7781397711363103,0.7967854060453253,0.9127739969316162,1.1467583876016871,1.110226000804849,0.7727346042603137,0.8035844884528542,0.9078110338003685,1.1339047436985836,1.1102259828823802,0.7770934464004821,0.783533128083541,0.9164565769492647,1.1665191849676775,1.110225968537196,0.7644815514361565,0.8158098124215184,0.8990315629245836,1.1076179874443848,1.1102259891911348,0.7714944256444202,0.8017475531908174,0.90780033315744,1.136577771028504,1.1102259795185974,0.7230636394935231,0.823048770051202,0.8680763830030777,1.0419299531898836,1.1102260227184846,0.7749513842101753,0.7675647572577804,0.9203870072753897,1.1885156250338154,1.1102260068049987,0.0999999999999998,0.8714779110651213,0.7748089992151066,0.7674931316804533,0.9203428244412832,1.1885852744712808,1.1102260062342935,0.0999999999999998,0.8714625492207606,0.7747599729051244,0.7674680132370423,0.9203277534848074,1.1886098767110844,1.1102260060520215,0.0999999999999998,0.8714572873313154
11149400,dam,0.22095899633289395,0.19856466261875183,0.531195097889897,0.5804440116233403,0.5035190473157949,0.3442148548035364,0.1782578019557045,0.6865653893781554,0.4250778101223462,0.5035289932964003,0.36015809112307984,0.1986333706415293,0.6887265890335779,0.4533233214638868,0.5035708032162004,0.3463801519550619,0.17271810447407232,0.6984326568436365,0.4109400739209769,0.5035517391566771,0.33160322952459975,0.21071361256846133,0.6394074535749198,0.5035499858807447,0.503529053892983,0.36500246598200026,0.19416548308988457,0.7017572862665415,0.43968000047532424,0.5035505559663412,0.29236711341632904,0.20793289985494923,0.5958391261919477,0.5335917219671473,0.5035248270081064,0.35061120614041386,0.20866797734079934,0.6655022515690776,0.4824653177900109,0.5035370315014918,0.3442148548035364,0.1782578019557045,0.6865653893781554,0.4250778101223462,0.5035289932964003,1.7495626146803187,0.27729609183228987,0.3442267762515365,0.18297304087749344,0.6806470324338358,0.4351430496227177,0.5035290948604025,1.7495626146803187,0.2806145730467685,0.3403578756154123,0.18466582849628133,0.6722972904091661,0.44241823851543777,0.5035291301513716,1.7495626146803187,0.27266169629372994
11176400,dam,0.6431710996248758,0.7595044313996377,0.804621149249153,0.8688012712697337,1.0495188527255206,0.6338198654952022,0.7538516168859433,0.7990742746843592,0.8667117265619279,1.049518840656318,0.5562205036067687,0.7031896802247763,0.7517089352938178,0.8450942322619744,1.049518847256714,0.5240739452425434,0.6798761656847409,0.7311895909266174,0.8333623197015402,1.0495188527255277,0.5378510898220408,0.6903355003880485,0.7401135837785379,0.8390682246287854,1.0495188515552833,0.43119438219990647,0.6030357797625846,0.6677532562007858,0.7884803155178115,1.0495188495431185,0.5262378244577193,0.681198345277725,0.7325331215176296,0.8337356093875923,1.0495188487632967,0.41669317980716836,0.5873775969608077,0.6566564958955065,0.7765713311806771,1.049518841148704,0.6338198654952022,0.7538516168859433,0.7990742746843592,0.8667117265619279,1.049518840656318,0.0499999999999999,0.5009229997723486,0.633739558204111,0.7538301429926046,0.7990300555928875,0.8667387364671171,1.0495188407140468,0.0499999999999999,0.500884443923936,0.6337126750513411,0.7538230529452374,0.7990152667836902,0.8667479430267009,1.049518840733167,0.0499999999999999,0.5008715694394709
11176500,dam,0.21591134392251077,-0.10538316039252349,0.6696915926959826,1.1256593159123203,2.047367186648548,0.37646631188927726,-0.08572943139880973,0.723364383393309,1.0728222460801204,2.047367201274732,0.2581571841285434,-0.099925108599078,0.6848466926517154,1.1163427972153364,2.0473671710199066,0.30139860313214273,-0.0945272097257861,0.6996454831244898,1.1039180126565826,2.0473671866485508,0.3433709169069571,-0.08951021324885722,0.7128383059750134,1.087135798453691,2.0473671843656875,0.4016246658519269,-0.0845088307611157,0.7194377259954231,1.0215917516775277,2.0473671804404217,0.35369503759732623,-0.08834723031167391,0.7152450586612041,1.0802266142444503,2.047367178919171,0.40162890137630236,-0.08548790058840239,0.7149245069639222,1.0061619179451744,2.0473671640648714,0.37646631188927726,-0.08572943139880973,0.723364383393309,1.0728222460801204,2.047367201274732,1.7495626146803187,0.6231659619579155,0.38129829067266363,-0.08508197536304718,0.7277234676133755,1.0793116262311926,2.0473671987960342,1.7495626146803187,0.6264240652785662,0.38262513329679926,-0.08490681164444824,0.7293358531917672,1.0823751316485681,2.0473671979162678,1.7495626146803187,0.6275079713336686
11214600,dam,-1.6178067250199355,-0.02614923933606894,0.027812040691635415,1.198479710758423,0.7383922065704397,-3.4690691337193913,-0.33400056734328154,-0.11193470456043567,1.6959966926750838,0.7576215144621149,-1.4312340445159513,0.0049538626264871155,0.05005580590602825,1.1389625017676355,0.7384426129669012,-1.454448372491088,0.004092420530177554,0.05090578150656148,1.1504533950979345,0.7384357685552658,-1.5828728309453668,-0.019912000668894647,0.032318105747897743,1.188096930756591,0.738405303408038,-1.4989252733122735,-0.00658545202994576,0.04134206755634737,1.1605348959370727,0.7384320585628567,-1.554375512085202,-0.016941193974585378,0.03329780312649844,1.1767172522604266,0.7384139389877091,-1.4115081457264984,0.0006889425307906594,0.04338673291032499,1.1229243005380796,0.7384598249876867,-3.32910864504261,-0.30442316936053637,-0.08588425596104336,1.679496586714847,0.7537083516166446,1410.0,0.258519496245728,-3.4528783305504476,-0.31062131180230823,-0.038808157728640484,1.7613029242979925,0.7570520799797692,1410.0,0.30934394856357705,-3.165344993677749,-0.2566031436901899,-0.01011696642682249,1.7048991418167954,0.7513388354915735,2000.0,0.3504817730862939
11231500,dam,-0.4884500141593833,-0.33192297995963393,0.2521687353847861,0.25055609437036175,0.19185331992072432,-0.4922145958507702,-0.33760268633935087,0.24298269515083581,0.24901921692094722,0.19245210042553637,-0.4558058493286714,-0.30289665557534273,0.32128088334186955,0.23568578653308683,0.1920991156802252,-0.4485353161032499,-0.29388159144642034,0.3357940294874149,0.23832614947679404,0.19203159291435826,-0.48556359546061945,-0.3289389772697886,0.25791136861901304,0.2501332834028288,0.19186438277864343,-0.4798288289726147,-0.3231831831132723,0.2694024287573599,0.24900441543991442,0.1918870394930035,-0.4839352540928923,-0.32733994747578055,0.26117404711149866,0.24973987404562586,0.19186802383129736,-0.475185633489529,-0.31880151812921365,0.27887308193660415,0.2475468853137319,0.19189869294546932,-0.4922145958507702,-0.33760268633935087,0.24298269515083581,0.24901921692094722,0.19245210042553637,8.028352123148267,-0.37697428860324655,-0.49388912954169717,-0.3375747003347982,0.2396513537174405,0.25239548414689905,0.1924955090229808,8.028352123148267,-0.37554273788474024,-0.4949082735747552,-0.3375722014442333,0.2377067979084314,0.25436367469456556,0.19251319607911593,8.028352123148267,-0.3751979131512104
11231600,dam,0.2807633692658288,0.27283418702952567,0.5379957078733587,0.5410191439454833,1.3235100112593658,0.4483961209511105,0.3820645531030572,0.6842517894955554,0.5787229003089025,1.323531898536794,0.3672646051276529,0.3011554994897335,0.6238941426652916,0.508910081755057,1.3252056459690438,0.38291320617639146,0.31281448622059027,0.6378317726218311,0.5146113475857668,1.3247398366901126,0.29015691618472694,0.27771243214676833,0.54669117350934,0.5401061794124103,1.3235863289546506,0.3084248655939529,0.286629361809684,0.5637224547440982,0.5376686446940544,1.3237426274658788,0.2950444693466281,0.28000097965303716,0.5512352140234381,0.539256700998449,1.3236114469439613,0.32130359091865524,0.2919309276672132,0.5759361226817672,0.5345214384641536,1.32382301940807,0.4483961209511105,0.3820645531030572,0.6842517894955554,0.5787229003089025,1.323531898536794,1.3572088082974532,0.3520849064385251,0.45552620932518284,0.40793851055719665,0.6846294457046714,0.6173781042751403,1.3235408871790435,1.9136644196994088,0.363258744041402,0.4617516041787252,0.4203383180191095,0.6879969427639511,0.6339630173468519,1.3235408554764805,1.9136644196994088,0.36826444294871385
11234760,dam,0.7188585121260573,0.7149224434392948,0.8516241518637555,0.7768344743319344,1.0972160948494032,0.7178996138539238,0.7145369276693199,0.8510152505007521,0.7767479485459552,1.0972174449503689,0.6704217096624827,0.6728398544813801,0.8232637455361447,0.7424701079427624,1.0973468636928763,0.6762673988986343,0.685763170432298,0.8256834582578039,0.7573271185591247,1.097305708696793,0.7129431005694757,0.7108992466302564,0.8480752871391602,0.7740710840245492,1.0972329787019937,0.6968702976496706,0.7000456167117719,0.8383298358722711,0.7668172517386496,1.0972686794298045,0.7117160170607064,0.7092311274161989,0.8474464892632414,0.7723635438110605,1.0972399477544363,0.6927559232731757,0.6945121930624726,0.8361745128985295,0.7612149258090045,1.0972918203502573,0.7172907249822895,0.7144933486991385,0.8506023894702838,0.7769682302846409,1.0972174449503689,0.07049999999999985,0.791330560472145,0.7174018807562947,0.714554005650841,0.8506709096779764,0.7769999843917028,1.0972174444854224,0.07049999999999985,0.7913279448889805,0.7174502415493091,0.7145794044050129,0.8507008476988748,0.7770124487115107,1.097217444331385,0.07049999999999985,0.7913260061857783
11242000,dam,0.7180636745206157,0.6921139511062953,0.8514162440613632,0.784726249495773,1.162400427703834,0.7175443070542051,0.6918005740263204,0.8511047343736318,0.7844987946156903,1.1624078708759782,0.7033082029269142,0.6848480831592983,0.8423174308686183,0.7807454659693656,1.1624327164936452,0.702529289349812,0.6843296433952712,0.8418508468841776,0.7803342929250107,1.162430282099582,0.7164264607412216,0.6913054665047691,0.8504116490156245,0.7842679191102953,1.1624047706645695,0.7118074234688969,0.6891526258468945,0.8475550908274299,0.783185607662578,1.1624135430332152,0.714870495731228,0.6903699594961086,0.8494771398120458,0.7835810906822717,1.1624083933576215,0.705963473492373,0.6857222048706364,0.8440149557573792,0.7807799531498735,1.1624246580511413,0.7175393867094009,0.6918263000569931,0.851098353567869,0.7845357883327642,1.162402286058355,0.012499999999999975,0.8119652179274994,0.7175463373730898,0.691830696057347,0.8511024925892291,0.7845392153367378,1.1624022858572194,0.012499999999999975,0.8119647556231573,0.71754871489205,0.691832187757164,0.8511039099061324,0.7845403693789648,1.1624022857903844,0.012499999999999975,0.8119646136141134
11270900,dam,0.40191964731052043,0.6389398478462583,0.6960398461081155,0.9051482533099466,1.1702228083106108,0.3301078274195157,0.5831374621340855,0.6466342101901286,0.8640394690819826,1.17441825621347,0.4164867719899976,0.6420572306325951,0.7023679158374809,0.8972845245118277,1.1702577449478322,0.4144292384462287,0.6423680240620343,0.7018168074918838,0.8999999474889018,1.1702568748002236,0.45228175809001303,0.6333126878138382,0.7135628410949704,0.8473264961837913,1.1705993556529701,0.47133649004735867,0.5784848101133192,0.7152119277531789,0.7410165806260035,1.171750975835646,0.4451097510755757,0.6350642064584063,0.7108795553171102,0.8567710119276645,1.1705079436565216,0.4737661674282452,0.5946934730622198,0.7178448957831168,0.7648180233272308,1.1713222571384536,0.3301078274195157,0.5831374621340855,0.6466342101901286,0.8640394690819826,1.17441825621347,61.21938685374067,0.6663455245612048,0.2546869004279264,0.5804842965356839,0.6237133402690894,0.9312374674965529,1.1722599468403097,43.46576466615588,0.6437843602348456,0.25464303827493173,0.5850888144150708,0.6268067558216465,0.9411732923060409,1.171515343001776,30.609693426870336,0.6321611190631111
11276500,dam,0.5349270349367771,0.56486934422707,0.7359426795805913,0.6542377165661035,0.9921985590510669,0.4890232025294373,0.5889807296380909,0.6995938466659787,0.7195839807643523,0.9922643808311543,0.4718731472171055,0.511037658880594,0.6903652240784578,0.6216428806991716,0.9924922142168646,0.4910707391643273,0.5353240526988101,0.7034265693766112,0.6423555290153652,0.9923600639627773,0.5200515757073421,0.5539537238792248,0.725192490241312,0.6487474997442676,0.9922673364526736,0.4836607424168622,0.5261675127111511,0.698377270715266,0.6346456298094199,0.9924409410764539,0.516049756070637,0.550973494063431,0.7222803904830367,0.6472438675495594,0.9922713169325983,0.4715597184635375,0.516442836071767,0.6893035195007174,0.6295430043913678,0.992460623613267,0.4890232025294373,0.5889807296380909,0.6995938466659787,0.7195839807643523,0.9922643808311543,10.349258453288162,0.722484351135107,0.4914301873443202,0.5825599005407472,0.7010689797290814,0.7087332158191383,0.9922448604604516,7.347973501834594,0.7223765365678846,0.48709832534532715,0.5821246104206268,0.6980549123873652,0.7112287026433868,0.9922448013765178,7.347973501834594,0.7221103274965012
11277300,dam,0.14022924227112898,0.08989468475431805,0.3954996818879982,0.4856316890651841,1.4453047169601905,0.08506716066888509,0.0628066063939754,0.3434597018254249,0.5010335398393164,1.4453299513016544,0.12506798782194517,0.05577445972511519,0.3733253350737723,0.45218482725462145,1.4458018301408702,0.12483261983519878,0.0707717223237112,0.37714734663703364,0.47373678436592515,1.4456083393546826,0.13332685980067782,0.08184006620354023,0.3874704990064306,0.48093433936341795,1.4454167872786083,0.12635617289052126,0.06813547308618995,0.3777302522939837,0.46851363844906957,1.4457287348775527,0.13148044792422486,0.07773298490298375,0.38476894186988475,0.47692643280717434,1.4454898826597875,0.12565273660667342,0.058216864646173594,0.3745364701680476,0.455321041033156,1.4461789759119463,0.08506716066888509,0.0628066063939754,0.3434597018254249,0.5010335398393164,1.4453299513016544,2.907335362699394,0.5360450681756688,0.07771757954708891,0.07347963715604788,0.3431184111012511,0.5218494367995362,1.445329765276725,2.907335362699394,0.5435995199724748,0.07515112165728777,0.07974832886302097,0.34434854415215543,0.5323828906474994,1.4453297045064657,2.907335362699394,0.5425647900730126
11278000,dam,0.42340945225442517,0.37449415057868973,0.6843815515712347,0.4772559573594118,0.8644226104563578,0.4133355368399071,0.3687528287778795,0.6740625943052538,0.47668675984961045,0.8644232636909698,0.41703959256666634,0.3706494859060576,0.678017124475239,0.4765225230552657,0.8644255607030186,0.4178378212711118,0.37101030462060836,0.6789011330364577,0.4764131606955172,0.8644257537902903,0.4154665136033946,0.36955119825711713,0.6765389855152307,0.4761120005822588,0.8644270388550965,0.3964573006711183,0.35755498909625427,0.657530662148182,0.473622971824191,0.8644361077747656,0.4159568556020983,0.36979753712778063,0.6770660334658473,0.47608335979133426,0.8644265823208942,0.39759776778638956,0.3580711915478625,0.658814261555519,0.47341957848452254,0.8644347143275339,0.40884557497420815,0.36624843315191014,0.6693923921870841,0.47658944726876035,0.8644232636909697,0.09088075731669547,0.6262795562539089,0.40872125764531253,0.3662868900110302,0.6691920036577902,0.4767626505588278,0.8644232635083683,0.09088075731669547,0.627026160821614,0.4087332893303758,0.36633826433958117,0.6691752364921815,0.4768354755949404,0.864423263447602,0.09088075731669547,0.6273282432996581
11289650,dam,0.5608520116244762,0.5951576713650717,0.7527074519019229,0.6864325613667736,1.0664768240720721,0.5042307874984802,0.4807035297358695,0.7308718962667489,0.5646044548810231,1.087576293026585,0.5110033114525642,0.5516774896916816,0.7183472901220941,0.6576332442227816,1.0667070371562621,0.5106776048709527,0.5551698230340232,0.7176483656793551,0.6628062114045763,1.0667217346050573,0.49216384553757175,0.5175768376095957,0.707703626686617,0.6222495289134375,1.0678197563581735,0.38829065161361054,0.39039854944907115,0.6356502208632129,0.5172382528120122,1.0761857100037293,0.5384311541606861,0.5422739643938241,0.7440369827066007,0.6266403534441136,1.0678132123812814,0.4740616064835911,0.44759022358183953,0.7123133164795284,0.5344692524841389,1.0753263322130961,0.5042307874984802,0.4807035297358695,0.7308718962667489,0.5646044548810231,1.087576293026585,47.49043582624104,0.7081857061331145,0.4626134414118348,0.46192579572616865,0.6936022342567905,0.5668204418164587,1.0894412031694458,47.49043582624104,0.7003714877365066,0.4412752662324845,0.4536535256255644,0.6740583783497924,0.5709360921107655,1.0903365501014248,47.49043582624104,0.6936284688309687
11292900,dam,0.3635697121017971,0.2797602436439691,0.6418745326498727,0.51860421248525,1.3984338741047269,0.3170361387076245,0.25103891059563155,0.5986338174757907,0.5108293934271776,1.4006994118200056,0.3316742976934526,0.26346440326764264,0.6112928623785508,0.517795715192061,1.3985855919735353,0.33341152251585937,0.2632362897188989,0.6133420735142789,0.5158449129137684,1.3986355030870439,0.3514740369484557,0.27312328152272003,0.6305121987528662,0.5172885602192877,1.3985200051423885,0.32926926605792783,0.2604890485916671,0.6095344537661005,0.5147665083936142,1.3986998408334215,0.3531185961791895,0.2738070726102667,0.6321512943884379,0.5170651815505856,1.3985190819772622,0.3325466771987511,0.2617251954371116,0.6128687398403908,0.5139761309833953,1.3986977215958656,0.3170361387076245,0.25103891059563155,0.5986338174757907,0.5108293934271776,1.4006994118200056,1.7495626146803187,0.605811662076907,0.3094923846936146,0.2472562424824558,0.5911960122098746,0.5112162386140265,1.4007404380068254,1.7495626146803187,0.6062292431064007,0.30133215196621443,0.2426901228421764,0.5833150438250627,0.5115609065990145,1.4016455519184943,2.4668832866992494,0.6063988393715123
11302000,dam,0.24284067965218803,0.46348867697535334,0.5343168543581871,0.7373826176995791,1.0448967494644927,0.43759275051756674,0.42925059255823506,0.6801692862482223,0.5318902663354076,1.0658519391105428,0.31500740768597246,0.4733921854938633,0.5747644886504629,0.6926860560373475,1.045262457206244,0.2916924137473478,0.4618916325540683,0.5585149148612856,0.6956749071051814,1.0451416941413152,0.25200334212412934,0.4644144247975288,0.5389057313159842,0.7312505404300339,1.0449189462539543,0.26648043796735477,0.465300905903661,0.5462284430157547,0.7207640696040325,1.0449643244743843,0.25678335876772185,0.4642279420724018,0.5411158117370823,0.727131699710352,1.0449431920906296,0.2760221589603056,0.463581930956797,0.5505412988168246,0.7106860501579354,1.0450406389114848,0.43759275051756674,0.42925059255823506,0.6801692862482223,0.5318902663354076,1.0658519391105428,47.49043582624104,0.45123842933062797,0.39539305848611006,0.40885253071355165,0.6398108889757153,0.536171588603616,1.0676929798783792,47.49043582624104,0.458826673582592,0.3707691941264807,0.398298133372074,0.6161198080047976,0.5417608031005335,1.0685417604252254,47.49043582624104,0.46032308007100453
11314500,dam,0.6263519857381665,0.6707212421302384,0.7932132993199721,0.7605808887149765,0.9086640817771501,0.6305138507631938,0.6795243930447461,0.7955501482246952,0.7707324621010175,0.9086694529298497,0.6308209561410445,0.6522906660950152,0.7980934234879864,0.7320075751466627,0.9088102227929302,0.6337973375821246,0.6656792157425963,0.7987685441143973,0.7490953161629577,0.9087688234358449,0.6328999308172576,0.6716005771417701,0.7976471246264578,0.7580027965405333,0.908693656959247,0.6352274554743651,0.6682054836658362,0.7995430848369265,0.7518485850924002,0.9087558138176338,0.6337873597594337,0.6708230762287317,0.79831996807276,0.7563885735307339,0.9086978381474338,0.6348060224271569,0.6640633247849457,0.7996387221925734,0.7462561989860738,0.9087701169740686,0.6305138507631938,0.6795243930447461,0.7955501482246952,0.7707324621010175,0.9086694529298497,0.8167347399191549,0.7995291340153224,0.6303074371276881,0.6800501218910693,0.7953885887056437,0.7716125527747959,0.9086694529743417,0.8167347399191549,0.799688699523522,0.6300745930038392,0.6802256995061308,0.7952258066600265,0.7720046838602396,0.9086694529927845,0.8167347399191549,0.799753057722675
11319500,dam,0.6873677741982438,0.592023680683289,0.879497139791018,0.6942160911231977,0.7582978302193195,0.6847994084187347,0.5905413487122706,0.8780158419520311,0.692816595034943,0.7583088582223826,0.5477476615291138,0.5153164087589426,0.7891619853753248,0.6364463872636972,0.7585579036832307,0.5260699107244113,0.5188834708673871,0.7687410771972596,0.6540945457415318,0.7584594403770427,0.5788047085842987,0.5419986541307414,0.8072657573528621,0.6619769110541767,0.7584236438125403,0.48566850651894733,0.4863666630189505,0.741927302920028,0.6271268295584188,0.7587878803936235,0.5884717561279537,0.5441188711895455,0.8148860924903291,0.6605693579565741,0.7584481751383715,0.4946055942727404,0.4851404176277956,0.750536475459088,0.6195546349087449,0.7589405391512539,0.6848370688462839,0.5906659627488839,0.8779975170256661,0.6929965306422877,0.7583005626760302,0.012499999999999975,0.8430029481553651,0.6848363093145822,0.5906670144860711,0.877996485428053,0.6929983444986544,0.7583005606517215,0.012499999999999975,0.8429969687044565,0.6848361461296758,0.5906674254345883,0.8779961901616278,0.6929990102974853,0.7583005599780026,0.012499999999999975,0.8429949949830151
11323500,dam,0.5163969293007052,0.713238878604812,0.7418295713303692,0.9101688816234095,1.0866622217322854,0.6715459881295853,0.6312256706456161,0.8382445361955049,0.6834493796157093,1.0981090243274745,0.5756021078028948,0.725693935273001,0.7700089233834065,0.8782718086581364,1.0867765478420952,0.5778219156625639,0.7288353281102782,0.7717400323825637,0.882081859131225,1.0867351054556296,0.5998578904817098,0.7313240327453301,0.7827559297266393,0.8679009209076022,1.0868425161671174,0.6467076430181795,0.7240052895386069,0.8078250809304701,0.8222098744091574,1.0873644774818707,0.5990915628940257,0.7299013340501588,0.782136660990284,0.8660555142034767,1.086877670250338,0.6567630476881984,0.7215477030421629,0.8139170300922908,0.8122821645449598,1.0875832417959999,0.6715459881295853,0.6312256706456161,0.8382445361955049,0.6834493796157093,1.0981090243274745,22.169591661216124,0.8222920334927124,0.6719765862746732,0.6295290156869039,0.8390936686779894,0.6808905180828478,1.0976065638621317,22.169591661216124,0.808791321792189,0.6706091733016097,0.630591952675968,0.8376188522962204,0.6827363244275407,1.0971515746676854,22.169591661216124,0.7963302287482825
11399500,dam,0.026237485254021142,-0.21382600479721536,0.29326644781649824,0.108502016041666,0.5767594056115541,0.020495352243755205,-0.23000136133590243,0.2544862784933191,0.11792432383496232,0.5768509228990049,0.03557942049285956,-0.18282148758243943,0.3637095299471852,0.09703594287601784,0.5770850904154589,0.03799232770653682,-0.17499579952438116,0.38068605641757697,0.09551459020465387,0.5769497528050933,0.03307541313833895,-0.19329797278238914,0.33652452371186514,0.10296612090424136,0.5768090691363911,0.037173756346290276,-0.17924546418318488,0.3688916316936811,0.09816054031534853,0.5769070064323368,0.03587078266159027,-0.18355788189424427,0.3593277671205025,0.09927028911774442,0.5768755056190233,0.03700279441013887,-0.17569307125321676,0.3828706229204544,0.09304335370112193,0.5771109229685338,0.020495352243755205,-0.23000136133590243,0.2544862784933191,0.11792432383496232,0.5768509228990049,13.341112707816194,0.07415966991602874,0.020377560237730963,-0.23004104341009146,0.24861621676650275,0.1228636242513073,0.5768509044018272,13.341112707816194,0.07339677963170321,0.020333494321509216,-0.2299157864020842,0.24618337712479232,0.12512962007602743,0.5768509021045205,13.341112707816194,0.0705998596674986
11400500,dam,0.3758943281907462,0.6418811785431214,0.6667250307089969,0.9124891758749736,1.0975640342887856,0.38430527703198814,0.6428686798665442,0.6695989722500681,0.9058805013962178,1.0975677234777277,0.4163783399552339,0.6205338771547406,0.6719727071133738,0.8360902771349731,1.0976024398209139,0.41370119798440996,0.6344620160671648,0.6757917038112281,0.8622290585867903,1.0976020803168314,0.4050087935767145,0.6408654610466455,0.6752168044979259,0.8818022081987925,1.097584706803978,0.4160777202577055,0.6194302579519511,0.6714883267481554,0.8345233681678911,1.0976262947022597,0.4043222661027289,0.6407720638866572,0.6749403282696077,0.882281462394605,1.097587221514032,0.41562131879456043,0.6195279537859635,0.6713244870091042,0.835078893976326,1.0976340816436325,0.38430527703198814,0.6428686798665442,0.6695989722500681,0.9058805013962178,1.0975677234777277,0.0499999999999999,0.7937839817197285,0.3843304448602466,0.642904878942333,0.6696249269714458,0.9059267518447272,1.0975677230752252,0.0499999999999999,0.7938519612871332,0.38433836568974156,0.6429171936583934,0.6696335724200684,0.9059431365983304,1.0975677229410976,0.0499999999999999,0.7938744937802806
11407000,dam,0.409187484439994,-0.6270000531753275,0.7668388294189119,0.7405222761628684,2.589162154217774,0.46244585529978643,-0.6387011658818127,0.8151139437502968,0.6637535345841509,2.5931406001236024,0.11565059988619153,-0.7316932502665165,0.5452843509338394,0.4897255191647621,2.5911050077607327,0.12500111751549192,-0.7291911354835965,0.5548300998019654,0.48965730255430734,2.5910613043363777,0.11201404200583409,-0.7405916603163316,0.5446566902186962,0.47315966204385984,2.5952307220281434,-0.05841921242965453,-0.8411169944642272,0.35599075437188404,0.3923547231317686,2.614227708952558,0.23968238106010775,-0.6967051743351798,0.660056376661808,0.5314410598480792,2.5948978967856164,0.014222717074469649,-0.7825464770701931,0.44434682359209693,0.47000375249792437,2.6086719578885194,0.46244585529978643,-0.6387011658818127,0.8151139437502968,0.6637535345841509,2.5931406001236024,3.7478133267479534,0.5742236753518091,0.4636416155903704,-0.6372329912307853,0.8144723640277307,0.6705833713131325,2.5929833798912103,3.7478133267479534,0.5781488145450832,0.4633727648105177,-0.6365634097329422,0.8135123932211518,0.6741364160004774,2.5929140250552125,3.7478133267479534,0.5795205601340317
11414250,dam,0.10685523161183952,-0.7143046757212528,0.4241321575201687,0.4408379205678921,2.5147787026897808,0.05610407614811663,-0.7454573561418585,0.36551593499033336,0.4288165988394387,2.5224325520682975,0.09458064811997824,-0.7200057807906366,0.41008955766545374,0.4386426251855718,2.515025892095353,0.0916842974358969,-0.7210357310050353,0.4068126444983632,0.4389651656210092,2.515035532019744,0.09899767774625079,-0.7177532322326743,0.4151802884077867,0.4398954742588113,2.5149075853078426,0.08329568038667223,-0.724761916299274,0.39719586752248215,0.43814817619225066,2.5151743707799037,0.08888786264978665,-0.7227545367197221,0.403531846978486,0.437558606999491,2.5151794004866668,0.05982696004560195,-0.7378786347073507,0.3694098486275533,0.43071317330239717,2.5160774119130376,0.05610407614811663,-0.7454573561418585,0.36551593499033336,0.4288165988394387,2.5224325520682975,1.7495626146803187,0.2756323476174102,0.04927212002949022,-0.7484207514381822,0.35764004519301434,0.42919605191963095,2.5226725404287977,1.7495626146803187,0.27638653463333396,0.04635564373633594,-0.7496516088582401,0.3542927032445337,0.4294287426264651,2.5227577875539366,1.7495626146803187,0.2767688593994906
11422500,dam,0.6847728100758927,0.45672545865368364,0.893863315321623,0.6756587229818967,0.5772885529550931,0.6691250960757344,0.44547421931425646,0.8876747437392065,0.6591231766990996,0.577288668726083,0.6715427425746132,0.4467586077832373,0.8889251262069776,0.6608015556262878,0.5772910861972985,0.6548789236708046,0.4365266184030969,0.8810978628363431,0.6468984141309932,0.5772899296172889,0.6683269302387307,0.44430899060214835,0.8877354321763996,0.6572099346393989,0.5772895366482416,0.620259443440877,0.4186913517379546,0.861736624220215,0.6256732036527091,0.577291550831311,0.6648508173735279,0.4425484653062278,0.8858727403692639,0.6549731945061572,0.5772900691581349,0.6098105095770937,0.41373178402479127,0.8553485373933818,0.6203878704224575,0.5772932381589773,0.6691250960757344,0.44547421931425646,0.8876747437392065,0.6591231766990996,0.577288668726083,0.0499999999999999,0.7744193322604579,0.6687999225227128,0.44590746979375917,0.8871213337267639,0.6600116632516441,0.5772886687042612,0.0499999999999999,0.7745034739153476,0.6687070945245709,0.4460825750816203,0.8869312221878458,0.6603603446293032,0.5772886686970069,0.0499999999999999,0.7745311631527476
11424000,dam,0.8093960873316521,0.7977258125819937,0.9032251527426589,0.8234853265806683,1.019800149029735,0.8028897771042194,0.7721640158610027,0.902495665830148,0.7950363742080109,1.0198003178984762,0.766229430539771,0.7301072020296918,0.8846712349105152,0.7567940192811864,1.0198052841882181,0.7575722578895696,0.7221719242888233,0.8800577812444872,0.750179901744616,1.0198046035317645,0.7623968206656415,0.7266982456698218,0.8826105906756297,0.7539892611806838,1.0198063596857854,0.6448754423090282,0.6269808502287124,0.8148658760915234,0.6767728795344475,1.0198209701145622,0.8066586429104958,0.7740489469424718,0.9047228430950229,0.7960783768455861,1.019801852438081,0.7613513234355894,0.7255497754875406,0.882092780781318,0.7529604131265957,1.0198054514837402,0.8028897771042194,0.7721640158610027,0.902495665830148,0.7950363742080109,1.0198003178984762,0.0644544378132592,0.8623867741903274,0.8022056530610078,0.7732600208858952,0.9018621885284682,0.7965597495494778,1.0198003177972372,0.0644544378132592,0.8636892004802071,0.8019790396281609,0.7737315982549748,0.9016364233831564,0.7971948130844141,1.0198003177632258,0.0644544378132592,0.8641639667063399
11427000,dam,0.8911460360815531,0.8576364117081835,0.9458504275902015,0.9162917565295016,1.101627481786383,0.8881787392401913,0.8540586294238526,0.9444003448770817,0.9112348459836561,1.101628290491928,0.8502579800015642,0.8237245546495027,0.9247324923608762,0.8772114747617524,1.101640607028524,0.8446573138059413,0.8180648876182812,0.9218845430539425,0.8708936859195158,1.101636214844949,0.8823158813538724,0.8482491211963084,0.9414644421080366,0.9037014872227536,1.1016292975320592,0.8579191126185952,0.8280763966502482,0.9288863956391634,0.8809566464378954,1.1016329702225658,0.8670283014078405,0.8349085273863475,0.9336588104586602,0.8880854195849296,1.1016325124677293,0.8052352817870293,0.7877997376290212,0.9006922674447182,0.8424067364750579,1.101642948090849,0.8882307421551244,0.8541703134038727,0.9444227140168928,0.911404564215714,1.101628300850054,0.012499999999999975,0.9278600051375692,0.888203491377112,0.8541858614563922,0.944406468870101,0.911440354371724,1.1016283004970446,0.012499999999999975,0.9278561349065525,0.8881944062745555,0.854191290283132,0.9444010384700438,0.9114527026501811,1.1016283003800176,0.012499999999999975,0.927854711856677
11428800,dam,0.21846688250890167,0.128583532393733,0.558071997249458,0.2534199297536775,1.0817587861412892,0.21733808268603128,0.1267787995484434,0.5592100407771614,0.25064368587829533,1.081759349632436,0.20101837109700593,0.10470014520189141,0.5612900296600105,0.22385359326534707,1.0818055452807849,0.18238966014120417,0.08305526976517597,0.5247407347600773,0.22011241400128717,1.0818023368500151,0.2155156762349565,0.12196418857391722,0.574465138220304,0.23633815904308492,1.0817775043828672,0.17911219838318027,0.07882558446054588,0.5209163012508248,0.21747481504299396,1.0818257193385306,0.21665626923290482,0.12313044751746205,0.5768768648216207,0.23633913554735467,1.0817869711579038,0.18159767742350152,0.08162751739346685,0.5285471987274117,0.216138051764124,1.081857920135888,0.21733808268603128,0.1267787995484434,0.5592100407771614,0.25064368587829533,1.081759349632436,0.1380706234676368,0.4413916486325694,0.21777266448900867,0.12740214490832058,0.5591158200160017,0.2514256445693227,1.0817593477345742,0.09803014266202212,0.4411528807292443,0.21768464490435202,0.12733328878947126,0.558840869692679,0.2515073682641607,1.0817593471026146,0.09803014266202212,0.4411244074730296
11443500,dam,0.5157197160353085,-1.5366717192203767,0.819474397164468,0.7991811758973413,3.5222580592991184,0.5188360474820621,-1.5388825734417124,0.8220996206837285,0.78383473202758,3.5234002365236377,0.46089953264670513,-1.544282773230901,0.7861694064764273,0.7444237551594471,3.522366367224651,0.4782273430505548,-1.542526920591809,0.7972398239053418,0.7531709803016241,3.5223811940225986,0.5160761771007434,-1.5375312289075058,0.820055020997393,0.7883579780646157,3.5222791670954448,0.50052206217424,-1.5399242275910106,0.8109894072190575,0.7689518596180142,3.5223217151161377,0.5144809116371615,-1.5379671536263504,0.8192213409069703,0.7841402980072806,3.522300723220445,0.4865371784146638,-1.5416481600143896,0.8024498428381239,0.7581119987141364,3.522387658458505,0.5188360474820621,-1.5388825734417124,0.8220996206837285,0.78383473202758,3.5234002365236377,0.6335752569011934,0.30689080390241885,0.5191732198486423,-1.538079682273374,0.8220774897147244,0.7882507492487815,3.5229653800060348,0.44983843239984733,0.3064322973876712,0.5187987018996121,-1.5376179490743582,0.8216976340271511,0.791308097398352,3.522728842254225,0.3167876284505967,0.30634519200708643
11446500,dam,0.5372188714231396,0.7663319632767728,0.7852788725482219,1.0618312617892127,0.9316444305306539,0.7127473428843667,0.8322863941671137,0.8525779812450138,0.9583474710774901,0.9317382332338757,0.7252249483280244,0.8385986120303012,0.8592893030142663,0.9602433514842634,0.9316602846718655,0.7161851912704027,0.8373009551146892,0.8555988796050447,0.969190174937796,0.9316622336119302,0.5779666047643555,0.7843336493997286,0.800978108833571,1.0472232675898272,0.9316463269756711,0.6387454234115266,0.810702894724099,0.8246819504921354,1.020622197801905,0.9316501606409159,0.6005048152329284,0.7942400442499815,0.8096236589213127,1.0377094912093308,0.9316479523315192,0.6793313414122908,0.8264827094026717,0.8405538371836622,0.9962379053637382,0.931655154229954,0.7127473428843667,0.8322863941671137,0.8525779812450138,0.9583474710774901,0.9317382332338757,2.907335362699394,0.7704698945404873,0.7096574618320869,0.8330951948378023,0.8517433629577948,0.9651191716557891,0.9317320618944094,2.907335362699394,0.7749677829315718,0.706829042299246,0.8328821836462665,0.8507090145128445,0.968698043253875,0.9317302871034466,2.907335362699394,0.7761698610048197
11451000,dam,0.5964621969551099,0.7717632053492048,0.7959435646130101,0.9810456158946422,0.8995324085447899,0.6446322911689283,0.7246686007925632,0.8049137318505599,0.8311613609708219,0.9038634235068431,0.6820296604776741,0.7872906016218373,0.8319008154459064,0.9169296812035418,0.8995645757429008,0.6792581379814561,0.7837242065820713,0.8299260238951506,0.9118981653495468,0.8995603255597376,0.6687871244404293,0.7900322895989482,0.8268323320799562,0.9366718490627887,0.8995562670094985,0.6789167921064028,0.7731439329889439,0.8280731417757015,0.891250652285676,0.8996087158536371,0.64870743722494,0.7858060267877645,0.81778329039774,0.9491657852667044,0.8995409958509507,0.6745280864362184,0.7811571689756558,0.8272320933972545,0.9108091836954806,0.8995588061312086,0.6446322911689283,0.7246686007925632,0.8049137318505599,0.8311613609708219,0.9038634235068431,47.49043582624104,0.8288427024223903,0.6234738093398178,0.7197572897876161,0.792562309763886,0.8382562110891375,0.9033329009153241,47.49043582624104,0.8180770650933408,0.6107521532088002,0.7173775694943523,0.7853386594830791,0.8436965975704926,0.9032260701358176,47.49043582624104,0.8098429112170256
11454000,dam,0.506725182980694,0.419972789591199,0.7725415036576878,0.4824482930901065,0.8702524453757774,0.4277232198995139,0.32404985763062577,0.758480680665229,0.38214234865391805,0.8702736108945077,0.4715216163174968,0.38063822270123937,0.7595889250838823,0.44411603527928173,0.8703676583458758,0.4286776240412451,0.3554203918998259,0.7165325105269871,0.43580683187987285,0.870326862315222,0.47366662228720524,0.3876074983760973,0.7553368486690647,0.45378586360185447,0.8703287401741403,0.3724199140060451,0.3141987498816332,0.6617753290165792,0.41762448590529533,0.8705156874945853,0.4834468259085394,0.392828281476996,0.7650371057999582,0.45536002210076254,0.8703187423054659,0.3918455444320623,0.32647143800898115,0.6837886813109103,0.4195883259249193,0.8704877830165856,0.4277232198995139,0.32404985763062577,0.758480680665229,0.38214234865391805,0.8702736108945077,6.227928126848629,0.4056059191141055,0.44941475339957404,0.34718690617507264,0.7645824328282771,0.4050942476703151,0.8702670034984454,4.421828970062526,0.39280030293379586,0.47118845833107725,0.36846015772276586,0.7740725175470223,0.4247022120339366,0.8702625720257737,3.1139640634243144,0.3852807499254354
11461500,dam,0.7516508685682999,0.760628711891491,0.8740564452128601,0.8814332679545057,0.8345347026402288,0.7493398053715655,0.7587310074845574,0.8727250894934668,0.8790336906055924,0.834534064241406,0.6355232769188925,0.6934912973520151,0.8052593092841709,0.8307520914281517,0.8345346150322435,0.6450061397707858,0.6974270255078404,0.8109811189918854,0.8313482075220804,0.8345344736524916,0.6359864972937075,0.6930566217087929,0.8055063798130254,0.8296840804225537,0.8345341221826301,0.49486521625707025,0.5976883147843541,0.7143147592004188,0.7700885276105045,0.8345329334458592,0.6080066133856048,0.6739418707043601,0.7880565391336646,0.815569161695753,0.8345335715071933,0.4644365755995775,0.5672573173377351,0.6924033790437522,0.7445186571611953,0.834531478415642,0.7493410442719919,0.7586933073080033,0.8727253194148613,0.8789591918064115,0.8345333919736567,0.0999999999999998,0.7597179706161565,0.7493559745832066,0.7587093309686297,0.8727339730450825,0.8789820145729419,0.8345334095719233,0.0999999999999998,0.7597267514667225,0.7493611336276318,0.7587149166260536,0.8727369639974132,0.8789899985248498,0.8345334152489975,0.0999999999999998,0.7597298614776378
11462000,dam,-0.07090728294728477,0.44271313491464703,0.4661025398675309,0.9895627866777365,0.8405847666036129,0.3002491227713374,0.5638249849163705,0.6155433275358219,0.8695049305182171,0.8405862376646209,-0.014672469248446118,0.46357159052031693,0.48831583340927315,0.9771680199413684,0.8405840257569585,0.04465654836216859,0.48580619858365603,0.5124736821735477,0.9639429297617111,0.840584685405063,0.17598048300041014,0.5342592131482743,0.5677916354200017,0.9314652856141956,0.8405841819379142,0.30820355788883813,0.5650933362539106,0.618705204022557,0.8645588691464483,0.840582984583247,0.21497775714621814,0.5455983631939758,0.5829303597709365,0.9156188241555346,0.8405836272702867,0.31867551004849837,0.5538685627024911,0.6170189106273682,0.8358522237579364,0.8405815190046059,0.3002491227713374,0.5638249849163705,0.6155433275358219,0.8695049305182171,0.8405862376646209,1.7495626146803187,0.42226106975222966,0.3139652357942343,0.5781937497213028,0.627352893126227,0.8832013946562904,0.8405862857137248,1.7495626146803187,0.44791437611859053,0.3148551767573129,0.5832586286493325,0.6304144754858095,0.8919852615845208,0.8405863025024474,1.7495626146803187,0.4545834373786347
11470500,dam,0.6439159231991152,0.7848621332251093,0.810817528373813,0.9227044400742984,0.9327713560628369,0.656271423636386,0.7708733258361753,0.8138045802766762,0.8846283859078374,0.9327713665972606,0.6659288170034914,0.7777885017668428,0.8195978992991675,0.8890344897044736,0.9327713786055034,0.6636551522312792,0.7809173402233915,0.8189455829742798,0.8965745498584708,0.9327713888787532,0.6620815966625178,0.7823823742532079,0.8184322853422994,0.9006475501027317,0.9327713845965762,0.6545788232184186,0.7614400390195296,0.8117502847519068,0.8697954713803351,0.9327714315268706,0.6626405019637049,0.7828721353726285,0.8187821019198329,0.9010813674191376,0.9327713815300308,0.6581386034999449,0.7632437684024318,0.813817308435093,0.870116063747764,0.9327714222554638,0.656271423636386,0.7708733258361753,0.8138045802766762,0.8846283859078374,0.9327713665972606,0.1071071505329564,0.7851409434623836,0.65546803754888,0.7715123446563625,0.8134954496682851,0.8864087494417888,0.932771366616453,0.1071071505329564,0.78435251895939,0.654945199364986,0.7717624973066589,0.8132728959976256,0.8872806266836987,0.932771366622847,0.1071071505329564,0.7837479773810002
11480390,dam,0.7627239586132204,0.7239455344413217,0.8775202929584541,0.8507626544753585,1.1973144800025162,0.7580040837165517,0.7211907923715553,0.8748322072085076,0.847901157120666,1.1973158379372395,0.7388523956058134,0.7107109962840059,0.8637775221752797,0.8381432584621685,1.1973169010121576,0.7362250338198717,0.7088473209792092,0.8622718112534031,0.8360881641790577,1.1973163414504078,0.7156679825068657,0.6974949814655905,0.8501976843591268,0.8264084024509576,1.1973182954708126,0.630477514041084,0.6461963484525837,0.7982581877808426,0.7865994922243937,1.1973258430412226,0.7225420093314369,0.701315783077284,0.8542552844586837,0.8295996215021204,1.197318144979868,0.6467987166070986,0.6563858688710401,0.8084622998031843,0.7939741227058829,1.197325412453678,0.7580297394321631,0.7212079773591372,0.8748467164951972,0.847919396216895,1.197314818169128,0.012499999999999975,0.7269462187257871,0.7579958424278248,0.7212131725779778,0.8748258821802243,0.8479460689532479,1.1973148180581146,0.012499999999999975,0.7269005834800457,0.7579844102523385,0.7212150034647837,0.8748188513026381,0.8479552141858768,1.1973148180210673,0.012499999999999975,0.7268851304500037
11480410,dam,0.7482299624772214,0.6832362017868492,0.8796555785379083,0.7286147581604098,0.8895166320524067,0.7493413655310974,0.6732482601468368,0.8833290324059762,0.7154525911135842,0.8896036372258112,0.7481013794145465,0.6747593077134705,0.8819214376401824,0.7178071867115302,0.8895184306845777,0.7473329073733271,0.6731835394803318,0.8817903987996791,0.7160471517403091,0.8895180149713365,0.7413726846569129,0.6651637646917554,0.8795696159102,0.7077571577996143,0.8895194666648377,0.6935112606319909,0.6256582059216413,0.8536041289017122,0.6736637953973306,0.8895250739547548,0.7439123522368789,0.6679546802386385,0.8807012301432458,0.7104901988951168,0.8895193548611299,0.7048452246278232,0.6337555720845698,0.8602961880744854,0.6799796163569449,0.8895247540598661,0.7493413655310974,0.6732482601468368,0.8833290324059762,0.7154525911135842,0.8896036372258112,1.7495626146803187,0.7715584994632186,0.7495989958675859,0.6740830588296948,0.8832797702539252,0.7164337126649218,0.8895989076284495,1.7495626146803187,0.7710811690766722,0.749664678871617,0.6744211796869461,0.8832303552632063,0.7168437289019662,0.889596447329175,1.7495626146803187,0.7706945817418822
11507500,dam,0.3710736861855214,0.6774821670781479,0.7169428452521377,1.0340922103997752,1.1507783833601817,0.3274148872241063,0.6580319743240388,0.6949790070602977,1.0308769050830133,1.151495680411316,0.4463526888630932,0.7056720784659031,0.7475234117775075,1.012266892825911,1.1507780525623974,0.46282067903624036,0.7034278033371753,0.7460555003797166,0.9728503073581598,1.1507652252194474,0.3992233746763457,0.6886473597645066,0.7291802959991397,1.0294030396698535,1.1507733920977836,0.43441586081227046,0.7014216185001447,0.7428236035972628,1.016741081534847,1.1507616901650382,0.4187628407350352,0.6949590721921357,0.7354209355400133,1.0177985268691332,1.1507683611658945,0.45868878131889024,0.7039334442939817,0.7458919728327867,0.9811116405708827,1.15075724133483,0.3274148872241063,0.6580319743240388,0.6949790070602977,1.0308769050830133,1.151495680411316,8.028352123148267,0.5938521169787984,0.31548900476587305,0.6539500828202518,0.6909425937293295,1.036213204543059,1.1514023402265594,8.028352123148267,0.5878357327592758,0.3433076032701021,0.6648230982924785,0.702285007841605,1.0300179487220624,1.151024043241134,5.700130007435269,0.5857166094814796
11525500,dam,0.09954470874621002,0.22365617146339134,0.40605794673444146,0.5774614776207013,0.7327851527794715,0.15069788769673909,0.23574172755975853,0.44435932924809934,0.5483543692625776,0.7328476535092454,0.1486521452064704,0.234109686548858,0.4424360141959904,0.5479898561342353,0.7327974479630003,0.1372525629492214,0.22948643990401485,0.43289306534857525,0.5520170468767028,0.7328069149978172,0.16903821386541262,0.22017219778217445,0.4558341916190638,0.509328449986348,0.7330610479749978,0.1609995139874577,0.17577055099421524,0.4434750633474822,0.4531991615618991,0.7342124484185151,0.1548699620848848,0.2053256295137501,0.4409335252719015,0.5021501031937002,0.7333588325243631,0.13246366048174518,0.14782607574754703,0.4108745989637637,0.44401107854164956,0.7354097918567291,0.15069788769673909,0.23574172755975853,0.44435932924809934,0.5483543692625776,0.7328476535092454,4.831264020091606,0.4713499731183397,0.1518788039171204,0.23960378962602702,0.4462399621759551,0.5525832512940341,0.7328474775758346,4.831264020091606,0.47527045436058313,0.14090646389422568,0.23887567575245683,0.4382077039843437,0.5614309765631246,0.7328729426277413,6.8120822683291635,0.4761886759048609
04296000,control,0.7832701874091281,0.8428364770749124,0.888830975037489,0.9281056972330023,0.9153062572750712,0.7784929014764976,0.8396716313191913,0.8861384356459577,0.9253855503917977,0.9153039913787866,,,,,,,,,,,,,,,,,,,,,,,,,,,,,,,0.7793534500071483,0.8401664535998385,0.8866173167762572,0.9257176545270056,0.915304882957353,0.012499999999999975,0.8664243191512179,0.7793287168388672,0.8401714947940888,0.8866052000385098,0.9257470200149803,0.9153048680183219,0.012499999999999975,0.866399057373761,0.7793203933536056,0.8401732588013529,0.8866011286270412,0.9257570411430672,0.9153048629867909,0.012499999999999975,0.8663905435445484
01304500,control,-0.49027028598526345,0.42611980945608674,0.8098031682792628,0.8124990625179024,1.507943930710316,-0.44088791382894055,0.4412211209547705,0.8382961536054997,0.830780455155148,1.5073957502490223,,,,,,,,,,,,,,,,,,,,,,,,,,,,,,,-0.44088791382894055,0.4412211209547705,0.8382961536054997,0.830780455155148,1.5073957502490223,2.907335362699394,-0.039186818376996335,-0.44816581787872445,0.43757449347670674,0.8343842288108949,0.8230988485029892,1.50754295317781,2.0642081075165697,-0.04111449757582952,-0.44929269977835773,0.4376685871346685,0.8336837846883692,0.8240533124883529,1.5075414244898775,2.0642081075165697,-0.04190442151936358
01331500,control,0.8149901906187919,0.9066462476918861,0.909000955816531,1.0140128294556605,1.015418743085813,0.813996020450112,0.9062039058686946,0.9076284887058089,1.0052420415506007,1.015418565948155,,,,,,,,,,,,,,,,,,,,,,,,,,,,,,,0.8147567600738193,0.9066221464160787,0.9081456141853641,1.0066679317527774,1.015418626161126,0.012499999999999975,0.8629092662031322,0.8147103337788822,0.9065997366164579,0.9081236301359279,1.0066789167164354,1.0154186229025222,0.012499999999999975,0.8628624349973691,0.8146944036617968,0.9065920557216679,0.9081161211115785,1.006683034815005,1.01541862187043,0.012499999999999975,0.8628464199049913
01333000,control,0.7528472955117073,0.7765934069035805,0.8715112591906523,0.8407299852790056,0.9103662355194669,0.7529623392481478,0.7659674110423311,0.8722852914042586,0.8255684485824947,0.9103683104442618,,,,,,,,,,,,,,,,,,,,,,,,,,,,,,,0.7529623392481478,0.7659674110423311,0.8722852914042586,0.8255684485824947,0.9103683104442618,0.1380706234676368,0.8822286425779198,0.752775939909069,0.7660168640756778,0.8721636369476702,0.8257239807661249,0.9103683019321471,0.1380706234676368,0.8821448895240029,0.7527009020377212,0.7660418378037003,0.8721142836385453,0.8257937324784043,0.9103683004446426,0.1380706234676368,0.882104179085315
01423000,control,0.6790375114136855,0.6147304980999393,0.8473335468689784,0.7391467636974116,0.7610834198026842,0.6641385107117523,0.6056049762349239,0.8383904106932342,0.731021879849628,0.761084646171232,,,,,,,,,,,,,,,,,,,,,,,,,,,,,,,0.672177561285102,0.6103479650041641,0.8432780892432662,0.7350736017953533,0.7610837916769407,0.012499999999999975,0.744830306098192,0.6721207645505132,0.6103547950809252,0.8432341531929658,0.7351096388326775,0.761083798054743,0.012499999999999975,0.744782036427174,0.6721016688562619,0.6103573041338648,0.8432193320661984,0.7351220996484695,0.7610838002365156,0.012499999999999975,0.744765752244813
01440000,control,0.7942148880472817,0.8896845937477322,0.9002021940786468,1.0236537197331002,1.0406249717867562,0.8120431643875349,0.8976261942646624,0.906112780900275,0.9960494776960679,1.0406199404724208,,,,,,,,,,,,,,,,,,,,,,,,,,,,,,,0.8120431643875349,0.8976261942646624,0.906112780900275,0.9960494776960679,1.0406199404724208,0.1071071505329564,0.8354448941339464,0.812275005152075,0.8977719339010795,0.9062585071134622,0.9963744679658864,1.0406197676901048,0.1071071505329564,0.8355668688918687,0.8123503990001671,0.897823905407576,0.9063096018241926,0.9965210640041966,1.0406197070417273,0.1071071505329564,0.8356087347528043
01450500,control,0.7436942936475777,0.8227390991258013,0.8834285252952779,1.0505447419317022,1.1236031849385624,0.7628308845039631,0.832091485379387,0.8864805087411555,1.0056214439225777,1.123592045677135,,,,,,,,,,,,,,,,,,,,,,,,,,,,,,,0.7628308845039631,0.832091485379387,0.8864805087411555,1.0056214439225777,1.123592045677135,0.0644544378132592,0.8809141771661477,0.7603395258639405,0.8312961889417856,0.8853596360918607,1.0066029074458338,1.1235919270900687,0.0644544378132592,0.8804382908111938,0.7611528229910435,0.8317211964349678,0.8869533687452377,1.0162253014304425,1.1235918868078312,0.04576265084741403,0.8802835941856355
01452000,control,0.7673068752572821,0.7948209648022553,0.8835939341056486,0.9549646081201041,1.162849248650098,0.7720667315159391,0.7905351303654524,0.8848791725608278,0.9359391630128907,1.1628463566225826,,,,,,,,,,,,,,,,,,,,,,,,,,,,,,,0.7720667315159391,0.7905351303654524,0.8848791725608278,0.9359391630128907,1.1628463566225826,0.0499999999999999,0.8113964232142158,0.7720773507569242,0.7905597579103777,0.8848883378796925,0.9360031763610183,1.1628463288335995,0.0499999999999999,0.811387654656598,0.7720800759736834,0.7905696933693317,0.8848912791665098,0.9360303824727834,1.1628463194454053,0.0499999999999999,0.8113835441813109
01470779,control,0.6831069922131772,0.7186617353127878,0.8352451297991135,0.8065642818970461,1.1207877265465969,0.6822386009212746,0.7127177491080355,0.8350450673177189,0.7981728317992538,1.120775643394707,,,,,,,,,,,,,,,,,,,,,,,,,,,,,,,0.6832004671296641,0.7141403924660821,0.8355744959322057,0.799767103616584,1.1207756433947071,0.03549999999999993,0.8156036971832052,0.6832042705722163,0.7141897052867756,0.8355736797426967,0.7998381025521307,1.1207755131670805,0.03549999999999993,0.8156161334776257,0.6832056526030109,0.7142076966827318,0.8355733802125872,0.7998640125881072,1.1207754688806537,0.03549999999999993,0.8156202539123503
01472198,control,0.6991214394253877,0.7342414469956954,0.8377540180939455,0.7949803735778614,1.0476529393847718,0.6979968257482533,0.7180041234358858,0.8384873031101706,0.7737925868255051,1.0475975773274289,,,,,,,,,,,,,,,,,,,,,,,,,,,,,,,0.6979968257482533,0.7180041234358858,0.8384873031101706,0.7737925868255051,1.0475975773274289,0.0499999999999999,0.7964964253128657,0.697945212666979,0.7179895898295171,0.838453441803986,0.7737985103122332,1.047596922616709,0.0499999999999999,0.7964476047589661,0.6979255660309372,0.717988640014875,0.8384400451456648,0.7738068473226637,1.0475966997806805,0.0499999999999999,0.7964286586634622
01516350,control,0.6725489447628883,0.6497725175332563,0.8528594810069965,1.0230770947441472,1.3169801332002251,0.665778955388918,0.6475299708582225,0.8458526013252377,1.0002613683947559,1.3169757602902334,,,,,,,,,,,,,,,,,,,,,,,,,,,,,,,0.665778955388918,0.6475299708582225,0.8458526013252377,1.0002613683947559,1.3169757602902334,0.0499999999999999,0.7924449948550587,0.667965835603435,0.6483020017666976,0.8477155912961911,1.0052284319390288,1.3169757156731445,0.03549999999999993,0.7923733853207139,0.667792246889485,0.6482676340282596,0.8476381679726134,1.0052853253279064,1.3169757005663287,0.03549999999999993,0.7923494718920854
01518862,control,0.7478855940714717,0.7553420087722502,0.8679539171601263,0.7941537660189092,0.9930219892487238,0.7240267939838063,0.7124469891138394,0.857657068877927,0.750247084013539,0.9930211042755357,,,,,,,,,,,,,,,,,,,,,,,,,,,,,,,0.7240267939838063,0.7124469891138394,0.857657068877927,0.750247084013539,0.9930211042755357,0.0830874910764661,0.7723091502918251,0.7198540599247603,0.7124178516508949,0.8546401791146447,0.7519570408931818,0.9930211061909872,0.0830874910764661,0.7717769400230244,0.7181025430297978,0.7125398553240536,0.8533547619161266,0.752856713675806,0.993021106870171,0.0830874910764661,0.7713810267552346
01539000,control,0.8275427502994008,0.8653474911673862,0.9103238366409993,0.9157990247878864,1.0547693311393884,0.8281181217531475,0.8554665566037469,0.9106808452880695,0.9004362110186559,1.054763644739941,,,,,,,,,,,,,,,,,,,,,,,,,,,,,,,0.8281181217531475,0.8554665566037469,0.9106808452880695,0.9004362110186559,1.054763644739941,0.0499999999999999,0.8828687369377497,0.8281043923938164,0.8555013426539045,0.9106725640918386,0.9004941261410548,1.054763603209297,0.0499999999999999,0.8828069596172067,0.8280999646725756,0.8555153069540766,0.9106698489417462,0.900516835929632,1.054763589208821,0.0499999999999999,0.8827838201841879
01541000,control,0.7800494211796456,0.7915871536471488,0.8857053005382071,0.8441720642697554,1.0780403142349282,0.7709979934849518,0.783143145160669,0.8807067253911179,0.8365781158128454,1.078033953460124,,,,,,,,,,,,,,,,,,,,,,,,,,,,,,,0.7752056613563196,0.7860976599632261,0.8831033879941548,0.8387564775560747,1.0780379372141389,0.012499999999999975,0.8704659134677274,0.7751785232733115,0.7861163103205816,0.8830852066586483,0.8387943982680867,1.0780379252612633,0.012499999999999975,0.8704414209370386,0.7751695651923429,0.7861229120865888,0.8830791733589068,0.8388075315779766,1.0780379212684412,0.012499999999999975,0.8704331957283333
01543500,control,0.8598669892493148,0.889105246506584,0.9283237667446677,0.9426535333777996,1.0622217542716497,0.8525430099010247,0.8813824631087928,0.9243018551461973,0.9331523734896513,1.0622198180145406,,,,,,,,,,,,,,,,,,,,,,,,,,,,,,,0.8549776622214776,0.8835731272147545,0.9256289041770798,0.9355580777482085,1.0622205389653918,0.012499999999999975,0.9135137869555161,0.8549026476379908,0.8835662986995116,0.9255891710640033,0.9355916099910968,1.062220532238564,0.012499999999999975,0.9134869442397872,0.8548771652230057,0.8835641520947517,0.9255756780690754,0.9356033181638705,1.062220529980325,0.012499999999999975,0.9134778820846634
01544500,control,0.756305825443801,0.809866435810987,0.8963081185276887,1.0963494054416096,1.1269470677841673,0.7646866313366781,0.8176323137372965,0.8975406270518111,1.081515550965071,1.1269459130446378,,,,,,,,,,,,,,,,,,,,,,,,,,,,,,,0.7646866313366781,0.8176323137372965,0.8975406270518111,1.081515550965071,1.1269459130446378,0.0830874910764661,0.8416524602426657,0.7646540982619581,0.8175678045869605,0.8975527084477946,1.0816749325366426,1.1269459088429938,0.0830874910764661,0.8416916865160808,0.7646414734394666,0.8175441936770271,0.8975567008975821,1.0817326636737141,1.1269459074518682,0.0830874910764661,0.84170520221689
01546500,control,0.7458505796891979,0.8350832261629849,0.8651521999791273,0.9079031602574029,1.023060469027457,0.7394542246655844,0.8288543730601694,0.8613612324717438,0.9023354638213452,1.0230598380714615,,,,,,,,,,,,,,,,,,,,,,,,,,,,,,,0.7405447972096186,0.8301210651114608,0.862023710727014,0.903617221530816,1.0230598380714617,0.03549999999999993,0.8705242927371326,0.7404186656672458,0.8301095068370863,0.8619573630116579,0.903691879138301,1.023059832968415,0.03549999999999993,0.8705181465348152,0.7403750132583138,0.8301060565107928,0.861934447816664,0.9037186439787452,1.0230598312511783,0.03549999999999993,0.8705163607303895
01547100,control,0.7835716747514739,0.8610169560467387,0.892355375824739,0.9383650518708021,0.9373098527534662,0.779116071993374,0.8577416116720172,0.8898342176741835,0.935420881842248,0.9373064042171526,,,,,,,,,,,,,,,,,,,,,,,,,,,,,,,0.779116071993374,0.8577416116720172,0.8898342176741835,0.935420881842248,0.9373064042171526,0.0499999999999999,0.8595032919776139,0.7790892436041281,0.8577482633363683,0.889821650844351,0.9354570381651769,0.9373063476997575,0.0499999999999999,0.8595082342169451,0.7790805577685009,0.8577508989745484,0.8898176310493272,0.935469729222173,0.9373063283232885,0.0499999999999999,0.8595100103957177
01547950,control,0.8487476409162509,0.9190288903900851,0.9271382426790713,1.0300822247825006,0.9814920378295701,0.852060369046845,0.9225769155939565,0.9279171776472188,1.021349917348209,0.9814910359601793,,,,,,,,,,,,,,,,,,,,,,,,,,,,,,,0.8514643273086958,0.9220009280255363,0.9277671139669983,1.0228841354303273,0.9814910359601791,0.03549999999999993,0.8841939540563886,0.8514307585475569,0.9219744452780766,0.927755764467155,1.0229385212952948,0.9814910329103974,0.03549999999999993,0.8841446424135228,0.8514187826888454,0.9219650464289642,0.9277516916295452,1.022957657039464,0.9814910319115372,0.03549999999999993,0.8841276351038004
01555500,control,0.7475461032203747,0.8129522043476833,0.8802737871020165,1.0250378796937696,1.141511894849648,0.7500047243604205,0.8133743682758596,0.8783309079504757,1.0011382057643738,1.1415078193737604,,,,,,,,,,,,,,,,,,,,,,,,,,,,,,,0.7474192547979042,0.813056187442569,0.8784337370960537,1.01202862864478,1.1415095221884466,0.012499999999999975,0.8254409776307109,0.7473414088943218,0.8130313618015489,0.8783963645126261,1.0120368704348561,1.1415095094195853,0.012499999999999975,0.825384127062274,0.7473146204013876,0.8130228304248089,0.8783835819136951,1.0120402970062385,1.1415095051302506,0.012499999999999975,0.8253647267834057
01560000,control,0.8306589379077287,0.7208529676267261,0.9302696268522013,0.7538275122884273,0.8883763150699191,0.8256980732595051,0.7132543418025146,0.9289318771983492,0.7456139807341725,0.8883749686734883,,,,,,,,,,,,,,,,,,,,,,,,,,,,,,,0.8256980732595051,0.7132543418025146,0.9289318771983492,0.7456139807341725,0.8883749686734883,0.012499999999999975,0.833550061532792,0.8256678770824006,0.713263059017456,0.9289075404180307,0.7456306104409942,0.8883749617245679,0.012499999999999975,0.8335163385725908,0.8256577744167753,0.7132664035038188,0.9288992709576158,0.745636692898163,0.8883749593975754,0.012499999999999975,0.8335048073211616
01595000,control,0.7476277239530269,0.840090675494091,0.8786171537171548,1.0099305058152026,1.1036271284291208,0.7591214749275556,0.8430610789001302,0.8823334361670768,0.9932109042358863,1.1036258311930451,,,,,,,,,,,,,,,,,,,,,,,,,,,,,,,0.7591214749275556,0.8430610789001302,0.8823334361670768,0.9932109042358863,1.1036258311930451,0.0499999999999999,0.8421091701499162,0.7591893097510203,0.8431104780201031,0.8823886049088643,0.9933991325275414,1.1036258191784671,0.0499999999999999,0.8421266198255835,0.7592114429005421,0.8431276269486918,0.8824075692931844,0.9934691419489079,1.1036258151250355,0.0499999999999999,0.8421314904270985
01605500,control,0.6899069546210274,0.7174182456800806,0.8416222320235452,0.9101018553291975,1.2160723352723968,0.677549838188739,0.7008163565088582,0.8326800899711152,0.8782300987350017,1.2160717274112305,,,,,,,,,,,,,,,,,,,,,,,,,,,,,,,0.677549838188739,0.7008163565088582,0.8326800899711152,0.8782300987350017,1.2160717274112305,0.0499999999999999,0.6754690013554658,0.6818647609233244,0.7050928798545808,0.8354932652183525,0.8850184617073653,1.2160717232212601,0.03549999999999993,0.6753296242333421,0.681534621814742,0.7050184534344641,0.8353107087013808,0.8850888988686441,1.216071721848402,0.03549999999999993,0.6753187136370867
01632900,control,0.6894821110341952,0.6950484209665672,0.834720980431133,0.7695091946820376,1.1120370470389829,0.5768271123042583,0.609436724745404,0.763329997538406,0.7102180756005176,1.1120420376633657,,,,,,,,,,,,,,,,,,,,,,,,,,,,,,,0.5768271123042583,0.609436724745404,0.763329997538406,0.7102180756005176,1.1120420376633657,0.1779852882826546,0.7495094186618394,0.555211215891166,0.6009942559307797,0.7480393067066933,0.7116099165069374,1.1120381746470938,0.1779852882826546,0.7487733933244092,0.5456297429767687,0.597485977700592,0.7412608848563355,0.7127381232472437,1.1120367020525241,0.1779852882826546,0.7483234236872083
01634500,control,0.6714651398176466,0.7712829572377896,0.8269696862087477,0.9220045584046609,1.1276272198613586,0.6579559683795508,0.7546199613634819,0.8171851685458912,0.8975200401804716,1.1276242868620734,,,,,,,,,,,,,,,,,,,,,,,,,,,,,,,0.664647791532218,0.7604402795609,0.8214785456823603,0.9039236831050623,1.1276255904475203,0.02499999999999995,0.7895908755814802,0.6642143884733128,0.760249605005143,0.8212364715956086,0.9038981148211028,1.1276255479034836,0.02499999999999995,0.7894690735139847,0.6640597990314174,0.7601831420621389,0.821150430890355,0.9038923509937191,1.1276255334287308,0.02499999999999995,0.7894269634258474
01637500,control,0.6874843090005542,0.7305166668139182,0.8304195438715326,0.8019083657019439,1.0679958835920744,0.6866820516411278,0.7156123504957943,0.8309053723348694,0.7816870837484865,1.067991269168015,,,,,,,,,,,,,,,,,,,,,,,,,,,,,,,0.6866820516411278,0.7156123504957943,0.8309053723348694,0.7816870837484865,1.067991269168015,0.0499999999999999,0.8134188969255276,0.6864393332560385,0.7156544462968321,0.8307385849666044,0.781871242560731,1.0679912675985255,0.0499999999999999,0.8134703474765375,0.6863448362963666,0.7156799023348469,0.8306729056819586,0.7819554159463921,1.0679912673144163,0.0499999999999999,0.8134825661389373
01639500,control,0.6398316269443988,0.6959633938594636,0.8083947244686,0.8453528095417265,1.178353364827677,0.6416974647688832,0.6849770651878948,0.808845508466529,0.8241974566843028,1.1783055680228312,,,,,,,,,,,,,,,,,,,,,,,,,,,,,,,0.6418905289165815,0.6886469321729063,0.8091064001512488,0.8305910821564693,1.1783283066066952,0.02499999999999995,0.762565015923959,0.6419131757790382,0.6886462532533604,0.8091195835111757,0.8305746602195191,1.1783280024407052,0.02499999999999995,0.7625220801516315,0.6421633662293355,0.6899450813651982,0.8093290530538253,0.832742010159359,1.1783350986058287,0.012499999999999975,0.7625083244745908
02015700,control,0.7225360216801575,0.7923603534112735,0.8525965431118798,0.8864853357059342,1.0922001340732694,0.7139019124156035,0.77718106535463,0.8470684105037086,0.866734251953185,1.0921978685662435,,,,,,,,,,,,,,,,,,,,,,,,,,,,,,,0.7169959890249658,0.7820498798045687,0.8489965888114777,0.8727223854179098,1.0921988803019096,0.02499999999999995,0.8018406626743777,0.7168086190924201,0.7820095136744476,0.8488907838192573,0.8727788346931088,1.0921988720736273,0.02499999999999995,0.8017632455841861,0.716743377073408,0.7819966464296707,0.8488540013076924,0.8728004805740208,1.0921988693261198,0.02499999999999995,0.8017347273597262
02016000,control,0.7798276811046526,0.7854256788066546,0.8856096379473908,0.8491578744664329,1.1010130563322065,0.7601973010012049,0.7706283467871032,0.874513423045955,0.8367167020328752,1.1010100930944677,,,,,,,,,,,,,,,,,,,,,,,,,,,,,,,0.7696199964620917,0.7769008319066709,0.8799149023183134,0.841414399980491,1.1010119576345672,0.012499999999999975,0.8135007500994195,0.7695095418733594,0.7768983705966276,0.8798470786136764,0.8414623058564549,1.1010119401873828,0.012499999999999975,0.8133588273685224,0.7694724262619081,0.776898044948274,0.8798242567471938,0.8414791426504111,1.101011934278526,0.012499999999999975,0.8133106116016442
02027000,control,0.6282549195504974,0.6224386230898726,0.8022172198130588,0.6796429329870574,0.9716113612397433,0.5819512085302418,0.5873881727732376,0.7714852242972268,0.6576240811546429,0.9715703069359469,,,,,,,,,,,,,,,,,,,,,,,,,,,,,,,0.5819512085302418,0.5873881727732376,0.7714852242972268,0.6576240811546429,0.9715703069359469,0.2294388339057876,0.8074876222432457,0.5773424262951338,0.585794244176771,0.7678995017842433,0.6581120992273273,0.9715670931780607,0.2294388339057876,0.806133986506676,0.5892411563198316,0.594510161279317,0.7760544579288388,0.6631580002267138,0.9715769339987268,0.16290157207310918,0.8056497315029454
02028500,control,0.8187557484416016,0.8846230476367913,0.9078808097549445,0.9704841970553376,1.0628865112861992,0.808674705364648,0.8627902963338993,0.9005958121380411,0.9293412419973975,1.0628701052422629,,,,,,,,,,,,,,,,,,,,,,,,,,,,,,,0.808674705364648,0.8627902963338993,0.9005958121380411,0.9293412419973975,1.0628701052422629,0.2294388339057876,0.7267314629828288,0.8067576887574079,0.8622557422605455,0.8995773417207495,0.9297421123717406,1.0628697023242282,0.2294388339057876,0.7263593544154475,0.8060330654366329,0.862070689503778,0.899193789198201,0.929928464489198,1.0628695671124344,0.2294388339057876,0.7262052282743254
02041000,control,0.7693249396840363,0.8251839538046666,0.8776887627453951,0.8939841932372697,1.0660398361980414,0.7297005505211049,0.7862281247383441,0.8546679703600327,0.8578139441087055,1.0660313662109933,,,,,,,,,,,,,,,,,,,,,,,,,,,,,,,0.7297005505211049,0.7862281247383441,0.8546679703600327,0.8578139441087055,1.0660313662109933,0.0499999999999999,0.82390732990169,0.724665777515313,0.7849337036681732,0.8517415672208518,0.8588867271543851,1.066030244241249,0.0499999999999999,0.8238587129688629,0.7226703694601246,0.7845024333631518,0.8505855553936238,0.8594489893562174,1.0660298294438373,0.0499999999999999,0.8238349644382408
04287000,control,0.783813282237354,0.8869179669146287,0.8896719631387183,0.9771587708659192,1.0096720597961917,0.7823721423999275,0.8839873937737796,0.8883197165441951,0.9701172909042233,1.009667615410655,,,,,,,,,,,,,,,,,,,,,,,,,,,,,,,0.7823721423999275,0.8839873937737796,0.8883197165441951,0.9701172909042233,1.009667615410655,0.012499999999999975,0.8207229128720255,0.782323814927059,0.883969649105137,0.8882963603429213,0.970135690349197,1.0096675863185958,0.012499999999999975,0.8206847554093218,0.7823072975399754,0.8839636807589198,0.8882884021869719,0.9701422663693743,1.0096675767139822,0.012499999999999975,0.8206717822790515
02064000,control,0.6120730754946021,0.4843761902806778,0.8101312856687627,0.6377188197745789,1.3139588044985309,0.6042758327551379,0.47340113490994673,0.808027094686919,0.6233105628273493,1.3139392238353447,,,,,,,,,,,,,,,,,,,,,,,,,,,,,,,0.6048233513240999,0.4747876915602588,0.8078712538406929,0.625331242864426,1.3139392238353447,0.012499999999999975,0.8184381497489259,0.6047445845510944,0.47474274170279906,0.8078188380136716,0.6252950168521165,1.3139391087068022,0.012499999999999975,0.8183061385462214,0.6047177014689068,0.4747277809247413,0.807800763847801,0.6252832824184872,1.3139390694381547,0.012499999999999975,0.8182610572090552
02108000,control,0.9137351289092727,0.9045801095382615,0.9567135931162369,0.9235835914632528,1.0373065005216038,0.9048482513410988,0.897376383881098,0.9521201208405815,0.9172183166372808,1.0372332735148786,,,,,,,,,,,,,,,,,,,,,,,,,,,,,,,0.9048482513410988,0.897376383881098,0.9521201208405815,0.9172183166372808,1.0372332735148786,0.0499999999999999,0.852084996872583,0.9047385730843893,0.8976465790743933,0.952046056476742,0.917595368755131,1.0372306167708754,0.0499999999999999,0.8520801964921579,0.904702819330563,0.8977445336813711,0.9520214839126265,0.9177309752541724,1.0372296918260722,0.0499999999999999,0.8520764115169919
02118500,control,0.6528992818671128,0.572344830820193,0.8360863103393857,0.7930627758546432,1.3364494484035716,0.6384142518364319,0.5623472132187852,0.8276635549626697,0.7794278682634984,1.3364343118507298,,,,,,,,,,,,,,,,,,,,,,,,,,,,,,,0.6400722983932879,0.5637395695780449,0.8286018565883166,0.7814745319463211,1.3364408705833732,0.012499999999999975,0.6665238017186721,0.6398604982677918,0.56367955425051,0.828467206155759,0.7814605787268971,1.3364410102300848,0.012499999999999975,0.6663323324296158,0.639788221143919,0.5636593387655655,0.8284212210708145,0.7814563892797209,1.3364410579596615,0.012499999999999975,0.6662670649428122
02133500,control,0.7974289012411858,0.8271710944740954,0.9178939041492006,1.0503189806312343,1.143514528176261,0.798773822737159,0.8289487499782615,0.9176925218026808,1.0435039973626734,1.1434970779502691,,,,,,,,,,,,,,,,,,,,,,,,,,,,,,,0.798773822737159,0.8289487499782615,0.9176925218026808,1.0435039973626734,1.1434970779502691,0.0499999999999999,0.8336144950647095,0.7987353922771611,0.828900217919186,0.9176984484515209,1.043705854782829,1.143496997524399,0.0499999999999999,0.8336744817917308,0.7987229336324303,0.8288830038594655,0.9177012551428001,1.0437785595164415,1.1434969710124734,0.0499999999999999,0.8336959487534195
02177000,control,0.8361297567017811,0.7954503491641551,0.9307066196653246,0.9052177349132454,1.1674971919880577,0.8264668940770339,0.7900390202647114,0.9255728414322014,0.8975813918784309,1.1674951933321267,,,,,,,,,,,,,,,,,,,,,,,,,,,,,,,0.8264668940770339,0.7900390202647114,0.9255728414322014,0.8975813918784309,1.1674951933321267,0.012499999999999975,0.8638015799589407,0.8263117272280829,0.7900177463459759,0.9254857952156311,0.8976010894267359,1.1674952036578503,0.012499999999999975,0.8637247901643401,0.8262588780154556,0.7900106869074037,0.9254561359561584,0.8976082058751442,1.1674952072221974,0.012499999999999975,0.8636987819398239
02231600,control,0.4163468683318283,0.6949183169262967,0.7354033210554604,1.0831648914907195,1.1270709709648141,0.5857931501148681,0.7195009655218922,0.7761718238218992,0.8903138359584576,1.128645253739839,,,,,,,,,,,,,,,,,,,,,,,,,,,,,,,0.5857931501148681,0.7195009655218922,0.7761718238218992,0.8903138359584576,1.128645253739839,3.7478133267479534,0.5410153409501721,0.5186349185537882,0.7001231874042388,0.7428078582763356,0.914623645106758,1.1284102137422525,3.7478133267479534,0.5156831801659155,0.4783969746130331,0.6878188499806785,0.7241571549142998,0.9300725224585585,1.1283664408134138,3.7478133267479534,0.4967287844283783
02298830,control,0.36079086891953094,0.6788676811941265,0.7220848247275626,1.1191506546609922,1.1081306757066862,0.7266814379640936,0.8129350455776082,0.8584151610729978,0.9434273528563099,1.1083815766365386,,,,,,,,,,,,,,,,,,,,,,,,,,,,,,,0.7266814379640936,0.8129350455776082,0.8584151610729978,0.9434273528563099,1.1083815766365386,2.907335362699394,0.8415766714863112,0.7312463306104253,0.8182061213177133,0.8617324643413377,0.9532172433055953,1.1083627084623795,2.907335362699394,0.8531968920956992,0.7277687496366428,0.81901722769606,0.8606111922233961,0.9601915633278207,1.1083550299116467,2.907335362699394,0.8557089584559494
02430680,control,0.6786169936058157,0.674386947105224,0.8282100565664966,0.7521589605391505,1.122828721028657,0.6707510917638894,0.661339351187445,0.8245126989977785,0.7376850238904994,1.12282546783859,,,,,,,,,,,,,,,,,,,,,,,,,,,,,,,0.6740046804301992,0.6652556696390937,0.8262608178408786,0.7415781647875179,1.122827596153568,0.012499999999999975,0.6415705191783505,0.6724164226675349,0.6634121232415197,0.8253962733489341,0.7397720676070578,1.1228265468977945,0.03549999999999993,0.6416008685213983,0.6724036515178269,0.6634194628013868,0.8253857231160361,0.7397886484217538,1.1228265640609547,0.03549999999999993,0.6416215634612312
02462000,control,0.6663913418392786,0.8217378517832984,0.8506760810996862,1.0882715134977219,1.0410840679084643,0.6652348095929226,0.8266697964895081,0.8456986841238671,1.0674298164607083,1.0410814218346633,,,,,,,,,,,,,,,,,,,,,,,,,,,,,,,0.6625912573858045,0.8238300019414312,0.8461192534002506,1.075291013046565,1.04108341996818,0.012499999999999975,0.7639937715331613,0.6624043862552835,0.8237454484659203,0.8460400107675798,1.0753268951148522,1.0410834215272862,0.012499999999999975,0.7639679014836247,0.6623405603843168,0.823716410331534,0.8460130881214663,1.0753398127670146,1.0410834220671057,0.012499999999999975,0.7639593526614361
02469800,control,0.8375568066297531,0.8627153740315996,0.9154873441522388,0.8918522414358573,0.997043338640737,0.8307698496467357,0.846376931403154,0.9122730936903616,0.8739234401476221,0.9970439603789943,,,,,,,,,,,,,,,,,,,,,,,,,,,,,,,0.8334727899014058,0.8536279255223255,0.9134924654339875,0.8819640334648053,0.9970434387693694,0.012499999999999975,0.8110440760317413,0.8334618545531015,0.853672752028736,0.9134840611340822,0.8820257886470778,0.9970434349916527,0.012499999999999975,0.8109117591035737,0.8334588373335833,0.8536891120018169,0.9134815619541522,0.8820479142144971,0.9970434337867979,0.012499999999999975,0.8108669957505342
02472000,control,0.8088020149279618,0.720607724625955,0.9074187417535199,0.9074464169039866,1.2468250157829917,0.8061447027137002,0.7189239143162711,0.9059559280707105,0.9039012878073277,1.2468289204958678,,,,,,,,,,,,,,,,,,,,,,,,,,,,,,,0.8064713263713355,0.7191915293818336,0.9061351804534922,0.9045051451066279,1.2468269140740307,0.02499999999999995,0.817621691414167,0.8064916622103047,0.7192109922776893,0.9061463382867637,0.9045513852810505,1.246826900861577,0.02499999999999995,0.817650641575868,0.8064985465206967,0.719217613551863,0.9061501156676186,0.9045671392420899,1.2468268965041511,0.02499999999999995,0.8176604190077551
02481880,control,0.8576077678297498,0.8687668351718021,0.9266774298593784,0.9048691347538801,1.052877809488699,0.8648755839307166,0.8651543778232995,0.9309564486617653,0.8969512859164906,1.0528894352830613,,,,,,,,,,,,,,,,,,,,,,,,,,,,,,,0.8671654965805297,0.8642489561541038,0.9323169361497046,0.8948834015495195,1.0528947020342085,0.07049999999999985,0.8864919064327138,0.8671013166593464,0.8645918633102763,0.9322611892614656,0.8953624704169493,1.0528942757230695,0.07049999999999985,0.886517168786277,0.8670564607398326,0.8647225562749475,0.9322283177533702,0.8955528979171783,1.0528941275828159,0.07049999999999985,0.8865258074648213
02482000,control,0.7983127435648765,0.888946168912056,0.8980549457912802,0.9853122178575509,1.041526237217291,0.9079619917324162,0.9024564549773335,0.9536041691105416,0.9249503778721552,1.0415899539568565,,,,,,,,,,,,,,,,,,,,,,,,,,,,,,,0.9079619917324162,0.9024564549773335,0.9536041691105416,0.9249503778721552,1.0415899539568565,1.0528435700809526,0.9108986122465914,0.9121779671680872,0.907644665132416,0.9557169266271626,0.9304382413645707,1.0415894100307486,1.0528435700809526,0.9140993803272208,0.9131633303718226,0.9098365840787017,0.9561773072831179,0.9330717866323357,1.0415887897040916,1.0528435700809526,0.915086896961397
02482550,control,0.7578327565819731,0.8393468464573279,0.8935397814856892,1.08797138769865,1.0820773571910327,0.8865081640370601,0.9008382947670894,0.945214752870637,1.0095936200932634,1.0820949629099095,,,,,,,,,,,,,,,,,,,,,,,,,,,,,,,0.8865081640370601,0.9008382947670894,0.945214752870637,1.0095936200932634,1.0820949629099095,0.8167347399191549,0.9211876242950364,0.8881385346907942,0.900489690188973,0.9465450676382997,1.0174740922731533,1.0820946287166338,0.8167347399191549,0.9231884531636592,0.8875854968274451,0.8997212753626903,0.9465585564919197,1.0214552060207291,1.082094511785296,0.8167347399191549,0.9232881999290258
04015330,control,0.7026676322391586,0.6740368186106005,0.8510985151962133,0.9382132717567342,1.2833068012909663,0.7185339726294528,0.6619062034177421,0.8564054701374932,0.8842933832196279,1.2833725553299242,,,,,,,,,,,,,,,,,,,,,,,,,,,,,,,0.7185339726294528,0.6619062034177421,0.8564054701374932,0.8842933832196279,1.2833725553299242,0.2957670210385463,0.6816317781659589,0.713989397666934,0.6617521806551452,0.8539319772678421,0.8869728710956248,1.2833735840869807,0.2957670210385463,0.6822453482976509,0.7116363853351505,0.6616950435016749,0.852664254461868,0.8884579267093833,1.2833739359293426,0.2957670210385463,0.6823015976728619
04025500,control,0.6754411099919446,0.783834483498824,0.9024154699844322,1.1391649217854183,1.1335586559168642,0.6860457235383071,0.7955615129076017,0.9034253389219414,1.121030004399519,1.1334922015600135,,,,,,,,,,,,,,,,,,,,,,,,,,,,,,,0.6860457235383071,0.7955615129076017,0.9034253389219414,1.121030004399519,1.1334922015600135,0.6335752569011934,0.6952485590456112,0.6835190385191017,0.7921425602034592,0.9034241839343227,1.1266970646437697,1.1335128489722,0.44983843239984733,0.6934136934695241,0.6829603897920031,0.7918479131032883,0.9032451447399265,1.12704351050205,1.133513054426801,0.44983843239984733,0.6929170732706622
04057510,control,0.41774204378195945,0.5300694023782317,0.8650282629309433,1.4090887842660234,1.1877864834365368,0.4148407328743834,0.5305078613086366,0.8636244228906383,1.4081271806003435,1.187767874558705,,,,,,,,,,,,,,,,,,,,,,,,,,,,,,,0.4157944703419494,0.5306603411752217,0.8639354142211496,1.4080555956316438,1.187767874558705,0.03549999999999993,0.8419525913010398,0.4157477726093891,0.5306377956602073,0.8639278785138044,1.4080789807935705,1.1877679473484122,0.03549999999999993,0.8419365392267035,0.4157320693318636,0.5306302003665839,0.863925351653319,1.4080868630794805,1.1877679713561118,0.03549999999999993,0.841931140764776
04063700,control,0.7730077050253166,0.7039017207249045,0.9374282510478967,1.2315733493777894,1.1735878771132928,0.7747042081460728,0.7043178924440013,0.9380331017831074,1.2312385374266,1.173541784775141,,,,,,,,,,,,,,,,,,,,,,,,,,,,,,,0.7743931465967172,0.7047378146507697,0.9377614549199715,1.230628208466751,1.173541784775141,0.012499999999999975,0.8815557730321519,0.7743798920429404,0.7047239413330364,0.9377602039702139,1.2306455281461566,1.1735419227686708,0.012499999999999975,0.8815510960139054,0.7743753965257267,0.70471926882962,0.9377597691028877,1.230651357994366,1.1735419687388131,0.012499999999999975,0.8815495218261292
04087120,control,0.7613720469595355,0.8065131229467581,0.8728509776520423,0.8595401493870691,1.0392597513182145,0.7626803455895972,0.8018071573131299,0.8737612546804825,0.8523421337955167,1.0392598601678016,,,,,,,,,,,,,,,,,,,,,,,,,,,,,,,0.7625774498499156,0.8021614474203924,0.8736875631962923,0.8528812568871385,1.0392598601678016,0.012499999999999975,0.8013339857070125,0.7626401924065984,0.8022213363467747,0.8737231254400116,0.852931261781434,1.0392598648318543,0.012499999999999975,0.8013373107709453,0.7626619334215555,0.8022421092384566,0.8737354471701827,0.8529486180062996,1.0392598664144903,0.012499999999999975,0.8013387348563924
04096515,control,0.7558674688963197,0.690918366213201,0.8948030379862143,0.7792472886290824,0.8109674738311542,0.7526488617524568,0.6892470633629617,0.8929509827401719,0.7777964038744002,0.8109670467852245,,,,,,,,,,,,,,,,,,,,,,,,,,,,,,,0.7534420763677118,0.6898067019872884,0.8933750732450703,0.7783749344297759,0.8109673640941791,0.012499999999999975,0.7466578515082355,0.7534459553646974,0.6898179337897052,0.8933752554735555,0.7783905676337041,0.8109673638245336,0.012499999999999975,0.746658244572098,0.753447326498049,0.6898217411846839,0.8933753561756754,0.7783958484206221,0.8109673637336101,0.012499999999999975,0.7466584712991874
04099510,control,0.8034359939465032,0.8713605032091271,0.9073161736224271,1.0166501626476487,0.9123609644825562,0.8428237938283927,0.8831922964791045,0.9242918496926112,0.9847801413364191,0.9123605597854488,,,,,,,,,,,,,,,,,,,,,,,,,,,,,,,0.8428237938283927,0.8831922964791045,0.9242918496926112,0.9847801413364191,0.9123605597854488,1.0528435700809526,0.8644832880209019,0.8430566557872128,0.8839671606122287,0.9247009330866236,0.9893718110202956,0.9123603289749734,1.0528435700809526,0.8621242793715475,0.8430194730520395,0.8841959814384266,0.9248084066607197,0.991278409674735,0.9123602323810259,1.0528435700809526,0.8610377015552442
04127918,control,0.49654098092015053,0.55152586581827,0.8751614715665981,1.362560831764179,1.2325812419760065,0.511298272218482,0.5578661849330558,0.8781678299163479,1.3557403429444805,1.2325683580371634,,,,,,,,,,,,,,,,,,,,,,,,,,,,,,,0.5073916049113064,0.5563921204779773,0.8772648577088658,1.3572618010097053,1.2325683580371634,0.03549999999999993,0.8422602204655797,0.5070666043006601,0.5562026990142943,0.8772232667252182,1.3574826524259584,1.232568422927687,0.03549999999999993,0.8422122627213944,0.5069478411297619,0.55613443956526,0.8772075988211071,1.357561995852777,1.232568443849432,0.03549999999999993,0.8421932961692117
04189000,control,0.8083609323890413,0.7646681388234968,0.9047925257965794,0.8143376813787441,0.8911600937854998,0.8042965324803799,0.7293043698037014,0.9087154712891378,0.7695727454392428,0.8911581910247764,,,,,,,,,,,,,,,,,,,,,,,,,,,,,,,0.8042965324803799,0.7293043698037014,0.9087154712891378,0.7695727454392428,0.8911581910247764,0.2957670210385463,0.8605436815610672,0.8046176297724328,0.7303257661271431,0.9087073551417981,0.7707767644513069,0.8911581252720492,0.2957670210385463,0.861183470028746,0.804741234009491,0.7307519838159164,0.9086972256167305,0.771282403781767,0.8911581018672697,0.2957670210385463,0.8613873355636881
04231000,control,0.6982581205665466,0.8364558060979371,0.8660978396173747,1.0938293138131276,0.9963979626183441,0.7011711855030895,0.8421344062734705,0.864954257597791,1.0816774822465243,0.9963969408088976,,,,,,,,,,,,,,,,,,,,,,,,,,,,,,,0.7005334731201069,0.8407580799070961,0.8653006247946725,1.0848592092741538,0.9963969408088976,0.03549999999999993,0.8556697706183347,0.7004231234350251,0.8406523573062816,0.8652848402297417,1.0850324344291091,0.9963969380829663,0.03549999999999993,0.8556554807721682,0.7003851996789532,0.8406156082300998,0.8652796433367856,1.0850930536446557,0.9963969371605432,0.03549999999999993,0.8556506021505705
04243500,control,0.7076137408520367,0.8478861024284998,0.8565400726475081,1.0139052505403772,1.0486264443057474,0.7214738806712506,0.8512162074664358,0.8598477489183391,0.9886150392569284,1.0486245422219325,,,,,,,,,,,,,,,,,,,,,,,,,,,,,,,0.7214738806712506,0.8512162074664358,0.8598477489183391,0.9886150392569284,1.0486245422219325,0.0644544378132592,0.8032265133123557,0.7215105623739133,0.8512822615544248,0.8598981935463713,0.9888597618260055,1.048624527249354,0.0644544378132592,0.8028461698838021,0.7215071290402408,0.8513068596814366,0.8599137966149134,0.988992664131647,1.0486245221676205,0.0644544378132592,0.802682076289234
04256000,control,0.8036842525192518,0.8795032627736906,0.8973854074830232,0.9371907545966639,1.0066863874120897,0.7951794775896409,0.8721069581393132,0.8925707628683615,0.9309280154854505,1.0066820745966656,,,,,,,,,,,,,,,,,,,,,,,,,,,,,,,0.7975832705911492,0.8738946538150203,0.8939113978187548,0.9321539034254394,1.006683861403296,0.012499999999999975,0.8506791985988642,0.7975092290466712,0.8738899930064992,0.8938737468713439,0.9322041411849266,1.0066838453228568,0.012499999999999975,0.8506444991527513,0.7974842333183032,0.8738886058002544,0.8938610516021466,0.9322214365487073,1.0066838399502465,0.012499999999999975,0.8506330225971575
03045000,control,0.8118439531352261,0.8612708879643562,0.9026629127597617,0.9329451239106764,1.072628517583866,0.8099344712344655,0.856020727997375,0.9013870474989224,0.9242972967896895,1.0726265591369832,,,,,,,,,,,,,,,,,,,,,,,,,,,,,,,0.8099344712344655,0.856020727997375,0.9013870474989224,0.9242972967896895,1.0726265591369832,0.012499999999999975,0.8205026589129605,0.8098772422550113,0.8560204907408714,0.9013570490022598,0.9243359339315472,1.072626554447707,0.012499999999999975,0.8204835685195382,0.8098577379023193,0.8560206307185666,0.9013468363589595,0.9243495149025704,1.0726265529046852,0.012499999999999975,0.8204770856201825
03053500,control,0.8838866337815102,0.9087234804252873,0.9406590483583978,0.9443589200474559,1.0414019891509638,0.8852382623631752,0.9030855158785661,0.9413925634974265,0.9348560079474423,1.041398622182106,,,,,,,,,,,,,,,,,,,,,,,,,,,,,,,0.8849515464961452,0.903978271348685,0.9412302703362035,0.9363412204942573,1.0413986840403204,0.012499999999999975,0.8748389926039943,0.8849717138732732,0.9040205217564106,0.9412407580389366,0.9363952702691531,1.0413986724900544,0.012499999999999975,0.874819840387902,0.8849787867582406,0.9040352341548419,0.9412444374310652,0.9364140708728322,1.0413986686737486,0.012499999999999975,0.8748135921487878
03106000,control,0.8654687875459751,0.8895636893185609,0.9304562174229145,0.914862665533816,1.0105581864821345,0.8598484397990015,0.878618313568085,0.927623390425323,0.9031303974043378,1.0105555805377537,,,,,,,,,,,,,,,,,,,,,,,,,,,,,,,0.8604995961488188,0.879987767515665,0.9279444851156693,0.9046086039511997,1.0105555805377537,0.03549999999999993,0.8618420228272037,0.8604168067062188,0.8799886665947477,0.9278977883230773,0.9046450258724905,1.0105555732267293,0.03549999999999993,0.8617938012096846,0.8603886877980839,0.8799894282938379,0.9278819140098697,0.9046579897540147,1.0105555708805583,0.03549999999999993,0.8617773692794986
03118500,control,0.7721294782861059,0.7331171301207426,0.8921620971517777,0.828111943752651,0.826645020077893,0.7651340373178345,0.7259889388184728,0.8886229439806409,0.8193770031948721,0.8266432981756345,,,,,,,,,,,,,,,,,,,,,,,,,,,,,,,0.7651340373178345,0.7259889388184728,0.8886229439806409,0.8193770031948721,0.8266432981756345,0.012499999999999975,0.8169188304568711,0.7650685409447597,0.7259876864483008,0.8885809505074267,0.8194010115884123,0.8266432903726036,0.012499999999999975,0.8168849310375641,0.7650464540677218,0.7259876048903295,0.8885667438004652,0.8194096558107098,0.8266432877789247,0.012499999999999975,0.8168735553317112
03144000,control,0.803101052991657,0.7863573164866835,0.9006335768122307,0.8110319505924016,1.00778373077179,0.7957584470376026,0.7746358725973341,0.8974187581143456,0.7994869137867834,1.0077833791127644,,,,,,,,,,,,,,,,,,,,,,,,,,,,,,,0.7967822125041718,0.7767995272064411,0.8977861333274731,0.8017320108421279,1.0077833791127644,0.03549999999999993,0.8698517231091196,0.7967102375307064,0.7768036675235016,0.8977376974519724,0.8017616501359317,1.0077833766262791,0.03549999999999993,0.8698086016120461,0.7966858361977802,0.7768055627427418,0.8977212065385448,0.8017722918162202,1.0077833758009866,0.03549999999999993,0.869793915345883
03161000,control,0.7650087210597039,0.8019118750179217,0.8794041138037572,0.869216476352687,1.087127535451492,0.7490901998894484,0.7911703303129467,0.8702914426252656,0.8614559324356068,1.0871267033008931,,,,,,,,,,,,,,,,,,,,,,,,,,,,,,,0.7511248078432252,0.7927084738411212,0.8714589790631204,0.8626831389606506,1.0871267033008931,0.012499999999999975,0.7667273809518397,0.7509289438481676,0.7926688998927242,0.8713449875800428,0.8627301519091437,1.0871266988702495,0.012499999999999975,0.7665248666877715,0.7508625278005302,0.7926557492628931,0.8713063330584497,0.8627465228536376,1.0871266974819003,0.012499999999999975,0.7664562342025855
03202750,control,0.8337977237258967,0.7954666571651099,0.9182530203590638,0.8351518246579529,0.9106893134210876,0.8273590222640946,0.7836097501808524,0.9157950331147348,0.8217927313055521,0.9106891207460742,,,,,,,,,,,,,,,,,,,,,,,,,,,,,,,0.8279224378467458,0.7842131332536435,0.9160688183237048,0.822396207440009,0.9106891861478231,0.012499999999999975,0.8274613152382955,0.8278501265022702,0.7841770953892715,0.9160276230926637,0.8223718943654588,0.9106891822911237,0.012499999999999975,0.8274281217537625,0.8278255078671035,0.7841652256606589,0.9160135390540969,0.8223641314250844,0.9106891810163412,0.012499999999999975,0.8274168308360017
03207800,control,0.8326269287901199,0.8995529949824039,0.9231454159479162,1.0626229267124283,1.0161660996271822,0.8359450951297696,0.9080864136542324,0.9227851188541092,1.0471666039434533,1.0161641874837017,,,,,,,,,,,,,,,,,,,,,,,,,,,,,,,0.8353478113595617,0.9071075582206247,0.9227109277172993,1.0489293928334247,1.0161653816028728,0.012499999999999975,0.8678544882343038,0.835294814003193,0.9070902510695117,0.9226846173507711,1.0489206871700822,1.0161653771665449,0.012499999999999975,0.8678157377074943,0.8352763647282415,0.9070839447138973,0.922675537279626,1.0489183137769178,1.0161653757196858,0.012499999999999975,0.8678024969574588
03219500,control,0.720029740671551,0.8528244499342086,0.859319617349346,0.9927434334217893,0.9573735444127729,0.8679851756286133,0.8512881744906616,0.9339164233929989,0.8737831834740057,0.9573680498312589,,,,,,,,,,,,,,,,,,,,,,,,,,,,,,,0.8679851756286133,0.8512881744906616,0.9339164233929989,0.8737831834740057,0.9573680498312589,1.3572088082974532,0.8591147232281992,0.8728021219584474,0.8598178161407384,0.9360795566316976,0.8827496221152352,0.9573670259419856,1.3572088082974532,0.8630897837092134,0.8737148770277909,0.8639224594816164,0.936318085905206,0.8875539964886919,0.9573665959007435,1.3572088082974532,0.8634926022404644
03280700,control,0.678761284325317,0.7312657295670483,0.8244601686475681,0.8064248467283499,1.0627099334216499,0.6924764096531666,0.7138614825113507,0.8346745286688688,0.7750324245915774,1.0627082907963297,,,,,,,,,,,,,,,,,,,,,,,,,,,,,,,0.6924764096531666,0.7138614825113507,0.8346745286688688,0.7750324245915774,1.0627082907963297,0.0499999999999999,0.7151277237455853,0.6932140837428078,0.7144099066893201,0.8351219180478642,0.775401273474206,1.0627083051276238,0.0499999999999999,0.7150324675633298,0.6934883695219938,0.7146349321977008,0.8352860068653711,0.7755669582603602,1.0627083101586174,0.0499999999999999,0.7149834129628942
03281500,control,0.808302210074236,0.8739413469345337,0.9007411240420886,0.9479622437001959,1.057710757017507,0.7986970976699259,0.8655493017235173,0.8952022864285002,0.9386481591947168,1.0577094543989358,,,,,,,,,,,,,,,,,,,,,,,,,,,,,,,0.8000117864640378,0.8669859244680966,0.8959872426759998,0.9404714587274419,1.0577099937396193,0.012499999999999975,0.8512472033165068,0.7998988684285185,0.8669649166130637,0.8959297481957288,0.940525020302917,1.0577099895269115,0.012499999999999975,0.8511752479628784,0.799860776806503,0.8669580681956207,0.8959103794023134,0.9405435976904389,1.0577099880997596,0.012499999999999975,0.8511511710258521
03294000,control,0.7672350572437855,0.6627627517046827,0.9004426065474078,1.0679330286612512,1.3149641101199196,0.7697747210741043,0.6650118680746794,0.899531588958317,1.0540422336006958,1.314964416880738,,,,,,,,,,,,,,,,,,,,,,,,,,,,,,,0.7702819691149491,0.6647425237099247,0.9001862629204672,1.0568532085949383,1.3149642931683982,0.012499999999999975,0.7516076387853288,0.7702493408394446,0.6647296325534253,0.9001806251535729,1.0569192934249028,1.3149642927841814,0.012499999999999975,0.7515078931366677,0.7702381959918567,0.6647251561723436,0.9001787838623092,1.056942427624404,1.31496429265663,0.012499999999999975,0.7514741542135636
03339500,control,0.8604423384905673,0.87591444903191,0.9280542030951973,0.9000195401187843,0.9850022032042053,0.8608347296911453,0.8677658523461136,0.9286608459824658,0.8896748216317111,0.9850016691656176,,,,,,,,,,,,,,,,,,,,,,,,,,,,,,,0.8607254975219198,0.8686114529189465,0.9285526792472392,0.8907604219374318,0.9850018252432378,0.03549999999999993,0.8655594853099357,0.8607803839036667,0.868638447840781,0.9285829500163005,0.8907730933633164,0.9850018259816002,0.03549999999999993,0.8656345482189501,0.8607993942784926,0.868648107832831,0.9285934180821955,0.8907778666285809,0.9850018262275896,0.03549999999999993,0.8656604849381113
03346000,control,0.8305637213839633,0.8096705991844053,0.9140927545616735,0.847689361989869,1.0751444977690934,0.819509126708582,0.792659640987943,0.9090871664193022,0.8294759536015416,1.075142735946154,,,,,,,,,,,,,,,,,,,,,,,,,,,,,,,0.819509126708582,0.792659640987943,0.9090871664193022,0.8294759536015416,1.075142735946154,0.1380706234676368,0.8488018556246189,0.8188903768466707,0.7928308563464481,0.9086732640018691,0.8299057605604923,1.0751427380627636,0.1380706234676368,0.8495639318552708,0.8186655097202088,0.7929188030604783,0.9085198440048792,0.8300954028787696,1.075142737919813,0.1380706234676368,0.8498539090745942
03358000,control,0.8395477651147685,0.8927691455366622,0.9164154155354979,0.9328292171349221,0.9996008532518088,0.8513144301558776,0.8851070054262934,0.9226991527419964,0.9150010524719342,0.9996023388003621,,,,,,,,,,,,,,,,,,,,,,,,,,,,,,,0.8513144301558776,0.8851070054262934,0.9226991527419964,0.9150010524719342,0.9996023388003621,0.0644544378132592,0.8324891759501405,0.8513885119299757,0.8853748014830515,0.9227369214675678,0.9153289029205012,0.9996023191038651,0.0644544378132592,0.83304088592728,0.8513998334403983,0.8854841902606579,0.9227419545728767,0.9154724486223743,0.9996023127603317,0.0644544378132592,0.8332225266407929
03363500,control,0.8482610274922108,0.8242404138468271,0.9245035916609249,0.8476509457535237,1.0445139317836392,0.8436463983070687,0.8172819346439502,0.9224263402680709,0.8406682234240026,1.0445152074732784,,,,,,,,,,,,,,,,,,,,,,,,,,,,,,,0.8436463983070687,0.8172819346439502,0.9224263402680709,0.8406682234240026,1.0445152074732784,0.0499999999999999,0.8829047406759954,0.8435961783306692,0.8173548241282008,0.9223864629115791,0.8407712468031627,1.0445152028552656,0.0499999999999999,0.8829129373362592,0.843578788312389,0.8173812009190242,0.9223725259607457,0.8408082982599454,1.0445152013268297,0.0499999999999999,0.882914452837164
03378000,control,0.7845779825354697,0.8283043346787928,0.8859008757809251,0.8732495652913124,1.019877591496225,0.8210696246568631,0.813007293409656,0.9089575058110823,0.8378815196359296,1.0198780002587753,,,,,,,,,,,,,,,,,,,,,,,,,,,,,,,0.8210696246568631,0.813007293409656,0.9089575058110823,0.8378815196359296,1.0198780002587753,0.3812699412948386,0.820673046785809,0.8216171298647442,0.8144739955534598,0.9091509626266717,0.8394658413077059,1.0198779935404603,0.3812699412948386,0.8204932643714855,0.821708141281272,0.8150440666605758,0.909150699532335,0.8401251510002727,1.0198779913298062,0.3812699412948386,0.8203311249016763
03432350,control,0.9021553315742171,0.9026555244242718,0.9501916278776202,0.9519080760965944,1.068426894178394,0.9058362627924813,0.8936063343526849,0.9523018262370256,0.9339549936151463,1.06842918559485,,,,,,,,,,,,,,,,,,,,,,,,,,,,,,,0.9064083258519547,0.8960157650712387,0.9525406292903617,0.9377265842861078,1.0684277059449585,0.012499999999999975,0.9000151371365713,0.9064633144748235,0.896035466368889,0.9525697803988636,0.9377372684434407,1.0684277047754653,0.012499999999999975,0.8999343000431865,0.9064819115861458,0.8960426050168875,0.9525796264025904,0.9377416880088503,1.0684277043862325,0.012499999999999975,0.8999067963808965
03460000,control,0.7358349185894485,0.8039165924293937,0.8581394641855691,0.8663854179619707,0.9782874559356627,0.7408785204620949,0.7989587887302297,0.8610466828453772,0.856341293189231,0.9782808785168293,,,,,,,,,,,,,,,,,,,,,,,,,,,,,,,0.7408785204620949,0.7989587887302297,0.8610466828453772,0.856341293189231,0.9782808785168293,0.0499999999999999,0.7818429233338218,0.7409757914037793,0.7990568012536267,0.8611030205814699,0.8564239583246448,0.9782809188115704,0.0499999999999999,0.7818851483730038,0.7410094276259628,0.7990927333434921,0.8611224858246364,0.8564554147973368,0.9782809320905285,0.0499999999999999,0.7819000424238367
03465500,control,0.836066638309023,0.8258178041786481,0.9285052213676307,1.0198944345225396,1.1575821863171236,0.8372801000211288,0.8265722105901456,0.9275728402950534,1.0011208310540582,1.1575761670253824,,,,,,,,,,,,,,,,,,,,,,,,,,,,,,,0.8369167792042946,0.8265471925802793,0.9277899589172763,1.0063706493166638,1.1575785556346363,0.012499999999999975,0.8976280582451085,0.8368850610543739,0.8265406735898977,0.9277732538631583,1.0063585167180285,1.1575785655673931,0.012499999999999975,0.89757193669632,0.8368740878802199,0.8265384147069932,0.9277675290824221,1.006355017478202,1.1575785691975786,0.012499999999999975,0.8975528986853568
03528000,control,0.8934010324967518,0.8730100955630614,0.9521366078979158,1.0385747983787357,1.1111193792973342,0.8883375874696211,0.8739851343803475,0.9490412029906806,1.0305902267602711,1.111117889609447,,,,,,,,,,,,,,,,,,,,,,,,,,,,,,,0.8909465738481966,0.874058849899054,0.9504614972511433,1.0325529277092353,1.1111189314730294,0.012499999999999975,0.8872478609813508,0.8909218819792066,0.8740420583521842,0.9504537707084233,1.0326061173223302,1.111118924312214,0.012499999999999975,0.8872181916131812,0.890913619509145,0.874036291416139,0.95045123627914,1.0326245474223252,1.1111189218784212,0.012499999999999975,0.8872082678168232
05410490,control,0.21726620215649106,0.5971025654285336,0.727152560707008,1.2499143100038566,1.1594473433796324,0.6648359213924786,0.7763942565919582,0.8466657651835288,0.9651173726857675,1.1589696298981873,,,,,,,,,,,,,,,,,,,,,,,,,,,,,,,0.6648359213924786,0.7763942565919582,0.8466657651835288,0.9651173726857675,1.1589696298981873,1.7495626146803187,0.6793714139563465,0.6450053247527652,0.7719628870617509,0.8381042864094039,0.9774607189897361,1.1590052942821207,1.7495626146803187,0.6823491614388508,0.6267225403006591,0.7671187629601948,0.8303249453498224,0.9875342105647047,1.1590240563198035,1.7495626146803187,0.6811984789436483
05413500,control,0.6471060787772717,0.7786514498316658,0.8173240363637431,0.9336451297715757,0.8940674546319335,0.6482753805234541,0.7730965791262723,0.8162679134809631,0.9193790794801553,0.8940379786805951,,,,,,,,,,,,,,,,,,,,,,,,,,,,,,,0.6492309074398447,0.7738675974783144,0.8168717279752226,0.9201460748091257,0.8940601581695582,0.012499999999999975,0.6570139041512789,0.6491801017100629,0.7738434701538864,0.8168436721191542,0.9201420843474175,0.8940601639756547,0.012499999999999975,0.6569156121260531,0.649162809727919,0.7738356015582089,0.8168342099875727,0.9201414998752171,0.8940601658983708,0.012499999999999975,0.6568820205078174
05466500,control,0.7567017240313139,0.8098269184338319,0.8699292589339667,0.8612663666511432,0.9993817373290447,0.7608500215118852,0.8033669665200607,0.8725519864520311,0.8502630279513399,0.999373182723208,,,,,,,,,,,,,,,,,,,,,,,,,,,,,,,0.7608500215118852,0.8033669665200607,0.8725519864520311,0.8502630279513399,0.999373182723208,0.0644544378132592,0.7546383148558662,0.760974224869083,0.8036523606174011,0.8726166771894794,0.8505828267054087,0.9993731941896238,0.0644544378132592,0.7549831135706735,0.7610177506041986,0.8037664115802229,0.8726388771755785,0.8507137891956915,0.999373198040297,0.0644544378132592,0.755097701042904
05473400,control,0.766062092909426,0.7293049966739693,0.8847449471606389,0.7556472536642781,1.0168461562044944,0.7632976113872606,0.7228470500277768,0.8841103225695495,0.7488023332841781,1.016824760916536,,,,,,,,,,,,,,,,,,,,,,,,,,,,,,,0.763850663901786,0.7240849086655925,0.8842448692240787,0.7501064198835745,1.0168251579998366,0.03549999999999993,0.7764240393481621,0.7638344327270081,0.7241152991140059,0.8842265310452638,0.7501484810737298,1.01682529522406,0.03549999999999993,0.7763742095254662,0.7638288891533989,0.7241258891633691,0.8842202234558103,0.7501631006432158,1.0168253408009271,0.03549999999999993,0.7763570437494051
05487470,control,0.7003440835945147,0.5835017712468564,0.8562332328635577,0.6862721362367842,1.233188161621063,0.6879983719540393,0.5740082544579432,0.8495649843581483,0.6767671673076782,1.2331497570414813,,,,,,,,,,,,,,,,,,,,,,,,,,,,,,,0.6893317890953622,0.574785686680076,0.8503810077253072,0.6774299598922274,1.233173623353307,0.012499999999999975,0.647551290014829,0.6892473942695323,0.5747605132149504,0.850319945196236,0.677425155600715,1.23317369507715,0.012499999999999975,0.6474123266395333,0.6892191142509612,0.5747523253277859,0.8502993884036553,0.6774239181483062,1.2331737187570995,0.012499999999999975,0.6473652319579309
05487980,control,0.7154312269535889,0.6977953968824628,0.8512033804230529,0.7627240596571735,1.1135223162304613,0.7082447583040928,0.6879000789754209,0.8477206400064295,0.752331337557438,1.1134794733306836,,,,,,,,,,,,,,,,,,,,,,,,,,,,,,,0.709555633018678,0.688922604761432,0.8484865710749373,0.7531618220084851,1.11350656619602,0.012499999999999975,0.6945512258201577,0.7095467897720811,0.6889130204493525,0.8484818588417073,0.7531526799625121,1.1135066620784466,0.012499999999999975,0.6945673171356495,0.709544150325099,0.6889101380282721,0.8484804560050618,0.7531499230441471,1.1135066937058964,0.012499999999999975,0.6945731885339094
05489000,control,0.7036023522676218,0.8016614975835179,0.8414731433090036,0.9048475912263646,1.0717872993854773,0.7147785769687613,0.7960089575019281,0.8466431343149936,0.8862379450905773,1.0717789107573148,,,,,,,,,,,,,,,,,,,,,,,,,,,,,,,0.7151197263123691,0.7973082243554006,0.8469247167293193,0.8881979359043185,1.071778910757315,0.02499999999999995,0.7499901187924378,0.7153377212410357,0.7973648710837992,0.847044596614785,0.8881366304406203,1.0717790122318018,0.02499999999999995,0.7499269781892279,0.715412536835808,0.7973847204746332,0.8470857771573959,0.8881163076815554,1.0717790452902278,0.02499999999999995,0.7499056595623426
05495500,control,0.806279570978972,0.7410705322746445,0.9083450489822389,0.7730587596074815,1.08450747079148,0.8056556373943727,0.7308270116681327,0.9102289409674805,0.7607219967262308,1.0845061640178133,,,,,,,,,,,,,,,,,,,,,,,,,,,,,,,0.8056556373943727,0.7308270116681327,0.9102289409674805,0.7607219967262308,1.0845061640178133,0.012499999999999975,0.7938856618872505,0.805739736954983,0.7308432689376277,0.9102847314928159,0.7607193831005922,1.084506229646724,0.012499999999999975,0.7939485324397607,0.805768860981297,0.7308493951725609,0.910303933036465,0.7607190833320859,1.0845062516552006,0.012499999999999975,0.793970447514973
05517000,control,0.7792273896368939,0.831287944449455,0.9108040514724026,1.1238867615999026,1.0718325187825213,0.8251425517365685,0.8683427757505155,0.9243381341059919,1.0803067900621859,1.0718312342677205,,,,,,,,,,,,,,,,,,,,,,,,,,,,,,,0.8251425517365685,0.8683427757505155,0.9243381341059919,1.0803067900621859,1.0718312342677205,0.4914907944250637,0.8059079605985379,0.8255901846461466,0.8661908467037791,0.9251589063365516,1.0845220232827177,1.0718312451883316,0.4914907944250637,0.8047669633467619,0.8255371247623999,0.8651498276001692,0.9254080968455571,1.0863764358289032,1.0718312488653627,0.4914907944250637,0.8040561718820766
05528000,control,0.8522098011225179,0.7623334030251744,0.9375171906956627,0.8128691943096586,0.8674731294389106,0.8548474196556888,0.7526097337181007,0.9413628187565755,0.7995029556364723,0.8674686451123945,,,,,,,,,,,,,,,,,,,,,,,,,,,,,,,0.8548474196556888,0.7526097337181007,0.9413628187565755,0.7995029556364723,0.8674686451123945,0.6335752569011934,0.8817960069144707,0.858012093701332,0.7576051861604082,0.9423073823677627,0.8054168043470077,0.8674700501149263,0.44983843239984733,0.8812069340054249,0.8580301482618529,0.7581381288760987,0.9422006770658256,0.8061128702499725,0.8674700641771768,0.44983843239984733,0.8810828292921697
06281000,control,0.813118713868089,0.761562931966559,0.9112320235388993,0.781141993055376,1.0327666684850958,0.8190664870564378,0.7558067565316657,0.9165164136299295,0.7728691970036212,1.032747966236033,,,,,,,,,,,,,,,,,,,,,,,,,,,,,,,0.8190664870564378,0.7558067565316657,0.9165164136299295,0.7728691970036212,1.032747966236033,1.3572088082974532,0.7853183724243477,0.8191494241803015,0.755953533257042,0.9165422174363963,0.7730203629082083,1.0327676792734324,1.3572088082974532,0.7854101379883932,0.8191476098296555,0.7560129414089496,0.916528110309876,0.7730905438878659,1.0327754041678805,1.3572088082974532,0.7854291424159214
06332515,control,-0.028543744839369722,0.1869945611466297,0.5122315199984152,1.0428830521745527,1.6490152520228623,0.010621842909962487,0.1920792787447142,0.5192022976661795,1.0188176268947136,1.6490110616794074,,,,,,,,,,,,,,,,,,,,,,,,,,,,,,,0.0004348180577348204,0.19088317787840192,0.5175005893588337,1.0254753290233811,1.6490110616794074,0.03549999999999993,0.6261861074226341,0.00035514831900174126,0.19092724559865337,0.5175880370618684,1.025730262879965,1.6490110734809449,0.03549999999999993,0.6262299067375616,0.00032078262110268874,0.19094162583730223,0.5176171022447194,1.0258227453375526,1.6490110773933202,0.03549999999999993,0.6262463712652131
06339100,control,0.4058144320603534,0.41355170136784114,0.6435814168617969,0.5539237725185241,0.8661964132087477,0.398544968951139,0.4073577909538283,0.6375263566665705,0.5506314152391578,0.8661884875589776,,,,,,,,,,,,,,,,,,,,,,,,,,,,,,,0.39855516623591536,0.4073720543273406,0.6375338117316709,0.5506426996721158,0.8661935689271234,0.012499999999999975,0.36219003388539794,0.398508326217174,0.4073675119881094,0.6374861635881258,0.5506751441674407,0.8661935794210224,0.012499999999999975,0.3621272600389649,0.3984927139867248,0.40736620471717067,0.6374702343896718,0.5506862709650172,0.8661935828948063,0.012499999999999975,0.3621059607623631
06403300,control,0.6113659535260838,0.6940127550188994,0.8187283954960926,1.001633784437963,0.7534921294560489,0.6384367869128191,0.6976537613035199,0.8273142923228824,0.9706041150547384,0.7535679071909526,,,,,,,,,,,,,,,,,,,,,,,,,,,,,,,0.6384367869128191,0.6976537613035199,0.8273142923228824,0.9706041150547384,0.7535679071909526,0.1380706234676368,0.8075459072680307,0.6371024459990311,0.697336388622168,0.8266898488474049,0.9710269984725626,0.753566604653048,0.1380706234676368,0.8079127980151113,0.6362891443113559,0.6971439414155223,0.8263105511400816,0.9712914611483637,0.7535662616988767,0.1380706234676368,0.8080206157510625
06430500,control,0.2558910748304646,0.5678811040375898,0.704215511442192,0.9590635328622094,0.6876500644555137,0.2540871960909231,0.5665071969958743,0.7025773112153405,0.9564521364264539,0.6876550976393929,,,,,,,,,,,,,,,,,,,,,,,,,,,,,,,0.2549215766467743,0.5668369882953557,0.7030381882719658,0.9565555198120711,0.6876597140530185,0.4588776678115752,0.6379827313735205,0.25495842979210004,0.5668654736946289,0.7030716179643318,0.956609464257865,0.6876599365635766,0.4588776678115752,0.6381495224285523,0.2549680140193369,0.5668741527966289,0.7030814953486162,0.9566279912904098,0.6876600090098621,0.4588776678115752,0.6382064473414202
06607200,control,0.7666255161826998,0.8380357286676954,0.8923093809069793,1.0493900641154308,1.11043449331726,0.7682220853067504,0.8398395119929905,0.8920791033627218,1.04264789930053,1.1103884897663756,,,,,,,,,,,,,,,,,,,,,,,,,,,,,,,0.768422963605017,0.839854044053042,0.8922002952253166,1.0428098606805318,1.1104231256810346,0.012499999999999975,0.6994709241127164,0.7683714838213527,0.8398282934691474,0.8921833584636631,1.0428634768651908,1.1104231394765511,0.012499999999999975,0.6993618466661269,0.768353844806339,0.8398194329502837,0.8921775855401057,1.0428820503118832,1.1104231441386114,0.012499999999999975,0.6993248225669968
06647500,control,0.7722101673292645,0.7698941788711827,0.9004944380256552,1.0810321845126716,1.1910003066139985,0.7754682006480605,0.772709227628638,0.9006520205010495,1.0727470530241883,1.191046958758684,,,,,,,,,,,,,,,,,,,,,,,,,,,,,,,0.7754682006480605,0.772709227628638,0.9006520205010495,1.0727470530241883,1.191046958758684,0.1779852882826546,0.7948160506915329,0.7754052510203207,0.7726675138369685,0.9006386960046563,1.072845919705981,1.191051989038585,0.1779852882826546,0.7945629368872045,0.7747685243015558,0.7719285189257858,0.9007327601460677,1.0752665682046771,1.1910433439873218,0.12636955468068478,0.794509239056672
06809210,control,0.7692164310245168,0.8251663013941766,0.8771034174293321,0.8780783134685471,0.9755387139755685,0.7846038629974637,0.8176826683057524,0.8862297985103352,0.859653626280165,0.9755286683483763,,,,,,,,,,,,,,,,,,,,,,,,,,,,,,,0.7846038629974637,0.8176826683057524,0.8862297985103352,0.859653626280165,0.9755286683483763,0.0499999999999999,0.8046740774448842,0.7807831217453236,0.8187265738236112,0.8839211826870206,0.862934619878975,0.9755286947380091,0.03549999999999993,0.804405215733319,0.7807984382450871,0.8187733408555584,0.8839287093678339,0.8629900984747573,0.9755287033510249,0.03549999999999993,0.8043211343213743
06810000,control,0.6450122099973277,0.8177290750097137,0.8400225409550386,1.0860522638127856,1.0149970192714095,0.7072578841614003,0.8509512436268725,0.8631100784222462,1.0570342024241934,1.014959308160756,,,,,,,,,,,,,,,,,,,,,,,,,,,,,,,0.7072578841614003,0.8509512436268725,0.8631100784222462,1.0570342024241934,1.014959308160756,0.0499999999999999,0.8216102460581876,0.7075375381917443,0.8509976798150021,0.8633061658261912,1.0573820168219112,1.0149596545690664,0.0499999999999999,0.8213100022470798,0.7075445780492284,0.8509648247849493,0.8633398326934617,1.0575472613213377,1.014959773980361,0.0499999999999999,0.8211434269555136
06814000,control,0.7030975371613204,0.6990799725350446,0.8645160664215998,1.0645254548936267,1.2608321919211731,0.6937383176539085,0.6991455615766013,0.8557428485387644,1.0408665472075367,1.2608317325224883,,,,,,,,,,,,,,,,,,,,,,,,,,,,,,,0.696085929411163,0.6994828652904306,0.8574962732305089,1.0443844857989033,1.260831849150411,0.02499999999999995,0.7984604054986095,0.6964855183430079,0.6995012371170128,0.8578873754391261,1.0455000221796893,1.2608318546808914,0.012499999999999975,0.7982881626845127,0.6964053512570386,0.6994836472653915,0.8578475651558662,1.045491825258063,1.2608318564966439,0.012499999999999975,0.7982307507546613
06889500,control,0.6783798209958497,0.6300645922271685,0.835048659739579,0.7005701896210974,1.1413684898653034,0.6613525703047378,0.6143126014138853,0.8255669908014395,0.6864042096306071,1.14137034693547,,,,,,,,,,,,,,,,,,,,,,,,,,,,,,,0.6659894863857065,0.6178112910354177,0.8283831098282287,0.6891455706643822,1.1413696432414393,0.012499999999999975,0.822393878007727,0.6658615835320789,0.6177706902874014,0.8282900066050882,0.689147083427154,1.1413696842673289,0.012499999999999975,0.8222555437671657,0.665818416885964,0.6177574430407604,0.8282584564323568,0.6891482297660259,1.1413696979771315,0.012499999999999975,0.822208751935498
06893080,control,0.6633243824188929,0.6325686984400761,0.8166909638155467,0.7927998207534442,1.2418091072299422,0.6603834103842832,0.6200846917413757,0.8156993932332609,0.7721889333482591,1.2418078694038996,,,,,,,,,,,,,,,,,,,,,,,,,,,,,,,0.6617795505184987,0.6229777634277918,0.8163690353483074,0.7764952126120213,1.2418078694038996,0.012499999999999975,0.7256718435447903,0.6617480238781415,0.6229558434880855,0.8163498224801323,0.7764740270030105,1.2418078734294051,0.012499999999999975,0.725643005406654,0.661737212890771,0.6229489390305893,0.8163431785805437,0.7764678407080141,1.2418078747405106,0.012499999999999975,0.7256335188628704
06903400,control,0.3722304462175857,0.2832437257239847,0.6875645930138291,0.3747708292854622,1.158783365825994,0.37084154446663664,0.2805731747838124,0.6888184230540488,0.37108376552974176,1.158761938227729,,,,,,,,,,,,,,,,,,,,,,,,,,,,,,,0.37222863358767233,0.2816770278012314,0.6901811932858384,0.3716729781675305,1.1587619382277294,0.012499999999999975,0.41875209848218553,0.3722629238986669,0.28169416359655597,0.6902319953176578,0.3716675285205014,1.1587619701655179,0.012499999999999975,0.41876100725911736,0.3722745298611674,0.2817000249132503,0.6902490849692297,0.37166580679727157,1.158761980648712,0.012499999999999975,0.41876437676801403
06917000,control,0.742088306420088,0.7754041494672727,0.8621104662747724,0.8309146651553034,1.0532909195455975,0.7474801068592021,0.7696903866762509,0.865856376685695,0.8205330354141535,1.0532880374548284,,,,,,,,,,,,,,,,,,,,,,,,,,,,,,,0.7483781856058966,0.7711605384850495,0.8663190333104049,0.8220750625808718,1.0532880374548284,0.012499999999999975,0.8316907473256385,0.7484790151481275,0.7712391691245183,0.866377269339636,0.8221324422793452,1.05328804278821,0.012499999999999975,0.8316304881290126,0.7485131963487122,0.771266203513477,0.8663969830255569,0.8221524028252937,1.0532880445282822,0.012499999999999975,0.8316104481095972
07151500,control,0.751482365714558,0.8144889375472514,0.8691721655190322,0.9202093946486113,1.1045556852353187,0.7474969633221205,0.8031164452116434,0.8660595048204819,0.9005426394617772,1.1045529116377697,,,,,,,,,,,,,,,,,,,,,,,,,,,,,,,0.7491820815037653,0.8054529505282526,0.8671207026517908,0.9037702983406073,1.1045537723516134,0.03549999999999993,0.7185425118165066,0.7492062752318107,0.8054798096433733,0.8671354651406399,0.9038042552449108,1.10455380683647,0.03549999999999993,0.7186534462225458,0.7492167773565339,0.8054907535380265,0.8671418176662183,0.9038176241638628,1.1045538183170966,0.03549999999999993,0.7186939894424489
07191000,control,0.7259447043301906,0.6505998509573843,0.8572392512794605,0.9151899281519418,1.3074200456848581,0.7179255996184516,0.6435255270070793,0.8517803562339509,0.8970376586425158,1.3074146114933884,,,,,,,,,,,,,,,,,,,,,,,,,,,,,,,0.7192160478416469,0.6447839885279973,0.8526604463228281,0.9001765255698815,1.3074162401061291,0.03549999999999993,0.8359760478060653,0.7190958149663769,0.6447740270860582,0.8525967671664075,0.900235199386479,1.3074162704565369,0.03549999999999993,0.8360065411319374,0.7190556582915253,0.644771428050678,0.8525756294602991,0.9002572100224223,1.3074162799000997,0.03549999999999993,0.8360188099477499
07207500,control,0.5566014101663501,0.42058603420276497,0.8490872270694347,0.4442665817627943,0.935919998582411,0.5523630801454192,0.41545481142483676,0.8492728732287382,0.4388660834076239,0.935944255594417,,,,,,,,,,,,,,,,,,,,,,,,,,,,,,,0.5523630801454192,0.41545481142483676,0.8492728732287382,0.4388660834076239,0.935944255594417,0.0830874910764661,0.581601383740223,0.5522502791641246,0.415431492924768,0.8491315633322979,0.43887977225157165,0.9359442095266867,0.0830874910764661,0.5816684748092964,0.5522096147381748,0.41542540347804435,0.8490776004681246,0.4388879418483281,0.9359441929631441,0.0830874910764661,0.5816863802038905
07315700,control,0.6271772637262781,0.3776365157965309,0.8586322491347566,1.1702691332248536,1.5816871046843322,0.6519279800818383,0.38330713394934923,0.8650651170018359,1.1539483358100442,1.5817237989710886,,,,,,,,,,,,,,,,,,,,,,,,,,,,,,,0.6482059392680874,0.38243946411271723,0.8641261763083838,1.156619669906607,1.5817126425643102,0.03549999999999993,0.78847233837701,0.6521160779693158,0.3832222094582226,0.8652790569186449,1.1544773160021033,1.5817231895340371,0.0499999999999999,0.7885133544804296,0.652166804745139,0.38318687877735713,0.8653525946113466,1.1546831711303882,1.5817229747083825,0.0499999999999999,0.7885293855253298
07346045,control,0.6901497566084316,0.7160159787537332,0.8747472809099978,1.1244556845196314,1.222417317838587,0.8345882358246601,0.7610455503168523,0.9284742468167597,1.050116663358141,1.222422156515022,,,,,,,,,,,,,,,,,,,,,,,,,,,,,,,0.8345882358246601,0.7610455503168523,0.9284742468167597,1.050116663358141,1.222422156515022,1.0528435700809526,0.8077312809902912,0.8425945093403426,0.7609476781930181,0.9330122963374327,1.0564552406047145,1.2224218198099923,1.0528435700809526,0.8136344268938399,0.845079412637302,0.7606139948760097,0.9345549213076813,1.0595918188544777,1.2224217081352322,1.0528435700809526,0.8154071020672431
08101000,control,0.6505092041581363,0.6054335160767013,0.8230262221336598,0.6600682239203725,1.0938582963549839,0.6397846185576059,0.5916852384473185,0.8182644601215175,0.6466124131624134,1.093863472746361,,,,,,,,,,,,,,,,,,,,,,,,,,,,,,,0.6431693728904622,0.5963352674594524,0.8196510790924169,0.6512739390530969,1.093859562330958,0.012499999999999975,0.6919746604061477,0.6431384312561674,0.5963300186198723,0.8196254715394546,0.6512811069881216,1.093859560017287,0.012499999999999975,0.6919947307125083,0.6431282886564855,0.5963287650497036,0.819616916191547,0.6512840810345616,1.0938595592475258,0.012499999999999975,0.69200189663935
08279000,control,0.7821303957747738,0.7301203379578813,0.8958094800143667,0.7596535506183539,0.9350927446372337,0.7829876653868195,0.7306020300430833,0.8963159490757057,0.7599750209150922,0.9350931959181035,,,,,,,,,,,,,,,,,,,,,,,,,,,,,,,0.7829720266368917,0.7303949368303324,0.8963500460010435,0.7597278961123265,0.9350931959181035,0.03549999999999993,0.8461346106739585,0.7829759596189746,0.7304003024433313,0.8963516784227575,0.7597332112037478,0.9350932009847589,0.03549999999999993,0.8461403818017647,0.7829772800659938,0.7304021347068863,0.8963522197462536,0.7597350331775932,0.9350932026910688,0.03549999999999993,0.8461424009915577
08284100,control,0.6839100454762909,0.3395072764960426,0.9173381454513745,0.6199414221665485,1.5338287487757392,0.6913554550108154,0.34782080015333494,0.916419402106816,0.634791544592089,1.5338302880757348,,,,,,,,,,,,,,,,,,,,,,,,,,,,,,,0.6913554550108154,0.34782080015333494,0.916419402106816,0.634791544592089,1.5338302880757348,0.4914907944250637,0.8004501612482262,0.6886550955535065,0.3458078090612391,0.915828774675333,0.6313422058996909,1.5338296154782858,0.3489584640417952,0.8000415028132424,0.6882821233048793,0.34595959974227963,0.9153644326970307,0.6317180328898185,1.5338296157183853,0.3489584640417952,0.7998910790544705
08289000,control,0.4883916727666088,0.4475599102368142,0.7251601644986819,0.5436306474215297,0.8537805360895033,0.4888766305598137,0.4475504437084753,0.725725443681233,0.5432702519710679,0.8538086279280673,,,,,,,,,,,,,,,,,,,,,,,,,,,,,,,0.4888490216025786,0.44755049353416754,0.725695131237802,0.5432807456624933,0.8538329076533057,0.3559705765653092,0.7931626571259192,0.48877743659159123,0.4475392294366035,0.7256184099596793,0.5433128615258098,0.8538339861298015,0.3559705765653092,0.793153724343763,0.48874241361092274,0.4475344916957664,0.7255804866241858,0.5433297336166816,0.8538345583052357,0.3559705765653092,0.7931479505111333
08377900,control,0.7877405833224951,0.7792513771448168,0.891354354299901,0.8406721517314811,1.1074277195559519,0.7806418209523855,0.7990553115469458,0.8859942637465474,0.8741425444826433,1.107430725630519,,,,,,,,,,,,,,,,,,,,,,,,,,,,,,,0.7806418209523855,0.7990553115469458,0.8859942637465474,0.8741425444826433,1.107430725630519,1.7495626146803187,0.6883408850578396,0.7824915724924295,0.7948590951723826,0.8871994185954863,0.8665172537033673,1.1074298660029234,1.2421894564230263,0.6866429418664526,0.7815561366669894,0.7950749011344281,0.8866412908656681,0.8673239927978093,1.1074298669893368,1.2421894564230263,0.68602862893338
08379500,control,0.527882606532501,0.6021304701393015,0.7298789134529494,0.7371264855646195,1.1274059527753937,0.525867286161726,0.6023975186102907,0.7285350138445772,0.7389211423846743,1.127406140374657,,,,,,,,,,,,,,,,,,,,,,,,,,,,,,,0.520335072651017,0.6039126543161732,0.724933463353528,0.7450662651759002,1.1274063447274507,0.4284286021318256,0.568474469539157,0.5239705791199851,0.6030314514236983,0.7272908220911314,0.7411923345482778,1.1274061424989945,0.2142143010659128,0.5683644472265728,0.5239123453542871,0.6030372095435557,0.7272524662945644,0.7412415904092949,1.127406143221817,0.2142143010659128,0.5683453107460634
08401900,control,0.11310242885112665,0.05052578105318506,0.4165983271065421,0.661050355131285,1.668024639330879,0.12053867317577316,0.04240632271656408,0.4151328153807839,0.6411898243273143,1.667960541471232,,,,,,,,,,,,,,,,,,,,,,,,,,,,,,,0.126585114466376,0.042453453867517865,0.4181544052880659,0.6362676129988653,1.6678696299211533,0.0999999999999998,0.9259620079313147,0.12277628961054932,0.042358646524363164,0.416206966328515,0.6392701708594734,1.6679346121377006,0.07049999999999985,0.9257653265495295,0.12273035495576501,0.0423391778126031,0.4161729032528747,0.63927550817748,1.6679356349648136,0.07049999999999985,0.9257068396779329
08405150,control,0.16437102289547356,-0.317390764967729,0.41198042385345396,0.3409669816762863,1.9774594039906874,0.0464654485043019,-0.44432057343265163,0.22177677681587,0.2708455212649199,1.974045317158448,,,,,,,,,,,,,,,,,,,,,,,,,,,,,,,0.0464654485043019,-0.44432057343265163,0.22177677681587,0.2708455212649199,1.974045317158448,1.7495626146803187,0.92722247549814,0.027544605985632797,-0.4647979607107069,0.18662730425000898,0.2701290870038641,1.975369865165428,1.7495626146803187,0.9249825211948572,0.019520618623063313,-0.4732960853089605,0.17183381746993037,0.27028859846374564,1.9758398431957338,1.7495626146803187,0.9239448770189538
08405500,control,-0.0123050679460186,-0.3389583540961141,0.07082428789322186,0.10527835060010296,1.3590475457787783,-0.013534975899557322,-0.3482157969018864,0.06286471207545632,0.0996833978711117,1.3590171347908955,,,,,,,,,,,,,,,,,,,,,,,,,,,,,,,-0.01394781725692451,-0.3513714029587214,0.060077344301164265,0.09785409276629127,1.359002551662435,0.07049999999999985,0.6167439128926017,-0.013630332056114636,-0.34850116195446845,0.062405707384447846,0.09973417188454385,1.359017778076359,0.0499999999999999,0.6164457022750728,-0.01366569121004546,-0.3486012750883818,0.0622378676548082,0.09975907656700188,1.3590179133217604,0.0499999999999999,0.6163436148302864
09059500,control,0.8404302537480675,0.7619790392405393,0.9285328383203237,0.7909481312675362,0.9114351156395921,0.8390144500726754,0.758030251413689,0.9284240340927183,0.7864939642379697,0.911448246609427,,,,,,,,,,,,,,,,,,,,,,,,,,,,,,,0.8394735953021573,0.7592803880674955,0.9284635256055869,0.7879000308761352,0.9114445512810836,0.04576265084741403,0.8511220937428003,0.8394664726813676,0.7592979747877578,0.928454930191942,0.7879228634370135,0.9114446157781508,0.04576265084741403,0.8510810508682046,0.8394640645490752,0.7593043374894793,0.9284519344235982,0.7879310884556283,0.9114446330252152,0.04576265084741403,0.8510664591687719
09124500,control,0.8572700172094834,0.8508483539883362,0.9277150952064651,0.86954675532721,1.0017484282425815,0.8623784798335082,0.8570325181684921,0.9302761243712537,0.8751993144440945,1.0017524021586492,,,,,,,,,,,,,,,,,,,,,,,,,,,,,,,0.8623784798335082,0.8570325181684921,0.9302761243712537,0.8751993144440945,1.0017524021586492,0.4914907944250637,0.9179010695760957,0.8613242980570206,0.8557528645417084,0.9297476149236784,0.8740286887095939,1.0017513454218316,0.3489584640417952,0.9175425908067988,0.8612688721858089,0.8558546446878126,0.929707050726167,0.8741678993977401,1.0017513419100372,0.3489584640417952,0.9174410853565153
09147000,control,0.4480566535422612,0.49007593093025403,0.6780608500443874,0.6131389187406675,0.9180473078577351,0.444781170255514,0.4715960800006074,0.6783510074457699,0.5886907143686069,0.9188994462844643,,,,,,,,,,,,,,,,,,,,,,,,,,,,,,,0.444781170255514,0.4715960800006074,0.6783510074457699,0.5886907143686069,0.9188994462844643,4.831264020091606,0.6975440576564136,0.451532145550558,0.47963500622634636,0.6831100893470938,0.5953761857101616,0.9185133128603813,2.415632010045803,0.6932478588666429,0.4509489476314321,0.47971058743228223,0.6825404239388916,0.5959195026753606,0.9185172283299456,2.415632010045803,0.6923636897719592
09255000,control,0.7046528232485885,0.6570319800201445,0.8549979939908908,0.6966205721278663,0.9324544322237672,0.705425178220534,0.6561512083671901,0.8558795289998703,0.6951832066880822,0.9325611101731067,,,,,,,,,,,,,,,,,,,,,,,,,,,,,,,0.705425178220534,0.6561512083671901,0.8558795289998703,0.6951832066880822,0.9325611101731067,0.6335752569011934,0.9012161503922489,0.7053424237971386,0.656163895189477,0.8558091621578826,0.6952294223406832,0.9325673354607174,0.6335752569011934,0.9012123642552429,0.7053005107410539,0.6561694240306151,0.8557737665838265,0.6952518922569075,0.93256967008069,0.6335752569011934,0.9012090091359307
09289500,control,0.8613271704642163,0.7552335919793045,0.9451619826818188,0.7697208236471004,1.062248592676418,0.8628357308095135,0.7578083120346092,0.9455416897282622,0.7723686867869856,1.0622502321826264,,,,,,,,,,,,,,,,,,,,,,,,,,,,,,,0.8628357308095135,0.7578083120346092,0.9455416897282622,0.7723686867869856,1.0622502321826264,0.3812699412948386,0.8160850248544198,0.8628816679867961,0.7579625330984174,0.9455342568418915,0.7725345581094082,1.0622502285287967,0.3812699412948386,0.8160927681479817,0.8628950382192562,0.7580184266593852,0.945529330146381,0.7725952129716965,1.0622502272984546,0.3812699412948386,0.8160941003125247
09299500,control,0.8290004876951914,0.7551359120867218,0.9237097633199238,0.7697514648564605,0.9664763754770781,0.7621814236139277,0.7522082513018221,0.8780848618149225,0.7868944261634281,0.9664818824514293,,,,,,,,,,,,,,,,,,,,,,,,,,,,,,,0.7621814236139277,0.7522082513018221,0.8780848618149225,0.7868944261634281,0.9664818824514293,1.7495626146803187,0.744197167270132,0.7769135400491278,0.757480784153184,0.8873208017337139,0.7878788128826377,0.9664802996889519,1.2421894564230263,0.7389000951943955,0.7945261706786539,0.759650607491068,0.8989815086669386,0.7845018630556579,0.9664791428850273,0.8747813073401594,0.737066387280495
09312600,control,0.342859409089027,0.43860050400369177,0.5872948375169031,0.6241719610004887,0.9400239375542934,0.3814553525738743,0.450500489482869,0.6182480584046476,0.6093363882950774,0.9400240911997938,,,,,,,,,,,,,,,,,,,,,,,,,,,,,,,0.3814553525738743,0.450500489482869,0.6182480584046476,0.6093363882950774,0.9400240911997938,0.1779852882826546,0.7829675460328537,0.3702367585617832,0.4478697155125576,0.6090688279470505,0.6147422160036813,0.9400240912054089,0.12636955468068478,0.7826714396294556,0.3696149216481356,0.44798192656996483,0.6085701244132606,0.6154099633948298,0.9400240912066243,0.12636955468068478,0.782582782175431
09330500,control,0.6304611126735089,0.5613802318926115,0.8264700476151591,0.598124673335204,1.02776469733236,0.6258265810781889,0.5359602626099209,0.8358350868731721,0.5670107051770185,1.0300504533045978,,,,,,,,,,,,,,,,,,,,,,,,,,,,,,,0.6258265810781889,0.5359602626099209,0.8358350868731721,0.5670107051770185,1.0300504533045978,2.255341494966317,0.7926696276352267,0.6278132677591342,0.5422938617689115,0.8341234718212269,0.5744263608247894,1.0294442526300231,1.6012924614260848,0.7920147843930219,0.6275680047017719,0.5422788464669257,0.8338731848828531,0.574508002428791,1.0294464886454013,1.6012924614260848,0.7918207420405554
09342500,control,0.8332464929919646,0.7919367631958747,0.9189776996202665,0.8702861826966447,1.1410674411449273,0.8337216641228149,0.7937068828391307,0.9190991751196609,0.8730697338651007,1.1410695369686612,,,,,,,,,,,,,,,,,,,,,,,,,,,,,,,0.8337376147930167,0.7944936534820484,0.9190397532388118,0.8743907541501366,1.1410695369686612,0.250959256478543,0.8495681889080013,0.8337097173276893,0.7937434056131801,0.919088859825638,0.8731356796898619,1.141069537306892,0.1779852882826546,0.8495832388220614,0.8337075028261597,0.7937577969370492,0.919086273826131,0.8731607281412345,1.14106953730433,0.1779852882826546,0.8495922963689599
09401260,control,-0.09370145628686233,0.10564838623813,0.2422852199885756,0.6305844029527786,1.2987728867366397,0.003529466594129671,-0.38218824305798504,0.08958860531172647,0.08582652301980034,1.4958651889933436,,,,,,,,,,,,,,,,,,,,,,,,,,,,,,,0.004059208232488731,-0.42134158664541266,0.1090563528908107,0.07769877823886262,1.613018580421009,4000.0,-0.007091870230999442,0.0008825994008068161,-0.4874771949580372,0.11036352199269453,0.08447643640471048,1.7635128990532967,4000.0,-0.009625577775331129,-0.0009463496841946029,-0.5244566207563539,0.11131089995557551,0.08904350953336224,1.8392603556148828,4000.0,-0.011601239889920123
09403600,control,-0.07315091219852343,0.39986642876650347,0.5553143662523402,1.0946322709105236,1.3917393569227243,-0.24657446614738143,0.2836466397618994,0.4013310879524497,0.9643274792019536,1.3917717980306052,,,,,,,,,,,,,,,,,,,,,,,,,,,,,,,-0.24657446614738143,0.2836466397618994,0.4013310879524497,0.9643274792019536,1.3917717980306052,2.255341494966317,0.47668470670474583,-0.2822044096673719,0.26729600967044254,0.38194358644116166,0.9628161261923539,1.3917636617047318,1.6012924614260848,0.47159675789391975,-0.31755615951568994,0.255143620434207,0.36726420477304744,0.9687346214113604,1.3917638519823972,1.6012924614260848,0.4696189369688316
09430600,control,0.07964685225273527,0.0019879340681357993,0.2858627554840802,0.32114065741061115,0.8412987942077954,0.07953537821235779,-0.012432670813809388,0.28404759476011143,0.30197378747977627,0.8412817811432064,,,,,,,,,,,,,,,,,,,,,,,,,,,,,,,0.07953537821235779,-0.012432670813809388,0.28404759476011143,0.30197378747977627,0.8412817811432064,0.2957670210385463,0.2697894367389507,0.07871117570689246,-0.012773614494117513,0.2827381778394372,0.3028234290059724,0.8412842114236959,0.2957670210385463,0.2685295749568649,0.07936595215825781,-0.008965465586038501,0.2841027133277351,0.30695366326271223,0.8412890652300022,0.20999458493736786,0.26792499799708513
09480000,control,-0.038424089386399185,0.07108702420537194,0.23581577945042312,0.5412559808551243,1.2616404375502244,-0.009664310151346056,0.0575150756163304,0.24285086906775896,0.5034305431531861,1.2615756119096422,,,,,,,,,,,,,,,,,,,,,,,,,,,,,,,-0.009664310151346056,0.0575150756163304,0.24285086906775896,0.5034305431531861,1.2615756119096422,0.1380706234676368,0.4323638256859349,-0.00973402894620623,0.058854004229005,0.24354772726302643,0.5049103756043317,1.2615760085378651,0.1380706234676368,0.4301987860022115,-0.013938348964157798,0.06427500077182002,0.2442615160265731,0.5141926926411232,1.2615948740683611,0.09803014266202212,0.4298070178192146
09490500,control,0.5766228613712687,0.367030210258504,0.8221088416814016,1.0018345114459493,1.607455451111615,0.5754479045998326,0.3664900125410352,0.8202662757543732,0.9947652083472929,1.6074564095763642,,,,,,,,,,,,,,,,,,,,,,,,,,,,,,,0.576976747674413,0.36674417217452393,0.8211465957341099,0.995405032968167,1.6074564095763642,0.012499999999999975,0.7725136469962197,0.5769325556043261,0.366739394902013,0.821129037410997,0.9954315250458184,1.6074564196287213,0.012499999999999975,0.772455208093644,0.5769174579803523,0.366737778536792,0.821123088422118,0.9954408566962506,1.6074564230043267,0.012499999999999975,0.7724355793078757
09492400,control,0.5865915115229001,0.720277193003994,0.7693504044170753,0.8419377092850162,1.0078692480638294,0.5894272118595327,0.7197934044703456,0.7707922220642979,0.8390107817518169,1.0078741551887198,,,,,,,,,,,,,,,,,,,,,,,,,,,,,,,0.5894272118595327,0.7197934044703456,0.7707922220642979,0.8390107817518169,1.0078741551887198,0.0830874910764661,0.7746372999323365,0.5893402552149034,0.7198169943310082,0.7707487827142685,0.8391137235604796,1.007874140724348,0.0830874910764661,0.7746646292035374,0.5892996446968992,0.7198297369184665,0.7707287242443335,0.8391645048859876,1.0078741310616013,0.0830874910764661,0.774669731298004
09505350,control,0.5672275084087443,0.5745793292931407,0.7812905143801937,0.9754054267159075,1.3640659485993811,0.5706576488095927,0.5731437746533588,0.7804409203471415,0.961889181805232,1.3640708903437593,,,,,,,,,,,,,,,,,,,,,,,,,,,,,,,0.569678070695988,0.5726305359507995,0.779679686747405,0.9605537685667951,1.3640708903437588,0.07049999999999985,0.7044242753322527,0.569461166991758,0.572591361520284,0.7795857059928748,0.9606541935118209,1.3640708595263014,0.07049999999999985,0.7044514649692943,0.5693828950998956,0.5725782428706752,0.7795528204407157,0.9606958474981115,1.364070848995061,0.07049999999999985,0.7044458497882717
09505800,control,0.5471098821130511,0.4019464426793825,0.7825002153307435,0.5388082674091693,0.687487461239489,0.5448592201995355,0.39766319324587407,0.7830767333954447,0.532998676680994,0.6874880975152091,,,,,,,,,,,,,,,,,,,,,,,,,,,,,,,0.5450423083040776,0.39720192817358,0.7836548107854135,0.5321361466124029,0.6874880975152089,0.07049999999999985,0.4114840724186757,0.5451174553002394,0.39725725247951715,0.7837020487403914,0.5321855880447833,0.6874880931285476,0.07049999999999985,0.41159956466837266,0.5451426643554674,0.39727827772925495,0.7837159723249932,0.5322062409688774,0.68748809161694,0.07049999999999985,0.4116400052625824
09512280,control,0.5020105414605356,0.5589825086534905,0.7096075079819066,0.6705531981247685,0.959584248277779,0.5064837147963583,0.5352165928101963,0.7164462863026604,0.6339566958660204,0.9595870497725175,,,,,,,,,,,,,,,,,,,,,,,,,,,,,,,0.5064837147963583,0.5352165928101963,0.7164462863026604,0.6339566958660204,0.9595870497725175,0.2957670210385463,0.7921303728768693,0.5061652147884019,0.5350864750146903,0.71619084140783,0.633989425992417,0.9595870450460462,0.2957670210385463,0.7927623620444095,0.5060336432422783,0.5350504575066632,0.7160820794065397,0.6340280278756479,0.9595870435372373,0.2957670210385463,0.7929555706056324
10032000,control,0.8294826804474554,0.8900622781832688,0.9192042115384536,1.0299258930096227,0.9317154177525655,0.8295802579902001,0.8918676052802982,0.9179605689378237,1.0173489437416718,0.9317273064112735,,,,,,,,,,,,,,,,,,,,,,,,,,,,,,,0.8295802579902001,0.8918676052802982,0.9179605689378237,1.0173489437416718,0.9317273064112735,0.1071071505329564,0.8686362123058983,0.8294762727636202,0.8918223653103415,0.917916662709788,1.0174225055457784,0.9317271453148632,0.1071071505329564,0.8685270857329639,0.8295266843657185,0.8914634009283898,0.9183045122556753,1.0210802325336168,0.9317236174319626,0.07604607687839904,0.8685000817126192
10329500,control,0.7260765869653296,0.8394609939169257,0.8556645567002875,0.9328191218205255,0.9793412999283244,0.7434973060042309,0.8428007835604773,0.8643515169637451,0.9232906806597051,0.9793417564756475,,,,,,,,,,,,,,,,,,,,,,,,,,,,,,,0.7413501257299363,0.8424056813882483,0.8632629141096935,0.9244210639435975,0.9793417564756473,0.03549999999999993,0.8332566566483273,0.7416881936412643,0.8426200761053573,0.86345262199495,0.9245248982916793,0.9793417564360334,0.03549999999999993,0.8333393523403448,0.7418070944187152,0.8426974518624284,0.8635195796117565,0.9245651044052443,0.979341756419539,0.03549999999999993,0.8333617512263763
10336610,control,0.5649779346106842,0.5805334928049973,0.7614905639343712,0.6974082694828713,0.8341577732039265,0.5414400286868911,0.57065450754989,0.7446088651013605,0.6972149455647118,0.8343674823199506,,,,,,,,,,,,,,,,,,,,,,,,,,,,,,,0.5414400286868911,0.57065450754989,0.7446088651013605,0.6972149455647118,0.8343674823199506,4.831264020091606,0.6773943057140075,0.5381357078532141,0.5705384597927189,0.7421172680284509,0.6991790976617908,0.8343482695999649,4.831264020091606,0.6764851825396643,0.5372716286209288,0.5707992423172905,0.7414428104391064,0.7001354275634651,0.8343415914623161,4.831264020091606,0.676038270118058
10336780,control,0.6998824449719029,0.6995910052040344,0.8564186992751242,0.8198716381595681,0.8071691220339501,0.7007481938125439,0.6951577968879878,0.8571225684769705,0.8105190683027227,0.8086579374975303,,,,,,,,,,,,,,,,,,,,,,,,,,,,,,,0.7007481938125439,0.6951577968879878,0.8571225684769705,0.8105190683027227,0.8086579374975303,2.255341494966317,0.7768073216845036,0.6984410220633186,0.6946981900558654,0.8556711283377407,0.8108238163019271,0.8087129291319025,2.255341494966317,0.7760733463102396,0.6972770704031599,0.6944596440839632,0.8549408321053813,0.8109762849531091,0.8087337404221773,2.255341494966317,0.7756938311700878
12010000,control,0.8419083881994973,0.7943024398738209,0.9244654530389206,0.8186997001375799,0.9388753754445551,0.8407375038496636,0.7901281126655225,0.9243682088307985,0.814016386362249,0.9388760544784804,,,,,,,,,,,,,,,,,,,,,,,,,,,,,,,0.8409912565798122,0.7905236092179044,0.9244691834903616,0.8144216375172748,0.9388761467943093,0.012499999999999975,0.8461738606752464,0.8409856798910321,0.7905573398622062,0.9244601184710464,0.8144633865647187,0.9388761972783592,0.012499999999999975,0.8461245069085704,0.8409839054507635,0.7905690055139376,0.9244570841819143,0.8144777853181165,0.9388762142807577,0.012499999999999975,0.8461077347342622
12020000,control,0.6981808003032153,0.7131225155005962,0.8390137003893342,0.7712768160131326,1.063779366234545,0.7027335824166674,0.7074260624486166,0.8429306978489051,0.7615449771907116,1.0637804464793919,,,,,,,,,,,,,,,,,,,,,,,,,,,,,,,0.7021746176740702,0.7091489514270867,0.8422987766601946,0.7640832535406157,1.0637804464793919,0.03549999999999993,0.8014810392036557,0.7023764326972436,0.7092888108075053,0.8424215829936461,0.7641735988637266,1.0637804558042632,0.03549999999999993,0.8015306800465729,0.7024474551931637,0.7093386529286488,0.8424647113360054,0.7642062244952793,1.0637804589205324,0.03549999999999993,0.8015470799899955
12025000,control,0.9018471536001793,0.8673951799281776,0.9522829490213953,0.9053477767012151,0.9203251735064166,0.9047033651957971,0.858477946614492,0.9546738010435885,0.8921758684564357,0.9203257636403679,,,,,,,,,,,,,,,,,,,,,,,,,,,,,,,0.9047033651957971,0.858477946614492,0.9546738010435885,0.8921758684564357,0.9203257636403679,0.0830874910764661,0.9208507833671444,0.9047221156153508,0.8586275547257376,0.9546704730614789,0.8923737035561532,0.9203257721459729,0.0830874910764661,0.9208393835799298,0.9047279767888807,0.8586827326466222,0.9546686460499307,0.8924469606709498,0.9203257749810935,0.0830874910764661,0.9208350226852892
12039500,control,0.7412864927399125,0.6173827509580381,0.9156155163644009,0.7520479047109822,0.7210824913567133,0.7390644200050813,0.6119281690770417,0.9160343910583167,0.7435811971249499,0.7210754223753747,,,,,,,,,,,,,,,,,,,,,,,,,,,,,,,0.7390644200050813,0.6119281690770417,0.9160343910583167,0.7435811971249499,0.7210754223753747,0.0644544378132592,0.8253111399201228,0.7390437952762987,0.6120834452368255,0.9159604521985841,0.7438404722104554,0.7210754507267206,0.0644544378132592,0.8252283740276621,0.7390400618656566,0.6121456268767426,0.9159341643669158,0.7439432655674278,0.7210754604164892,0.0644544378132592,0.8251939183228363
12041200,control,0.7325107207229132,0.6199539223831851,0.8980012439059706,0.6869393717632042,0.8101992678750171,0.7254665072657001,0.614555686465317,0.8945280721311542,0.6815410430080657,0.8101925081050242,,,,,,,,,,,,,,,,,,,,,,,,,,,,,,,0.7261644343472593,0.6150908357274469,0.8948732889620772,0.6820746071986652,0.8101925081050243,0.012499999999999975,0.7603032426332342,0.7261202652037497,0.6150998093708127,0.8948334056804348,0.6820986399795914,0.8101925462928727,0.012499999999999975,0.7602412582179081,0.7261054975484919,0.6151030744877544,0.8948199598688965,0.6821070340200494,0.8101925591361905,0.012499999999999975,0.7602203726995725
12048000,control,0.39078648508977754,0.32835106284421833,0.8591456586275208,0.4720997679571135,0.6093675713562904,0.3734586347448443,0.3176233131548313,0.8497695006663957,0.4610438192091689,0.6093659320961285,,,,,,,,,,,,,,,,,,,,,,,,,,,,,,,0.3734586347448443,0.3176233131548313,0.8497695006663957,0.4610438192091689,0.6093659320961285,0.3812699412948386,0.4670220604702069,0.37691420938118736,0.3199417250222162,0.8514264558834437,0.46352041154317253,0.6093661426302146,0.2707016583193354,0.46425700763567657,0.37627564300195415,0.3200279051529278,0.8504109591374833,0.4639119857845816,0.6093661437623239,0.2707016583193354,0.4631504698850103
12092000,control,0.7174548888041343,0.8452614105205208,0.8549334890833604,0.9615001858263553,1.0376497382881487,0.7260435984349296,0.8322574953456515,0.8559310796638038,0.9227906063003385,1.037688242004736,,,,,,,,,,,,,,,,,,,,,,,,,,,,,,,0.7260435984349296,0.8322574953456515,0.8559310796638038,0.9227906063003385,1.037688242004736,0.3812699412948386,0.654782956540996,0.72779602543457,0.8388132563262157,0.8577556475759593,0.9342121445184008,1.0376784900275446,0.2707016583193354,0.6544174134396223,0.7278973264913633,0.8390084124273769,0.8578350327686657,0.934519233582778,1.0376786755430762,0.2707016583193354,0.6544804520802024
12093500,control,0.7218299923519094,0.6596434212164151,0.8801748410594687,0.7190551710779834,0.8498183263240087,0.7175256097023104,0.648917666454253,0.8801866627445858,0.7061345336691711,0.8498445577349525,,,,,,,,,,,,,,,,,,,,,,,,,,,,,,,0.7175256097023104,0.648917666454253,0.8801866627445858,0.7061345336691711,0.8498445577349525,0.0830874910764661,0.6973725580922701,0.7174358570155657,0.6491283701288538,0.8800470382113875,0.7064429406689553,0.8498452780513255,0.0830874910764661,0.6974509999646286,0.7174076866404191,0.6492109348295485,0.8799978969318201,0.7065615959732522,0.849845524393682,0.0830874910764661,0.6974806508061833
12121600,control,0.6729865404328996,0.5128957059379347,0.9481580306729053,1.3114694800464095,1.3709039855671692,0.6807009493047217,0.5341185831527451,0.9415239835777626,1.275836012903749,1.3708645899143712,,,,,,,,,,,,,,,,,,,,,,,,,,,,,,,0.6807009493047217,0.5341185831527451,0.9415239835777626,1.275836012903749,1.3708645899143712,0.6335752569011934,0.724655541836732,0.6765682034340864,0.5245560422877535,0.9442678897993056,1.2922055018101748,1.370886550753092,0.3167876284505967,0.7223010336495147,0.6769638286046634,0.5207258824746213,0.9461884804577756,1.298737852296414,1.3708958016742887,0.15839381422529836,0.7219224700801564
12167000,control,0.7357442417014346,0.8600160312165053,0.8663703959365623,0.9838063797889356,1.0384240432371077,0.7391682031589935,0.8595695006709467,0.8671633148930508,0.975524032402544,1.0384196205313474,,,,,,,,,,,,,,,,,,,,,,,,,,,,,,,0.7394779667319986,0.8598678464534403,0.8673814058634771,0.9760577517584175,1.0384200168660458,0.012499999999999975,0.7784404571540928,0.7395056922859102,0.8598929497378952,0.867400316232335,0.9761000218031471,1.038420052577439,0.012499999999999975,0.7784164166360784,0.7395153414206357,0.8599016926160681,0.8674069010412714,0.976114764448216,1.0384200645886923,0.012499999999999975,0.7784085395452095
12186000,control,0.7148193036165795,0.7802876376248201,0.8465622936918396,0.8502932730138241,0.951851392974878,0.7267097359507392,0.7701444130707199,0.8539054542726259,0.8292031276156977,0.9518502031670292,,,,,,,,,,,,,,,,,,,,,,,,,,,,,,,0.7267097359507392,0.7701444130707199,0.8539054542726259,0.8292031276156977,0.9518502031670292,0.1071071505329564,0.8012833132861692,0.7264567194708058,0.7705929663391414,0.8537309227335417,0.8299572231320437,0.9518502527137728,0.1071071505329564,0.8008365471111701,0.7248559192935167,0.7730751923415662,0.8526598298013539,0.8342672451723167,0.9518502694308872,0.07604607687839904,0.8006907932200416
12189500,control,0.7983312938120564,0.8798604592511745,0.8986710989186274,0.9704614899842728,1.0573884960861573,0.8072386804576872,0.8789391203568796,0.902415590860858,0.9571059165290227,1.0573856887744275,,,,,,,,,,,,,,,,,,,,,,,,,,,,,,,0.8072386804576872,0.8789391203568796,0.902415590860858,0.9571059165290227,1.0573856887744275,0.0499999999999999,0.828211387321665,0.8073106297632322,0.8790796769543351,0.9024689733014888,0.9573818884147514,1.0573857118236722,0.0499999999999999,0.828093656544047,0.8073323280703388,0.8791329731944104,0.9024866682825028,0.9574927359640152,1.0573857195681255,0.0499999999999999,0.8280471656059025
12205000,control,0.6390309584947255,0.6820883231418967,0.81620431786003,0.7762633586729405,0.8687411075883964,0.6427208391341418,0.6707397948116467,0.8198495119574548,0.7576614095715936,0.8687365550966971,,,,,,,,,,,,,,,,,,,,,,,,,,,,,,,0.6427208391341418,0.6707397948116467,0.8198495119574548,0.7576614095715936,0.8687365550966971,0.1380706234676368,0.6855522724320962,0.6421596988876257,0.6710348143661985,0.8194207787559166,0.7583822082871378,0.8687365970966707,0.1380706234676368,0.6853722663898628,0.6418787604829848,0.6711926007953426,0.8192054854375569,0.7587582703764137,0.8687366114863632,0.1380706234676368,0.6851760013477177
12334510,control,0.8850336564222665,0.8945193560562535,0.941341280682384,0.917196479248413,0.9712094139353494,0.8730563400767533,0.8503927803785007,0.9372630906290542,0.8672608904565948,0.9712471016577267,,,,,,,,,,,,,,,,,,,,,,,,,,,,,,,0.8730563400767533,0.8503927803785007,0.9372630906290542,0.8672608904565948,0.9712471016577267,0.4914907944250637,0.8501846144882342,0.8765258716850742,0.8642113915100946,0.9381462020530619,0.8825894126300639,0.9712353020420736,0.3489584640417952,0.8464472217213759,0.8794844733323722,0.8736576624830177,0.9392136246321715,0.8930441860917906,0.9712275011490311,0.24574539721253186,0.8455612933252379
12358500,control,0.8651822604733737,0.737812434769753,0.9489048271332124,0.8217430253168723,1.185353860623125,0.8675526990493541,0.7393840730791343,0.9500382099757076,0.8237362971360905,1.1853526043925307,,,,,,,,,,,,,,,,,,,,,,,,,,,,,,,0.8675526990493541,0.7393840730791343,0.9500382099757076,0.8237362971360905,1.1853526043925307,0.1380706234676368,0.8710294554611547,0.867629886722775,0.7394585767786227,0.9500695327969061,0.8238376002345136,1.1853526114409143,0.1380706234676368,0.87111781355526,0.8676587085937171,0.7394868638945294,0.9500811179734977,0.8238761575643361,1.1853526137566692,0.1380706234676368,0.8711500553595026
12370000,control,0.877546627826372,0.8372565244004078,0.9492810480566592,0.9639067849116428,1.1503672390801591,0.8801498866189785,0.8289246011825687,0.9506631818791712,0.9349419836363556,1.1503333794108388,,,,,,,,,,,,,,,,,,,,,,,,,,,,,,,0.8801498866189785,0.8289246011825687,0.9506631818791712,0.9349419836363556,1.1503333794108388,0.2957670210385463,0.8826522288522993,0.8807887922129756,0.8294176619242565,0.950987367987216,0.9360014455483512,1.1503338983551814,0.2957670210385463,0.8831095652153573,0.8810039623061353,0.8296135092791986,0.9510953292911786,0.9364424933543641,1.1503340704963496,0.2957670210385463,0.8832587983177449
12381400,control,-1.9356917017923663,-1.2027213093084375,-0.19088447380607687,0.5303682762774241,2.7925460609430552,-0.8486915750975232,-0.8098044509685647,0.7814647572024126,0.8725037258787759,2.7920321421465166,,,,,,,,,,,,,,,,,,,,,,,,,,,,,,,-0.8486915750975232,-0.8098044509685647,0.7814647572024126,0.8725037258787759,2.7920321421465166,17.19787838771242,-1.969978534499936,-0.982913658437168,-0.8107609628341781,0.741798862299556,1.0283042747328779,2.792034124966989,17.19787838771242,-2.071809484256979,-1.1091186448577917,-0.8188311776942976,0.7089300927810218,1.1096829006781934,2.7920365016827025,17.19787838771242,-2.1803218618458344
12414900,control,0.5504757034911623,0.4295116272741327,0.821099030821724,0.5236643765693285,1.257984108993936,0.5478070850742963,0.42843243783598917,0.8187875081007853,0.523247544589688,1.2579895485441723,,,,,,,,,,,,,,,,,,,,,,,,,,,,,,,0.5478253819004212,0.4284905836347428,0.8187597971160909,0.5233263340872958,1.2579868564057093,0.02499999999999995,0.5876551603282729,0.5478185071010078,0.42849104726645393,0.8187510336039037,0.5233302260145326,1.2579868636260088,0.02499999999999995,0.5876517235655152,0.5478162278520099,0.4284912259125129,0.818748106700004,0.5233315544623869,1.2579868660666755,0.02499999999999995,0.5876505898584686
12424000,control,0.769036277122378,0.8409842154478542,0.8772360879071479,0.8994064613032102,1.0097970197943245,0.7664186082293301,0.8372050223717481,0.8756830335249087,0.895350594027036,1.0097978781845787,,,,,,,,,,,,,,,,,,,,,,,,,,,,,,,0.7664067464722973,0.8372069535239486,0.8756766415785562,0.8953611724330873,1.0097976679464529,0.03549999999999993,0.8022663398629251,0.7664178442298474,0.83723731637349,0.8756836939409034,0.8954000360937618,1.0097976925823422,0.03549999999999993,0.8022427048116461,0.7664219375780656,0.837247853687246,0.8756862733497224,0.8954133682173411,1.0097977011633679,0.03549999999999993,0.8022347864495843
12451000,control,0.7257654130390173,0.5766447797624885,0.9124669289655989,0.6028964054023223,0.8822021259307216,0.732208992301161,0.5715796765503619,0.9217129338255636,0.5956010707922571,0.8822009555636258,,,,,,,,,,,,,,,,,,,,,,,,,,,,,,,0.732208992301161,0.5715796765503619,0.9217129338255636,0.5956010707922571,0.8822009555636258,0.3812699412948386,0.7877504844594205,0.7315111489300656,0.5719575995793513,0.9208129643138323,0.596176898956201,0.8822009634993636,0.3812699412948386,0.7872330056632764,0.7315350329065013,0.5727477081296038,0.9203261382518215,0.5971104564610925,0.8822009661769287,0.2707016583193354,0.7868964372686527
12452800,control,0.8907998183200587,0.9287234162650952,0.9440139658208702,0.9589771638193042,1.0162185781591355,0.894103005578875,0.9306557307885802,0.945750352423876,0.9599670078982325,1.0162161325140127,,,,,,,,,,,,,,,,,,,,,,,,,,,,,,,0.894103005578875,0.9306557307885802,0.945750352423876,0.9599670078982325,1.0162161325140127,0.2294388339057876,0.8731253768498259,0.894128061464648,0.9307370521528059,0.9457651984341493,0.9600878605200448,1.0162161452179157,0.2294388339057876,0.8731610003336213,0.8941347711918164,0.9307657960754054,0.9457693537760252,0.9601321119313809,1.0162161494859443,0.2294388339057876,0.8731723822849217
12465000,control,0.4734223192069096,0.27765729073908263,0.7710429242050674,0.48775768391850377,0.5450654369238359,0.4739920153130007,0.2767024179776246,0.7728980757490053,0.48559283232549455,0.5450611315725996,,,,,,,,,,,,,,,,,,,,,,,,,,,,,,,0.4739920153130007,0.2767024179776246,0.7728980757490053,0.48559283232549455,0.5450611315725996,0.0499999999999999,0.42935232898054554,0.47399364383703224,0.2767126540702134,0.7728888305288772,0.4856112862473376,0.5450611550466421,0.0499999999999999,0.4293398311651727,0.47399420563758654,0.27671618076420146,0.7728856464489167,0.4856176440692548,0.5450611629168893,0.0499999999999999,0.4293356060038993
12488500,control,0.8315341942877962,0.8038348680618448,0.9170027485390484,0.8272373431743456,0.9582234558061273,0.8342227594351621,0.8033514540775899,0.9187827744905289,0.8258476844593904,0.9582222082227188,,,,,,,,,,,,,,,,,,,,,,,,,,,,,,,0.8342227594351621,0.8033514540775899,0.9187827744905289,0.8258476844593904,0.9582222082227188,0.0830874910764661,0.8148462564340853,0.8345483806999721,0.8037312004242986,0.9189399175258122,0.8262032183678426,0.9582222139113508,0.0830874910764661,0.8151033134885677,0.8346671207770615,0.8038742298357194,0.9189966160152887,0.8263382994049024,0.9582222158082034,0.0830874910764661,0.8151999548183559
13011500,control,0.8475253194346994,0.7439238446323628,0.9397135013523148,0.7512434112920349,0.9922093002208265,0.8509805951271575,0.7474525139175039,0.9411922641591225,0.7545184475402038,0.992209599895612,,,,,,,,,,,,,,,,,,,,,,,,,,,,,,,0.8509805951271575,0.7474525139175039,0.9411922641591225,0.7545184475402038,0.992209599895612,0.3812699412948386,0.8807445162943848,0.8502316830608386,0.7466495156489665,0.9408820360025671,0.7537666880665994,0.9922095989827157,0.2707016583193354,0.8805399415275472,0.8502231776316369,0.7467078429255325,0.9408601989103438,0.7538319468132717,0.9922095986773026,0.2707016583193354,0.8804849305571343
13023000,control,0.8986147261145746,0.9377301604266755,0.9495063681295599,0.9932163271562049,0.96419625936067,0.8987189699708302,0.9377981938358341,0.9495665688010709,0.9933920600580853,0.964196804090816,,,,,,,,,,,,,,,,,,,,,,,,,,,,,,,0.898768780799077,0.9378727688239727,0.9496089085291094,0.9937821292502613,0.964196804090816,0.07049999999999985,0.9231471163826639,0.8987763839069502,0.9378773158011686,0.9496132057459351,0.9937927449751013,0.9641968040264262,0.07049999999999985,0.9231569296783899,0.8987790660396605,0.9378789351247804,0.9496147268120166,0.9937966054914569,0.9641968040033448,0.07049999999999985,0.9231603979606986
13049500,control,0.8740411297287836,0.9326651303454366,0.9378481673787971,1.007781332642088,0.9752899770227508,0.8813694673498029,0.935594532744279,0.9407397514408217,0.995416797024278,0.9751951334691054,,,,,,,,,,,,,,,,,,,,,,,,,,,,,,,0.8813694673498029,0.935594532744279,0.9407397514408217,0.995416797024278,0.9751951334691054,1.7495626146803187,0.8761121867356013,0.8813961042527325,0.9356530962163523,0.9407756659419393,0.9958232192934531,0.9751895831383135,1.7495626146803187,0.8759750436602274,0.8813642343963162,0.935656564548,0.9407686064697549,0.9959843789370456,0.9751888232098981,1.7495626146803187,0.8758589556659649
13055000,control,0.426447392579845,0.34706401144132126,0.9121085938410102,0.6574504316215636,0.45112815787085464,0.4608781955293203,0.39996731624707793,0.9042365161461051,0.777275985296092,0.45112607093607343,,,,,,,,,,,,,,,,,,,,,,,,,,,,,,,0.4608781955293203,0.39996731624707793,0.9042365161461051,0.777275985296092,0.45112607093607343,13.341112707816194,0.3409728128830608,0.445792330551105,0.4049512217848006,0.8918494319770413,0.7972092782810799,0.4511262200865918,13.341112707816194,0.33074104926642856,0.43709796483003394,0.40662049543781487,0.8854943288062147,0.8057699586546961,0.45112626339209255,13.341112707816194,0.3239462164418717
13075000,control,0.35952589470064633,0.6960833631877741,0.7084009840464175,1.0855794860710846,1.00338933473794,0.41012726711114655,0.7164888793393702,0.7219018251719612,1.055020465780104,1.0035649741794537,,,,,,,,,,,,,,,,,,,,,,,,,,,,,,,0.41012726711114655,0.7164888793393702,0.7219018251719612,1.055020465780104,1.0035649741794537,2.907335362699394,0.506177872622803,0.4053738807776702,0.7146692778716668,0.7207459646243655,1.0584649680209108,1.0035569974717162,2.907335362699394,0.5047849615655573,0.40339867938830454,0.7139078056252091,0.7202693728263212,1.0598907385753027,1.0035523704914049,2.907335362699394,0.504034222029605
13078000,control,0.5180655602802928,0.34238510471169725,0.8727095562852488,0.394375016612985,1.2224249827277165,0.538249966726302,0.3764514227955187,0.8514750199411896,0.43674683916890567,1.222483786479025,,,,,,,,,,,,,,,,,,,,,,,,,,,,,,,0.538249966726302,0.3764514227955187,0.8514750199411896,0.43674683916890567,1.222483786479025,6.227928126848629,0.7027727188356769,0.5331455532424212,0.3581742357114639,0.8709919007985685,0.41194476761042076,1.222459582181202,3.1139640634243144,0.6980149034452138,0.527554631106004,0.34892036565925444,0.8772456085808534,0.40053787541730507,1.222443725088831,1.5569820317121572,0.6974428990451103
13186000,control,0.6922248368490609,0.553574637642938,0.8939270879204272,0.5682571904580022,1.0405251512936777,0.7629817902432328,0.7139154788083049,0.885926572252884,0.7407960590784757,1.0405576547430435,,,,,,,,,,,,,,,,,,,,,,,,,,,,,,,0.7629817902432328,0.7139154788083049,0.885926572252884,0.7407960590784757,1.0405576547430435,8.028352123148267,0.7666317451463525,0.7527426215401973,0.7272368860436321,0.8756696830794433,0.7606325977671488,1.0405578029225555,8.028352123148267,0.7553476955351627,0.7379355320408509,0.68344009239781,0.8747650850013841,0.7121072880978963,1.040548459897372,5.700130007435269,0.7494496734021748
13292000,control,0.8551916458762809,0.8343012896552557,0.9283875869270384,0.8627662578426087,0.9408846473641777,0.8314500703899047,0.8121954228698497,0.9161029336714311,0.842771619360563,0.9407456518557954,,,,,,,,,,,,,,,,,,,,,,,,,,,,,,,0.8314500703899047,0.8121954228698497,0.9161029336714311,0.842771619360563,0.9407456518557954,2.907335362699394,0.90752293362024,0.8269280839494222,0.8117430166958213,0.9133405644379532,0.8437381939718115,0.940728742482835,2.907335362699394,0.90664650820868,0.8248737203458418,0.8115562225192586,0.9120846929734829,0.8442165529023259,0.9407254382385615,2.907335362699394,0.9061831335195304
13297355,control,0.73654076505255,0.5531827167401959,0.9102636940609333,0.6507556341423606,0.7361412254012052,0.7359857826342295,0.5529758662479043,0.9099063317648357,0.6505816705383479,0.7361429589020373,,,,,,,,,,,,,,,,,,,,,,,,,,,,,,,0.735980974219548,0.5529833990276446,0.9098977048193857,0.6505945109248265,0.7361416627199318,0.012499999999999975,0.8077971612270234,0.7359821232799638,0.5529857218784682,0.9098973690084743,0.6505975690524475,0.7361416630446178,0.012499999999999975,0.807797262387152,0.7359825133673025,0.5529865022065521,0.9098972596930311,0.6505985954880592,0.7361416631527613,0.012499999999999975,0.8077972919583867
13313000,control,0.8128615964099332,0.7689325149311877,0.9089492777747509,0.8054768075552964,1.0852213367614418,0.8272070289437558,0.7767810889005958,0.9170973556818639,0.8110790894388649,1.0852216133983386,,,,,,,,,,,,,,,,,,,,,,,,,,,,,,,0.8272070289437558,0.7767810889005958,0.9170973556818639,0.8110790894388649,1.0852216133983386,0.6335752569011934,0.7897797426505313,0.8268628565022493,0.7775246720963274,0.9167513780888616,0.8121111626185452,1.0852216126530603,0.6335752569011934,0.7893150421084392,0.8243127837746148,0.775491033613502,0.9154139856243716,0.8102982007635725,1.0852215320587575,0.44983843239984733,0.789108599932233
13339500,control,0.8701004961675989,0.8556249184775476,0.9385173821889468,0.9692122008955405,1.1269494517436691,0.8691308158231469,0.8551854878286091,0.937986113055792,0.9682321841019222,1.1269500950553986,,,,,,,,,,,,,,,,,,,,,,,,,,,,,,,0.8694050089671859,0.8552536351634838,0.9381286289794959,0.9682630048230667,1.1269496227586686,0.012499999999999975,0.9065627317304165,0.8694122515344672,0.8552579473320292,0.9381327323397771,0.9682746778985066,1.1269496236321812,0.012499999999999975,0.9065613210082177,0.8694147881303267,0.8552594305469596,0.9381341658904168,0.9682786507067264,1.1269496239243348,0.012499999999999975,0.9065608791277416
13340000,control,0.9441922265800711,0.9117659186527336,0.9734016965313501,0.9333467080084753,1.0513334396906946,0.942649994503883,0.9108125127207227,0.9726157067594231,0.9324032458387821,1.0513340744318354,,,,,,,,,,,,,,,,,,,,,,,,,,,,,,,0.9435793990037891,0.9112634655282253,0.9730966588476709,0.9328044498363717,1.051333622735096,0.012499999999999975,0.9651384657717036,0.9435724820759797,0.9112707839721792,0.9730924612970416,0.9328157973145974,1.0513336249196104,0.012499999999999975,0.9651357859013845,0.9435701256889089,0.9112733291774442,0.973091028341986,0.932819733280186,1.05133362565626,0.012499999999999975,0.9651348941078735
13340600,control,0.9061414383639966,0.855638101038922,0.9575049919653227,0.9166958381921662,1.1099770375545523,0.9055780129429353,0.8531594200758197,0.9573922624732683,0.912523551255526,1.1099754860429274,,,,,,,,,,,,,,,,,,,,,,,,,,,,,,,0.9057346141732018,0.8539439142618446,0.9574144654379727,0.9138365898452976,1.1099759936428415,0.03549999999999993,0.9129707612492716,0.9057131661244113,0.8539514940304704,0.9574018209160301,0.9138557361114623,1.1099760293598733,0.03549999999999993,0.9129556408508804,0.9057053216295937,0.8539541626607106,0.9573972049720714,0.9138625588160214,1.109976041419116,0.03549999999999993,0.9129503216840836
13345000,control,0.863853741994783,0.8770214230800328,0.929919192285827,0.9103140217106038,1.0465707641086481,0.8607301119974948,0.8736096935868882,0.9282764908439927,0.906933246431437,1.0465706685560427,,,,,,,,,,,,,,,,,,,,,,,,,,,,,,,0.8607831330538267,0.8736338754335093,0.9283054743172344,0.9069437924795071,1.0465707490489478,0.012499999999999975,0.8815712380718659,0.860764739820439,0.8736494995886045,0.9282946384645412,0.9069733622026153,1.0465707498478753,0.012499999999999975,0.881535797036057,0.8607585252585697,0.8736548974598164,0.9282909738081829,0.9069835190298893,1.0465707501168688,0.012499999999999975,0.8815237967851723
14020000,control,0.7745060324960407,0.7427528934199672,0.8886107033662223,0.7803968484752193,0.9255489806677223,0.7822285830206596,0.728927562806132,0.8967480863933691,0.7606756095035879,0.9255477021421556,,,,,,,,,,,,,,,,,,,,,,,,,,,,,,,0.7822285830206596,0.728927562806132,0.8967480863933691,0.7606756095035879,0.9255477021421556,0.4914907944250637,0.8212050639170784,0.7817123716678956,0.7298528651488085,0.8961790222985125,0.7619715320413597,0.9255478173679402,0.4914907944250637,0.8211819648968868,0.7814461352981585,0.730243703626281,0.8959055007517607,0.7625348989271457,0.9255478648258956,0.4914907944250637,0.8211482059677746
14096850,control,0.46533784754033647,0.5464957793726393,0.8735184223173532,1.4081131390329908,1.1520268212598592,0.5153562119133257,0.5655479330696036,0.8847842823059673,1.3903353612261578,1.1520271115057692,,,,,,,,,,,,,,,,,,,,,,,,,,,,,,,0.5153562119133257,0.5655479330696036,0.8847842823059673,1.3903353612261578,1.1520271115057692,0.0499999999999999,0.8429058180795407,0.5154695778144127,0.5651377034882084,0.8850158706929702,1.3908601081640253,1.1520271119932894,0.0499999999999999,0.8429371719360593,0.5154961692428666,0.5649873037427025,0.8850947158388363,1.3910506089324473,1.1520271121558527,0.0499999999999999,0.8429482961612306
14137000,control,0.8677905599682223,0.9223400233188818,0.9322108663128473,0.964801603470458,1.014027765816633,0.8706979591873192,0.9189922487093611,0.9334710661689404,0.9559621627719248,1.0140294556110365,,,,,,,,,,,,,,,,,,,,,,,,,,,,,,,0.8706979591873192,0.9189922487093611,0.9334710661689404,0.9559621627719248,1.0140294556110365,0.0499999999999999,0.884981012968111,0.870699101168754,0.9190176092478466,0.9334727041504997,0.9560063547090838,1.014029458040301,0.0499999999999999,0.8849912304113638,0.8706994084740248,0.9190265813327422,0.9334732354003612,0.9560220690681336,1.0140294587749936,0.0499999999999999,0.8849948618639953
14154500,control,0.8756922159750238,0.8148002228710609,0.9425493810418549,0.8385251272723921,1.0701729955719261,0.8721479551781398,0.8105374236538667,0.9409748974416325,0.8342053994897486,1.070173040017764,,,,,,,,,,,,,,,,,,,,,,,,,,,,,,,0.8723068118536033,0.8108969325851471,0.9410196268945915,0.8346004370965275,1.070173145044194,0.012499999999999975,0.8604276069574283,0.8723048246325562,0.8109164345836373,0.9410154014900776,0.8346242430059491,1.0701731490516977,0.012499999999999975,0.8604171739518162,0.8723043702726129,0.810923257638955,0.9410140745491392,0.8346325181113194,1.0701731503808072,0.012499999999999975,0.8604139044451019
14185000,control,0.9011408402354891,0.8613620992246905,0.9529318604535207,0.8697751445183398,0.9931776260877593,0.8986482302011314,0.8560414393746618,0.9520193821404626,0.8644440407321965,0.9931802203758623,,,,,,,,,,,,,,,,,,,,,,,,,,,,,,,0.8987189967897342,0.8562286613155912,0.9520409586672299,0.864635317865066,0.9931786356161748,0.012499999999999975,0.9018781513078346,0.8987138498957814,0.8562514921956076,0.9520353299350882,0.8646615613714074,0.9931786400821907,0.012499999999999975,0.9018893599291967,0.8987122311230434,0.8562595193988788,0.9520334656054804,0.8646707481346061,0.9931786415448635,0.012499999999999975,0.901893272928235
14185900,control,0.8825067546796458,0.9019825910413665,0.9397872109241822,0.9313805451793837,0.9643180310128983,0.8891019940308379,0.8918001564895118,0.9436952855730897,0.9147594853724944,0.9643483529828394,,,,,,,,,,,,,,,,,,,,,,,,,,,,,,,0.8891019940308379,0.8918001564895118,0.9436952855730897,0.9147594853724944,0.9643483529828394,0.1380706234676368,0.8572354558336099,0.8890253162569512,0.8919233239003929,0.9436474490922975,0.9149471963095034,0.9643492144922439,0.1380706234676368,0.8571816327988017,0.8889939291072085,0.8919718976605605,0.9436279577861603,0.9150217400338965,0.964349486892405,0.1380706234676368,0.8571589157786537
14190500,control,0.8943368759018636,0.9206950258858975,0.9488701664748138,1.0182301669687008,1.0578159152415536,0.8961602520400556,0.921974473895772,0.9494823441953861,1.0138992164615088,1.0578166148922976,,,,,,,,,,,,,,,,,,,,,,,,,,,,,,,0.8961602520400556,0.921974473895772,0.9494823441953861,1.0138992164615088,1.0578166148922976,0.0499999999999999,0.9442514802332371,0.8962332288113071,0.9219866559072951,0.9495234634525782,1.013979977726606,1.0578166181773645,0.0499999999999999,0.9443071791756386,0.8962588442738544,0.9219909687231482,0.9495378684735967,1.0140078827662742,1.057816619262727,0.0499999999999999,0.9443267568975541
14222500,control,0.8691000166970413,0.9267199110775004,0.9335212727877211,0.9791007672784228,1.0226665465471523,0.8816133939083968,0.926365296493467,0.9394362940757434,0.964785089514473,1.022671946645833,,,,,,,,,,,,,,,,,,,,,,,,,,,,,,,0.8816133939083968,0.926365296493467,0.9394362940757434,0.964785089514473,1.022671946645833,0.0499999999999999,0.9218168536357509,0.8821162081900558,0.9267423125567031,0.9397054078593314,0.9651111197146093,1.022671942143581,0.0499999999999999,0.9219581051226232,0.8822908027549593,0.9268782324996389,0.9397991089876961,0.9652346621448105,1.0226719405326519,0.0499999999999999,0.9220073104716178
14236200,control,0.8252798996027414,0.8067491929337467,0.9129322960453669,0.8566905993981415,0.9039400965076341,0.829906999429561,0.7980022074076337,0.9166977293320294,0.8430389149971993,0.9039424250332523,,,,,,,,,,,,,,,,,,,,,,,,,,,,,,,0.829906999429561,0.7980022074076337,0.9166977293320294,0.8430389149971993,0.9039424250332523,0.0499999999999999,0.8536314928666554,0.8301493138910908,0.7981960335348852,0.9168255662455858,0.8432205314079678,0.9039424512144635,0.0499999999999999,0.8537183734562603,0.8302357110654799,0.7982682991673911,0.9168707689546323,0.843289569351457,0.9039424599910485,0.0499999999999999,0.8537479688174407
14301500,control,0.8921180700867243,0.765328869172202,0.9594879599673719,0.813843183571015,0.862978271966022,0.8895849332973165,0.7608552079520519,0.9589288504070584,0.80835366992005,0.862977825146229,,,,,,,,,,,,,,,,,,,,,,,,,,,,,,,0.8898338753136719,0.7610402310358517,0.959044463016015,0.8085594358638396,0.8629783755132746,0.012499999999999975,0.866372498795697,0.8898045666822344,0.7610666720174837,0.9590191929590522,0.8085978368364525,0.8629783936330184,0.012499999999999975,0.8663277289528324,0.8897946132115996,0.7610758611455385,0.9590105610193906,0.8086111521995145,0.8629783996699663,0.012499999999999975,0.8663124545710822
14305500,control,0.84641509660393,0.786662899916541,0.92752536863424,0.8380378597577445,0.881558405918508,0.8406822373779984,0.7825583627735684,0.9245317844007319,0.833996180668082,0.881559525494072,,,,,,,,,,,,,,,,,,,,,,,,,,,,,,,0.8409633967338799,0.7826623288127252,0.9246935158607036,0.8340593833155361,0.8815588395106427,0.012499999999999975,0.8396527639214143,0.840900531565102,0.7826767914118378,0.9246517116866149,0.8340972968455664,0.8815588520599841,0.012499999999999975,0.8395736761654577,0.8408792946139895,0.7826818491771905,0.9246375646257641,0.8341103454953772,0.8815588562202883,0.012499999999999975,0.8395467816470845
14308000,control,0.8896062444253412,0.8836136889039775,0.9444278848378678,0.9278910926997901,0.9274891807044179,0.8905000997492569,0.8796078828303501,0.9450588499984681,0.9211461352316381,0.9274893116555029,,,,,,,,,,,,,,,,,,,,,,,,,,,,,,,0.8905834829291548,0.8800138595951918,0.9450887035756427,0.9217464154811683,0.9274893116555031,0.03549999999999993,0.9035714651688537,0.890608818609605,0.8800565383956376,0.9451010091010776,0.9218032295130072,0.9274893120614501,0.03549999999999993,0.903586958306426,0.8906180598429676,0.8800721947863648,0.9451054944189575,0.921824096587039,0.9274893121950983,0.03549999999999993,0.9035922873163618
14309500,control,0.7482829528613579,0.8035129409881387,0.8812078167382406,1.0298414483652167,1.1536394139356867,0.7755637301678593,0.8119413933590724,0.8924787943290093,1.0141436222707008,1.153639798918924,,,,,,,,,,,,,,,,,,,,,,,,,,,,,,,0.7755637301678593,0.8119413933590724,0.8924787943290093,1.0141436222707008,1.153639798918924,0.0644544378132592,0.8255323294130965,0.7761079543696051,0.8120923073825982,0.892783878003088,1.0144504741669131,1.1536397992874587,0.0644544378132592,0.825604057134611,0.7762968517349211,0.8121444020678629,0.8928906671897643,1.014564633096463,1.1536397994080712,0.0644544378132592,0.8256312457003747
14377100,control,0.9261871253002381,0.9208222625050673,0.962910876198594,0.9505992485774201,1.049528544995234,0.9265075081327765,0.9177230176779185,0.9631585477610074,0.945601016759353,1.0495273645506598,,,,,,,,,,,,,,,,,,,,,,,,,,,,,,,0.9265180720234409,0.9177542933051512,0.9631633170226264,0.9456458252347765,1.049528161106093,0.012499999999999975,0.9358682371187109,0.926511601597576,0.9177717407711936,0.963159357568671,0.9456749147212828,1.049528161590219,0.012499999999999975,0.9358644527615784,0.9265093846762754,0.9177778068855323,0.9631579986886338,0.9456850188852212,1.0495281617509404,0.012499999999999975,0.9358632311758981
14400000,control,0.7451312821220877,0.5239904125514222,0.9289392314968226,0.6352370381022703,0.702538277840159,0.7460624709816579,0.5207310728358561,0.9319350397508415,0.6304324182436446,0.7025345931942515,,,,,,,,,,,,,,,,,,,,,,,,,,,,,,,0.7459480848196091,0.5208131546772967,0.9317800200895889,0.6305665779442038,0.7025356933353324,0.03549999999999993,0.738529410883543,0.7457866704992928,0.5209315238483987,0.9315596661797979,0.6307595390679818,0.7025373846018504,0.012499999999999975,0.7385234045967211,0.7457958810254746,0.5209375609076234,0.9315635778672297,0.6307666463253458,0.7025373851910629,0.012499999999999975,0.738521838329304
11028500,control,0.5105665862584502,0.13809123107430055,0.8933944693682481,1.4209768606968576,1.7445135791559183,0.519102154104943,0.1447393618032562,0.8911043766146003,1.4065856483647237,1.7445136754956514,,,,,,,,,,,,,,,,,,,,,,,,,,,,,,,0.5198647795862732,0.14620982821792572,0.8901448840504482,1.4032230648944901,1.7445137143588882,0.07049999999999985,0.889438972389952,0.5194697696756644,0.1460181894330007,0.8901533434296246,1.4036309863441145,1.74451371490556,0.07049999999999985,0.8895705668570844,0.5193186640583104,0.145945081952793,0.8901564052989049,1.4037864730145408,1.7445137150880705,0.07049999999999985,0.889619631476398
11132500,control,0.6227122353830339,0.7501064742692392,0.8018280833830355,0.9419801006112398,0.8592578352396573,0.7190061648791076,0.7618061600741746,0.8488979607043902,0.8812728188862413,0.8592579111846834,,,,,,,,,,,,,,,,,,,,,,,,,,,,,,,0.7190061648791076,0.7618061600741746,0.8488979607043902,0.8812728188862413,0.8592579111846834,0.0830874910764661,0.5444347292316087,0.7232928874585195,0.7644154888656639,0.8514024267589219,0.8833360057324698,0.8592579112176737,0.0830874910764661,0.5453910866606628,0.7248185655542224,0.7654709656489618,0.8523013271439009,0.8843253077009953,0.8592579112287014,0.0830874910764661,0.5457365763337434
11136800,control,0.49768146392032786,0.3118454004388941,0.725920784271677,0.8809784693384938,1.6198961297200085,0.4980541764770967,0.3106631154447843,0.725247833638135,0.8758908043826885,1.6199141029618351,,,,,,,,,,,,,,,,,,,,,,,,,,,,,,,0.4980824382031047,0.3106464972958397,0.725259647632844,0.8758646508192195,1.619932581459816,0.0999999999999998,0.5576576136349418,0.4981139795523616,0.31066649087217824,0.7252863580718434,0.8759152885896598,1.6199323238380605,0.0999999999999998,0.5576011435945962,0.4981250236655943,0.3106734140158568,0.7252956613264969,0.8759327323115533,1.6199322394801152,0.0999999999999998,0.5575824012913775
11143000,control,0.8079991730474096,0.74166041803214,0.9059391612644145,0.8320969778057877,0.8276617472360337,0.797896252452594,0.7260419278903456,0.9019086382281147,0.8109745034802436,0.8276617521116243,,,,,,,,,,,,,,,,,,,,,,,,,,,,,,,0.797896252452594,0.7260419278903456,0.9019086382281147,0.8109745034802436,0.8276617521116243,0.0499999999999999,0.841281919214999,0.797180641707276,0.7266104537559812,0.9013433324391248,0.8120951457380701,0.8276617521091261,0.0499999999999999,0.8407542724614185,0.8027920826796906,0.7313126963133132,0.9042060210928919,0.817473538682241,0.8276617521082943,0.03549999999999993,0.8406038363950011
11151300,control,0.665716818082176,0.40302877416971394,0.8271465612328327,0.7311329525967483,1.5041892938136798,0.6589754502248928,0.39763608101163594,0.8238267041130389,0.7214624990011445,1.5042044439041153,,,,,,,,,,,,,,,,,,,,,,,,,,,,,,,0.6589481038456662,0.39760871264940734,0.8238111535452319,0.7214413084081537,1.5042200003961377,0.0999999999999998,0.8363923468656002,0.6588690075499914,0.3976071983141729,0.8237538136371341,0.721457420301411,1.5042106708612,0.07049999999999985,0.836218281787167,0.6588341158645299,0.39760072017515713,0.8237294395150889,0.7214587739785738,1.5042106377758262,0.07049999999999985,0.8361589367053844
11160500,control,0.8263173231435169,0.8729961879097994,0.9202089645159068,1.059974409554035,1.0785266142174998,0.8267095031158118,0.8825421686059178,0.9161767160267825,1.0245143379814565,1.0785432775804327,,,,,,,,,,,,,,,,,,,,,,,,,,,,,,,0.8267095031158118,0.8825421686059178,0.9161767160267825,1.0245143379814565,1.0785432775804327,1.3572088082974532,0.7980771701876453,0.827593757362677,0.8811827691744208,0.9176652990041717,1.0342103219536398,1.078537794881285,0.9636182538911917,0.7971746380307942,0.8270774219015752,0.8809632164469638,0.9174406901907893,1.0344317095840718,1.078537720730852,0.9636182538911917,0.7969525568382505
11200800,control,0.665726305029875,0.5990465267099769,0.8427813348130127,0.6319065243235858,0.9764803863847132,0.6369938418200956,0.550406428960875,0.8387754929278964,0.5809682924976595,0.9764741515191718,,,,,,,,,,,,,,,,,,,,,,,,,,,,,,,0.6369938418200956,0.550406428960875,0.8387754929278964,0.5809682924976595,0.9764741515191718,2.907335362699394,0.8169458440477412,0.6484277275086425,0.5643773115488204,0.842698217148328,0.5944510759480933,0.9764766922933918,2.0642081075165697,0.8137485296515585,0.6480634935204916,0.5646575464700864,0.8421831386643138,0.59495241349708,0.97647676060239,2.0642081075165697,0.8126246071922701
11224500,control,-0.19821217260600732,-0.8688925326335519,0.7735297896053787,1.5934731591343174,2.757629128037084,-0.1804715888898103,-0.864334223724077,0.7711810435134526,1.5779872259403689,2.757644659637158,,,,,,,,,,,,,,,,,,,,,,,,,,,,,,,-0.17880382997046484,-0.864121726861478,0.7713096549628834,1.577200328336124,2.757694603625014,0.1999999999999996,0.8458524731978303,-0.17900702358018772,-0.8641311926365809,0.7712507640327243,1.5772112464710968,2.757693394011695,0.1999999999999996,0.8457059245365668,-0.17907883521598045,-0.8641348738289989,0.771230560650734,1.5772162935671323,2.757693011275263,0.1999999999999996,0.8456557587678816
11253310,control,0.23016641175720576,-0.3406729555408279,0.726411372414797,1.2144036949755703,2.294829831350609,0.2347890120795425,-0.3393965184848664,0.7234258810666233,1.2021576345635878,2.294844423571134,,,,,,,,,,,,,,,,,,,,,,,,,,,,,,,0.23464769179303102,-0.3394042336112786,0.7234020879354329,1.2022465247850045,2.2948334407443016,0.012499999999999975,0.8276906930717389,0.23450220980535808,-0.3394174499688023,0.7233457771012183,1.2022570521829923,2.29483343758008,0.012499999999999975,0.8275971549000299,0.23445208045448962,-0.3394220492765816,0.7233266336045369,1.2022613311148456,2.294833436528162,0.012499999999999975,0.8275653354638568
11264500,control,0.7565738933803615,0.7914421166523413,0.8705971425677621,0.8399037638558047,0.9665263332261084,0.7638939612583244,0.7968360391441309,0.8748119572117456,0.8435291811644263,0.9665271485167994,,,,,,,,,,,,,,,,,,,,,,,,,,,,,,,0.7638939612583244,0.7968360391441309,0.8748119572117456,0.8435291811644263,0.9665271485167994,1.0528435700809526,0.7978183452477396,0.760806528399488,0.794141971242231,0.8730577894458807,0.8414353630141052,0.9665267408040462,0.5264217850404763,0.7945014846277723,0.7625761660302446,0.794188294772943,0.8741408738421304,0.840634175186183,0.9665265440586387,0.26321089252023816,0.7932163138805977
11274500,control,0.7920735690329008,0.5715901524295747,0.895726271187769,0.9721605307708012,1.4145925119052982,0.795494258377168,0.5712554900105318,0.8968824503971463,0.9639203893224451,1.414592435415033,,,,,,,,,,,,,,,,,,,,,,,,,,,,,,,0.7955943240040855,0.5712595099875784,0.8969283678412894,0.963834212892053,1.4145921878944339,0.1999999999999996,0.684830267238073,0.7956799721202297,0.5712735796563808,0.8969751322586391,0.963867842681043,1.4145921940111836,0.1999999999999996,0.6847719058553312,0.795709124657943,0.5712784367944331,0.8969910973222941,0.9638799821340164,1.4145921960624932,0.1999999999999996,0.684752065495273
11374000,control,0.7786788562014704,0.8039397770132471,0.890784780354555,0.9844628862169472,1.1620809826312295,0.7895497117982853,0.8058110652885518,0.8956400910941107,0.9767374325158965,1.1621024513434917,,,,,,,,,,,,,,,,,,,,,,,,,,,,,,,0.7881187556491436,0.8055685916235475,0.8949833552265073,0.9776407394824186,1.1620960837061642,0.12636955468068478,0.8787667082909384,0.7882203398876071,0.8056071565725815,0.8950408029673993,0.9777057788925957,1.1620959969872258,0.12636955468068478,0.8786696813281237,0.7882535527242738,0.8056203218575974,0.895059881901539,0.9777305585491445,1.1620959680735212,0.12636955468068478,0.8786264174664526
11390000,control,0.8333864857154365,0.8100992414695957,0.9167927400001112,0.8403186310768699,1.0603382995498636,0.8286137530501159,0.8027188487997972,0.9146636840110448,0.8326774652716455,1.0603385048239438,,,,,,,,,,,,,,,,,,,,,,,,,,,,,,,0.8286137530501159,0.8027188487997972,0.9146636840110448,0.8326774652716455,1.0603385048239438,0.0499999999999999,0.934741315127124,0.8286878664394546,0.8028534108037024,0.914694099189275,0.832820618023385,1.0603385047918947,0.0499999999999999,0.9347007949394561,0.8287150883486952,0.8029022535196861,0.9147053449358012,0.8328724788496421,1.0603385047812268,0.0499999999999999,0.9346867753680594
11402000,control,0.7278287891824712,0.7154623106291202,0.8598605828782243,0.752576386887202,1.0102076498517873,0.7478254746140007,0.7133923840586436,0.8748776211463744,0.742349057252996,1.0102131056578258,,,,,,,,,,,,,,,,,,,,,,,,,,,,,,,0.7478254746140007,0.7133923840586436,0.8748776211463744,0.742349057252996,1.0102131056578258,0.0499999999999999,0.8772076162775357,0.7481644645321138,0.7136003695864113,0.8750823597666516,0.7424810222251115,1.0102131065473954,0.0499999999999999,0.8772620900098956,0.7482763962990994,0.7136730841838994,0.8751490698662319,0.7425295348703372,1.0102131068440716,0.0499999999999999,0.8772807942463294
11413000,control,0.8328693035469856,0.7516505314926425,0.9269258004604835,0.768880277106841,0.9459510077861273,0.8342059787336427,0.7495097595352131,0.9283695343371275,0.7661342637713799,0.9459513702738704,,,,,,,,,,,,,,,,,,,,,,,,,,,,,,,0.8342520516188976,0.7496655804901253,0.9283639145395364,0.766302886951831,0.9459513903583229,0.012499999999999975,0.8924220037851553,0.8342841678082737,0.7496966294756935,0.9283788009649322,0.766331583365938,0.9459513902830253,0.012499999999999975,0.8924306036623202,0.8342950851325208,0.7497072478051302,0.9283838458634007,0.7663414113435628,0.9459513902579609,0.012499999999999975,0.8924335535352994
11451100,control,0.7290944507951169,0.7487877051817315,0.8561211107839096,0.7940901109259121,1.0027567893103142,0.7273955353386921,0.7366612361449063,0.8563476287039585,0.7793108501074826,1.002756789703801,,,,,,,,,,,,,,,,,,,,,,,,,,,,,,,0.7273955353386921,0.7366612361449063,0.8563476287039585,0.7793108501074826,1.002756789703801,0.0644544378132592,0.80981179379848,0.7274586551577717,0.7370792200916814,0.8563383784405638,0.7798158154884461,1.0027567897079492,0.0644544378132592,0.8099204266937737,0.7274752874781887,0.7372424684766188,0.8563293618437052,0.7800166637799073,1.0027567897093133,0.0644544378132592,0.8099509544537346
11468000,control,0.7246662349246518,0.6387177022054493,0.8921009252678055,1.1364421477333577,1.316648430745449,0.7251580085703719,0.6407751397237811,0.8909271451307321,1.1299208286185074,1.3166483710083112,,,,,,,,,,,,,,,,,,,,,,,,,,,,,,,0.7251588770547892,0.6407697838265356,0.8909314019994259,1.1299391321836723,1.3166484029165113,0.02499999999999995,0.8265730606895911,0.7250871001417896,0.6407517422904923,0.8909056116611183,1.1299673563763042,1.316648403401686,0.02499999999999995,0.826540921357585,0.7250624436412197,0.6407455059594727,0.8908967798949405,1.1299771802069227,1.3166484035590253,0.02499999999999995,0.8265299281323483
11469000,control,0.77696540676995,0.7333756516929204,0.8894897098826257,0.783107993932262,0.891216377187276,0.7744921666603872,0.7290041739049217,0.8885858897276776,0.7782084093044942,0.8912152396245782,,,,,,,,,,,,,,,,,,,,,,,,,,,,,,,0.7746293543107818,0.7290629150439076,0.8886698623393063,0.7782375870669086,0.8912161010854599,0.012499999999999975,0.830512149042427,0.7745678580196502,0.7290662431003887,0.8886267018190774,0.77826332608388,0.89121610173993,0.012499999999999975,0.8304620674180404,0.7745468318257198,0.7290675186933945,0.8886119196421448,0.7782723100115609,0.8912161019565082,0.012499999999999975,0.8304450737030494
11482500,control,0.841359717321659,0.7941392968051282,0.9229647626024807,0.8357487383090747,0.9027080458006207,0.8401095867685748,0.79177736105421,0.9225056021320215,0.8330104450049675,0.902707789668498,,,,,,,,,,,,,,,,,,,,,,,,,,,,,,,0.8400952354289198,0.7918784093171889,0.92248230506749,0.8331472113536622,0.9027079119268457,0.012499999999999975,0.887033218552506,0.8400965064709097,0.7918960867912929,0.9224806199176235,0.8331700442186384,0.902707912662899,0.012499999999999975,0.8870159396482595,0.8400970447825835,0.7919021898965647,0.9224801010987712,0.8331778982473638,0.9027079129064354,0.012499999999999975,0.8870101465843006
11519500,control,0.7684653894597305,0.7924140091565353,0.8866906597524502,0.9683268785513338,1.1710255840066803,0.7751501686324732,0.7929627260350737,0.8896545687716882,0.9620738494237172,1.171026096606135,,,,,,,,,,,,,,,,,,,,,,,,,,,,,,,0.7736647697116241,0.7928151386304747,0.8889743694480104,0.9632719395977476,1.171026096606135,0.03549999999999993,0.8356249982605787,0.7737706577944894,0.7928690739778989,0.8890379811351241,0.9633840854436938,1.1710260965040404,0.03549999999999993,0.8356360327235242,0.7738080777857772,0.7928883495487489,0.8890605424937267,0.9634247782352959,1.1710260964698596,0.03549999999999993,0.8356410960318267
11522500,control,0.784016607742297,0.7622377590473236,0.8914105948094017,0.7886418692315369,0.9918167939503008,0.7880556151822589,0.758155097071883,0.8948411018960787,0.7823682040937899,0.9918168079261711,,,,,,,,,,,,,,,,,,,,,,,,,,,,,,,0.7880556151822589,0.758155097071883,0.8948411018960787,0.7823682040937899,0.9918168079261711,0.0499999999999999,0.8162458239534781,0.7883593265358818,0.7583636716846334,0.8950138576305586,0.7825165283532184,0.991816807922417,0.0499999999999999,0.8163513878742639,0.7884706146586241,0.7584434488995055,0.895076573603596,0.7825748925717019,0.9918168079212819,0.0499999999999999,0.8163861444160067
11528700,control,0.8592560146372532,0.8029448392052624,0.9339948970230197,0.8238738485144224,0.9412323087086324,0.8571350575684615,0.7994769238576804,0.9331897315639315,0.8202994140565816,0.9412327343781329,,,,,,,,,,,,,,,,,,,,,,,,,,,,,,,0.857185427692121,0.7989544242900726,0.9333069478506248,0.8196731611798571,0.9412327343781329,0.07049999999999985,0.8684410442350595,0.8571549580162893,0.79899713934019,0.9332804011886149,0.8197306082162189,0.9412327343346616,0.07049999999999985,0.8684115835607853,0.8571441776433291,0.7990129323368087,0.9332708996403817,0.8197517350497916,0.9412327343201703,0.07049999999999985,0.8683994723484196
