STAID,role,seas_nse,seas_kge,seas_r,seas_alpha,seas_beta,seas_T0,seas_theta,seas_train_nse,cap_nid_nse,cap_nid_kge,cap_nid_r,cap_nid_alpha,cap_nid_beta,cap_nid_T0,cap_nid_theta,cap_nid_train_nse,cap_mean_nse,cap_mean_kge,cap_mean_r,cap_mean_alpha,cap_mean_beta,cap_mean_T0,cap_mean_theta,cap_mean_train_nse,inflowT_nse,inflowT_kge,inflowT_r,inflowT_alpha,inflowT_beta,inflowT_T0,inflowT_theta,inflowT_train_nse,storeT_nse,storeT_kge,storeT_r,storeT_alpha,storeT_beta,storeT_T0,storeT_theta,storeT_train_nse,loss_nse,loss_kge,loss_r,loss_alpha,loss_beta,loss_T0,loss_theta,loss_train_nse,spill_nse,spill_kge,spill_r,spill_alpha,spill_beta,spill_T0,spill_theta,spill_train_nse,pass_nse,pass_kge,pass_r,pass_alpha,pass_beta
01019000,dam,0.23896470099229472,0.33424161544136877,0.5278601888663795,0.5589705924641478,1.1606589152254017,2.907335362699394,0.0,0.24158547726110635,0.23896470099229472,0.33424161544136877,0.5278601888663795,0.5589705924641478,1.1606589152254017,2.907335362699394,0.5,0.24160993395702213,0.23896470099229472,0.33424161544136877,0.5278601888663795,0.5589705924641478,1.1606589152254017,2.907335362699394,6.0,0.24188937698641477,0.23111248852224486,0.3289146840142583,0.5207982934012659,0.5585082854956861,1.1606433682060513,2.907335362699394,0.25,0.24419917712050165,0.188640936975482,0.335789696478332,0.4904748793053453,0.6053678322714953,1.1607013717407078,0.7268338406748485,0.5,0.265496911638499,0.2810211868636836,0.31192522249791077,0.5315473683401154,0.4961966589558426,0.9865380210138901,4.099342861406145,0.15,0.317870400994383,0.23896470099229472,0.33424161544136877,0.5278601888663795,0.5589705924641478,1.1606589152254017,2.907335362699394,50.0,0.24158547726110635,0.141904235313285,0.2711945763349288,0.44136917937375003,0.5603910807954995,1.1607263200783158
01022500,dam,0.8474543663969734,0.9227327303954201,0.9242512112082336,1.0057673697337048,1.0141099041485737,0.1380706234676368,0.0,0.8570618174771616,,,,,,,,,0.8473411838513634,0.9226744682883992,0.9241613085095927,1.0053517597500892,1.0141099041485737,0.1380706234676368,12.0,0.8570618174771616,0.8494840097743289,0.9233399407777136,0.9246734483162938,0.9981299818621087,1.0141130550757218,0.0690353117338184,0.5,0.8594133460140523,0.847642199760869,0.9204354463006389,0.9229231153347289,0.9861983637439234,1.0141133586481026,0.0690353117338184,0.5,0.8592841149420771,0.8480843521720204,0.8532092720771193,0.9239508100229021,0.9097619564465673,0.9127008934547136,0.0690353117338184,0.1,0.8677758582272274,0.8474543663969734,0.9227327303954201,0.9242512112082336,1.0057673697337048,1.0141099041485737,0.1380706234676368,2.0,0.8570618174771616,0.8429980429854184,0.9199727706827341,0.9229780120788861,1.0165153193995489,1.014114355600201
01053500,dam,0.567296226660122,0.5756018480898617,0.7790216131225832,0.6491634025745543,1.0905319047890374,1.7495626146803187,0.0,0.2960857166659575,0.5673245220770725,0.5755919877784885,0.7790492803703708,0.6491340504576822,1.0905319047890374,1.7495626146803187,0.5,0.2960857166659575,0.567296226660122,0.5756018480898617,0.7790216131225832,0.6491634025745543,1.0905319047890374,1.7495626146803187,6.0,0.2960857166659575,0.567296226660122,0.5756018480898617,0.7790216131225832,0.6491634025745543,1.0905319047890374,1.7495626146803187,0.0,0.2960857166659575,0.5660379158297356,0.5738729339540324,0.778402643726525,0.6474693938039319,1.090559702984185,0.8747813073401594,0.25,0.2965509894993783,0.5404512555137714,0.49496471653859975,0.7790216131225829,0.5517888921883711,0.9269521190706816,1.7495626146803187,0.15,0.5211685124705334,0.567296226660122,0.5756018480898617,0.7790216131225832,0.6491634025745543,1.0905319047890374,1.7495626146803187,20.0,0.2960857166659575,0.5277865673188307,0.582648236764428,0.7445628212348147,0.6826274310463138,1.0906035013454856
01100000,dam,0.9261648207304047,0.9140748398790292,0.9645027203634381,0.9458713872004364,0.9434918629168053,0.03549999999999993,0.0,0.925913197249821,0.9261648207304047,0.9140748398790292,0.9645027203634381,0.9458713872004364,0.9434918629168053,0.03549999999999993,0.75,0.925913197249821,0.9261648207304047,0.9140748398790292,0.9645027203634381,0.9458713872004364,0.9434918629168053,0.03549999999999993,12.0,0.925913197249821,0.9251731305426012,0.9096619134946634,0.9641273959868839,0.9393291124331388,0.9434918629168053,0.012499999999999975,0.75,0.9289782482873583,0.9265506652108962,0.9114735162392332,0.9648005931335483,0.9416495884617583,0.9434918629168053,0.012499999999999975,0.25,0.9281906325068431,0.9261648207304047,0.9140748398790292,0.9645027203634381,0.9458713872004364,0.9434918629168053,0.03549999999999993,0.0,0.925913197249821,0.9261648207304047,0.9140748398790292,0.9645027203634381,0.9458713872004364,0.9434918629168053,0.03549999999999993,5.0,0.925913197249821,0.9282312256612825,0.9201742357131383,0.9654453812837007,0.9554475963605541,0.9434914670222215
01172500,dam,0.630155284804807,0.6478732282801715,0.7986873202193271,0.711463380325914,0.98540248554019,2.255341494966317,0.0,0.6660849420143954,0.630155284804807,0.6478732282801715,0.7986873202193271,0.711463380325914,0.98540248554019,2.255341494966317,0.05,0.6660849420143954,0.630155284804807,0.6478732282801715,0.7986873202193271,0.711463380325914,0.98540248554019,2.255341494966317,8.0,0.669690421969378,0.6562852610165357,0.6764026354898708,0.8139806366742477,0.7356161245641156,0.9853980413887055,0.5638353737415792,0.75,0.6981856671980688,0.6223939732541929,0.646101186260086,0.7930237779620035,0.7133085336703741,0.9853980476933641,1.1276707474831584,0.25,0.6694074189682806,0.630155284804807,0.6478732282801715,0.7986873202193271,0.711463380325914,0.98540248554019,2.255341494966317,0.0,0.6660849420143954,0.630155284804807,0.6478732282801715,0.7986873202193271,0.711463380325914,0.98540248554019,2.255341494966317,50.0,0.6660849420143954,0.46642560157674695,0.631230238205411,0.6914162367620043,0.7986197796249912,0.9853984548205543
01186000,dam,0.3067463717665635,0.5086682413403529,0.6148031584730926,0.7401600613818536,1.1597294482686087,8.028352123148267,0.0,0.31525911304943166,0.3067463717665635,0.5086682413403529,0.6148031584730926,0.7401600613818536,1.1597294482686087,8.028352123148267,0.02,0.31525911304943166,0.3074331934757232,0.5089486452545342,0.6152458966457633,0.740034201662322,1.1597294482682778,8.028352123148267,3.0,0.31774592728467055,0.29986236499327235,0.5192399620380579,0.6141662368845152,0.7617989349709611,1.1597584863484363,5.700130007435269,0.25,0.3160749972439766,0.3286143193137946,0.5046483438720466,0.6263108903249124,0.7167364198025301,1.1596604417902507,16.056704246296533,-0.5,0.33174181582049067,0.37118043517073596,0.48838390353225203,0.6148031584730924,0.6661440552436683,1.0437565034417478,8.028352123148267,0.1,0.34625514231457954,0.3067463717665635,0.5086682413403529,0.6148031584730926,0.7401600613818536,1.1597294482686087,8.028352123148267,50.0,0.31525911304943166,-0.17445942556897398,0.4323430006069082,0.45600212559043357,1.027693344927751,1.1597931795933571
01205500,dam,0.8428089325811087,0.9026145043683915,0.919940657614774,0.961532615119094,1.039933654436871,0.012499999999999975,0.0,0.8459637317985438,0.8428089325811087,0.9026145043683915,0.919940657614774,0.961532615119094,1.039933654436871,0.012499999999999975,0.3,0.8459637317985438,0.8428089325811087,0.9026145043683915,0.919940657614774,0.961532615119094,1.039933654436871,0.012499999999999975,24.0,0.8459637317985438,0.842811501490768,0.9026163261065152,0.9199420511006414,0.9615341388838429,1.0399334732725916,0.012499999999999975,-0.25,0.8459639218149315,0.8428697243507537,0.90266452039348,0.919974661517895,0.9615882085040348,1.0399333828410053,0.02499999999999995,-0.5,0.8459647028643096,0.8428089325811087,0.9026145043683915,0.919940657614774,0.961532615119094,1.039933654436871,0.012499999999999975,0.0,0.8459637317985438,0.8429117872629983,0.9026729680592919,0.919995597711247,0.961566290783694,1.039933654436871,0.012499999999999975,0.5,0.8460563158759766,0.8455577989096001,0.9048976857116587,0.9214828892609002,0.9641554215235335,1.0399334408488274
01206900,dam,0.5420203153853247,0.6048861779980181,0.737137130110883,0.7062349022787994,1.02683489019028,0.8167347399191549,0.0,0.5358556304479908,0.5420203153853247,0.6048861779980181,0.737137130110883,0.7062349022787994,1.02683489019028,0.8167347399191549,0.02,0.5358556304479908,0.5617971027243018,0.6237963170865382,0.7504209388190325,0.7197874957996458,1.0268413067387918,0.40836736995957745,8.0,0.5473338787646609,0.5420464219466185,0.6073465843824661,0.7370147203400178,0.7096645289680745,1.026847006144945,0.20418368497978873,0.75,0.546585682560602,0.5420203153853247,0.6048861779980181,0.737137130110883,0.7062349022787994,1.02683489019028,0.8167347399191549,0.0,0.5358556304479908,0.5420203153853247,0.6048861779980181,0.737137130110883,0.7062349022787994,1.02683489019028,0.8167347399191549,0.0,0.5358556304479908,0.5420203153853247,0.6048861779980181,0.737137130110883,0.7062349022787994,1.02683489019028,0.8167347399191549,20.0,0.5358556304479908,0.5349591441221584,0.627415035417972,0.7317632398973469,0.7428080163778008,1.026849207114946
01315000,dam,0.25324218321961156,0.31201796567023465,0.5043434982931725,0.5232235651427981,0.9818852810916497,2.255341494966317,0.0,0.3079615401971101,,,,,,,,,0.2551356315835449,0.3127481401179857,0.5061274540267934,0.5224260432099525,0.9818852810916497,2.255341494966317,2.0,0.3090661389368111,0.2709515667243386,0.3372271940366115,0.521635320639388,0.5416205343684383,0.9820196954384488,2.255341494966317,-0.5,0.3176813412103475,0.26203035475170944,0.31903703112501935,0.512767579419765,0.5246173454530482,0.9819316555698572,4.510682989932634,-0.5,0.31527816010850296,0.24379631835132176,0.29067732465378415,0.5043434982931728,0.4970623868856582,0.9327910170370671,2.255341494966317,0.05,0.31410350830969747,0.32787593280598626,0.3987558947047942,0.573257478997453,0.576834173572231,0.9822242225394626,9.021365979865267,10.0,0.3156446136969103,0.33659154572164107,0.4059765447762953,0.5807997697185223,0.579501283659183,0.9822274975428364
01325000,dam,0.19273931285593693,0.23198960018135506,0.4423672235259053,0.47282347411535613,0.9688460052708381,36.84031498640386,0.0,0.22503084617920677,0.19247743629291258,0.23149940162985816,0.44206481215800214,0.4724292232549303,0.9688460052708381,36.84031498640386,0.1,0.22503084617920677,0.19268837826070584,0.2318711516665377,0.44230638959568114,0.4727152636680043,0.9688460052708381,36.84031498640386,2.0,0.22503084617920677,0.19273931285593693,0.23198960018135506,0.4423672235259053,0.47282347411535613,0.9688460052708381,36.84031498640386,0.0,0.22503084617920677,0.20847353089767096,0.23472573822009846,0.45876207558894,0.45985933840093685,0.969108729237739,51.94484413082944,-0.75,0.24721579877634448,0.18244425069644543,0.21216117018971048,0.4423672235259053,0.4491823004095883,0.9204037050072962,36.84031498640386,0.05,0.22768942936055148,0.19750021841861276,0.2451293887567828,0.44825178396162546,0.48576953071770396,0.9688460230646364,36.84031498640386,50.0,0.27891127687320183,-0.15017487353881842,0.10399469047244636,0.1896087994269879,0.6189227120864503,0.9704751397657355
01327750,dam,0.758390334583102,0.8799503181327795,0.8817029452611383,1.0190991771093947,0.9927230232736666,2.255341494966317,0.0,0.8092732765678297,0.758390334583102,0.8799503181327795,0.8817029452611383,1.0190991771093947,0.9927230232736666,2.255341494966317,0.5,0.8092732765678297,0.7581710163557555,0.8798472073983099,0.8815799055626108,1.0189847415876268,0.9927230232736666,2.255341494966317,6.0,0.8092732765678297,0.758425680914524,0.8789190462487844,0.8791494364994275,0.9989077714763385,0.9926144939408192,4.510682989932634,-0.25,0.8120624250563642,0.7637268189572599,0.8823579431957744,0.8828081876783537,1.0072742134356791,0.992732368144378,1.6012924614260848,0.25,0.8133971683954655,0.7618523359034752,0.8649145155215852,0.881702945261139,0.9681442182539249,0.9430868721099832,2.255341494966317,0.05,0.8223662006552446,0.758390334583102,0.8799503181327795,0.8817029452611383,1.0190991771093947,0.9927230232736666,2.255341494966317,20.0,0.8092732765678297,0.6676426136529406,0.8017247931572407,0.8638480193893047,1.1439575938074236,0.9927953480652632
01336000,dam,0.466052039798562,0.5226529558621698,0.6882918192954988,0.6453318976183163,0.9299375437057105,0.07049999999999985,0.0,0.576049267797728,0.466052039798562,0.5226529558621698,0.6882918192954988,0.6453318976183163,0.9299375437057105,0.07049999999999985,0.2,0.576049267797728,0.466052039798562,0.5226529558621698,0.6882918192954988,0.6453318976183163,0.9299375437057105,0.07049999999999985,12.0,0.576049267797728,0.46503143639370115,0.522217644203866,0.6874934163663183,0.6454482795173536,0.9299379403778072,0.02499999999999995,0.5,0.5766878888940105,0.46669048589270923,0.5221298841810791,0.6888691538555566,0.6441225604625549,0.9299379403778072,0.02499999999999995,0.25,0.5762556404963843,0.466052039798562,0.5226529558621698,0.6882918192954988,0.6453318976183163,0.9299375437057105,0.07049999999999985,0.0,0.576049267797728,0.466052039798562,0.5226529558621698,0.6882918192954988,0.6453318976183163,0.9299375437057105,0.07049999999999985,5.0,0.576049267797728,0.46548538173236265,0.5279724593089863,0.6873802006375754,0.6533439778972405,0.9299395792383809
01375000,dam,0.7478834964965275,0.8685781639786812,0.8817808951286393,1.0529061584261048,0.9777091806516551,0.0499999999999999,0.0,0.8256539854576304,0.7478834964965275,0.8685781639786812,0.8817808951286393,1.0529061584261048,0.9777091806516551,0.0499999999999999,0.05,0.8256539854576304,0.7478834964965275,0.8685781639786812,0.8817808951286393,1.0529061584261048,0.9777091806516551,0.0499999999999999,32.0,0.8256539854576304,0.7508960821536121,0.8704232562677312,0.8828585025770055,1.0507062271376613,0.9777091806516551,0.012499999999999975,0.5,0.8281713635962582,0.7513291549325868,0.870674452698244,0.8830226416384319,1.0504431778184866,0.9777091806516549,0.012499999999999975,0.25,0.8297130377207211,0.7573373331934841,0.772214291045374,0.8826028874673668,0.9022191635034399,0.8310528035539068,0.02499999999999995,0.15,0.8723346804393808,0.7515035189577095,0.8704115457643735,0.8833208761341514,1.0517906255789258,0.9777091806516551,0.07049999999999985,5.0,0.8260801068173713,0.7446322933804863,0.8610072716763653,0.8835874816049896,1.0725963576149462,0.9777093528846306
01378500,dam,0.5947773090966584,-0.32664168916121517,0.8447547851096497,0.8071231166084658,2.3033324988380133,0.03549999999999993,0.0,0.6693883981828287,0.48545375884477704,-0.3408550598421809,0.7764493945872201,0.7780950298064093,2.3033324988380133,0.03549999999999993,0.3,0.6693883981828287,0.5118541695608696,-0.3377531425739895,0.7933718914774431,0.7804261110522589,2.3033324988380133,0.03549999999999993,32.0,0.6693883981828287,0.5931434118808063,-0.3263609712360349,0.8436177408458553,0.8100008266181734,2.3033335448588232,0.0499999999999999,-0.25,0.669715148216524,0.5940528602059048,-0.3264144445130528,0.844216158516659,0.8091334727570975,2.303332897660378,0.07049999999999985,-0.25,0.669664868240236,0.6283541873495653,-0.01896029734301452,0.846741872653421,0.6879924825451789,1.957832627871521,0.02499999999999995,0.15,0.7012128624607952,0.6087980208151647,-0.3243619483150175,0.8529579593630047,0.816599543871959,2.303333219526796,0.0999999999999998,0.5,0.6712846350946524,0.6111448566218745,-0.3231192273868937,0.8540573143409004,0.8248697994885738,2.3033321277603522
01381000,dam,0.8430325590376999,0.8259597286616258,0.921052648832899,0.8656727203628307,1.0775468486562223,0.03549999999999993,0.0,0.8789015752515993,0.8430325590376999,0.8259597286616258,0.921052648832899,0.8656727203628307,1.0775468486562223,0.03549999999999993,inf,0.8789015752515993,0.8430325590376999,0.8259597286616258,0.921052648832899,0.8656727203628307,1.0775468486562223,0.03549999999999993,24.0,0.8789015752515993,0.8435041752258947,0.8228149658348346,0.921618609614635,0.8613011166704764,1.0775468486562223,0.012499999999999975,0.5,0.8794136876962196,0.843224189022461,0.823258795657414,0.9214084087787656,0.8619880390499756,1.0775468486562223,0.012499999999999975,0.25,0.8797428391676304,0.8430325590376999,0.8259597286616258,0.921052648832899,0.8656727203628307,1.0775468486562223,0.03549999999999993,0.0,0.8789015752515993,0.8430325590376999,0.8259597286616258,0.921052648832899,0.8656727203628307,1.0775468486562223,0.03549999999999993,5.0,0.8789015752515993,0.8490861286604692,0.8337419386455875,0.9240232170399476,0.8740802184672297,1.0775466313588673
01396800,dam,0.4079582345746161,0.4978060643699218,0.6399201973774897,0.6530315357611096,0.9535869678789778,0.4914907944250637,0.0,0.3664649302134749,0.38678881985011293,0.46922439849554887,0.6230526062568988,0.6292180803328885,0.9535869678789778,0.4914907944250637,0.05,0.3664649302134749,0.3708771984986853,0.45241704177500197,0.6101723410804388,0.6182575175212127,0.9535869678789778,0.4914907944250637,16.0,0.3664649302134749,0.4140106126253703,0.5126975456290708,0.6449645085993682,0.6694582813667637,0.9535709775589686,0.6930020201393398,-0.25,0.36745219068275925,0.4207921150903555,0.5277409201228025,0.6506773938270146,0.6856023999532309,0.953561821441809,0.9829815888501274,-0.75,0.36953540012471375,0.4079582345746161,0.4978060643699218,0.6399201973774897,0.6530315357611096,0.9535869678789778,0.4914907944250637,0.0,0.3664649302134749,0.4370873915861887,0.5212773007074334,0.6621620177808885,0.664013763619083,0.9535869678789778,0.4914907944250637,10.0,0.3664649302134749,0.42359097984014615,0.5449657245196006,0.6541097534163071,0.7079958401469161,0.953635144681141
01417000,dam,0.11311855170018392,-0.053135294485187945,0.44286085873755165,0.30936425555452945,1.5671967861844742,36.84031498640386,0.0,-0.3051513624518074,0.11311855170018392,-0.053135294485187945,0.44286085873755165,0.30936425555452945,1.5671967861844742,36.84031498640386,0.02,-0.3051513624518074,0.10949707959302579,-0.056911862945997926,0.4376522464846572,0.3078044773398747,1.5671799084607134,36.84031498640386,3.0,-0.3051513624518074,0.23860555262241534,0.06130857285217006,0.5946454737870792,0.37151726564761306,1.5673083430555868,36.84031498640386,-0.25,-0.22062313975786307,0.16722561655136736,0.012091005277498512,0.5016553805393003,0.36332449398403976,1.5676804753974853,51.94484413082944,-0.75,-0.2409386193748102,0.24344595173949557,0.16980618900742783,0.5561955174871962,0.30081744316256676,0.94166392774464,9.210078746600965,0.4,0.11596392579532822,0.4290471912836443,0.21374998152443214,0.7334100146991452,0.5238160365347732,1.5660103393301825,51.94484413082944,100.0,0.044907686398500846,0.26477632918032246,0.3077260584658549,0.6267165604129351,0.8761802729594449,1.5697116455303275
01425000,dam,0.5461792816651266,0.5255314338362581,0.7670219036834954,0.6661183701674909,0.7563513099263574,2.255341494966317,0.0,0.5428604298829489,0.5354023098296746,0.5199519296559483,0.759283552311379,0.6636414747942057,0.7563513099263574,2.255341494966317,0.05,0.5428604298829489,0.5413443342601856,0.5230112475473121,0.7635630247563978,0.6649609835714266,0.7563513099263574,2.255341494966317,24.0,0.5428604298829489,0.5576327565060095,0.5346218501989433,0.7743971830239808,0.6739705758547515,0.7563096106198334,4.510682989932634,-0.25,0.5463626726115066,0.5625374689983633,0.5405409640486969,0.7770513502832725,0.6805890662807184,0.7563339155168174,4.510682989932634,-0.5,0.5465362022406289,0.5461792816651266,0.5255314338362581,0.7670219036834954,0.6661183701674909,0.7563513099263574,2.255341494966317,0.0,0.5428604298829489,0.5747583279409026,0.5429366537987057,0.7865053988453967,0.6775937233368041,0.7563175211740987,4.510682989932634,20.0,0.5475173773132136,0.5397481379811241,0.573968110620429,0.7561399003888933,0.7496416465233521,0.7563688906759853
01429500,dam,0.759616453119111,0.858788493370835,0.8747724634784824,0.9460739849088494,0.9632476041921118,0.03549999999999993,0.0,0.8543442786796089,0.808076532515753,0.8592025783098637,0.8992734619449185,0.9087457404369056,0.9632476041921118,0.012499999999999975,0.05,0.8547003515278428,0.8114588997858899,0.8544605983485654,0.9011033453962269,0.8997481643877783,0.9632476041921118,0.03549999999999993,16.0,0.8548497133419173,0.7617911728765407,0.8584351677319749,0.8757036037179978,0.94307663916491,0.9632476041921118,0.02499999999999995,0.25,0.854509928902689,0.759616453119111,0.858788493370835,0.8747724634784824,0.9460739849088494,0.9632476041921118,0.03549999999999993,0.0,0.8543442786796089,0.759616453119111,0.858788493370835,0.8747724634784824,0.9460739849088494,0.9632476041921118,0.03549999999999993,0.0,0.8543442786796089,0.7594034945131218,0.8587474881326695,0.8746698268373531,0.9462051935013094,0.9632476041921118,0.03549999999999993,2.0,0.8543442786796089,0.7535481746723902,0.8601595095574864,0.8724023734499963,0.9561366439102981,0.9632547355628441
01435000,dam,0.2965559086869194,0.21325958267227263,0.649256867408726,0.4151014540245017,0.6077839497001498,0.012499999999999975,0.0,0.31920655891137983,0.2926815845633788,0.2091999286524644,0.6468496636394958,0.41108900276959043,0.6077839497001498,0.012499999999999975,0.02,0.31920655891137983,0.29293276163882664,0.21039315893995647,0.6459276907950311,0.41324763895637623,0.6077839497001498,0.012499999999999975,24.0,0.31920655891137983,0.2967331938199218,0.21338838300643748,0.6494317823032666,0.41516934991409254,0.6077846618880672,0.012499999999999975,-0.75,0.3192919418574015,0.29655457535221474,0.2133728248965564,0.6491247060769517,0.4153326108002428,0.6077846449563992,0.03549999999999993,-0.75,0.31931072084179124,0.2965559086869194,0.21325958267227263,0.649256867408726,0.4151014540245017,0.6077839497001498,0.012499999999999975,0.0,0.31920655891137983,0.2974975824810481,0.21438869336736743,0.6496769151477092,0.4163687540785772,0.6077839497001498,0.012499999999999975,0.5,0.32049013728091624,0.3042045208834132,0.21942203134425142,0.6560226632382749,0.41935571994943915,0.6077835074992238
01436000,dam,0.2896421502234571,0.23068168105291575,0.5652493616501996,0.49547500013805246,1.3850936026946052,1.3572088082974532,0.0,-0.13503400694162826,0.2896421502234571,0.23068168105291575,0.5652493616501996,0.49547500013805246,1.3850936026946052,1.3572088082974532,0.02,-0.13503400694162826,0.28114608060206936,0.2243759787247278,0.5569874159848774,0.49301342232051404,1.3850936026946052,1.3572088082974532,16.0,-0.13503400694162826,0.2896421502234571,0.23068168105291575,0.5652493616501996,0.49547500013805246,1.3850936026946052,1.3572088082974532,0.0,-0.13503400694162826,0.2635280765595098,0.20015743712771683,0.5420635097281862,0.469200886380795,1.3850903754194612,0.3393022020743633,0.5,-0.11724749998789541,0.2782427160414397,0.19685920372870758,0.5970257812831059,0.32612699437844317,0.8310559560701715,0.3393022020743633,0.4,0.37998755073411794,0.2896421502234571,0.23068168105291575,0.5652493616501996,0.49547500013805246,1.3850936026946052,1.3572088082974532,50.0,-0.13503400694162826,0.3340428166221564,0.3041201227242457,0.5994825074765304,0.5810248879370362,1.3850901157545572
01449800,dam,0.630643915657795,0.7339087792530143,0.8054866810692349,0.8750795174905727,1.1317724537480098,2.255341494966317,0.0,0.625666304213109,0.6295002268098913,0.7442269861917432,0.806769655077317,0.8964984443627714,1.1317926264033513,1.1276707474831584,0.02,0.6500648451663986,0.647915483158261,0.7457358271889768,0.8160119718946629,0.8841029110890862,1.1317821682594398,1.6012924614260848,6.0,0.6420549861518949,0.623477951491269,0.7394114591625756,0.8029370653479734,0.8918308184115256,1.1318029421393496,1.1276707474831584,0.25,0.6267697282700926,0.6306050605081138,0.7394048624764409,0.806364522138272,0.885739170225747,1.1317557975706651,3.1800315079025068,-0.25,0.6288491640944014,0.6157930545302484,0.737308571693655,0.7905722142276931,0.8603834078518536,1.0751930598464676,1.6012924614260848,0.05,0.6288547445009678,0.6232911561536304,0.7318215198978366,0.8014478660570372,0.8769846849785327,1.1317724537480098,2.255341494966317,20.0,0.625666304213109,0.23073944047527772,0.61087688360673,0.6356283347430346,1.0355604281766972,1.1318542574866899
01470960,dam,0.557602926982534,0.6694504815104232,0.7520718905301048,0.7992941538016759,1.0866706409932994,0.3812699412948386,0.0,0.5887231760990832,0.557602926982534,0.6694504815104232,0.7520718905301048,0.7992941538016759,1.0866706409932994,0.3812699412948386,0.05,0.5887231760990832,0.5496214128672324,0.665000326168143,0.7470110467144112,0.7982364231496086,1.0866765829936147,0.2707016583193354,8.0,0.5960755461099636,0.5665082822677812,0.6847171156281473,0.7586981709284282,0.8164998930214397,1.0866281432526748,1.5250797651793544,-0.75,0.5938556692987358,0.5607212819558176,0.6724178727703279,0.7541554534253054,0.8016047089461092,1.086659203131819,0.5375906172257224,-0.25,0.589803181938034,0.557602926982534,0.6694504815104232,0.7520718905301048,0.7992941538016759,1.0866706409932994,0.3812699412948386,0.0,0.5887231760990832,0.557602926982534,0.6694504815104232,0.7520718905301048,0.7992941538016759,1.0866706409932994,0.3812699412948386,5.0,0.5887231760990832,0.5448023122949284,0.6695504547098236,0.7447748795245777,0.8088431478194237,1.0866954308207983
01518000,dam,0.6559297361984449,0.6729577448808012,0.814178181432105,0.7313447111195697,0.9841499484498015,1.0528435700809526,0.0,0.6357624083681386,0.7132153716358863,0.7222380589144031,0.848417152459187,0.7677864135957555,0.9841511345410557,0.5264217850404763,0.02,0.6571386409777789,0.7646596346730712,0.7358092435934671,0.882508775994629,0.7639037878886361,0.9841523920088355,0.26321089252023816,8.0,0.7131775538042244,0.6569631377231848,0.6678625163524645,0.8157561795943606,0.7241043444716323,0.9841535509774699,0.26321089252023816,0.75,0.6616375076357733,0.6567975446462906,0.6684383460117473,0.8155361428513049,0.7249453054465699,0.9841528928390427,0.5264217850404763,0.25,0.64610434857556,0.6559297361984449,0.6729577448808012,0.814178181432105,0.7313447111195697,0.9841499484498015,1.0528435700809526,0.0,0.6357624083681386,0.6559297361984449,0.6729577448808012,0.814178181432105,0.7313447111195697,0.9841499484498015,1.0528435700809526,50.0,0.6357624083681386,0.5584584059631189,0.7266251446948311,0.7568242182096235,0.8761119003838763,0.9841541981185358
01520000,dam,0.5906384211519091,0.6857015447118503,0.7687550051332245,0.7871880484273561,1.004510500351922,0.8167347399191549,0.0,0.6812234985464021,0.6267621475121882,0.695755018992166,0.791803959346724,0.7781913606025861,1.004510500351922,0.8167347399191549,0.02,0.6819535289555945,0.7188050469599503,0.7269773476567041,0.8516731616675476,0.7708272836836493,1.0045148442998801,0.20418368497978873,8.0,0.7480088319267018,0.6401186708715019,0.6879904498033866,0.8011563070496877,0.7596029290409554,1.0045159120991134,0.20418368497978873,0.75,0.6955420098524898,0.5975995560744303,0.6826322744824649,0.7730664915449824,0.7781823516404823,1.0045151762671372,0.40836736995957745,0.25,0.6905611274218254,0.5906384211519091,0.6857015447118503,0.7687550051332245,0.7871880484273561,1.004510500351922,0.8167347399191549,0.0,0.6812234985464021,0.5906384211519091,0.6857015447118503,0.7687550051332245,0.7871880484273561,1.004510500351922,0.8167347399191549,20.0,0.6812234985464021,0.47545857464865293,0.6965683810346577,0.7139282949693213,0.8989389957793266,1.004516679607645
01534300,dam,0.5642714648159892,0.6485044959523316,0.7516992516552118,0.7541027169328084,0.9621799799403007,1.0528435700809526,0.0,0.6598712287929652,0.5783802848071484,0.6532668943718221,0.7610814978841489,0.7515821222859288,0.9621799799403007,1.0528435700809526,0.02,0.6598712287929652,0.5713937280187896,0.6447222925292643,0.7565208142914231,0.744051212866648,0.9621799799403007,1.0528435700809526,8.0,0.659980386639873,0.583042315934319,0.6548193912619105,0.7641958505253534,0.7507623725720891,0.9622288362180548,0.26321089252023816,0.75,0.6649822500257974,0.5624446675604895,0.6520040125525413,0.7505436924182551,0.7603317733591748,0.9621595583263641,1.4845094338141431,-0.25,0.6618775403382543,0.5642714648159892,0.6485044959523316,0.7516992516552118,0.7541027169328084,0.9621799799403007,1.0528435700809526,0.0,0.6598712287929652,0.5458391781849634,0.6424207082297972,0.7395611130920201,0.7579169932198953,0.9621799799403007,1.0528435700809526,10.0,0.6598712287929652,0.4947285815554001,0.6425256244409316,0.7091965738890113,0.7955615666099639,0.9622346256938406
01541200,dam,0.72994621749278,0.7682743473586873,0.855283470362709,0.8206089455584324,1.0239322737767214,0.8167347399191549,0.0,0.7542064422722708,0.7757483886394377,0.7824047246485396,0.8834072553641112,0.8178440262456234,1.0239381908076437,0.40836736995957745,0.02,0.8028502776279017,0.7272593805350295,0.7485271930631214,0.8550557013314015,0.7959007180062798,1.0239417209454256,0.20418368497978873,4.0,0.7811671792962308,0.7327276712873318,0.7687340213745528,0.8570139143343076,0.8198178239914443,1.0239440101990234,0.20418368497978873,0.75,0.766614297455469,0.7314762091981164,0.7650950134286797,0.8564495290551007,0.8156079784549914,1.0239415412643988,0.40836736995957745,0.25,0.7634266604544324,0.72994621749278,0.7682743473586873,0.855283470362709,0.8206089455584324,1.0239322737767214,0.8167347399191549,0.0,0.7542064422722708,0.72994621749278,0.7682743473586873,0.855283470362709,0.8206089455584324,1.0239322737767214,0.8167347399191549,20.0,0.7542064422722708,0.6923920871157212,0.8141770700945383,0.8361181861650373,0.9157413824437769,1.0239457248862278
01547500,dam,0.4698877125963764,0.5492272873384736,0.6877874984687949,0.6798273997915987,0.9433528602341692,2.907335362699394,0.0,0.48664697955786007,0.4780642229834965,0.55105335220255,0.6938773187911921,0.6765296023212501,0.9433528602341692,2.907335362699394,0.02,0.48664697955786007,0.5833374087303937,0.6411987268060415,0.7665017870880508,0.7335258932196899,0.9433564776151094,0.7268338406748485,4.0,0.5174330062066379,0.48582667183573847,0.5877639330056657,0.6996363676096505,0.723392133276154,0.9433576895358656,0.7268338406748485,1.0,0.568718676123287,0.44830848954769564,0.547253644440479,0.6721886756346531,0.6928998420824862,0.9433564558197172,1.453667681349697,0.25,0.49220113267034105,0.4698877125963764,0.5492272873384736,0.6877874984687949,0.6798273997915987,0.9433528602341692,2.907335362699394,0.0,0.48664697955786007,0.4698877125963764,0.5492272873384736,0.6877874984687949,0.6798273997915987,0.9433528602341692,2.907335362699394,50.0,0.48664697955786007,0.24878010492285363,0.5596413473716837,0.581505500505667,0.875220710880308,0.9433587972903279
01563200,dam,0.6543030394872341,0.7647180800014797,0.8117900488808796,0.8694020033522631,0.9463459279315527,0.2957670210385463,0.0,0.7367838400100053,0.700349550008856,0.777625742886854,0.8379225815803504,0.8575132946007971,0.9463459279315527,0.2957670210385463,0.05,0.7371862475378106,0.7694021338085484,0.8013567241451254,0.8783241333805424,0.8524352399001113,0.9463457727534723,0.07394175525963657,8.0,0.7466496423767324,0.6678884321511434,0.7735623675812295,0.8198603201076237,0.8737268001424358,0.9463457727534723,0.07394175525963657,0.5,0.7410720448249397,0.6558019250886573,0.7570923402443589,0.8118691711489644,0.8560133815163277,0.9463457727534723,0.14788351051927315,0.25,0.7376210728729609,0.6543030394872341,0.7647180800014797,0.8117900488808796,0.8694020033522631,0.9463459279315527,0.2957670210385463,0.0,0.7367838400100053,0.6543030394872341,0.7647180800014797,0.8117900488808796,0.8694020033522631,0.9463459279315527,0.2957670210385463,20.0,0.7367838400100053,0.6252628555621035,0.776392543359438,0.8000040658657535,0.9156013402277676,0.9463456691060086
01574500,dam,0.6222547410955348,0.7210240607269871,0.792642852122329,0.8272843008646263,1.070709795569472,0.012499999999999975,0.0,0.6916677556458192,0.6213178580393658,0.7201911268704527,0.7920498815405278,0.8266509921423199,1.070709795569472,0.012499999999999975,0.02,0.6916677556458192,0.6200539932576482,0.7192368383766725,0.7912602605781903,0.8260580587628009,1.070709795569472,0.012499999999999975,16.0,0.6916677556458192,0.6215723095828856,0.7214398873709573,0.7922781540132136,0.8283969090294373,1.0707089118647395,0.0499999999999999,-0.75,0.6924432558790612,0.6224230024983739,0.7218136088528466,0.7927903771164151,0.8283811110880621,1.0707021737470037,0.0999999999999998,-0.75,0.6925190437684889,0.6222547410955348,0.7210240607269871,0.792642852122329,0.8272843008646263,1.070709795569472,0.012499999999999975,0.0,0.6916677556458192,0.622868514187549,0.7215914038486592,0.7930325066722355,0.8277329749281493,1.070709795569472,0.012499999999999975,0.5,0.6920447260132139,0.6289702771393167,0.7276308770975003,0.7969244238756064,0.8328339263120385,1.0707160045546524
01591610,dam,0.2007705265850871,0.47329862406093626,0.5253698346102552,0.7879537737235546,1.0847168427181102,2.907335362699394,0.0,0.33131080638885746,0.2007705265850871,0.47329862406093626,0.5253698346102552,0.7879537737235546,1.0847168427181102,2.907335362699394,0.02,0.33131080638885746,0.20239781066422635,0.47327466541494,0.5259521391919134,0.7865960161644227,1.0847168427181102,2.907335362699394,12.0,0.33131080638885746,0.2082601763016868,0.4806543652200954,0.5315585158943893,0.7923509816428224,1.084642480523525,5.814670725398788,-0.25,0.33482800028435844,0.19547736458472642,0.4919837264046705,0.5327975965717857,0.819348698303488,1.0846614178002032,5.814670725398788,-0.75,0.3469170744638137,0.2007705265850871,0.47329862406093626,0.5253698346102552,0.7879537737235546,1.0847168427181102,2.907335362699394,0.0,0.33131080638885746,0.19974148394970137,0.47826801362115645,0.5273822241101509,0.7958927730735113,1.08471684271811,2.907335362699394,20.0,0.3320775430903291,-0.08306675431862409,0.45260070859741663,0.4593002719025753,0.9956291751968154,1.0852683068552504
01592500,dam,0.21498609382823675,0.2597287471790286,0.6038548751037329,0.8084923295182128,1.5953111622678435,1.3572088082974532,0.0,0.4314189125257958,0.23641503409542108,0.26137152239316697,0.6139211163625912,0.7947690480936435,1.5953111622678435,1.3572088082974532,0.02,0.4314189125257958,0.21233422374275823,0.24309173097383852,0.5929163792864602,0.7702225564894497,1.5953111622678435,1.3572088082974532,12.0,0.4314189125257958,0.2156625980781145,0.26857575269930756,0.6101205171758434,0.8310234735084598,1.5953338155245396,1.9136644196994088,-0.25,0.43197321004483313,0.23981490375109493,0.2729465949944202,0.6224726000942592,0.8221336580789721,1.5953513924248859,2.7144176165949063,-0.5,0.4361513265082003,0.319145342603141,0.38233540267359745,0.6038548751037326,0.6872184800904809,1.3560144879276668,1.3572088082974532,0.15,0.4482729978343484,0.25533931643432095,0.2712580831915653,0.6279375721275999,0.8045173100179572,1.5953325532815346,1.9136644196994088,20.0,0.4326365948169555,0.1279067822933091,0.268173603540133,0.5841102647513166,0.9089547226789579,1.595244790105507
01597500,dam,0.6116483665976082,0.7824487255512446,0.798167968366067,0.9506128949164245,1.0644461160370478,0.6335752569011934,0.0,0.7332611693885285,0.6116483665976082,0.7824487255512446,0.798167968366067,0.9506128949164245,1.0644461160370478,0.6335752569011934,0.05,0.7332611693885285,0.6053728831295639,0.7788441346840371,0.7946347132508665,0.9491894313175117,1.0644461160370478,0.6335752569011934,16.0,0.7332611693885285,0.6134265196315729,0.7845184440472596,0.799625705933949,0.9538659435099528,1.0644522463931154,1.2671505138023869,-0.25,0.7395869069554508,0.6116033315510637,0.7873080276376223,0.8004455592280835,0.9645284123481539,1.0644799716583646,2.5343010276047737,-0.75,0.75114036145516,0.6116483665976082,0.7824487255512446,0.798167968366067,0.9506128949164245,1.0644461160370478,0.6335752569011934,0.0,0.7332611693885285,0.6170805271611404,0.7759906982229484,0.7977261363235749,0.9285012690493392,1.064446744126435,0.8933411122306827,20.0,0.7351381906267729,0.45175208785936616,0.7274618778902473,0.7382205334981204,1.0399373828582967,1.0644479974206464
02011800,dam,0.5526251887548503,0.7037126029301708,0.7495937823818853,0.8438071730133031,1.0262058893859345,1.7495626146803187,0.0,0.6138385234894573,0.5546177616092561,0.7043695725355962,0.7507143530751333,0.8432605115437434,1.0262058893859345,1.7495626146803187,0.75,0.6160398684231323,0.5526251887548503,0.7037126029301708,0.7495937823818853,0.8438071730133031,1.0262058893859345,1.7495626146803187,12.0,0.6153597734251102,0.5399891754451993,0.716158246136299,0.7463399213304963,0.8753549072259917,1.0261974535625482,6.998250458721275,-0.5,0.6239645698563269,0.5572210517736623,0.7248690873163299,0.756171388778417,0.875269941733783,1.0262114484302098,3.4991252293606374,-0.5,0.6369647149058824,0.5526251887548503,0.7037126029301708,0.7495937823818853,0.8438071730133031,1.0262058893859345,1.7495626146803187,0.0,0.6138385234894573,0.5526251887548503,0.7037126029301708,0.7495937823818853,0.8438071730133031,1.0262058893859345,1.7495626146803187,50.0,0.6138385234894573,0.07193413156890971,0.559189718869098,0.5640650195044138,1.0598930771167518,1.0262148058261846
02041650,dam,0.8286569067572129,0.8385818688174838,0.9139805148913079,0.9379993620456213,1.1217061302866111,1.0528435700809526,0.0,0.8400404790977029,0.8433651613446089,0.8463793582062081,0.922040638986374,0.9479066796134178,1.1216878202063976,0.26321089252023816,0.1,0.8688315133189248,0.8436043896668143,0.8467956832532233,0.9221946351070619,0.9489122100973345,1.1216878202063976,0.26321089252023816,8.0,0.8697541544587849,0.8532072859953129,0.8474910894009571,0.9271531445317328,0.9439207114000242,1.1216857298561047,0.26321089252023816,0.5,0.8706779372068136,0.8436055667826132,0.8397189314186779,0.9218527615477797,0.9309032731116462,1.1216908887352646,0.5264217850404763,0.25,0.8580982192487416,0.8286569067572129,0.8385818688174838,0.9139805148913079,0.9379993620456213,1.1217061302866111,1.0528435700809526,0.0,0.8400404790977029,0.8286569067572129,0.8385818688174838,0.9139805148913079,0.9379993620456213,1.1217061302866111,1.0528435700809526,20.0,0.8400404790977029,0.7701017677510495,0.8343033106719667,0.8919904271288083,1.0313497066406185,1.1216820484541605
04285500,dam,0.7419244460575745,0.8224219229409898,0.862481003069242,0.8944410277778657,0.9615318012048831,0.0499999999999999,0.0,0.7594739397694185,,,,,,,,,0.7426673721096411,0.7990839682676809,0.8623266799432495,0.8588139297484586,0.9615318012048834,0.012499999999999975,6.0,0.7660310464080458,0.7497815338970648,0.819868722896347,0.8666334581140221,0.8851921597719559,0.9615318012048831,0.012499999999999975,1.0,0.7624193954411906,0.7449976318754892,0.8207317307738813,0.8640492915700577,0.8896609094192617,0.9615318012048834,0.02499999999999995,0.25,0.7601964458701923,0.7419244460575745,0.8224219229409898,0.862481003069242,0.8944410277778657,0.9615318012048831,0.0499999999999999,0.0,0.7594739397694185,0.7419244460575745,0.8224219229409898,0.862481003069242,0.8944410277778657,0.9615318012048831,0.0499999999999999,5.0,0.7594739397694185,0.739651202877276,0.8248963408699356,0.8614365852314246,0.9000915898099885,0.9615320769768636
04289000,dam,0.519357976251168,0.49676060757339924,0.7413206653380133,0.5688027382813403,0.9799049907923403,0.3812699412948386,0.0,0.393208306357962,,,,,,,,,0.519357976251168,0.49676060757339924,0.7413206653380133,0.5688027382813403,0.9799049907923403,0.3812699412948386,6.0,0.393208306357962,0.5193766990236763,0.49556588515360633,0.7418621202189954,0.5670856663709044,0.9799054489597709,0.2707016583193354,0.25,0.39376083587832966,0.5159032378873623,0.4913758408405704,0.7399531774983441,0.5633417646033945,0.9799059499415463,0.2707016583193354,0.25,0.3944416058741552,0.519357976251168,0.49676060757339924,0.7413206653380133,0.5688027382813403,0.9799049907923403,0.3812699412948386,0.0,0.393208306357962,0.5192566257289893,0.49686647995911504,0.7411660433583065,0.5690191274744533,0.9799049907923403,0.3812699412948386,5.0,0.393208306357962,0.5168010516190132,0.5014363795396242,0.7366776374113716,0.5771249847000736,0.979906756300001
04292500,dam,0.8039548465109088,0.8762592827375183,0.898244496917388,0.940882315344,1.0382450266302916,0.012499999999999975,0.0,0.8238556516649247,0.8034959119182086,0.8759558949758898,0.8979915373185476,0.9406827894229043,1.0382450266302916,0.012499999999999975,0.1,0.8238556516649247,0.8021412217707147,0.8748617501723123,0.8972271367743143,0.9397120402370458,1.0382450266302916,0.012499999999999975,12.0,0.8238556516649247,0.8039549228915182,0.8762593795902305,0.8982445430924294,0.9408824385907664,1.0382450266302916,0.012499999999999975,-0.5,0.8238556516649247,0.8039953027340259,0.876328253327119,0.898270507273776,0.9409818845938793,1.038244911932128,0.03549999999999993,-0.75,0.8238603275032623,0.8039548465109088,0.8762592827375183,0.898244496917388,0.940882315344,1.0382450266302916,0.012499999999999975,0.0,0.8238556516649247,0.8040205223813434,0.8763249408695197,0.8982826507292013,0.9409540937380209,1.0382450266302916,0.012499999999999975,0.5,0.8238556516649247,0.8110487757862295,0.8813853410435062,0.9021868857231048,0.9448710984332968,1.0382470418054668
02072000,dam,0.3463503915295505,0.525547636330574,0.6428129478707648,0.7763783661739395,1.2179812378799966,2.255341494966317,0.0,0.4974889546897384,0.3463503915295505,0.525547636330574,0.6428129478707648,0.7763783661739395,1.2179812378799966,2.255341494966317,0.05,0.4974889546897384,0.3463503915295505,0.525547636330574,0.6428129478707648,0.7763783661739395,1.2179812378799966,2.255341494966317,8.0,0.4974889546897384,0.3354186535862683,0.5201502053391446,0.6357094778133353,0.7762103047649047,1.2178678801191571,9.021365979865267,-0.5,0.5107703114750097,0.3430787202434379,0.5425769329859751,0.6466082943368885,0.8079840083635599,1.2178991132632448,4.510682989932634,-0.75,0.5335255773726819,0.37877650561542753,0.5297527845631995,0.6428129478707653,0.7375594478652426,1.1570821759859966,2.255341494966317,0.05,0.4995231836283116,0.3463503915295505,0.525547636330574,0.6428129478707648,0.7763783661739395,1.2179812378799966,2.255341494966317,20.0,0.4974889546897384,-0.0007202900037159843,0.4388779931318034,0.4885802701026987,0.9247841459650202,1.2182895823564477
02077303,dam,0.6556187954347836,0.5298117555756023,0.8457980345424535,1.0316481343798496,1.4430543246986782,0.2957670210385463,0.0,0.7075487241651772,0.6250198806192064,0.5240302178486882,0.8261778405886996,1.0059963142477664,1.4430543246986782,0.2957670210385463,0.05,0.7080315030193843,0.62586422543327,0.5242588168124434,0.8268624308771483,1.0074780281307443,1.4430543246986782,0.2957670210385463,32.0,0.7077912681995802,0.6465150753013533,0.5267042823460215,0.8491742301402637,1.0713989297818247,1.4429024907604635,1.1830680841541852,-0.5,0.7170582507973398,0.6488348797786886,0.5273130477215571,0.8495071421380245,1.067739132933771,1.4429404750710857,0.5915340420770926,-0.5,0.716911931332677,0.6556187954347836,0.5298117555756023,0.8457980345424535,1.0316481343798496,1.4430543246986782,0.2957670210385463,0.0,0.7075487241651772,0.6463002136151221,0.5280320509597807,0.844005129067866,1.0460674562993895,1.4430543246986782,0.2957670210385463,10.0,0.7075487241651772,0.5965361005464973,0.5157434240524061,0.8328025719539662,1.1007497414168546,1.4431692013302775
02082506,dam,0.6810919503913623,0.8012432604468084,0.8286323542830161,0.9018713114691997,1.0225417835687132,0.0644544378132592,0.0,0.8006771831738695,0.6810919503913623,0.8012432604468084,0.8286323542830161,0.9018713114691997,1.0225417835687132,0.0644544378132592,inf,0.8006771831738695,0.5919024041497191,0.6988387865477419,0.7703171461756435,0.8065168453309769,1.0225417835687132,0.0161136094533148,8.0,0.8137629157343537,0.6905090109005501,0.8016686770492919,0.8333478012789295,0.894860919167266,1.0225417835687132,0.0161136094533148,0.75,0.809883277215664,0.6833507067548872,0.8017665748461337,0.8298067999094342,0.9008908002014574,1.0225417835687132,0.0161136094533148,0.25,0.8028054228052048,0.6810919503913623,0.8012432604468084,0.8286323542830161,0.9018713114691997,1.0225417835687132,0.0644544378132592,0.0,0.8006771831738695,0.6810919503913623,0.8012432604468084,0.8286323542830161,0.9018713114691997,1.0225417835687132,0.0644544378132592,10.0,0.8006771831738695,0.6578053138950839,0.8030214674958456,0.8184079913490679,0.9270846158586993,1.0225439884922032
02085500,dam,0.7501648868025219,0.6618870559700039,0.8912185496788234,0.6813847220599156,1.0311651030772475,0.012499999999999975,0.0,0.7752696908460593,0.7138395580231628,0.6422942968065725,0.8680764876429486,0.6689738781687041,1.0311651030772475,0.012499999999999975,0.2,0.7752696908460593,0.7501648868025219,0.6618870559700039,0.8912185496788234,0.6813847220599156,1.0311651030772475,0.012499999999999975,inf,0.7752696908460593,0.7337412697536192,0.6471082824165699,0.8831054219095871,0.6684928985644014,1.0311651030772475,0.012499999999999975,0.5,0.7753780080460098,0.7501648868025219,0.6618870559700039,0.8912185496788234,0.6813847220599156,1.0311651030772475,0.012499999999999975,0.0,0.7752696908460593,0.7501648868025219,0.6618870559700039,0.8912185496788234,0.6813847220599156,1.0311651030772475,0.012499999999999975,0.0,0.7752696908460593,0.7611598674507358,0.6713648402865645,0.8967499021407974,0.6895660749175038,1.0311651030772475,0.012499999999999975,0.5,0.7809214267811453,0.7662986462509235,0.6780532784258819,0.8985407504906847,0.6960526878517576,1.0311728031974678
02094500,dam,0.6903562521317907,0.5671126177892566,0.8393088143323387,0.8265980399660713,1.3626314779254323,0.02499999999999995,0.0,0.7147261400838477,0.6900667799718128,0.5644992055423486,0.83925598256906,0.8202203736486695,1.3626314779254323,0.02499999999999995,0.05,0.7148703568304526,0.684938227199139,0.5611973745932397,0.8362487515890885,0.8149819362187833,1.3626314779254323,0.02499999999999995,32.0,0.7150560573186494,0.6903562521317907,0.5671126177892566,0.8393088143323387,0.8265980399660713,1.3626314779254323,0.02499999999999995,0.0,0.7147261400838477,0.6903562521317907,0.5671126177892566,0.8393088143323387,0.8265980399660713,1.3626314779254323,0.02499999999999995,0.0,0.7147261400838477,0.6903562521317907,0.5671126177892566,0.8393088143323387,0.8265980399660713,1.3626314779254323,0.02499999999999995,0.0,0.7147261400838477,0.6890915818794547,0.5678894827284727,0.8385093159613053,0.8292994747430517,1.3626314779254323,0.02499999999999995,0.5,0.7149516470510573,0.6932140597450146,0.5708518825711433,0.8409395583753037,0.8347182453484374,1.3626979792915712
02105769,dam,0.8085048724841943,0.8769330068357505,0.8998078837273341,0.9304948135436953,1.0166148637962629,1.7495626146803187,0.0,0.84061062384037,0.8437603144691666,0.8692902433109172,0.9188959584786054,0.898850994845986,1.0166148637962626,1.7495626146803187,0.5,0.8431859786054045,0.8437041067042519,0.8695628392284998,0.9188562166786289,0.8992354941487022,1.0166148637962629,1.7495626146803187,6.0,0.8432218189606505,0.8493630709472032,0.8973159134581691,0.9218232472435671,0.9355259725211376,1.016598696877908,0.4373906536700797,0.75,0.8663772895060482,0.8176588153313482,0.880170381067556,0.9046938650756056,0.9292874078222578,1.016601431467563,0.8747813073401594,0.25,0.8504680095000126,0.8085048724841943,0.8769330068357505,0.8998078837273341,0.9304948135436953,1.0166148637962629,1.7495626146803187,0.0,0.84061062384037,0.8085048724841943,0.8769330068357505,0.8998078837273341,0.9304948135436953,1.0166148637962629,1.7495626146803187,50.0,0.84061062384037,0.5403758377783301,0.774386769584395,0.791508894963297,1.0846016328219836,1.016593751323725
02197000,dam,0.5377742900322762,0.689658331442355,0.8200325420624283,0.9815716936851291,1.2521588048294108,6.227928126848629,0.0,0.6133257050364436,0.5388659308241159,0.6898240099415476,0.8204242382498806,0.9805673535613729,1.2521588048294108,6.227928126848629,1.5,0.6133257050364436,0.5418277213466383,0.6902401957290385,0.8214765110761295,0.9777191249849525,1.2521588048294108,6.227928126848629,4.0,0.6134831555028317,0.5377742900322762,0.689658331442355,0.8200325420624283,0.9815716936851291,1.2521588048294108,6.227928126848629,0.0,0.6133257050364436,0.5353379017914983,0.6912750808330499,0.8215069406739505,0.9980981712623432,1.251888242152189,1.5569820317121572,0.5,0.6228263808952605,0.6298789141681722,0.7557777527791514,0.8154091667300193,0.9024894413846999,1.1267376079497622,4.421828970062526,0.1,0.647093436414361,0.5377742900322762,0.689658331442355,0.8200325420624283,0.9815716936851291,1.2521588048294108,6.227928126848629,50.0,0.6133257050364436,0.19784153948592265,0.5829382475625066,0.7185463126163456,1.1770819903787701,1.2517266292784106
02294491,dam,0.6421260796139772,0.6711279305184755,0.8231396314307903,0.9723298298531624,1.2758833264238145,2.255341494966317,0.0,0.6183519015861774,0.515947154908686,0.5848027898213932,0.7347027593819946,0.8382134747739876,1.2753746860476887,1.6012924614260848,0.5,0.6259455028011554,0.48906005451500045,0.5646900345172954,0.7160000311856732,0.8183203825460412,1.2753748361121584,1.6012924614260848,8.0,0.6268156452160671,0.6552988984142329,0.6741924952249303,0.8292096466536426,0.9675791031935348,1.2755541159588222,1.1276707474831584,0.25,0.6223818437457611,0.6610534205458658,0.6735597251648044,0.8307603178909639,0.9570171846196148,1.2758145402550165,1.1276707474831584,0.25,0.6206504415135348,0.6421260796139772,0.6711279305184755,0.8231396314307903,0.9723298298531624,1.2758833264238145,2.255341494966317,0.0,0.6183519015861774,0.6046857652931448,0.6624814188784787,0.8061376133547618,0.9850147456535375,1.2758833264238145,2.255341494966317,50.0,0.6183519015861774,0.45273682781341495,0.6231653245024469,0.7452055260342055,1.0445285401182183,1.2740462694670016
02334430,dam,0.2069765681586906,0.3703968948698986,0.634055124325287,0.6511443935624378,1.3752121850552899,13.341112707816194,0.0,0.24371712765249554,0.2069765681586906,0.3703968948698986,0.634055124325287,0.6511443935624378,1.3752121850552899,13.341112707816194,0.5,0.24371712765249554,0.2069765681586906,0.3703968948698986,0.634055124325287,0.6511443935624378,1.3752121850552899,13.341112707816194,3.0,0.24371712765249554,0.2069765681586906,0.3703968948698986,0.634055124325287,0.6511443935624378,1.3752121850552899,13.341112707816194,0.0,0.24371712765249554,0.2241692113789766,0.3764358114632551,0.6472888317339953,0.6484275854633882,1.375265194686126,26.682225415632388,-0.75,0.25760424826951844,0.35605436890045394,0.3984688566176232,0.634055124325287,0.5534727345280721,1.1689303572969962,13.341112707816194,0.15,0.2962801346629891,0.22218860142253583,0.3780927709184524,0.6457527906452022,0.6528785047936941,1.3752121850552899,13.341112707816194,50.0,0.24371712765249554,0.05215274358261357,0.3900976459085739,0.5580016884993767,0.8112829704695891,1.3755053354109357
02343801,dam,0.731121386429376,0.7404413712749833,0.897856012104809,1.0723339811720727,1.2273875164785357,0.2957670210385463,0.0,0.7590672052169443,0.731121386429376,0.7404413712749833,0.897856012104809,1.0723339811720727,1.2273875164785357,0.2957670210385463,inf,0.7590672052169443,0.731121386429376,0.7404413712749833,0.897856012104809,1.0723339811720727,1.2273875164785357,0.2957670210385463,24.0,0.7590672052169443,0.7394622437502893,0.7417524242006314,0.9018837327081549,1.0731992430692237,1.2273914671069663,0.14788351051927315,0.25,0.7625529591031941,0.7377733270441743,0.7391720270376354,0.9026585126483339,1.0827586068440187,1.2273914671069663,0.07394175525963657,0.25,0.7617955865873691,0.7677732770141874,0.8041792811287279,0.8978560121048085,1.018717282113469,1.166018140654609,0.2957670210385463,0.05,0.7688226534416225,0.731121386429376,0.7404413712749833,0.897856012104809,1.0723339811720727,1.2273875164785357,0.2957670210385463,20.0,0.7590672052169443,0.6908987496097054,0.7127103551982399,0.8922887164591812,1.138653890634258,1.2273955101146328
02382500,dam,0.5234641544761344,0.6673098055802268,0.7930941398235084,0.8979432849707455,1.2397022265335267,4.831264020091606,0.0,0.731307776068957,0.5234641544761344,0.6673098055802268,0.7930941398235084,0.8979432849707455,1.2397022265335267,4.831264020091606,0.1,0.731307776068957,0.5234641544761344,0.6673098055802268,0.7930941398235084,0.8979432849707455,1.2397022265335267,4.831264020091606,6.0,0.731307776068957,0.5358238346517907,0.6768866981571978,0.8016483886716369,0.9126514798080407,1.2396436523913676,2.415632010045803,0.5,0.7489212177702189,0.5234641544761344,0.6673098055802268,0.7930941398235084,0.8979432849707455,1.2397022265335267,4.831264020091606,0.0,0.731307776068957,0.5734363473050251,0.6901793250158885,0.7930941398235087,0.8530461207222081,1.1777171152068502,4.831264020091606,0.05,0.738818343649737,0.5234641544761344,0.6673098055802268,0.7930941398235084,0.8979432849707455,1.2397022265335267,4.831264020091606,50.0,0.731307776068957,0.18101076967097895,0.57628443412947,0.6530164501414777,1.0415448465071093,1.2396065996947134
02394000,dam,0.2971775738141942,0.3606604360277217,0.6231489852095335,0.5869230695160937,1.31000941955633,13.341112707816194,0.0,0.3738402577222647,0.30126040673869925,0.38358725690641937,0.6253587187356695,0.6211408768188554,1.3099586182108633,9.472190022549498,0.02,0.3928955874461594,0.30184286365479684,0.38379605345519097,0.625828532220027,0.6210162649484932,1.3099586182108633,9.472190022549498,3.0,0.3925292582432598,0.331812687084976,0.43546935517277097,0.6501074250013754,0.6833400295653248,1.3098330163720282,3.3352781769540485,0.75,0.39378610144406423,0.2971775738141942,0.3606604360277217,0.6231489852095335,0.5869230695160937,1.31000941955633,13.341112707816194,0.0,0.3738402577222647,0.3493554169894145,0.3702167549132387,0.6231489852095335,0.5282307625644843,1.179008477600697,13.341112707816194,0.1,0.38533494645419497,0.2971775738141942,0.3606604360277217,0.6231489852095335,0.5869230695160937,1.31000941955633,13.341112707816194,50.0,0.3738402577222647,-0.14197346780858977,0.2988569041587127,0.3908001224992581,0.8435411483102011,1.309835081659413
02462500,dam,0.7436513787951036,0.8020205542151393,0.8657153533016181,0.9010230300408213,1.1066163872585786,0.012499999999999975,0.0,0.8193974122211589,0.7436513787951036,0.8020205542151393,0.8657153533016181,0.9010230300408213,1.1066163872585786,0.012499999999999975,0.2,0.8194605159822486,0.742966859935705,0.8010221789489732,0.8652809789041704,0.8996211945024017,1.1066163872585786,0.012499999999999975,16.0,0.8203210443857867,0.7416146380584334,0.7959304090886941,0.8642364881640391,0.891162447856434,1.1066163872585786,0.02499999999999995,1.0,0.8207010551537537,0.7423609918206241,0.7997276791589293,0.8648691741788633,0.897620273609004,1.1066163872585786,0.012499999999999975,0.5,0.8202467857528357,0.748311833204339,0.7965136968124478,0.8657153533016181,0.8559718785387801,1.0512855678956494,0.012499999999999975,0.05,0.8261726726907046,0.7436513787951036,0.8020205542151393,0.8657153533016181,0.9010230300408213,1.1066163872585786,0.012499999999999975,2.0,0.8193974122211589,0.7514207770577485,0.8075540972719668,0.8702132574963122,0.9060645341971555,1.1066159238176534
02466030,dam,0.7948697997480938,0.867760764067143,0.8927906891532403,0.9309889523468831,1.0350835358777861,0.6335752569011934,0.0,0.8781404413290798,0.7969644822170441,0.8681085196520649,0.8938761484744744,0.9299840287072297,1.0350835358777861,0.6335752569011934,2.0,0.8815499442190435,0.7962708697938365,0.8680017852896116,0.8935168343740271,0.9303292770576226,1.0350835358777861,0.6335752569011934,12.0,0.8815444456805233,0.8178713193702454,0.8823482507892894,0.9054150996467486,0.9394600826753404,1.0350791836824753,0.15839381422529836,0.5,0.8874669356949848,0.8082519352739592,0.868052443809208,0.8997132771081471,0.9217560462110392,1.0350801153334177,0.3167876284505967,0.25,0.8834141002104667,0.7948697997480938,0.867760764067143,0.8927906891532403,0.9309889523468831,1.0350835358777861,0.6335752569011934,0.0,0.8781404413290798,0.7948697997480938,0.867760764067143,0.8927906891532403,0.9309889523468831,1.0350835358777861,0.6335752569011934,20.0,0.8781404413290798,0.7781830451651752,0.8844057705282556,0.8899375905479581,1.0042169484858698,1.0350786153980582
04034500,dam,0.18551128509697357,0.09414350549613937,0.6368070942914887,0.2022060564830253,0.7715449156497814,0.012499999999999975,0.0,0.07659813764348844,0.18551128509697357,0.09414350549613937,0.6368070942914887,0.2022060564830253,0.7715449156497814,0.012499999999999975,0.05,0.07659813764348844,0.18130088588644444,0.08989333948774303,0.6337130171589033,0.1987907550805014,0.7715449156497814,0.012499999999999975,4.0,0.07659813764348844,0.18551043968213365,0.09414253183286425,0.6368203704158019,0.20219890716808828,0.7715449156497814,0.02499999999999995,-0.75,0.07660337503921488,0.18551080720096247,0.0941429398913265,0.6368162807742235,0.20220122796749693,0.7715449304972825,0.03549999999999993,-0.75,0.07660428491436455,0.14294631192866558,0.05424416348926009,0.6368070942914892,0.18198545083472278,0.6943904240848033,0.012499999999999975,0.1,0.11633475053292952,0.18551128509697357,0.09414350549613937,0.6368070942914887,0.2022060564830253,0.7715449156497814,0.012499999999999975,0.5,0.07659813764348844,0.1850786586721327,0.09371929573373361,0.6351474405232467,0.20248106934057333,0.7715467662551774
04062500,dam,0.5273833706498321,0.642217563106914,0.7309036509299488,0.7694902336743207,1.0496051881843518,2.255341494966317,0.0,0.38437408836990805,0.5273833706498321,0.642217563106914,0.7309036509299488,0.7694902336743207,1.0496051881843518,2.255341494966317,0.3,0.38437408836990805,0.5273833706498321,0.642217563106914,0.7309036509299488,0.7694902336743207,1.0496051881843518,2.255341494966317,8.0,0.38437408836990805,0.5269160937218691,0.6444315474684825,0.7308657964376722,0.7731050301191627,1.050143569391333,2.255341494966317,-0.5,0.39201011531900265,0.5184583463413183,0.631994281987181,0.7246605597766679,0.7609376591573315,1.049654791696838,3.1800315079025068,-0.25,0.3882956680609658,0.5273833706498321,0.642217563106914,0.7309036509299488,0.7694902336743207,1.0496051881843518,2.255341494966317,0.0,0.38437408836990805,0.5191328133493578,0.6365965493067903,0.7254138857160801,0.7671827774339166,1.0496051881843518,2.255341494966317,20.0,0.3981929037421035,0.3782063551238718,0.546174356586006,0.6297416010394055,0.742566600010997,1.0509360107327308
04063500,dam,0.5999450689001493,0.6312895282982574,0.8591508468188178,0.7535788974498051,0.7646586134811563,0.0499999999999999,0.0,0.2873940933448028,0.5999450689001493,0.6312895282982574,0.8591508468188178,0.7535788974498051,0.7646586134811563,0.0499999999999999,0.2,0.2873940933448028,0.6001266852459957,0.6308635063047958,0.8593794489445988,0.7528117248131437,0.7646586134811563,0.0499999999999999,8.0,0.2873940933448028,0.6031498976933813,0.6331018983503764,0.8610397824581941,0.7552076730978884,0.7646683369695417,0.1999999999999996,-0.75,0.28933047548454405,0.600900221510064,0.6322989343339258,0.859611488426824,0.7548300077045117,0.7646559658965941,0.1999999999999996,-0.75,0.2877087420513682,0.5999450689001493,0.6312895282982574,0.8591508468188178,0.7535788974498051,0.7646586134811563,0.0499999999999999,0.0,0.2873940933448028,0.6004119625565014,0.632008321767036,0.8593375827429566,0.7545690168058655,0.7646373179357457,0.1999999999999996,0.5,0.2878943914363691,0.5999488254378127,0.6317764964936257,0.859032414560074,0.7543599726480406,0.7646754042768275
04170000,dam,0.7785963568031408,0.7444491058968539,0.913794652761363,0.7947162022019225,1.1254330895178042,0.6335752569011934,0.0,0.7351869493203199,0.7775924201565517,0.742851135844663,0.9134397105483194,0.792878309488263,1.1254330895178042,0.6335752569011934,0.1,0.7351869493203199,0.775925679035773,0.7417425040103947,0.9125400427695411,0.7918792894253774,1.1254330895178042,0.6335752569011934,3.0,0.7351869493203199,0.779618532163637,0.7470643040533408,0.9139620077620565,0.7979041902839659,1.1254241359185102,0.8933411122306827,-0.25,0.7354126590355214,0.7785963568031408,0.7444491058968539,0.913794652761363,0.7947162022019225,1.1254330895178042,0.6335752569011934,0.0,0.7351869493203199,0.797885764810649,0.7054748324784853,0.9148464730270143,0.7183485961802142,1.0129010803416307,0.44983843239984733,0.1,0.7737403597302274,0.7785963568031408,0.7444491058968539,0.913794652761363,0.7947162022019225,1.1254330895178042,0.6335752569011934,5.0,0.7351869493203199,0.7754988115735797,0.7534693390242403,0.9100756015871819,0.8077868285468175,1.1254793452770104
04170500,dam,0.6832699679640502,0.6774488824610372,0.8339701048755592,0.7234789402392361,1.003066082090403,1.3572088082974532,0.0,0.6182803806415651,0.6833780532455799,0.676749351388253,0.8341904043649508,0.722531517170199,1.003066082090403,1.3572088082974532,0.1,0.6182803806415651,0.6577315409609797,0.6520769481106157,0.8193814986199844,0.7026483460011103,1.0030660820904032,1.3572088082974532,2.0,0.6214364880128751,0.6754330158200363,0.6492157359165089,0.8342874770661184,0.6908390671456328,1.0029115748490476,5.428835233189813,-0.5,0.6200085398042493,0.6798602771908264,0.6732563775104519,0.8321990578576096,0.719652534543031,1.003088246358707,0.9636182538911917,0.25,0.6182894358891808,0.6832699679640502,0.6774488824610372,0.8339701048755592,0.7234789402392361,1.003066082090403,1.3572088082974532,0.0,0.6182803806415651,0.6832699679640502,0.6774488824610372,0.8339701048755592,0.7234789402392361,1.003066082090403,1.3572088082974532,5.0,0.6182803806415651,0.6600418658281211,0.69395153663359,0.814510334602949,0.7565887817384136,1.0031976216538523
04232482,dam,0.5062881716410501,0.5763480879716518,0.7119649096516173,0.6895848166318215,1.0126151982851788,0.1779852882826546,0.0,0.6585632723416317,,,,,,,,,0.5154594644255224,0.5711419898355977,0.7193358114038593,0.6759820022065655,1.0126151982851788,0.1779852882826546,6.0,0.6585632723416317,0.5062881716410501,0.5763480879716518,0.7119649096516173,0.6895848166318215,1.0126151982851788,0.1779852882826546,0.0,0.6585632723416317,0.5044947361333165,0.5770707218204649,0.7105992635999673,0.6918486656124835,1.0126151982851788,0.04449632207066365,0.25,0.6613963327296428,0.5062881716410501,0.5763480879716518,0.7119649096516173,0.6895848166318215,1.0126151982851788,0.1779852882826546,0.0,0.6585632723416317,0.5062881716410501,0.5763480879716518,0.7119649096516173,0.6895848166318215,1.0126151982851788,0.1779852882826546,20.0,0.6585632723416317,0.5113563111096806,0.5941992803166455,0.7151761462241052,0.7112259815788191,1.0126159700641553
04239000,dam,0.7031451438776223,0.7060473095006753,0.9030935690003221,1.1702290160323465,1.2191789451187216,0.0830874910764661,0.0,0.8220278929611301,0.7038475223683947,0.7063412563334988,0.9033053891025611,1.1698416909119347,1.2191789451187216,0.0830874910764661,0.02,0.8220278929611301,0.7104485544224406,0.7107654280656992,0.9045533009693365,1.162810181692708,1.2191789451187216,0.0830874910764661,8.0,0.8242410544492279,0.7034229951042628,0.704938330294774,0.9037302424083158,1.1724938048717073,1.2191789451187216,0.04154374553823305,0.25,0.8231254367056192,0.7028965504413034,0.704892621064289,0.9034933084550895,1.1724395940786374,1.2191789451187216,0.020771872769116524,0.25,0.8245975216854144,0.804336546212673,0.8965545971512805,0.903304658259557,1.0057549586038819,1.0363021033509137,0.04154374553823305,0.15,0.8664173543465244,0.7031451438776223,0.7060473095006753,0.9030935690003221,1.1702290160323465,1.2191789451187216,0.0830874910764661,10.0,0.8220278929611301,0.6788947835180343,0.6867913560424067,0.9000263342781694,1.200158559534027,1.2191836486993441
04240010,dam,0.7954715917463338,0.8733951188072469,0.9081444796930933,1.069396336620443,0.9473169116827729,0.0644544378132592,0.0,0.8602797577930141,0.7959694066868627,0.8737177623480632,0.9083244606000441,1.0690455735544766,0.9473169116827729,0.0644544378132592,0.02,0.8602797577930141,0.7971993428600892,0.874824401567803,0.9086631853751199,1.0674611661802418,0.9473169116827729,0.04576265084741403,8.0,0.8623740611439061,0.798758401316845,0.8769231584058307,0.9088480831037028,1.0637473857368758,0.9473169116827729,0.0161136094533148,0.75,0.8621399556001548,0.796227263032011,0.8731573803167764,0.9086656788299832,1.0705094614209638,0.9473169116827729,0.0161136094533148,0.25,0.8619932770343782,0.7954715917463338,0.8733951188072469,0.9081444796930933,1.069396336620443,0.9473169116827729,0.0644544378132592,0.0,0.8602797577930141,0.7954715917463338,0.8733951188072469,0.9081444796930933,1.069396336620443,0.9473169116827729,0.0644544378132592,5.0,0.8602797577930141,0.7814253940607476,0.8579457284601392,0.9052499393885378,1.091797164197901,0.94732056642229
04240180,dam,0.6606497468800001,0.7134167149649493,0.8170301927675925,0.8043125941852859,1.1017765597194373,3.7478133267479534,0.0,0.7331062737921952,0.6606497468800001,0.7134167149649493,0.8170301927675925,0.8043125941852859,1.1017765597194373,3.7478133267479534,0.02,0.7331062737921952,0.6606497468800001,0.7134167149649493,0.8170301927675925,0.8043125941852859,1.1017765597194373,3.7478133267479534,12.0,0.7331062737921952,0.6606497468800001,0.7134167149649493,0.8170301927675925,0.8043125941852859,1.1017765597194373,3.7478133267479534,0.0,0.7331062737921952,0.6454995357082753,0.6990019909480836,0.8077685455608008,0.7919964060386082,1.1018890292256833,2.660947461991047,0.25,0.7348060106395815,0.6633208701375102,0.6978279681662982,0.8170301927675928,0.7640969644760216,1.0466877317334653,3.7478133267479534,0.05,0.7342842714766161,0.6606497468800001,0.7134167149649493,0.8170301927675925,0.8043125941852859,1.1017765597194373,3.7478133267479534,50.0,0.7331062737921952,0.6142009979196933,0.7327235702593162,0.7916477317035854,0.8673530739775414,1.1021313625066167
04266500,dam,0.8613039710989588,0.9011091789210012,0.9331278655382013,0.97088808953809,0.9332167027209692,0.0499999999999999,0.0,0.8872277835124582,0.8613039710989588,0.9011091789210012,0.9331278655382013,0.97088808953809,0.9332167027209692,0.0499999999999999,0.75,0.8872277835124582,0.8613039710989588,0.9011091789210012,0.9331278655382013,0.97088808953809,0.9332167027209692,0.0499999999999999,6.0,0.8872277835124582,0.859783312077969,0.895975748611841,0.9319251081695554,0.9584446732210167,0.9332167027211737,0.1999999999999996,-0.5,0.8880016105766455,0.8613039710989588,0.9011091789210012,0.9331278655382013,0.97088808953809,0.9332167027209692,0.0499999999999999,0.0,0.8872277835124582,0.8613039710989588,0.9011091789210012,0.9331278655382013,0.97088808953809,0.9332167027209692,0.0499999999999999,0.0,0.8872277835124582,0.857452558677342,0.8972277458947404,0.9308720825000965,0.9636206316637694,0.933216702720969,0.0999999999999998,5.0,0.8876973975269986,0.8660620605203708,0.9052578125014047,0.9359354978134281,0.9797034494122171,0.9332177292551138
03014500,dam,0.7492257151912185,0.7701187035782933,0.8673296797473806,0.8122732797700983,0.9983644327234052,1.0528435700809526,0.0,0.768195532713194,0.7492257151912185,0.7701187035782933,0.8673296797473806,0.8122732797700983,0.9983644327234052,1.0528435700809526,0.3,0.768195532713194,0.7492274006260331,0.7701181341236586,0.8673308190716066,0.8122717772676118,0.9983644327234052,1.0528435700809526,4.0,0.768195532713194,0.7512746037640728,0.7791874223524906,0.8679240656654676,0.823049548524743,0.9983630089492058,1.0528435700809526,-0.25,0.7686496047461265,0.7446649975651569,0.7601665411076637,0.865290664191134,0.801579071776428,0.9983819477473885,0.5264217850404763,0.25,0.7691243209337123,0.7492257151912185,0.7701187035782933,0.8673296797473806,0.8122732797700983,0.9983644327234052,1.0528435700809526,0.0,0.768195532713194,0.7500837376273604,0.77230131232222,0.8676965405555458,0.8146899573447338,0.9983644327234052,1.0528435700809526,20.0,0.7682113047945056,0.7068560364362345,0.7835875301742263,0.8408428230668087,0.8533686081022265,0.9983921950150063
03030500,dam,0.8665135600451505,0.9157711941175565,0.9315252122911349,0.9584270538644136,1.0260266274844794,0.012499999999999975,0.0,0.8379980320538185,0.8665135600451505,0.9157711941175565,0.9315252122911349,0.9584270538644136,1.0260266274844794,0.012499999999999975,0.2,0.8379980320538185,0.8665044347113432,0.915762786267742,0.9315202050690597,0.9584182669267546,1.0260266274844794,0.012499999999999975,12.0,0.8379980320538185,0.8663619630487621,0.915588969478421,0.9314397306775792,0.9581989688412331,1.0260266274844794,0.012499999999999975,0.5,0.8380066835320028,0.8665155117190272,0.916114272307107,0.9315451222255187,0.9590928484616805,1.026025948060887,0.0499999999999999,-0.75,0.838027444068815,0.8665135600451505,0.9157711941175565,0.9315252122911349,0.9584270538644136,1.0260266274844794,0.012499999999999975,0.0,0.8379980320538185,0.8667486062927291,0.9159121553399499,0.9316500705779538,0.9585070195170537,1.0260266274844794,0.012499999999999975,0.5,0.8379980320538185,0.8697404613077879,0.9198711967809494,0.9333673639516159,0.9638990469839737,1.0260276412664606
03036500,dam,0.8694855709736871,0.9303373972858213,0.9365792858186935,1.0216633983831307,1.0190102183085912,0.1071071505329564,0.0,0.8800306789201198,0.8694855709736871,0.9303373972858213,0.9365792858186935,1.0216633983831307,1.0190102183085912,0.1071071505329564,1.5,0.8800306789201198,0.8699765571698542,0.9279084608403765,0.9340093909427553,0.978067350034318,1.0190102183085912,0.1071071505329564,4.0,0.8852236074357187,0.8752439792204326,0.93383783054821,0.9390610326209353,1.0173921396383645,1.0190102183085912,0.0267767876332391,1.0,0.8882750763339642,0.8734260778361942,0.934186986759145,0.9374355430193944,1.007460096140306,1.0190102183085912,0.0535535752664782,0.25,0.8857818402168073,0.8694855709736871,0.9303373972858213,0.9365792858186935,1.0216633983831307,1.0190102183085912,0.1071071505329564,0.0,0.8800306789201198,0.8694855709736871,0.9303373972858213,0.9365792858186935,1.0216633983831307,1.0190102183085912,0.1071071505329564,10.0,0.8800306789201198,0.8598036959864179,0.9153548848474298,0.934688899012845,1.050376924876197,1.0190110769567517
03042280,dam,0.791010079856501,0.7950247823406761,0.8919297746114434,0.8321284412427036,0.953580112027824,0.2957670210385463,0.0,0.8154797451900107,,,,,,,,,0.791010079856501,0.7950247823406761,0.8919297746114434,0.8321284412427036,0.953580112027824,0.2957670210385463,16.0,0.8154797451900107,0.7895467717869668,0.7983054769306449,0.8907249730821717,0.8369559490942271,0.9535641669341633,0.5915340420770926,-0.25,0.8165128641740842,0.7972434200051286,0.8089314050515825,0.8946621427017537,0.8475044345373773,0.9535646006842654,0.5915340420770926,-0.5,0.8166785601838873,0.791010079856501,0.7950247823406761,0.8919297746114434,0.8321284412427036,0.953580112027824,0.2957670210385463,0.0,0.8154797451900107,0.8170741004133024,0.8113486401606029,0.9067075720505104,0.8427467260747105,0.9535536191256968,1.1830680841541852,2.0,0.8209861965357209,0.8039123404486397,0.8248538434089413,0.8977165951259579,0.8656099408598154,0.9535931765761745
03091500,dam,0.5645159876026908,0.6185993701514311,0.7525628067098052,0.7097632989283282,0.9980167762131046,1.3572088082974532,0.0,0.49982744985593897,0.5628542928890984,0.6125821536998743,0.7518613002711402,0.7024838825338875,0.9980167762131046,1.3572088082974532,0.02,0.4998711106912499,0.5655283798567357,0.6186128576939713,0.7533143976716733,0.7091419027366083,0.9980167762131046,1.3572088082974532,6.0,0.49982744985593897,0.5622552901875573,0.6176676960959886,0.7509618979632341,0.7099066770582195,0.998030653136042,0.3393022020743633,1.0,0.5059847905438339,0.5667208828478901,0.6205972444920647,0.7540317787663132,0.7111365566269832,0.9980009720276658,2.7144176165949063,-0.5,0.5005810279838199,0.5645159876026908,0.6185993701514311,0.7525628067098052,0.7097632989283282,0.9980167762131046,1.3572088082974532,0.0,0.49982744985593897,0.5645159876026908,0.6185993701514311,0.7525628067098052,0.7097632989283282,0.9980167762131046,1.3572088082974532,10.0,0.49982744985593897,0.5523522997124718,0.6225464100422642,0.7434852776767835,0.7231109641826495,0.9980323497354365
03209000,dam,0.48576000738000735,0.6412867408278522,0.7059079864350852,0.8067755936782357,1.0696377675176347,1.7495626146803187,0.0,0.5240279579433079,0.48576000738000735,0.6412867408278522,0.7059079864350852,0.8067755936782357,1.0696377675176347,1.7495626146803187,0.02,0.5240279579433079,0.5206696621800742,0.6868793751452942,0.7329571068548375,0.852061681498257,1.069619486129528,0.4373906536700797,8.0,0.5712769195534027,0.48365557732553044,0.6572534860775993,0.7083712573189148,0.8339248194835945,1.069619563806815,0.4373906536700797,0.5,0.5421703985160053,0.48576000738000735,0.6412867408278522,0.7059079864350852,0.8067755936782357,1.0696377675176347,1.7495626146803187,0.0,0.5240279579433079,0.48576000738000735,0.6412867408278522,0.7059079864350852,0.8067755936782357,1.0696377675176347,1.7495626146803187,0.0,0.5240279579433079,0.48576000738000735,0.6412867408278522,0.7059079864350852,0.8067755936782357,1.0696377675176347,1.7495626146803187,50.0,0.5240279579433079,0.402497744073928,0.6635339961121306,0.6803686943224109,0.9212697499968433,1.0696185890229883
03221000,dam,0.8811608881160882,0.8389572956811816,0.9427637628353425,0.8614391000611681,0.9411812718796942,0.4914907944250637,0.0,0.8993629630492281,0.8811608881160882,0.8389572956811816,0.9427637628353425,0.8614391000611681,0.9411812718796942,0.4914907944250637,0.1,0.8993629630492281,0.8810233415359332,0.8388397411804077,0.9426941066932499,0.8613312550088417,0.9411812718796942,0.4914907944250637,24.0,0.8993629630492281,0.8811608881160882,0.8389572956811816,0.9427637628353425,0.8614391000611681,0.9411812718796942,0.4914907944250637,0.0,0.8993629630492281,0.8811608881160882,0.8389572956811816,0.9427637628353425,0.8614391000611681,0.9411812718796942,0.4914907944250637,0.0,0.8993629630492281,0.8811608881160882,0.8389572956811816,0.9427637628353425,0.8614391000611681,0.9411812718796942,0.4914907944250637,0.0,0.8993629630492281,0.8818029170638244,0.8397339728316179,0.9430629081679801,0.8622185634406496,0.9411812718796942,0.4914907944250637,10.0,0.8994024675187748,0.860570125653337,0.8769150275544402,0.9282688765312884,0.9190986150590329,0.9411822961815566
03225500,dam,0.38767540784579835,0.5383553187671242,0.6355179455548733,0.7439026060778169,0.8788275257150808,1.7495626146803187,0.0,0.5027752201933422,0.4692125973042297,0.5502515929450342,0.6883260719417528,0.6992526302648127,0.8788223955733231,0.4373906536700797,0.02,0.5407381331171972,0.48342099930482296,0.57808556485162,0.6991709997579015,0.7301294319955659,0.8788241784641828,0.8747813073401594,8.0,0.5453096173173123,0.42892357816267335,0.5750305490621658,0.6659996149038868,0.7668510548089387,0.878821015261111,0.4373906536700797,0.5,0.5247582134535418,0.42117688876646886,0.556237292388313,0.6580912492712131,0.7443837286501033,0.8788221610065943,0.8747813073401594,0.25,0.5091141129312788,0.38767540784579835,0.5383553187671242,0.6355179455548733,0.7439026060778169,0.8788275257150808,1.7495626146803187,0.0,0.5027752201933422,0.38767540784579835,0.5383553187671242,0.6355179455548733,0.7439026060778169,0.8788275257150808,1.7495626146803187,50.0,0.5027752201933422,0.3210062416585836,0.5885047241474217,0.6252026442936085,0.8809587176030028,0.8788204749565155
03228500,dam,0.6868737165646479,0.7291481419340484,0.8298153040837227,0.7906368825695054,1.0237693784825668,0.6335752569011934,0.0,0.5449446364470076,0.6592185649854606,0.718305456771047,0.8123082616045381,0.7912900537988411,1.0237441651730963,0.44983843239984733,0.02,0.5465270014900192,0.6213784151642814,0.690922546841991,0.7884934446521961,0.7758793545525527,1.0237441651730963,0.44983843239984733,12.0,0.5451103644814945,0.6946769553342748,0.7447447082896246,0.8340034052029721,0.8075594377084823,1.0238122751299543,0.8933411122306827,-0.25,0.54804958073729,0.693168220167009,0.7379791969830904,0.833380138128009,0.7991818505158201,1.0237653883017788,0.8933411122306827,-0.25,0.5464014497250247,0.6883856233028528,0.7094361125126375,0.8326714219163428,0.7640436501077492,0.9725569569144414,0.44983843239984733,0.05,0.5464956245502977,0.6868737165646479,0.7291481419340484,0.8298153040837227,0.7906368825695054,1.0237693784825668,0.6335752569011934,20.0,0.5449446364470076,0.6768219294461106,0.7724236941637372,0.8235359523736364,0.8582615033844984,1.0236983849782664
03228805,dam,0.10794423701631328,0.3370377835331517,0.44466407545309355,0.7260497857153273,1.2367956745036754,1.7495626146803187,0.0,0.3910737585075208,0.17196269546749177,0.35659035428050423,0.4811106193288106,0.702245753400718,1.2367956745036754,1.7495626146803187,0.02,0.39303132325549117,0.280020625492013,0.41663897274540196,0.557978252241898,0.7019083385365854,1.2367872969447344,0.4373906536700797,6.0,0.44088557761020786,0.137482765981655,0.3589323650010636,0.467486054783965,0.7329242143278021,1.2367849984715278,0.4373906536700797,0.75,0.41683240287094947,0.10794423701631328,0.3370377835331517,0.44466407545309355,0.7260497857153273,1.2367956745036754,1.7495626146803187,0.0,0.3910737585075208,0.10794423701631328,0.3370377835331517,0.44466407545309355,0.7260497857153273,1.2367956745036754,1.7495626146803187,0.0,0.3910737585075208,0.10794423701631328,0.3370377835331517,0.44466407545309355,0.7260497857153273,1.2367956745036754,1.7495626146803187,50.0,0.3910737585075208,-0.10090622008517425,0.322828853829354,0.3801606012504872,0.8647483867548739,1.2367844633384963
03232500,dam,0.7450556481652065,0.839417771758955,0.8679749624742606,0.9511475688011305,1.0772624194492115,0.0499999999999999,0.0,0.7994426163024764,0.7424452785909285,0.8378110023103141,0.8664914337013306,0.9498876039555798,1.0772624194492115,0.0499999999999999,0.1,0.7994426163024764,0.7317352219276194,0.8314392863423493,0.8604515604345924,0.9455071954796747,1.0772624194492115,0.0499999999999999,24.0,0.7994426163024764,0.7482374153692775,0.8445577208534318,0.8706170241787817,0.9618825685849985,1.07726195141367,0.0999999999999998,-0.5,0.8015281467163355,0.7429903936820009,0.8395192104855387,0.8671310235993718,0.9538412274938609,1.0772611586384817,0.1999999999999996,-0.5,0.8016875535017918,0.7450556481652065,0.839417771758955,0.8679749624742606,0.9511475688011305,1.0772624194492115,0.0499999999999999,0.0,0.7994426163024764,0.7433888157576367,0.8378864594895594,0.8669126108561741,0.9490189701107932,1.0772624194492115,0.07049999999999985,2.0,0.7998073472924324,0.7504290078879967,0.8483196614213879,0.8726730560200201,0.9712734205203367,1.0772629152921378
03266000,dam,0.7908189570845117,0.8153678874428429,0.8916418878076631,0.8985663737848805,0.890187632835445,0.2294388339057876,0.0,0.8316979870015603,0.82366879841352,0.8190442592650135,0.9101261529786725,0.8877107901104467,0.8901874093333804,0.16290157207310918,0.2,0.8420651636523482,0.8372033181037973,0.8173336309212405,0.9180823210538545,0.8791793958516861,0.8901870778016983,0.0573597084764469,12.0,0.8582034499798765,0.8261692439796499,0.8057708142821733,0.9124116291147494,0.8658569030990875,0.8901870525661469,0.0573597084764469,0.75,0.8489840400395187,0.8080927458895676,0.8093451505989842,0.9015263347516324,0.8791971629945461,0.8901870525661469,0.1147194169528938,0.25,0.840415266591284,0.7908189570845117,0.8153678874428429,0.8916418878076631,0.8985663737848805,0.890187632835445,0.2294388339057876,0.0,0.8316979870015603,0.7908189570845117,0.8153678874428429,0.8916418878076631,0.8985663737848805,0.890187632835445,0.2294388339057876,20.0,0.8316979870015603,0.7512813141064477,0.821957355177777,0.8720397901424951,0.9428471073544507,0.8901869091102437
03270000,dam,0.8724614928102578,0.919410777957597,0.9390095310306338,1.0225187825368758,1.04762026708612,0.1171533624178172,0.0,0.845380850068818,0.8725132040699135,0.9194042188037463,0.9390442222567985,1.0226331600889937,1.0476215620359286,0.04154374553823305,0.05,0.8462783686940577,0.8666634476875296,0.9184511277832211,0.9355829968373421,1.015259590185482,1.0476215620359286,0.04154374553823305,12.0,0.8518771914454528,0.8738957435519713,0.9206484775917456,0.9394290933353473,1.0189752057100228,1.0476211186617024,0.0830874910764661,0.25,0.8457244186803037,0.8741128876556467,0.920983980394449,0.939420839302399,1.0174909281811841,1.0476210465533855,0.0830874910764661,0.25,0.8462879041770262,0.8799916048925367,0.8885600918498017,0.9399558310497832,0.9255113904347146,0.9428598394416594,0.020771872769116524,0.1,0.8664286620595978,0.8724614928102578,0.919410777957597,0.9390095310306338,1.0225187825368758,1.04762026708612,0.1171533624178172,5.0,0.845380850068818,0.8712167723541078,0.9150372387554008,0.9395903193402725,1.0360753430950074,1.0476225881433803
03272000,dam,0.842550328834637,0.9133619689624028,0.919368413252988,0.9708966821108883,0.9874424314226021,0.0499999999999999,0.0,0.8472471596197659,0.8634483325627954,0.9152163108688471,0.9295711427814063,0.9544988178901398,0.9874424349423848,0.012499999999999975,0.3,0.8493875441865768,0.8621623630487839,0.9142083227199724,0.9288763267598412,0.9536972736572514,0.9874424314226021,0.0499999999999999,24.0,0.84773390569801,0.841172148552131,0.9048605460218728,0.9178698434216855,0.9536485098027961,0.9874424349423848,0.03549999999999993,0.5,0.8527972583400596,0.8363383774199905,0.9020075001026868,0.9152850741575111,0.9523741778501379,0.9874424349423846,0.012499999999999975,0.5,0.8549578191170023,0.8404656283940504,0.8157862895716994,0.9191150800671956,0.8775082523175047,0.8886981914481462,0.012499999999999975,0.1,0.8547052627023726,0.842550328834637,0.9133619689624028,0.919368413252988,0.9708966821108883,0.9874424314226021,0.0499999999999999,5.0,0.8472471596197659,0.8344251417186003,0.9143856087051052,0.9162534558739462,0.9874044619932032,0.987442421966891
03284000,dam,0.8588374487915482,0.8836934798113343,0.9345645766465175,1.0406375025386507,1.0871435906786504,0.1071071505329564,0.0,0.905746387780684,,,,,,,,,0.8754592157332673,0.8837100476409655,0.943729947354547,1.052564520340019,1.0871435906786506,0.0535535752664782,12.0,0.9198974033272524,0.8689035519519049,0.8853852364692111,0.9396987665249622,1.0436611940313074,1.0871435906786504,0.0267767876332391,0.5,0.9179336409698717,0.8651059625183151,0.8861260575569153,0.9373182603226773,1.038003537758834,1.0871435906786506,0.0267767876332391,0.25,0.9125859660464682,0.8588374487915482,0.8836934798113343,0.9345645766465175,1.0406375025386507,1.0871435906786504,0.1071071505329564,0.0,0.905746387780684,0.8588374487915482,0.8836934798113343,0.9345645766465175,1.0406375025386507,1.0871435906786504,0.1071071505329564,20.0,0.905746387780684,0.8401406873846351,0.8539764653070723,0.932787844255733,1.0959762761637823,1.0871432912974857
03320000,dam,0.8128360393769225,0.8722160052301755,0.9065172235941255,0.9607430198625297,1.077772805949574,1.3572088082974532,0.0,0.8434466001584502,0.8128360393769225,0.8722160052301755,0.9065172235941255,0.9607430198625297,1.077772805949574,1.3572088082974532,inf,0.8434466001584502,0.8471232835598648,0.892796471673686,0.9263037207893844,0.9964334237421757,1.0777736102409996,0.3393022020743633,6.0,0.8621911611829334,0.828521548575419,0.8835953706214975,0.9157653841221632,0.9798554479513366,1.0777738018320984,0.3393022020743633,0.75,0.8658818278188676,0.8282014509835606,0.8732299887005648,0.9140052534408205,0.9487476054520587,1.0777735905187846,0.6786044041487266,0.25,0.8587659903013021,0.8211695912981876,0.8698856342163046,0.9065172235941255,0.9127058688694032,1.0238841656520952,1.3572088082974532,0.05,0.8440554183913402,0.8128360393769225,0.8722160052301755,0.9065172235941255,0.9607430198625297,1.077772805949574,1.3572088082974532,50.0,0.8434466001584502,0.7454256355189386,0.8415370198752194,0.8880151342509409,1.0807534903609681,1.0777739011990066
03353500,dam,0.8403373387976156,0.8614325833125238,0.9220418410225418,1.00865350448783,1.1142303430633258,0.03549999999999993,0.0,0.8473708472826789,0.8403373387976156,0.8614325833125238,0.9220418410225418,1.00865350448783,1.1142303430633258,0.03549999999999993,0.75,0.8473708472826789,0.8403373387976156,0.8614325833125238,0.9220418410225418,1.00865350448783,1.1142303430633258,0.03549999999999993,inf,0.8473708472826789,0.8376784717802639,0.860574941873202,0.9211025768879209,1.0129142940338645,1.1142268115178806,0.1999999999999996,-0.5,0.8490676078301231,0.8399414406259771,0.8612583685979391,0.9220886219229542,1.0114408514433841,1.1142285619645602,0.1999999999999996,-0.5,0.8488410415158664,0.8403373387976156,0.8614325833125238,0.9220418410225418,1.00865350448783,1.1142303430633258,0.03549999999999993,0.0,0.8473708472826789,0.8381857621296751,0.8604412924362939,0.9217905054464919,1.0176539185191145,1.1142289235677956,0.1999999999999996,0.5,0.8492886014159822,0.8323680252727605,0.8579696216230862,0.9198011491759213,1.0263088141966554,1.114230551972545
03504000,dam,0.8013886662207644,0.8608363513886719,0.8964758867691143,0.9141963577736005,0.9641250218779162,0.012499999999999975,0.0,0.8055648584389027,0.8013886662207644,0.8608363513886719,0.8964758867691143,0.9141963577736005,0.9641250218779162,0.012499999999999975,0.05,0.8055648584389027,0.8013886662207644,0.8608363513886719,0.8964758867691143,0.9141963577736005,0.9641250218779162,0.012499999999999975,12.0,0.8055648584389027,0.7987586480065427,0.8544639103595698,0.8949007711872238,0.9059387553220143,0.9641198140972607,0.02499999999999995,0.5,0.806259016585213,0.7976033670092937,0.8502088786395567,0.8942073083016399,0.9002119812282623,0.964116330577182,0.012499999999999975,0.5,0.806408633803836,0.8013886662207644,0.8608363513886719,0.8964758867691143,0.9141963577736005,0.9641250218779162,0.012499999999999975,0.0,0.8055648584389027,0.8014103366335295,0.8609626424563207,0.8964913652550187,0.9143826228461828,0.9641250218779162,0.012499999999999975,0.5,0.8055648584389027,0.8030192817540408,0.8660452506024721,0.8975306337147246,0.9215322505002563,0.9641291741425702
05292000,dam,0.7779232267142691,0.7937540639555063,0.889962931938269,0.9846329331782155,1.1737615695271604,4.831264020091606,0.0,0.7391581677959008,0.7490277151169891,0.7440080882465864,0.8684517623312483,0.866318578374995,1.17423030035482,3.43019745426504,0.5,0.7430255958987233,0.7058247711606083,0.7162257231089755,0.8432147438222043,0.8400311714471972,1.17423030035482,3.43019745426504,12.0,0.7484439223404262,0.7912315508858694,0.7964159377217244,0.8964226497600636,0.981070114609294,1.1742408171758072,2.415632010045803,0.25,0.7394842287979593,0.8177206533402446,0.7711934249959919,0.9074396641413164,0.8833501633641768,1.1737177267973198,1.2078160050229014,0.5,0.7550425064399736,0.7683517697164471,0.8387806441398695,0.8775418957642882,0.9118601823815333,1.0568072703193383,3.43019745426504,0.1,0.7473833851583316,0.7033959661503735,0.7742969173003167,0.8579664943421186,1.023985032126942,1.1737615695271604,4.831264020091606,50.0,0.7391581677959008,0.5612155068273434,0.7210301545147518,0.8072697117039472,1.099176614019073,1.1756223502151575
05356000,dam,0.3837845631105248,0.478395770836024,0.6282747290975867,0.6482485644842148,1.1008078492323758,0.4914907944250637,0.0,0.493373567156292,0.38419818983529297,0.47839572094532223,0.6285839393485263,0.6479220095611862,1.1008078492323758,0.4914907944250637,0.1,0.493373567156292,0.3838599249059894,0.4783955720283334,0.6283310224882646,0.648188789308565,1.1008078492323758,0.4914907944250637,6.0,0.493373567156292,0.4081814006025807,0.4995070729021849,0.647211512578459,0.6596043938936974,1.1008180765601239,0.9829815888501274,-0.5,0.4943826987646657,0.3837845631105248,0.478395770836024,0.6282747290975867,0.6482485644842148,1.1008078492323758,0.4914907944250637,0.0,0.493373567156292,0.3837845631105248,0.478395770836024,0.6282747290975867,0.6482485644842148,1.1008078492323758,0.4914907944250637,0.0,0.493373567156292,0.4457754860962122,0.5257268757075158,0.6755416484135203,0.6690836750401953,1.1007777772479403,0.9829815888501274,10.0,0.4963824396890979,0.4625548071146306,0.5308767163129039,0.6882452350561472,0.6642656373868734,1.1008367968200319
05360500,dam,0.821190880997708,0.8355578879010399,0.9170385007146007,0.9685478307471392,1.1384534539734386,0.012499999999999975,0.0,0.7262373839492935,0.821190880997708,0.8355578879010399,0.9170385007146007,0.9685478307471392,1.1384534539734386,0.012499999999999975,0.2,0.7262373839492935,0.8205291385581935,0.8353425747193939,0.916686447728269,0.9683525457477661,1.1384534519152798,0.012499999999999975,8.0,0.7262373839492935,0.821190880997708,0.8355578879010399,0.9170385007146007,0.9685478307471392,1.1384534539734386,0.012499999999999975,0.0,0.7262373839492935,0.821202028481416,0.8355611589865071,0.9170443451547942,0.9685495175571375,1.1384534539734386,0.02499999999999995,-0.25,0.7262377558379534,0.821190880997708,0.8355578879010399,0.9170385007146007,0.9685478307471392,1.1384534539734386,0.012499999999999975,0.0,0.7262373839492935,0.821190880997708,0.8355578879010399,0.9170385007146007,0.9685478307471392,1.1384534539734386,0.012499999999999975,0.5,0.7262373839492935,0.8245724538433163,0.8366832600746474,0.9188577312312174,0.9698660337366206,1.138492721238834
05369000,dam,0.7555092935421678,0.8380466056571447,0.8777384939782403,0.9286425367472843,1.0786710780566844,0.0499999999999999,0.0,0.7586711042849563,0.7555092935421678,0.8380466056571447,0.8777384939782403,0.9286425367472843,1.0786710780566844,0.0499999999999999,0.2,0.7586711042849563,0.7555092935421678,0.8380466056571447,0.8777384939782403,0.9286425367472843,1.0786710780566844,0.0499999999999999,8.0,0.7586711042849563,0.751418986825364,0.841779804826436,0.8762819453353948,0.9405179751506482,1.0786724972947188,0.1999999999999996,-0.75,0.7606975688346123,0.750597508509181,0.8392403166034421,0.8755133958982856,0.935523056404302,1.0786732797685574,0.1999999999999996,-0.75,0.7590783249221181,0.7555092935421678,0.8380466056571447,0.8777384939782403,0.9286425367472843,1.0786710780566844,0.0499999999999999,0.0,0.7586711042849563,0.7545428478204461,0.837773921125143,0.8772320451202678,0.9288930987937287,1.0786710780566844,0.0499999999999999,2.0,0.7586711042849563,0.7408719778351218,0.8369655742953289,0.8706094811349047,0.9396074530968299,1.078683275676739
05391000,dam,0.27972263724430246,0.5323744789022385,0.6225542789184892,0.7580680605570711,0.8670440212077911,0.8167347399191549,0.0,0.38065711043996764,0.2830329992131151,0.5261158720965504,0.6231147980495313,0.7456375866688588,0.8664954161314111,0.8167347399191549,0.05,0.38065711043996764,0.28203992391726806,0.5216919941971285,0.6217287194810444,0.7396325409626503,0.8662159463011253,0.8167347399191549,3.0,0.38065711043996764,0.2714657536840426,0.5366604407028766,0.6193739322452647,0.7714789429440104,0.8673897807963752,1.1515959832860083,-0.5,0.3855089968290659,0.27972263724430246,0.5323744789022385,0.6225542789184892,0.7580680605570711,0.8670440212077911,0.8167347399191549,0.0,0.38065711043996764,0.27972263724430246,0.5323744789022385,0.6225542789184892,0.7580680605570711,0.8670440212077911,0.8167347399191549,0.0,0.38065711043996764,0.2890336769731857,0.5376909477529417,0.6289844340841733,0.758475440061939,0.8667971599985268,1.1515959832860083,10.0,0.3828918493426172,0.2285799579346932,0.512994097683914,0.5911913331329944,0.7707959868995752,0.867652944257203
05398000,dam,0.9097721351642925,0.9163217974267928,0.95632048983798,0.978446704052526,0.9319588550089778,0.03549999999999993,0.0,0.8866440704061066,0.9085565272776739,0.9157142562003984,0.9556759395428962,0.9774198303454761,0.9319588344395835,0.03549999999999993,0.5,0.8866440704061066,0.9065669664454693,0.9149229385514996,0.9546378808144637,0.9765314578352337,0.9319587473927053,0.03549999999999993,12.0,0.8866440704061066,0.9091479412120611,0.9163391552076752,0.9560186656101277,0.9791628310640369,0.9319515498531683,0.07049999999999985,-0.25,0.8868159991308209,0.9089801929752672,0.9165266011597885,0.9559538785713231,0.9800463645536237,0.9319588364774647,0.0999999999999998,-0.5,0.8870933390950678,0.9097721351642925,0.9163217974267928,0.95632048983798,0.978446704052526,0.9319588550089778,0.03549999999999993,0.0,0.8866440704061066,0.9098760929431973,0.9165748640743473,0.9563931346360164,0.9792968691300418,0.9319590199253243,0.03549999999999993,0.5,0.8866666395346026,0.9096585733273446,0.9173645753760574,0.9563640467958173,0.9826634830722406,0.9320002781508984
05464500,dam,0.8734713739109392,0.8998418015846545,0.9357725822438736,0.9490733236293599,1.0575584672487708,1.0528435700809526,0.0,0.9026449433201913,,,,,,,,,0.8545687157815748,0.8890639647531755,0.9256512522204,0.9411264875528706,1.0575584672487708,1.0528435700809526,12.0,0.9026449433201913,0.8799623355826771,0.906683841866575,0.9393396678045935,0.9586323874781313,1.0575929691973407,0.26321089252023816,0.5,0.9093235095247199,0.8734713739109392,0.8998418015846545,0.9357725822438736,0.9490733236293599,1.0575584672487708,1.0528435700809526,0.0,0.9026449433201913,0.8734713739109392,0.8998418015846545,0.9357725822438736,0.9490733236293599,1.0575584672487708,1.0528435700809526,0.0,0.9026449433201913,0.8601846126134546,0.8982143669719096,0.9289260334894657,0.9553252954865875,1.0575584672487708,1.0528435700809526,20.0,0.9026449433201913,0.7719272122778895,0.8738356785929197,0.8886990538091213,1.014530035409425,1.0576056719787648
05483600,dam,0.7426606549767714,0.7999507207143808,0.8681848780644941,0.9421360687717556,1.1389109543363531,0.012499999999999975,0.0,0.7986599291717893,,,,,,,,,0.7426606549767714,0.7999507207143808,0.8681848780644941,0.9421360687717556,1.1389109543363531,0.012499999999999975,inf,0.7986599291717893,0.7431866112713146,0.7997819971454354,0.868384100964338,0.9411081452706025,1.1389109543363531,0.012499999999999975,1.0,0.7993407738543685,0.7426842675970475,0.7999673822394285,0.8681994443962823,0.9421617158460969,1.138911463158483,0.02499999999999995,-0.75,0.7986935730335445,0.7510692098512386,0.812616944763747,0.868184878064494,0.8950292653331677,1.0819654066195357,0.012499999999999975,0.05,0.7990190117121507,0.7419065095746313,0.8000716676607939,0.8678748865758293,0.9432722357222699,1.1389109543363531,0.012499999999999975,0.5,0.7990155123972521,0.7455326040933838,0.8023773433356508,0.8700497457367797,0.9464516590085127,1.1389252353644184
05592000,dam,0.6656985891160059,0.6539291150503497,0.8261964902118618,0.7059587426456834,0.94434807848195,28.578571341464123,0.0,0.6759104537988201,0.6725143532384628,0.6436379602123818,0.8342051313893012,0.689502288944195,0.9443480784423491,28.578571341464123,0.02,0.6787703160308541,0.6698554693226766,0.6510678224569917,0.8301555466662415,0.7003178520032198,0.9443480784815285,28.578571341464123,4.0,0.6787886492491582,0.667503844169413,0.6389258713324839,0.8313818875046911,0.6855820001612754,0.9444682081241651,20.290785652439528,0.25,0.6785803106072609,0.6656985891160059,0.6539291150503497,0.8261964902118618,0.7059587426456834,0.94434807848195,28.578571341464123,0.0,0.6759104537988201,0.6656985891160059,0.6539291150503497,0.8261964902118618,0.7059587426456834,0.94434807848195,28.578571341464123,0.0,0.6759104537988201,0.6656985891160059,0.6539291150503497,0.8261964902118618,0.7059587426456834,0.94434807848195,28.578571341464123,inf,0.6759104537988201,0.2899018126300469,0.6081285470461548,0.6192983560064707,0.921987505302741,0.9495664340751931
05593000,dam,0.7483582981212564,0.7295719609306448,0.8721201221420445,0.7619925287876953,0.9885761302066668,22.169591661216124,0.0,0.7535016122118814,0.7554925693541533,0.7048226823390225,0.882662340804372,0.7293876983679968,0.9885761301893787,22.169591661216124,0.05,0.763918031978052,0.7607269299543012,0.7207672542387253,0.882793546378373,0.7468141616642688,0.9885761302066668,22.169591661216124,4.0,0.7575701472744065,0.7483582981212564,0.7295719609306448,0.8721201221420445,0.7619925287876953,0.9885761302066668,22.169591661216124,0.0,0.7535016122118814,0.7483582981212564,0.7295719609306448,0.8721201221420445,0.7619925287876953,0.9885761302066668,22.169591661216124,0.0,0.7535016122118814,0.7483582981212564,0.7295719609306448,0.8721201221420445,0.7619925287876953,0.9885761302066668,22.169591661216124,0.0,0.7535016122118814,0.7483582981212564,0.7295719609306448,0.8721201221420445,0.7619925287876953,0.9885761302066668,22.169591661216124,100.0,0.7535016122118814,0.31440712278718597,0.672364612848324,0.677687980501595,1.0582072580807262,0.9915250895218829
05014500,dam,0.8123079556844583,0.7045872010641963,0.9225863997763478,0.7959233626878486,0.8009307096037594,0.4914907944250637,0.0,0.7700588890480645,0.8123079556844583,0.7045872010641963,0.9225863997763478,0.7959233626878486,0.8009307096037594,0.4914907944250637,0.5,0.7700890619313591,0.8123079556844583,0.7045872010641963,0.9225863997763478,0.7959233626878486,0.8009307096037594,0.4914907944250637,12.0,0.7700588890480645,0.8223739987807807,0.7138870209330272,0.927029293699477,0.80787033555246,0.8009469797971996,1.9659631777002549,-0.75,0.7751314957210842,0.8206743703190564,0.7095143674910112,0.9269496264307124,0.8014563585072464,0.8009372761204856,0.9829815888501274,-0.75,0.7727349574821987,0.8123079556844583,0.7045872010641963,0.9225863997763478,0.7959233626878486,0.8009307096037594,0.4914907944250637,0.0,0.7700588890480645,0.8142384411479514,0.7052033670773187,0.9237249537095729,0.7963861750345017,0.8009307096037594,0.4914907944250637,5.0,0.7700588890480645,0.8153240505172018,0.711931303736377,0.922849881778284,0.8065956480805985,0.8009367193979889
06020600,dam,0.7772663259914994,0.6797672789888765,0.9093922341013367,0.711751565872933,0.8939242318513083,0.4914907944250637,0.0,0.828549043332899,0.7772663259914994,0.6797672789888765,0.9093922341013367,0.711751565872933,0.8939242318513083,0.4914907944250637,0.05,0.828549043332899,0.7772663259914994,0.6797672789888765,0.9093922341013367,0.711751565872933,0.8939242318513083,0.4914907944250637,8.0,0.828549043332899,0.769656673100935,0.6707122004575339,0.9066151709393142,0.7025730217452723,0.8939484972521012,0.6930020201393398,-0.25,0.8294068970750447,0.7831240338336627,0.6943505101451954,0.9091614503441948,0.7281801028424223,0.8937742401572201,0.12287269860626593,0.25,0.829687461285685,0.7557728688651599,0.642889518343404,0.9084434770029743,0.6895623314901315,0.8490902482413476,0.3489584640417952,0.05,0.8337687548036135,0.7772663259914994,0.6797672789888765,0.9093922341013367,0.711751565872933,0.8939242318513083,0.4914907944250637,50.0,0.828549043332899,0.7811537761043943,0.7214804054683496,0.9005035813966414,0.7626569370980942,0.8935016539305789
06038500,dam,-0.05474162101296898,0.41067180084599664,0.45591895606483296,0.8264986857114839,1.1455363799490597,6.227928126848629,0.0,0.18371638357422349,-0.05474162101296898,0.41067180084599664,0.45591895606483296,0.8264986857114839,1.1455363799490597,6.227928126848629,0.75,0.18371638357422349,-0.05474162101296898,0.41067180084599664,0.45591895606483296,0.8264986857114839,1.1455363799490597,6.227928126848629,3.0,0.18371638357422349,-0.05474162101296898,0.41067180084599664,0.45591895606483296,0.8264986857114839,1.1455363799490597,6.227928126848629,0.0,0.18371638357422349,-0.027661703544630933,0.41050025792523304,0.4629543835374552,0.8051312537792623,1.1453207607017653,8.781378658856566,-0.25,0.18940191374014304,0.14295893627472422,0.37934905048896594,0.45591895606483274,0.7025238828547613,0.9737059229567009,6.227928126848629,0.15,0.3449035673826357,-0.05474162101296898,0.41067180084599664,0.45591895606483296,0.8264986857114839,1.1455363799490597,6.227928126848629,50.0,0.18371638357422349,-0.022386505928608802,0.5138122360658944,0.536864547964998,0.9690967458454569,1.1446688762320345
06224000,dam,0.7672929925816633,0.7375205353230136,0.8837662961728836,0.7817586657815665,1.0880676757403394,28.578571341464123,0.0,0.7791299114482618,0.7672929925816633,0.7375205353230136,0.8837662961728836,0.7817586657815665,1.0880676757403394,28.578571341464123,0.2,0.7791299114482618,0.7672929925816633,0.7375205353230136,0.8837662961728836,0.7817586657815665,1.0880676757403394,28.578571341464123,6.0,0.7792774325205594,0.8209332249272037,0.8479063913166067,0.9079313076474669,0.916718315775217,1.0878634324592165,40.29578559146441,-0.75,0.8420461816061853,0.7672929925816633,0.7375205353230136,0.8837662961728836,0.7817586657815665,1.0880676757403394,28.578571341464123,0.0,0.7791299114482618,0.7672929925816633,0.7375205353230136,0.8837662961728836,0.7817586657815665,1.0880676757403394,28.578571341464123,0.0,0.7791299114482618,0.7672900457344345,0.734883294414867,0.8842175686376388,0.7783575386848706,1.0880676757403394,28.578571341464123,50.0,0.7891123324158758,0.7044603600936583,0.5562095495403468,0.9023563458447333,0.5760559067902126,1.08767603181554
06225000,dam,0.5614596527368638,0.6480436831683942,0.7579321368193707,0.795205552123564,1.1527600493971495,217.9230043530077,0.0,0.6003695714623618,0.5453050472365569,0.6482792146522206,0.7484900067262927,0.8068820172051178,1.1521699012628779,154.72533309063547,0.1,0.6027723593198351,0.572123795079017,0.6427432862602133,0.7645667485226898,0.7814183119675306,1.1562868813043814,217.9230043530077,3.0,0.605391508370937,0.5614596527368638,0.6480436831683942,0.7579321368193707,0.795205552123564,1.1527600493971495,217.9230043530077,0.0,0.6003695714623618,0.5452412701620359,0.6511901525733552,0.7486215917817567,0.8109300544614725,1.1507639255177433,217.9230043530077,-0.75,0.6040249656572927,0.5567804772992413,0.626976621780605,0.7468340812530597,0.7284020228939183,1.0358886766976958,154.72533309063547,0.1,0.6146605167482806,0.5614596527368638,0.6480436831683942,0.7579321368193707,0.795205552123564,1.1527600493971495,217.9230043530077,inf,0.6003695714623618,0.3254752522773545,0.4376943227540341,0.583389724001894,0.6508664243470239,1.143976730576833
06259000,dam,0.5961773684932592,0.6673771716242636,0.7790531360028533,0.7686671639362452,1.091134780436455,22.169591661216124,0.0,0.6687689663048619,0.5961773684932592,0.6673771716242636,0.7790531360028533,0.7686671639362452,1.091134780436455,22.169591661216124,0.3,0.6687689663048619,0.5962007778143028,0.6673099752446147,0.7790754230476947,0.7685639434856266,1.0911720111397112,22.169591661216124,4.0,0.6735528697595183,0.5961773684932592,0.6673771716242636,0.7790531360028533,0.7686671639362452,1.091134780436455,22.169591661216124,0.0,0.6687689663048619,0.58876255336154,0.6584839426380563,0.7740594650347733,0.7599676743162949,1.089266873601271,44.33918332243225,-0.75,0.6773725091621758,0.6028266815745709,0.6493872943121797,0.7790531360028534,0.730233805739433,1.0365780414146324,22.169591661216124,0.05,0.6717778016122236,0.5964549898162094,0.6674742381942211,0.7791947275930236,0.7685668030206355,1.0908685274322476,22.169591661216124,100.0,0.6748814634176588,0.39580430557197,0.6987272786120104,0.7482699236791099,1.1415639264531126,1.0857722335909572
06409000,dam,0.5283535437260243,0.5068657838599693,0.7619198897838457,0.5767432127685548,1.0857491009283562,1.0528435700809526,0.0,0.15975297955578505,0.5283535437260243,0.5068657838599693,0.7619198897838457,0.5767432127685548,1.0857491009283562,1.0528435700809526,0.02,0.15975297955578505,0.5283535437260243,0.5068657838599693,0.7619198897838457,0.5767432127685548,1.0857491009283562,1.0528435700809526,3.0,0.15975297955578505,0.5342516117247631,0.5051641206661603,0.7690240577083581,0.5708616525398854,1.0857492874476775,1.0528435700809526,-0.75,0.17339809045581545,0.5275719142094519,0.5166858735053022,0.7569191965123807,0.5911586237011468,1.0857496173239614,2.1056871401619053,-0.25,0.16101998647648452,0.4549706110919408,0.4162765708514241,0.7534591073745723,0.48747242811482416,0.8685993985633409,1.4845094338141431,0.2,0.47049542032066904,0.5283535437260243,0.5068657838599693,0.7619198897838457,0.5767432127685548,1.0857491009283562,1.0528435700809526,20.0,0.15975297955578505,0.5042205150506023,0.4547435772728068,0.7638812878705246,0.5160581902026942,1.0857487319887693
06410500,dam,0.5889621236035509,0.4563902856500329,0.8673973123760023,0.5476762326750696,0.7292025511871882,1.7495626146803187,0.0,0.6994154289802685,0.5889621236035509,0.4563902856500329,0.8673973123760023,0.5476762326750696,0.7292025511871882,1.7495626146803187,0.02,0.6994154289802685,0.5889621236035509,0.4563902856500329,0.8673973123760023,0.5476762326750696,0.7292025511871882,1.7495626146803187,12.0,0.6994154289802685,0.6087318594600604,0.5305976153056164,0.8398529778357777,0.6516301283586109,0.7292049435804482,6.998250458721275,-0.75,0.7629186564048297,0.585125420562961,0.4659718376222296,0.8554978395150713,0.5629834747007988,0.7292200885531224,6.998250458721275,-0.75,0.6997903103258853,0.5889621236035509,0.4563902856500329,0.8673973123760023,0.5476762326750696,0.7292025511871882,1.7495626146803187,0.0,0.6994154289802685,0.5592225361474545,0.46158253175435393,0.8308520656684619,0.5664596185924193,0.729213951407399,6.998250458721275,20.0,0.7154461385892463,0.5650323481561668,0.4289951861825142,0.8649664327674418,0.5157696058625614,0.7291986733476132
06411500,dam,0.5417195436517418,0.45726296032710456,0.8161447716437076,0.5691452762165663,0.7259106783684292,2.907335362699394,0.0,0.6105435008630197,0.5417195436517418,0.45726296032710456,0.8161447716437076,0.5691452762165663,0.7259106783684292,2.907335362699394,0.02,0.6105435008630197,0.5364423023039069,0.44492746443056574,0.8190516467617389,0.5525211900832389,0.7259089058737561,2.0642081075165697,8.0,0.6107766100980467,0.5437661941223912,0.4703979176391392,0.8100512940241957,0.5885716741015743,0.7259113512246518,4.099342861406145,-0.25,0.6157159770288053,0.5469957144874545,0.47575396350484267,0.8102620178477843,0.5953722886588223,0.7259382913931829,11.629341450797575,-0.75,0.6205800897902694,0.5417195436517418,0.45726296032710456,0.8161447716437076,0.5691452762165663,0.7259106783684292,2.907335362699394,0.0,0.6105435008630197,0.5417195436517418,0.45726296032710456,0.8161447716437076,0.5691452762165663,0.7259106783684292,2.907335362699394,50.0,0.6105435008630197,0.5094357110297565,0.4133169663852184,0.8129335107583084,0.516187232914954,0.7259045477580078
06903900,dam,0.5472380038849991,0.5068700337310024,0.7697429179397142,0.6000998669338706,1.1738928502476094,13.341112707816194,0.0,0.4836646477073234,0.5472380038849991,0.5068700337310024,0.7697429179397142,0.6000998669338706,1.1738928502476094,13.341112707816194,0.05,0.4836646477073234,0.5458773673193923,0.5053464738838137,0.769006011759381,0.5984692906384539,1.173484805488789,13.341112707816194,4.0,0.4836646477073234,0.5672002886274905,0.5181005943589578,0.7842481456691535,0.5984579983550744,1.1563399994402503,6.670556353908097,1.0,0.521838309863006,0.5364033899143713,0.4916750218679268,0.7651332308526371,0.5813729594569893,1.167282052442731,9.472190022549498,0.25,0.48777153723966915,0.5472380038849991,0.5068700337310024,0.7697429179397142,0.6000998669338706,1.1738928502476094,13.341112707816194,0.0,0.4836646477073234,0.5398469502134435,0.5094015217607131,0.7614951643803356,0.6082862805339596,1.1742488801077962,13.341112707816194,100.0,0.4836646477073234,0.3973404009279907,0.5097665941953863,0.6484530447192284,0.7135476647375891,1.186248731599229
06906200,dam,0.7390039734917138,0.8596331594749149,0.8763264189501856,1.0429271053916764,1.0506454232088307,3.7478133267479534,0.0,0.7935596336617248,0.827675515446296,0.8965834510817691,0.91271399298628,0.9773907833449255,1.0506454232088307,3.7478133267479534,0.2,0.7935596336617248,0.8106354463774142,0.893225718587404,0.9060064598888791,1.0010013473691972,1.0506454232088307,3.7478133267479534,16.0,0.7935596336617248,0.7390039734917138,0.8596331594749149,0.8763264189501856,1.0429271053916764,1.0506454232088307,3.7478133267479534,0.0,0.7935596336617248,0.6646718972834177,0.8190723731320699,0.849907660959465,1.0875997615588302,1.0503326703070492,7.495626653495907,-0.5,0.7948453991622008,0.7390039734917138,0.8596331594749149,0.8763264189501856,1.0429271053916764,1.0506454232088307,3.7478133267479534,0.0,0.7935596336617248,0.703064309755906,0.8411261520070741,0.8624241179674083,1.0612275866503993,1.0506454232088307,3.7478133267479534,50.0,0.7935596336617248,-0.04887704381380398,0.4991934362052126,0.6684665351932818,1.371626261273966,1.0527891843537003
06912500,dam,0.3537088652692495,0.3308810376942207,0.6166399706573014,0.4629290884700635,0.8890490666648941,10.349258453288162,0.0,0.3591231062602567,0.35305755286944596,0.3318350293448201,0.6152150014291006,0.46512776073048423,0.8891098717457498,7.347973501834594,0.02,0.3684711045081295,0.36532755916531745,0.3452477155935372,0.6252072478531923,0.47470552364938795,0.8891096938896844,7.347973501834594,6.0,0.3694884535159346,0.3764601954282859,0.3705956949649082,0.628269822359522,0.5043007398408687,0.8893261652160933,2.5873146133220404,1.0,0.39655695689068193,0.355277155328397,0.3363929498747984,0.6159547272003305,0.47027893579226965,0.8891887210130264,5.174629226644081,0.25,0.3628499943537673,0.3537088652692495,0.3308810376942207,0.6166399706573014,0.4629290884700635,0.8890490666648941,10.349258453288162,0.0,0.3591231062602567,0.3537088652692495,0.3308810376942207,0.6166399706573014,0.4629290884700635,0.8890490666648941,10.349258453288162,100.0,0.3591231062602567,0.029239483790666543,0.2695790504222345,0.35843033107295963,0.6688234990685913,0.88943215329147
06921350,dam,0.5748110805851419,0.5605507571575037,0.7744837579885491,0.6525755998043916,1.146813990384424,13.341112707816194,0.0,0.5342806941717384,0.5778053342120375,0.5600662820821622,0.7772371932185785,0.6501942534730497,1.146813990384424,13.341112707816194,0.05,0.5392028763203152,0.6101215596365722,0.5783111424301983,0.8001425103771175,0.6593206582095226,1.1477026151338254,9.472190022549498,3.0,0.5709715338651987,0.5552841109447357,0.5643212926280925,0.7570393070297886,0.6695600259054726,1.1469539426116189,9.472190022549498,0.5,0.5750037594763769,0.5663399990612639,0.5525405330163066,0.7692284398490503,0.6458896595945363,1.146868405168553,9.472190022549498,0.25,0.5346955939300011,0.5748110805851419,0.5605507571575037,0.7744837579885491,0.6525755998043916,1.146813990384424,13.341112707816194,0.0,0.5342806941717384,0.5748110805851419,0.5605507571575037,0.7744837579885491,0.6525755998043916,1.146813990384424,13.341112707816194,100.0,0.5342806941717384,-0.20220232172044406,0.44023041019238585,0.47485555983642264,1.1204820185401492,1.151820268235696
07124410,dam,0.43292593452405514,0.37767966712075385,0.7112896498766893,0.538640192335898,0.6982118983148045,0.6335752569011934,0.0,0.5968048905665722,0.43292593452405514,0.37767966712075385,0.7112896498766893,0.538640192335898,0.6982118983148045,0.6335752569011934,0.02,0.5968048905665722,0.43292593452405514,0.37767966712075385,0.7112896498766893,0.538640192335898,0.6982118983148045,0.6335752569011934,8.0,0.5968048905665722,0.43292593452405514,0.37767966712075385,0.7112896498766893,0.538640192335898,0.6982118983148045,0.6335752569011934,0.0,0.5968048905665722,0.43881296463430197,0.3861431976045644,0.7136278875900331,0.5489165356638002,0.697783363655383,0.15839381422529836,0.25,0.6013292218506148,0.43292593452405514,0.37767966712075385,0.7112896498766893,0.538640192335898,0.6982118983148045,0.6335752569011934,0.0,0.5968048905665722,0.43292593452405514,0.37767966712075385,0.7112896498766893,0.538640192335898,0.6982118983148045,0.6335752569011934,50.0,0.5968048905665722,0.43639552407692384,0.40585519421825034,0.7028724465472054,0.5841520996417423,0.6970250984252685
07195500,dam,0.7614290268314754,0.7798027524713976,0.8743029712008704,0.8222226904611393,0.9671014744499473,0.012499999999999975,0.0,0.80967484354339,,,,,,,,,0.7614290268314754,0.7798027524713976,0.8743029712008704,0.8222226904611393,0.9671014744499473,0.012499999999999975,32.0,0.80967484354339,0.7614290268314754,0.7798027524713976,0.8743029712008704,0.8222226904611393,0.9671014744499473,0.012499999999999975,-0.25,0.80967484354339,0.7614545220425817,0.779781884175221,0.8743209174778256,0.8221841577068207,0.9671014744499473,0.012499999999999975,0.25,0.80969716345541,0.7614290268314754,0.7798027524713976,0.8743029712008704,0.8222226904611393,0.9671014744499473,0.012499999999999975,0.0,0.80967484354339,0.7658570700899706,0.7835576014660725,0.8768095488241022,0.8251025682326044,0.9671014744499471,0.012499999999999975,0.5,0.8138334615288587,0.7745754842181041,0.7905516649566409,0.8817533946940542,0.8302820898312625,0.9671035510425297
07198000,dam,0.5321686507919647,0.5754187815990539,0.7320988693750711,0.6706854281779816,1.0070787014626466,13.341112707816194,0.0,0.586158053970199,0.5321686507919647,0.5754187815990539,0.7320988693750711,0.6706854281779816,1.0070787014626466,13.341112707816194,0.05,0.586158053970199,0.5759912086261534,0.6078143360538668,0.7626308835994497,0.6878822454918179,1.0069285571991222,9.472190022549498,4.0,0.5877893001466243,0.5520133552446159,0.6190580221810214,0.7434114814575375,0.718521184389177,1.0069856266109718,6.670556353908097,0.5,0.6033673760781442,0.5272023750337342,0.567805549076668,0.7290768640306593,0.6633375038041266,1.0071457302371496,9.472190022549498,0.25,0.5897102290733398,0.5321686507919647,0.5754187815990539,0.7320988693750711,0.6706854281779816,1.0070787014626466,13.341112707816194,0.0,0.586158053970199,0.5321686507919647,0.5754187815990539,0.7320988693750711,0.6706854281779816,1.0070787014626466,13.341112707816194,100.0,0.586158053970199,0.07697679780623723,0.5246681319251001,0.5255601167484425,0.9718833553809184,1.0075257081518472
07206000,dam,-0.2518422158860565,0.06425770123521435,0.16048878650260956,0.6571783329844471,1.2308849859441313,22.169591661216124,0.0,0.3015979251192744,-0.2518422158860565,0.06425770123521435,0.16048878650260956,0.6571783329844471,1.2308849859441313,22.169591661216124,0.1,0.3015979251192744,-0.2518422158860565,0.06425770123521435,0.16048878650260956,0.6571783329844471,1.2308849859441313,22.169591661216124,8.0,0.3015979251192744,-0.32008614573639504,0.09886972244049241,0.17027095511515994,0.7344643627926933,1.2303829737239191,22.169591661216124,-0.75,0.33555937673595726,-0.22314392828101792,0.011614660829302847,0.1311104093271794,0.5889584269967268,1.2301766347199192,5.542397915304031,0.5,0.30659585536449285,-0.2518422158860565,0.06425770123521435,0.16048878650260956,0.6571783329844471,1.2308849859441313,22.169591661216124,0.0,0.3015979251192744,-0.2518422158860565,0.06425770123521435,0.16048878650260956,0.6571783329844471,1.2308849859441313,22.169591661216124,100.0,0.3015979251192744,-0.1555324940886793,-0.1126926153161838,0.07133913838538182,0.431852650461201,1.2299618435662794
07339000,dam,0.48640097530847837,0.5660771185857099,0.7021523987116809,0.7057012095327274,1.1138599813418877,3.7478133267479534,0.0,0.4759298039284262,0.48640097530847837,0.5660771185857099,0.7021523987116809,0.7057012095327274,1.1138599813418877,3.7478133267479534,0.02,0.4759298039284262,0.4728752306448174,0.5468265056843018,0.6924643613158445,0.687231337172238,1.1138587301982705,1.8739066633739767,3.0,0.4993178023094865,0.5144561771301303,0.5904284800306647,0.7218445507705475,0.721762076672811,1.113850929098213,0.9369533316869884,1.0,0.5226144391695167,0.48015288589389027,0.5609871553516024,0.6976971663831771,0.7027067530399509,1.1138507789409844,0.9369533316869884,0.5,0.48967970484016476,0.48640097530847837,0.5660771185857099,0.7021523987116809,0.7057012095327274,1.1138599813418877,3.7478133267479534,0.0,0.4759298039284262,0.48640097530847837,0.5660771185857099,0.7021523987116809,0.7057012095327274,1.1138599813418877,3.7478133267479534,50.0,0.4759298039284262,0.4284076994397855,0.5659236513833187,0.6648623726630656,0.74871551986625,1.1138470782026122
08177500,dam,0.451485226003297,0.402888931247147,0.7099976796733003,0.48073699733818526,0.9470262640647201,0.012499999999999975,0.0,0.4340149678325068,0.451485226003297,0.402888931247147,0.7099976796733003,0.48073699733818526,0.9470262640647201,0.012499999999999975,0.1,0.4340149678325068,0.451485226003297,0.402888931247147,0.7099976796733003,0.48073699733818526,0.9470262640647201,0.012499999999999975,inf,0.4340149678325068,0.451485226003297,0.402888931247147,0.7099976796733003,0.48073699733818526,0.9470262640647201,0.012499999999999975,0.0,0.4340149678325068,0.45119694157139756,0.40255381486769726,0.7098394759642939,0.4804399960336388,0.9470262640647201,0.012499999999999975,0.25,0.4342462793658757,0.451485226003297,0.402888931247147,0.7099976796733003,0.48073699733818526,0.9470262640647201,0.012499999999999975,0.0,0.4340149678325068,0.4587616120504129,0.4083084495784286,0.716213442731316,0.48351392656245773,0.9470262640647209,0.012499999999999975,0.5,0.44576397639205223,0.460613748445191,0.4099139759251428,0.7176110518175544,0.4845856057551751,0.9470283098426592
08245000,dam,0.5525130117045252,0.681127767287138,0.7482278388537883,0.8165963122382426,0.9317844080694196,775.7417750638455,0.0,0.538498919072191,0.5525130117045252,0.681127767287138,0.7482278388537883,0.8165963122382426,0.9317844080694196,775.7417750638455,0.2,0.538498919072191,0.5525192155418188,0.6810946049516391,0.7482269183297257,0.8165399243588188,0.9317844080657756,775.7417750638455,4.0,0.538498919072191,0.5777580331888282,0.7762247609257525,0.7909971135269396,1.0013973228274344,0.9200550279405794,775.7417750638455,-0.25,0.5598832590491499,0.5473268581666533,0.6834604523342185,0.7441576112603,0.818188225893519,0.9589337589171378,3102.967100255382,0.5,0.5502468905246769,0.5525130117045252,0.681127767287138,0.7482278388537883,0.8165963122382426,0.9317844080694196,775.7417750638455,0.0,0.538498919072191,0.5525130117045252,0.681127767287138,0.7482278388537883,0.8165963122382426,0.9317844080694196,775.7417750638455,inf,0.538498919072191,0.3233147066280998,0.6517147633182843,0.7347518785762996,1.1911756464640344,0.8800086987707225
08285500,dam,0.1061880364532678,0.4690933996547564,0.511603350913193,0.873118995334412,1.1650204293594386,1.7495626146803187,0.0,0.7180509547276204,0.1061880364532678,0.4690933996547564,0.511603350913193,0.873118995334412,1.1650204293594386,1.7495626146803187,0.3,0.7180509547276204,0.1061880364532678,0.4690933996547564,0.511603350913193,0.873118995334412,1.1650204293594386,1.7495626146803187,8.0,0.7180559835996725,0.02050638986863862,0.4710548036139266,0.49977819461979617,0.9518867963690172,1.1650644899378264,6.998250458721275,-0.5,0.7261562620135522,0.1061880364532678,0.4690933996547564,0.511603350913193,0.873118995334412,1.1650204293594386,1.7495626146803187,0.0,0.7180509547276204,0.1061880364532678,0.4690933996547564,0.511603350913193,0.873118995334412,1.1650204293594386,1.7495626146803187,0.0,0.7180509547276204,0.10847947868392094,0.4699219304137764,0.5126635509969576,0.872508026827612,1.1650204293594386,1.7495626146803187,5.0,0.7189049828279651,0.11534262351632396,0.4686803729433263,0.5134126516748787,0.8646946010849034,1.1650022653480745
08287000,dam,0.25603623445706813,0.3736826390325163,0.5503878911060736,0.6139317276025803,1.202666418612707,280.9220946429914,0.0,0.41188299292811426,0.2527704958600955,0.3720280734986565,0.5486428658237227,0.6145707455362356,1.2051091604621635,280.9220946429914,0.05,0.41834409894391167,0.24247310081374218,0.37077221507671576,0.5383591114448586,0.6206410444768785,1.1972360976035794,199.45468719652388,2.0,0.4240441461881127,0.2965547065349262,0.47823692236673343,0.5981538061641506,0.7352654536646961,1.2016729175115486,396.10015344661787,-0.25,0.46444853621969506,0.13039308178746856,0.3890672439509574,0.4830245136663343,0.737014780065539,1.1918696251097916,70.23052366074785,1.0,0.48724640154915555,0.2699308170146074,0.3695078576728946,0.5402424111615347,0.5906600850738956,1.136323640979667,199.45468719652388,0.05,0.4129765688117556,0.25603623445706813,0.3736826390325163,0.5503878911060736,0.6139317276025803,1.202666418612707,280.9220946429914,inf,0.41188299292811426,0.10754737830077021,0.4669940707402991,0.5140219476976048,0.8675455733581067,1.174288491213089
08317950,dam,-0.12759327055171488,-0.15913654911275832,0.034900826015659143,0.3929222400600056,1.2088964270877207,0.0999999999999998,0.0,0.07640785820650031,-0.12759327055171488,-0.15913654911275832,0.034900826015659143,0.3929222400600056,1.2088964270877207,0.0999999999999998,0.02,0.07640785820650031,-0.12553139149297743,-0.1589451485422877,0.03611279820313674,0.3913641463963013,1.2088964270877207,0.012499999999999975,32.0,0.0778709214708434,-0.12407767807284986,-0.1617044166227548,0.034921428270479796,0.38800099286084694,1.2088964270877207,0.012499999999999975,0.75,0.07875493189729676,-0.10384112261966383,-0.18560183178552903,0.02938477500494256,0.3519875994311679,1.2088964270877207,0.012499999999999975,0.5,0.07838991255759065,-0.09092001517738679,-0.16854923267200528,0.0361781949806144,0.339852156300016,1.0275619630245625,0.012499999999999975,0.15,0.07911673518184448,-0.1318900920606636,-0.15391160729844833,0.03640846872884783,0.4005288655234605,1.208896427087721,0.1999999999999996,0.5,0.07704357252946203,-0.13265065713749835,-0.15302334572200715,0.036655519631801844,0.40184349821265564,1.2088996105636014
08382830,dam,-0.02537785665629566,-0.22863425401878756,0.22286647931220155,0.39416377215090637,1.733871982158517,362.1335135907445,0.0,0.12955215943936205,-0.02537785665629566,-0.22863425401878756,0.22286647931220155,0.39416377215090637,1.733871982158517,362.1335135907445,0.02,0.12955215943936205,-0.025986015415229602,-0.24867136059917327,0.21064887104901514,0.36813070709964774,1.7326978631700827,181.06675679537224,2.0,0.13130208107299524,-0.02537785665629566,-0.22863425401878756,0.22286647931220155,0.39416377215090637,1.733871982158517,362.1335135907445,0.0,0.12955215943936205,-0.029248853234486116,-0.2681267322000864,0.22364843981998656,0.3850166796362372,1.791971703788014,1448.534054362978,-0.75,0.1326945827166942,0.012748813174254026,-0.0975654642075583,0.2059870939639242,0.33989719599820856,1.3720991016090625,181.06675679537224,0.2,0.15696756244311005,-0.09395595092418696,-0.1760453650010101,0.19975164804688283,0.502757437640923,1.7038715152037751,90.53337839768612,100.0,0.15555255468288276,-0.22895456689071914,-0.17711353625039505,0.14183726101843266,0.5976051887792364,1.698019631923179
08384500,dam,0.04998927655524932,0.004748483152104188,0.246405937193091,0.34993391066472523,0.9940292557786733,4000.0,0.0,0.16132755973570478,0.04998927655524932,0.004748483152104188,0.246405937193091,0.34993391066472523,0.9940292557786733,4000.0,0.02,0.16132755973570478,0.05754659061151557,-0.012702868718188931,0.2538560089506281,0.32211473008217417,0.9035230299014294,250.0,2.0,0.16337809491660693,0.04998927655524932,0.004748483152104188,0.246405937193091,0.34993391066472523,0.9940292557786733,4000.0,0.0,0.16132755973570478,0.05227874319896697,0.011540168563344944,0.25109439071849565,0.3548702902196012,0.9990596228746139,2000.0,0.75,0.16919784562099283,0.04998927655524932,0.004748483152104188,0.246405937193091,0.34993391066472523,0.9940292557786733,4000.0,0.0,0.16132755973570478,0.04998927655524932,0.004748483152104188,0.246405937193091,0.34993391066472523,0.9940292557786733,4000.0,inf,0.16132755973570478,-0.1142813725956553,0.02005879854450321,0.15382758502012955,0.5205468422597244,0.8799930336603126
08390500,dam,-0.0924957578858503,-1.2577728307039742,0.6217870300826851,1.2475266006312393,3.21206321935683,0.012499999999999975,0.0,0.44232973665320374,-0.0924957578858503,-1.2577728307039742,0.6217870300826851,1.2475266006312393,3.21206321935683,0.012499999999999975,0.02,0.44232973665320374,-0.08690748173375273,-1.2676042889081471,0.5011989462032217,1.001741658560884,3.21206321935683,0.012499999999999975,24.0,0.44322785660523445,-0.0906981975401493,-1.257633488783755,0.6221411340757376,1.246795382227936,3.2120632193568306,0.012499999999999975,0.5,0.4424277023425742,-0.09019574867091573,-1.2575956278816367,0.6222611782076316,1.246632753522091,3.2120632193568306,0.012499999999999975,0.25,0.44241741650384825,-0.0924957578858503,-1.2577728307039742,0.6217870300826851,1.2475266006312393,3.21206321935683,0.012499999999999975,0.0,0.44232973665320374,-0.10881079986745568,-1.2591026007368225,0.6196891139082743,1.256289883032276,3.21206321935683,0.012499999999999975,0.5,0.4429440656706999,-0.11093691225936975,-1.2593185113299188,0.6196993794568835,1.2579761969779086,3.212089477269257
08390800,dam,-11.152331908803466,-6.181509705319776,0.6328005988536902,3.752632309081361,7.622859021480175,1.3572088082974532,0.0,0.5235590531996941,-11.152331908803466,-6.181509705319776,0.6328005988536902,3.752632309081361,7.622859021480175,1.3572088082974532,0.02,0.5235590531996941,-6.168287827572702,-5.83369558538135,0.4579878554216293,2.593026218085089,7.6232836008496285,0.9636182538911917,8.0,0.5279356044290107,-10.792690988222565,-6.159972571589926,0.633166311763157,3.6948515841788003,7.623323577354773,0.6786044041487266,0.25,0.5283146818785429,-10.965088993197114,-6.171096650994547,0.6334545272092525,3.723183576456822,7.623786138093353,0.3393022020743633,0.25,0.5246951049190728,-8.556914173226403,-5.335064042383082,0.63280059885369,3.3773690781732246,6.860573119332158,1.3572088082974532,0.1,0.5373040127656511,-12.001154697231119,-6.230766556942042,0.6261042717648141,3.8778334501839407,7.622859021480175,1.3572088082974532,100.0,0.5235590531996941,-17.49618096862508,-6.527142507144941,0.5488718370348012,4.546031595078123,7.624199395410404
09038500,dam,0.28908639723343166,0.3796754335864606,0.5397069126601132,0.5843838943634683,1.014003363124059,28.578571341464123,0.0,0.33475938880078915,0.28908639723343166,0.3796754335864606,0.5397069126601132,0.5843838943634683,1.014003363124059,28.578571341464123,0.1,0.33475938880078915,0.28908639723343166,0.3796754335864606,0.5397069126601132,0.5843838943634683,1.014003363124059,28.578571341464123,6.0,0.33475938880078915,0.3108269662605603,0.4510418811656278,0.5661608994191796,0.6638755083024698,1.0126086130273877,28.578571341464123,-0.25,0.3445499369283853,0.28908639723343166,0.3796754335864606,0.5397069126601132,0.5843838943634683,1.014003363124059,28.578571341464123,0.0,0.33475938880078915,0.31246844215898517,0.3841854137131012,0.5766074216639208,0.5751932942163854,0.8603375783723308,20.290785652439528,0.15,0.36409469320601207,0.28934814924476504,0.37974435820843344,0.5399071696380645,0.5842468381098139,1.013452025948684,28.578571341464123,100.0,0.3828331122551294,0.255018989329848,0.6213407899143103,0.6217752028147377,0.9844013724378522,1.0092457014370517
09050700,dam,0.22291313888199904,0.35955663456773546,0.7219042312012449,1.0818543447077082,1.5710782030115544,8.028352123148267,0.0,0.6600908778983601,0.22291313888199904,0.35955663456773546,0.7219042312012449,1.0818543447077082,1.5710782030115544,8.028352123148267,0.2,0.6600908778983601,0.22291313888199904,0.35955663456773546,0.7219042312012449,1.0818543447077082,1.5710782030115544,8.028352123148267,6.0,0.6600908778983601,0.22291313888199904,0.35955663456773546,0.7219042312012449,1.0818543447077082,1.5710782030115544,8.028352123148267,0.0,0.6600908778983601,0.22291313888199904,0.35955663456773546,0.7219042312012449,1.0818543447077082,1.5710782030115544,8.028352123148267,0.0,0.6600908778983601,0.43379501049181723,0.623110933848317,0.7229669506506923,0.9595304691645703,1.2523098785756752,2.0070880307870667,0.2,0.7378980198239194,0.22309879263497634,0.35984901722205564,0.7218968695309088,1.0818451832277685,1.570748014063363,8.028352123148267,50.0,0.6621601010799791,0.07869454660249187,0.3251692405562887,0.7180996652451573,1.2399483959619035,1.5642282538404058
09057500,dam,0.10650865501403417,0.49605322783991834,0.5515200816227782,0.9215039231396145,1.2160242530376026,1.3572088082974532,0.0,0.5375784793631251,0.10650865501403417,0.49605322783991834,0.5515200816227782,0.9215039231396145,1.2160242530376026,1.3572088082974532,0.1,0.5375784793631251,0.10650865501403417,0.49605322783991834,0.5515200816227782,0.9215039231396145,1.2160242530376026,1.3572088082974532,6.0,0.5375784793631251,0.13357860948902167,0.5007620086002578,0.5599626846855066,0.905280358346939,1.2159488890288115,2.7144176165949063,-0.5,0.5581164801689604,0.17132111297379993,0.5166918766293263,0.5793127819403605,0.9008196970451181,1.2162689857170963,5.428835233189813,-0.5,0.5466618351495867,0.24899036766295313,0.5007677262334563,0.551520081622778,0.7832783346686722,1.0336206150819625,1.3572088082974532,0.15,0.5833488056931069,0.15556585280962554,0.5015857532280443,0.5653977494851103,0.8867546880314536,1.2161322385711941,1.9136644196994088,50.0,0.5507115644665035,-0.13212136117457352,0.4384785862202798,0.48276307604351726,1.0345988766552443,1.2158128364194465
09109000,dam,0.6006826778895473,0.5450546120455372,0.8552458116693752,0.6264641898723651,1.2156212641046105,47.49043582624104,0.0,0.527358879981707,0.6006826778895473,0.5450546120455372,0.8552458116693752,0.6264641898723651,1.2156212641046105,47.49043582624104,0.1,0.527358879981707,0.6006826778895473,0.5450546120455372,0.8552458116693752,0.6264641898723651,1.2156212641046105,47.49043582624104,4.0,0.527358879981707,0.6094723544036831,0.5970719431289768,0.8415019661460915,0.698583332665945,1.21535409197769,66.96151451499986,-0.25,0.5316889895025704,0.5984289801650458,0.5581124175889534,0.8460777439147498,0.6451993328494949,1.2137499968661114,66.96151451499986,-0.75,0.5398382068351688,0.6233500066115714,0.5430097499699797,0.8552458116693755,0.5951409803787467,1.1548402008993797,47.49043582624104,0.05,0.5279183125968226,0.5876380267098422,0.5391806359779752,0.8449316740687096,0.6219434876321231,1.2130295144029763,94.98087165248208,100.0,0.5884926800604882,0.3258314077137343,0.5795744828726682,0.6623796329728454,0.8612045645144487,1.2085807524883587
09128000,dam,-0.2579239742476287,0.35961045398322333,0.4547579942706297,0.9776345920260865,1.335126415494134,36.84031498640386,0.0,0.43476898082051063,-0.2579239742476287,0.35961045398322333,0.4547579942706297,0.9776345920260865,1.335126415494134,36.84031498640386,0.2,0.43476898082051063,-0.25793109777223,0.35962332347797554,0.4548321241444797,0.97767242768538,1.335224931177723,36.84031498640386,4.0,0.43546882644607454,-0.3518513264563201,0.3455343254868568,0.43923182387556636,1.0330866179170404,1.3358119227734946,51.94484413082944,-0.25,0.44356408965903416,-0.20834752090002717,0.33882898783604254,0.43891247407288264,0.8976514299705549,1.3344438155921354,73.68062997280772,-0.75,0.4469879829980026,-0.14056259006224736,0.3881278669818641,0.45475799427062946,0.928752862424782,1.2683700947194274,36.84031498640386,0.05,0.44083047351985527,-0.2506599453729288,0.32952326218777317,0.42595599717726884,0.9156246052644317,1.335996029044688,51.94484413082944,100.0,0.4413002387746916,-0.6892513112123273,0.29853352380882103,0.46186460315100836,1.3131892786580555,1.3230758233169033
09211200,dam,0.6829863805329832,0.7721981549896224,0.8401596801715608,0.9042893769411454,1.1310886317762157,28.578571341464123,0.0,0.6690131679931333,0.7028410394269339,0.8022707904731492,0.8556593922710087,0.960761566691265,1.1293173407243386,14.289285670732061,0.5,0.6871834015136551,0.7028410394269339,0.8022707904731492,0.8556593922710087,0.960761566691265,1.1293173407243386,14.289285670732061,6.0,0.6883505785105102,0.6108203778270183,0.7506575867126719,0.8030940156951338,0.924667278343861,1.133133968080123,57.157142682928246,-0.25,0.6697376679822536,0.6829863805329832,0.7721981549896224,0.8401596801715608,0.9042893769411454,1.1310886317762157,28.578571341464123,0.0,0.6690131679931333,0.7263614799807637,0.783464385920267,0.8525144264105913,0.8423742882655079,1.0170238875726119,20.290785652439528,0.1,0.67998355027388,0.6829863805329832,0.7721981549896224,0.8401596801715608,0.9042893769411454,1.1310886317762157,28.578571341464123,100.0,0.6690131679931333,0.6241046837249702,0.782341819910567,0.8253982598520153,1.023759015311511,1.127768638125978
09291000,dam,0.6647260159917732,0.741037279416308,0.8267412322744286,0.9067359207242632,1.1683594415979481,280.9220946429914,0.0,0.6535033709869135,0.6647260159917732,0.741037279416308,0.8267412322744286,0.9067359207242632,1.1683594415979481,280.9220946429914,0.1,0.6535033709869135,0.6647260159917732,0.741037279416308,0.8267412322744286,0.9067359207242632,1.1683594415979481,280.9220946429914,6.0,0.6535033709869135,0.6647260159917732,0.741037279416308,0.8267412322744286,0.9067359207242632,1.1683594415979481,280.9220946429914,0.0,0.6535033709869135,0.6712797791794766,0.7438966600594599,0.8297622360242286,0.9029404310492555,1.1648862168900878,280.9220946429914,-0.75,0.6542161325880436,0.6822279486663967,0.7421117716470416,0.8267412322744286,0.816062328651837,1.051523497438153,280.9220946429914,0.1,0.668327292998544,0.7075871297440581,0.7477451546878878,0.847598183254045,0.8704444472591616,1.153693044702699,199.45468719652388,100.0,0.710549275602922,0.5328542161497952,0.6713494244512513,0.7441582297786119,0.8527826141432454,1.1445103135420225
09426000,dam,0.4684650286684815,0.42401936386050587,0.7020416614859012,0.5503990727318264,1.2020730756859324,3.7478133267479534,0.0,0.5239385392667157,0.4927098994997833,0.4311985358694769,0.7260440667175816,0.5443071382231436,1.202057585707651,2.660947461991047,0.1,0.5361455744240057,0.4684650286684815,0.42401936386050587,0.7020416614859012,0.5503990727318264,1.2020730756859324,3.7478133267479534,24.0,0.5239385392667157,0.46793128545289153,0.42102148067202305,0.702771256635892,0.5460721754768533,1.2020414068578347,1.8739066633739767,0.25,0.5259856794633004,0.46710814439909776,0.4221312629394598,0.701356247608055,0.5484147979700278,1.202027205437168,0.9369533316869884,0.25,0.5359085400751334,0.4684650286684815,0.42401936386050587,0.7020416614859012,0.5503990727318264,1.2020730756859324,3.7478133267479534,0.0,0.5239385392667157,0.4684650286684815,0.42401936386050587,0.7020416614859012,0.5503990727318264,1.2020730756859324,3.7478133267479534,inf,0.5239385392667157,0.34676918118858713,0.39546588843190067,0.5902229339365601,0.604104773848532,1.2020178657652543
09510000,dam,0.14652127742619658,0.5139176096291621,0.7386689672151427,1.365198217284687,0.813955801960088,0.4914907944250637,0.0,0.6408010176002793,0.14652127742619658,0.5139176096291621,0.7386689672151427,1.365198217284687,0.813955801960088,0.4914907944250637,0.2,0.6408010176002793,0.14652127742619658,0.5139176096291621,0.7386689672151427,1.365198217284687,0.813955801960088,0.4914907944250637,inf,0.6408010176002793,0.2085595677170201,0.5429250738288753,0.7467032569555143,1.3318823191962412,0.8139559882653594,0.12287269860626593,0.5,0.6466343737532249,0.17871633895977868,0.5306259077269413,0.7411747254767884,1.3445419299052337,0.8139559882653595,0.24574539721253186,0.25,0.6493405673171966,0.14652127742619658,0.5139176096291621,0.7386689672151427,1.365198217284687,0.813955801960088,0.4914907944250637,0.0,0.6408010176002793,0.1503211919826022,0.5141394203733902,0.7405337370030105,1.366231235119519,0.813955801960088,0.4914907944250637,20.0,0.6410139899250472,-0.0064130915629332375,0.448235359182545,0.7182609346083146,1.4364114890076936,0.8139561069244072
10020300,dam,0.7533026904650895,0.6617613605369856,0.8849819779225918,0.7460007428993749,1.1914696038945147,10.349258453288162,0.0,0.8002373331851037,0.7533026904650895,0.6617613605369856,0.8849819779225918,0.7460007428993749,1.1914696038945147,10.349258453288162,0.3,0.8002373331851037,0.7533026904650895,0.6617613605369856,0.8849819779225918,0.7460007428993749,1.1914696038945147,10.349258453288162,12.0,0.8002373331851037,0.7533026904650895,0.6617613605369856,0.8849819779225918,0.7460007428993749,1.1914696038945147,10.349258453288162,0.0,0.8002373331851037,0.752563772393845,0.6642624081890083,0.8837702824352686,0.7499783755747315,1.1915713199558242,14.592454419136306,-0.25,0.8009326218064927,0.7360673870786999,0.6444198673203403,0.8849819779225918,0.6714006686094375,1.0723226435050632,10.349258453288162,0.1,0.8070536131791307,0.7533026904650895,0.6617613605369856,0.8849819779225918,0.7460007428993749,1.1914696038945147,10.349258453288162,50.0,0.8002373331851037,0.7316716462064661,0.6552248006081964,0.8708272261231895,0.7438851471828929,1.1912838591494321
10134500,dam,0.323287453979322,0.33044837660972814,0.6114583488931554,0.494231212661609,0.7962042799910436,22.169591661216124,0.0,0.3547517856342072,0.323287453979322,0.33044837660972814,0.6114583488931554,0.494231212661609,0.7962042799910436,22.169591661216124,0.1,0.3547517856342072,0.323287453979322,0.33044837660972814,0.6114583488931554,0.494231212661609,0.7962042799910436,22.169591661216124,6.0,0.3547517856342072,0.323287453979322,0.33044837660972814,0.6114583488931554,0.494231212661609,0.7962042799910436,22.169591661216124,0.0,0.3547517856342072,0.3437240389133962,0.3461609226725051,0.6305431676406639,0.5006925777448843,0.7957959693237499,11.084795830608062,0.5,0.3605633632338918,0.323287453979322,0.33044837660972814,0.6114583488931554,0.494231212661609,0.7962042799910436,22.169591661216124,0.0,0.3547517856342072,0.323287453979322,0.33044837660972814,0.6114583488931554,0.494231212661609,0.7962042799910436,22.169591661216124,100.0,0.35808308805571953,0.3045156951154564,0.28554413791273114,0.6095696697234358,0.4383188051202818,0.7937827083159912
10293000,dam,0.5324421919590852,0.6378585501257719,0.7321444856754421,0.7626203511800346,1.0552336445388548,8.028352123148267,0.0,0.6716153035944332,,,,,,,,,0.5324421919590852,0.6378585501257719,0.7321444856754421,0.7626203511800346,1.0552336445388548,8.028352123148267,6.0,0.6751782362123411,0.5472228902859206,0.6467340786374522,0.7418920775051647,0.7651501245043085,1.0549786096694713,5.700130007435269,-0.75,0.677603772562491,0.527409724129568,0.6376821163413269,0.7289918056184644,0.7659293322778461,1.0551337456469685,5.700130007435269,0.25,0.6721971766789361,0.5359716094603857,0.6157360094409994,0.7321444856754419,0.7244893336210327,1.0024719623119123,8.028352123148267,0.05,0.674050982062262,0.5324421919590852,0.6378585501257719,0.7321444856754421,0.7626203511800346,1.0552336445388548,8.028352123148267,50.0,0.6716153035944332,0.5126551853260033,0.5988261205822991,0.7178399865244373,0.7201592839704921,1.054912493793403
10337500,dam,0.16156050649765596,0.32550577747588094,0.5509207699320868,0.7916908726121891,1.4581240102711872,61.21938685374067,0.0,0.5858037363986998,,,,,,,,,0.15695537804273285,0.31871609012933,0.5451510259656079,0.7823246272965788,1.4581240102711872,61.21938685374067,6.0,0.5858037363986998,0.16156050649765596,0.32550577747588094,0.5509207699320868,0.7916908726121891,1.4581240102711872,61.21938685374067,0.0,0.5858037363986998,0.1487195695259801,0.3226533510962708,0.5448937062374642,0.7976190108375412,1.459041043246097,86.31933546377434,-0.25,0.5860757345667178,0.2383685637327989,0.38205629702633637,0.5509207699320865,0.7125217853509703,1.3123116092440688,61.21938685374067,0.1,0.5928787104039842,0.16156050649765596,0.32550577747588094,0.5509207699320868,0.7916908726121891,1.4581240102711872,61.21938685374067,inf,0.5858037363986998,0.07859128843313523,0.3729385659743617,0.5423680555463909,0.9224214141717012,1.4216166605801768
10340500,dam,0.3152193527874182,0.49714595995422006,0.5798387606571572,0.7241671583174861,0.9844127618354479,0.4914907944250637,0.0,0.40701014787287737,0.32084414705370845,0.4975814915567467,0.5829674513650096,0.720240730248756,0.9844127618354479,0.4914907944250637,0.1,0.41372522914643006,0.31950564522979263,0.49827109673882675,0.5824321518236133,0.7222842774645206,0.9844127618354479,0.4914907944250637,8.0,0.41166169161328237,0.33302086749547044,0.5057670965824491,0.5917213410994592,0.7219144073006529,0.98440825090085,0.12287269860626593,0.75,0.4109266388722498,0.3161775834916509,0.5046775862553297,0.582481268863516,0.7339549103934127,0.9844303820133635,1.9659631777002549,-0.5,0.40804356553384635,0.3152193527874182,0.49714595995422006,0.5798387606571572,0.7241671583174861,0.9844127618354479,0.4914907944250637,0.0,0.40701014787287737,0.2763757963162943,0.4814051524905113,0.5552957464587237,0.7336622806433764,0.9844127618354479,0.4914907944250637,20.0,0.40701014787287737,0.24928200440315762,0.47528780509608426,0.5405017295784889,0.7471343145479513,0.9844060241955351
10344400,dam,0.21531079789735696,0.5366720690604998,0.5749944461899955,0.8909587669439849,0.8511609583712881,61.21938685374067,0.0,0.44633604071850486,0.21531079789735696,0.5366720690604998,0.5749944461899955,0.8909587669439849,0.8511609583712881,61.21938685374067,0.5,0.44633604071850486,0.21531079789735696,0.5366720690604998,0.5749944461899955,0.8909587669439849,0.8511609583712881,61.21938685374067,8.0,0.4479453332945922,0.21531079789735696,0.5366720690604998,0.5749944461899955,0.8909587669439849,0.8511609583712881,61.21938685374067,0.0,0.44633604071850486,0.21531079789735696,0.5366720690604998,0.5749944461899955,0.8909587669439849,0.8511609583712881,61.21938685374067,0.0,0.44633604071850486,0.21531079789735696,0.5366720690604998,0.5749944461899955,0.8909587669439849,0.8511609583712881,61.21938685374067,0.0,0.44633604071850486,0.33392854850602327,0.5706436971929574,0.628885081623722,0.8435791260690116,0.8511609516377935,61.21938685374067,100.0,0.4497484101299616,0.4126308188216691,0.42956879105642154,0.6613437549304798,0.5661058087390819,0.8502016602152098
10344500,dam,0.19243263454797588,0.3248417281897631,0.48043755003264477,0.6079940763468032,0.8204870244285687,17.19787838771242,0.0,0.424141395141859,0.19243263454797588,0.3248417281897631,0.48043755003264477,0.6079940763468032,0.8204870244285687,17.19787838771242,0.2,0.424141395141859,0.19243263454797588,0.3248417281897631,0.48043755003264477,0.6079940763468032,0.8204870244285687,17.19787838771242,12.0,0.424141395141859,0.19243263454797588,0.3248417281897631,0.48043755003264477,0.6079940763468032,0.8204870244285687,17.19787838771242,0.0,0.424141395141859,0.20657531102006288,0.3361796827494371,0.49265202762796256,0.611268416417794,0.8207147400083024,34.39575677542484,-0.75,0.42711746261172134,0.19243263454797588,0.3248417281897631,0.48043755003264477,0.6079940763468032,0.8204870244285687,17.19787838771242,0.0,0.424141395141859,0.19243263454797588,0.3248417281897631,0.48043755003264477,0.6079940763468032,0.8204870244285687,17.19787838771242,100.0,0.424141395141859,0.2830670483747184,0.3343091586392899,0.5525862598337654,0.5409878479125131,0.8203528858622968
12086500,dam,0.6654833515587637,0.7302385360822452,0.8224313901779019,0.8116665178434966,0.9240320085845122,2.907335362699394,0.0,0.47637684501731936,0.6116271491733424,0.695267619948202,0.788951266642813,0.7937256199120771,0.9240320085845122,2.907335362699394,0.1,0.47637684501731936,0.5986118433899583,0.6849453594303891,0.7806700104263614,0.7869679683747755,0.9240320085845122,2.907335362699394,6.0,0.47637684501731936,0.6751821360512156,0.7395824733499634,0.8282935913842064,0.8195742164851497,0.9239688611827956,5.814670725398788,-0.25,0.49350524216381375,0.6541012247663092,0.7543351307255948,0.8163520539220711,0.855585201483185,0.924045896316812,5.814670725398788,-0.75,0.4959488960691011,0.6654833515587637,0.7302385360822452,0.8224313901779019,0.8116665178434966,0.9240320085845122,2.907335362699394,0.0,0.47637684501731936,0.5735987586444714,0.712253343928002,0.7684924798510822,0.8469762680913454,0.9239332946167425,5.814670725398788,20.0,0.48658483748934145,0.4755350526253549,0.7200051534073066,0.7333972018896654,0.9604796404994373,0.924117173595389
12106700,dam,0.6454282336182476,0.7633243310899702,0.8657188701133351,1.1823481142093721,1.0687976427986923,0.0644544378132592,0.0,0.7988534413290176,0.8037460492822085,0.8722492130113653,0.9109861540202965,1.060528366452934,1.0687976427986925,0.09088075731669547,0.05,0.8051040354871468,0.8097603861855035,0.8676687680450801,0.9159879439250237,1.0756334167554618,1.0687976427986925,0.09088075731669547,8.0,0.8145475807384477,0.6481323697400134,0.7659290688338852,0.8660187920154604,1.1791790196125627,1.0687976427986923,0.04576265084741403,0.5,0.7991159808234064,0.6462232648423208,0.7656410498015648,0.8651324280904822,1.1788903013879937,1.0687976427986925,0.04576265084741403,0.25,0.7990174967443702,0.682968108686139,0.8170981405965683,0.8657188701133354,1.1232307084989035,1.0153577606587576,0.0644544378132592,0.05,0.8031990543014303,0.6454282336182476,0.7633243310899702,0.8657188701133351,1.1823481142093721,1.0687976427986923,0.0644544378132592,2.0,0.7988534413290176,0.6348106988512872,0.7555611237508858,0.8635295285908501,1.1907685071389265,1.0688008091469827
12116500,dam,0.5788972121074096,0.6005374955298239,0.781623573738389,0.7391072020140783,1.209325050793902,13.341112707816194,0.0,0.5786184195300499,0.5788972121074096,0.6005374955298239,0.781623573738389,0.7391072020140783,1.209325050793902,13.341112707816194,0.05,0.5786184195300499,0.5788972121074096,0.6005374955298239,0.781623573738389,0.7391072020140783,1.209325050793902,13.341112707816194,12.0,0.5786184195300499,0.5192893467204998,0.6348904972532372,0.7471556028115321,0.8403214850130271,1.2094694050641854,13.341112707816194,-0.25,0.5833842369302106,0.6354389900278448,0.6560915495027297,0.8161414605360358,0.7987953856062204,1.2097278306192618,18.810968918020833,-0.75,0.6267151080709421,0.586929231304919,0.6222149915283985,0.7719704005710027,0.7121620483815176,1.088731775696282,9.472190022549498,0.1,0.586308056675267,0.5859784075124197,0.6174633420516913,0.7853825993423161,0.7627072588600167,1.2096802828390723,26.682225415632388,50.0,0.6137830036322265,-0.056022680031433625,0.48608718827867925,0.5449691843388834,1.1127980604127523,1.2105467463942716
12342500,dam,0.6239503907708485,0.572842325555968,0.8156059163402337,0.7091254786807456,0.7473054935401181,0.8167347399191549,0.0,0.659375749044814,0.6231974623682468,0.5638506361401439,0.817369923789771,0.6950114604385932,0.7473054935401181,0.8167347399191549,0.75,0.6602388560147763,0.6257348277816224,0.5688930371726038,0.818014971462651,0.7018722602783851,0.7473054935401181,0.8167347399191549,16.0,0.6594433321022768,0.6288574133961711,0.5764584015611669,0.8185399102772611,0.7125886692973328,0.7473056224811099,1.1515959832860083,-0.25,0.6597751072277873,0.6226010947281653,0.5709705557857134,0.8150121005349206,0.7067575776305737,0.7473052775042021,0.40836736995957745,0.25,0.659586266688768,0.6056384258020694,0.5260510126052067,0.8156059163402338,0.6736692047467082,0.7099402188631122,0.8167347399191549,0.05,0.6599730032182887,0.6256660876635192,0.5732797349611589,0.8168362018064611,0.7089902166058124,0.7473054935401181,0.8167347399191549,10.0,0.659375749044814,0.6206498521820132,0.5683565167739659,0.8141350189742281,0.7034942305007272,0.7473052551131362
12362500,dam,-0.23505846759314064,-0.12020339031148253,0.015921568656366087,0.4759215426217333,1.1085681681783783,4.831264020091606,0.0,0.05754634815724102,-0.23505846759314064,-0.12020339031148253,0.015921568656366087,0.4759215426217333,1.1085681681783783,4.831264020091606,0.2,0.05754634815724102,-0.23505846759314064,-0.12020339031148253,0.015921568656366087,0.4759215426217333,1.1085681681783783,4.831264020091606,3.0,0.05754634815724102,-0.2500872147725437,-0.12226625973640592,0.008871471910677175,0.4848302143980814,1.108378459820702,4.831264020091606,0.25,0.05760402873769965,-0.47094073200695075,-0.13474881064671385,-0.06056937128269863,0.611143107802632,1.10787858615943,1.2078160050229014,0.5,0.06829376805278753,-0.29275642179642114,-0.17628414709420115,-0.05486323889879017,0.4827431347865807,0.9420925107203505,6.8120822683291635,0.15,0.07997903076711232,-0.23505846759314064,-0.12020339031148253,0.015921568656366087,0.4759215426217333,1.1085681681783783,4.831264020091606,50.0,0.05754634815724102,0.05091584476673494,-0.010024740588609804,0.27524807843632304,0.3050358867319777,1.1091307017316294
12433000,dam,0.9119366358284736,0.9296647972641118,0.9555168988664136,0.9544223497274799,0.9701508416689271,6.227928126848629,0.0,0.9039679694458963,0.8642476467666911,0.8930713789258902,0.9302438333314408,0.9246552260375991,0.9701508416689271,6.227928126848629,0.1,0.9044061025982435,0.8576366111281066,0.8880928066506659,0.9266848491423005,0.9208979372900772,0.9701508416689271,6.227928126848629,4.0,0.9046777252746426,0.9068388974111391,0.9159587985150865,0.9529781870827181,0.9370690334797812,0.9701408956961018,12.455856253697258,-0.25,0.9056899470536429,0.9109673873320103,0.9293803181068767,0.9550089790564105,0.9544789659857049,0.9701540125408991,8.781378658856566,-0.25,0.9042108935021875,0.9032236472876358,0.870295802490283,0.9555168988664136,0.9067012322411059,0.9216432995854807,6.227928126848629,0.05,0.9041690532672444,0.9031835814511066,0.9302643711570804,0.9509716867210559,0.9603981039082004,0.9701508416689271,6.227928126848629,20.0,0.9039679694458963,0.8350641228129885,0.9123054007250135,0.9197842299502018,1.0191038393662737,0.9701534541565365
12452500,dam,0.30893364141051693,0.3770551424451275,0.5884186214852248,0.5451471090914448,1.1084892254837675,22.169591661216124,0.0,0.15159849341937404,0.30893364141051693,0.3770551424451275,0.5884186214852248,0.5451471090914448,1.1084892254837675,22.169591661216124,0.2,0.15159849341937404,0.301609255425489,0.37072594488796684,0.5818932998958222,0.5423945894997858,1.1084892254837675,22.169591661216124,2.0,0.151636209817682,0.30893364141051693,0.3770551424451275,0.5884186214852248,0.5451471090914448,1.1084892254837675,22.169591661216124,0.0,0.15159849341937404,0.30112799889808384,0.3659424709391309,0.5819697423109095,0.5357682267565005,1.1084827844699954,44.33918332243225,-0.75,0.1658584926557799,0.32054931697048705,0.32124777358559364,0.5884186214852247,0.4633750427277281,0.9422158416612023,22.169591661216124,0.15,0.2568963878615993,0.3166242513085281,0.45525712582319056,0.5961944057910753,0.6510196726019247,1.1090805763695841,44.33918332243225,50.0,0.20137953173852075,0.19086681471749334,0.5029595793574315,0.5489064218523552,0.8220557902274984,1.10908538726583
13032500,dam,0.638316656291059,0.6337841194212914,0.8623116035171936,0.7981414024023247,0.7272197161854761,362.1335135907445,0.0,0.6544311360115491,0.638316656291059,0.6337841194212914,0.8623116035171936,0.7981414024023247,0.7272197161854761,362.1335135907445,0.5,0.6544311360115491,0.6358308497219267,0.6324417593160682,0.8608692836761915,0.7966957432027968,0.7272197161853006,362.1335135907445,4.0,0.6544311360115491,0.624938576648495,0.6567455399108006,0.8539528173927808,0.8593276915717409,0.7230430602691349,1448.534054362978,-0.25,0.6791679308400959,0.5939489911832204,0.6050354827225314,0.8382456761878255,0.7689213610186368,0.7235308855535381,1448.534054362978,0.75,0.6933817746939077,0.638316656291059,0.6337841194212914,0.8623116035171936,0.7981414024023247,0.7272197161854761,362.1335135907445,0.0,0.6544311360115491,0.638316656291059,0.6337841194212914,0.8623116035171936,0.7981414024023247,0.7272197161854761,362.1335135907445,inf,0.6544311360115491,0.47022867331527196,0.4866857875308259,0.7695680391094004,0.6336197786201824,0.7240323832319497
13039500,dam,0.10569060579541523,0.4998809536196517,0.5435319705606246,0.9416329576376177,1.1958297398711197,101.73130517833803,0.0,0.44479132358493934,0.07671712183652302,0.5032969308171444,0.5448622357428118,0.9787783564819659,1.1977705648700794,143.4411403014566,0.2,0.4474539474458896,0.1050993124198083,0.4978915738292432,0.5417942791997244,0.9382658762143352,1.1958297398711197,101.73130517833803,4.0,0.4493023095376599,0.0992240643159421,0.5165759707235361,0.5566867458904189,0.9817227280418416,1.1919325197626314,72.22922667662,-0.25,0.44743637363642663,0.11511718913203028,0.4991519551623119,0.5443697839151785,0.9314206335161711,1.196333238910049,143.4411403014566,-0.75,0.4555871698991467,0.1779856132656069,0.5238058901107308,0.5450605987001459,0.8829188995257412,1.0779935083830712,143.4411403014566,0.1,0.45978830868399834,0.07246526578279033,0.45504976867432245,0.5038887258826767,0.8908224678909573,1.197293245698312,143.4411403014566,100.0,0.46972273825882604,0.0371273233960524,0.42649581986353324,0.4732330803746756,0.8712567588711317,1.186678426407772
13042500,dam,0.37820332882826035,0.7033867475439779,0.7161448709129852,1.0798554484776193,1.0320748276998084,78.91722325860573,0.0,0.6087142396906536,0.41550891109482513,0.7102823773035052,0.7121391046813087,1.0112181117326484,1.0307662122527905,56.03122851361007,0.3,0.6134189444724918,0.4152924715523614,0.7103282592563819,0.7122092334559804,1.0118166095416483,1.0307662122527905,56.03122851361007,3.0,0.6150849311198004,0.45741595336992125,0.7235831617078974,0.7255529514083849,0.9845125981892614,1.0290727775746806,39.458611629302865,-0.25,0.6140482860356965,0.4106956200024371,0.7162583322100116,0.7239266261659204,1.0570665327039162,1.0321906375405268,111.27328479463408,-0.75,0.6172544178033617,0.4160580226659103,0.7143008736600867,0.7161448709129852,1.0258626760537384,0.9804710863148179,78.91722325860573,0.05,0.6158789145521548,0.6448896352818257,0.741600535112437,0.8051336637190617,0.8335777660360804,1.033181839627748,157.83444651721146,100.0,0.6721325264299894,0.5274093037006862,0.5906668969023681,0.7281510637991674,0.6951855819624113,1.027201392141181
13046000,dam,0.6008149386598284,0.7282070757890167,0.8478300565495374,0.8336887245012032,0.8481571154008075,1.7495626146803187,0.0,0.682488916659986,0.6008149386598284,0.7282070757890167,0.8478300565495374,0.8336887245012032,0.8481571154008075,1.7495626146803187,0.2,0.682488916659986,0.6008149386598284,0.7282070757890167,0.8478300565495374,0.8336887245012032,0.8481571154008075,1.7495626146803187,6.0,0.682488916659986,0.5985712409441339,0.7574189707029708,0.8473722087632584,0.8882221660839817,0.8481578814622149,2.4668832866992494,-0.25,0.6859231274661488,0.5986707055067579,0.7620260534451999,0.847883473054222,0.8977902181423342,0.8481931425744226,6.998250458721275,-0.75,0.6864313290643451,0.6008149386598284,0.7282070757890167,0.8478300565495374,0.8336887245012032,0.8481571154008075,1.7495626146803187,0.0,0.682488916659986,0.6008149386598284,0.7282070757890167,0.8478300565495374,0.8336887245012032,0.8481571154008075,1.7495626146803187,20.0,0.682488916659986,0.5676019534721862,0.6403045605211034,0.836309096073909,0.7179936500712929,0.8481496929418205
13147900,dam,0.9017841095305235,0.8010989892464033,0.961829656300974,0.818197356263223,0.9289195127266342,2.255341494966317,0.0,0.8960882389269775,0.9017841095305235,0.8010989892464033,0.961829656300974,0.818197356263223,0.9289195127266342,2.255341494966317,0.3,0.8960882389269775,0.9017841095305235,0.8010989892464033,0.961829656300974,0.818197356263223,0.9289195127266342,2.255341494966317,16.0,0.8960882389269775,0.9030403811891257,0.8029109323914618,0.9622640019666164,0.8201312009546242,0.9288149583606105,2.255341494966317,-0.25,0.8969834995436945,0.9017841095305235,0.8010989892464033,0.961829656300974,0.818197356263223,0.9289195127266342,2.255341494966317,0.0,0.8960882389269775,0.9017841095305235,0.8010989892464033,0.961829656300974,0.818197356263223,0.9289195127266342,2.255341494966317,0.0,0.8960882389269775,0.9017841095305235,0.8010989892464033,0.961829656300974,0.818197356263223,0.9289195127266342,2.255341494966317,20.0,0.8960882389269775,0.9044255261452171,0.8050779437328917,0.9626907429320873,0.8228423913520821,0.9277655964613167
13174500,dam,0.3167529764503827,0.258596349019122,0.6133424261789077,0.3929180253386996,0.8221608301416745,2.255341494966317,0.0,0.5542022363592956,0.3167529764503827,0.258596349019122,0.6133424261789077,0.3929180253386996,0.8221608301416745,2.255341494966317,0.3,0.5542022363592956,0.3167529764503827,0.258596349019122,0.6133424261789077,0.3929180253386996,0.8221608301416745,2.255341494966317,32.0,0.5542022363592956,0.3373103289419057,0.3294278269933154,0.5997762591010141,0.49219556597890934,0.8221724059088464,9.021365979865267,-0.5,0.579865048686887,0.32503729540510706,0.2773513167206174,0.6109939663165276,0.41752164583504553,0.8221956352263413,9.021365979865267,-0.75,0.5583750592020317,0.3167529764503827,0.258596349019122,0.6133424261789077,0.3929180253386996,0.8221608301416745,2.255341494966317,0.0,0.5542022363592956,0.3154444741947493,0.26466951898421587,0.6048981348949463,0.40587921270436356,0.8221632135787832,3.1800315079025068,50.0,0.5612436354157899,0.3003753810257831,0.23198043148231096,0.6106451185904931,0.3623261156178648,0.8221549800368719
13190500,dam,0.4615419122662582,0.568849063938959,0.7014528718655016,0.735593000187551,0.8361412791483624,8.028352123148267,0.0,0.6167371111276323,0.4615419122662582,0.568849063938959,0.7014528718655016,0.735593000187551,0.8361412791483624,8.028352123148267,0.3,0.6167371111276323,0.4615419122662582,0.568849063938959,0.7014528718655016,0.735593000187551,0.8361412791483624,8.028352123148267,8.0,0.6167371111276323,0.45802961080683513,0.5887454204077719,0.7014182209369603,0.7694919545864796,0.8361546721851097,11.319976493639055,-0.25,0.6178541021371184,0.471474281760489,0.5759596649842806,0.7083342254694521,0.7393873551825519,0.8362247544682232,16.056704246296533,-0.75,0.6241794946743453,0.4615419122662582,0.568849063938959,0.7014528718655016,0.735593000187551,0.8361412791483624,8.028352123148267,0.0,0.6167371111276323,0.4615419122662582,0.568849063938959,0.7014528718655016,0.735593000187551,0.8361412791483624,8.028352123148267,50.0,0.6167371111276323,0.40285718421833316,0.5003993369409441,0.6576599228356627,0.6751438794695692,0.8360713720850378
13202000,dam,0.4829596882339996,0.52002069795819,0.7661921933330106,0.6893061489600113,0.7186046005065895,169.05197822404836,0.0,0.6325774356097744,0.4829596882339996,0.52002069795819,0.7661921933330106,0.6893061489600113,0.7186046005065895,169.05197822404836,0.1,0.6325774356097744,0.4829596882339996,0.52002069795819,0.7661921933330106,0.6893061489600113,0.7186046005065895,169.05197822404836,6.0,0.6325774356097744,0.4980137228994509,0.5692153139572806,0.772063995572036,0.7664369544151921,0.7188080240271988,338.1039564480967,-0.25,0.6600963191988685,0.4847621750469039,0.5257392279809996,0.7667524609438557,0.6981274128328149,0.7182344830940078,238.36328929590817,-0.75,0.6376208215453395,0.4829596882339996,0.52002069795819,0.7661921933330106,0.6893061489600113,0.7186046005065895,169.05197822404836,0.0,0.6325774356097744,0.4829596882339996,0.52002069795819,0.7661921933330106,0.6893061489600113,0.7186046005065895,169.05197822404836,inf,0.6325774356097744,0.40518646610332276,0.48990202749224154,0.7128659174000799,0.6916965106857749,0.7124188485962586
13215000,dam,0.3513961698615832,0.44817607223700295,0.5936990322020004,0.6265979269284484,0.9997497120500796,2.907335362699394,0.0,0.5013122623344822,0.3513961698615832,0.44817607223700295,0.5936990322020004,0.6265979269284484,0.9997497120500796,2.907335362699394,0.2,0.5013122623344822,0.3513961698615832,0.44817607223700295,0.5936990322020004,0.6265979269284484,0.9997497120500796,2.907335362699394,6.0,0.5013122623344822,0.32262494138515396,0.48186223733285094,0.5798920575311075,0.6967245390267442,0.9997707670795075,11.629341450797575,-0.75,0.5254025651009591,0.36671663019814404,0.47023204546196307,0.6067761456335032,0.6449943270883465,0.9997587260564773,11.629341450797575,-0.75,0.5046498921958045,0.3513961698615832,0.44817607223700295,0.5936990322020004,0.6265979269284484,0.9997497120500796,2.907335362699394,0.0,0.5013122623344822,0.34809888176058235,0.45954540424396706,0.5923564573155877,0.6451509457529121,0.9997532583009726,5.814670725398788,20.0,0.5027765819729577,0.32466955944218834,0.42512279756369786,0.5715794187110944,0.6166730668241086,0.9997436583704125
13217500,dam,0.4106892812126557,0.5676639564062338,0.648601524506273,0.7483022245936362,1.00904410672665,0.4914907944250637,0.0,0.6032099762243743,0.41038579909699036,0.5665007968547358,0.6482068338508943,0.7468570927087158,1.00904410672665,0.4914907944250637,0.1,0.6032099762243743,0.4106892812126557,0.5676639564062338,0.648601524506273,0.7483022245936362,1.00904410672665,0.4914907944250637,8.0,0.6032099762243743,0.4118900201573269,0.5830644887661944,0.6524709507512522,0.7698329132607138,1.0090494551220552,1.9659631777002549,-0.75,0.6136918775074979,0.40989366116442083,0.573780112838014,0.6493880977067702,0.7578166237095525,1.0090497752048466,1.9659631777002549,-0.75,0.6056919082296055,0.4106892812126557,0.5676639564062338,0.648601524506273,0.7483022245936362,1.00904410672665,0.4914907944250637,0.0,0.6032099762243743,0.4053539503268385,0.5741471723292058,0.6470090287353221,0.7619535477436266,1.0090493982664415,1.9659631777002549,5.0,0.6062914841124443,0.3933976190258598,0.5616753889726723,0.6378026281720497,0.753302277699757,1.0090422499996299
13236500,dam,0.37405361712444607,0.6095889147529525,0.6703013717012637,0.9037978712794188,0.8143530759443136,169.05197822404836,0.0,0.603023090778323,0.37673796077324617,0.6096883182512802,0.6711522119152716,0.9013209203024396,0.8143530759443128,169.05197822404836,0.1,0.6059378289242567,0.45765205706442624,0.6109980146696907,0.7022846850919329,0.8276422451393618,0.8183934467054872,238.36328929590817,4.0,0.6195668408436863,0.2770736781376487,0.6004210466725863,0.6469692059136267,0.9940221473322641,0.8129255131065195,338.1039564480967,-0.5,0.6442507052652646,0.3997280681874672,0.6200719254225562,0.683785225326907,0.900764043722217,0.8142426768275267,169.05197822404836,-0.75,0.6159514285131282,0.37405361712444607,0.6095889147529525,0.6703013717012637,0.9037978712794188,0.8143530759443136,169.05197822404836,0.0,0.603023090778323,0.4671518647853383,0.6251863105804991,0.7114533817243585,0.8476609464217951,0.8155576957071777,238.36328929590817,100.0,0.6699770847474045,0.2730244013316604,0.48764127218681064,0.5787613581912038,0.7790814600857231,0.8095676725564314
13239000,dam,0.630664184971491,0.46926630171544437,0.8699391070509385,0.5391302212699719,0.7711737128880743,4.831264020091606,0.0,0.7443693434459795,0.630664184971491,0.46926630171544437,0.8699391070509385,0.5391302212699719,0.7711737128880743,4.831264020091606,0.5,0.7443693434459795,0.630664184971491,0.46926630171544437,0.8699391070509385,0.5391302212699719,0.7711737128880743,4.831264020091606,12.0,0.7443693434459795,0.7631813822227044,0.5970067380906093,0.9135301435718479,0.6797278060766879,0.7711938486989174,19.325056080366423,-0.75,0.8109947846671111,0.6383061207276595,0.4801367358025045,0.8693799570609925,0.5518616218886618,0.7711589811497376,1.2078160050229014,0.5,0.7452955435798387,0.630664184971491,0.46926630171544437,0.8699391070509385,0.5391302212699719,0.7711737128880743,4.831264020091606,0.0,0.7443693434459795,0.6261983798107491,0.46013050858955384,0.8729133988290568,0.5278277921296489,0.7711737128880743,4.831264020091606,20.0,0.7446797153766541,0.6087877183439127,0.4257888354784529,0.8867704639040728,0.4856763662001475,0.771157841883084
13240000,dam,0.8012989474116248,0.7291959629672059,0.9044257338470812,0.8936850061791831,0.7700054169953787,0.1999999999999996,0.0,0.8118008962511369,0.8012989474116248,0.7291959629672059,0.9044257338470812,0.8936850061791831,0.7700054169953787,0.1999999999999996,0.75,0.8118127487652396,0.8012989474116248,0.7291959629672059,0.9044257338470812,0.8936850061791831,0.7700054169953787,0.1999999999999996,24.0,0.8118008962511369,0.8014530245485126,0.7291445469568896,0.904514553733403,0.8934760287316958,0.7700046749612355,0.1999999999999996,0.5,0.8119341852343853,0.8012125391431054,0.7291439838999139,0.9043784659992368,0.8935949782877183,0.7700054890929788,0.0999999999999998,0.5,0.8119059951645669,0.7596257437421923,0.5684004617533438,0.9044257338470817,0.7596322552523056,0.6545046044460718,0.1999999999999996,0.15,0.8409666939339432,0.8018035494204316,0.7293824643756558,0.9047053131340145,0.8939091661309171,0.7700054169953787,0.1999999999999996,0.5,0.8120441988895939,0.802162968028809,0.7296326891597706,0.9049008458024257,0.8943756646400552,0.7700040578148103
13245000,dam,0.21541386023775633,0.2757312408791637,0.5499788033216784,0.49606707383510573,0.7390445173874772,4.831264020091606,0.0,0.38042138762584443,0.21541386023775633,0.2757312408791637,0.5499788033216784,0.49606707383510573,0.7390445173874772,4.831264020091606,0.2,0.38042138762584443,0.21276610138097474,0.27357352558536396,0.5473922808051969,0.4952783823232638,0.7390445173874772,4.831264020091606,3.0,0.38042138762584443,0.2310418849175918,0.2938471468368188,0.5643041265441519,0.5095663150005785,0.738665428039199,4.831264020091606,-0.25,0.38528190343458224,0.21541386023775633,0.2757312408791637,0.5499788033216784,0.49606707383510573,0.7390445173874772,4.831264020091606,0.0,0.38042138762584443,0.21541386023775633,0.2757312408791637,0.5499788033216784,0.49606707383510573,0.7390445173874772,4.831264020091606,0.0,0.38042138762584443,0.2364768308457469,0.3351891118924649,0.5663362601410113,0.5690318123847685,0.7388952337825148,4.831264020091606,50.0,0.39507063886802474,0.1909136273948896,0.37910191001399873,0.5413481282752547,0.6734664141921638,0.7382200999864033
13249500,dam,0.8064482620534732,0.7129502044259843,0.9205581402588875,0.74186944839259,0.9027621761513976,2.907335362699394,0.0,0.8521977390832295,0.8064482620534732,0.7129502044259843,0.9205581402588875,0.74186944839259,0.9027621761513976,2.907335362699394,0.5,0.8521977390832295,0.8064482620534732,0.7129502044259843,0.9205581402588875,0.74186944839259,0.9027621761513976,2.907335362699394,8.0,0.8521977390832295,0.8212295977954018,0.7270368593954037,0.9272453293901769,0.755720234872854,0.9023115647448116,2.0642081075165697,-0.75,0.8550201068227099,0.8064482620534732,0.7129502044259843,0.9205581402588875,0.74186944839259,0.9027621761513976,2.907335362699394,0.0,0.8521977390832295,0.8064482620534732,0.7129502044259843,0.9205581402588875,0.74186944839259,0.9027621761513976,2.907335362699394,0.0,0.8521977390832295,0.8064482620534732,0.7129502044259843,0.9205581402588875,0.74186944839259,0.9027621761513976,2.907335362699394,50.0,0.8521977390832295,0.8083230781176427,0.7247880398677777,0.918679859353383,0.7560277130779895,0.9019888733914434
14138850,dam,0.830392576840895,0.7298411390691795,0.9296719684447343,0.7758052734780067,0.8666714482313386,0.012499999999999975,0.0,0.8006039446331468,0.8129126387541464,0.7231754342457124,0.9192665664666512,0.7712262029902952,0.8666714482313386,0.012499999999999975,0.2,0.8006039446331468,0.825294592618476,0.7283429773467311,0.9265433067983165,0.774999667858059,0.8666714482313386,0.012499999999999975,16.0,0.8006039446331468,0.8305154646681445,0.7299837223467525,0.9297201278566112,0.7759608682761422,0.8666733439043621,0.0999999999999998,-0.75,0.8010625101555382,0.8312377748022044,0.73079372802776,0.9300104059460244,0.7768412377751307,0.8666821826025658,0.1999999999999996,-0.75,0.8013384509318504,0.830392576840895,0.7298411390691795,0.9296719684447343,0.7758052734780067,0.8666714482313386,0.012499999999999975,0.0,0.8006039446331468,0.831691177837853,0.7305785260584872,0.9303759803682398,0.7764738856544834,0.8666714482313387,0.012499999999999975,0.5,0.8007046416988097,0.83500476663906,0.7345845913866177,0.9316333996690367,0.780924956000694,0.8666678126433937
14140000,dam,0.7286668647777648,0.5651366971331432,0.915858323982589,0.591627198358258,0.8764770247422481,0.0644544378132592,0.0,0.7236604033655625,0.7275261499939253,0.5646684675983766,0.9150788213574771,0.5912898201603204,0.8764770247422481,0.0644544378132592,0.1,0.7236604033655625,0.7078740226035074,0.5566067408832249,0.9014018784075137,0.5857318896751745,0.8764770247422481,0.0644544378132592,12.0,0.7236615799375158,0.7339582822819337,0.5713382015446137,0.9168454637657567,0.5980280022390656,0.8764897835207243,0.2578177512530368,-0.75,0.7294655948507409,0.7333636658194236,0.5689380212254864,0.9178303803226274,0.5952686231266175,0.8764884793986766,0.2578177512530368,-0.75,0.7279204822137962,0.7286668647777648,0.5651366971331432,0.915858323982589,0.591627198358258,0.8764770247422481,0.0644544378132592,0.0,0.7236604033655625,0.7294244271596271,0.5655708443129299,0.9162956494304157,0.5919954703065021,0.8764905802932732,0.2578177512530368,1.0,0.7246361093031406,0.7265204158977143,0.568970431890358,0.9113317923873788,0.5966913641428557,0.8764419901965111
14140001,dam,0.6515676602800105,0.44271180975871927,0.9190618772668007,0.588604955190751,0.6328852163461359,0.0644544378132592,0.0,0.603050404755352,0.650389609180767,0.44234542935640453,0.9182492396163268,0.588269300441222,0.6328852163461359,0.0644544378132592,0.1,0.603050404755352,0.6306633387913338,0.43608225731711947,0.9044811547628855,0.5827397618513116,0.6328852163461359,0.0644544378132592,12.0,0.6030515081275083,0.6567177062553329,0.4475219607143347,0.9198834421519517,0.5949730614777883,0.632894429185775,0.2578177512530368,-0.75,0.6086030465791544,0.6562490936669209,0.44566592036196384,0.92100066132675,0.5922277782600055,0.6328934875072815,0.2578177512530368,-0.75,0.607288475786918,0.6515676602800105,0.44271180975871927,0.9190618772668007,0.588604955190751,0.6328852163461359,0.0644544378132592,0.0,0.603050404755352,0.6524609496553384,0.44306820096612276,0.9196109674461913,0.5889713458742688,0.6328950045181029,0.2578177512530368,1.0,0.6042778151354599,0.6495626491765878,0.44573393911843284,0.9145996499598836,0.5936432514066674,0.6328599186538607
14145500,dam,0.4524620610769463,0.591594950295019,0.6914693631809676,0.7619857635401833,1.1222814540763268,2.255341494966317,0.0,0.46283897344133984,0.4536871383726253,0.5916936093738457,0.692202339618862,0.7612072972659456,1.1222814540763268,2.255341494966317,0.05,0.46283897344133984,0.44759691280767555,0.5609995100080545,0.6851808181494398,0.7195404504369813,1.1222814540763268,2.255341494966317,3.0,0.46793866462300204,0.4524620610769463,0.591594950295019,0.6914693631809676,0.7619857635401833,1.1222814540763268,2.255341494966317,0.0,0.46283897344133984,0.4524620610769463,0.591594950295019,0.6914693631809676,0.7619857635401833,1.1222814540763268,2.255341494966317,0.0,0.46283897344133984,0.47795770921801506,0.5595208125149067,0.6914693631809673,0.685787187186165,1.0100533086686938,2.255341494966317,0.1,0.500261993025511,0.4524620610769463,0.591594950295019,0.6914693631809676,0.7619857635401833,1.1222814540763268,2.255341494966317,50.0,0.46283897344133984,0.4256630020353104,0.5626933648182435,0.6714760910609309,0.7385763314063222,1.1223388733330784
14150000,dam,0.49545765593598756,0.6103727982980596,0.7145297993681421,0.7512359507928306,1.0918290187214494,6.227928126848629,0.0,0.48824095801859846,0.49975983240879684,0.610861468896494,0.7172896123884712,0.7488604681723938,1.0918290187214494,6.227928126848629,0.05,0.48824095801859846,0.4887427118790211,0.5852937448038102,0.7089403238072324,0.7192278961255868,1.0918290187214494,6.227928126848629,3.0,0.4929626836773341,0.47572144688677154,0.6101612790285404,0.7024635513128118,0.7654706948165242,1.091881962764385,6.227928126848629,-0.25,0.490712312883252,0.49545765593598756,0.6103727982980596,0.7145297993681421,0.7512359507928306,1.0918290187214494,6.227928126848629,0.0,0.48824095801859846,0.5085859496702502,0.5679148245650765,0.7145297993681422,0.6761123557135476,0.9826461168493045,6.227928126848629,0.1,0.5108210182959069,0.49547437591098953,0.6103552852741521,0.7145390692191144,0.7511978857964556,1.0918290187214494,6.227928126848629,20.0,0.48824095801859846,0.43618589578309597,0.5837377107668078,0.6756015808145489,0.7559199830747247,1.0920049151154188
14151000,dam,0.46251422934068676,0.5973252037584713,0.6880097202329599,0.7599409621640947,1.0847391008468938,10.349258453288162,0.0,0.429996769668731,0.46264687061478627,0.5972973359497817,0.6880835200041222,0.7597983556930052,1.0847391008468938,10.349258453288162,0.05,0.429996769668731,0.4674196645464166,0.597540536506447,0.6909360890192014,0.7565407560341332,1.0847391008468938,10.349258453288162,6.0,0.429996769668731,0.41020841129561203,0.6099700819433913,0.6639091429384543,0.8214424959953519,1.0853433684741272,7.347973501834594,-0.75,0.46916044687695546,0.45147556811533074,0.5975091324054742,0.6816620366878269,0.7686242519275508,1.0844103241029561,7.347973501834594,0.25,0.4371269085894074,0.46251422934068676,0.5973252037584713,0.6880097202329599,0.7599409621640947,1.0847391008468938,10.349258453288162,0.0,0.429996769668731,0.46251422934068676,0.5973252037584713,0.6880097202329599,0.7599409621640947,1.0847391008468938,10.349258453288162,50.0,0.429996769668731,0.384496220224789,0.5791221775317563,0.6428335543586496,0.7944063954731408,1.085449056935628
14153500,dam,0.7130918845245713,0.8222482830702564,0.8495882207637384,0.9300894423159113,0.9360900362795168,0.0644544378132592,0.0,0.6639545198257563,0.7197581036575436,0.8240216779912207,0.8529573590327458,0.9274579563863322,0.9360900362795166,0.0322272189066296,0.05,0.6733381933513243,0.7156358028930745,0.8238297662773704,0.8510338974923913,0.9310031298476148,0.9360900362795168,0.04576265084741403,12.0,0.6651596127437283,0.7108423684158471,0.8225190585627447,0.8486295979633521,0.9329030365965454,0.9360900362795166,0.0161136094533148,0.5,0.66481372722452,0.7111398782857985,0.8206580076558884,0.8484085562492693,0.9285920106936839,0.9360900362795168,0.0161136094533148,0.25,0.6657973599333714,0.7139586108987828,0.779923069416836,0.8495882207637384,0.8835849702001156,0.8892855344655409,0.0644544378132592,0.05,0.6648702292735842,0.7130918845245713,0.8222482830702564,0.8495882207637384,0.9300894423159113,0.9360900362795168,0.0644544378132592,10.0,0.6639545198257563,0.6913497986650868,0.8184986617162637,0.8394234320216142,0.9445617863830709,0.936089859286387
14155500,dam,0.7024597536563855,0.7798440488631319,0.8383731419710928,0.8518028007031513,1.0195701738687382,0.4914907944250637,0.0,0.6878212277260488,0.7283688666319336,0.7813837229570499,0.8537112362992735,0.8387248236777269,1.0195701738687382,0.4914907944250637,0.05,0.6928501885118095,0.7353496727785734,0.775705450523011,0.8582157872773689,0.8273086850983624,1.0195701738687382,0.4914907944250637,6.0,0.6980031911838352,0.737491346234747,0.7966685074779725,0.8589161423476975,0.8548929228653904,1.0195698013947683,0.12287269860626593,0.75,0.6964823888301845,0.7024597536563855,0.7798440488631319,0.8383731419710928,0.8518028007031513,1.0195701738687382,0.4914907944250637,0.0,0.6878212277260488,0.7024597536563855,0.7798440488631319,0.8383731419710928,0.8518028007031513,1.0195701738687382,0.4914907944250637,0.0,0.6878212277260488,0.7024597536563855,0.7798440488631319,0.8383731419710928,0.8518028007031513,1.0195701738687382,0.4914907944250637,50.0,0.6878212277260488,0.48479731185391717,0.7253436489437171,0.730481120050703,0.950880643841033,1.0195697055919886
14159500,dam,0.37954501593143575,0.4191424661269093,0.6274647975799036,0.5630019505530457,0.9125602928041057,6.227928126848629,0.0,0.35122623717080736,0.37954501593143575,0.4191424661269093,0.6274647975799036,0.5630019505530457,0.9125602928041057,6.227928126848629,0.05,0.35122623717080736,0.37954501593143575,0.4191424661269093,0.6274647975799036,0.5630019505530457,0.9125602928041057,6.227928126848629,6.0,0.35122623717080736,0.3791544937686012,0.4300799233886968,0.6254956213466798,0.5793474227459638,0.9127831819907344,4.421828970062526,-0.75,0.3645119305527009,0.39782458814305277,0.4242503339880138,0.644866689695765,0.5553421372087335,0.9125506153070662,12.455856253697258,-0.75,0.36285871812538306,0.37954501593143575,0.4191424661269093,0.6274647975799036,0.5630019505530457,0.9125602928041057,6.227928126848629,0.0,0.35122623717080736,0.4213261395117902,0.4454705665775952,0.6637301274443209,0.56782097519832,0.9125542690314188,12.455856253697258,20.0,0.3581939992142138,0.40751367861329135,0.4456055105837272,0.6500149442850723,0.5789803602899306,0.912786620007294
14162200,dam,0.3739779255083857,0.4323561491706943,0.6212102742761428,0.5978200551253452,0.8696574627721717,6.227928126848629,0.0,0.400498973019619,0.3750187308384325,0.4327962747878705,0.6220891649727416,0.5976142526722283,0.8696574627721717,6.227928126848629,0.05,0.400498973019619,0.38516964881175575,0.4372588837376754,0.6306788677442956,0.5959080696295163,0.8696574627721717,6.227928126848629,6.0,0.400498973019619,0.37941253274016595,0.43607349154448916,0.6257218106029062,0.5988575043609939,0.8695636474253957,8.781378658856566,-0.25,0.41328598172759023,0.3739779255083857,0.4323561491706943,0.6212102742761428,0.5978200551253452,0.8696574627721717,6.227928126848629,0.0,0.400498973019619,0.3739779255083857,0.4323561491706943,0.6212102742761428,0.5978200551253452,0.8696574627721717,6.227928126848629,0.0,0.400498973019619,0.42065073884291904,0.47044017954164596,0.6586260844827938,0.6167226167793777,0.8696316727119361,8.781378658856566,20.0,0.41708557135654845,0.3277880698278566,0.4673374098815841,0.5901540224971693,0.6856992078567772,0.8697282774561137
14169000,dam,0.6411163530576799,0.7020037195542375,0.8014257090549766,0.7825087734728251,0.9545291244982474,17.19787838771242,0.0,0.6301168816881626,0.6434340317577003,0.7024433106900296,0.8029268977759187,0.7817465344742505,0.9545291244983398,17.19787838771242,0.1,0.6320753336958891,0.6679917169085752,0.7111353577487571,0.8187286318443702,0.7796894335835728,0.9547592334813213,12.210493655275819,8.0,0.649708266069282,0.5957972218183858,0.7056558596634273,0.773655538473947,0.8175066546989467,0.9541433035665714,24.249008526674512,-0.25,0.6580988080781262,0.6610978985196231,0.6957792160382166,0.8152934847267646,0.7628123240612555,0.9533545822966795,17.19787838771242,0.5,0.6391968989452684,0.6411163530576799,0.7020037195542375,0.8014257090549766,0.7825087734728251,0.9545291244982474,17.19787838771242,0.0,0.6301168816881626,0.6411163530576799,0.7020037195542375,0.8014257090549766,0.7825087734728251,0.9545291244982474,17.19787838771242,50.0,0.6301168816881626,0.3731369137967949,0.6327589602957797,0.6539214108444878,0.8856282044546252,0.9551147713062091
14181500,dam,0.4742857705029997,0.5279164139882401,0.706204277640593,0.6523525501269734,0.874747310201264,13.341112707816194,0.0,0.504159739014356,0.47929403349497823,0.5219536150544589,0.7112549375650388,0.6401856051001955,0.8747473102012641,13.341112707816194,0.05,0.504159739014356,0.43308815535211265,0.48056100191744555,0.6773567281578363,0.6126629948453484,0.8747473102012693,13.341112707816194,3.0,0.5048584863177378,0.4525754540129381,0.5388599995904299,0.6885590762923386,0.6837985996185699,0.8748148354848725,13.341112707816194,-0.25,0.5059649578084167,0.4772728169939727,0.5192276218271239,0.7099026586227807,0.6375677167953083,0.874986191839036,13.341112707816194,-0.25,0.505142400170693,0.4742857705029997,0.5279164139882401,0.706204277640593,0.6523525501269734,0.874747310201264,13.341112707816194,0.0,0.504159739014356,0.4742857705029997,0.5279164139882401,0.706204277640593,0.6523525501269734,0.874747310201264,13.341112707816194,50.0,0.504159739014356,0.3479871823972239,0.4718760115378131,0.6102924571776164,0.6661010990359562,0.875282310029604
14208700,dam,0.32817353921191317,0.5121869973171014,0.5906980255926366,0.734633170632105,0.9962763990586702,22.169591661216124,0.0,0.13796604181767358,0.2933635251835809,0.4672416158570387,0.5596109458917876,0.7002082194383529,0.9962763990586702,22.169591661216124,0.02,0.13796604181767358,0.270494906950022,0.4312011662871811,0.5368527579896072,0.6698290136198225,0.9962763990586702,22.169591661216124,2.0,0.13796604181767358,0.3235699673014234,0.5209164298032597,0.5908948243809596,0.7507267342559067,0.9958937243828732,22.169591661216124,-0.25,0.14068598935564613,0.3187051093949028,0.5118390564511368,0.5857380892185169,0.7417860893241539,0.9962915750409344,31.259124242314734,-0.25,0.13821041282071278,0.3183101880953527,0.4586909816297663,0.5906980255926363,0.6611698535688944,0.8966487591528031,22.169591661216124,0.1,0.1553735432720177,0.3287465757713661,0.5123229308981565,0.5910353086883156,0.7343631430239158,0.9962763990586702,22.169591661216124,50.0,0.13796604181767358,0.30301508470213767,0.4912910308683748,0.5716568448745851,0.7256308339350103,0.99465982725301
14210000,dam,0.9047799383727092,0.8930449295745282,0.952777913008349,0.910218417591189,0.966107094399558,0.1071071505329564,0.0,0.9104854228850479,0.8867006855041615,0.8824773871931819,0.9431411099796847,0.9028923170055093,0.966107094399558,0.1071071505329564,0.2,0.9104854228850479,0.888010035645373,0.8832004077781744,0.9438452842703784,0.9033559955585984,0.966107094399558,0.1071071505329564,12.0,0.9104854228850479,0.9112449643838686,0.910582878355835,0.9555530421140069,0.9302030404274004,0.9661138079414481,0.4284286021318256,-0.75,0.9174593353661092,0.9100977865077582,0.8998280470174604,0.9553893575519838,0.9169577284098427,0.9661135443892708,0.4284286021318256,-0.75,0.9154407186700325,0.9047799383727092,0.8930449295745282,0.952777913008349,0.910218417591189,0.966107094399558,0.1071071505329564,0.0,0.9104854228850479,0.9065588134578082,0.8962892493146307,0.9535974169352336,0.9136635010983198,0.9661070943995582,0.1071071505329564,1.0,0.9106023714049768,0.9024867208105769,0.9039389712935102,0.9509861146179105,0.9246577546230996,0.9661044790943202
14220500,dam,0.7585186399733113,0.8612721937167053,0.8751200893650611,0.9498197990661971,0.966349448886709,6.227928126848629,0.0,0.7298781332969836,0.7552489335222224,0.8592656305040347,0.8733147751487216,0.9487685938941776,0.966349448886709,6.227928126848629,0.3,0.7298781332969836,0.7519467279946564,0.8573294290878544,0.8715061498044706,0.9479244522246937,0.966349448886709,6.227928126848629,8.0,0.7298781332969836,0.7585186399733113,0.8612721937167053,0.8751200893650611,0.9498197990661971,0.966349448886709,6.227928126848629,0.0,0.7298781332969836,0.757948215022012,0.8654422931281972,0.8757336235183406,0.9607883055736599,0.9664427776040414,8.781378658856566,-0.5,0.7320764181917716,0.7585186399733113,0.8612721937167053,0.8751200893650611,0.9498197990661971,0.966349448886709,6.227928126848629,0.0,0.7298781332969836,0.7763960992469983,0.8829089220931337,0.8881374149336949,0.9914278586458244,0.9664798421799725,6.227928126848629,10.0,0.7407128204133924,0.725931065699538,0.8574710167790223,0.8720502683437507,1.0532922873449397,0.9667838994365097
14238000,dam,0.7444966635656423,0.8218640549937211,0.8658174522370313,0.8913445335080921,1.043834328790852,13.341112707816194,0.0,0.6053035851482141,0.7382432020586434,0.8180949722323069,0.8622535437910939,0.8895739860879304,1.043834328790852,13.341112707816194,0.1,0.6053035851482141,0.7064628829553153,0.7958988246882355,0.8438015823199183,0.8761537416901994,1.043834328790852,13.341112707816194,4.0,0.6053035851482141,0.7444966635656423,0.8218640549937211,0.8658174522370313,0.8913445335080921,1.043834328790852,13.341112707816194,0.0,0.6053035851482141,0.7548479696596772,0.8257950236265663,0.8716145169867386,0.8907291664464929,1.0438682855744548,26.682225415632388,-0.75,0.6220012059820957,0.7491140620764778,0.7961569335152251,0.8658174522370309,0.8467773068326876,0.9916426123513092,13.341112707816194,0.05,0.6063836913190652,0.6710860982729046,0.8337101100804634,0.8403557941876562,1.0152645789090382,1.0439664380036338,13.341112707816194,20.0,0.620841377364453,0.2949166246254715,0.6562597426895114,0.7257715747283283,1.202459262809868,1.0443439079399288
14313500,dam,0.08516767815639115,0.05874401953269459,0.3186290520569749,0.365974985695981,1.1403877961273,1.7495626146803187,0.0,0.046118878823548703,0.08516767815639115,0.05874401953269459,0.3186290520569749,0.365974985695981,1.1403877961273,1.7495626146803187,0.05,0.046118878823548703,0.08516767815639115,0.05874401953269459,0.3186290520569749,0.365974985695981,1.1403877961273,1.7495626146803187,6.0,0.046118878823548703,0.09014553552069615,0.06953975420730996,0.32635312846330233,0.3737070556466814,1.1404040929697707,1.7495626146803187,-0.5,0.04690064512421499,0.07354309876128495,0.04828681899182863,0.30298929671372216,0.36736621483157766,1.140387151379802,1.2421894564230263,0.25,0.0469769411385077,0.0684800573998875,-0.028700763996361456,0.3186290520569749,0.2561824899871867,0.79827145728911,1.7495626146803187,0.3,0.14206682154848072,0.08477238462409675,0.0713711365674713,0.3205553056370728,0.38274985621664054,1.1403877961273001,1.7495626146803187,10.0,0.04623354714104466,0.08191343928014116,0.07397969065488474,0.31802552094077247,0.38949915304328653,1.140403486768149
14362000,dam,0.6566074560266877,0.7127978056635387,0.810768954649669,0.7840745398097557,0.9927262424476279,0.0644544378132592,0.0,0.6623330415880243,0.5981690218896313,0.6442916968631328,0.7750815183955603,0.7245237469320958,0.9927262424476279,0.0644544378132592,0.05,0.6623330415880243,0.5808116552662185,0.63057596486377,0.7635990184965545,0.7162117230546486,0.9927262424476279,0.0644544378132592,12.0,0.6623330415880243,0.6588541070054424,0.71615996335168,0.8120901136044074,0.7873920790827107,0.9927258703240337,0.2578177512530368,-0.75,0.6683276893974663,0.6578284178214739,0.7139164689981263,0.8115189192408742,0.7849052260232143,0.9927262723279376,0.2578177512530368,-0.5,0.664487308045649,0.6566074560266877,0.7127978056635387,0.810768954649669,0.7840745398097557,0.9927262424476279,0.0644544378132592,0.0,0.6623330415880243,0.6566064958432896,0.7125653233977229,0.8107792420553617,0.783756409280225,0.9927262424476279,0.2578177512530368,2.0,0.6626350205124281,0.6533118233838,0.7146126202550052,0.8085420202771044,0.7884890445496736,0.9927257823354521
11085000,dam,0.5283812028455843,0.34223794056570744,0.8266704134364392,0.43368930569835784,0.7138182766622946,0.0499999999999999,0.0,0.8048709820979966,,,,,,,,,0.5283812028455843,0.34223794056570744,0.8266704134364392,0.43368930569835784,0.7138182766622946,0.0499999999999999,inf,0.8048709820979966,0.5263845493499792,0.342131796326262,0.8237006312962697,0.43443213273842424,0.7139194282710384,0.1999999999999996,-0.25,0.8057848219469139,0.5255507693533276,0.34153626871580844,0.8232019956820724,0.4339175722520311,0.7138747895049029,0.1999999999999996,-0.25,0.8057586793429515,0.5283812028455843,0.34223794056570744,0.8266704134364392,0.43368930569835784,0.7138182766622946,0.0499999999999999,0.0,0.8048709820979966,0.5268087534771368,0.34169326572091296,0.8249974801987962,0.4335338652952143,0.7138916416931421,0.1999999999999996,5.0,0.8067503300579786,0.5353041947499625,0.34551043878162824,0.8328664443001866,0.4356340143356044,0.7137937902001262
11097000,dam,0.6595962075387858,0.4806429080993817,0.8525574595281622,0.5960567882095031,0.7087572012648974,0.0499999999999999,0.0,0.891107923550127,0.6595962075387858,0.4806429080993817,0.8525574595281622,0.5960567882095031,0.7087572012648974,0.0499999999999999,0.1,0.891107923550127,0.6595962075387858,0.4806429080993817,0.8525574595281622,0.5960567882095031,0.7087572012648974,0.0499999999999999,inf,0.891107923550127,0.6595600906644696,0.48067539250605285,0.8525002088602619,0.5961194456361444,0.7087572191981051,0.1999999999999996,-0.25,0.8922920936750878,0.6598653904712907,0.48059742202936784,0.8528552690125107,0.5958897069848302,0.7087572537824304,0.1999999999999996,-0.25,0.8923862070751211,0.6595962075387858,0.4806429080993817,0.8525574595281622,0.5960567882095031,0.7087572012648974,0.0499999999999999,0.0,0.891107923550127,0.6582425626376652,0.47762313620638763,0.8532094573974508,0.5919463798518542,0.7087572017829588,0.1999999999999996,20.0,0.8979330074802858,0.662959305034851,0.48293022917182693,0.8543976111518565,0.5983301351349288,0.7087571255373123
11109800,dam,0.19225533062651734,0.08467430243281848,0.5488839799143677,0.26651026690482016,0.6896642455453952,169.05197822404836,0.0,0.07497992490796024,0.19225533062651734,0.08467430243281848,0.5488839799143677,0.26651026690482016,0.6896642455453952,169.05197822404836,0.02,0.07497992490796024,0.18975442792653774,0.08151115365803363,0.5474200002716558,0.2634641827083437,0.6896645451338176,169.05197822404836,3.0,0.07501176698427836,0.18960036851134232,0.08485924471089823,0.5352860988546391,0.2747098939259813,0.6910050904877135,169.05197822404836,0.5,0.07604841407042684,0.2068868169269028,0.10172678016733605,0.5631686949331449,0.27701870005255264,0.6944329397522884,84.52598911202418,0.75,0.08962472731223203,0.19225533062651734,0.08467430243281848,0.5488839799143677,0.26651026690482016,0.6896642455453952,169.05197822404836,0.0,0.07497992490796024,0.19225533062651734,0.08467430243281848,0.5488839799143677,0.26651026690482016,0.6896642455453952,169.05197822404836,inf,0.07497992490796024,-0.15867216719771937,-0.19073214679854056,0.028960228646294012,0.38807304231156536,0.6830296444097965
11123000,dam,0.7749513842101753,0.7675647572577804,0.9203870072753897,1.1885156250338154,1.1102260068049987,0.0999999999999998,0.0,0.8714779110651213,,,,,,,,,0.7749513842101753,0.7675647572577804,0.9203870072753897,1.1885156250338154,1.1102260068049987,0.0999999999999998,inf,0.8714779110651213,0.7841663519548213,0.7752717661506092,0.9223400454504783,1.1797830574199517,1.110225962518669,0.07049999999999985,0.5,0.8715767215325797,0.786680633330694,0.777388424313239,0.9228819248802522,1.1773667198388706,1.110225962518669,0.0999999999999998,0.5,0.871609647634924,0.7749513842101753,0.7675647572577804,0.9203870072753897,1.1885156250338154,1.1102260068049987,0.0999999999999998,0.0,0.8714779110651213,0.7715735120446184,0.758512350605401,0.9216133699824525,1.2000550840541697,1.1102260603881857,0.1999999999999996,0.5,0.8722983475837086,0.7715997050762528,0.757486746046491,0.9219412220908684,1.2014193229502128,1.1102259582708622
11149400,dam,0.3442148548035364,0.1782578019557045,0.6865653893781554,0.4250778101223462,0.5035289932964003,1.7495626146803187,0.0,0.27729609183228987,0.3442148548035364,0.1782578019557045,0.6865653893781554,0.4250778101223462,0.5035289932964003,1.7495626146803187,0.05,0.27729609183228987,0.3649294749227405,0.1936174046360991,0.7023176201481826,0.43861612775352793,0.5035261952397331,1.2421894564230263,24.0,0.2838116169798969,0.3442148548035364,0.1782578019557045,0.6865653893781554,0.4250778101223462,0.5035289932964003,1.7495626146803187,0.0,0.27729609183228987,0.3442148548035364,0.1782578019557045,0.6865653893781554,0.4250778101223462,0.5035289932964003,1.7495626146803187,0.0,0.27729609183228987,0.3442148548035364,0.1782578019557045,0.6865653893781554,0.4250778101223462,0.5035289932964003,1.7495626146803187,0.0,0.27729609183228987,0.3442148548035364,0.1782578019557045,0.6865653893781554,0.4250778101223462,0.5035289932964003,1.7495626146803187,inf,0.27729609183228987,0.22095899633289395,0.19856466261875183,0.531195097889897,0.5804440116233403,0.5035190473157949
11176400,dam,0.6338198654952022,0.7538516168859433,0.7990742746843592,0.8667117265619279,1.049518840656318,0.0499999999999999,0.0,0.5009229997723486,0.6338198654952022,0.7538516168859433,0.7990742746843592,0.8667117265619279,1.049518840656318,0.0499999999999999,0.05,0.5009229997723486,0.6338198654952022,0.7538516168859433,0.7990742746843592,0.8667117265619279,1.049518840656318,0.0499999999999999,inf,0.5009229997723486,0.6338199171591798,0.7538516943461104,0.7990743116846845,0.8667118183181813,1.0495188527255206,0.03549999999999993,0.5,0.5009233216293112,0.6354819835203542,0.7512222430729224,0.7996188307321995,0.8611272432430125,1.0495188527255206,0.03549999999999993,0.75,0.5009436558460119,0.6338198654952022,0.7538516168859433,0.7990742746843592,0.8667117265619279,1.049518840656318,0.0499999999999999,0.0,0.5009229997723486,0.6407807823500917,0.7580582865320685,0.8032048345451207,0.8682603325135534,1.049518840656318,0.0499999999999999,0.5,0.505958172677279,0.6431710996248758,0.7595044313996377,0.804621149249153,0.8688012712697337,1.0495188527255206
11176500,dam,0.37646631188927726,-0.08572943139880973,0.723364383393309,1.0728222460801204,2.047367201274732,1.7495626146803187,0.0,0.6231659619579155,0.37646631188927726,-0.08572943139880973,0.723364383393309,1.0728222460801204,2.047367201274732,1.7495626146803187,0.05,0.6231659619579155,0.37646631188927726,-0.08572943139880973,0.723364383393309,1.0728222460801204,2.047367201274732,1.7495626146803187,inf,0.6231659619579155,0.409398472250309,-0.08219442856845016,0.7335238664922095,1.0559977205631441,2.047377442370736,6.998250458721275,-0.25,0.6268008180481962,0.3689378317029548,-0.08647919197386966,0.7268822970255087,1.0939658135882429,2.04738444746465,6.998250458721275,-0.75,0.6318248295037898,0.37646631188927726,-0.08572943139880973,0.723364383393309,1.0728222460801204,2.047367201274732,1.7495626146803187,0.0,0.6231659619579155,0.37646631188927726,-0.08572943139880973,0.723364383393309,1.0728222460801204,2.047367201274732,1.7495626146803187,100.0,0.6231659619579155,0.21591134392251077,-0.10538316039252349,0.6696915926959826,1.1256593159123203,2.047367186648548
11214600,dam,-3.32910864504261,-0.30442316936053637,-0.08588425596104336,1.679496586714847,0.7537083516166446,1410.0,0.0,0.258519496245728,-3.329127882578158,-0.3044268079380956,-0.08588615154276848,1.6795013275682737,0.7537105179100039,1410.0,0.02,0.2659034642921182,-3.3291415245160465,-0.3044293881517415,-0.08588749572556831,1.6795046894538934,0.7537120540689244,1410.0,24.0,0.2708665270299797,-3.406833513208178,-0.30756083912421994,-0.05937522147261982,1.7236573602742553,0.7474935385738241,2000.0,1.0,0.33345484382955104,-3.222905131217968,-0.28295023615440873,-0.07022982908161664,1.6610528778855,0.7478521980427256,2000.0,-0.5,0.2922981304542719,-3.32910864504261,-0.30442316936053637,-0.08588425596104336,1.679496586714847,0.7537083516166446,1410.0,0.0,0.258519496245728,-3.32910864504261,-0.30442316936053637,-0.08588425596104336,1.679496586714847,0.7537083516166446,1410.0,inf,0.258519496245728,-1.6178067250199355,-0.02614923933606894,0.027812040691635415,1.198479710758423,0.7383922065704397
11231500,dam,-0.4922145958507702,-0.33760268633935087,0.24298269515083581,0.24901921692094722,0.19245210042553637,8.028352123148267,0.0,-0.37697428860324655,-0.4849824074132101,-0.3327645556017991,0.2577974138628291,0.24285861842544332,0.19245210042553637,8.028352123148267,0.02,-0.3748411382695125,-0.4843601634872241,-0.3323225975836892,0.2591132142253491,0.2423479264269596,0.19245210042553637,8.028352123148267,12.0,-0.37477377733872097,-0.4808089386264027,-0.3295829280902973,0.2655402872240706,0.2404950949029508,0.19283707213983758,8.028352123148267,0.5,-0.37448150858260054,-0.4922162890667128,-0.3360507746849799,0.24306323286393378,0.2517074306003992,0.19245022836033263,4.014176061574133,0.25,-0.37488693561739805,-0.4922145958507702,-0.33760268633935087,0.24298269515083581,0.24901921692094722,0.19245210042553637,8.028352123148267,0.0,-0.37697428860324655,-0.4922145958507702,-0.33760268633935087,0.24298269515083581,0.24901921692094722,0.19245210042553637,8.028352123148267,inf,-0.37697428860324655,-0.4884500141593833,-0.33192297995963393,0.2521687353847861,0.25055609437036175,0.19185331992072432
11231600,dam,0.4483961209511105,0.3820645531030572,0.6842517894955554,0.5787229003089025,1.323531898536794,1.3572088082974532,0.0,0.3520849064385251,0.37315993511679546,0.3339639731259034,0.6211443072516168,0.5579598844046475,1.323531898536794,1.3572088082974532,0.02,0.3520849064385251,0.36704452992996395,0.3300467795165426,0.6158010535014292,0.5566540879011942,1.323531898536794,1.3572088082974532,12.0,0.3520849064385251,0.4310386816416525,0.37856091822408,0.6681778945874478,0.5859916996246582,1.3235394101781117,2.7144176165949063,-0.25,0.3552018763916286,0.4483961209511105,0.3820645531030572,0.6842517894955554,0.5787229003089025,1.323531898536794,1.3572088082974532,0.0,0.3520849064385251,0.4483961209511105,0.3820645531030572,0.6842517894955554,0.5787229003089025,1.323531898536794,1.3572088082974532,0.0,0.3520849064385251,0.3033609248079925,0.30045841701418863,0.5586239261212508,0.5642561551061755,1.323531898536794,1.3572088082974532,50.0,0.35385551292988693,0.2807633692658288,0.27283418702952567,0.5379957078733587,0.5410191439454833,1.3235100112593658
11234760,dam,0.7172907249822895,0.7144933486991385,0.8506023894702838,0.7769682302846409,1.0972174449503689,0.07049999999999985,0.0,0.791330560472145,0.7172907249822895,0.7144933486991385,0.8506023894702838,0.7769682302846409,1.0972174449503689,0.07049999999999985,0.1,0.791330560472145,0.7172907249822895,0.7144933486991385,0.8506023894702838,0.7769682302846409,1.0972174449503689,0.07049999999999985,32.0,0.791330560472145,0.7185585683525495,0.715262302528118,0.8513735787558718,0.777436499697111,1.0972174449503684,0.1999999999999996,-0.5,0.7916061799017236,0.7186473308452134,0.7152991625258907,0.8514297437238312,0.777446194762458,1.09721753742398,0.1999999999999996,-0.5,0.7915452591257428,0.7172907249822895,0.7144933486991385,0.8506023894702838,0.7769682302846409,1.0972174449503689,0.07049999999999985,0.0,0.791330560472145,0.7162444039025679,0.7143545112053784,0.8499016110510103,0.7772611679545794,1.0972174449503689,0.0999999999999998,5.0,0.7917393155583784,0.7188585121260573,0.7149224434392948,0.8516241518637555,0.7768344743319344,1.0972160948494032
11242000,dam,0.7175393867094009,0.6918263000569931,0.851098353567869,0.7845357883327642,1.162402286058355,0.012499999999999975,0.0,0.8119652179274994,0.7175393867094009,0.6918263000569931,0.851098353567869,0.7845357883327642,1.162402286058355,0.012499999999999975,0.1,0.8119729492468819,0.7175393867094009,0.6918263000569931,0.851098353567869,0.7845357883327642,1.162402286058355,0.012499999999999975,32.0,0.8119652179274994,0.7175386984587869,0.69182640831821,0.851097872726499,0.7845362900996488,1.1624023054622625,0.012499999999999975,-0.25,0.8119656939781559,0.7175393867094009,0.6918263000569931,0.851098353567869,0.7845357883327642,1.162402286058355,0.012499999999999975,0.0,0.8119652179274994,0.7175393867094009,0.6918263000569931,0.851098353567869,0.7845357883327642,1.162402286058355,0.012499999999999975,0.0,0.8119652179274994,0.717632603053998,0.6918936039850355,0.8511527840475921,0.7845944405277161,1.162402286058355,0.012499999999999975,0.5,0.812054402764694,0.7180636745206157,0.6921139511062953,0.8514162440613632,0.784726249495773,1.162400427703834
11270900,dam,0.3301078274195157,0.5831374621340855,0.6466342101901286,0.8640394690819826,1.17441825621347,61.21938685374067,0.0,0.6663455245612048,0.3301078274195157,0.5831374621340855,0.6466342101901286,0.8640394690819826,1.17441825621347,61.21938685374067,0.05,0.6663455245612048,0.3301078274195157,0.5831374621340855,0.6466342101901286,0.8640394690819826,1.17441825621347,61.21938685374067,6.0,0.6663455245612048,0.365538340122728,0.6134145332786888,0.6733336074918599,0.8897851941715276,1.1749002220182807,86.31933546377434,-0.25,0.6761055376781433,0.34277652431044026,0.5916710036971455,0.6552436163677797,0.8686410909146183,1.1749869771452388,122.43877370748135,-0.75,0.6815726282063295,0.39662463123458147,0.5786217185830541,0.6466342101901286,0.7776355221737843,1.0569764305921232,61.21938685374067,0.1,0.6838828177895733,0.43897093890686767,0.6635167518971188,0.7217037444571098,0.9252649388303082,1.1737436071820597,61.21938685374067,100.0,0.6733035293626862,0.40191964731052043,0.6389398478462583,0.6960398461081155,0.9051482533099466,1.1702228083106108
11276500,dam,0.4890232025294373,0.5889807296380909,0.6995938466659787,0.7195839807643523,0.9922643808311543,10.349258453288162,0.0,0.722484351135107,,,,,,,,,0.4890232025294373,0.5889807296380909,0.6995938466659787,0.7195839807643523,0.9922643808311543,10.349258453288162,24.0,0.722484351135107,0.5394125464678952,0.6370380423837406,0.7346682324817528,0.7524499182231985,0.9922933253235244,20.698516906576323,-0.5,0.7323089805936697,0.49350897040080854,0.5879500943788019,0.702615012210116,0.7148854110285644,0.9924524894635247,20.698516906576323,-0.75,0.7233343094871687,0.4890232025294373,0.5889807296380909,0.6995938466659787,0.7195839807643523,0.9922643808311543,10.349258453288162,0.0,0.722484351135107,0.4967880111868187,0.5891841501575987,0.7049006791870978,0.7142962355877076,0.9922920600583847,14.592454419136306,50.0,0.7287243100914632,0.5349270349367771,0.56486934422707,0.7359426795805913,0.6542377165661035,0.9921985590510669
11277300,dam,0.08506716066888509,0.0628066063939754,0.3434597018254249,0.5010335398393164,1.4453299513016544,2.907335362699394,0.0,0.5360450681756688,,,,,,,,,0.08506716066888509,0.0628066063939754,0.3434597018254249,0.5010335398393164,1.4453299513016544,2.907335362699394,32.0,0.5360450681756688,0.10927410902783119,0.07711431363823551,0.3667171662918217,0.49763748890906023,1.4453119693791876,0.7268338406748485,0.5,0.541677486880833,0.09636130180026126,0.06657218143558918,0.35312196092087245,0.49548321133895795,1.445307876627179,0.7268338406748485,0.25,0.5418725255625787,0.08506716066888509,0.0628066063939754,0.3434597018254249,0.5010335398393164,1.4453299513016544,2.907335362699394,0.0,0.5360450681756688,0.08506716066888509,0.0628066063939754,0.3434597018254249,0.5010335398393164,1.4453299513016544,2.907335362699394,inf,0.5360450681756688,0.14022924227112898,0.08989468475431805,0.3954996818879982,0.4856316890651841,1.4453047169601905
11278000,dam,0.40884557497420815,0.36624843315191014,0.6693923921870841,0.47658944726876035,0.8644232636909697,0.09088075731669547,0.0,0.6262795562539089,,,,,,,,,0.40884557497420815,0.36624843315191014,0.6693923921870841,0.47658944726876035,0.8644232636909697,0.09088075731669547,32.0,0.6262795562539089,0.40884557497420815,0.36624843315191014,0.6693923921870841,0.47658944726876035,0.8644232636909697,0.09088075731669547,0.0,0.6262795562539089,0.4198375817840433,0.37300203908723717,0.6803608649614692,0.47791158257225214,0.8644236350672727,0.2578177512530368,-0.5,0.6265271239503213,0.40884557497420815,0.36624843315191014,0.6693923921870841,0.47658944726876035,0.8644232636909697,0.09088075731669547,0.0,0.6262795562539089,0.4100520330870576,0.3669271106981121,0.6706453255856641,0.47662085427268036,0.8644232636909697,0.09088075731669547,10.0,0.6262795562539089,0.42340945225442517,0.37449415057868973,0.6843815515712347,0.4772559573594118,0.8644226104563578
11289650,dam,0.5042307874984802,0.4807035297358695,0.7308718962667489,0.5646044548810231,1.087576293026585,47.49043582624104,0.0,0.7081857061331145,0.5042307874984802,0.4807035297358695,0.7308718962667489,0.5646044548810231,1.087576293026585,47.49043582624104,0.02,0.7081857061331145,0.4996607603238834,0.47487584109719605,0.7284291424827305,0.5591655134742362,1.087576293026585,47.49043582624104,6.0,0.7131980757663354,0.5042307874984802,0.4807035297358695,0.7308718962667489,0.5646044548810231,1.087576293026585,47.49043582624104,0.0,0.7081857061331145,0.5042307874984802,0.4807035297358695,0.7308718962667489,0.5646044548810231,1.087576293026585,47.49043582624104,0.0,0.7081857061331145,0.5042307874984802,0.4807035297358695,0.7308718962667489,0.5646044548810231,1.087576293026585,47.49043582624104,0.0,0.7081857061331145,0.5042307874984802,0.4807035297358695,0.7308718962667489,0.5646044548810231,1.087576293026585,47.49043582624104,inf,0.7081857061331145,0.5608520116244762,0.5951576713650717,0.7527074519019229,0.6864325613667736,1.0664768240720721
11292900,dam,0.3170361387076245,0.25103891059563155,0.5986338174757907,0.5108293934271776,1.4006994118200056,1.7495626146803187,0.0,0.605811662076907,0.3170361387076245,0.25103891059563155,0.5986338174757907,0.5108293934271776,1.4006994118200056,1.7495626146803187,0.05,0.605811662076907,0.3170361387076245,0.25103891059563155,0.5986338174757907,0.5108293934271776,1.4006994118200056,1.7495626146803187,8.0,0.605811662076907,0.3420104177780967,0.26649836678740135,0.6220641630874102,0.5151154261254783,1.40009511259356,2.4668832866992494,-0.5,0.6071293824549915,0.3157825778353519,0.2517468500850685,0.5970163645348053,0.5135831007312328,1.4011054300438106,0.8747813073401594,0.25,0.6068754346757842,0.3170361387076245,0.25103891059563155,0.5986338174757907,0.5108293934271776,1.4006994118200056,1.7495626146803187,0.0,0.605811662076907,0.3170361387076245,0.25103891059563155,0.5986338174757907,0.5108293934271776,1.4006994118200056,1.7495626146803187,50.0,0.605811662076907,0.3635697121017971,0.2797602436439691,0.6418745326498727,0.51860421248525,1.3984338741047269
11302000,dam,0.43759275051756674,0.42925059255823506,0.6801692862482223,0.5318902663354076,1.0658519391105428,47.49043582624104,0.0,0.45123842933062797,0.43759275051756674,0.42925059255823506,0.6801692862482223,0.5318902663354076,1.0658519391105428,47.49043582624104,0.3,0.45123842933062797,0.43759275051756674,0.42925059255823506,0.6801692862482223,0.5318902663354076,1.0658519391105428,47.49043582624104,6.0,0.45123842933062797,0.37231796393655725,0.3771297408679478,0.6234230438650933,0.5082951006204928,1.0662076109339935,33.718209436631135,0.25,0.45724777440470155,0.43759275051756674,0.42925059255823506,0.6801692862482223,0.5318902663354076,1.0658519391105428,47.49043582624104,0.0,0.45123842933062797,0.42087358956719545,0.3870536067534246,0.6801692862482224,0.4787012397018668,0.9592667451994885,47.49043582624104,0.1,0.460645431542835,0.43759275051756674,0.42925059255823506,0.6801692862482223,0.5318902663354076,1.0658519391105428,47.49043582624104,inf,0.45123842933062797,0.24284067965218803,0.46348867697535334,0.5343168543581871,0.7373826176995791,1.0448967494644927
11314500,dam,0.6305138507631938,0.6795243930447461,0.7955501482246952,0.7707324621010175,0.9086694529298497,0.8167347399191549,0.0,0.7995291340153224,0.6305138507631938,0.6795243930447461,0.7955501482246952,0.7707324621010175,0.9086694529298497,0.8167347399191549,0.05,0.7995291340153224,0.6304941681771881,0.6791489664459769,0.7955545791712778,0.7702040322226723,0.9086694529298497,0.8167347399191549,16.0,0.8003452989794768,0.6315322643209378,0.6973638160596245,0.7958028197680103,0.796153496622696,0.9086831095790932,3.2669389596766196,-0.5,0.801573041262251,0.6318941414025862,0.6822304678056236,0.7963493470988535,0.773804108760464,0.9086801995713875,1.6334694798383098,-0.25,0.7996822779320917,0.6305138507631938,0.6795243930447461,0.7955501482246952,0.7707324621010175,0.9086694529298497,0.8167347399191549,0.0,0.7995291340153224,0.6305138507631938,0.6795243930447461,0.7955501482246952,0.7707324621010175,0.9086694529298497,0.8167347399191549,50.0,0.7995291340153224,0.6263519857381665,0.6707212421302384,0.7932132993199721,0.7605808887149765,0.9086640817771501
11319500,dam,0.6848370688462839,0.5906659627488839,0.8779975170256661,0.6929965306422877,0.7583005626760302,0.012499999999999975,0.0,0.8430029481553651,,,,,,,,,0.6848370688462839,0.5906659627488839,0.8779975170256661,0.6929965306422877,0.7583005626760302,0.012499999999999975,24.0,0.8430029481553651,0.6848384769047593,0.5906672081903289,0.8779981438996578,0.6929978448910732,0.7583006861465151,0.012499999999999975,0.25,0.8430057104088997,0.6848595311027376,0.5906422039846431,0.8780250132677864,0.6929532441195553,0.7583014326200475,0.0499999999999999,-0.75,0.8430118350814295,0.6848370688462839,0.5906659627488839,0.8779975170256661,0.6929965306422877,0.7583005626760302,0.012499999999999975,0.0,0.8430029481553651,0.6852687809540392,0.5909786302048975,0.8782214057419119,0.693324541368465,0.7583005626760302,0.012499999999999975,0.5,0.8436898713266994,0.6873677741982438,0.592023680683289,0.879497139791018,0.6942160911231977,0.7582978302193195
11323500,dam,0.6715459881295853,0.6312256706456161,0.8382445361955049,0.6834493796157093,1.0981090243274745,22.169591661216124,0.0,0.8222920334927124,,,,,,,,,0.6715459881295853,0.6312256706456161,0.8382445361955049,0.6834493796157093,1.0981090243274745,22.169591661216124,6.0,0.8288049412057941,0.6715459881295853,0.6312256706456161,0.8382445361955049,0.6834493796157093,1.0981090243274745,22.169591661216124,0.0,0.8222920334927124,0.6559605167001195,0.62080838737225,0.8285910422036882,0.6778017846502318,1.1029250129941222,15.740410079463448,0.25,0.8237239444263567,0.6655593179150279,0.6113638408305825,0.8382445361955049,0.6492769106349238,1.043203573111101,22.169591661216124,0.05,0.8260936762730036,0.6715459881295853,0.6312256706456161,0.8382445361955049,0.6834493796157093,1.0981090243274745,22.169591661216124,inf,0.8222920334927124,0.5163969293007052,0.713238878604812,0.7418295713303692,0.9101688816234095,1.0866622217322854
11399500,dam,0.020495352243755205,-0.23000136133590243,0.2544862784933191,0.11792432383496232,0.5768509228990049,13.341112707816194,0.0,0.07415966991602874,0.020495352243755205,-0.23000136133590243,0.2544862784933191,0.11792432383496232,0.5768509228990049,13.341112707816194,0.02,0.07415966991602874,0.02181003825405603,-0.22641152015653865,0.26613263696953654,0.11316925583214103,0.5768509229006074,13.341112707816194,3.0,0.08343158050325894,0.014696331859308409,-0.24448559978577378,0.22637582469106304,0.12181433180148603,0.5768688434746814,13.341112707816194,0.25,0.07478966185357505,0.009461935936271648,-0.25574653559882066,0.20047801835620993,0.12905878240420962,0.5767679619527966,3.3352781769540485,0.5,0.07959903449743633,0.020495352243755205,-0.23000136133590243,0.2544862784933191,0.11792432383496232,0.5768509228990049,13.341112707816194,0.0,0.07415966991602874,0.020510385887640203,-0.2299636128804512,0.2546208158516371,0.11786326490910178,0.5768509228990049,13.341112707816194,100.0,0.07415966991602874,0.026237485254021142,-0.21382600479721536,0.29326644781649824,0.108502016041666,0.5767594056115541
11400500,dam,0.38430527703198814,0.6428686798665442,0.6695989722500681,0.9058805013962178,1.0975677234777277,0.0499999999999999,0.0,0.7937839817197285,0.38774513716420245,0.6426174779494187,0.6704786479674568,0.9019261250013405,1.0975677234777277,0.0499999999999999,0.1,0.7937839817197285,0.39115685864212135,0.6313476079549891,0.6662983488623093,0.8774098963053664,1.0975677234777277,0.0499999999999999,24.0,0.7937839817197285,0.38428416785364194,0.6423960328023461,0.6693492935350955,0.9049671267132579,1.0975677234777277,0.02499999999999995,0.25,0.7938635483059133,0.38430527703198814,0.6428686798665442,0.6695989722500681,0.9058805013962178,1.0975677234777277,0.0499999999999999,0.0,0.7937839817197285,0.4097014636242262,0.6388425464437906,0.6693612257160325,0.8611103759103653,1.0426893373038413,0.03549999999999993,0.05,0.8004695854540651,0.38430527703198814,0.6428686798665442,0.6695989722500681,0.9058805013962178,1.0975677234777277,0.0499999999999999,5.0,0.7937839817197285,0.3758943281907462,0.6418811785431214,0.6667250307089969,0.9124891758749736,1.0975640342887856
11407000,dam,0.46244585529978643,-0.6387011658818127,0.8151139437502968,0.6637535345841509,2.5931406001236024,3.7478133267479534,0.0,0.5742236753518091,0.46244585529978643,-0.6387011658818127,0.8151139437502968,0.6637535345841509,2.5931406001236024,3.7478133267479534,0.5,0.5742236753518091,0.46244585529978643,-0.6387011658818127,0.8151139437502968,0.6637535345841509,2.5931406001236024,3.7478133267479534,inf,0.5742236753518091,0.46244585529978643,-0.6387011658818127,0.8151139437502968,0.6637535345841509,2.5931406001236024,3.7478133267479534,0.0,0.5742236753518091,0.47740328416501787,-0.62972352894706,0.8188322629765326,0.6987073326976475,2.5913515515106296,7.495626653495907,-0.75,0.5837827936171078,0.4792564791877518,-0.520673731995676,0.8151139437502976,0.6305658578549432,2.463483570117422,3.7478133267479534,0.05,0.5766853896124913,0.46244585529978643,-0.6387011658818127,0.8151139437502968,0.6637535345841509,2.5931406001236024,3.7478133267479534,50.0,0.5742236753518091,0.409187484439994,-0.6270000531753275,0.7668388294189119,0.7405222761628684,2.589162154217774
11414250,dam,0.05610407614811663,-0.7454573561418585,0.36551593499033336,0.4288165988394387,2.5224325520682975,1.7495626146803187,0.0,0.2756323476174102,,,,,,,,,0.05643713321261545,-0.7455475484979577,0.36581540195498535,0.4282087233471984,2.5224325520736453,1.7495626146803187,8.0,0.2770672469243378,0.1133179325916378,-0.7221794579337097,0.43240226945284255,0.43357403183704657,2.524105155229528,6.998250458721275,-0.75,0.3017727340267876,0.03556905934977028,-0.7710404773110902,0.34241648086973786,0.4230053369361659,2.5398848809045456,0.8747813073401594,0.5,0.286567089910165,0.115917170536183,-0.3532321572344781,0.38755713427256516,0.3472967865149363,2.014952965757191,0.8747813073401594,0.2,0.30492814915866795,0.05610407614811663,-0.7454573561418585,0.36551593499033336,0.4288165988394387,2.5224325520682975,1.7495626146803187,50.0,0.2756323476174102,0.10685523161183952,-0.7143046757212528,0.4241321575201687,0.4408379205678921,2.5147787026897808
11422500,dam,0.6691250960757344,0.44547421931425646,0.8876747437392065,0.6591231766990996,0.577288668726083,0.0499999999999999,0.0,0.7744193322604579,0.6691250960757344,0.44547421931425646,0.8876747437392065,0.6591231766990996,0.577288668726083,0.0499999999999999,0.3,0.7744193322604579,0.6691250960757344,0.44547421931425646,0.8876747437392065,0.6591231766990996,0.577288668726083,0.0499999999999999,inf,0.7744193322604579,0.6865650621956868,0.4560971073715522,0.8957306527874277,0.6740035187750967,0.5772890419323884,0.1999999999999996,-0.5,0.777061554084847,0.6846207219991778,0.4537255293429282,0.895579604961726,0.6701096743166667,0.5772890450765925,0.1999999999999996,-0.5,0.7761567350185834,0.6691250960757344,0.44547421931425646,0.8876747437392065,0.6591231766990996,0.577288668726083,0.0499999999999999,0.0,0.7744193322604579,0.6738984169439275,0.44361537466835854,0.8929814401604936,0.6544192591018188,0.5772887147525239,0.0999999999999998,20.0,0.7793209652570656,0.6847728100758927,0.45672545865368364,0.893863315321623,0.6756587229818967,0.5772885529550931
11424000,dam,0.8028897771042194,0.7721640158610027,0.902495665830148,0.7950363742080109,1.0198003178984762,0.0644544378132592,0.0,0.8623867741903274,0.8028897771042194,0.7721640158610027,0.902495665830148,0.7950363742080109,1.0198003178984762,0.0644544378132592,0.3,0.8623867741903274,0.8028897771042194,0.7721640158610027,0.902495665830148,0.7950363742080109,1.0198003178984762,0.0644544378132592,inf,0.8623867741903274,0.8215080582518628,0.797150298403562,0.9110968386259078,0.818748390149787,1.0198010924487064,0.2578177512530368,-0.5,0.8722049855331966,0.8196088036522248,0.7917495179538002,0.9106072391632698,0.8129569179524985,1.0198010868548508,0.2578177512530368,-0.5,0.8678514044582133,0.8028897771042194,0.7721640158610027,0.902495665830148,0.7950363742080109,1.0198003178984762,0.0644544378132592,0.0,0.8623867741903274,0.795121762592518,0.7696861693643007,0.8976638123897532,0.7946230141341254,1.01980047888659,0.1289088756265184,20.0,0.8656556697572891,0.8093960873316521,0.7977258125819937,0.9032251527426589,0.8234853265806683,1.019800149029735
11427000,dam,0.8882307421551244,0.8541703134038727,0.9444227140168928,0.911404564215714,1.101628300850054,0.012499999999999975,0.0,0.9278600051375692,0.8882307421551244,0.8541703134038727,0.9444227140168928,0.911404564215714,1.101628300850054,0.012499999999999975,0.75,0.9278600051375692,0.8882307421551244,0.8541703134038727,0.9444227140168928,0.911404564215714,1.101628300850054,0.012499999999999975,inf,0.9278600051375692,0.8878213765722633,0.8538236852205845,0.9442140436676024,0.9109655653979792,1.101628300850054,0.012499999999999975,0.5,0.9280204987499743,0.8880935721346647,0.8543804608843206,0.944332984234519,0.9118083704577146,1.101629080516872,0.0999999999999998,-0.75,0.9279659260233791,0.8882307421551244,0.8541703134038727,0.9444227140168928,0.911404564215714,1.101628300850054,0.012499999999999975,0.0,0.9278600051375692,0.8882307421551244,0.8541703134038727,0.9444227140168928,0.911404564215714,1.101628300850054,0.012499999999999975,5.0,0.9278600051375692,0.8911460360815531,0.8576364117081835,0.9458504275902015,0.9162917565295016,1.101627481786383
11428800,dam,0.21733808268603128,0.1267787995484434,0.5592100407771614,0.25064368587829533,1.081759349632436,0.1380706234676368,0.0,0.4413916486325694,0.21733808268603128,0.1267787995484434,0.5592100407771614,0.25064368587829533,1.081759349632436,0.1380706234676368,0.05,0.4413916486325694,0.21733808268603128,0.1267787995484434,0.5592100407771614,0.25064368587829533,1.081759349632436,0.1380706234676368,inf,0.4413916486325694,0.21780005167643546,0.1273317824165785,0.5596736299855715,0.25101535477967873,1.0817588348396174,0.5522824938705472,-0.5,0.4552315519099781,0.21861510928566963,0.12852957610015725,0.5593607846168872,0.25259575335138257,1.0817598537812954,0.5522824938705472,-0.75,0.4513848370305442,0.21733808268603128,0.1267787995484434,0.5592100407771614,0.25064368587829533,1.081759349632436,0.1380706234676368,0.0,0.4413916486325694,0.22183787666283483,0.13150299666104448,0.5669654615103376,0.25161269619072224,1.0817592611321225,0.2761412469352736,10.0,0.45104222993270293,0.21846688250890167,0.128583532393733,0.558071997249458,0.2534199297536775,1.0817587861412892
11443500,dam,0.5188360474820621,-1.5388825734417124,0.8220996206837285,0.78383473202758,3.5234002365236377,0.6335752569011934,0.0,0.30689080390241885,0.5027017820513493,-1.5400604494232062,0.812013550426762,0.7785966851799235,3.5234002365236377,0.6335752569011934,0.2,0.30689080390241885,0.5188360474820621,-1.5388825734417124,0.8220996206837285,0.78383473202758,3.5234002365236377,0.6335752569011934,inf,0.30689080390241885,0.528655207678417,-1.5421469820071123,0.8285100205284383,0.7868631971197202,3.527385045521692,2.5343010276047737,-0.5,0.3160190401720202,0.5327426747632,-1.538138569757367,0.8308243086983688,0.7864424765465334,3.523473829652095,2.5343010276047737,-0.75,0.31152776820863737,0.5246650445341421,-0.24352945404319515,0.820803048136719,0.476180168870381,2.113493035465967,0.15839381422529836,0.4,0.5943646988661229,0.5191488686143628,-1.54068573893012,0.8229083449373333,0.774403071425053,3.524446195807628,1.2671505138023869,10.0,0.3119887394633115,0.5157197160353085,-1.5366717192203767,0.819474397164468,0.7991811758973413,3.5222580592991184
11446500,dam,0.7127473428843667,0.8322863941671137,0.8525779812450138,0.9583474710774901,0.9317382332338757,2.907335362699394,0.0,0.7704698945404873,0.7127473428843667,0.8322863941671137,0.8525779812450138,0.9583474710774901,0.9317382332338757,2.907335362699394,0.5,0.7704698945404873,0.7127473428843667,0.8322863941671137,0.8525779812450138,0.9583474710774901,0.9317382332338757,2.907335362699394,inf,0.7704698945404873,0.7127473428843667,0.8322863941671137,0.8525779812450138,0.9583474710774901,0.9317382332338757,2.907335362699394,0.0,0.7704698945404873,0.7364143695640702,0.8371028021507585,0.8635064541802276,0.9428159113809994,0.9319192462916654,11.629341450797575,-0.75,0.7762029449201183,0.7127473428843667,0.8322863941671137,0.8525779812450138,0.9583474710774901,0.9317382332338757,2.907335362699394,0.0,0.7704698945404873,0.7127473428843667,0.8322863941671137,0.8525779812450138,0.9583474710774901,0.9317382332338757,2.907335362699394,50.0,0.7704698945404873,0.5372188714231396,0.7663319632767728,0.7852788725482219,1.0618312617892127,0.9316444305306539
11451000,dam,0.6446322911689283,0.7246686007925632,0.8049137318505599,0.8311613609708219,0.9038634235068431,47.49043582624104,0.0,0.8288427024223903,0.6633526771708572,0.7314602770633805,0.8162142685527659,0.8303620865335054,0.902227989557258,33.718209436631135,0.2,0.8323733392506143,0.6673087105556363,0.7397931693505954,0.8188096070064007,0.8408854083199658,0.9022238121119003,33.718209436631135,12.0,0.8365402715994038,0.6446322911689283,0.7246686007925632,0.8049137318505599,0.8311613609708219,0.9038634235068431,47.49043582624104,0.0,0.8288427024223903,0.6550541599254229,0.7343208326548558,0.8114041677180609,0.8392537223250613,0.904199863148619,33.718209436631135,0.25,0.8297129986829788,0.6446322911689283,0.7246686007925632,0.8049137318505599,0.8311613609708219,0.9038634235068431,47.49043582624104,0.0,0.8288427024223903,0.6446322911689283,0.7246686007925632,0.8049137318505599,0.8311613609708219,0.9038634235068431,47.49043582624104,inf,0.8288427024223903,0.5964621969551099,0.7717632053492048,0.7959435646130101,0.9810456158946422,0.8995324085447899
11454000,dam,0.4277232198995139,0.32404985763062577,0.758480680665229,0.38214234865391805,0.8702736108945077,6.227928126848629,0.0,0.4056059191141055,0.4277232198995139,0.32404985763062577,0.758480680665229,0.38214234865391805,0.8702736108945077,6.227928126848629,0.1,0.407791965502468,0.4755369256342702,0.36827370306731533,0.7819138784827856,0.4214805229158996,0.8702626789539714,3.1139640634243144,12.0,0.41959871235954305,0.4405848352263143,0.3338344568106715,0.7684455380608435,0.3889927059989696,0.8702727909560247,8.781378658856566,-0.25,0.41950230606206285,0.43170273968226935,0.3279229023001261,0.760165763355338,0.3857167270618031,0.8702956254627667,12.455856253697258,-0.5,0.4189345960965305,0.4132145446493628,0.2898879042448391,0.7738115858445053,0.362729813488298,0.7832404575965576,4.421828970062526,0.1,0.4153022604322417,0.26283467182219944,0.2128469800500178,0.5492445955498529,0.36780682882313376,0.870534805863897,24.911712507394515,100.0,0.4518383171159287,0.506725182980694,0.419972789591199,0.7725415036576878,0.4824482930901065,0.8702524453757774
11461500,dam,0.7493410442719919,0.7586933073080033,0.8727253194148613,0.8789591918064115,0.8345333919736567,0.0999999999999998,0.0,0.7597179706161565,0.7493410442719919,0.7586933073080033,0.8727253194148613,0.8789591918064115,0.8345333919736567,0.0999999999999998,0.2,0.7597179706161565,0.7493410442719919,0.7586933073080033,0.8727253194148613,0.8789591918064115,0.8345333919736567,0.0999999999999998,32.0,0.7597179706161565,0.7493094385402492,0.7589109794654566,0.8727111347206444,0.8794157032876351,0.8345282864517808,0.1999999999999996,-0.75,0.7603834116168858,0.7493565035586084,0.7587101476254849,0.8727359144523785,0.879005484167283,0.8345159447951273,0.02499999999999995,0.75,0.7610346169217644,0.7493410442719919,0.7586933073080033,0.8727253194148613,0.8789591918064115,0.8345333919736567,0.0999999999999998,0.0,0.7597179706161565,0.7503343343051356,0.75925097858284,0.8732937933629873,0.8794738449594885,0.8345337663928697,0.1999999999999996,0.5,0.7611918682606114,0.7516508685682999,0.760628711891491,0.8740564452128601,0.8814332679545057,0.8345347026402288
11462000,dam,0.3002491227713374,0.5638249849163705,0.6155433275358219,0.8695049305182171,0.8405862376646209,1.7495626146803187,0.0,0.42226106975222966,0.3002491227713374,0.5638249849163705,0.6155433275358219,0.8695049305182171,0.8405862376646209,1.7495626146803187,0.1,0.42226106975222966,0.3002491227713374,0.5638249849163705,0.6155433275358219,0.8695049305182171,0.8405862376646209,1.7495626146803187,16.0,0.42226106975222966,0.33605673701661964,0.5954964796013684,0.6432552027995695,0.8953907336171427,0.8405849785241357,0.4373906536700797,0.5,0.4778668020349325,0.3002491227713374,0.5638249849163705,0.6155433275358219,0.8695049305182171,0.8405862376646209,1.7495626146803187,0.0,0.42226106975222966,0.3002491227713374,0.5638249849163705,0.6155433275358219,0.8695049305182171,0.8405862376646209,1.7495626146803187,0.0,0.42226106975222966,0.3002491227713374,0.5638249849163705,0.6155433275358219,0.8695049305182171,0.8405862376646209,1.7495626146803187,100.0,0.42226106975222966,-0.07090728294728477,0.44271313491464703,0.4661025398675309,0.9895627866777365,0.8405847666036129
11470500,dam,0.656271423636386,0.7708733258361753,0.8138045802766762,0.8846283859078374,0.9327713665972606,0.1071071505329564,0.0,0.7851409434623836,0.656271423636386,0.7708733258361753,0.8138045802766762,0.8846283859078374,0.9327713665972606,0.1071071505329564,0.2,0.7851409434623836,0.656271423636386,0.7708733258361753,0.8138045802766762,0.8846283859078374,0.9327713665972606,0.1071071505329564,inf,0.7851409434623836,0.6621704961046078,0.7788191009680939,0.8178942618790019,0.8939867637651912,0.9327714050199523,0.2142143010659128,-0.25,0.7857914121756167,0.656271423636386,0.7708733258361753,0.8138045802766762,0.8846283859078374,0.9327713665972606,0.1071071505329564,0.0,0.7851409434623836,0.656271423636386,0.7708733258361753,0.8138045802766762,0.8846283859078374,0.9327713665972606,0.1071071505329564,0.0,0.7851409434623836,0.656271423636386,0.7708733258361753,0.8138045802766762,0.8846283859078374,0.9327713665972606,0.1071071505329564,50.0,0.7851409434623836,0.6439159231991152,0.7848621332251093,0.810817528373813,0.9227044400742984,0.9327713560628369
11480390,dam,0.7580297394321631,0.7212079773591372,0.8748467164951972,0.847919396216895,1.197314818169128,0.012499999999999975,0.0,0.7269462187257871,0.7580297394321631,0.7212079773591372,0.8748467164951972,0.847919396216895,1.197314818169128,0.012499999999999975,0.2,0.7270793682836869,0.7580297394321631,0.7212079773591372,0.8748467164951972,0.847919396216895,1.197314818169128,0.012499999999999975,32.0,0.7286480094516764,0.7550117126283431,0.7174066543265015,0.8732525970222164,0.8423264349773304,1.1973148290179192,0.0499999999999999,1.0,0.7305925635813795,0.7574902504488561,0.7174850354844886,0.8747649568452838,0.8413326228296503,1.1973716103271161,0.0999999999999998,0.75,0.7304313719787221,0.7264388874807319,0.6522819386646102,0.8748467164951979,0.678335516973516,0.9578518545353024,0.012499999999999975,0.2,0.7675487780187854,0.7592393073446372,0.7220376591500379,0.8755292060570257,0.8488810173509626,1.197314818169128,0.012499999999999975,0.5,0.7279009481871113,0.7627239586132204,0.7239455344413217,0.8775202929584541,0.8507626544753585,1.1973144800025162
11480410,dam,0.7493413655310974,0.6732482601468368,0.8833290324059762,0.7154525911135842,0.8896036372258112,1.7495626146803187,0.0,0.7715584994632186,0.7493413655310974,0.6732482601468368,0.8833290324059762,0.7154525911135842,0.8896036372258112,1.7495626146803187,0.2,0.7715584994632186,0.7493413655310974,0.6732482601468368,0.8833290324059762,0.7154525911135842,0.8896036372258112,1.7495626146803187,inf,0.7715584994632186,0.7526607327726363,0.678222528666782,0.8844308599112103,0.7206719363540355,0.889726033096956,3.4991252293606374,-0.25,0.7738207955930567,0.7539347451367381,0.6801832110802367,0.8848334987023213,0.7228193315932853,0.8895901611476267,3.4991252293606374,-0.75,0.7742031938613194,0.7493413655310974,0.6732482601468368,0.8833290324059762,0.7154525911135842,0.8896036372258112,1.7495626146803187,0.0,0.7715584994632186,0.7493413655310974,0.6732482601468368,0.8833290324059762,0.7154525911135842,0.8896036372258112,1.7495626146803187,50.0,0.7715584994632186,0.7482299624772214,0.6832362017868492,0.8796555785379083,0.7286147581604098,0.8895166320524067
11507500,dam,0.3274148872241063,0.6580319743240388,0.6949790070602977,1.0308769050830133,1.151495680411316,8.028352123148267,0.0,0.5938521169787984,0.34636629432315214,0.6629958086157877,0.6993714623146381,1.015600197319271,1.151495680411316,8.028352123148267,0.5,0.5938521169787984,0.3334277033606451,0.6598685669763662,0.6966785013446402,1.0271020110119093,1.151495680411316,8.028352123148267,6.0,0.5938521169787984,0.3274148872241063,0.6580319743240388,0.6949790070602977,1.0308769050830133,1.151495680411316,8.028352123148267,0.0,0.5938521169787984,0.3085050639554321,0.6514969183502377,0.6888181931881167,1.0395558682105437,1.151840753155346,5.700130007435269,0.25,0.5939277295308534,0.38570638247239863,0.6801780755970577,0.6949790070602976,0.9793330598288625,1.09392089639075,8.028352123148267,0.05,0.5948432533526117,0.3274148872241063,0.6580319743240388,0.6949790070602977,1.0308769050830133,1.151495680411316,8.028352123148267,50.0,0.5938521169787984,0.3710736861855214,0.6774821670781479,0.7169428452521377,1.0340922103997752,1.1507783833601817
11525500,dam,0.15069788769673909,0.23574172755975853,0.44435932924809934,0.5483543692625776,0.7328476535092454,4.831264020091606,0.0,0.4713499731183397,0.15374558133237237,0.2326930019441804,0.44587807436371096,0.541373196859311,0.7328476535092454,4.831264020091606,2.0,0.4733996906563386,0.15055492944598925,0.2333606067035615,0.44363878755993236,0.5452167720653794,0.7328476535092454,4.831264020091606,8.0,0.47207248750825404,0.15093466710966674,0.2335849435124825,0.44398505846892905,0.5451820526509695,0.7328295331175636,3.43019745426504,0.25,0.4735375442035392,0.16174818876298624,0.25005992485015127,0.4561093505902335,0.5580533864045065,0.7330238427652035,19.325056080366423,-0.75,0.4739838733086149,0.15069788769673909,0.23574172755975853,0.44435932924809934,0.5483543692625776,0.7328476535092454,4.831264020091606,0.0,0.4713499731183397,0.14499102719107904,0.2359436475632819,0.44025547893204026,0.5537962297360245,0.7328476535092454,4.831264020091606,50.0,0.4713499731183397,0.09954470874621002,0.22365617146339134,0.40605794673444146,0.5774614776207013,0.7327851527794715
04296000,control,0.7793534500071483,0.8401664535998385,0.8866173167762572,0.9257176545270056,0.915304882957353,0.012499999999999975,0.0,0.8664243191512179,,,,,,,,,0.7792264794475529,0.8401050935864864,0.8865476509758107,0.9256919738721845,0.915304882957353,0.012499999999999975,16.0,0.8664243191512179,0.7795347053055457,0.8403004480022124,0.886720828240834,0.9258491326158972,0.9153039255925245,0.02499999999999995,-0.75,0.8665051794640277,0.7794766088990321,0.8402437516096485,0.886686423737925,0.9257786929127633,0.915304723220709,0.03549999999999993,-0.75,0.8664997206272019,0.7793534500071483,0.8401664535998385,0.8866173167762572,0.9257176545270056,0.915304882957353,0.012499999999999975,0.0,0.8664243191512179,0.7794942722994519,0.8402882757032435,0.8866991732500933,0.9258549078848565,0.915304882957353,0.012499999999999975,0.5,0.8665657881795492,0.7832701874091281,0.8428364770749124,0.888830975037489,0.9281056972330023,0.9153062572750712
01304500,control,-0.44088791382894055,0.4412211209547705,0.8382961536054997,0.830780455155148,1.5073957502490223,2.907335362699394,0.0,-0.039186818376996335,,,,,,,,,-0.44425869426897147,0.43877559740731376,0.8363305263004663,0.8246868913239314,1.5073957502490223,2.907335362699394,3.0,-0.039186818376996335,-0.44303343658879557,0.4441800288312383,0.8376613129284127,0.8422656954734026,1.5076434577589146,2.907335362699394,-0.5,-0.03471625055780936,-0.43333468695866095,0.4426942225559687,0.8427834981678621,0.8313550713584901,1.5073771665808993,5.814670725398788,-0.75,-0.0357068841424355,0.6288086824566078,0.5593033711466187,0.8376136281787141,0.5940250741688027,1.0550322135281505,4.099342861406145,0.3,0.5724784378081196,-0.4263006896061883,0.4476650883729387,0.8456138874164166,0.8441604368694596,1.5069051325511362,5.814670725398788,10.0,-0.03623504809525957,-0.49027028598526345,0.42611980945608674,0.8098031682792628,0.8124990625179024,1.507943930710316
01331500,control,0.8147567600738193,0.9066221464160787,0.9081456141853641,1.0066679317527774,1.015418626161126,0.012499999999999975,0.0,0.8629092662031322,,,,,,,,,0.8147567600738193,0.9066221464160787,0.9081456141853641,1.0066679317527774,1.015418626161126,0.012499999999999975,16.0,0.8630755600613733,0.8147894260858173,0.9063732626046883,0.9076631149747404,1.0014599953513956,1.0154186261611258,0.03549999999999993,0.5,0.8630042029759857,0.8148309109370402,0.9066272243610484,0.9080812932624075,1.0056296136203031,1.015418626161126,0.02499999999999995,0.25,0.8629348280513446,0.8147567600738193,0.9066221464160787,0.9081456141853641,1.0066679317527774,1.015418626161126,0.012499999999999975,0.0,0.8629092662031322,0.8147567600738193,0.9066221464160787,0.9081456141853641,1.0066679317527774,1.015418626161126,0.012499999999999975,1.0,0.8629092662031322,0.8149901906187919,0.9066462476918861,0.909000955816531,1.0140128294556605,1.015418743085813
01333000,control,0.7529623392481478,0.7659674110423311,0.8722852914042586,0.8255684485824947,0.9103683104442618,0.1380706234676368,0.0,0.8822286425779198,,,,,,,,,0.7529623392481478,0.7659674110423311,0.8722852914042586,0.8255684485824947,0.9103683104442618,0.1380706234676368,24.0,0.8822286425779198,0.7529623392481478,0.7659674110423311,0.8722852914042586,0.8255684485824947,0.9103683104442618,0.1380706234676368,0.0,0.8822286425779198,0.7529623392481478,0.7659674110423311,0.8722852914042586,0.8255684485824947,0.9103683104442618,0.1380706234676368,0.0,0.8822286425779198,0.7529623392481478,0.7659674110423311,0.8722852914042586,0.8255684485824947,0.9103683104442618,0.1380706234676368,0.0,0.8822286425779198,0.7529623392481478,0.7659674110423311,0.8722852914042586,0.8255684485824947,0.9103683104442618,0.1380706234676368,10.0,0.8822286425779198,0.7528472955117073,0.7765934069035805,0.8715112591906523,0.8407299852790056,0.9103662355194669
01423000,control,0.672177561285102,0.6103479650041641,0.8432780892432662,0.7350736017953533,0.7610837916769407,0.012499999999999975,0.0,0.744830306098192,,,,,,,,,0.670466970647031,0.6096203174088433,0.842175300948237,0.734657379319256,0.7610837916769407,0.012499999999999975,32.0,0.744830306098192,0.6724325717837959,0.6107519662934622,0.8433723674838375,0.7356117571695758,0.7610843798956867,0.012499999999999975,-0.75,0.744835257875669,0.6725540045900554,0.6106105809206801,0.8434962431872454,0.7353308891955279,0.7610837896240724,0.012499999999999975,-0.75,0.7448696389512578,0.672177561285102,0.6103479650041641,0.8432780892432662,0.7350736017953533,0.7610837916769407,0.012499999999999975,0.0,0.744830306098192,0.6742207523252945,0.6116540447189278,0.8444892350418736,0.73628039821462,0.7610837916769406,0.012499999999999975,0.5,0.74709764502502,0.6790375114136855,0.6147304980999393,0.8473335468689784,0.7391467636974116,0.7610834198026842
01440000,control,0.8120431643875349,0.8976261942646624,0.906112780900275,0.9960494776960679,1.0406199404724208,0.1071071505329564,0.0,0.8354448941339464,,,,,,,,,0.8095932173757808,0.8962668147813201,0.9047221790999526,0.9942788990422803,1.0406199404724208,0.1071071505329564,24.0,0.8354448941339464,0.8156340648918139,0.9000391932238625,0.9089241025176911,1.0069064782148422,1.0406158140112463,0.1510210822514685,-0.25,0.8365525230289231,0.8155829858723826,0.899169509309196,0.9105255152148677,1.0226212730102426,1.0406125895847518,0.2142143010659128,-0.75,0.8375478955273825,0.8120431643875349,0.8976261942646624,0.906112780900275,0.9960494776960679,1.0406199404724208,0.1071071505329564,0.0,0.8354448941339464,0.8125678160732408,0.8983996214198252,0.9068862411338168,1.0015764750115803,1.0406199404724206,0.1071071505329564,2.0,0.835492283714894,0.7942148880472817,0.8896845937477322,0.9002021940786468,1.0236537197331002,1.0406249717867562
01450500,control,0.7628308845039631,0.832091485379387,0.8864805087411555,1.0056214439225777,1.123592045677135,0.0644544378132592,0.0,0.8809141771661477,,,,,,,,,0.7628308845039631,0.832091485379387,0.8864805087411555,1.0056214439225777,1.123592045677135,0.0644544378132592,24.0,0.8809141771661477,0.7612787380766737,0.8317030122902325,0.8861375187059422,1.0091770186380356,1.1235920456771353,0.1289088756265184,-0.25,0.8829070138494847,0.7627386241165744,0.8309019591875081,0.8904067343717625,1.0362350087028083,1.1235738147014536,0.2578177512530368,-0.75,0.8850398918891929,0.7628308845039631,0.832091485379387,0.8864805087411555,1.0056214439225777,1.123592045677135,0.0644544378132592,0.0,0.8809141771661477,0.7645359164084725,0.8322338683558743,0.8902398250288607,1.0286912035732196,1.123592045677135,0.1289088756265184,2.0,0.8838314484746667,0.7436942936475777,0.8227390991258013,0.8834285252952779,1.0505447419317022,1.1236031849385624
01452000,control,0.7720667315159391,0.7905351303654524,0.8848791725608278,0.9359391630128907,1.1628463566225826,0.0499999999999999,0.0,0.8113964232142158,,,,,,,,,0.7724110062492443,0.7906183465536033,0.8850602115154296,0.9358861484714901,1.1628463566225826,0.0499999999999999,24.0,0.8113964232142158,0.7737701045043123,0.7924924542326808,0.886037246017879,0.9403934870174631,1.1628463566225824,0.07049999999999985,-0.25,0.8115001593264105,0.7747220001513999,0.7920208959697882,0.8864131883760198,0.9380763724814166,1.1628459649277434,0.0999999999999998,-0.25,0.811493603098009,0.7720667315159391,0.7905351303654524,0.8848791725608278,0.9359391630128907,1.1628463566225826,0.0499999999999999,0.0,0.8113964232142158,0.7720395624494936,0.7935514122048153,0.8854264117591484,0.9454530413425863,1.1628451460175226,0.1999999999999996,0.5,0.8131146307390549,0.7673068752572821,0.7948209648022553,0.8835939341056486,0.9549646081201041,1.162849248650098
01470779,control,0.6832004671296641,0.7141403924660821,0.8355744959322057,0.799767103616584,1.1207756433947071,0.03549999999999993,0.0,0.8156036971832052,,,,,,,,,0.6923621457698786,0.716331144875265,0.841385212521959,0.7982015547045311,1.1207756433947071,0.03549999999999993,16.0,0.8156036971832052,0.6825120548170551,0.7195460382206175,0.834817116415673,0.8082053603559676,1.1207636362997313,0.1999999999999996,-0.75,0.8201787099913513,0.6844916950383397,0.7170375242136121,0.8362229551233742,0.8033722001929868,1.120757403987064,0.1999999999999996,-0.75,0.8194087706464354,0.6832004671296641,0.7141403924660821,0.8355744959322057,0.799767103616584,1.1207756433947071,0.03549999999999993,0.0,0.8156036971832052,0.6829545601896879,0.7154018055923954,0.8353341309952679,0.801771526244135,1.120775643394707,0.0999999999999998,0.5,0.8163998375423737,0.6831069922131772,0.7186617353127878,0.8352451297991135,0.8065642818970461,1.1207877265465969
01472198,control,0.6979968257482533,0.7180041234358858,0.8384873031101706,0.7737925868255051,1.0475975773274289,0.0499999999999999,0.0,0.7964964253128657,,,,,,,,,0.6979968257482533,0.7180041234358858,0.8384873031101706,0.7737925868255051,1.0475975773274289,0.0499999999999999,24.0,0.7964964253128657,0.7013650731589628,0.7260425430207699,0.8399448641735647,0.7828091330704959,1.0475727763801794,0.0999999999999998,-0.5,0.7973832689305498,0.7074883865586123,0.7307434000614056,0.8436107721141939,0.7860153645392333,1.047456314632475,0.1999999999999996,-0.75,0.7993944634735584,0.6979968257482533,0.7180041234358858,0.8384873031101706,0.7737925868255051,1.0475975773274289,0.0499999999999999,0.0,0.7964964253128657,0.7012986426969029,0.726669429127615,0.839839797624745,0.7836836086166823,1.0475975773274289,0.03549999999999993,0.5,0.7980924216369764,0.6991214394253877,0.7342414469956954,0.8377540180939455,0.7949803735778614,1.0476529393847718
01516350,control,0.665778955388918,0.6475299708582225,0.8458526013252377,1.0002613683947559,1.3169757602902334,0.0499999999999999,0.0,0.7924449948550587,,,,,,,,,0.660411088739749,0.646100321007893,0.8426418160878071,0.9968771591456921,1.3169757602902334,0.0499999999999999,32.0,0.7924449948550587,0.6727322517595925,0.6490399411857177,0.8493373732800575,1.0003212183061045,1.3169757602902334,0.012499999999999975,0.5,0.7926165160058621,0.6643762985700608,0.6480427964855511,0.8481651828476773,1.0189442280594359,1.316956113096536,0.1999999999999996,-0.75,0.7944059465884512,0.665778955388918,0.6475299708582225,0.8458526013252377,1.0002613683947559,1.3169757602902334,0.0499999999999999,0.0,0.7924449948550587,0.678056736821079,0.6506280909876219,0.8533392643042961,1.0091829698349082,1.3169653490165123,0.1999999999999996,1.0,0.7968939305627025,0.6725489447628883,0.6497725175332563,0.8528594810069965,1.0230770947441472,1.3169801332002251
01518862,control,0.7240267939838063,0.7124469891138394,0.857657068877927,0.750247084013539,0.9930211042755357,0.0830874910764661,0.0,0.7723091502918251,,,,,,,,,0.7205301296667105,0.7077985017441482,0.8559569654229904,0.7458649674144117,0.9930211042755357,0.0830874910764661,24.0,0.7723091502918251,0.7250868725316411,0.7169536436459123,0.8576352242172733,0.7554620540877836,0.9930212128064348,0.1661749821529322,-0.25,0.7756221531417691,0.7353725856657618,0.729110866288686,0.862961055245988,0.7664351968258591,0.9930190901883935,0.3323499643058644,-0.5,0.7757653416112433,0.7240267939838063,0.7124469891138394,0.857657068877927,0.750247084013539,0.9930211042755357,0.0830874910764661,0.0,0.7723091502918251,0.7240267939838063,0.7124469891138394,0.857657068877927,0.750247084013539,0.9930211042755357,0.0830874910764661,20.0,0.7723091502918251,0.7478855940714717,0.7553420087722502,0.8679539171601263,0.7941537660189092,0.9930219892487238
01539000,control,0.8281181217531475,0.8554665566037469,0.9106808452880695,0.9004362110186559,1.054763644739941,0.0499999999999999,0.0,0.8828687369377497,,,,,,,,,0.8097639977499638,0.8463566495004284,0.9004978000046053,0.8965276144876895,1.054763644739941,0.0499999999999999,24.0,0.8828687369377497,0.8289430319409432,0.8582473744019435,0.9111027658989538,0.9041249153954789,1.054763644739941,0.07049999999999985,-0.25,0.8830250629836887,0.8290668363098996,0.8583442629369893,0.9111706096940103,0.9042052690617668,1.054763644739941,0.07049999999999985,-0.25,0.8830247132431505,0.8281181217531475,0.8554665566037469,0.9106808452880695,0.9004362110186559,1.054763644739941,0.0499999999999999,0.0,0.8828687369377497,0.831584537193977,0.8526210537637345,0.9127033244668757,0.8946397254684006,1.054763644739941,0.0999999999999998,2.0,0.8842635257232029,0.8275427502994008,0.8653474911673862,0.9103238366409993,0.9157990247878864,1.0547693311393884
01541000,control,0.7752056613563196,0.7860976599632261,0.8831033879941548,0.8387564775560747,1.0780379372141389,0.012499999999999975,0.0,0.8704659134677274,,,,,,,,,0.7627153603848144,0.7798146312848017,0.8757938398860337,0.8357912708125608,1.0780379372141387,0.012499999999999975,12.0,0.8704659134677274,0.7707465292336448,0.7822507389182441,0.8806160174864242,0.8354634211604878,1.0780379372141387,0.012499999999999975,0.75,0.8705693337585396,0.7741210008002433,0.7850149525776132,0.8825098487573058,0.8377510698601164,1.0780379372141389,0.012499999999999975,0.25,0.8705472607686405,0.7752056613563196,0.7860976599632261,0.8831033879941548,0.8387564775560747,1.0780379372141389,0.012499999999999975,0.0,0.8704659134677274,0.7759318740152265,0.7865637054942587,0.8835194517368812,0.8390732649805293,1.0780379372141387,0.012499999999999975,0.5,0.87050836173995,0.7800494211796456,0.7915871536471488,0.8857053005382071,0.8441720642697554,1.0780403142349282
01543500,control,0.8549776622214776,0.8835731272147545,0.9256289041770798,0.9355580777482085,1.0622205389653918,0.012499999999999975,0.0,0.9135137869555161,,,,,,,,,0.8385333021805751,0.8752812399142569,0.916760605724688,0.931046559992554,1.0622205389653918,0.012499999999999975,16.0,0.9135137869555161,0.855342673523035,0.8831430164345189,0.9258142442392231,0.9345734550730238,1.0622205389653918,0.012499999999999975,0.5,0.9135903907730627,0.8551112681059339,0.884078513858589,0.92570927690398,0.9363801661172655,1.0622189372123718,0.0499999999999999,-0.75,0.913555135602108,0.8549776622214776,0.8835731272147545,0.9256289041770798,0.9355580777482085,1.0622205389653918,0.012499999999999975,0.0,0.9135137869555161,0.8559375809927616,0.8839443129306677,0.9261426613020146,0.9356353817507149,1.0622190641139004,0.07049999999999985,0.5,0.9139464731472581,0.8598669892493148,0.889105246506584,0.9283237667446677,0.9426535333777996,1.0622217542716497
01544500,control,0.7646866313366781,0.8176323137372965,0.8975406270518111,1.081515550965071,1.1269459130446378,0.0830874910764661,0.0,0.8416524602426657,,,,,,,,,0.759553352254942,0.8167828618687221,0.894919047177424,1.0800702705139593,1.1269459130446378,0.0830874910764661,24.0,0.8416524602426657,0.757886454256963,0.8075449730840406,0.8982105627812037,1.1027857435014616,1.126936751135182,0.3323499643058644,-0.75,0.8448724451638325,0.7646275600256522,0.8143785813339768,0.8990226591725522,1.090253762204061,1.126937567784393,0.3323499643058644,-0.75,0.8441315472125779,0.7646866313366781,0.8176323137372965,0.8975406270518111,1.081515550965071,1.1269459130446378,0.0830874910764661,0.0,0.8416524602426657,0.7751021435236343,0.8252228003056461,0.8999361532613971,1.066482017592309,1.1269426541621426,0.3323499643058644,2.0,0.8479873233457297,0.756305825443801,0.809866435810987,0.8963081185276887,1.0963494054416096,1.1269470677841673
01546500,control,0.7405447972096186,0.8301210651114608,0.862023710727014,0.903617221530816,1.0230598380714617,0.03549999999999993,0.0,0.8705242927371326,,,,,,,,,0.7405447972096186,0.8301210651114608,0.862023710727014,0.903617221530816,1.0230598380714617,0.03549999999999993,12.0,0.8705242927371326,0.7385388230920644,0.8294257964234575,0.8609300794787591,0.9039616743164195,1.0230598380714615,0.07049999999999985,-0.25,0.8709607905492696,0.737782882296607,0.8300893093202761,0.8605939892069712,0.9056396439465415,1.0230592750861616,0.1999999999999996,-0.75,0.8716513927291156,0.7425679466208344,0.8012077190109896,0.8624268927757366,0.8592776284408186,0.9719068461678886,0.02499999999999995,0.05,0.8823652426209585,0.7352014755580649,0.8240321544997444,0.858787304806825,0.8975700178932007,1.0230598380714615,0.1999999999999996,2.0,0.8729672451451292,0.7458505796891979,0.8350832261629849,0.8651521999791273,0.9079031602574029,1.023060469027457
01547100,control,0.779116071993374,0.8577416116720172,0.8898342176741835,0.935420881842248,0.9373064042171526,0.0499999999999999,0.0,0.8595032919776139,,,,,,,,,0.779116071993374,0.8577416116720172,0.8898342176741835,0.935420881842248,0.9373064042171526,0.0499999999999999,12.0,0.8595032919776139,0.7784254761585945,0.8590663204668705,0.889636469753666,0.9387600864782975,0.9372954051909451,0.1999999999999996,-0.5,0.8598999461580091,0.7810336776411679,0.8597172527756527,0.890979464513272,0.9378532001434052,0.9372979483702362,0.1999999999999996,-0.75,0.8606837824379614,0.779116071993374,0.8577416116720172,0.8898342176741835,0.935420881842248,0.9373064042171526,0.0499999999999999,0.0,0.8595032919776139,0.7798578840480734,0.858221859428564,0.8902495339258076,0.9357786707987154,0.9372983475814901,0.1999999999999996,0.5,0.8601873584189712,0.7835716747514739,0.8610169560467387,0.892355375824739,0.9383650518708021,0.9373098527534662
01547950,control,0.8514643273086958,0.9220009280255363,0.9277671139669983,1.0228841354303273,0.9814910359601791,0.03549999999999993,0.0,0.8841939540563886,,,,,,,,,0.8514643273086958,0.9220009280255363,0.9277671139669983,1.0228841354303273,0.9814910359601791,0.03549999999999993,24.0,0.8841939540563886,0.8509739734574149,0.9214681306630349,0.9276632784259657,1.024332518645866,0.981491035960179,0.0499999999999999,-0.25,0.8843725094089708,0.8499055292691662,0.920543308872537,0.9273251653839082,1.0262500275661655,0.9814886458835578,0.1999999999999996,-0.75,0.8848026153476936,0.8514643273086958,0.9220009280255363,0.9277671139669983,1.0228841354303273,0.9814910359601791,0.03549999999999993,0.0,0.8841939540563886,0.8528725916979727,0.923517979689719,0.9280177350044158,1.018040343469152,0.9814905709336366,0.1999999999999996,1.0,0.8880719805439916,0.8487476409162509,0.9190288903900851,0.9271382426790713,1.0300822247825006,0.9814920378295701
01555500,control,0.7474192547979042,0.813056187442569,0.8784337370960537,1.01202862864478,1.1415095221884466,0.012499999999999975,0.0,0.8254409776307109,,,,,,,,,0.6609561652326661,0.7704467376867606,0.8262529153991285,0.9501832762885194,1.1415095221884466,0.012499999999999975,24.0,0.8254409776307109,0.7474192547979042,0.813056187442569,0.8784337370960537,1.01202862864478,1.1415095221884466,0.012499999999999975,0.0,0.8254409776307109,0.7473310349074056,0.8130317488341782,0.8784146241960148,1.0122138636232303,1.1415095221884473,0.012499999999999975,-0.5,0.8254623730250543,0.7474192547979042,0.813056187442569,0.8784337370960537,1.01202862864478,1.1415095221884466,0.012499999999999975,0.0,0.8254409776307109,0.7466058507404123,0.8128331121704813,0.8789025282849824,1.018490575275413,1.1415095221884466,0.012499999999999975,0.5,0.8265691342806136,0.7475461032203747,0.8129522043476833,0.8802737871020165,1.0250378796937696,1.141511894849648
01560000,control,0.8256980732595051,0.7132543418025146,0.9289318771983492,0.7456139807341725,0.8883749686734883,0.012499999999999975,0.0,0.833550061532792,,,,,,,,,0.8171722527756342,0.708381003224924,0.9242192065017948,0.7414680619377183,0.8883749686734883,0.012499999999999975,24.0,0.833550061532792,0.828335304830823,0.7207244748004258,0.9286541949883936,0.754149795988679,0.8883654521649516,0.1999999999999996,-0.75,0.8352003472268985,0.8273645355391059,0.7160991149581684,0.9292895488776541,0.7487253288062818,0.8883721170759812,0.0999999999999998,-0.75,0.8342477848269931,0.8256980732595051,0.7132543418025146,0.9289318771983492,0.7456139807341725,0.8883749686734883,0.012499999999999975,0.0,0.833550061532792,0.8282833992143794,0.7148356518154966,0.9303206744516137,0.7470117371468857,0.8883736772746758,0.0999999999999998,0.5,0.8359055256758835,0.8306589379077287,0.7208529676267261,0.9302696268522013,0.7538275122884273,0.8883763150699191
01595000,control,0.7591214749275556,0.8430610789001302,0.8823334361670768,0.9932109042358863,1.1036258311930451,0.0499999999999999,0.0,0.8421091701499162,,,,,,,,,0.7591214749275556,0.8430610789001302,0.8823334361670768,0.9932109042358863,1.1036258311930451,0.0499999999999999,24.0,0.8421091701499162,0.7577571541509639,0.8439375247783825,0.884361713862443,1.0156699942888716,1.1036230390909918,0.1999999999999996,-0.75,0.8460956497282238,0.7615898546146961,0.8450328469421012,0.8848568836705248,1.0043777579151494,1.1036229536562412,0.1999999999999996,-0.75,0.8470213909006123,0.7591214749275556,0.8430610789001302,0.8823334361670768,0.9932109042358863,1.1036258311930451,0.0499999999999999,0.0,0.8421091701499162,0.760498398820594,0.8433974817838252,0.8828717064479052,0.9918080143179787,1.1036253006355456,0.1999999999999996,1.0,0.8447971003634576,0.7476277239530269,0.840090675494091,0.8786171537171548,1.0099305058152026,1.1036271284291208
01605500,control,0.677549838188739,0.7008163565088582,0.8326800899711152,0.8782300987350017,1.2160717274112305,0.0499999999999999,0.0,0.6754690013554658,,,,,,,,,0.677549838188739,0.7008163565088582,0.8326800899711152,0.8782300987350017,1.2160717274112305,0.0499999999999999,inf,0.6754690013554658,0.677549838188739,0.7008163565088582,0.8326800899711152,0.8782300987350017,1.2160717274112305,0.0499999999999999,0.0,0.6754690013554658,0.667947623924363,0.7009319486524439,0.8276764756580098,0.8857219728230041,1.2160713650619022,0.1999999999999996,-0.5,0.6781322756397885,0.677549838188739,0.7008163565088582,0.8326800899711152,0.8782300987350017,1.2160717274112305,0.0499999999999999,0.0,0.6754690013554658,0.6950646422768388,0.7112422798424948,0.8431983382475604,0.8899669666156543,1.2160717274112305,0.1999999999999996,2.0,0.6784113645623469,0.6899069546210274,0.7174182456800806,0.8416222320235452,0.9101018553291975,1.2160723352723968
01632900,control,0.5768271123042583,0.609436724745404,0.763329997538406,0.7102180756005176,1.1120420376633657,0.1779852882826546,0.0,0.7495094186618394,,,,,,,,,0.5768271123042583,0.609436724745404,0.763329997538406,0.7102180756005176,1.1120420376633657,0.1779852882826546,inf,0.7495094186618394,0.5658636917246699,0.6074694287632587,0.7553702470818343,0.7142086150092821,1.1120705920735983,0.3559705765653092,-0.25,0.7503400736424594,0.5536307654042951,0.5866550117495899,0.7482129918225563,0.6919357298212443,1.112043684623517,0.0889926441413273,0.25,0.7505696924108818,0.5768271123042583,0.609436724745404,0.763329997538406,0.7102180756005176,1.1120420376633657,0.1779852882826546,0.0,0.7495094186618394,0.5970141713237879,0.6264411916000574,0.7765068410603613,0.7224327594318679,1.1120420376633657,0.1779852882826546,20.0,0.7495094186618394,0.6894821110341952,0.6950484209665672,0.834720980431133,0.7695091946820376,1.1120370470389829
01634500,control,0.664647791532218,0.7604402795609,0.8214785456823603,0.9039236831050623,1.1276255904475203,0.02499999999999995,0.0,0.7895908755814802,,,,,,,,,0.664647791532218,0.7604402795609,0.8214785456823603,0.9039236831050623,1.1276255904475203,0.02499999999999995,inf,0.7895908755814802,0.6647657273697491,0.7580742615637517,0.8210928726299153,0.8988472428993259,1.1276261040110538,0.02499999999999995,0.25,0.7896289793666567,0.664647791532218,0.7604402795609,0.8214785456823603,0.9039236831050623,1.1276255904475203,0.02499999999999995,0.0,0.7895908755814802,0.664647791532218,0.7604402795609,0.8214785456823603,0.9039236831050623,1.1276255904475203,0.02499999999999995,0.0,0.7895908755814802,0.6710271493753879,0.7671888585203526,0.8258319210525707,0.9129478004149869,1.1276261039922064,0.012499999999999975,0.5,0.7926689374130128,0.6714651398176466,0.7712829572377896,0.8269696862087477,0.9220045584046609,1.1276272198613586
01637500,control,0.6866820516411278,0.7156123504957943,0.8309053723348694,0.7816870837484865,1.067991269168015,0.0499999999999999,0.0,0.8134188969255276,,,,,,,,,0.6866820516411278,0.7156123504957943,0.8309053723348694,0.7816870837484865,1.067991269168015,0.0499999999999999,32.0,0.8134188969255276,0.6873448462512395,0.7179271815403507,0.8311554788068046,0.7845150690067796,1.0679915222043004,0.0999999999999998,-0.25,0.8146511720728788,0.6881403392936105,0.7192501066400229,0.8315797237108038,0.7859153027044653,1.0679915843335674,0.0999999999999998,-0.25,0.8145846140684257,0.6866820516411278,0.7156123504957943,0.8309053723348694,0.7816870837484865,1.067991269168015,0.0499999999999999,0.0,0.8134188969255276,0.6919724219101644,0.7130475098542217,0.8347346963967882,0.7754865297076281,1.067991269168015,0.0999999999999998,5.0,0.8159456467006215,0.6874843090005542,0.7305166668139182,0.8304195438715326,0.8019083657019439,1.0679958835920744
01639500,control,0.6418905289165815,0.6886469321729063,0.8091064001512488,0.8305910821564693,1.1783283066066952,0.02499999999999995,0.0,0.762565015923959,,,,,,,,,0.6418905289165815,0.6886469321729063,0.8091064001512488,0.8305910821564693,1.1783283066066952,0.02499999999999995,24.0,0.762565015923959,0.6351128121206578,0.6756032035281608,0.8046562384903436,0.8121952805628134,1.1783353127049434,0.012499999999999975,1.0,0.7631503507167635,0.6347409699489455,0.672974917749529,0.8043971167259181,0.8079487164588985,1.1783289683871037,0.012499999999999975,0.5,0.7628593388872227,0.6418905289165815,0.6886469321729063,0.8091064001512488,0.8305910821564693,1.1783283066066952,0.02499999999999995,0.0,0.762565015923959,0.6436905246456999,0.6915258799671142,0.8102966386731707,0.8345674382288838,1.1783283066066952,0.02499999999999995,0.5,0.7640229237171313,0.6398316269443988,0.6959633938594636,0.8083947244686,0.8453528095417265,1.178353364827677
02015700,control,0.7169959890249658,0.7820498798045687,0.8489965888114777,0.8727223854179098,1.0921988803019096,0.02499999999999995,0.0,0.8018406626743777,,,,,,,,,0.7169959890249658,0.7820498798045687,0.8489965888114777,0.8727223854179098,1.0921988803019096,0.02499999999999995,32.0,0.8018406626743777,0.7202996282153612,0.7792638413828852,0.8507464984461873,0.8660328007830659,1.0921988803019667,0.012499999999999975,0.5,0.8029712293543612,0.7166543292895019,0.7732050103304453,0.8485236773137279,0.8586130929833975,1.0921988803019667,0.02499999999999995,0.25,0.8029087313124075,0.7169959890249658,0.7820498798045687,0.8489965888114777,0.8727223854179098,1.0921988803019096,0.02499999999999995,0.0,0.8018406626743777,0.7200021904230436,0.7860983728921619,0.8508510883188751,0.877488371536884,1.0921922399935702,0.1999999999999996,0.5,0.8042625849811373,0.7225360216801575,0.7923603534112735,0.8525965431118798,0.8864853357059342,1.0922001340732694
02016000,control,0.7696199964620917,0.7769008319066709,0.8799149023183134,0.841414399980491,1.1010119576345672,0.012499999999999975,0.0,0.8135007500994195,,,,,,,,,0.7696199964620917,0.7769008319066709,0.8799149023183134,0.841414399980491,1.1010119576345672,0.012499999999999975,inf,0.8135007500994195,0.7653540581651165,0.7729990010245114,0.8775461350290057,0.8377314297087456,1.101011957634567,0.012499999999999975,0.5,0.8141128972627034,0.7648983100316482,0.7726496350959113,0.8772880499331337,0.8374375500072614,1.101011957634567,0.012499999999999975,0.25,0.813854998233506,0.7696199964620917,0.7769008319066709,0.8799149023183134,0.841414399980491,1.1010119576345672,0.012499999999999975,0.0,0.8135007500994195,0.7717441871951297,0.7788639175636859,0.8810908733323085,0.8432888932932973,1.1010119576345674,0.012499999999999975,0.5,0.8176020204077773,0.7798276811046526,0.7854256788066546,0.8856096379473908,0.8491578744664329,1.1010130563322065
02027000,control,0.5819512085302418,0.5873881727732376,0.7714852242972268,0.6576240811546429,0.9715703069359469,0.2294388339057876,0.0,0.8074876222432457,,,,,,,,,0.5819512085302418,0.5873881727732376,0.7714852242972268,0.6576240811546429,0.9715703069359469,0.2294388339057876,inf,0.8074876222432457,0.5939361141568464,0.594276765638404,0.7801206225159477,0.6602099599980059,0.9715899494280028,0.1147194169528938,0.25,0.8094932488119593,0.5863309780099557,0.5884762194633543,0.7749971567636663,0.6566077984825475,0.9715862987321874,0.1147194169528938,0.25,0.8101527540417004,0.5716466045729955,0.5539426324264536,0.7714852242972269,0.6247428770969108,0.9229917915891497,0.2294388339057876,0.05,0.8099079810798839,0.5819512085302418,0.5873881727732376,0.7714852242972268,0.6576240811546429,0.9715703069359469,0.2294388339057876,20.0,0.8074876222432457,0.6282549195504974,0.6224386230898726,0.8022172198130588,0.6796429329870574,0.9716113612397433
02028500,control,0.808674705364648,0.8627902963338993,0.9005958121380411,0.9293412419973975,1.0628701052422629,0.2294388339057876,0.0,0.7267314629828288,,,,,,,,,0.808674705364648,0.8627902963338993,0.9005958121380411,0.9293412419973975,1.0628701052422629,0.2294388339057876,inf,0.7267314629828288,0.8104735113617954,0.8565158612918938,0.9012731229140499,0.9170098638084594,1.0628755842642619,0.16290157207310918,0.25,0.7316348363204821,0.8131628593587247,0.8562783457985003,0.9027094368265575,0.9149295018849318,1.0628766296350562,0.16290157207310918,0.25,0.7326258576973356,0.808674705364648,0.8627902963338993,0.9005958121380411,0.9293412419973975,1.0628701052422629,0.2294388339057876,0.0,0.7267314629828288,0.808674705364648,0.8627902963338993,0.9005958121380411,0.9293412419973975,1.0628701052422629,0.2294388339057876,10.0,0.7267314629828288,0.8187557484416016,0.8846230476367913,0.9078808097549445,0.9704841970553376,1.0628865112861992
02041000,control,0.7297005505211049,0.7862281247383441,0.8546679703600327,0.8578139441087055,1.0660313662109933,0.0499999999999999,0.0,0.82390732990169,,,,,,,,,0.7297005505211049,0.7862281247383441,0.8546679703600327,0.8578139441087055,1.0660313662109933,0.0499999999999999,inf,0.82390732990169,0.7162793709529632,0.7949679612813327,0.8474025499732574,0.8800337908311041,1.0660322936457123,0.1999999999999996,-0.5,0.825099447785646,0.7360707847027135,0.8021544803932761,0.8586083594523576,0.8783772173440962,1.0660238771258979,0.1999999999999996,-0.5,0.8256282541565824,0.7297005505211049,0.7862281247383441,0.8546679703600327,0.8578139441087055,1.0660313662109933,0.0499999999999999,0.0,0.82390732990169,0.768413700112063,0.8193897344855796,0.8770573236879112,0.8853521408636948,1.0660381309992366,0.1999999999999996,0.5,0.8280099159167983,0.7693249396840363,0.8251839538046666,0.8776887627453951,0.8939841932372697,1.0660398361980414
04287000,control,0.7823721423999275,0.8839873937737796,0.8883197165441951,0.9701172909042233,1.009667615410655,0.012499999999999975,0.0,0.8207229128720255,,,,,,,,,0.7810216643432778,0.8828610913672046,0.8875112062460373,0.9687857018702566,1.009667615410655,0.012499999999999975,16.0,0.8210648425192387,0.7823721423999275,0.8839873937737796,0.8883197165441951,0.9701172909042233,1.009667615410655,0.012499999999999975,-0.25,0.8207229128720255,0.7823717955747123,0.8839872369163309,0.8883195415786768,0.9701173358386118,1.009667615410655,0.012499999999999975,-0.75,0.8207229128720255,0.7823721423999275,0.8839873937737796,0.8883197165441951,0.9701172909042233,1.009667615410655,0.012499999999999975,0.0,0.8207229128720255,0.7826394248585616,0.8843647235210725,0.8885189373010607,0.9708447768291026,1.009667615410655,0.012499999999999975,0.5,0.8214617787415337,0.783813282237354,0.8869179669146287,0.8896719631387183,0.9771587708659192,1.0096720597961917
02064000,control,0.6048233513240999,0.4747876915602588,0.8078712538406929,0.625331242864426,1.3139392238353447,0.012499999999999975,0.0,0.8184381497489259,,,,,,,,,0.6048233513240999,0.4747876915602588,0.8078712538406929,0.625331242864426,1.3139392238353447,0.012499999999999975,inf,0.8184381497489259,0.6047745694665541,0.47458946133122637,0.8079208675821452,0.6250279946829679,1.3139392238353447,0.012499999999999975,0.5,0.8186126618037949,0.6039590379273403,0.47554496970214566,0.8067005135101843,0.6269902960795872,1.3139301643816708,0.0999999999999998,-0.75,0.8186908696058366,0.6048233513240999,0.4747876915602588,0.8078712538406929,0.625331242864426,1.3139392238353447,0.012499999999999975,0.0,0.8184381497489259,0.6110279447268276,0.477587617035821,0.8123410201945963,0.6269801560679343,1.3139347085073654,0.0999999999999998,0.5,0.8252481402766114,0.6120730754946021,0.4843761902806778,0.8101312856687627,0.6377188197745789,1.3139588044985309
02108000,control,0.9048482513410988,0.897376383881098,0.9521201208405815,0.9172183166372808,1.0372332735148786,0.0499999999999999,0.0,0.852084996872583,,,,,,,,,0.7496777505968586,0.7951751470453273,0.8662731693539296,0.8493877876909487,1.0372332735148786,0.0499999999999999,16.0,0.852084996872583,0.8736659256891294,0.875692553966011,0.9356133038312727,0.9004172167008049,1.0372822178304169,0.012499999999999975,0.75,0.8531200786788501,0.9025991082330509,0.8933192289272597,0.9510666461101406,0.9128405612975579,1.0372766151741202,0.012499999999999975,0.25,0.8525400107799415,0.8999381244332817,0.8619587345952043,0.9521201208405811,0.8713574008054168,0.9853716098391346,0.0499999999999999,0.05,0.8578606719479047,0.908263638580312,0.899614888348364,0.9539137789995326,0.9189635007013892,1.0372332735148786,0.0499999999999999,5.0,0.852084996872583,0.9137351289092727,0.9045801095382615,0.9567135931162369,0.9235835914632528,1.0373065005216038
02118500,control,0.6400722983932879,0.5637395695780449,0.8286018565883166,0.7814745319463211,1.3364408705833732,0.012499999999999975,0.0,0.6665238017186721,,,,,,,,,0.6400722983932879,0.5637395695780449,0.8286018565883166,0.7814745319463211,1.3364408705833732,0.012499999999999975,24.0,0.6665238017186721,0.6400173227556497,0.5637238437805088,0.8285669228956932,0.7814705393744251,1.3364408705833732,0.012499999999999975,-0.5,0.6665238017186721,0.6397180611356941,0.5636336299826303,0.82837732919099,0.78143923419877,1.3364408705833732,0.02499999999999995,-0.75,0.6665251102887697,0.6400722983932879,0.5637395695780449,0.8286018565883166,0.7814745319463211,1.3364408705833732,0.012499999999999975,0.0,0.6665238017186721,0.6413590730486749,0.5643241072296523,0.8293916985678087,0.7820233232091931,1.3364408705833732,0.012499999999999975,0.5,0.6683629411812961,0.6528992818671128,0.572344830820193,0.8360863103393857,0.7930627758546432,1.3364494484035716
02133500,control,0.798773822737159,0.8289487499782615,0.9176925218026808,1.0435039973626734,1.1434970779502691,0.0499999999999999,0.0,0.8336144950647095,,,,,,,,,0.7979298304894819,0.8289806434711928,0.9171460594914902,1.042325328935213,1.1434970779502691,0.0499999999999999,8.0,0.8336144950647095,0.7991169680314616,0.8285633334348564,0.9181347213532576,1.045795146192515,1.1434970779502691,0.07049999999999985,-0.25,0.8337768853333573,0.7989201379880345,0.8287704616547102,0.9178912355145461,1.044567863781941,1.143497077024334,0.0999999999999998,-0.25,0.8338196992575946,0.798773822737159,0.8289487499782615,0.9176925218026808,1.0435039973626734,1.1434970779502691,0.0499999999999999,0.0,0.8336144950647095,0.799701262265095,0.8290985214406699,0.9181755588255353,1.043825390129309,1.1434970779502691,0.0499999999999999,1.0,0.833672020138691,0.7974289012411858,0.8271710944740954,0.9178939041492006,1.0503189806312343,1.143514528176261
02177000,control,0.8264668940770339,0.7900390202647114,0.9255728414322014,0.8975813918784309,1.1674951933321267,0.012499999999999975,0.0,0.8638015799589407,,,,,,,,,0.7060112582362783,0.7328829955997747,0.8576327809502089,0.848248791799168,1.1674951933321267,0.012499999999999975,8.0,0.8638015799589407,0.8287731026436049,0.7872232088610226,0.9271025960575462,0.8908886277398903,1.1674951933321267,0.012499999999999975,1.0,0.8642259014113044,0.8279412199042219,0.7888413542782889,0.9264987917439342,0.8944968898157072,1.1674951933321267,0.012499999999999975,0.5,0.8640235105020888,0.8388819753116881,0.8021534007464266,0.9255728414322013,0.8527023222845094,1.1091204336655205,0.012499999999999975,0.05,0.8648130458895024,0.8295028212055809,0.7913664824783697,0.9272143457254937,0.8991260520455655,1.1674951933321267,0.012499999999999975,0.5,0.8638015799589407,0.8361297567017811,0.7954503491641551,0.9307066196653246,0.9052177349132454,1.1674971919880577
02231600,control,0.5857931501148681,0.7195009655218922,0.7761718238218992,0.8903138359584576,1.128645253739839,3.7478133267479534,0.0,0.5410153409501721,,,,,,,,,0.5654458715484031,0.6996187913429738,0.7619883338429263,0.8695020460788674,1.128645253739839,3.7478133267479534,16.0,0.5469421594929293,0.5954815007677041,0.7334013731043891,0.7843756284232731,0.911289295485563,1.1292724609084202,7.495626653495907,-0.25,0.5513872671468838,0.5857931501148681,0.7195009655218922,0.7761718238218992,0.8903138359584576,1.128645253739839,3.7478133267479534,0.0,0.5410153409501721,0.5857931501148681,0.7195009655218922,0.7761718238218992,0.8903138359584576,1.128645253739839,3.7478133267479534,0.0,0.5410153409501721,0.5857931501148681,0.7195009655218922,0.7761718238218992,0.8903138359584576,1.128645253739839,3.7478133267479534,inf,0.5410153409501721,0.4163468683318283,0.6949183169262967,0.7354033210554604,1.0831648914907195,1.1270709709648141
02298830,control,0.7266814379640936,0.8129350455776082,0.8584151610729978,0.9434273528563099,1.1083815766365386,2.907335362699394,0.0,0.8415766714863112,,,,,,,,,0.7279319647513344,0.8131147003142072,0.8590010834014299,0.9425643438058187,1.1083815766365386,2.907335362699394,32.0,0.8415766714863112,0.7266814379640936,0.8129350455776082,0.8584151610729978,0.9434273528563099,1.1083815766365386,2.907335362699394,0.0,0.8415766714863112,0.7543134915721286,0.8231885699022827,0.8729940125609555,0.9424163523099574,1.1087008945986292,11.629341450797575,-0.75,0.8556369578735314,0.7266814379640936,0.8129350455776082,0.8584151610729978,0.9434273528563099,1.1083815766365386,2.907335362699394,0.0,0.8415766714863112,0.7266814379640936,0.8129350455776082,0.8584151610729978,0.9434273528563099,1.1083815766365386,2.907335362699394,100.0,0.8415766714863112,0.36079086891953094,0.6788676811941265,0.7220848247275626,1.1191506546609922,1.1081306757066862
02430680,control,0.6740046804301992,0.6652556696390937,0.8262608178408786,0.7415781647875179,1.122827596153568,0.012499999999999975,0.0,0.6415705191783505,,,,,,,,,0.6740046804301992,0.6652556696390937,0.8262608178408786,0.7415781647875179,1.122827596153568,0.012499999999999975,inf,0.6415705191783505,0.6799174895617999,0.6787062352253086,0.828539614946673,0.7576191687129051,1.1228110429278917,0.1999999999999996,-0.75,0.6453743821001505,0.6811119334019478,0.6746019564446502,0.8299655102455736,0.7512250837105324,1.1228136802997517,0.1999999999999996,-0.75,0.6456167785837793,0.6740046804301992,0.6652556696390937,0.8262608178408786,0.7415781647875179,1.122827596153568,0.012499999999999975,0.0,0.6415705191783505,0.6761378583233948,0.6673534125089244,0.827482317820619,0.743467917120178,1.122811611658882,0.1999999999999996,0.5,0.6438756356020671,0.6786169936058157,0.674386947105224,0.8282100565664966,0.7521589605391505,1.122828721028657
02462000,control,0.6625912573858045,0.8238300019414312,0.8461192534002506,1.075291013046565,1.04108341996818,0.012499999999999975,0.0,0.7639937715331613,,,,,,,,,0.6625912573858045,0.8238300019414312,0.8461192534002506,1.075291013046565,1.04108341996818,0.012499999999999975,32.0,0.7639937715331613,0.6440680119467626,0.8159494499275776,0.8378222558386758,1.0767188695766094,1.0410755320305474,0.1999999999999996,-0.5,0.7677810443050989,0.6525100872844141,0.818711623379994,0.8423626876915346,1.0795504951616293,1.0410812850969884,0.0999999999999998,-0.75,0.7672375804223706,0.6625912573858045,0.8238300019414312,0.8461192534002506,1.075291013046565,1.04108341996818,0.012499999999999975,0.0,0.7639937715331613,0.6625912573858045,0.8238300019414312,0.8461192534002506,1.075291013046565,1.04108341996818,0.012499999999999975,2.0,0.7639937715331613,0.6663913418392786,0.8217378517832984,0.8506760810996862,1.0882715134977219,1.0410840679084643
02469800,control,0.8334727899014058,0.8536279255223255,0.9134924654339875,0.8819640334648053,0.9970434387693694,0.012499999999999975,0.0,0.8110440760317413,,,,,,,,,0.8335503113851324,0.8536411116024605,0.913536996452865,0.881947757428073,0.9970434387693694,0.012499999999999975,32.0,0.8110440760317413,0.8334727899014058,0.8536279255223255,0.9134924654339875,0.8819640334648053,0.9970434387693694,0.012499999999999975,0.0,0.8110440760317413,0.833030249194224,0.8546967705332809,0.9131879208717478,0.8835184564475901,0.9970434103199577,0.012499999999999975,-0.25,0.811097975717295,0.8334727899014058,0.8536279255223255,0.9134924654339875,0.8819640334648053,0.9970434387693694,0.012499999999999975,0.0,0.8110440760317413,0.8340782234608115,0.8570719774017653,0.913696330294798,0.8861081434651871,0.9970434387693694,0.012499999999999975,0.5,0.8139710951714806,0.8375568066297531,0.8627153740315996,0.9154873441522388,0.8918522414358573,0.997043338640737
02472000,control,0.8064713263713355,0.7191915293818336,0.9061351804534922,0.9045051451066279,1.2468269140740307,0.02499999999999995,0.0,0.817621691414167,,,,,,,,,0.8064713263713355,0.7191915293818336,0.9061351804534922,0.9045051451066279,1.2468269140740307,0.02499999999999995,24.0,0.817621691414167,0.8066437930572634,0.7190845373947266,0.9062313587331676,0.9040955232709639,1.246826397269491,0.012499999999999975,0.5,0.8177884594458447,0.8066327132734716,0.7190883896907947,0.9062251905575458,0.9041128395899347,1.246826397269491,0.012499999999999975,0.25,0.817749250714946,0.8064713263713355,0.7191915293818336,0.9061351804534922,0.9045051451066279,1.2468269140740307,0.02499999999999995,0.0,0.817621691414167,0.8064713263713355,0.7191915293818336,0.9061351804534922,0.9045051451066279,1.2468269140740307,0.02499999999999995,2.0,0.817621691414167,0.8088020149279618,0.720607724625955,0.9074187417535199,0.9074464169039866,1.2468250157829917
02481880,control,0.8671654965805297,0.8642489561541038,0.9323169361497046,0.8948834015495195,1.0528947020342085,0.07049999999999985,0.0,0.8864919064327138,,,,,,,,,0.8671654965805297,0.8642489561541038,0.9323169361497046,0.8948834015495195,1.0528947020342085,0.07049999999999985,32.0,0.8864919064327138,0.863899918128864,0.8691039772167402,0.9302174944866349,0.90274257205459,1.0529637934271727,0.1999999999999996,-0.5,0.8870477937573238,0.8637393975961292,0.8678133291662048,0.9301821935867522,0.9010139549920169,1.0529202489359406,0.1999999999999996,-0.5,0.887281233056898,0.8671654965805297,0.8642489561541038,0.9323169361497046,0.8948834015495195,1.0528947020342085,0.07049999999999985,0.0,0.8864919064327138,0.8591583387293782,0.8668058217284685,0.9276258312088155,0.901486958660663,1.0528947020342085,0.07049999999999985,0.5,0.888614151102638,0.8576077678297498,0.8687668351718021,0.9266774298593784,0.9048691347538801,1.052877809488699
02482000,control,0.9079619917324162,0.9024564549773335,0.9536041691105416,0.9249503778721552,1.0415899539568565,1.0528435700809526,0.0,0.9108986122465914,,,,,,,,,0.9079619917324162,0.9024564549773335,0.9536041691105416,0.9249503778721552,1.0415899539568565,1.0528435700809526,24.0,0.9108986122465914,0.900762755506927,0.9094164323022318,0.9494673772799765,0.9374520949362368,1.0417084685648657,4.211374280323811,-0.5,0.9162977657299773,0.9149984658693797,0.8990882617397646,0.9576623272719176,0.9184647033924287,1.0417456080778256,4.211374280323811,-0.75,0.9213440070010837,0.9079619917324162,0.9024564549773335,0.9536041691105416,0.9249503778721552,1.0415899539568565,1.0528435700809526,0.0,0.9108986122465914,0.9003877049903781,0.8940823229296344,0.9497737413854599,0.9165494273142938,1.041615852508332,1.4845094338141431,10.0,0.9135075069366498,0.7983127435648765,0.888946168912056,0.8980549457912802,0.9853122178575509,1.041526237217291
02482550,control,0.8865081640370601,0.9008382947670894,0.945214752870637,1.0095936200932634,1.0820949629099095,0.8167347399191549,0.0,0.9211876242950364,,,,,,,,,0.8865081640370601,0.9008382947670894,0.945214752870637,1.0095936200932634,1.0820949629099095,0.8167347399191549,24.0,0.9211876242950364,0.8865081640370601,0.9008382947670894,0.945214752870637,1.0095936200932634,1.0820949629099095,0.8167347399191549,0.0,0.9211876242950364,0.887847256516036,0.9013438715977236,0.9456391833306699,1.0056858308185663,1.0821316297797174,1.6334694798383098,-0.25,0.9218948103643464,0.8865081640370601,0.9008382947670894,0.945214752870637,1.0095936200932634,1.0820949629099095,0.8167347399191549,0.0,0.9211876242950364,0.8864886620031629,0.9008277269083127,0.9452104869417192,1.0096781234663168,1.0820949629099095,0.8167347399191549,20.0,0.9212208191006778,0.7578327565819731,0.8393468464573279,0.8935397814856892,1.08797138769865,1.0820773571910327
04015330,control,0.7185339726294528,0.6619062034177421,0.8564054701374932,0.8842933832196279,1.2833725553299242,0.2957670210385463,0.0,0.6816317781659589,,,,,,,,,0.708343698836172,0.6581776684440194,0.8505186801379492,0.8808453263675526,1.2833725553299242,0.2957670210385463,24.0,0.6816317781659589,0.7014221722636406,0.6681549946489204,0.8486977877573061,0.9174511341600835,1.2835743868819403,1.1830680841541852,-0.5,0.684340459784094,0.7150366556182727,0.6625462812025753,0.8545959941195679,0.8887748796614215,1.2834813221533359,0.5915340420770926,-0.25,0.6820649128804662,0.7185339726294528,0.6619062034177421,0.8564054701374932,0.8842933832196279,1.2833725553299242,0.2957670210385463,0.0,0.6816317781659589,0.7185339726294528,0.6619062034177421,0.8564054701374932,0.8842933832196279,1.2833725553299242,0.2957670210385463,20.0,0.6816317781659589,0.7026676322391586,0.6740368186106005,0.8510985151962133,0.9382132717567342,1.2833068012909663
04025500,control,0.6860457235383071,0.7955615129076017,0.9034253389219414,1.121030004399519,1.1334922015600135,0.6335752569011934,0.0,0.6952485590456112,,,,,,,,,0.6197656743413276,0.7881283560824144,0.8693346672903759,1.0999799802304648,1.1334922015600135,0.6335752569011934,4.0,0.6952485590456112,0.6920108579071016,0.7917354293956513,0.9079786609971636,1.1306827103905457,1.1335224091383898,0.8933411122306827,-0.5,0.7004713282471856,0.695104995341506,0.8048689449277413,0.9046073001825496,1.1055844150845937,1.133522630165807,0.15839381422529836,0.5,0.7036992604840837,0.762666335422921,0.8605374117232505,0.9034253389219413,1.064978504179543,1.0768175914820126,0.6335752569011934,0.05,0.7077336328643529,0.6860457235383071,0.7955615129076017,0.9034253389219414,1.121030004399519,1.1334922015600135,0.6335752569011934,10.0,0.6952485590456112,0.6754411099919446,0.783834483498824,0.9024154699844322,1.1391649217854183,1.1335586559168642
04057510,control,0.4157944703419494,0.5306603411752217,0.8639354142211496,1.4080555956316438,1.187767874558705,0.03549999999999993,0.0,0.8419525913010398,,,,,,,,,0.416202315458264,0.5316111406740543,0.8636164782946626,1.4068548682658433,1.187767874558705,0.03549999999999993,12.0,0.8419525913010398,0.4173430260750879,0.5341289566552709,0.8627960646191934,1.4036757788458856,1.187767874558705,0.012499999999999975,1.0,0.8427412356076747,0.4200878198951512,0.5364816388348683,0.8627190318334368,1.400931954576044,1.187767874558705,0.012499999999999975,0.5,0.8430487117011116,0.4157944703419494,0.5306603411752217,0.8639354142211496,1.4080555956316438,1.187767874558705,0.03549999999999993,0.0,0.8419525913010398,0.4157944703419494,0.5306603411752217,0.8639354142211496,1.4080555956316438,1.187767874558705,0.03549999999999993,1.0,0.8419525913010398,0.41774204378195945,0.5300694023782317,0.8650282629309433,1.4090887842660234,1.1877864834365368
04063700,control,0.7743931465967172,0.7047378146507697,0.9377614549199715,1.230628208466751,1.173541784775141,0.012499999999999975,0.0,0.8815557730321519,,,,,,,,,0.7635878473758779,0.710026309381883,0.9312824911840536,1.221914159462348,1.173541784775141,0.012499999999999975,12.0,0.8815557730321519,0.7821745039812507,0.7079852899553218,0.9400911595256654,1.2270831800300428,1.173541784775141,0.012499999999999975,1.0,0.8825776772150389,0.7833557112203066,0.7116032109005868,0.9394459969836726,1.2222367422786085,1.173541784775141,0.012499999999999975,0.5,0.8821842590922082,0.7743931465967172,0.7047378146507697,0.9377614549199715,1.230628208466751,1.173541784775141,0.012499999999999975,0.0,0.8815557730321519,0.7738981085083712,0.70463563407368,0.9375797870954559,1.2307099361039031,1.173541784775141,0.012499999999999975,0.5,0.8815557730321519,0.7730077050253166,0.7039017207249045,0.9374282510478967,1.2315733493777894,1.1735878771132928
04087120,control,0.7625774498499156,0.8021614474203924,0.8736875631962923,0.8528812568871385,1.0392598601678016,0.012499999999999975,0.0,0.8013339857070125,,,,,,,,,0.7212406443670172,0.7716477834990818,0.8496153446643396,0.8327042929419243,1.0392598601678016,0.012499999999999975,24.0,0.8013339857070125,0.7630340074141765,0.8024442991178351,0.8739514323849336,0.8530351500748341,1.0392599852229578,0.03549999999999993,-0.25,0.8013721986625596,0.7633728248613422,0.8027097488244785,0.8741453342265253,0.853225727509701,1.039260148329964,0.0499999999999999,-0.5,0.8014349336538982,0.7625774498499156,0.8021614474203924,0.8736875631962923,0.8528812568871385,1.0392598601678016,0.012499999999999975,0.0,0.8013339857070125,0.7649366136147069,0.8047488083430644,0.8750130320716528,0.8552245032282008,1.039259918823279,0.07049999999999985,0.5,0.8024754978929822,0.7613720469595355,0.8065131229467581,0.8728509776520423,0.8595401493870691,1.0392597513182145
04096515,control,0.7534420763677118,0.6898067019872884,0.8933750732450703,0.7783749344297759,0.8109673640941791,0.012499999999999975,0.0,0.7466578515082355,,,,,,,,,0.7534420763677118,0.6898067019872884,0.8933750732450703,0.7783749344297759,0.8109673640941791,0.012499999999999975,12.0,0.7466578515082355,0.7532726045508246,0.6900521466479856,0.8932034379745817,0.7788015897632048,0.8109671207281991,0.02499999999999995,-0.75,0.7467304051036234,0.7534540352725885,0.6898756214797481,0.8933680111306886,0.7784748445559677,0.8109673186778411,0.02499999999999995,-0.75,0.7466957354001198,0.7534420763677118,0.6898067019872884,0.8933750732450703,0.7783749344297759,0.8109673640941791,0.012499999999999975,0.0,0.7466578515082355,0.7534662218197203,0.689820030806227,0.8933888029266194,0.7783869847907661,0.8109673640941791,0.012499999999999975,0.5,0.7466899618856533,0.7558674688963197,0.690918366213201,0.8948030379862143,0.7792472886290824,0.8109674738311542
04099510,control,0.8428237938283927,0.8831922964791045,0.9242918496926112,0.9847801413364191,0.9123605597854488,1.0528435700809526,0.0,0.8644832880209019,,,,,,,,,0.8428237938283927,0.8831922964791045,0.9242918496926112,0.9847801413364191,0.9123605597854488,1.0528435700809526,12.0,0.8644832880209019,0.8428237938283927,0.8831922964791045,0.9242918496926112,0.9847801413364191,0.9123605597854488,1.0528435700809526,0.0,0.8644832880209019,0.8428237938283927,0.8831922964791045,0.9242918496926112,0.9847801413364191,0.9123605597854488,1.0528435700809526,0.0,0.8644832880209019,0.8360796150910474,0.8337344827503029,0.9242918496926106,0.9355411342695983,0.8667425317961763,1.0528435700809526,0.05,0.8657989401878153,0.8428237938283927,0.8831922964791045,0.9242918496926112,0.9847801413364191,0.9123605597854488,1.0528435700809526,20.0,0.8644832880209019,0.8034359939465032,0.8713605032091271,0.9073161736224271,1.0166501626476487,0.9123609644825562
04127918,control,0.5073916049113064,0.5563921204779773,0.8772648577088658,1.3572618010097053,1.2325683580371634,0.03549999999999993,0.0,0.8422602204655797,,,,,,,,,0.5232022314075992,0.5658842976008917,0.8791989078233082,1.3460859691439215,1.2325683580371634,0.03549999999999993,16.0,0.8422602204655797,0.5073916049113064,0.5563921204779773,0.8772648577088658,1.3572618010097053,1.2325683580371634,0.03549999999999993,0.0,0.8422602204655797,0.5139131984096955,0.5593386660217625,0.8785326702111506,1.3540339784502957,1.2325683580371634,0.012499999999999975,0.25,0.8423189633802186,0.5073916049113064,0.5563921204779773,0.8772648577088658,1.3572618010097053,1.2325683580371634,0.03549999999999993,0.0,0.8422602204655797,0.5073916049113064,0.5563921204779773,0.8772648577088658,1.3572618010097053,1.2325683580371634,0.03549999999999993,5.0,0.8422602204655797,0.49654098092015053,0.55152586581827,0.8751614715665981,1.362560831764179,1.2325812419760065
04189000,control,0.8042965324803799,0.7293043698037014,0.9087154712891378,0.7695727454392428,0.8911581910247764,0.2957670210385463,0.0,0.8605436815610672,,,,,,,,,0.8031197750650795,0.7253464384907281,0.9088107595908997,0.7648988262421056,0.8911581910247764,0.2957670210385463,24.0,0.8614360001668868,0.8042965324803799,0.7293043698037014,0.9087154712891378,0.7695727454392428,0.8911581910247764,0.2957670210385463,0.0,0.8605436815610672,0.8042965324803799,0.7293043698037014,0.9087154712891378,0.7695727454392428,0.8911581910247764,0.2957670210385463,0.0,0.8605436815610672,0.8042965324803799,0.7293043698037014,0.9087154712891378,0.7695727454392428,0.8911581910247764,0.2957670210385463,0.0,0.8605436815610672,0.8042965324803799,0.7293043698037014,0.9087154712891378,0.7695727454392428,0.8911581910247764,0.2957670210385463,10.0,0.8605436815610672,0.8083609323890413,0.7646681388234968,0.9047925257965794,0.8143376813787441,0.8911600937854998
04231000,control,0.7005334731201069,0.8407580799070961,0.8653006247946725,1.0848592092741538,0.9963969408088976,0.03549999999999993,0.0,0.8556697706183347,,,,,,,,,0.6999396820508905,0.8407963606586806,0.8648746436236927,1.08410680595625,0.9963969408088976,0.03549999999999993,24.0,0.8556697706183347,0.7005334731201069,0.8407580799070961,0.8653006247946725,1.0848592092741538,0.9963969408088976,0.03549999999999993,0.0,0.8556697706183347,0.7005334731201069,0.8407580799070961,0.8653006247946725,1.0848592092741538,0.9963969408088976,0.03549999999999993,0.0,0.8556697706183347,0.7005334731201069,0.8407580799070961,0.8653006247946725,1.0848592092741538,0.9963969408088976,0.03549999999999993,0.0,0.8556697706183347,0.7008691607271776,0.8403910343481876,0.865731059688833,1.0862200182592368,0.9963969408088977,0.0499999999999999,1.0,0.8558761851200707,0.6982581205665466,0.8364558060979371,0.8660978396173747,1.0938293138131276,0.9963979626183441
04243500,control,0.7214738806712506,0.8512162074664358,0.8598477489183391,0.9886150392569284,1.0486245422219325,0.0644544378132592,0.0,0.8032265133123557,,,,,,,,,0.7199467350108795,0.8499143828536323,0.8587160617042097,0.9858509665508602,1.0486245422219325,0.0644544378132592,16.0,0.8032265133123557,0.7214738806712506,0.8512162074664358,0.8598477489183391,0.9886150392569284,1.0486245422219325,0.0644544378132592,0.0,0.8032265133123557,0.7188108510764455,0.8481487378003524,0.8574645310932714,0.9805552107526825,1.048624542221933,0.0322272189066296,0.25,0.8032484147317953,0.7214738806712506,0.8512162074664358,0.8598477489183391,0.9886150392569284,1.0486245422219325,0.0644544378132592,0.0,0.8032265133123557,0.7214738806712506,0.8512162074664358,0.8598477489183391,0.9886150392569284,1.0486245422219325,0.0644544378132592,10.0,0.8032265133123557,0.7076137408520367,0.8478861024284998,0.8565400726475081,1.0139052505403772,1.0486264443057474
04256000,control,0.7975832705911492,0.8738946538150203,0.8939113978187548,0.9321539034254394,1.006683861403296,0.012499999999999975,0.0,0.8506791985988642,,,,,,,,,0.7967993564572594,0.8732633269925858,0.8934709330368237,0.931669419922813,1.006683861403296,0.012499999999999975,16.0,0.8506791985988642,0.797665152431261,0.8740135071609478,0.8939611933206709,0.9322970174021118,1.006683861403296,0.012499999999999975,-0.75,0.8507153444780522,0.7977911148808097,0.8741527318430033,0.8940346735030341,0.932441086703323,1.0066841392222572,0.03549999999999993,-0.75,0.8507401919544885,0.7975832705911492,0.8738946538150203,0.8939113978187548,0.9321539034254394,1.006683861403296,0.012499999999999975,0.0,0.8506791985988642,0.7977889142491792,0.8741260807265735,0.8940316431854132,0.9323961768535903,1.006683861403296,0.012499999999999975,0.5,0.8518547503809385,0.8036842525192518,0.8795032627736906,0.8973854074830232,0.9371907545966639,1.0066863874120897
03045000,control,0.8099344712344655,0.856020727997375,0.9013870474989224,0.9242972967896895,1.0726265591369832,0.012499999999999975,0.0,0.8205026589129605,,,,,,,,,0.7935947548545788,0.8485194192502525,0.8924668230414562,0.9218439694879178,1.0726265591369832,0.012499999999999975,16.0,0.8205026589129605,0.8100713353544367,0.8566082171057722,0.9014860586467504,0.9252889576465982,1.072625525203623,0.0499999999999999,-0.75,0.8207966532514106,0.8101905370182297,0.8570357781969884,0.9015689972900859,0.92600174162112,1.0726248179216589,0.07049999999999985,-0.75,0.8208485300562728,0.8099344712344655,0.856020727997375,0.9013870474989224,0.9242972967896895,1.0726265591369832,0.012499999999999975,0.0,0.8205026589129605,0.8116799788785507,0.8573976880581216,0.9023643441817959,0.9256489341566627,1.0726265591369832,0.012499999999999975,0.5,0.8207089725080056,0.8118439531352261,0.8612708879643562,0.9026629127597617,0.9329451239106764,1.072628517583866
03053500,control,0.8849515464961452,0.903978271348685,0.9412302703362035,0.9363412204942573,1.0413986840403204,0.012499999999999975,0.0,0.8748389926039943,,,,,,,,,0.8849515464961452,0.903978271348685,0.9412302703362035,0.9363412204942573,1.0413986840403204,0.012499999999999975,24.0,0.8748389926039943,0.8847643299335805,0.9058887776317797,0.941119677294862,0.93936656105753,1.0413958434602943,0.07049999999999985,-0.75,0.8749872771764509,0.886504874294152,0.906852713199243,0.9420445769920945,0.939966120930375,1.0413946777517455,0.0999999999999998,-0.75,0.875431102395482,0.8849515464961452,0.903978271348685,0.9412302703362035,0.9363412204942573,1.0413986840403204,0.012499999999999975,0.0,0.8748389926039943,0.884906894273097,0.9041539475738894,0.9412049709264594,0.9366299812084613,1.0413986840403204,0.012499999999999975,0.5,0.8752754573063486,0.8838866337815102,0.9087234804252873,0.9406590483583978,0.9443589200474559,1.0414019891509638
03106000,control,0.8604995961488188,0.879987767515665,0.9279444851156693,0.9046086039511997,1.0105555805377537,0.03549999999999993,0.0,0.8618420228272037,,,,,,,,,0.7959974855766127,0.8382596808152908,0.89229503586129,0.8797995371499685,1.0105555805377537,0.03549999999999993,24.0,0.8618420228272037,0.8604995961488188,0.879987767515665,0.9279444851156693,0.9046086039511997,1.0105555805377537,0.03549999999999993,0.0,0.8618420228272037,0.8606263892635858,0.8802580529984576,0.9280070389500467,0.9049015228777111,1.0105559026142528,0.03549999999999993,-0.75,0.8618537858849343,0.8604995961488188,0.879987767515665,0.9279444851156693,0.9046086039511997,1.0105555805377537,0.03549999999999993,0.0,0.8618420228272037,0.8639887840936589,0.8837551451778077,0.9297859883148386,0.9079595819478227,1.0105555805377535,0.07049999999999985,0.5,0.863496768701194,0.8654687875459751,0.8895636893185609,0.9304562174229145,0.914862665533816,1.0105581864821345
03118500,control,0.7651340373178345,0.7259889388184728,0.8886229439806409,0.8193770031948721,0.8266432981756345,0.012499999999999975,0.0,0.8169188304568711,,,,,,,,,0.7543124607693755,0.7216493949327776,0.8822193565628316,0.8168218536358841,0.8266432981756345,0.012499999999999975,16.0,0.8169188304568711,0.7643655641094196,0.7271081815034035,0.8879806294438397,0.8214821606560123,0.826642028569393,0.07049999999999985,-0.75,0.8170915508711212,0.764493402375815,0.7282349838320885,0.887917439257844,0.8232499641842321,0.826641560836079,0.0999999999999998,-0.75,0.8175387180279639,0.7651340373178345,0.7259889388184728,0.8886229439806409,0.8193770031948721,0.8266432981756345,0.012499999999999975,0.0,0.8169188304568711,0.7661472481514706,0.7269433620582604,0.8891460295082108,0.820504098423307,0.8266432981756346,0.012499999999999975,0.5,0.8171549334883873,0.7721294782861059,0.7331171301207426,0.8921620971517777,0.828111943752651,0.826645020077893
03144000,control,0.7967822125041718,0.7767995272064411,0.8977861333274731,0.8017320108421279,1.0077833791127644,0.03549999999999993,0.0,0.8698517231091196,,,,,,,,,0.7774679340525898,0.7678596169061861,0.8861602036337014,0.7978389819084566,1.0077833791127644,0.03549999999999993,24.0,0.8698517231091196,0.7963050170734826,0.7775604877396696,0.8973606848635444,0.8028099158488609,1.0077832072694823,0.07049999999999985,-0.25,0.8699010184790992,0.7964922615192399,0.7774563404850405,0.8974997037473373,0.8026201859446456,1.0077832295289513,0.07049999999999985,-0.25,0.869910864424131,0.7967822125041718,0.7767995272064411,0.8977861333274731,0.8017320108421279,1.0077833791127644,0.03549999999999993,0.0,0.8698517231091196,0.8012641880567172,0.7805542329795745,0.9002216085114223,0.8047050019464862,1.0077833791127644,0.07049999999999985,0.5,0.8727526355548783,0.803101052991657,0.7863573164866835,0.9006335768122307,0.8110319505924016,1.00778373077179
03161000,control,0.7511248078432252,0.7927084738411212,0.8714589790631204,0.8626831389606506,1.0871267033008931,0.012499999999999975,0.0,0.7667273809518397,,,,,,,,,0.7511248078432252,0.7927084738411212,0.8714589790631204,0.8626831389606506,1.0871267033008931,0.012499999999999975,24.0,0.7667273809518397,0.7496791898065605,0.7873511206851435,0.8707200828049848,0.8553791631339641,1.0871267033008931,0.012499999999999975,1.0,0.7680053926698448,0.7506178040513936,0.7886755575277484,0.8712425211288218,0.8568620623563962,1.0871267033008931,0.012499999999999975,0.5,0.768695400202647,0.7511248078432252,0.7927084738411212,0.8714589790631204,0.8626831389606506,1.0871267033008931,0.012499999999999975,0.0,0.7667273809518397,0.7524344218405451,0.79351524785654,0.8722124982797133,0.8631963273747669,1.0871267033008931,0.012499999999999975,0.5,0.7705042464963727,0.7650087210597039,0.8019118750179217,0.8794041138037572,0.869216476352687,1.087127535451492
03202750,control,0.8279224378467458,0.7842131332536435,0.9160688183237048,0.822396207440009,0.9106891861478231,0.012499999999999975,0.0,0.8274613152382955,,,,,,,,,0.8279224378467458,0.7842131332536435,0.9160688183237048,0.822396207440009,0.9106891861478231,0.012499999999999975,32.0,0.8274613152382955,0.8279791098543539,0.7840221998322223,0.9161332139009931,0.8221338961921139,0.9106891861478231,0.012499999999999975,0.5,0.8274635908955761,0.8279224378467458,0.7842131332536435,0.9160688183237048,0.822396207440009,0.9106891861478231,0.012499999999999975,-0.25,0.8274613152382955,0.8279224378467458,0.7842131332536435,0.9160688183237048,0.822396207440009,0.9106891861478231,0.012499999999999975,0.0,0.8274613152382955,0.8308926441937232,0.787697392423719,0.917468659155324,0.825975422738252,0.9106891861478231,0.012499999999999975,0.5,0.8280777659241947,0.8337977237258967,0.7954666571651099,0.9182530203590638,0.8351518246579529,0.9106893134210876
03207800,control,0.8353478113595617,0.9071075582206247,0.9227109277172993,1.0489293928334247,1.0161653816028728,0.012499999999999975,0.0,0.8678544882343038,,,,,,,,,0.8353478113595617,0.9071075582206247,0.9227109277172993,1.0489293928334247,1.0161653816028728,0.012499999999999975,inf,0.8678544882343038,0.8367905913926299,0.908680294521877,0.9231158443766466,1.0465489470866685,1.0161651089639891,0.03549999999999993,0.25,0.8683491610484265,0.8373293629811042,0.9094361943736899,0.9232176268823507,1.0452212529457634,1.0161650347960476,0.03549999999999993,0.25,0.8684276982916818,0.8353478113595617,0.9071075582206247,0.9227109277172993,1.0489293928334247,1.0161653816028728,0.012499999999999975,0.0,0.8678544882343038,0.8356558785954772,0.9070328989820458,0.9229129394891621,1.0493877253081616,1.0161653816028728,0.012499999999999975,1.0,0.8694169007412789,0.8326269287901199,0.8995529949824039,0.9231454159479162,1.0626229267124283,1.0161660996271822
03219500,control,0.8679851756286133,0.8512881744906616,0.9339164233929989,0.8737831834740057,0.9573680498312589,1.3572088082974532,0.0,0.8591147232281992,,,,,,,,,0.8703959568083554,0.8504508307040488,0.9354215834639606,0.8720269599500862,0.9573680498312589,1.3572088082974532,16.0,0.8599160254103295,0.8679851756286133,0.8512881744906616,0.9339164233929989,0.8737831834740057,0.9573680498312589,1.3572088082974532,0.0,0.8591147232281992,0.8624903545314573,0.8658710226328244,0.9297113619011871,0.8940161018160732,0.9573678143943168,1.9136644196994088,-0.25,0.8591665241625002,0.8679851756286133,0.8512881744906616,0.9339164233929989,0.8737831834740057,0.9573680498312589,1.3572088082974532,0.0,0.8591147232281992,0.8679851756286133,0.8512881744906616,0.9339164233929989,0.8737831834740057,0.9573680498312589,1.3572088082974532,50.0,0.8591147232281992,0.720029740671551,0.8528244499342086,0.859319617349346,0.9927434334217893,0.9573735444127729
03280700,control,0.6924764096531666,0.7138614825113507,0.8346745286688688,0.7750324245915774,1.0627082907963297,0.0499999999999999,0.0,0.7151277237455853,,,,,,,,,0.692414105454199,0.7136267444425048,0.8346563215710874,0.7747472979793634,1.0627082907963297,0.0499999999999999,32.0,0.7151277237455853,0.709310657755539,0.7505766531991885,0.8430037130295257,0.8166105234755905,1.0627094227919969,0.1999999999999996,-0.75,0.7242722432905369,0.7006080983055709,0.735611850995681,0.8382624124698157,0.8004759522634569,1.062707260254867,0.1999999999999996,-0.75,0.7260973529585044,0.6924764096531666,0.7138614825113507,0.8346745286688688,0.7750324245915774,1.0627082907963297,0.0499999999999999,0.0,0.7151277237455853,0.6910961878822592,0.7210086620926264,0.8330751117324907,0.7854308536400706,1.0627082907963297,0.0499999999999999,2.0,0.7192417604393451,0.678761284325317,0.7312657295670483,0.8244601686475681,0.8064248467283499,1.0627099334216499
03281500,control,0.8000117864640378,0.8669859244680966,0.8959872426759998,0.9404714587274419,1.0577099937396193,0.012499999999999975,0.0,0.8512472033165068,,,,,,,,,0.8000117864640378,0.8669859244680966,0.8959872426759998,0.9404714587274419,1.0577099937396193,0.012499999999999975,32.0,0.8512472033165068,0.8000117864640378,0.8669859244680966,0.8959872426759998,0.9404714587274419,1.0577099937396193,0.012499999999999975,0.0,0.8512472033165068,0.8000116707149776,0.8669860278198458,0.8959871972928073,0.940471792629164,1.057710018154149,0.012499999999999975,-0.75,0.8512475403249065,0.8000117864640378,0.8669859244680966,0.8959872426759998,0.9404714587274419,1.0577099937396193,0.012499999999999975,0.0,0.8512472033165068,0.8011737555887426,0.8679811679586227,0.8966550721402539,0.9415333041654792,1.0577099937396193,0.012499999999999975,0.5,0.8516014375382343,0.808302210074236,0.8739413469345337,0.9007411240420886,0.9479622437001959,1.057710757017507
03294000,control,0.7702819691149491,0.6647425237099247,0.9001862629204672,1.0568532085949383,1.3149642931683982,0.012499999999999975,0.0,0.7516076387853288,,,,,,,,,0.7702819691149491,0.6647425237099247,0.9001862629204672,1.0568532085949383,1.3149642931683982,0.012499999999999975,inf,0.7516076387853288,0.7690221498842746,0.6645183732584832,0.8996446607157484,1.057218508204147,1.3149647124316772,0.0499999999999999,-0.25,0.7517744093585121,0.7692594295333433,0.6644333378339286,0.8998955450985031,1.0581475159730895,1.314964996868401,0.07049999999999985,-0.5,0.751860453099394,0.8081653695767536,0.8151799325874602,0.9001862629204674,0.8983252273056975,1.1177196491931385,0.012499999999999975,0.15,0.786666132904061,0.7670435626992576,0.6636589120448777,0.8993756875828491,1.0616231310062694,1.314964545500593,0.07049999999999985,0.5,0.7527900461574112,0.7672350572437855,0.6627627517046827,0.9004426065474078,1.0679330286612512,1.3149641101199196
03339500,control,0.8607254975219198,0.8686114529189465,0.9285526792472392,0.8907604219374318,0.9850018252432378,0.03549999999999993,0.0,0.8655594853099357,,,,,,,,,0.8607876617507377,0.8687951943509272,0.9285789414619621,0.8909642736445265,0.9850018734219436,0.012499999999999975,32.0,0.8666602833911734,0.8608100038503711,0.8717981899004527,0.9284425589413526,0.894690245265288,0.9849969236603487,0.1999999999999996,-0.5,0.8679798404535611,0.8613214358614519,0.871681253605247,0.928741557340622,0.8943454585721683,0.9849982367117829,0.1999999999999996,-0.75,0.8675339120570589,0.8607254975219198,0.8686114529189465,0.9285526792472392,0.8907604219374318,0.9850018252432378,0.03549999999999993,0.0,0.8655594853099357,0.8607254975219198,0.8686114529189465,0.9285526792472392,0.8907604219374318,0.9850018252432378,0.03549999999999993,5.0,0.8655594853099357,0.8604423384905673,0.87591444903191,0.9280542030951973,0.9000195401187843,0.9850022032042053
03346000,control,0.819509126708582,0.792659640987943,0.9090871664193022,0.8294759536015416,1.075142735946154,0.1380706234676368,0.0,0.8488018556246189,,,,,,,,,0.7880662294107005,0.7776008885831154,0.8907662234158812,0.8214421212975546,1.075142735946154,0.1380706234676368,32.0,0.8488018556246189,0.8209173568181988,0.8013616352932347,0.9089749672068799,0.8402301003053286,1.0751346956468444,0.5522824938705472,-0.5,0.8579338225448211,0.821271874987163,0.7964410512179325,0.9097488783843176,0.8337300456938974,1.0751350981327517,0.5522824938705472,-0.5,0.8577382987668185,0.819509126708582,0.792659640987943,0.9090871664193022,0.8294759536015416,1.075142735946154,0.1380706234676368,0.0,0.8488018556246189,0.819509126708582,0.792659640987943,0.9090871664193022,0.8294759536015416,1.075142735946154,0.1380706234676368,20.0,0.8488018556246189,0.8305637213839633,0.8096705991844053,0.9140927545616735,0.847689361989869,1.0751444977690934
03358000,control,0.8513144301558776,0.8851070054262934,0.9226991527419964,0.9150010524719342,0.9996023388003621,0.0644544378132592,0.0,0.8324891759501405,,,,,,,,,0.8513144301558776,0.8851070054262934,0.9226991527419964,0.9150010524719342,0.9996023388003621,0.0644544378132592,32.0,0.8324891759501405,0.8513144301558776,0.8851070054262934,0.9226991527419964,0.9150010524719342,0.9996023388003621,0.0644544378132592,0.0,0.8324891759501405,0.8513144301558776,0.8851070054262934,0.9226991527419964,0.9150010524719342,0.9996023388003621,0.0644544378132592,0.0,0.8324891759501405,0.8513144301558776,0.8851070054262934,0.9226991527419964,0.9150010524719342,0.9996023388003621,0.0644544378132592,0.0,0.8324891759501405,0.8513144301558776,0.8851070054262934,0.9226991527419964,0.9150010524719342,0.9996023388003621,0.0644544378132592,20.0,0.8324891759501405,0.8395477651147685,0.8927691455366622,0.9164154155354979,0.9328292171349221,0.9996008532518088
03363500,control,0.8436463983070687,0.8172819346439502,0.9224263402680709,0.8406682234240026,1.0445152074732784,0.0499999999999999,0.0,0.8829047406759954,,,,,,,,,0.8436463983070687,0.8172819346439502,0.9224263402680709,0.8406682234240026,1.0445152074732784,0.0499999999999999,24.0,0.8836597957967309,0.8434979972665217,0.8185466039111244,0.9221873232199271,0.8422382261337841,1.0445167944835565,0.07049999999999985,-0.25,0.8829723453331112,0.8432009102474516,0.8179842653648991,0.9220668185505587,0.8416509852630285,1.0445166981677023,0.0999999999999998,-0.25,0.8829740976654987,0.8436463983070687,0.8172819346439502,0.9224263402680709,0.8406682234240026,1.0445152074732784,0.0499999999999999,0.0,0.8829047406759954,0.8436463983070687,0.8172819346439502,0.9224263402680709,0.8406682234240026,1.0445152074732784,0.0499999999999999,5.0,0.8829047406759954,0.8482610274922108,0.8242404138468271,0.9245035916609249,0.8476509457535237,1.0445139317836392
03378000,control,0.8210696246568631,0.813007293409656,0.9089575058110823,0.8378815196359296,1.0198780002587753,0.3812699412948386,0.0,0.820673046785809,,,,,,,,,0.820782623853048,0.8140618224764472,0.9086707828645219,0.8392615478645349,1.0198778762269942,0.2707016583193354,16.0,0.8293620828391223,0.8368359772276909,0.7949971889662011,0.9213818564503847,0.8117177135767875,1.0198776421091362,0.09531748532370965,0.75,0.8310682169433474,0.8254059688662502,0.8074582672788856,0.9123075679682897,0.8297436185430478,1.0198776451522233,0.1906349706474193,0.25,0.82673687941995,0.8210696246568631,0.813007293409656,0.9089575058110823,0.8378815196359296,1.0198780002587753,0.3812699412948386,0.0,0.820673046785809,0.8210696246568631,0.813007293409656,0.9089575058110823,0.8378815196359296,1.0198780002587753,0.3812699412948386,10.0,0.820673046785809,0.7845779825354697,0.8283043346787928,0.8859008757809251,0.8732495652913124,1.019877591496225
03432350,control,0.9064083258519547,0.8960157650712387,0.9525406292903617,0.9377265842861078,1.0684277059449585,0.012499999999999975,0.0,0.9000151371365713,,,,,,,,,0.8527170305542581,0.8552248617290332,0.9241981933814006,0.8973765337077123,1.0684277059449585,0.012499999999999975,32.0,0.9000151371365713,0.9064952866553817,0.8956951463619126,0.9525963068335102,0.9371506449854065,1.0684277059449585,0.012499999999999975,0.25,0.9001234430408691,0.9060967358835663,0.8948051909733412,0.9524061837780207,0.9358250394414304,1.0684277059449585,0.012499999999999975,0.25,0.9001129004815105,0.9064083258519547,0.8960157650712387,0.9525406292903617,0.9377265842861078,1.0684277059449585,0.012499999999999975,0.0,0.9000151371365713,0.902701244603297,0.8988442189321738,0.9504973519545411,0.9443286974696853,1.0684301538395726,0.07049999999999985,0.5,0.9023938564099687,0.9021553315742171,0.9026555244242718,0.9501916278776202,0.9519080760965944,1.068426894178394
03460000,control,0.7408785204620949,0.7989587887302297,0.8610466828453772,0.856341293189231,0.9782808785168293,0.0499999999999999,0.0,0.7818429233338218,,,,,,,,,0.7408785204620949,0.7989587887302297,0.8610466828453772,0.856341293189231,0.9782808785168293,0.0499999999999999,16.0,0.7818429233338218,0.7478720038158094,0.8134659583188905,0.8651211572690108,0.8729921619176018,0.9782823676457509,0.1999999999999996,-0.75,0.7836302956315165,0.748658294316314,0.8083150507854755,0.8655400502286442,0.8651239035456635,0.9782725917767484,0.1999999999999996,-0.75,0.7851263314077964,0.7408785204620949,0.7989587887302297,0.8610466828453772,0.856341293189231,0.9782808785168293,0.0499999999999999,0.0,0.7818429233338218,0.7403676660666785,0.8006899881452123,0.8607389089678008,0.8590787122521456,0.9782739785150716,0.0999999999999998,0.5,0.7826896338519593,0.7358349185894485,0.8039165924293937,0.8581394641855691,0.8663854179619707,0.9782874559356627
03465500,control,0.8369167792042946,0.8265471925802793,0.9277899589172763,1.0063706493166638,1.1575785556346363,0.012499999999999975,0.0,0.8976280582451085,,,,,,,,,0.8398985097088023,0.8269609836271983,0.9285769653106292,0.9967984211505067,1.1575785556346363,0.012499999999999975,24.0,0.8976280582451085,0.838092725004978,0.8267844246140195,0.9281835009126899,1.0038761861720757,1.157578555634636,0.02499999999999995,0.25,0.897725897308252,0.8388606626898469,0.826902364974526,0.928375198163825,1.0012953059263074,1.1575785556346363,0.02499999999999995,0.25,0.8978583175241303,0.85290902768609,0.8692876353956165,0.9277899589172763,0.9560521168508307,1.0996996278529043,0.012499999999999975,0.05,0.9015827484480907,0.8367842718465414,0.8264554173117855,0.9280560237178648,1.0105254577688536,1.1575785556346363,0.012499999999999975,0.5,0.8985882253524643,0.836066638309023,0.8258178041786481,0.9285052213676307,1.0198944345225396,1.1575821863171236
03528000,control,0.8909465738481966,0.874058849899054,0.9504614972511433,1.0325529277092353,1.1111189314730294,0.012499999999999975,0.0,0.8872478609813508,,,,,,,,,0.8909465738481966,0.874058849899054,0.9504614972511433,1.0325529277092353,1.1111189314730294,0.012499999999999975,24.0,0.8872478609813508,0.8909465738481966,0.874058849899054,0.9504614972511433,1.0325529277092353,1.1111189314730294,0.012499999999999975,0.0,0.8872478609813508,0.8913317269602457,0.8740731437758835,0.9506685116039805,1.032811173324625,1.1111188745271663,0.012499999999999975,-0.75,0.8873112869974189,0.8909465738481966,0.874058849899054,0.9504614972511433,1.0325529277092353,1.1111189314730294,0.012499999999999975,0.0,0.8872478609813508,0.8907524495490453,0.8737730147478844,0.9504537253957631,1.0336303664412323,1.1111189314730294,0.012499999999999975,0.5,0.8874209392844421,0.8934010324967518,0.8730100955630614,0.9521366078979158,1.0385747983787357,1.1111193792973342
05410490,control,0.6648359213924786,0.7763942565919582,0.8466657651835288,0.9651173726857675,1.1589696298981873,1.7495626146803187,0.0,0.6793714139563465,,,,,,,,,0.4269515116789431,0.6402235764610096,0.7029402975502447,0.8738125803219545,1.1589696298981873,1.7495626146803187,6.0,0.6793714139563465,0.5586826315731742,0.7258845853106993,0.7865034284576335,0.9345618878432177,1.1589853074573209,1.2421894564230263,0.25,0.6801988466358033,0.6648359213924786,0.7763942565919582,0.8466657651835288,0.9651173726857675,1.1589696298981873,1.7495626146803187,0.0,0.6793714139563465,0.6965796233092985,0.7984344535887841,0.8466657651835289,0.916861504051479,1.101021148403278,1.7495626146803187,0.05,0.7054223568306941,0.6201681791029808,0.7680252090695052,0.8379548889803643,1.0477738672488854,1.158969629898187,1.7495626146803187,20.0,0.6793714139563465,0.21726620215649106,0.5971025654285336,0.727152560707008,1.2499143100038566,1.1594473433796324
05413500,control,0.6492309074398447,0.7738675974783144,0.8168717279752226,0.9201460748091257,0.8940601581695582,0.012499999999999975,0.0,0.6570139041512789,,,,,,,,,0.6593705576314215,0.7648519824487245,0.8197692635942675,0.8923513970091425,0.8940601581695582,0.012499999999999975,24.0,0.6570139041512789,0.6474341526068297,0.7706519631090083,0.8153004558127405,0.9147831690171915,0.894053352483348,0.012499999999999975,1.0,0.6578650345662587,0.6486546746942177,0.773435676452477,0.8165154921633788,0.9197551013884636,0.8940491418849106,0.012499999999999975,0.25,0.6573675572415761,0.6492309074398447,0.7738675974783144,0.8168717279752226,0.9201460748091257,0.8940601581695582,0.012499999999999975,0.0,0.6570139041512789,0.6472199518784547,0.7760400568917571,0.8166002388801691,0.9272034777535538,0.8940601581695582,0.012499999999999975,0.5,0.6597152897671044,0.6471060787772717,0.7786514498316658,0.8173240363637431,0.9336451297715757,0.8940674546319335
05466500,control,0.7608500215118852,0.8033669665200607,0.8725519864520311,0.8502630279513399,0.999373182723208,0.0644544378132592,0.0,0.7546383148558662,,,,,,,,,0.7679441226791771,0.7996137484240521,0.8770330737529068,0.8417805575471126,0.999373182723208,0.0161136094533148,12.0,0.7593583053828699,0.7623333093981024,0.8043501962764037,0.8734091284614859,0.850824921517357,0.9993731827232077,0.0161136094533148,0.5,0.7559189220870285,0.7608500215118852,0.8033669665200607,0.8725519864520311,0.8502630279513399,0.999373182723208,0.0644544378132592,0.0,0.7546383148558662,0.7608500215118852,0.8033669665200607,0.8725519864520311,0.8502630279513399,0.999373182723208,0.0644544378132592,0.0,0.7546383148558662,0.7608500215118852,0.8033669665200607,0.8725519864520311,0.8502630279513399,0.999373182723208,0.0644544378132592,5.0,0.7546383148558662,0.7567017240313139,0.8098269184338319,0.8699292589339667,0.8612663666511432,0.9993817373290447
05473400,control,0.763850663901786,0.7240849086655925,0.8842448692240787,0.7501064198835745,1.0168251579998366,0.03549999999999993,0.0,0.7764240393481621,,,,,,,,,0.757839496118742,0.7137358621426884,0.8821490164034305,0.739663263547398,1.0168251579998369,0.012499999999999975,16.0,0.7907647098247077,0.7610865160585331,0.7075352693644139,0.8860755403574481,0.7311621782165819,1.016824438761683,0.012499999999999975,1.0,0.781613397563644,0.7616298006557186,0.7106349639411551,0.885708868541361,0.7346948335452781,1.0168175508226687,0.012499999999999975,0.5,0.7818120159371185,0.763850663901786,0.7240849086655925,0.8842448692240787,0.7501064198835745,1.0168251579998366,0.03549999999999993,0.0,0.7764240393481621,0.763850663901786,0.7240849086655925,0.8842448692240787,0.7501064198835745,1.0168251579998366,0.03549999999999993,2.0,0.7764240393481621,0.766062092909426,0.7293049966739693,0.8847449471606389,0.7556472536642781,1.0168461562044944
05487470,control,0.6893317890953622,0.574785686680076,0.8503810077253072,0.6774299598922274,1.233173623353307,0.012499999999999975,0.0,0.647551290014829,,,,,,,,,0.6893317890953622,0.574785686680076,0.8503810077253072,0.6774299598922274,1.233173623353307,0.012499999999999975,inf,0.647551290014829,0.6893208632732284,0.5748460809270235,0.8503483267353512,0.6775266871716941,1.2331763154905304,0.012499999999999975,-0.75,0.6476468773425523,0.6893777181063594,0.5748184498417176,0.850406952574684,0.6774611153220481,1.2331736233533073,0.012499999999999975,-0.5,0.6477690061822996,0.6893317890953622,0.574785686680076,0.8503810077253072,0.6774299598922274,1.233173623353307,0.012499999999999975,0.0,0.647551290014829,0.6936103416877271,0.5788463480016349,0.8524239919647177,0.6817936231488712,1.2331017421110526,0.1999999999999996,0.5,0.652673894835982,0.7003440835945147,0.5835017712468564,0.8562332328635577,0.6862721362367842,1.233188161621063
05487980,control,0.709555633018678,0.688922604761432,0.8484865710749373,0.7531618220084851,1.11350656619602,0.012499999999999975,0.0,0.6945512258201577,,,,,,,,,0.709555633018678,0.688922604761432,0.8484865710749373,0.7531618220084851,1.11350656619602,0.012499999999999975,inf,0.6945512258201577,0.7003950366826801,0.6878257792400297,0.8421014904345738,0.7557630698718202,1.1134421735761189,0.1999999999999996,-0.5,0.7012406457529082,0.703407270645383,0.6890042771876532,0.8440655041636995,0.7560121992036429,1.1134580348781433,0.1999999999999996,-0.75,0.6993959613430232,0.709555633018678,0.688922604761432,0.8484865710749373,0.7531618220084851,1.11350656619602,0.012499999999999975,0.0,0.6945512258201577,0.707860096947859,0.6913634652823393,0.8468651353037159,0.7572264832389021,1.1134338720860109,0.1999999999999996,0.5,0.6953887401522528,0.7154312269535889,0.6977953968824628,0.8512033804230529,0.7627240596571735,1.1135223162304613
05489000,control,0.7151197263123691,0.7973082243554006,0.8469247167293193,0.8881979359043185,1.071778910757315,0.02499999999999995,0.0,0.7499901187924378,,,,,,,,,0.7151197263123691,0.7973082243554006,0.8469247167293193,0.8881979359043185,1.071778910757315,0.02499999999999995,inf,0.7499901187924378,0.7151204153539452,0.7973181945540072,0.8469258712701625,0.8882144314191592,1.0717789107573148,0.012499999999999975,-0.75,0.7500199685690455,0.7150911865013133,0.7969860883658119,0.8468842559063607,0.8876701055009908,1.071778910757315,0.012499999999999975,0.25,0.7500275267103304,0.7151197263123691,0.7973082243554006,0.8469247167293193,0.8881979359043185,1.071778910757315,0.02499999999999995,0.0,0.7499901187924378,0.7051764115312202,0.7982220573613494,0.8418474315392898,0.8972782963702581,1.0717659726344622,0.1999999999999996,0.5,0.7515432359173841,0.7036023522676218,0.8016614975835179,0.8414731433090036,0.9048475912263646,1.0717872993854773
05495500,control,0.8056556373943727,0.7308270116681327,0.9102289409674805,0.7607219967262308,1.0845061640178133,0.012499999999999975,0.0,0.7938856618872505,,,,,,,,,0.8056556373943727,0.7308270116681327,0.9102289409674805,0.7607219967262308,1.0845061640178133,0.012499999999999975,inf,0.7938856618872505,0.8133537977193807,0.7364911387000124,0.9143235526309459,0.7655793115106279,1.0845186793436965,0.1999999999999996,-0.5,0.7950779731399412,0.8119404656784581,0.7326679293618524,0.9142400473634413,0.7613165515977462,1.0845096324347905,0.1999999999999996,-0.5,0.7958930095532262,0.8056556373943727,0.7308270116681327,0.9102289409674805,0.7607219967262308,1.0845061640178133,0.012499999999999975,0.0,0.7938856618872505,0.8057580909838407,0.7309867409428744,0.9102635258865847,0.7608887141826574,1.0845061640178133,0.012499999999999975,2.0,0.7938859169395638,0.806279570978972,0.7410705322746445,0.9083450489822389,0.7730587596074815,1.08450747079148
05517000,control,0.8251425517365685,0.8683427757505155,0.9243381341059919,1.0803067900621859,1.0718312342677205,0.4914907944250637,0.0,0.8059079605985379,,,,,,,,,0.8243010324836539,0.8719345988134334,0.9228738467242663,1.0727501013438479,1.0718312342677205,0.4914907944250637,8.0,0.8078614512185958,0.8272105063174201,0.8737394743503976,0.9239468805444395,1.0706948749420584,1.0718322908956612,0.12287269860626593,0.75,0.8238035616080864,0.823759531453119,0.8738082595693708,0.9220249491601841,1.0684426546345973,1.0718320946792494,0.24574539721253186,0.25,0.8128675404483098,0.8436884912430229,0.917849869276108,0.9243381341059922,1.0262914505590766,1.0182396725543348,0.4914907944250637,0.05,0.8159997207651957,0.8251425517365685,0.8683427757505155,0.9243381341059919,1.0803067900621859,1.0718312342677205,0.4914907944250637,20.0,0.8059079605985379,0.7792273896368939,0.831287944449455,0.9108040514724026,1.1238867615999026,1.0718325187825213
05528000,control,0.8548474196556888,0.7526097337181007,0.9413628187565755,0.7995029556364723,0.8674686451123945,0.6335752569011934,0.0,0.8817960069144707,,,,,,,,,0.8548474196556888,0.7526097337181007,0.9413628187565755,0.7995029556364723,0.8674686451123945,0.6335752569011934,12.0,0.8817960069144707,0.8527805650827369,0.7542202246308142,0.9396341882173727,0.8020229118942465,0.8674528788184422,2.5343010276047737,-0.5,0.8847653156640963,0.857917288351893,0.7561632693733457,0.9425690777395896,0.8035500543404751,0.8674652527773037,0.8933411122306827,-0.25,0.8824827929779886,0.8548474196556888,0.7526097337181007,0.9413628187565755,0.7995029556364723,0.8674686451123945,0.6335752569011934,0.0,0.8817960069144707,0.8548474196556888,0.7526097337181007,0.9413628187565755,0.7995029556364723,0.8674686451123945,0.6335752569011934,20.0,0.8817960069144707,0.8522098011225179,0.7623334030251744,0.9375171906956627,0.8128691943096586,0.8674731294389106
06281000,control,0.8190664870564378,0.7558067565316657,0.9165164136299295,0.7728691970036212,1.032747966236033,1.3572088082974532,0.0,0.7853183724243477,,,,,,,,,0.8154904773088769,0.7540940739873213,0.9143971384491844,0.7718126970011948,1.032747966236033,1.3572088082974532,12.0,0.7853183724243477,0.8181157082892314,0.7579792256714457,0.9153985350648622,0.7756199153837148,1.032714292977387,1.9136644196994088,-0.5,0.7869352103533593,0.8189422444838756,0.7548159798525718,0.9166462285089673,0.7717332719831523,1.0325830231003463,0.6786044041487266,0.5,0.7871543068408828,0.788192972208419,0.6793197670544169,0.9142548694239505,0.6991437356346046,0.9295082091543344,0.6786044041487266,0.1,0.7961474383057077,0.8190664870564378,0.7558067565316657,0.9165164136299295,0.7728691970036212,1.032747966236033,1.3572088082974532,10.0,0.7853183724243477,0.813118713868089,0.761562931966559,0.9112320235388993,0.781141993055376,1.0327666684850958
06332515,control,0.0004348180577348204,0.19088317787840192,0.5175005893588337,1.0254753290233811,1.6490110616794074,0.03549999999999993,0.0,0.6261861074226341,,,,,,,,,0.0004348180577348204,0.19088317787840192,0.5175005893588337,1.0254753290233811,1.6490110616794074,0.03549999999999993,inf,0.6261861074226341,-0.02143397353849541,0.18964763596263623,0.5168860236606709,1.0453474007746637,1.6490111347346272,0.1999999999999996,-0.5,0.6307629149574356,-0.01155080868001579,0.19013272111883872,0.5169042751509185,1.035948805419007,1.6490078685377116,0.1999999999999996,-0.5,0.6301584616211584,0.0004348180577348204,0.19088317787840192,0.5175005893588337,1.0254753290233811,1.6490110616794074,0.03549999999999993,0.0,0.6261861074226341,-0.018207977483130744,0.18840655760814518,0.5140746925620102,1.0367094743387613,1.6490091877766662,0.1999999999999996,0.5,0.6296411117901506,-0.028543744839369722,0.1869945611466297,0.5122315199984152,1.0428830521745527,1.6490152520228623
06339100,control,0.39855516623591536,0.4073720543273406,0.6375338117316709,0.5506426996721158,0.8661935689271234,0.012499999999999975,0.0,0.36219003388539794,,,,,,,,,0.39855516623591536,0.4073720543273406,0.6375338117316709,0.5506426996721158,0.8661935689271234,0.012499999999999975,inf,0.36219003388539794,0.39855516623591536,0.4073720543273406,0.6375338117316709,0.5506426996721158,0.8661935689271234,0.012499999999999975,0.0,0.36219003388539794,0.39855516623591536,0.4073720543273406,0.6375338117316709,0.5506426996721158,0.8661935689271234,0.012499999999999975,0.0,0.36219003388539794,0.39855516623591536,0.4073720543273406,0.6375338117316709,0.5506426996721158,0.8661935689271234,0.012499999999999975,0.0,0.36219003388539794,0.40435341008504067,0.4122991815259047,0.642371408722923,0.5532451659580678,0.8661935689271233,0.012499999999999975,0.5,0.3652487378919935,0.4058144320603534,0.41355170136784114,0.6435814168617969,0.5539237725185241,0.8661964132087477
06403300,control,0.6384367869128191,0.6976537613035199,0.8273142923228824,0.9706041150547384,0.7535679071909526,0.1380706234676368,0.0,0.8075459072680307,,,,,,,,,0.6384367869128191,0.6976537613035199,0.8273142923228824,0.9706041150547384,0.7535679071909526,0.1380706234676368,inf,0.8075459072680307,0.6343471589693337,0.6977293118469805,0.8262989946133156,0.9778033644564886,0.7536205385696617,0.5522824938705472,-0.5,0.8115283370435582,0.6428316811754846,0.7000907670075753,0.8305602618233079,0.9772662060414592,0.753587951242296,0.5522824938705472,-0.5,0.8100403995634937,0.6384367869128191,0.6976537613035199,0.8273142923228824,0.9706041150547384,0.7535679071909526,0.1380706234676368,0.0,0.8075459072680307,0.6384644924342386,0.6976650198104346,0.8273310915977167,0.9706212329880615,0.7535679071909526,0.1380706234676368,20.0,0.8075459072680307,0.6113659535260838,0.6940127550188994,0.8187283954960926,1.001633784437963,0.7534921294560489
06430500,control,0.2549215766467743,0.5668369882953557,0.7030381882719658,0.9565555198120711,0.6876597140530185,0.4588776678115752,0.0,0.6379827313735205,,,,,,,,,0.16535825810485705,0.5275100289675488,0.6507635843646931,0.9389734115732532,0.6876597140530185,0.4588776678115752,32.0,0.6379827313735205,0.2549703138772872,0.5677716584785273,0.7039312006404979,0.9598366711093588,0.6876676253209605,0.9177553356231504,-0.25,0.6383529241522967,0.2586692634081794,0.5687888556364507,0.7055801193234427,0.9587583143868218,0.687655465465606,0.9177553356231504,-0.75,0.6439254159446384,0.2549215766467743,0.5668369882953557,0.7030381882719658,0.9565555198120711,0.6876597140530185,0.4588776678115752,0.0,0.6379827313735205,0.2569831669647952,0.5679236154352743,0.7044534298193662,0.9578122329432333,0.6876501652573633,0.9177553356231504,1.0,0.6412133193012172,0.2558910748304646,0.5678811040375898,0.704215511442192,0.9590635328622094,0.6876500644555137
06607200,control,0.768422963605017,0.839854044053042,0.8922002952253166,1.0428098606805318,1.1104231256810346,0.012499999999999975,0.0,0.6994709241127164,,,,,,,,,0.7703879671722683,0.8408222528384597,0.8928544952148376,1.0407937410712287,1.1104231256810346,0.012499999999999975,24.0,0.6994709241127164,0.7728870485593724,0.8426623491064846,0.8930831352461749,1.033795243488041,1.1103712006706732,0.03549999999999993,1.0,0.7013637228408037,0.7687186750801785,0.8403152593904997,0.8920992478350269,1.0411619849623295,1.110282977198285,0.02499999999999995,0.5,0.6995260879098166,0.7851101600879906,0.878665490097449,0.8922002952253165,0.9906693676465054,1.054901969396983,0.012499999999999975,0.05,0.7018849528022737,0.7675661780548679,0.8391990387146853,0.8921034436889177,1.0449668277880615,1.1104231256810346,0.012499999999999975,0.5,0.701785360744531,0.7666255161826998,0.8380357286676954,0.8923093809069793,1.0493900641154308,1.11043449331726
06647500,control,0.7754682006480605,0.772709227628638,0.9006520205010495,1.0727470530241883,1.191046958758684,0.1779852882826546,0.0,0.7948160506915329,,,,,,,,,0.7754682006480605,0.772709227628638,0.9006520205010495,1.0727470530241883,1.191046958758684,0.1779852882826546,32.0,0.7948160506915329,0.7750483601168884,0.7728176196655792,0.9003223033817874,1.0719079833845995,1.191063949129241,0.3559705765653092,-0.25,0.7949374363566133,0.7749183541545108,0.7733838984852299,0.8998849566465291,1.0695497202035913,1.1910357871700676,0.0889926441413273,0.25,0.7956632091863421,0.811680009543397,0.870339077111605,0.9010889224658875,0.9170804314215533,1.012365225920919,0.04449632207066365,0.15,0.8154868397236488,0.7754682006480605,0.772709227628638,0.9006520205010495,1.0727470530241883,1.191046958758684,0.1779852882826546,20.0,0.7948160506915329,0.7722101673292645,0.7698941788711827,0.9004944380256552,1.0810321845126716,1.1910003066139985
06809210,control,0.7846038629974637,0.8176826683057524,0.8862297985103352,0.859653626280165,0.9755286683483763,0.0499999999999999,0.0,0.8046740774448842,,,,,,,,,0.7028867343481892,0.7288369050500623,0.840468081576595,0.7821006080913184,0.9755286683483763,0.0499999999999999,32.0,0.8046740774448842,0.7952151164029417,0.79950558121598,0.8939796059900247,0.8315991628740884,0.9755286683483763,0.012499999999999975,0.75,0.8053597424075938,0.7818941487994266,0.81591746944168,0.8846846376025616,0.8586143600675851,0.9755286683483763,0.012499999999999975,0.25,0.8053329383271149,0.7846038629974637,0.8176826683057524,0.8862297985103352,0.859653626280165,0.9755286683483763,0.0499999999999999,0.0,0.8046740774448842,0.7751720258102501,0.8239118097809777,0.8805237111810398,0.8729818081066526,0.9755286683483763,0.1999999999999996,0.5,0.8061366033387591,0.7692164310245168,0.8251663013941766,0.8771034174293321,0.8780783134685471,0.9755387139755685
06810000,control,0.7072578841614003,0.8509512436268725,0.8631100784222462,1.0570342024241934,1.014959308160756,0.0499999999999999,0.0,0.8216102460581876,,,,,,,,,0.8300804876740471,0.90132248181041,0.9122576419839803,0.9574089622640729,1.014984482320799,0.012499999999999975,12.0,0.8344229123060856,0.7801056270016188,0.8891922672131184,0.8930753816919365,1.0249206471441177,1.014981354777264,0.012499999999999975,0.75,0.8288652605386969,0.7135206525101656,0.8543105516512486,0.8655335683023445,1.0540352749844657,1.0149794246891,0.012499999999999975,0.25,0.827172543961012,0.7072578841614003,0.8509512436268725,0.8631100784222462,1.0570342024241934,1.014959308160756,0.0499999999999999,0.0,0.8216102460581876,0.7072578841614003,0.8509512436268725,0.8631100784222462,1.0570342024241934,1.014959308160756,0.0499999999999999,10.0,0.8216102460581876,0.6450122099973277,0.8177290750097137,0.8400225409550386,1.0860522638127856,1.0149970192714095
06814000,control,0.696085929411163,0.6994828652904306,0.8574962732305089,1.0443844857989033,1.260831849150411,0.02499999999999995,0.0,0.7984604054986095,,,,,,,,,0.696085929411163,0.6994828652904306,0.8574962732305089,1.0443844857989033,1.260831849150411,0.02499999999999995,inf,0.7984604054986095,0.6847756304295294,0.6973128242952222,0.8475859090260315,1.0188737298245787,1.260831849150411,0.012499999999999975,1.0,0.798565115909631,0.6959749625881696,0.7000795986449797,0.8535856279136393,1.0219505185426336,1.260831849150411,0.012499999999999975,0.5,0.7992556966801941,0.728142705276261,0.7955394438364505,0.8580039810878117,0.9409741825420349,1.13474866423537,0.012499999999999975,0.1,0.8054774909897464,0.7003413199082631,0.6995253488096966,0.8615389111330131,1.0555009025784265,1.2608317325224883,0.0499999999999999,0.5,0.8030279856217277,0.7030975371613204,0.6990799725350446,0.8645160664215998,1.0645254548936267,1.2608321919211731
06889500,control,0.6659894863857065,0.6178112910354177,0.8283831098282287,0.6891455706643822,1.1413696432414393,0.012499999999999975,0.0,0.822393878007727,,,,,,,,,0.6659894863857065,0.6178112910354177,0.8283831098282287,0.6891455706643822,1.1413696432414393,0.012499999999999975,inf,0.822393878007727,0.6662883348333954,0.6181642999675393,0.8285281580707955,0.6895010509909838,1.1413729532441816,0.02499999999999995,-0.75,0.8224369241595709,0.6669202554731248,0.6187280707548849,0.8288864101739788,0.6899965658222504,1.1413728906302263,0.07049999999999985,-0.75,0.8224916175468983,0.6659894863857065,0.6178112910354177,0.8283831098282287,0.6891455706643822,1.1413696432414393,0.012499999999999975,0.0,0.822393878007727,0.6743027802019224,0.6252210984672268,0.8330813365778437,0.6956777878542856,1.141369643241439,0.012499999999999975,0.5,0.8284456210959988,0.6783798209958497,0.6300645922271685,0.835048659739579,0.7005701896210974,1.1413684898653034
06893080,control,0.6617795505184987,0.6229777634277918,0.8163690353483074,0.7764952126120213,1.2418078694038996,0.012499999999999975,0.0,0.7256718435447903,,,,,,,,,0.6617795505184987,0.6229777634277918,0.8163690353483074,0.7764952126120213,1.2418078694038996,0.012499999999999975,inf,0.7256718435447903,0.6597667784224988,0.6280952238253701,0.8146375712671134,0.7867331353427083,1.24180814087825,0.1999999999999996,-0.75,0.7271805144016259,0.6618219389958777,0.6274643125098763,0.8160327209131167,0.7844315349504306,1.241803878288336,0.1999999999999996,-0.75,0.7286804188161644,0.6617795505184987,0.6229777634277918,0.8163690353483074,0.7764952126120213,1.2418078694038996,0.012499999999999975,0.0,0.7256718435447903,0.6663780572320164,0.6262169030208365,0.8191617003877271,0.7796776041289933,1.2418043731166497,0.1999999999999996,1.0,0.7324580606738377,0.6633243824188929,0.6325686984400761,0.8166909638155467,0.7927998207534442,1.2418091072299422
06903400,control,0.37222863358767233,0.2816770278012314,0.6901811932858384,0.3716729781675305,1.1587619382277294,0.012499999999999975,0.0,0.41875209848218553,,,,,,,,,0.37222863358767233,0.2816770278012314,0.6901811932858384,0.3716729781675305,1.1587619382277294,0.012499999999999975,inf,0.41875209848218553,0.373102098220761,0.28250746763468104,0.690806117131538,0.3723143113254079,1.158761938227729,0.0499999999999999,-0.75,0.418915052361028,0.37250368770386977,0.28191680982785083,0.6904150255828024,0.37183182300192175,1.158761938227729,0.03549999999999993,-0.75,0.41884010218273215,0.37222863358767233,0.2816770278012314,0.6901811932858384,0.3716729781675305,1.1587619382277294,0.012499999999999975,0.0,0.41875209848218553,0.37147670150767864,0.2818856057727154,0.6880847601134135,0.3729499116553066,1.1587619382277294,0.012499999999999975,0.5,0.42190010135113576,0.3722304462175857,0.2832437257239847,0.6875645930138291,0.3747708292854622,1.158783365825994
06917000,control,0.7483781856058966,0.7711605384850495,0.8663190333104049,0.8220750625808718,1.0532880374548284,0.012499999999999975,0.0,0.8316907473256385,,,,,,,,,0.7483781856058966,0.7711605384850495,0.8663190333104049,0.8220750625808718,1.0532880374548284,0.012499999999999975,inf,0.8316907473256385,0.7484277983708827,0.7714475166544481,0.8663298352711676,0.8224364938348497,1.0532890793983551,0.02499999999999995,-0.75,0.8317753899564903,0.7484145166580982,0.771533564327962,0.8663152863108855,0.8225579437808728,1.0532881435149792,0.0499999999999999,-0.75,0.8318719600525588,0.7483781856058966,0.7711605384850495,0.8663190333104049,0.8220750625808718,1.0532880374548284,0.012499999999999975,0.0,0.8316907473256385,0.7406898582664594,0.7717518953326468,0.8614374870527853,0.8266275328830878,1.0532880374548284,0.012499999999999975,0.5,0.837663268884643,0.742088306420088,0.7754041494672727,0.8621104662747724,0.8309146651553034,1.0532909195455975
07151500,control,0.7491820815037653,0.8054529505282526,0.8671207026517908,0.9037702983406073,1.1045537723516134,0.03549999999999993,0.0,0.7185425118165066,,,,,,,,,0.7491820815037653,0.8054529505282526,0.8671207026517908,0.9037702983406073,1.1045537723516134,0.03549999999999993,inf,0.7185425118165066,0.7521239873732889,0.8100282889064897,0.8690329073394364,0.9105214342335798,1.1045488303340592,0.1999999999999996,-0.5,0.7279671481124336,0.7513935189155698,0.8074053726860504,0.868430581441444,0.9059170172723231,1.1045493707844591,0.1999999999999996,-0.5,0.726263995338495,0.7520425541579602,0.8011355156086911,0.8674097161572581,0.8602366946240024,1.0493266485086705,0.02499999999999995,0.05,0.7207580299296594,0.751609768710724,0.8109936900295585,0.868859531864301,0.9128413487693324,1.1045415340495977,0.1999999999999996,0.5,0.719403691904561,0.751482365714558,0.8144889375472514,0.8691721655190322,0.9202093946486113,1.1045556852353187
07191000,control,0.7192160478416469,0.6447839885279973,0.8526604463228281,0.9001765255698815,1.3074162401061291,0.03549999999999993,0.0,0.8359760478060653,,,,,,,,,0.7192160478416469,0.6447839885279973,0.8526604463228281,0.9001765255698815,1.3074162401061291,0.03549999999999993,inf,0.8359760478060653,0.715707992493771,0.6451498840116929,0.8509354224210586,0.9041068467284445,1.3074131742195911,0.0499999999999999,-0.25,0.836290225166577,0.7189198493276361,0.6456954900736506,0.8526742626364832,0.9034442647178906,1.3074147082502363,0.0499999999999999,-0.25,0.8362217833229738,0.7192160478416469,0.6447839885279973,0.8526604463228281,0.9001765255698815,1.3074162401061291,0.03549999999999993,0.0,0.8359760478060653,0.7219824383080375,0.6478056257254752,0.8546452448543739,0.9083106451681977,1.3074181755161964,0.012499999999999975,0.5,0.8379879508097056,0.7259447043301906,0.6505998509573843,0.8572392512794605,0.9151899281519418,1.3074200456848581
07207500,control,0.5523630801454192,0.41545481142483676,0.8492728732287382,0.4388660834076239,0.935944255594417,0.0830874910764661,0.0,0.581601383740223,,,,,,,,,0.5366652417426241,0.40379368945242033,0.8403971976701615,0.429137692602713,0.9359286630523048,0.020771872769116524,12.0,0.5849181756764541,0.5535707855733314,0.41295186213188284,0.8544105417215614,0.4349123168973247,0.9359286630523047,0.020771872769116524,0.75,0.583861577601782,0.5507313439220745,0.41312902432138376,0.8498278666167965,0.4362962957167472,0.9359374818911452,0.04154374553823305,0.25,0.5829357235926511,0.5523630801454192,0.41545481142483676,0.8492728732287382,0.4388660834076239,0.935944255594417,0.0830874910764661,0.0,0.581601383740223,0.5523630801454192,0.41545481142483676,0.8492728732287382,0.4388660834076239,0.935944255594417,0.0830874910764661,10.0,0.581601383740223,0.5566014101663501,0.42058603420276497,0.8490872270694347,0.4442665817627943,0.935919998582411
07315700,control,0.6482059392680874,0.38243946411271723,0.8641261763083838,1.156619669906607,1.5817126425643102,0.03549999999999993,0.0,0.78847233837701,,,,,,,,,0.6482059392680874,0.38243946411271723,0.8641261763083838,1.156619669906607,1.5817126425643102,0.03549999999999993,inf,0.78847233837701,0.6495699842964147,0.3821483284488001,0.8651783515607979,1.1584449064272069,1.581772311800778,0.0999999999999998,-0.25,0.789148646290933,0.6434097882293509,0.38063129325106215,0.8636930776143223,1.1630215031144215,1.5817748768483486,0.1999999999999996,-0.5,0.7895223045095738,0.6482059392680874,0.38243946411271723,0.8641261763083838,1.156619669906607,1.5817126425643102,0.03549999999999993,0.0,0.78847233837701,0.6352063934553469,0.3795964614581513,0.8605747847450769,1.164593948321002,1.5816957900504944,0.012499999999999975,1.0,0.7935841587319188,0.6271772637262781,0.3776365157965309,0.8586322491347566,1.1702691332248536,1.5816871046843322
07346045,control,0.8345882358246601,0.7610455503168523,0.9284742468167597,1.050116663358141,1.222422156515022,1.0528435700809526,0.0,0.8077312809902912,,,,,,,,,0.8345882358246601,0.7610455503168523,0.9284742468167597,1.050116663358141,1.222422156515022,1.0528435700809526,32.0,0.8077312809902912,0.8345882358246601,0.7610455503168523,0.9284742468167597,1.050116663358141,1.222422156515022,1.0528435700809526,0.0,0.8077312809902912,0.8437827971652601,0.7624293419874061,0.9327754280786812,1.0494210065521703,1.2224370441043997,2.1056871401619053,-0.25,0.8102602564917148,0.8345882358246601,0.7610455503168523,0.9284742468167597,1.050116663358141,1.222422156515022,1.0528435700809526,0.0,0.8077312809902912,0.8345882358246601,0.7610455503168523,0.9284742468167597,1.050116663358141,1.222422156515022,1.0528435700809526,50.0,0.8077312809902912,0.6901497566084316,0.7160159787537332,0.8747472809099978,1.1244556845196314,1.222417317838587
08101000,control,0.6431693728904622,0.5963352674594524,0.8196510790924169,0.6512739390530969,1.093859562330958,0.012499999999999975,0.0,0.6919746604061477,,,,,,,,,0.6431693728904622,0.5963352674594524,0.8196510790924169,0.6512739390530969,1.093859562330958,0.012499999999999975,inf,0.6919746604061477,0.6358391739949802,0.5885910215645351,0.8158229184349051,0.6443001563863766,1.0938816883993945,0.1999999999999996,-0.25,0.6933114041757483,0.6372449129364983,0.5890137567001892,0.8169374859852158,0.6442117368063855,1.0938750228652414,0.1999999999999996,-0.25,0.6923101149004274,0.6431693728904622,0.5963352674594524,0.8196510790924169,0.6512739390530969,1.093859562330958,0.012499999999999975,0.0,0.6919746604061477,0.6319902935444612,0.5827755233167826,0.8144513581599695,0.6382897175891232,1.0938809727961343,0.1999999999999996,10.0,0.6958020642075751,0.6505092041581363,0.6054335160767013,0.8230262221336598,0.6600682239203725,1.0938582963549839
08279000,control,0.7829720266368917,0.7303949368303324,0.8963500460010435,0.7597278961123265,0.9350931959181035,0.03549999999999993,0.0,0.8461346106739585,,,,,,,,,0.7829720266368917,0.7303949368303324,0.8963500460010435,0.7597278961123265,0.9350931959181035,0.03549999999999993,12.0,0.8461346106739585,0.7837444264892349,0.7336721634508706,0.8961937537698914,0.7634794355133334,0.9350938959768618,0.1999999999999996,-0.75,0.8467523752492516,0.7836789867022604,0.7320142863745025,0.8965018375478181,0.7614802262608349,0.9350939863201693,0.1999999999999996,-0.75,0.8462950106570908,0.7829720266368917,0.7303949368303324,0.8963500460010435,0.7597278961123265,0.9350931959181035,0.03549999999999993,0.0,0.8461346106739585,0.7841539071712109,0.7327255808310683,0.8966863065168664,0.7621996579799827,0.9350931959181035,0.1999999999999996,0.5,0.846273848740227,0.7821303957747738,0.7301203379578813,0.8958094800143667,0.7596535506183539,0.9350927446372337
08284100,control,0.6913554550108154,0.34782080015333494,0.916419402106816,0.634791544592089,1.5338302880757348,0.4914907944250637,0.0,0.8004501612482262,,,,,,,,,0.6913554550108154,0.34782080015333494,0.916419402106816,0.634791544592089,1.5338302880757348,0.4914907944250637,12.0,0.8004501612482262,0.719024864984675,0.38917040501855715,0.9079352639116333,0.7177621341380245,1.5338339306824271,1.9659631777002549,-0.75,0.8258410472286123,0.695800837042571,0.35295742864893376,0.9158276679093191,0.6441987035082796,1.5338394375332594,1.9659631777002549,-0.75,0.8026677082332803,0.6913554550108154,0.34782080015333494,0.916419402106816,0.634791544592089,1.5338302880757348,0.4914907944250637,0.0,0.8004501612482262,0.7112997595596928,0.3687653280563302,0.9160588058277991,0.673761428689202,1.5338346949888764,1.9659631777002549,10.0,0.8070356487382855,0.6839100454762909,0.3395072764960426,0.9173381454513745,0.6199414221665485,1.5338287487757392
08289000,control,0.4888490216025786,0.44755049353416754,0.725695131237802,0.5432807456624933,0.8538329076533057,0.3559705765653092,0.0,0.7931626571259192,,,,,,,,,0.4888490216025786,0.44755049353416754,0.725695131237802,0.5432807456624933,0.8538329076533057,0.3559705765653092,16.0,0.7931626571259192,0.4891462868109193,0.4479886147281782,0.7258146720704681,0.5437407763007588,0.8538271700785112,0.3559705765653092,-0.75,0.7933085914259074,0.48910098473888797,0.44783718541796347,0.7258378833450377,0.5435511529124676,0.8538037018564092,0.3559705765653092,-0.75,0.7932820906443474,0.4888490216025786,0.44755049353416754,0.725695131237802,0.5432807456624933,0.8538329076533057,0.3559705765653092,0.0,0.7931626571259192,0.48943912766295394,0.44801468172813563,0.7261422055764246,0.5435578127537148,0.8538828219442584,0.7119411531306185,2.0,0.7932485616914964,0.4883916727666088,0.4475599102368142,0.7251601644986819,0.5436306474215297,0.8537805360895033
08377900,control,0.7806418209523855,0.7990553115469458,0.8859942637465474,0.8741425444826433,1.107430725630519,1.7495626146803187,0.0,0.6883408850578396,,,,,,,,,0.7806418209523855,0.7990553115469458,0.8859942637465474,0.8741425444826433,1.107430725630519,1.7495626146803187,12.0,0.6883408850578396,0.783616167328058,0.847114548285779,0.8923534962805673,0.984409972632792,1.1074390181895444,6.998250458721275,-0.5,0.7161152544820699,0.7671209614148132,0.7974159256521599,0.8782509206233371,0.8788527993517085,1.1074282301138245,0.4373906536700797,0.5,0.6893667591644346,0.7806418209523855,0.7990553115469458,0.8859942637465474,0.8741425444826433,1.107430725630519,1.7495626146803187,0.0,0.6883408850578396,0.7806418209523855,0.7990553115469458,0.8859942637465474,0.8741425444826433,1.107430725630519,1.7495626146803187,20.0,0.6883408850578396,0.7877405833224951,0.7792513771448168,0.891354354299901,0.8406721517314811,1.1074277195559519
08379500,control,0.520335072651017,0.6039126543161732,0.724933463353528,0.7450662651759002,1.1274063447274507,0.4284286021318256,0.0,0.568474469539157,,,,,,,,,0.5154665135416523,0.6007570411251357,0.7216256555550614,0.7437378531870202,1.1274063447274507,0.4284286021318256,8.0,0.568474469539157,0.5315382370123887,0.6094827469189723,0.7324617954850147,0.745648726896759,1.127406687224846,0.4284286021318256,-0.75,0.5745653374910265,0.4994050493301023,0.6021200718936333,0.7115429709542224,0.7573713640584769,1.127406140374657,0.2142143010659128,0.5,0.5688708759600835,0.520335072651017,0.6039126543161732,0.724933463353528,0.7450662651759002,1.1274063447274507,0.4284286021318256,0.0,0.568474469539157,0.5242404281748049,0.6051153458763048,0.7275330980317072,0.7441420301859231,1.1274063447274507,0.4284286021318256,2.0,0.5686216198682388,0.527882606532501,0.6021304701393015,0.7298789134529494,0.7371264855646195,1.1274059527753937
08401900,control,0.126585114466376,0.042453453867517865,0.4181544052880659,0.6362676129988653,1.6678696299211533,0.0999999999999998,0.0,0.9259620079313147,,,,,,,,,0.126585114466376,0.042453453867517865,0.4181544052880659,0.6362676129988653,1.6678696299211533,0.0999999999999998,inf,0.9259620079313147,0.15054231566303244,0.04215714912234725,0.43082307912147977,0.6162181610594927,1.6679910626768284,0.02499999999999995,0.5,0.9354584982954771,0.18213482451969698,0.043009307848270395,0.4494620439383905,0.5879952410673908,1.6655758577483368,0.02499999999999995,0.5,0.9459610103895042,0.126585114466376,0.042453453867517865,0.4181544052880659,0.6362676129988653,1.6678696299211533,0.0999999999999998,0.0,0.9259620079313147,0.12170936589347026,0.042437241235209644,0.4157192195598372,0.6402595482262832,1.6679290485815934,0.07049999999999985,20.0,0.9302726141659913,0.11310242885112665,0.05052578105318506,0.4165983271065421,0.661050355131285,1.668024639330879
08405150,control,0.0464654485043019,-0.44432057343265163,0.22177677681587,0.2708455212649199,1.974045317158448,1.7495626146803187,0.0,0.92722247549814,,,,,,,,,0.0464654485043019,-0.44432057343265163,0.22177677681587,0.2708455212649199,1.974045317158448,1.7495626146803187,inf,0.92722247549814,0.0464654485043019,-0.44432057343265163,0.22177677681587,0.2708455212649199,1.974045317158448,1.7495626146803187,0.0,0.92722247549814,0.0464654485043019,-0.44432057343265163,0.22177677681587,0.2708455212649199,1.974045317158448,1.7495626146803187,0.0,0.92722247549814,0.07845257432865049,-0.19714133095104236,0.2843400723554056,0.23653201939916085,1.5814592649809993,0.8747813073401594,0.2,0.9801781206428205,0.0464654485043019,-0.44432057343265163,0.22177677681587,0.2708455212649199,1.974045317158448,1.7495626146803187,inf,0.92722247549814,0.16437102289547356,-0.317390764967729,0.41198042385345396,0.3409669816762863,1.9774594039906874
08405500,control,-0.01394781725692451,-0.3513714029587214,0.060077344301164265,0.09785409276629127,1.359002551662435,0.07049999999999985,0.0,0.6167439128926017,,,,,,,,,-0.01394781725692451,-0.3513714029587214,0.060077344301164265,0.09785409276629127,1.359002551662435,0.07049999999999985,inf,0.6167439128926017,-0.013811741024486235,-0.36103228299183576,0.056748451513074144,0.08685365080944088,1.358955619238561,0.0499999999999999,1.0,0.6201608359909876,-0.014153743450930234,-0.35810552803769635,0.05637820069916355,0.09149004337231303,1.358661656549958,0.012499999999999975,0.5,0.6171801772740334,-0.01394781725692451,-0.3513714029587214,0.060077344301164265,0.09785409276629127,1.359002551662435,0.07049999999999985,0.0,0.6167439128926017,-0.013148455405683102,-0.34356801014415805,0.06608907139797533,0.10329191685402661,1.3590264460191068,0.03549999999999993,0.5,0.6340417095842148,-0.0123050679460186,-0.3389583540961141,0.07082428789322186,0.10527835060010296,1.3590475457787783
09059500,control,0.8394735953021573,0.7592803880674955,0.9284635256055869,0.7879000308761352,0.9114445512810836,0.04576265084741403,0.0,0.8511220937428003,,,,,,,,,0.8394735953021573,0.7592803880674955,0.9284635256055869,0.7879000308761352,0.9114445512810836,0.04576265084741403,12.0,0.8511220937428003,0.8358210539226357,0.7531307321946912,0.927339115004092,0.7813072898758807,0.9114656579800322,0.2578177512530368,-0.5,0.8524645939032094,0.8378844172228177,0.754102564977002,0.9285266345288211,0.7820173699651197,0.9114523880492008,0.04576265084741403,0.25,0.8525302624729205,0.8033329709533344,0.6524113098201074,0.9285213160371598,0.7111840148034553,0.820294624524298,0.0161136094533148,0.1,0.8661530971844223,0.8383281174965872,0.7563350944614026,0.9283306713228621,0.7846036932659798,0.9114532633947142,0.09088075731669547,5.0,0.8511599937287737,0.8404302537480675,0.7619790392405393,0.9285328383203237,0.7909481312675362,0.9114351156395921
09124500,control,0.8623784798335082,0.8570325181684921,0.9302761243712537,0.8751993144440945,1.0017524021586492,0.4914907944250637,0.0,0.9179010695760957,,,,,,,,,0.8623784798335082,0.8570325181684921,0.9302761243712537,0.8751993144440945,1.0017524021586492,0.4914907944250637,12.0,0.9179010695760957,0.8651487367251282,0.8643627157185766,0.9313923007500022,0.8830069380731309,1.0017549791558027,0.9829815888501274,-0.25,0.9182409358547559,0.8622291151854148,0.852178867053194,0.9305691498219981,0.869511007582281,1.0017513557735738,0.12287269860626593,0.5,0.9186240536467833,0.8623784798335082,0.8570325181684921,0.9302761243712537,0.8751993144440945,1.0017524021586492,0.4914907944250637,0.0,0.9179010695760957,0.8639918738654638,0.8582543999293716,0.9311396828393322,0.8761171639289751,1.0017648758920514,1.9659631777002549,2.0,0.9187430294169631,0.8572700172094834,0.8508483539883362,0.9277150952064651,0.86954675532721,1.0017484282425815
09147000,control,0.444781170255514,0.4715960800006074,0.6783510074457699,0.5886907143686069,0.9188994462844643,4.831264020091606,0.0,0.6975440576564136,,,,,,,,,0.444781170255514,0.4715960800006074,0.6783510074457699,0.5886907143686069,0.9188994462844643,4.831264020091606,6.0,0.6986450375036126,0.43856875615822233,0.5216281936310343,0.6677587113414462,0.6655020826047177,0.9189663372577198,9.662528040183211,-0.5,0.713749599448215,0.44524298769625226,0.47976234205364665,0.6771482512782386,0.6002400098107639,0.9187231931193813,2.415632010045803,0.5,0.6989820950527936,0.4279644144719468,0.4397734778204674,0.67835100744577,0.5592561786501765,0.8729544739702412,4.831264020091606,0.05,0.7039702073648717,0.444781170255514,0.4715960800006074,0.6783510074457699,0.5886907143686069,0.9188994462844643,4.831264020091606,20.0,0.6976182301336001,0.4480566535422612,0.49007593093025403,0.6780608500443874,0.6131389187406675,0.9180473078577351
09255000,control,0.705425178220534,0.6561512083671901,0.8558795289998703,0.6951832066880822,0.9325611101731067,0.6335752569011934,0.0,0.9012161503922489,,,,,,,,,0.705425178220534,0.6561512083671901,0.8558795289998703,0.6951832066880822,0.9325611101731067,0.6335752569011934,16.0,0.9012161503922489,0.7051457252575077,0.6564506481567313,0.8555678455026514,0.695657886731116,0.9326101788827584,1.2671505138023869,-0.5,0.9014469935591604,0.7055921824471687,0.6563639187043793,0.8559525464524373,0.695385104848538,0.9325770577137348,0.44983843239984733,0.25,0.9013503932051157,0.6905042821927264,0.6141115049828243,0.8556508620100848,0.6607991773052702,0.8859120565905072,0.44983843239984733,0.05,0.9025699278966893,0.7053240153405459,0.6562089591124498,0.8557809543793665,0.6952949905010832,0.9325611101731067,0.6335752569011934,5.0,0.9012161503922489,0.7046528232485885,0.6570319800201445,0.8549979939908908,0.6966205721278663,0.9324544322237672
09289500,control,0.8628357308095135,0.7578083120346092,0.9455416897282622,0.7723686867869856,1.0622502321826264,0.3812699412948386,0.0,0.8160850248544198,,,,,,,,,0.8628357308095135,0.7578083120346092,0.9455416897282622,0.7723686867869856,1.0622502321826264,0.3812699412948386,12.0,0.8160850248544198,0.8633139037030039,0.761555783502203,0.944937465831687,0.776508206525251,1.0622509434599332,0.7625398825896772,-0.5,0.8166993074584429,0.8635854676947406,0.75924375669982,0.9456936745187078,0.7738611000809202,1.0622542339453616,0.7625398825896772,-0.5,0.8163649462753635,0.8628357308095135,0.7578083120346092,0.9455416897282622,0.7723686867869856,1.0622502321826264,0.3812699412948386,0.0,0.8160850248544198,0.8624933427461247,0.7584309393172108,0.9451511169070584,0.7731255730648663,1.0622511486277688,0.5375906172257224,2.0,0.8162050834071211,0.8613271704642163,0.7552335919793045,0.9451619826818188,0.7697208236471004,1.062248592676418
09299500,control,0.7621814236139277,0.7522082513018221,0.8780848618149225,0.7868944261634281,0.9664818824514293,1.7495626146803187,0.0,0.744197167270132,,,,,,,,,0.8159902386643078,0.757154254487898,0.914239439664266,0.7752880914902027,0.966477759947849,0.4373906536700797,8.0,0.7707473270098303,0.7829879769311316,0.8177510815817572,0.8854732971550328,0.8622483880352484,0.9664918517194346,6.998250458721275,-0.5,0.7511104581498314,0.7538698798654135,0.7450268531420672,0.8734505152463643,0.7812015095832957,0.9664775579857658,0.8747813073401594,0.25,0.7511525214409726,0.7621814236139277,0.7522082513018221,0.8780848618149225,0.7868944261634281,0.9664818824514293,1.7495626146803187,0.0,0.744197167270132,0.7621814236139277,0.7522082513018221,0.8780848618149225,0.7868944261634281,0.9664818824514293,1.7495626146803187,50.0,0.744197167270132,0.8290004876951914,0.7551359120867218,0.9237097633199238,0.7697514648564605,0.9664763754770781
09312600,control,0.3814553525738743,0.450500489482869,0.6182480584046476,0.6093363882950774,0.9400240911997938,0.1779852882826546,0.0,0.7829675460328537,,,,,,,,,0.3814553525738743,0.450500489482869,0.6182480584046476,0.6093363882950774,0.9400240911997938,0.1779852882826546,inf,0.7829675460328537,0.37915319899859523,0.463506158446376,0.6164610231126557,0.6296941160428822,0.9400246088807096,0.7119411531306185,-0.5,0.7851883785280351,0.3978351801063267,0.451247262998819,0.6322706974336887,0.5971258052890817,0.9400240911997938,0.0889926441413273,0.25,0.7841081850649378,0.3784660378076554,0.4216147583921711,0.6182480584046471,0.5788695688803235,0.8930228866398041,0.1779852882826546,0.05,0.7870780207294799,0.3809169486709447,0.4504167403674889,0.6178019209304111,0.609654924473996,0.9400240911997938,0.1779852882826546,10.0,0.7829675460328537,0.342859409089027,0.43860050400369177,0.5872948375169031,0.6241719610004887,0.9400239375542934
09330500,control,0.6258265810781889,0.5359602626099209,0.8358350868731721,0.5670107051770185,1.0300504533045978,2.255341494966317,0.0,0.7926696276352267,,,,,,,,,0.6258265810781889,0.5359602626099209,0.8358350868731721,0.5670107051770185,1.0300504533045978,2.255341494966317,8.0,0.8003746478732785,0.6291799983070414,0.5419609506839071,0.8357646822823921,0.5734897221577618,1.030257462013912,1.6012924614260848,0.5,0.7946140824562994,0.6288177740824505,0.5411648633244184,0.8358566548208387,0.5726058402110262,1.0303459562342592,1.1276707474831584,0.25,0.794591274102187,0.5710642197859059,0.4574914950091563,0.8300388563514003,0.5004228828134648,0.8740976901695158,0.5638353737415792,0.15,0.8465079853393473,0.6258265810781889,0.5359602626099209,0.8358350868731721,0.5670107051770185,1.0300504533045978,2.255341494966317,50.0,0.7926696276352267,0.6304611126735089,0.5613802318926115,0.8264700476151591,0.598124673335204,1.02776469733236
09342500,control,0.8337376147930167,0.7944936534820484,0.9190397532388118,0.8743907541501366,1.1410695369686612,0.250959256478543,0.0,0.8495681889080013,,,,,,,,,0.8324081330349882,0.794008878676968,0.9182952209552209,0.8740791642157207,1.1410695369686612,0.250959256478543,8.0,0.8497702998318029,0.8500620239034886,0.804728930099222,0.9277459981592292,0.885940963065471,1.1410697914216796,0.7119411531306185,-0.75,0.86582587616071,0.8344217363770595,0.7959900029117941,0.9193167764945923,0.8766780995548163,1.1410744669573287,0.7119411531306185,-0.75,0.8501925627411574,0.8337376147930167,0.7944936534820484,0.9190397532388118,0.8743907541501366,1.1410695369686612,0.250959256478543,0.0,0.8495681889080013,0.8332908698734902,0.7972442500462424,0.918551465375964,0.8792738274683418,1.141071689621852,0.7119411531306185,2.0,0.8497719813458301,0.8332464929919646,0.7919367631958747,0.9189776996202665,0.8702861826966447,1.1410674411449273
09401260,control,0.004059208232488731,-0.42134158664541266,0.1090563528908107,0.07769877823886262,1.613018580421009,4000.0,0.0,-0.007091870230999442,,,,,,,,,0.004059208232488731,-0.42134158664541266,0.1090563528908107,0.07769877823886262,1.613018580421009,4000.0,1.5,-0.007091870230999442,0.020411433822302927,-0.1411110138800833,0.16358209308029487,0.24029484572589146,1.1593345836654565,4000.0,-0.5,0.01441967096108332,0.0034572958314634805,-0.4350416191505837,0.10965487970041056,0.07900598631208955,1.6468384977751953,4000.0,0.25,-0.007026483227744462,0.007352148777650669,-0.3097700621302064,0.09807361424856022,0.050593392026628006,0.9744362938053609,2000.0,0.4,0.00042363772594755655,0.004059208232488731,-0.42134158664541266,0.1090563528908107,0.07769877823886262,1.613018580421009,4000.0,inf,-0.007091870230999442,-0.09370145628686233,0.10564838623813,0.2422852199885756,0.6305844029527786,1.2987728867366397
09403600,control,-0.24657446614738143,0.2836466397618994,0.4013310879524497,0.9643274792019536,1.3917717980306052,2.255341494966317,0.0,0.47668470670474583,,,,,,,,,-0.20556448271220495,0.29379779186126886,0.41455903147373896,0.9500471280213052,1.3917717980306052,2.255341494966317,8.0,0.47668470670474583,-0.19714774726782225,0.3160002289583085,0.43947359986295265,0.9868347808208408,1.391781212589953,3.1800315079025068,-0.25,0.4801340610425583,-0.45170491602249907,0.25793367112848586,0.375374840678142,1.0838529905015675,1.391758245313272,0.5638353737415792,0.5,0.4787600014123572,-0.20531132397856222,0.3070691553960946,0.3900651295538749,0.9342467441004679,1.3221942248954206,3.1800315079025068,0.05,0.4783544195315682,-0.10136768282664921,0.3917173338920744,0.5458756278849125,1.1014579459988734,1.3917717980306052,2.255341494966317,20.0,0.47668470670474583,-0.07315091219852343,0.39986642876650347,0.5553143662523402,1.0946322709105236,1.3917393569227243
09430600,control,0.07953537821235779,-0.012432670813809388,0.28404759476011143,0.30197378747977627,0.8412817811432064,0.2957670210385463,0.0,0.2697894367389507,,,,,,,,,0.07953537821235779,-0.012432670813809388,0.28404759476011143,0.30197378747977627,0.8412817811432064,0.2957670210385463,inf,0.2697894367389507,0.08085452110831548,-0.009070188134800983,0.28637054211573565,0.30446504614349124,0.8412965993242807,0.07394175525963657,0.5,0.2724983061449586,0.08155318708921133,-0.012946072186323931,0.28722021735169767,0.2979918560483453,0.841288650591418,0.14788351051927315,0.25,0.2753625760334598,0.0793129552973113,-0.046339136512536516,0.28520477214496504,0.27548510813002175,0.7571594303002421,0.20999458493736786,0.1,0.27596900065406593,0.07951772449324057,-0.012150084810206518,0.28404325392319396,0.3023881746047112,0.8412817811432064,0.2957670210385463,20.0,0.2697894367389507,0.07964685225273527,0.0019879340681357993,0.2858627554840802,0.32114065741061115,0.8412987942077954
09480000,control,-0.009664310151346056,0.0575150756163304,0.24285086906775896,0.5034305431531861,1.2615756119096422,0.1380706234676368,0.0,0.4323638256859349,,,,,,,,,-0.009664310151346056,0.0575150756163304,0.24285086906775896,0.5034305431531861,1.2615756119096422,0.1380706234676368,inf,0.4323638256859349,0.00012501949041632265,0.05232661899241142,0.2456034460256897,0.48944401973555196,1.2613489380851741,0.5522824938705472,-0.25,0.44785066728125045,-0.003724431260881511,0.05379556063939295,0.24415914432875932,0.49435900927006265,1.2614089333927492,0.5522824938705472,-0.25,0.44033501117464036,0.0219766075745792,0.053290716362135004,0.2431978037944445,0.43584258729823655,1.0723554921081977,0.09803014266202212,0.15,0.44723840888076627,-0.0019051915597729785,0.03973175964513753,0.23770589792980615,0.4778529203423738,1.2615056836633447,0.2761412469352736,100.0,0.47150627498126907,-0.038424089386399185,0.07108702420537194,0.23581577945042312,0.5412559808551243,1.2616404375502244
09490500,control,0.576976747674413,0.36674417217452393,0.8211465957341099,0.995405032968167,1.6074564095763642,0.012499999999999975,0.0,0.7725136469962197,,,,,,,,,0.576976747674413,0.36674417217452393,0.8211465957341099,0.995405032968167,1.6074564095763642,0.012499999999999975,inf,0.7725136469962197,0.5767609483322956,0.3667242633796125,0.8210706948053307,0.9955906232248964,1.6074561874992324,0.03549999999999993,-0.75,0.7725258936188973,0.576976747674413,0.36674417217452393,0.8211465957341099,0.995405032968167,1.6074564095763642,0.012499999999999975,0.0,0.7725136469962197,0.576976747674413,0.36674417217452393,0.8211465957341099,0.995405032968167,1.6074564095763642,0.012499999999999975,0.0,0.7725136469962197,0.5783000730143855,0.3670334684975104,0.8221353992708311,0.9972569589251884,1.6074564095763642,0.012499999999999975,0.5,0.7767375818338772,0.5766228613712687,0.367030210258504,0.8221088416814016,1.0018345114459493,1.607455451111615
09492400,control,0.5894272118595327,0.7197934044703456,0.7707922220642979,0.8390107817518169,1.0078741551887198,0.0830874910764661,0.0,0.7746372999323365,,,,,,,,,0.5894272118595327,0.7197934044703456,0.7707922220642979,0.8390107817518169,1.0078741551887198,0.0830874910764661,32.0,0.7746372999323365,0.5894860337969507,0.7180363107850096,0.7706055198741432,0.8362334749396234,1.0078879524063358,0.3323499643058644,-0.25,0.7762031507004712,0.5895696236299672,0.7187242998471685,0.7707347911860901,0.837238422104885,1.0078836720550959,0.3323499643058644,-0.25,0.7753481019583452,0.5922740326908134,0.6909228851491287,0.7707922220642983,0.797060242664226,0.9574804474292837,0.0830874910764661,0.05,0.7769943646921035,0.589463448335817,0.7168313491723632,0.770448615007495,0.8343846784652289,1.007887441442013,0.3323499643058644,10.0,0.7778532637053063,0.5865915115229001,0.720277193003994,0.7693504044170753,0.8419377092850162,1.0078692480638294
09505350,control,0.569678070695988,0.5726305359507995,0.779679686747405,0.9605537685667951,1.3640708903437588,0.07049999999999985,0.0,0.7044242753322527,,,,,,,,,0.569678070695988,0.5726305359507995,0.779679686747405,0.9605537685667951,1.3640708903437588,0.07049999999999985,inf,0.7044242753322527,0.569678070695988,0.5726305359507995,0.779679686747405,0.9605537685667951,1.3640708903437588,0.07049999999999985,0.0,0.7044242753322527,0.5690278546539214,0.5722912222862621,0.7791783306121542,0.9596890130802157,1.3640708903437593,0.02499999999999995,0.25,0.7048612839546485,0.569678070695988,0.5726305359507995,0.779679686747405,0.9605537685667951,1.3640708903437588,0.07049999999999985,0.0,0.7044242753322527,0.5690875356476857,0.5744264343315507,0.7814754043734187,0.97150004024039,1.3640708903437593,0.0999999999999998,0.5,0.7072015926106621,0.5672275084087443,0.5745793292931407,0.7812905143801937,0.9754054267159075,1.3640659485993811
09505800,control,0.5450423083040776,0.39720192817358,0.7836548107854135,0.5321361466124029,0.6874880975152089,0.07049999999999985,0.0,0.4114840724186757,,,,,,,,,0.5450423083040776,0.39720192817358,0.7836548107854135,0.5321361466124029,0.6874880975152089,0.07049999999999985,inf,0.4114840724186757,0.5458768593581547,0.397101884292696,0.7847375702315235,0.5315078295353153,0.6874887034571739,0.1999999999999996,-0.25,0.4123511362065678,0.5457093021939357,0.3985183381849715,0.7834352108305298,0.5339345947410603,0.6874893288020847,0.1999999999999996,-0.5,0.41204520462836314,0.5450423083040776,0.39720192817358,0.7836548107854135,0.5321361466124029,0.6874880975152089,0.07049999999999985,0.0,0.4114840724186757,0.5462092354105628,0.40059010782482685,0.7824518425499057,0.5370730847824268,0.6874880975152091,0.0499999999999999,0.5,0.41340490716997513,0.5471098821130511,0.4019464426793825,0.7825002153307435,0.5388082674091693,0.687487461239489
09512280,control,0.5064837147963583,0.5352165928101963,0.7164462863026604,0.6339566958660204,0.9595870497725175,0.2957670210385463,0.0,0.7921303728768693,,,,,,,,,0.5064837147963583,0.5352165928101963,0.7164462863026604,0.6339566958660204,0.9595870497725175,0.2957670210385463,inf,0.7921303728768693,0.507500122663914,0.5388955245603689,0.7166766027483427,0.6384576781346121,0.9595977805013001,1.1830680841541852,-0.25,0.8033831941388114,0.5072619338379827,0.5511416678519969,0.7146484246648684,0.6558827010140427,0.9596073604346657,1.1830680841541852,-0.5,0.8052284623277798,0.5064837147963583,0.5352165928101963,0.7164462863026604,0.6339566958660204,0.9595870497725175,0.2957670210385463,0.0,0.7921303728768693,0.5064837147963583,0.5352165928101963,0.7164462863026604,0.6339566958660204,0.9595870497725175,0.2957670210385463,50.0,0.7921303728768693,0.5020105414605356,0.5589825086534905,0.7096075079819066,0.6705531981247685,0.959584248277779
10032000,control,0.8295802579902001,0.8918676052802982,0.9179605689378237,1.0173489437416718,0.9317273064112735,0.1071071505329564,0.0,0.8686362123058983,,,,,,,,,0.8295802579902001,0.8918676052802982,0.9179605689378237,1.0173489437416718,0.9317273064112735,0.1071071505329564,12.0,0.8698165274030709,0.8306160767536279,0.8925550813076736,0.9170347912850118,1.001563429656468,0.9317450340019985,0.4284286021318256,-0.5,0.8701532034281412,0.8422057803277969,0.8794695190884074,0.9197112847853826,0.9414713296087841,0.9317672089080167,0.0267767876332391,0.5,0.8786694091941116,0.8318639235256952,0.8572357289819983,0.91877435056568,0.9757213045810595,0.8851323548512083,0.0267767876332391,0.05,0.8694358943893494,0.8295802579902001,0.8918676052802982,0.9179605689378237,1.0173489437416718,0.9317273064112735,0.1071071505329564,10.0,0.8686362123058983,0.8294826804474554,0.8900622781832688,0.9192042115384536,1.0299258930096227,0.9317154177525655
10329500,control,0.7413501257299363,0.8424056813882483,0.8632629141096935,0.9244210639435975,0.9793417564756473,0.03549999999999993,0.0,0.8332566566483273,,,,,,,,,0.7566328118893751,0.8442998932003292,0.8710439472565088,0.9152291518696707,0.9793417564756473,0.03549999999999993,32.0,0.8335229397006759,0.7413501257299363,0.8424056813882483,0.8632629141096935,0.9244210639435975,0.9793417564756473,0.03549999999999993,0.0,0.8332566566483273,0.7411796062929359,0.8415014714589333,0.8630705900817418,0.9228938574197264,0.9793417564756473,0.012499999999999975,0.25,0.833570966204582,0.7413501257299363,0.8424056813882483,0.8632629141096935,0.9244210639435975,0.9793417564756473,0.03549999999999993,0.0,0.8332566566483273,0.7413501257299363,0.8424056813882483,0.8632629141096935,0.9244210639435975,0.9793417564756473,0.03549999999999993,10.0,0.8332566566483273,0.7260765869653296,0.8394609939169257,0.8556645567002875,0.9328191218205255,0.9793412999283244
10336610,control,0.5414400286868911,0.57065450754989,0.7446088651013605,0.6972149455647118,0.8343674823199506,4.831264020091606,0.0,0.6773943057140075,,,,,,,,,0.5414400286868911,0.57065450754989,0.7446088651013605,0.6972149455647118,0.8343674823199506,4.831264020091606,12.0,0.6816638773919039,0.5320693375927686,0.6056530496725041,0.7369733617113506,0.7568463864758885,0.8350672106179744,19.325056080366423,-0.75,0.6928435115049006,0.5421123364971355,0.571423997683713,0.745037824484726,0.6979100343230094,0.8344302821914489,6.8120822683291635,-0.25,0.6774287952634406,0.5414400286868911,0.57065450754989,0.7446088651013605,0.6972149455647118,0.8343674823199506,4.831264020091606,0.0,0.6773943057140075,0.5414400286868911,0.57065450754989,0.7446088651013605,0.6972149455647118,0.8343674823199506,4.831264020091606,50.0,0.6773943057140075,0.5649779346106842,0.5805334928049973,0.7614905639343712,0.6974082694828713,0.8341577732039265
10336780,control,0.7007481938125439,0.6951577968879878,0.8571225684769705,0.8105190683027227,0.8086579374975303,2.255341494966317,0.0,0.7768073216845036,,,,,,,,,0.7007481938125439,0.6951577968879878,0.8571225684769705,0.8105190683027227,0.8086579374975303,2.255341494966317,12.0,0.7798386670380608,0.7150220510709449,0.7026143216439844,0.8656758476242846,0.8170408323574894,0.8078510818261709,2.255341494966317,-0.75,0.7780446599703876,0.7007481938125439,0.6951577968879878,0.8571225684769705,0.8105190683027227,0.8086579374975303,2.255341494966317,0.0,0.7768073216845036,0.7007481938125439,0.6951577968879878,0.8571225684769705,0.8105190683027227,0.8086579374975303,2.255341494966317,0.0,0.7768073216845036,0.7007481938125439,0.6951577968879878,0.8571225684769705,0.8105190683027227,0.8086579374975303,2.255341494966317,50.0,0.7768073216845036,0.6998824449719029,0.6995910052040344,0.8564186992751242,0.8198716381595681,0.8071691220339501
12010000,control,0.8409912565798122,0.7905236092179044,0.9244691834903616,0.8144216375172748,0.9388761467943093,0.012499999999999975,0.0,0.8461738606752464,,,,,,,,,0.8410041338615162,0.79049438029188,0.924482268226537,0.8143833212064071,0.9388761467943093,0.012499999999999975,16.0,0.8461738606752464,0.8405756344043779,0.7884854806447763,0.9245312915203739,0.8121001340267847,0.9388730312731257,0.0499999999999999,0.5,0.8464055961802768,0.8394204744464044,0.784283176356434,0.9244838264927251,0.8074049699794188,0.9388590975446065,0.07049999999999985,0.5,0.846528611795057,0.8409912565798122,0.7905236092179044,0.9244691834903616,0.8144216375172748,0.9388761467943093,0.012499999999999975,0.0,0.8461738606752464,0.8415210034277062,0.790859825969547,0.924759004609314,0.8146832992539632,0.9388761467943093,0.012499999999999975,0.5,0.8466197622831588,0.8419083881994973,0.7943024398738209,0.9244654530389206,0.8186997001375799,0.9388753754445551
12020000,control,0.7021746176740702,0.7091489514270867,0.8422987766601946,0.7640832535406157,1.0637804464793919,0.03549999999999993,0.0,0.8014810392036557,,,,,,,,,0.7021746176740702,0.7091489514270867,0.8422987766601946,0.7640832535406157,1.0637804464793919,0.03549999999999993,16.0,0.8014810392036557,0.7111841030356358,0.7201662776705455,0.8471377140334373,0.7744524815168795,1.063783623195468,0.1999999999999996,-0.75,0.8045767968550683,0.7089385608639529,0.714322722491654,0.8463370733795883,0.7677695696834276,1.0637827492509544,0.1999999999999996,-0.75,0.8037921701194455,0.7021746176740702,0.7091489514270867,0.8422987766601946,0.7640832535406157,1.0637804464793919,0.03549999999999993,0.0,0.8014810392036557,0.7042829870915641,0.7044402184794795,0.8444678680633382,0.7569005693833615,1.0637809314886575,0.1999999999999996,2.0,0.8050504409694144,0.6981808003032153,0.7131225155005962,0.8390137003893342,0.7712768160131326,1.063779366234545
12025000,control,0.9047033651957971,0.858477946614492,0.9546738010435885,0.8921758684564357,0.9203257636403679,0.0830874910764661,0.0,0.9208507833671444,,,,,,,,,0.8951251601951916,0.8495667948454568,0.949976746968809,0.8826124392034838,0.9203257636403679,0.0830874910764661,16.0,0.9208507833671444,0.9049000844566251,0.8604882119340089,0.9546002918772648,0.8948592648167696,0.9203267214376722,0.1661749821529322,-0.25,0.9218350968593473,0.9048194029523843,0.8639865864442591,0.9542465670123534,0.8997065827811143,0.9203287850005507,0.3323499643058644,-0.75,0.9220229912542333,0.9047033651957971,0.858477946614492,0.9546738010435885,0.8921758684564357,0.9203257636403679,0.0830874910764661,0.0,0.9208507833671444,0.9026752823914437,0.8558496349860403,0.9537527600257362,0.8891278833582849,0.9203263263065736,0.1661749821529322,2.0,0.9236109371171237,0.9018471536001793,0.8673951799281776,0.9522829490213953,0.9053477767012151,0.9203251735064166
12039500,control,0.7390644200050813,0.6119281690770417,0.9160343910583167,0.7435811971249499,0.7210754223753747,0.0644544378132592,0.0,0.8253111399201228,,,,,,,,,0.7390644200050813,0.6119281690770417,0.9160343910583167,0.7435811971249499,0.7210754223753747,0.0644544378132592,12.0,0.8253111399201228,0.7391040558755789,0.6118662924375414,0.9160867489385318,0.7434704281385878,0.7210754223753747,0.1289088756265184,-0.25,0.8253669548658016,0.7420166601912235,0.6150639823301336,0.9169943445383227,0.7480329433934841,0.721076352300559,0.2578177512530368,-0.75,0.825713830158058,0.7390644200050813,0.6119281690770417,0.9160343910583167,0.7435811971249499,0.7210754223753747,0.0644544378132592,0.0,0.8253111399201228,0.7390644200050813,0.6119281690770417,0.9160343910583167,0.7435811971249499,0.7210754223753747,0.0644544378132592,5.0,0.8253111399201228,0.7412864927399125,0.6173827509580381,0.9156155163644009,0.7520479047109822,0.7210824913567133
12041200,control,0.7261644343472593,0.6150908357274469,0.8948732889620772,0.6820746071986652,0.8101925081050243,0.012499999999999975,0.0,0.7603032426332342,,,,,,,,,0.7261644343472593,0.6150908357274469,0.8948732889620772,0.6820746071986652,0.8101925081050243,0.012499999999999975,12.0,0.7603032426332342,0.7262576288966482,0.6151586965159741,0.8949208808729358,0.6821410318847317,0.8101925081050244,0.012499999999999975,-0.75,0.7603512647190888,0.7262575667747024,0.6151450776391776,0.8949265651387133,0.682122664267576,0.8101925081050242,0.02499999999999995,-0.75,0.7603764573047403,0.7261644343472593,0.6150908357274469,0.8948732889620772,0.6820746071986652,0.8101925081050243,0.012499999999999975,0.0,0.7603032426332342,0.7261682677925759,0.6150937536212322,0.8948751934174278,0.6820775101335103,0.8101925081050243,0.012499999999999975,0.5,0.7603032426332342,0.7325107207229132,0.6199539223831851,0.8980012439059706,0.6869393717632042,0.8101992678750171
12048000,control,0.3734586347448443,0.3176233131548313,0.8497695006663957,0.4610438192091689,0.6093659320961285,0.3812699412948386,0.0,0.4670220604702069,,,,,,,,,0.3734586347448443,0.3176233131548313,0.8497695006663957,0.4610438192091689,0.6093659320961285,0.3812699412948386,12.0,0.4670220604702069,0.3910431760434604,0.32766761747762285,0.8604110569033665,0.4708967641117438,0.6093652277050119,0.7625398825896772,-0.5,0.4765545203851975,0.3711964260717925,0.31609156475146527,0.8487039197723059,0.4594104062890918,0.6093554875807038,1.5250797651793544,-0.75,0.468736675369925,0.322988155829217,0.28184276495786853,0.8497695006663953,0.4379916282487105,0.5788976354913221,0.3812699412948386,0.05,0.4704067956533079,0.3734586347448443,0.3176233131548313,0.8497695006663957,0.4610438192091689,0.6093659320961285,0.3812699412948386,10.0,0.4670220604702069,0.39078648508977754,0.32835106284421833,0.8591456586275208,0.4720997679571135,0.6093675713562904
12092000,control,0.7260435984349296,0.8322574953456515,0.8559310796638038,0.9227906063003385,1.037688242004736,0.3812699412948386,0.0,0.654782956540996,,,,,,,,,0.7105360082508763,0.8179357464232576,0.8465318509299357,0.9095869696002986,1.037688242004736,0.3812699412948386,12.0,0.654782956540996,0.7286624458515216,0.8438586376699637,0.8590847102263074,0.9442942251487082,1.0376811993770514,0.3812699412948386,-0.25,0.6549337116105134,0.7284764045985206,0.8418449472757437,0.858605863738755,0.9399939325854457,1.0376827653787344,0.3812699412948386,-0.25,0.6552425339404987,0.7120789011013074,0.7279213344790861,0.8579229350729705,0.8001962893937578,0.8820195563606452,0.1906349706474193,0.15,0.7222131629112551,0.7227352227166711,0.8350803254779701,0.8548165245823192,0.9314445193679718,1.037688242004736,0.3812699412948386,2.0,0.6549089165109154,0.7174548888041343,0.8452614105205208,0.8549334890833604,0.9615001858263553,1.0376497382881487
12093500,control,0.7175256097023104,0.648917666454253,0.8801866627445858,0.7061345336691711,0.8498445577349525,0.0830874910764661,0.0,0.6973725580922701,,,,,,,,,0.6973048896380076,0.6365147829251854,0.8681799284961386,0.6963582457256084,0.8498445577349525,0.0830874910764661,12.0,0.6973725580922701,0.719534619104407,0.6568162611795267,0.8792559513918913,0.7160088105091348,0.8498502160904485,0.1661749821529322,-0.5,0.6988084032591737,0.7193153120495095,0.655978288015441,0.879342282317616,0.7149581482852918,0.8498540834670643,0.3323499643058644,-0.75,0.7009515807390769,0.7175256097023104,0.648917666454253,0.8801866627445858,0.7061345336691711,0.8498445577349525,0.0830874910764661,0.0,0.6973725580922701,0.7186558088802363,0.6507385970651987,0.8804821179372725,0.708191249950565,0.8498445577349525,0.0830874910764661,2.0,0.6973725580922701,0.7218299923519094,0.6596434212164151,0.8801748410594687,0.7190551710779834,0.8498183263240087
12121600,control,0.6807009493047217,0.5341185831527451,0.9415239835777626,1.275836012903749,1.3708645899143712,0.6335752569011934,0.0,0.724655541836732,,,,,,,,,0.6807009493047217,0.5341185831527451,0.9415239835777626,1.275836012903749,1.3708645899143712,0.6335752569011934,24.0,0.724655541836732,0.698774988450497,0.5392858877021314,0.946624916395541,1.2680353230110286,1.3708984488225904,0.15839381422529836,0.75,0.7344861771435762,0.703461531059612,0.5610304640090811,0.9383797371377863,1.2266597491175484,1.37084033607854,0.8933411122306827,0.5,0.7416208664465728,0.8931828335921514,0.8869380508693644,0.9464125476202118,0.9089977858917416,0.9596269109918864,0.15839381422529836,0.3,0.907153890501268,0.6803474589863767,0.5338078896832874,0.9415470402736923,1.2765645396869423,1.370716051188149,2.5343010276047737,2.0,0.7275974426904432,0.6729865404328996,0.5128957059379347,0.9481580306729053,1.3114694800464095,1.3709039855671692
12167000,control,0.7394779667319986,0.8598678464534403,0.8673814058634771,0.9760577517584175,1.0384200168660458,0.012499999999999975,0.0,0.7784404571540928,,,,,,,,,0.7332713492986845,0.8549845215895306,0.8634892389987392,0.9696981285481123,1.0384200168660458,0.012499999999999975,12.0,0.7785772422047635,0.7392122188750687,0.8597790561679858,0.8672614713358479,0.9762029798293793,1.0384200198882825,0.02499999999999995,-0.75,0.7784907354650664,0.7393699837962879,0.8598330748739605,0.8673331863817422,0.9761214393178897,1.0384200182641545,0.03549999999999993,-0.75,0.7784991747362964,0.7394779667319986,0.8598678464534403,0.8673814058634771,0.9760577517584175,1.0384200168660458,0.012499999999999975,0.0,0.7784404571540928,0.738557994019635,0.8596408182246307,0.8669998523047187,0.9768577674867511,1.0384200168660456,0.012499999999999975,0.5,0.7784445087282398,0.7357442417014346,0.8600160312165053,0.8663703959365623,0.9838063797889356,1.0384240432371077
12186000,control,0.7267097359507392,0.7701444130707199,0.8539054542726259,0.8292031276156977,0.9518502031670292,0.1071071505329564,0.0,0.8012833132861692,,,,,,,,,0.7265085609296481,0.7699942539452663,0.853787144999512,0.8291022489447432,0.9518502031670292,0.1071071505329564,16.0,0.8012833132861692,0.7267097359507392,0.7701444130707199,0.8539054542726259,0.8292031276156977,0.9518502031670292,0.1071071505329564,0.0,0.8012833132861692,0.7263901967056894,0.7643011869270839,0.8539845723524585,0.8213522392028642,0.9518502031670294,0.0535535752664782,0.25,0.8013724532701483,0.7267097359507392,0.7701444130707199,0.8539054542726259,0.8292031276156977,0.9518502031670292,0.1071071505329564,0.0,0.8012833132861692,0.7264670905133972,0.7710068055059422,0.8537211263145255,0.8305244226950503,0.9518502031670292,0.1071071505329564,5.0,0.8012833132861692,0.7148193036165795,0.7802876376248201,0.8465622936918396,0.8502932730138241,0.951851392974878
12189500,control,0.8072386804576872,0.8789391203568796,0.902415590860858,0.9571059165290227,1.0573856887744275,0.0499999999999999,0.0,0.828211387321665,,,,,,,,,0.8053114292329575,0.8771469561787164,0.9012712642997249,0.9546966905506451,1.0573856887744275,0.0499999999999999,12.0,0.828211387321665,0.8074503433913813,0.876756643681545,0.9022294299148881,0.9516603348609611,1.0573856887744275,0.0499999999999999,0.25,0.8282844167627668,0.8076721812123124,0.877145263099403,0.9023817648543785,0.9523465712686527,1.0573856887744275,0.02499999999999995,0.25,0.8284134041508382,0.8072386804576872,0.8789391203568796,0.902415590860858,0.9571059165290227,1.0573856887744275,0.0499999999999999,0.0,0.828211387321665,0.8061600805306899,0.8788705710910816,0.9019087625338809,0.958079475145811,1.0573856887744275,0.0499999999999999,2.0,0.828211387321665,0.7983312938120564,0.8798604592511745,0.8986710989186274,0.9704614899842728,1.0573884960861573
12205000,control,0.6427208391341418,0.6707397948116467,0.8198495119574548,0.7576614095715936,0.8687365550966971,0.1380706234676368,0.0,0.6855522724320962,,,,,,,,,0.6281386785804616,0.660974169266703,0.8107020434801816,0.7512537325024943,0.8687365550966971,0.1380706234676368,6.0,0.6855522724320962,0.6427208391341418,0.6707397948116467,0.8198495119574548,0.7576614095715936,0.8687365550966971,0.1380706234676368,0.0,0.6855522724320962,0.6427208391341418,0.6707397948116467,0.8198495119574548,0.7576614095715936,0.8687365550966971,0.1380706234676368,0.0,0.6855522724320962,0.6168548807622155,0.6238370527945838,0.819849511957455,0.7197783390930138,0.8252997273418622,0.1380706234676368,0.05,0.6907326959886257,0.6427208391341418,0.6707397948116467,0.8198495119574548,0.7576614095715936,0.8687365550966971,0.1380706234676368,5.0,0.6855522724320962,0.6390309584947255,0.6820883231418967,0.81620431786003,0.7762633586729405,0.8687411075883964
12334510,control,0.8730563400767533,0.8503927803785007,0.9372630906290542,0.8672608904565948,0.9712471016577267,0.4914907944250637,0.0,0.8501846144882342,,,,,,,,,0.8639507698355722,0.8430391058081178,0.9324864835581107,0.8612487180596703,0.9712471016577267,0.4914907944250637,8.0,0.8501846152611998,0.8699769889905351,0.8315508364581617,0.9374409928471076,0.8462509134149905,0.9713170835467423,0.9829815888501274,-0.25,0.8574806594776521,0.8702993979520395,0.8284346256593099,0.9380344418187256,0.8426187640387534,0.9712581517773362,0.24574539721253186,0.25,0.8612503129906178,0.8591536643773179,0.768017376009047,0.9406229252936446,0.8144235480850694,0.8740965396515679,0.12287269860626593,0.1,0.8627620244947405,0.8730563400767533,0.8503927803785007,0.9372630906290542,0.8672608904565948,0.9712471016577267,0.4914907944250637,50.0,0.8501846144882342,0.8850336564222665,0.8945193560562535,0.941341280682384,0.917196479248413,0.9712094139353494
12358500,control,0.8675526990493541,0.7393840730791343,0.9500382099757076,0.8237362971360905,1.1853526043925307,0.1380706234676368,0.0,0.8710294554611547,,,,,,,,,0.8703164524040855,0.7377701546581696,0.9521832493115487,0.8207725964409884,1.1853526043925307,0.1380706234676368,8.0,0.8710294554611547,0.8727141922413872,0.7472879660036535,0.9514705284924362,0.8352213052556503,1.1853543748610094,0.5522824938705472,-0.75,0.8793600198957714,0.8695758876484831,0.7417320884566434,0.9507667797705465,0.8270167592740951,1.1853515648349613,0.5522824938705472,-0.75,0.8731832610386951,0.865696883626997,0.743722164767181,0.950038209975708,0.782549482279286,1.1260849741729042,0.1380706234676368,0.05,0.8712786232088696,0.8690184390111453,0.7433029847883559,0.9500525526486177,0.8295795313824551,1.185352296985563,0.5522824938705472,2.0,0.8737211527332168,0.8651822604733737,0.737812434769753,0.9489048271332124,0.8217430253168723,1.185353860623125
12370000,control,0.8801498866189785,0.8289246011825687,0.9506631818791712,0.9349419836363556,1.1503333794108388,0.2957670210385463,0.0,0.8826522288522993,,,,,,,,,0.8801498866189785,0.8289246011825687,0.9506631818791712,0.9349419836363556,1.1503333794108388,0.2957670210385463,6.0,0.8826522288522993,0.8801498866189785,0.8289246011825687,0.9506631818791712,0.9349419836363556,1.1503333794108388,0.2957670210385463,0.0,0.8826522288522993,0.8801498866189785,0.8289246011825687,0.9506631818791712,0.9349419836363556,1.1503333794108388,0.2957670210385463,0.0,0.8826522288522993,0.8934680714618762,0.8525689681512203,0.9515446230709949,0.8962154288963905,1.0928264423507859,0.20999458493736786,0.05,0.8947418822420148,0.8801498866189785,0.8289246011825687,0.9506631818791712,0.9349419836363556,1.1503333794108388,0.2957670210385463,10.0,0.8826522288522993,0.877546627826372,0.8372565244004078,0.9492810480566592,0.9639067849116428,1.1503672390801591
12381400,control,-0.8486915750975232,-0.8098044509685647,0.7814647572024126,0.8725037258787759,2.7920321421465166,17.19787838771242,0.0,-1.969978534499936,,,,,,,,,-0.8508143751478743,-0.8101627694052724,0.7799849913050445,0.8699867345087775,2.7920321421465166,17.19787838771242,3.0,-1.969978534499936,-0.8582246885324665,-0.8134782494993904,0.7731197251428856,0.8409410729010768,2.7921855261100266,17.19787838771242,-0.25,-1.9667472405327624,-0.7700367920917048,-0.8003749773805326,0.8345425594476601,0.9572629390356615,2.7922464780726877,12.210493655275819,0.25,-1.9680162094746003,0.4552163262698181,0.20999966590602137,0.8428313029310858,0.6209900837993637,1.6750925950948095,24.249008526674512,0.4,0.17487509551895963,-0.8486915750975232,-0.8098044509685647,0.7814647572024126,0.8725037258787759,2.7920321421465166,17.19787838771242,inf,-1.969978534499936,-1.9356917017923663,-1.2027213093084375,-0.19088447380607687,0.5303682762774241,2.7925460609430552
12414900,control,0.5478253819004212,0.4284905836347428,0.8187597971160909,0.5233263340872958,1.2579868564057093,0.02499999999999995,0.0,0.5876551603282729,,,,,,,,,0.5477424038489156,0.42845483027978204,0.8186896578934477,0.52331013982085,1.2579868564057093,0.02499999999999995,6.0,0.5876551603282729,0.5484128293111612,0.4284182868487023,0.8195368252586751,0.5229475982825235,1.2579916730959388,0.1999999999999996,-0.75,0.5881703197876545,0.5471609755139231,0.4283156885049779,0.8180874522931945,0.5235145173550587,1.258248643413618,0.012499999999999975,0.75,0.5881808048462336,0.5467778684701985,0.4310050991294585,0.8187597971160914,0.49716001738293103,1.1950875135854235,0.02499999999999995,0.05,0.5897430504775387,0.5478253819004212,0.4284905836347428,0.8187597971160909,0.5233263340872958,1.2579868564057093,0.02499999999999995,0.5,0.5876551603282729,0.5504757034911623,0.4295116272741327,0.821099030821724,0.5236643765693285,1.257984108993936
12424000,control,0.7664067464722973,0.8372069535239486,0.8756766415785562,0.8953611724330873,1.0097976679464529,0.03549999999999993,0.0,0.8022663398629251,,,,,,,,,0.7664067464722973,0.8372069535239486,0.8756766415785562,0.8953611724330873,1.0097976679464529,0.03549999999999993,inf,0.8022663398629251,0.7665258165769306,0.8373716400692477,0.8757469688903138,0.8955347185021096,1.0098067668162443,0.1999999999999996,-0.75,0.8025638844728437,0.7666154228732381,0.8375414977800869,0.8758013942727332,0.8957337906961281,1.0097994324499746,0.1999999999999996,-0.75,0.8024199424882962,0.7659109612741737,0.8014197339547673,0.8756738256091444,0.8505970052528385,0.959307622525716,0.02499999999999995,0.05,0.8046406850728545,0.7694489024728585,0.839723164004379,0.8774144910525851,0.8972116897692819,1.0097990016218044,0.1999999999999996,0.5,0.8038363105342585,0.769036277122378,0.8409842154478542,0.8772360879071479,0.8994064613032102,1.0097970197943245
12451000,control,0.732208992301161,0.5715796765503619,0.9217129338255636,0.5956010707922571,0.8822009555636258,0.3812699412948386,0.0,0.7877504844594205,,,,,,,,,0.7292863756131107,0.5693224612574947,0.9204313814679618,0.5934592733168271,0.8822009555636258,0.3812699412948386,8.0,0.7877504844594205,0.7474946194699169,0.6056019255987735,0.9155328303879117,0.6332041516044006,0.8822038033344428,1.5250797651793544,-0.75,0.8152069507488443,0.7370036610406325,0.5770138897407836,0.9227061913798759,0.6011699928799511,0.8821970202336148,1.5250797651793544,-0.75,0.790929241241829,0.732208992301161,0.5715796765503619,0.9217129338255636,0.5956010707922571,0.8822009555636258,0.3812699412948386,0.0,0.7877504844594205,0.732208992301161,0.5715796765503619,0.9217129338255636,0.5956010707922571,0.8822009555636258,0.3812699412948386,10.0,0.7877504844594205,0.7257654130390173,0.5766447797624885,0.9124669289655989,0.6028964054023223,0.8822021259307216
12452800,control,0.894103005578875,0.9306557307885802,0.945750352423876,0.9599670078982325,1.0162161325140127,0.2294388339057876,0.0,0.8731253768498259,,,,,,,,,0.894103005578875,0.9306557307885802,0.945750352423876,0.9599670078982325,1.0162161325140127,0.2294388339057876,12.0,0.8731253768498259,0.8943658845834263,0.9319606111236868,0.9459196547716597,0.9620294472474944,1.0162145558778184,0.4588776678115752,-0.25,0.8732518057190597,0.8956128744475677,0.932685436631353,0.9465736231548993,0.9623941958609131,1.0162072882916768,0.9177553356231504,-0.75,0.8733265096040885,0.892671686190997,0.8909617819258072,0.9457503524238756,0.9119686575033209,0.965405325888312,0.2294388339057876,0.05,0.880422881808888,0.8939511411474016,0.9305961508469169,0.9456713123281195,0.9599709478078339,1.0162161325140127,0.2294388339057876,2.0,0.873186384505957,0.8907998183200587,0.9287234162650952,0.9440139658208702,0.9589771638193042,1.0162185781591355
12465000,control,0.4739920153130007,0.2767024179776246,0.7728980757490053,0.48559283232549455,0.5450611315725996,0.0499999999999999,0.0,0.42935232898054554,,,,,,,,,0.4682009071256965,0.27157998934143546,0.7705951369983859,0.4794236398442296,0.5450611315725996,0.0499999999999999,32.0,0.42935232898054554,0.4739920153130007,0.2767024179776246,0.7728980757490053,0.48559283232549455,0.5450611315725996,0.0499999999999999,0.0,0.42935232898054554,0.47394176550669154,0.27661957373490886,0.7729193063414558,0.4854709276600945,0.5450566701356577,0.012499999999999975,0.5,0.4293716119999347,0.4739920153130007,0.2767024179776246,0.7728980757490053,0.48559283232549455,0.5450611315725996,0.0499999999999999,0.0,0.42935232898054554,0.4735971116696779,0.27735738657847797,0.7716164816505191,0.48708178530586127,0.5450623995381595,0.03549999999999993,0.5,0.43060102071105255,0.4734223192069096,0.27765729073908263,0.7710429242050674,0.48775768391850377,0.5450654369238359
12488500,control,0.8342227594351621,0.8033514540775899,0.9187827744905289,0.8258476844593904,0.9582222082227188,0.0830874910764661,0.0,0.8148462564340853,,,,,,,,,0.8305026590124029,0.8014386986640158,0.9166592052185362,0.8246845174331499,0.9582222082227188,0.0830874910764661,8.0,0.8148462564340853,0.8405232929326093,0.8145607796014437,0.9213476791447313,0.8373462250236213,0.9582236146604594,0.3323499643058644,-0.75,0.8175104146307023,0.8363418285178505,0.8057604233958783,0.9198139076022359,0.8280879308223246,0.9582214866662798,0.3323499643058644,-0.5,0.8159182252314265,0.8201436898536765,0.7529033477534781,0.9187827744905289,0.7845553002364208,0.9103110978115826,0.0830874910764661,0.05,0.822112689791977,0.8342227594351621,0.8033514540775899,0.9187827744905289,0.8258476844593904,0.9582222082227188,0.0830874910764661,5.0,0.8148462564340853,0.8315341942877962,0.8038348680618448,0.9170027485390484,0.8272373431743456,0.9582234558061273
13011500,control,0.8509805951271575,0.7474525139175039,0.9411922641591225,0.7545184475402038,0.992209599895612,0.3812699412948386,0.0,0.8807445162943848,,,,,,,,,0.8509903190542999,0.7474523220260059,0.9411991658491498,0.7545165968554413,0.992209599895612,0.3812699412948386,12.0,0.8808668874895325,0.8550604226260944,0.759790340663708,0.9408434306098701,0.7673188680544161,0.9922108040870741,1.5250797651793544,-0.5,0.8819898854748236,0.8490207505695753,0.7448122310306498,0.9405282794029767,0.7519612499084112,0.9922095998956119,0.09531748532370965,0.5,0.881159097229907,0.8346641050499937,0.7051107247892354,0.941192264159122,0.7167925251631935,0.9425991199008313,0.3812699412948386,0.05,0.8818974630662311,0.8509805951271575,0.7474525139175039,0.9411922641591225,0.7545184475402038,0.992209599895612,0.3812699412948386,10.0,0.8807445162943848,0.8475253194346994,0.7439238446323628,0.9397135013523148,0.7512434112920349,0.9922093002208265
13023000,control,0.898768780799077,0.9378727688239727,0.9496089085291094,0.9937821292502613,0.964196804090816,0.07049999999999985,0.0,0.9231471163826639,,,,,,,,,0.898768780799077,0.9378727688239727,0.9496089085291094,0.9937821292502613,0.964196804090816,0.07049999999999985,12.0,0.9231471163826639,0.9007964985506204,0.9389369635516878,0.950716743694652,0.9957589823252132,0.9641968040908158,0.1999999999999996,-0.75,0.9252948794265682,0.8988824206686113,0.9380537895943865,0.9497131927612975,0.9948320187747661,0.9641968999748659,0.1999999999999996,-0.75,0.9233506033928734,0.898768780799077,0.9378727688239727,0.9496089085291094,0.9937821292502613,0.964196804090816,0.07049999999999985,0.0,0.9231471163826639,0.898719523532298,0.9380303421312546,0.9496480524971006,0.9951988499582701,0.9641968040908158,0.1999999999999996,0.5,0.9233596623791059,0.8986147261145746,0.9377301604266755,0.9495063681295599,0.9932163271562049,0.96419625936067
13049500,control,0.8813694673498029,0.935594532744279,0.9407397514408217,0.995416797024278,0.9751951334691054,1.7495626146803187,0.0,0.8761121867356013,,,,,,,,,0.8776292200466496,0.9326371643230026,0.9384780304812181,0.9882732147047567,0.9751951334691054,1.7495626146803187,6.0,0.8768987682640309,0.8786298162107413,0.9348472806351705,0.9399565511648079,1.005219153448127,0.9752528480448194,1.7495626146803187,-0.75,0.8779089018968597,0.8818424679822211,0.9355206963160135,0.9408611816223584,0.9932597340872621,0.97520585593545,2.4668832866992494,-0.25,0.8761148471865134,0.8813694673498029,0.935594532744279,0.9407397514408217,0.995416797024278,0.9751951334691054,1.7495626146803187,0.0,0.8761121867356013,0.8813694673498029,0.935594532744279,0.9407397514408217,0.995416797024278,0.9751951334691054,1.7495626146803187,20.0,0.8761121867356013,0.8740411297287836,0.9326651303454366,0.9378481673787971,1.007781332642088,0.9752899770227508
13055000,control,0.4608781955293203,0.39996731624707793,0.9042365161461051,0.777275985296092,0.45112607093607343,13.341112707816194,0.0,0.3409728128830608,,,,,,,,,0.45246417125327976,0.39415305021540403,0.9011754991031181,0.7633110594478301,0.45112607093607343,13.341112707816194,12.0,0.3409728128830608,0.4941698148824364,0.4286873727153666,0.9149834973578825,0.8661642856045637,0.45112996627103386,26.682225415632388,-0.75,0.3951475673029262,0.4791621164728561,0.3985003427746644,0.9177106835800588,0.7681537638301635,0.4511123714099439,26.682225415632388,-0.75,0.35631194553505263,0.4608781955293203,0.39996731624707793,0.9042365161461051,0.777275985296092,0.45112607093607343,13.341112707816194,0.0,0.3409728128830608,0.5080432957077748,0.3866492854911684,0.9458060632830781,0.7317075754991265,0.4511090352656006,53.364450831264776,50.0,0.378226655432507,0.426447392579845,0.34706401144132126,0.9121085938410102,0.6574504316215636,0.45112815787085464
13075000,control,0.41012726711114655,0.7164888793393702,0.7219018251719612,1.055020465780104,1.0035649741794537,2.907335362699394,0.0,0.506177872622803,,,,,,,,,0.41012726711114655,0.7164888793393702,0.7219018251719612,1.055020465780104,1.0035649741794537,2.907335362699394,8.0,0.506177872622803,0.41012726711114655,0.7164888793393702,0.7219018251719612,1.055020465780104,1.0035649741794537,2.907335362699394,0.0,0.506177872622803,0.40769820249211575,0.7166745565896285,0.7252813834362635,1.0692105457102126,1.003590119703421,1.453667681349697,0.25,0.5066620076129689,0.41012726711114655,0.7164888793393702,0.7219018251719612,1.055020465780104,1.0035649741794537,2.907335362699394,0.0,0.506177872622803,0.41012726711114655,0.7164888793393702,0.7219018251719612,1.055020465780104,1.0035649741794537,2.907335362699394,50.0,0.506177872622803,0.35952589470064633,0.6960833631877741,0.7084009840464175,1.0855794860710846,1.00338933473794
13078000,control,0.538249966726302,0.3764514227955187,0.8514750199411896,0.43674683916890567,1.222483786479025,6.227928126848629,0.0,0.7027727188356769,,,,,,,,,0.538249966726302,0.3764514227955187,0.8514750199411896,0.43674683916890567,1.222483786479025,6.227928126848629,16.0,0.7027727188356769,0.5336623374304599,0.40748311981002494,0.8074039161250217,0.4857262046998473,1.2224982365180905,8.781378658856566,-0.75,0.7300953057914561,0.5417214157560386,0.37878867343249834,0.8534864124516849,0.43881074208172605,1.222494713907127,8.781378658856566,-0.25,0.7029319654646673,0.538249966726302,0.3764514227955187,0.8514750199411896,0.43674683916890567,1.222483786479025,6.227928126848629,0.0,0.7027727188356769,0.5456399742376017,0.37310273527459525,0.8675743790984737,0.4290739040992961,1.2225017493608077,8.781378658856566,20.0,0.708817550900589,0.5180655602802928,0.34238510471169725,0.8727095562852488,0.394375016612985,1.2224249827277165
13186000,control,0.7629817902432328,0.7139154788083049,0.885926572252884,0.7407960590784757,1.0405576547430435,8.028352123148267,0.0,0.7666317451463525,,,,,,,,,0.7629817902432328,0.7139154788083049,0.885926572252884,0.7407960590784757,1.0405576547430435,8.028352123148267,8.0,0.7666317451463525,0.8486549297145811,0.8186725295753503,0.9256758976692919,0.8396517102687995,1.0405463355140214,11.319976493639055,-0.75,0.8087339002022806,0.7629817902432328,0.7139154788083049,0.885926572252884,0.7407960590784757,1.0405576547430435,8.028352123148267,0.0,0.7666317451463525,0.7629817902432328,0.7139154788083049,0.885926572252884,0.7407960590784757,1.0405576547430435,8.028352123148267,0.0,0.7666317451463525,0.7629817902432328,0.7139154788083049,0.885926572252884,0.7407960590784757,1.0405576547430435,8.028352123148267,100.0,0.7666317451463525,0.6922248368490609,0.553574637642938,0.8939270879204272,0.5682571904580022,1.0405251512936777
13292000,control,0.8314500703899047,0.8121954228698497,0.9161029336714311,0.842771619360563,0.9407456518557954,2.907335362699394,0.0,0.90752293362024,,,,,,,,,0.8314500703899047,0.8121954228698497,0.9161029336714311,0.842771619360563,0.9407456518557954,2.907335362699394,8.0,0.90752293362024,0.8395055950535049,0.8192783775412231,0.9203320564629691,0.8489899764302414,0.9407606855359203,2.907335362699394,-0.25,0.9082580250195003,0.8285720986526421,0.8135261706476558,0.9141756212320582,0.8454223739403367,0.9407343053345113,1.453667681349697,0.5,0.9124742429194341,0.8231816875715873,0.7639515248642872,0.9185364975371453,0.8056013964025444,0.8937372911142438,2.0642081075165697,0.05,0.9084585859606253,0.8314500703899047,0.8121954228698497,0.9161029336714311,0.842771619360563,0.9407456518557954,2.907335362699394,20.0,0.90752293362024,0.8551916458762809,0.8343012896552557,0.9283875869270384,0.8627662578426087,0.9408846473641777
13297355,control,0.735980974219548,0.5529833990276446,0.9098977048193857,0.6505945109248265,0.7361416627199318,0.012499999999999975,0.0,0.8077971612270234,,,,,,,,,0.735980974219548,0.5529833990276446,0.9098977048193857,0.6505945109248265,0.7361416627199318,0.012499999999999975,16.0,0.8077971612270234,0.735895863464963,0.5527821222262075,0.9099396299784391,0.650324609809388,0.7361438243149924,0.0999999999999998,1.0,0.8079024399221464,0.7359898772686833,0.5529562511603983,0.9099210963671405,0.6505523060310803,0.7361435737438424,0.1999999999999996,-0.75,0.8078395759050128,0.735980974219548,0.5529833990276446,0.9098977048193857,0.6505945109248265,0.7361416627199318,0.012499999999999975,0.0,0.8077971612270234,0.735980974219548,0.5529833990276446,0.9098977048193857,0.6505945109248265,0.7361416627199318,0.012499999999999975,1.0,0.8077971612270234,0.73654076505255,0.5531827167401959,0.9102636940609333,0.6507556341423606,0.7361412254012052
13313000,control,0.8272070289437558,0.7767810889005958,0.9170973556818639,0.8110790894388649,1.0852216133983386,0.6335752569011934,0.0,0.7897797426505313,,,,,,,,,0.8272070289437558,0.7767810889005958,0.9170973556818639,0.8110790894388649,1.0852216133983386,0.6335752569011934,16.0,0.7897797426505313,0.8303582947950994,0.8062978417929876,0.9151304821581255,0.8481619771481602,1.0852226839039136,2.5343010276047737,-0.5,0.7989540735201994,0.8272070289437558,0.7767810889005958,0.9170973556818639,0.8110790894388649,1.0852216133983386,0.6335752569011934,0.0,0.7897797426505313,0.8083480970625644,0.719202190154836,0.918182851383972,0.7323987042250665,0.9766995556746174,0.8933411122306827,0.1,0.7995440427955931,0.8270109341860221,0.7767841177517836,0.9169686235666984,0.8111392120496551,1.0852216133983386,0.6335752569011934,10.0,0.7897797426505313,0.8128615964099332,0.7689325149311877,0.9089492777747509,0.8054768075552964,1.0852213367614418
13339500,control,0.8694050089671859,0.8552536351634838,0.9381286289794959,0.9682630048230667,1.1269496227586686,0.012499999999999975,0.0,0.9065627317304165,,,,,,,,,0.8698044791624803,0.8547576540937823,0.9382625701369408,0.9658295144945677,1.1269496227586686,0.012499999999999975,12.0,0.9065627317304165,0.8694839527256519,0.8552962453398438,0.938172858561354,0.9683731138727371,1.126950073919496,0.03549999999999993,-0.75,0.9066214955819644,0.8694570172163887,0.8552764181503363,0.938157043754031,0.9683124894040309,1.1269498545819798,0.0499999999999999,-0.75,0.9065904181096308,0.8694050089671859,0.8552536351634838,0.9381286289794959,0.9682630048230667,1.1269496227586686,0.012499999999999975,0.0,0.9065627317304165,0.8693036257289307,0.8552610232397666,0.9380802819283981,0.9683912482219807,1.1269496227586686,0.012499999999999975,0.5,0.9065627317304165,0.8701004961675989,0.8556249184775476,0.9385173821889468,0.9692122008955405,1.1269494517436691
13340000,control,0.9435793990037891,0.9112634655282253,0.9730966588476709,0.9328044498363717,1.051333622735096,0.012499999999999975,0.0,0.9651384657717036,,,,,,,,,0.9435789638907075,0.9112613388355248,0.9730965449625896,0.9328016870062618,1.051333622735096,0.012499999999999975,8.0,0.9651384657717036,0.9422689362686366,0.911956861592148,0.9723429455995217,0.9340370384379971,1.0513377956730021,0.1999999999999996,-0.75,0.9652847468971726,0.9437410923935183,0.9114061194362665,0.9731765705646482,0.932960927168732,1.0513336343988202,0.02499999999999995,-0.75,0.965147282657065,0.9435793990037891,0.9112634655282253,0.9730966588476709,0.9328044498363717,1.051333622735096,0.012499999999999975,0.0,0.9651384657717036,0.9436806595296013,0.9113114612069299,0.9731491033958417,0.9328468508430652,1.051333622735096,0.012499999999999975,0.5,0.9651384657717036,0.9441922265800711,0.9117659186527336,0.9734016965313501,0.9333467080084753,1.0513334396906946
13340600,control,0.9057346141732018,0.8539439142618446,0.9574144654379727,0.9138365898452976,1.1099759936428415,0.03549999999999993,0.0,0.9129707612492716,,,,,,,,,0.9057346141732018,0.8539439142618446,0.9574144654379727,0.9138365898452976,1.1099759936428415,0.03549999999999993,8.0,0.9129707612492716,0.9056142385574287,0.8534098490639479,0.957391531655637,0.9129468258609389,1.1099769778140691,0.012499999999999975,1.0,0.9130740600845548,0.9060417318684509,0.8444954360747651,0.9584800668185088,0.8981984535599334,1.109973677271395,0.012499999999999975,0.5,0.9137190906688017,0.9066850858759344,0.8527080915872378,0.9573571921356478,0.8699666999866208,1.054477868065371,0.012499999999999975,0.05,0.9191998277711501,0.9057291214391064,0.8539518267472802,0.9574107326869844,0.9138518482933813,1.1099759936428417,0.03549999999999993,1.0,0.9129707612492716,0.9061414383639966,0.855638101038922,0.9575049919653227,0.9166958381921662,1.1099770375545523
13345000,control,0.8607831330538267,0.8736338754335093,0.9283054743172344,0.9069437924795071,1.0465707490489478,0.012499999999999975,0.0,0.8815712380718659,,,,,,,,,0.8042000127677302,0.8442833065152485,0.8970671643690149,0.8928380416761219,1.0465707490489478,0.012499999999999975,24.0,0.8815712380718659,0.8607901198004151,0.8736278193954032,0.9283095947089307,0.9069324000937111,1.046570759792449,0.012499999999999975,0.5,0.8815731422393231,0.860933529886708,0.8733933392207717,0.9283978722989148,0.9065465560040824,1.046570759792449,0.012499999999999975,0.5,0.8815840382312845,0.8483986062534775,0.7943828693856778,0.928305474317235,0.8162494132315564,0.9419136741440529,0.012499999999999975,0.1,0.8888399590760153,0.8625333652831797,0.875099696600183,0.9292399936819233,0.9082161635784818,1.0465707490489478,0.012499999999999975,0.5,0.8820505659837428,0.863853741994783,0.8770214230800328,0.929919192285827,0.9103140217106038,1.0465707641086481
14020000,control,0.7822285830206596,0.728927562806132,0.8967480863933691,0.7606756095035879,0.9255477021421556,0.4914907944250637,0.0,0.8212050639170784,,,,,,,,,0.783093915465011,0.7278770887453997,0.8975978610126192,0.7591234006712668,0.9255477021421556,0.4914907944250637,16.0,0.8212050639170784,0.7864946427282757,0.7395561421367612,0.8975280645520833,0.772432923631271,0.9255437625364134,1.9659631777002549,-0.5,0.8240865893853959,0.786618999656748,0.7413183064114469,0.8972659510143209,0.7745699430982633,0.9255471745188275,0.9829815888501274,-0.75,0.8240418190409637,0.7822285830206596,0.728927562806132,0.8967480863933691,0.7606756095035879,0.9255477021421556,0.4914907944250637,0.0,0.8212050639170784,0.7836967539504357,0.736103117076263,0.8962664524488526,0.7690508811724778,0.9255458500679148,0.9829815888501274,2.0,0.8240525562491261,0.7745060324960407,0.7427528934199672,0.8886107033662223,0.7803968484752193,0.9255489806677223
14096850,control,0.5153562119133257,0.5655479330696036,0.8847842823059673,1.3903353612261578,1.1520271115057692,0.0499999999999999,0.0,0.8429058180795407,,,,,,,,,0.5153562119133257,0.5655479330696036,0.8847842823059673,1.3903353612261578,1.1520271115057692,0.0499999999999999,inf,0.8429058180795407,0.4782438913713206,0.5432834005947488,0.8801962970672751,1.4136719979693286,1.1520282968133495,0.1999999999999996,-0.75,0.8450905369250017,0.4836655167153532,0.5487933390935419,0.8797808740168764,1.4074584987532712,1.1520275777217404,0.1999999999999996,-0.75,0.8454077146006924,0.6375863421238213,0.7159064018350119,0.8820372439629295,1.2558083849241999,1.0368243249624578,0.03549999999999993,0.1,0.8545158983274495,0.4820887813646927,0.5525252698336596,0.8774012188741511,1.4026048592773843,1.1520279589093168,0.1999999999999996,2.0,0.8446656103658143,0.46533784754033647,0.5464957793726393,0.8735184223173532,1.4081131390329908,1.1520268212598592
14137000,control,0.8706979591873192,0.9189922487093611,0.9334710661689404,0.9559621627719248,1.0140294556110365,0.0499999999999999,0.0,0.884981012968111,,,,,,,,,0.8637851135183885,0.9140778699714196,0.9297675852978882,0.9525321716420815,1.0140294556110365,0.0499999999999999,16.0,0.884981012968111,0.8713375496916975,0.9203337552728935,0.933851807065183,0.9578774503326627,1.0140291813695648,0.07049999999999985,-0.25,0.8850960362381193,0.8713988794540993,0.9203044360662207,0.9338812819849044,0.9577758636643164,1.014029267602729,0.07049999999999985,-0.25,0.8852457904354315,0.8706979591873192,0.9189922487093611,0.9334710661689404,0.9559621627719248,1.0140294556110365,0.0499999999999999,0.0,0.884981012968111,0.8711394948685046,0.9200525298260599,0.933739553175184,0.9575226466332148,1.0140294556110365,0.0499999999999999,0.5,0.8856307112690469,0.8677905599682223,0.9223400233188818,0.9322108663128473,0.964801603470458,1.014027765816633
14154500,control,0.8723068118536033,0.8108969325851471,0.9410196268945915,0.8346004370965275,1.070173145044194,0.012499999999999975,0.0,0.8604276069574283,,,,,,,,,0.8649117655959194,0.8080063962117368,0.9368073360886598,0.8328355275843592,1.070173145044194,0.012499999999999975,16.0,0.8604276069574283,0.872305727661419,0.8109243822539415,0.9410147453005612,0.8346337395206557,1.0701735623235247,0.02499999999999995,-0.75,0.8604553615111769,0.8723194536934151,0.810920818589544,0.9410239125086475,0.834626235702367,1.0701731859693673,0.03549999999999993,-0.75,0.8604761286470809,0.8723068118536033,0.8108969325851471,0.9410196268945915,0.8346004370965275,1.070173145044194,0.012499999999999975,0.0,0.8604276069574283,0.8729870996488631,0.8113726023574458,0.9413738400432492,0.8350181882002314,1.070173145044194,0.012499999999999975,0.5,0.8606884594438593,0.8756922159750238,0.8148002228710609,0.9425493810418549,0.8385251272723921,1.0701729955719261
14185000,control,0.8987189967897342,0.8562286613155912,0.9520409586672299,0.864635317865066,0.9931786356161748,0.012499999999999975,0.0,0.9018781513078346,,,,,,,,,0.8944892652468108,0.8548959448774831,0.9496494971410399,0.864082809539075,0.9931786356161748,0.012499999999999975,16.0,0.9018781513078346,0.8987029601806873,0.8562290335925,0.9520313000252523,0.8646390974879824,0.9931793933106212,0.02499999999999995,-0.75,0.9018947801209458,0.8988402297433237,0.8565190639041784,0.9520813704952329,0.8649293186831649,0.9931812744648221,0.0999999999999998,-0.75,0.9019455151718657,0.8987189967897342,0.8562286613155912,0.9520409586672299,0.864635317865066,0.9931786356161748,0.012499999999999975,0.0,0.9018781513078346,0.8997993709904667,0.8570894143924459,0.9525928758860193,0.8653542832100525,0.9931786356161748,0.012499999999999975,0.5,0.9021027245871571,0.9011408402354891,0.8613620992246905,0.9529318604535207,0.8697751445183398,0.9931776260877593
14185900,control,0.8891019940308379,0.8918001564895118,0.9436952855730897,0.9147594853724944,0.9643483529828394,0.1380706234676368,0.0,0.8572354558336099,,,,,,,,,0.8593153743665494,0.8667058520713394,0.9279617706579419,0.8936666399935915,0.9643483529828394,0.1380706234676368,12.0,0.8573321068771613,0.8891019940308379,0.8918001564895118,0.9436952855730897,0.9147594853724944,0.9643483529828394,0.1380706234676368,0.0,0.8572354558336099,0.8891019940308379,0.8918001564895118,0.9436952855730897,0.9147594853724944,0.9643483529828394,0.1380706234676368,0.0,0.8572354558336099,0.8891019940308379,0.8918001564895118,0.9436952855730897,0.9147594853724944,0.9643483529828394,0.1380706234676368,0.0,0.8572354558336099,0.8891019940308379,0.8918001564895118,0.9436952855730897,0.9147594853724944,0.9643483529828394,0.1380706234676368,5.0,0.8572354558336099,0.8825067546796458,0.9019825910413665,0.9397872109241822,0.9313805451793837,0.9643180310128983
14190500,control,0.8961602520400556,0.921974473895772,0.9494823441953861,1.0138992164615088,1.0578166148922976,0.0499999999999999,0.0,0.9442514802332371,,,,,,,,,0.8562181748897217,0.9081500989415137,0.9286379969001725,0.9989474410089271,1.0578166148922976,0.0499999999999999,12.0,0.9442514802332371,0.9000994115077123,0.9224096664585678,0.9517256532380671,1.0186231536328725,1.057818902208065,0.1999999999999996,-0.5,0.9461013072085146,0.8988173053622055,0.9222802602909433,0.951004618779474,1.017227318436345,1.0578189420431714,0.1999999999999996,-0.75,0.945979838687583,0.8961602520400556,0.921974473895772,0.9494823441953861,1.0138992164615088,1.0578166148922976,0.0499999999999999,0.0,0.9442514802332371,0.8972326577139955,0.9222506295464961,0.9500403928423403,1.0143611037516016,1.0578166148922976,0.0499999999999999,1.0,0.9442606595437829,0.8943368759018636,0.9206950258858975,0.9488701664748138,1.0182301669687008,1.0578159152415536
14222500,control,0.8816133939083968,0.926365296493467,0.9394362940757434,0.964785089514473,1.022671946645833,0.0499999999999999,0.0,0.9218168536357509,,,,,,,,,0.8560352207229837,0.9114126360157174,0.9259003170474494,0.9570705127062558,1.022671946645833,0.0499999999999999,12.0,0.9218168536357509,0.883063994320916,0.9326076292173032,0.94059700287984,0.9776651504008108,1.022675318437375,0.0999999999999998,-0.5,0.923536570796754,0.8833807323719458,0.93200763534959,0.9406869009428596,0.9757038521336266,1.0226851301483482,0.1999999999999996,-0.75,0.9243355881191011,0.8816133939083968,0.926365296493467,0.9394362940757434,0.964785089514473,1.022671946645833,0.0499999999999999,0.0,0.9218168536357509,0.876319762018213,0.9272353322768364,0.9369171669634343,0.9716938897014853,1.022671946645833,0.0499999999999999,1.0,0.9219237402382887,0.8691000166970413,0.9267199110775004,0.9335212727877211,0.9791007672784228,1.0226665465471523
14236200,control,0.829906999429561,0.7980022074076337,0.9166977293320294,0.8430389149971993,0.9039424250332523,0.0499999999999999,0.0,0.8536314928666554,,,,,,,,,0.7742775283170823,0.7569667082388012,0.8862355086244439,0.8079172998475587,0.9039424250332525,0.03549999999999993,12.0,0.8541947446530226,0.8346587163123667,0.810267582554715,0.9182959387525076,0.8582387133360269,0.9039449417850743,0.1999999999999996,-0.75,0.8554449923881706,0.8334035300397423,0.8049594356111643,0.9180740558588385,0.8513312787729835,0.9039449493133312,0.1999999999999996,-0.75,0.85478968447688,0.829906999429561,0.7980022074076337,0.9166977293320294,0.8430389149971993,0.9039424250332523,0.0499999999999999,0.0,0.8536314928666554,0.829906999429561,0.7980022074076337,0.9166977293320294,0.8430389149971993,0.9039424250332523,0.0499999999999999,5.0,0.8536314928666554,0.8252798996027414,0.8067491929337467,0.9129322960453669,0.8566905993981415,0.9039400965076341
14301500,control,0.8898338753136719,0.7610402310358517,0.959044463016015,0.8085594358638396,0.8629783755132746,0.012499999999999975,0.0,0.866372498795697,,,,,,,,,0.8448172308567419,0.7376210713378091,0.9350759267087184,0.7858677013241435,0.8629783755132746,0.012499999999999975,12.0,0.8663784779538743,0.8839733795626192,0.7542324751052523,0.9569253676134597,0.8005731493433528,0.8629774340671355,0.02499999999999995,1.0,0.867472980867427,0.8763164299390682,0.7455446384363773,0.9541236516945553,0.7905923681759458,0.8629185080746753,0.012499999999999975,0.75,0.8675479404002996,0.8898338753136719,0.7610402310358517,0.959044463016015,0.8085594358638396,0.8629783755132746,0.012499999999999975,0.0,0.866372498795697,0.8905574930259281,0.7617665720544828,0.9593347637007614,0.8094046716983393,0.8629783755132746,0.012499999999999975,0.5,0.8664479623668144,0.8921180700867243,0.765328869172202,0.9594879599673719,0.813843183571015,0.862978271966022
14305500,control,0.8409633967338799,0.7826623288127252,0.9246935158607036,0.8340593833155361,0.8815588395106427,0.012499999999999975,0.0,0.8396527639214143,,,,,,,,,0.8117293377145289,0.7685399192253727,0.9081615292788718,0.8236164526104098,0.8815588395106427,0.012499999999999975,12.0,0.8396527639214143,0.8316766019625823,0.7718821577033377,0.9204624808376495,0.8220023892805394,0.8815585224773559,0.0499999999999999,1.0,0.8412716296309602,0.8323028514488355,0.7686771139684831,0.9213987535333609,0.8175232444079185,0.881533315550622,0.02499999999999995,0.75,0.8413083331365211,0.8409633967338799,0.7826623288127252,0.9246935158607036,0.8340593833155361,0.8815588395106427,0.012499999999999975,0.0,0.8396527639214143,0.8423585871512214,0.7834325517347667,0.9254574696874289,0.8347227713063645,0.8815588395106427,0.012499999999999975,0.5,0.8397245480197186,0.84641509660393,0.786662899916541,0.92752536863424,0.8380378597577445,0.881558405918508
14308000,control,0.8905834829291548,0.8800138595951918,0.9450887035756427,0.9217464154811683,0.9274893116555031,0.03549999999999993,0.0,0.9035714651688537,,,,,,,,,0.890614755518707,0.8799633251089173,0.9451079774655505,0.9216554452639354,0.9274893116555031,0.03549999999999993,24.0,0.9035714651688537,0.8908704679836402,0.8806090316639335,0.9452238598457009,0.9225662966348165,0.9274893154550793,0.1999999999999996,-0.75,0.903911376274469,0.8912412428332881,0.8806626639620875,0.9454263010607128,0.9225059251265271,0.9274894523795726,0.1999999999999996,-0.75,0.9046421398272395,0.8905834829291548,0.8800138595951918,0.9450887035756427,0.9217464154811683,0.9274893116555031,0.03549999999999993,0.0,0.9035714651688537,0.8908771153006891,0.8793852564180757,0.9452764614858357,0.9206561232524368,0.927489311653456,0.1999999999999996,1.0,0.9048801307321003,0.8896062444253412,0.8836136889039775,0.9444278848378678,0.9278910926997901,0.9274891807044179
14309500,control,0.7755637301678593,0.8119413933590724,0.8924787943290093,1.0141436222707008,1.153639798918924,0.0644544378132592,0.0,0.8255323294130965,,,,,,,,,0.7790441286685682,0.8129243148677695,0.8939399489907479,1.0119745453258524,1.153639798918924,0.0644544378132592,24.0,0.8255323294130965,0.7679123868405043,0.8084226405113791,0.8917340861011243,1.0370779828020562,1.153641139502426,0.2578177512530368,-0.75,0.8314683014084807,0.7738517532273221,0.8110567075348191,0.8930886221019745,1.0257651738909372,1.1536414034624074,0.2578177512530368,-0.75,0.8315229637800059,0.7833580063549728,0.8503489514707517,0.8898331741052349,0.9675838667438346,1.0959578089729776,0.04576265084741403,0.05,0.8257898993820598,0.7714298868835142,0.8107555075564625,0.890638217217908,1.0157549238206114,1.1536400363262824,0.1289088756265184,2.0,0.8280803397735516,0.7482829528613579,0.8035129409881387,0.8812078167382406,1.0298414483652167,1.1536394139356867
14377100,control,0.9265180720234409,0.9177542933051512,0.9631633170226264,0.9456458252347765,1.049528161106093,0.012499999999999975,0.0,0.9358682371187109,,,,,,,,,0.9265180720234409,0.9177542933051512,0.9631633170226264,0.9456458252347765,1.049528161106093,0.012499999999999975,24.0,0.9358682371187109,0.9271033025068738,0.9156136804542033,0.9635438816037769,0.9422162339803404,1.049528161106093,0.02499999999999995,0.75,0.9360763647946988,0.9270182349345135,0.9195638166433355,0.9633822001164092,0.9482665957889121,1.0495254602543422,0.1999999999999996,-0.75,0.9361069239228602,0.9265180720234409,0.9177542933051512,0.9631633170226264,0.9456458252347765,1.049528161106093,0.012499999999999975,0.0,0.9358682371187109,0.9264727677802473,0.9177937020629021,0.9631379440614376,0.9457226980225242,1.049528161106093,0.012499999999999975,1.0,0.9358682371187109,0.9261871253002381,0.9208222625050673,0.962910876198594,0.9505992485774201,1.049528544995234
14400000,control,0.7459480848196091,0.5208131546772967,0.9317800200895889,0.6305665779442038,0.7025356933353324,0.03549999999999993,0.0,0.738529410883543,,,,,,,,,0.7459480848196091,0.5208131546772967,0.9317800200895889,0.6305665779442038,0.7025356933353324,0.03549999999999993,24.0,0.738529410883543,0.7445662061756602,0.5196340075200017,0.9313801981476714,0.6291106459166639,0.7025375711914416,0.012499999999999975,1.0,0.738618184680262,0.7457339083302051,0.520147938274766,0.932046480542131,0.6296556372191869,0.7025350889739761,0.012499999999999975,0.5,0.7385843967633431,0.7459480848196091,0.5208131546772967,0.9317800200895889,0.6305665779442038,0.7025356933353324,0.03549999999999993,0.0,0.738529410883543,0.7459488473050497,0.5216211498279482,0.9312297089814041,0.6317294107676374,0.7025210184372676,0.1999999999999996,0.5,0.7388053363661927,0.7451312821220877,0.5239904125514222,0.9289392314968226,0.6352370381022703,0.702538277840159
11028500,control,0.5198647795862732,0.14620982821792572,0.8901448840504482,1.4032230648944901,1.7445137143588882,0.07049999999999985,0.0,0.889438972389952,,,,,,,,,0.5198647795862732,0.14620982821792572,0.8901448840504482,1.4032230648944901,1.7445137143588882,0.07049999999999985,inf,0.889438972389952,0.5126197736498301,0.13994730628095609,0.892630283172671,1.4169632667594703,1.744515959570427,0.1999999999999996,-0.5,0.8908009094118132,0.5154178492147964,0.14437751963369205,0.889960991668464,1.4070381556776068,1.7445140598915359,0.1999999999999996,-0.25,0.8904181820787046,0.5198647795862732,0.14620982821792572,0.8901448840504482,1.4032230648944901,1.7445137143588882,0.07049999999999985,0.0,0.889438972389952,0.5198647795862732,0.14620982821792572,0.8901448840504482,1.4032230648944901,1.7445137143588882,0.07049999999999985,20.0,0.889438972389952,0.5105665862584502,0.13809123107430055,0.8933944693682481,1.4209768606968576,1.7445135791559183
11132500,control,0.7190061648791076,0.7618061600741746,0.8488979607043902,0.8812728188862413,0.8592579111846834,0.0830874910764661,0.0,0.5444347292316087,,,,,,,,,0.7190061648791076,0.7618061600741746,0.8488979607043902,0.8812728188862413,0.8592579111846834,0.0830874910764661,inf,0.5444347292316087,0.7379389408128356,0.7687926080002457,0.8596548273289953,0.881881724316366,0.8592585222018791,0.3323499643058644,-0.25,0.5501811833632883,0.7316092387692148,0.7673526126072148,0.8561095584750485,0.8833288556576548,0.8592584220058234,0.3323499643058644,-0.25,0.5480263520713377,0.7190061648791076,0.7618061600741746,0.8488979607043902,0.8812728188862413,0.8592579111846834,0.0830874910764661,0.0,0.5444347292316087,0.7190061648791076,0.7618061600741746,0.8488979607043902,0.8812728188862413,0.8592579111846834,0.0830874910764661,100.0,0.5444347292316087,0.6227122353830339,0.7501064742692392,0.8018280833830355,0.9419801006112398,0.8592578352396573
11136800,control,0.4980824382031047,0.3106464972958397,0.725259647632844,0.8758646508192195,1.619932581459816,0.0999999999999998,0.0,0.5576576136349418,,,,,,,,,0.4980824382031047,0.3106464972958397,0.725259647632844,0.8758646508192195,1.619932581459816,0.0999999999999998,inf,0.5576576136349418,0.4994495997913522,0.3101055317924126,0.7254416789166154,0.8723407586452395,1.6198993657715983,0.02499999999999995,0.75,0.5580252689105134,0.5033304771776965,0.30810332056257417,0.725966046331654,0.8618190117140566,1.6201067825219708,0.012499999999999975,0.75,0.5583126182983218,0.4980824382031047,0.3106464972958397,0.725259647632844,0.8758646508192195,1.619932581459816,0.0999999999999998,0.0,0.5576576136349418,0.49773633189683075,0.31166616670341696,0.7258375207904475,0.8803254601052986,1.619932581459816,0.0999999999999998,0.5,0.5647051835422741,0.49768146392032786,0.3118454004388941,0.725920784271677,0.8809784693384938,1.6198961297200085
11143000,control,0.797896252452594,0.7260419278903456,0.9019086382281147,0.8109745034802436,0.8276617521116243,0.0499999999999999,0.0,0.841281919214999,,,,,,,,,0.797896252452594,0.7260419278903456,0.9019086382281147,0.8109745034802436,0.8276617521116243,0.0499999999999999,inf,0.841281919214999,0.799851019821207,0.7302594376178676,0.9024734040533243,0.8168386984320988,0.8276617521116242,0.0999999999999998,-0.25,0.8420643285250113,0.8039010898639374,0.7354450443146023,0.9042584164499831,0.8235845377304699,0.8276617905707913,0.1999999999999996,-0.5,0.8414252855051298,0.797896252452594,0.7260419278903456,0.9019086382281147,0.8109745034802436,0.8276617521116243,0.0499999999999999,0.0,0.841281919214999,0.8014344485660154,0.7296005174349721,0.903610593856233,0.8152718460292219,0.8276617521116243,0.0499999999999999,10.0,0.8419828039490762,0.8079991730474096,0.74166041803214,0.9059391612644145,0.8320969778057877,0.8276617472360337
11151300,control,0.6589481038456662,0.39760871264940734,0.8238111535452319,0.7214413084081537,1.5042200003961377,0.0999999999999998,0.0,0.8363923468656002,,,,,,,,,0.6589481038456662,0.39760871264940734,0.8238111535452319,0.7214413084081537,1.5042200003961377,0.0999999999999998,inf,0.8363923468656002,0.6594950513489461,0.3975283194446435,0.8242615356560811,0.720937645859075,1.5041947248063605,0.012499999999999975,1.0,0.8395783695328073,0.6417826549531389,0.3926386310404524,0.8112763652487366,0.7277881059481514,1.5090892917037173,0.1999999999999996,0.75,0.844745429993584,0.643689034515903,0.4716258507078931,0.8238267041130392,0.6493162491010301,1.3537839995137038,0.0499999999999999,0.1,0.8491242752559834,0.6629269792931483,0.3998191039067307,0.826089186667622,0.7248012931681739,1.5042200003961377,0.0999999999999998,2.0,0.8421586106573389,0.665716818082176,0.40302877416971394,0.8271465612328327,0.7311329525967483,1.5041892938136798
11160500,control,0.8267095031158118,0.8825421686059178,0.9161767160267825,1.0245143379814565,1.0785432775804327,1.3572088082974532,0.0,0.7980771701876453,,,,,,,,,0.8267095031158118,0.8825421686059178,0.9161767160267825,1.0245143379814565,1.0785432775804327,1.3572088082974532,inf,0.7980771701876453,0.8267095031158118,0.8825421686059178,0.9161767160267825,1.0245143379814565,1.0785432775804327,1.3572088082974532,0.0,0.7980771701876453,0.8254362196987887,0.882865465090203,0.9147787581405769,1.0170078982551745,1.0785402482897386,0.9636182538911917,0.25,0.7997199880051384,0.8428145667567227,0.8364503270774064,0.9192716320406058,0.8846675298251929,0.9167542947469526,0.6786044041487266,0.15,0.8248061600801636,0.8333920363414751,0.8839258351262279,0.9200193083055757,1.0300635721366052,1.0785651470921567,2.7144176165949063,5.0,0.7994439596007915,0.8263173231435169,0.8729961879097994,0.9202089645159068,1.059974409554035,1.0785266142174998
11200800,control,0.6369938418200956,0.550406428960875,0.8387754929278964,0.5809682924976595,0.9764741515191718,2.907335362699394,0.0,0.8169458440477412,,,,,,,,,0.6369938418200956,0.550406428960875,0.8387754929278964,0.5809682924976595,0.9764741515191718,2.907335362699394,32.0,0.8169458440477412,0.6369938418200956,0.550406428960875,0.8387754929278964,0.5809682924976595,0.9764741515191718,2.907335362699394,0.0,0.8169458440477412,0.6369938418200956,0.550406428960875,0.8387754929278964,0.5809682924976595,0.9764741515191718,2.907335362699394,0.0,0.8169458440477412,0.6137238384675416,0.49394448548010395,0.8436662572516959,0.5342001655906731,0.8788288032635336,2.0642081075165697,0.1,0.8328012949072864,0.6369938418200956,0.550406428960875,0.8387754929278964,0.5809682924976595,0.9764741515191718,2.907335362699394,100.0,0.8169458440477412,0.665726305029875,0.5990465267099769,0.8427813348130127,0.6319065243235858,0.9764803863847132
11224500,control,-0.17880382997046484,-0.864121726861478,0.7713096549628834,1.577200328336124,2.757694603625014,0.1999999999999996,0.0,0.8458524731978303,,,,,,,,,-0.17880382997046484,-0.864121726861478,0.7713096549628834,1.577200328336124,2.757694603625014,0.1999999999999996,inf,0.8458524731978303,-0.17954562349744152,-0.8642005012809084,0.7712975284583249,1.577642244696896,2.7576313964049035,0.012499999999999975,1.0,0.8477389514207138,-0.17651081439836913,-0.8705640624654736,0.765981233932655,1.5644300361587757,2.7679547118626813,0.1999999999999996,0.75,0.8525388018306692,0.08646380577056578,-0.5570372900035792,0.7713096549628828,1.4194802955025119,2.481925143262513,0.1999999999999996,0.1,0.8577050622533653,-0.18072891939061608,-0.8647326128363515,0.7718069027216912,1.5793662987415857,2.757694603625014,0.1999999999999996,2.0,0.8501377725228509,-0.19821217260600732,-0.8688925326335519,0.7735297896053787,1.5934731591343174,2.757629128037084
11253310,control,0.23464769179303102,-0.3394042336112786,0.7234020879354329,1.2022465247850045,2.2948334407443016,0.012499999999999975,0.0,0.8276906930717389,,,,,,,,,0.23464769179303102,-0.3394042336112786,0.7234020879354329,1.2022465247850045,2.2948334407443016,0.012499999999999975,inf,0.8276906930717389,0.2375253310031129,-0.3390574239485391,0.7240187358395068,1.2007858549066337,2.2948336445016735,0.012499999999999975,1.0,0.8292356463055817,0.24028691693073967,-0.3452911369229099,0.7203850986759622,1.187930646000058,2.302423058124696,0.1999999999999996,0.75,0.8318435534758164,0.3545112770996207,-0.1037231631934008,0.7234020879354329,1.0820218723065038,2.0653500966698712,0.012499999999999975,0.1,0.8342233942991765,0.2349427860743073,-0.3394550432276924,0.7239627060968539,1.20334597594494,2.2948334407443016,0.012499999999999975,2.0,0.8321098124052383,0.23016641175720576,-0.3406729555408279,0.726411372414797,1.2144036949755703,2.294829831350609
11264500,control,0.7638939612583244,0.7968360391441309,0.8748119572117456,0.8435291811644263,0.9665271485167994,1.0528435700809526,0.0,0.7978183452477396,,,,,,,,,0.7638939612583244,0.7968360391441309,0.8748119572117456,0.8435291811644263,0.9665271485167994,1.0528435700809526,16.0,0.7978183452477396,0.7977831387525096,0.8518784445818506,0.8934714559624825,0.9026789173490365,0.9665295450227681,4.211374280323811,-0.75,0.828142111602049,0.7611069609563801,0.8078941212605681,0.8727497656280803,0.8600300951592006,0.9665265442865792,0.26321089252023816,0.5,0.8024825581957218,0.7638939612583244,0.7968360391441309,0.8748119572117456,0.8435291811644263,0.9665271485167994,1.0528435700809526,0.0,0.7978183452477396,0.7638939612583244,0.7968360391441309,0.8748119572117456,0.8435291811644263,0.9665271485167994,1.0528435700809526,100.0,0.7978183452477396,0.7565738933803615,0.7914421166523413,0.8705971425677621,0.8399037638558047,0.9665263332261084
11274500,control,0.7955943240040855,0.5712595099875784,0.8969283678412894,0.963834212892053,1.4145921878944339,0.1999999999999996,0.0,0.684830267238073,,,,,,,,,0.7955943240040855,0.5712595099875784,0.8969283678412894,0.963834212892053,1.4145921878944339,0.1999999999999996,inf,0.684830267238073,0.7913734582502143,0.5701021723389791,0.894338265456299,0.9580382417837662,1.4145925119057068,0.03549999999999993,0.75,0.6851963586867307,0.7915773678670082,0.5700360751793875,0.8943916208392155,0.957234406704758,1.4145925119057063,0.012499999999999975,0.75,0.6852431375255785,0.7955943240040855,0.5712595099875784,0.8969283678412894,0.963834212892053,1.4145921878944339,0.1999999999999996,0.0,0.684830267238073,0.7928085841181095,0.5715601887479034,0.8959935648420889,0.9707337790022261,1.414592355959423,0.0999999999999998,0.5,0.6900692947368212,0.7920735690329008,0.5715901524295747,0.895726271187769,0.9721605307708012,1.4145925119052982
11374000,control,0.7881187556491436,0.8055685916235475,0.8949833552265073,0.9776407394824186,1.1620960837061642,0.12636955468068478,0.0,0.8787667082909384,,,,,,,,,0.7881187556491436,0.8055685916235475,0.8949833552265073,0.9776407394824186,1.1620960837061642,0.12636955468068478,32.0,0.8787667082909384,0.7881187556491436,0.8055685916235475,0.8949833552265073,0.9776407394824186,1.1620960837061642,0.12636955468068478,0.0,0.8787667082909384,0.7901037654616128,0.8055359722162736,0.895716177910317,0.9741982524409678,1.162096922781209,0.04449632207066365,0.5,0.8795563808599112,0.7881187556491436,0.8055685916235475,0.8949833552265073,0.9776407394824186,1.1620960837061642,0.12636955468068478,0.0,0.8787667082909384,0.7904074535751526,0.8059429396576953,0.896032178509647,0.9761617862263847,1.1621128444242788,0.7119411531306185,1.0,0.8797229600892067,0.7786788562014704,0.8039397770132471,0.890784780354555,0.9844628862169472,1.1620809826312295
11390000,control,0.8286137530501159,0.8027188487997972,0.9146636840110448,0.8326774652716455,1.0603385048239438,0.0499999999999999,0.0,0.934741315127124,,,,,,,,,0.8039756828761784,0.7926080503911872,0.9002190803771303,0.828493575404973,1.0603385048239438,0.0499999999999999,24.0,0.934741315127124,0.8256919165378257,0.8006772668414333,0.9130640772305412,0.8310888928411313,1.0603385048239438,0.02499999999999995,0.25,0.9348987920328892,0.8186910580401786,0.7945135445153673,0.9093745570401864,0.8257272903992526,1.0603385048239438,0.02499999999999995,0.25,0.9348550812729137,0.8286137530501159,0.8027188487997972,0.9146636840110448,0.8326774652716455,1.0603385048239438,0.0499999999999999,0.0,0.934741315127124,0.8326647769622939,0.8042675576122109,0.917032775267392,0.8333060397352507,1.0603386462767628,0.07049999999999985,2.0,0.9357271081691065,0.8333864857154365,0.8100992414695957,0.9167927400001112,0.8403186310768699,1.0603382995498636
11402000,control,0.7478254746140007,0.7133923840586436,0.8748776211463744,0.742349057252996,1.0102131056578258,0.0499999999999999,0.0,0.8772076162775357,,,,,,,,,0.7478254746140007,0.7133923840586436,0.8748776211463744,0.742349057252996,1.0102131056578258,0.0499999999999999,inf,0.8772076162775357,0.7437289421382967,0.7183387709936118,0.8708493662381214,0.7499028220108523,1.010225619108823,0.1999999999999996,-0.5,0.8779670471929125,0.7408499334765073,0.7178116634846803,0.8688598845495289,0.7503442053964469,1.0102230917920625,0.1999999999999996,-0.75,0.877816379429729,0.7478254746140007,0.7133923840586436,0.8748776211463744,0.742349057252996,1.0102131056578258,0.0499999999999999,0.0,0.8772076162775357,0.7451213719991174,0.7133161890524933,0.8729013598591265,0.743233110377236,1.0102131056578258,0.0499999999999999,5.0,0.8772076162775357,0.7278287891824712,0.7154623106291202,0.8598605828782243,0.752576386887202,1.0102076498517873
11413000,control,0.8342520516188976,0.7496655804901253,0.9283639145395364,0.766302886951831,0.9459513903583229,0.012499999999999975,0.0,0.8924220037851553,,,,,,,,,0.840891476257012,0.7487823116025564,0.933216559139753,0.7639299960045272,0.9459513903583229,0.012499999999999975,32.0,0.8924220037851553,0.8352840074784473,0.7506479962832705,0.9288458651735509,0.7672076442210041,0.9459515962722971,0.1999999999999996,-0.75,0.8935801306967786,0.83563574460353,0.7506146865026475,0.92909893371992,0.7670946157768078,0.9459522860023875,0.1999999999999996,-0.75,0.893423679441957,0.8342520516188976,0.7496655804901253,0.9283639145395364,0.766302886951831,0.9459513903583229,0.012499999999999975,0.0,0.8924220037851553,0.8342520516188976,0.7496655804901253,0.9283639145395364,0.766302886951831,0.9459513903583229,0.012499999999999975,2.0,0.8924220037851553,0.8328693035469856,0.7516505314926425,0.9269258004604835,0.768880277106841,0.9459510077861273
11451100,control,0.7273955353386921,0.7366612361449063,0.8563476287039585,0.7793108501074826,1.002756789703801,0.0644544378132592,0.0,0.80981179379848,,,,,,,,,0.7273955353386921,0.7366612361449063,0.8563476287039585,0.7793108501074826,1.002756789703801,0.0644544378132592,inf,0.80981179379848,0.7299883456304896,0.7415509125014539,0.8575178870510777,0.7843911452675904,1.0027568241547742,0.1289088756265184,-0.25,0.8106043924696753,0.7313407210846474,0.7440679721853363,0.858139010494242,0.7869998538952943,1.0027568600158516,0.2578177512530368,-0.5,0.8100165576005504,0.7273955353386921,0.7366612361449063,0.8563476287039585,0.7793108501074826,1.002756789703801,0.0644544378132592,0.0,0.80981179379848,0.7231535048548402,0.7301702563412013,0.8542661246954819,0.7729270421918499,1.0027568068409523,0.1289088756265184,10.0,0.8112737029245529,0.7290944507951169,0.7487877051817315,0.8561211107839096,0.7940901109259121,1.0027567893103142
11468000,control,0.7251588770547892,0.6407697838265356,0.8909314019994259,1.1299391321836723,1.3166484029165113,0.02499999999999995,0.0,0.8265730606895911,,,,,,,,,0.7251588770547892,0.6407697838265356,0.8909314019994259,1.1299391321836723,1.3166484029165113,0.02499999999999995,inf,0.8265730606895911,0.7243433298269197,0.6410512440387051,0.8902904460033582,1.128614922084354,1.3166484248899002,0.03549999999999993,0.75,0.8267841330447114,0.7238637041240219,0.6414603427828101,0.8897348757199334,1.1269884371888508,1.3166484248899002,0.012499999999999975,0.75,0.8266078800595464,0.7251588770547892,0.6407697838265356,0.8909314019994259,1.1299391321836723,1.3166484029165113,0.02499999999999995,0.0,0.8265730606895911,0.7249200779814544,0.6395645238319014,0.8916509955220029,1.133820830364983,1.3166484029165113,0.02499999999999995,0.5,0.8283040702604222,0.7246662349246518,0.6387177022054493,0.8921009252678055,1.1364421477333577,1.316648430745449
11469000,control,0.7746293543107818,0.7290629150439076,0.8886698623393063,0.7782375870669086,0.8912161010854599,0.012499999999999975,0.0,0.830512149042427,,,,,,,,,0.7746293543107818,0.7290629150439076,0.8886698623393063,0.7782375870669086,0.8912161010854599,0.012499999999999975,32.0,0.830512149042427,0.7746138647297949,0.7290551126032545,0.8886606066498015,0.7782326629364447,0.8912161790219504,0.012499999999999975,0.5,0.8305304352478444,0.7745876349476319,0.7290434303121904,0.8886446383828684,0.7782264582709908,0.891216075245126,0.012499999999999975,0.25,0.8305313613360279,0.7746293543107818,0.7290629150439076,0.8886698623393063,0.7782375870669086,0.8912161010854599,0.012499999999999975,0.0,0.830512149042427,0.774579028060555,0.7299356763133118,0.8884729900761728,0.779406595298182,0.891211145847294,0.1999999999999996,0.5,0.8322687999683499,0.77696540676995,0.7333756516929204,0.8894897098826257,0.783107993932262,0.891216377187276
11482500,control,0.8400952354289198,0.7918784093171889,0.92248230506749,0.8331472113536622,0.9027079119268457,0.012499999999999975,0.0,0.887033218552506,,,,,,,,,0.8399707003225311,0.7917093391390729,0.9224274530315711,0.8329618338310725,0.9027079119268457,0.012499999999999975,24.0,0.887033218552506,0.8400907276616847,0.7918782609376649,0.9224794796107966,0.8331483234342829,0.9027079385760219,0.012499999999999975,-0.5,0.8870348062473594,0.8406549205331212,0.7921086955406601,0.9228032682436498,0.8332865835859257,0.9027061365578922,0.1999999999999996,-0.75,0.8871722076722003,0.8400952354289198,0.7918784093171889,0.92248230506749,0.8331472113536622,0.9027079119268457,0.012499999999999975,0.0,0.887033218552506,0.8400952354289198,0.7918784093171889,0.92248230506749,0.8331472113536622,0.9027079119268457,0.012499999999999975,2.0,0.887033218552506,0.841359717321659,0.7941392968051282,0.9229647626024807,0.8357487383090747,0.9027080458006207
11519500,control,0.7736647697116241,0.7928151386304747,0.8889743694480104,0.9632719395977476,1.171026096606135,0.03549999999999993,0.0,0.8356249982605787,,,,,,,,,0.6405336632891285,0.7255113799358237,0.8117095435385914,0.8968458394927327,1.171026096606135,0.03549999999999993,16.0,0.8356249982605787,0.7737717209791988,0.7933465813602595,0.8892130923973958,0.9656181073658853,1.1710256764297107,0.1999999999999996,-0.75,0.8374311520118745,0.7727016771173806,0.7929353336389937,0.8886161991362772,0.965078847943487,1.1710261327966907,0.1999999999999996,-0.75,0.8367140742895943,0.7836404548629778,0.8206176759496795,0.8883678582355581,0.9159422560274081,1.1124747917758282,0.02499999999999995,0.05,0.8401072482246594,0.7729465388893032,0.7925131322929899,0.8885656716671138,0.962807729035003,1.171026096606135,0.0999999999999998,2.0,0.8368376208661465,0.7684653894597305,0.7924140091565353,0.8866906597524502,0.9683268785513338,1.1710255840066803
11522500,control,0.7880556151822589,0.758155097071883,0.8948411018960787,0.7823682040937899,0.9918168079261711,0.0499999999999999,0.0,0.8162458239534781,,,,,,,,,0.7172436288116355,0.7074962296539524,0.8536218438315738,0.7468894975887647,0.9918168079261711,0.0499999999999999,12.0,0.8162458239534781,0.7911884688993343,0.7641382287020502,0.8959805997009644,0.7884727555473472,0.9918168236299668,0.1999999999999996,-0.75,0.8189491939861956,0.7897090969306708,0.7621323796338857,0.8953026173670914,0.786569686543138,0.9918168351989093,0.1999999999999996,-0.75,0.8179392143850164,0.7880556151822589,0.758155097071883,0.8948411018960787,0.7823682040937899,0.9918168079261711,0.0499999999999999,0.0,0.8162458239534781,0.7880556151822589,0.758155097071883,0.8948411018960787,0.7823682040937899,0.9918168079261711,0.0499999999999999,5.0,0.8162458239534781,0.784016607742297,0.7622377590473236,0.8914105948094017,0.7886418692315369,0.9918167939503008
11528700,control,0.857185427692121,0.7989544242900726,0.9333069478506248,0.8196731611798571,0.9412327343781329,0.07049999999999985,0.0,0.8684410442350595,,,,,,,,,0.857185427692121,0.7989544242900726,0.9333069478506248,0.8196731611798571,0.9412327343781329,0.07049999999999985,inf,0.8684410442350595,0.8575285084186801,0.7991529318456813,0.933495167667792,0.8198249169447135,0.9412327343781329,0.03549999999999993,0.25,0.8686926534570699,0.857619889879329,0.7981288248826837,0.9337218460546407,0.8186010304765478,0.9412327343781329,0.03549999999999993,0.25,0.8688122689900263,0.857185427692121,0.7989544242900726,0.9333069478506248,0.8196731611798571,0.9412327343781329,0.07049999999999985,0.0,0.8684410442350595,0.8582176733282321,0.801242140160908,0.9336005281848688,0.8221174390733689,0.9412327343781329,0.012499999999999975,0.5,0.8693838121105449,0.8592560146372532,0.8029448392052624,0.9339948970230197,0.8238738485144224,0.9412323087086324
