,nse_test,kge_test,nse_train,k_train,v_train,k_test,v_test
14190500,0.8943331688560217,0.9206877447476361,0.9441374619084377,1.0175226360524137,1.0365352054460484,0.9356552102085612,0.9453358480844452
14301000,0.9451647638037969,0.9352118694230008,0.9304104330178382,0.9798575003075787,0.935987400741365,0.9927222397653946,0.9569615530503875
14301500,0.8921196116368357,0.765307752470899,0.8742301480011299,1.0481533254987725,1.0295668326605607,1.1728407058516888,1.1588474695878972
14305500,0.8464222251175243,0.7866937921246354,0.8434680053561476,1.1003932311391678,1.1435208373531087,1.1154930849350893,1.134305984615555
14150000,0.4361807271360243,0.5837252329738813,0.4475306073334837,0.9217034787203487,0.9068039392182631,0.9107417053314313,0.915733558496573
14152000,0.5957914316561927,0.685056814493699,0.5854977644154322,0.9549013102731245,0.9343382783021448,0.9596076884131421,0.9499423804503252
14153500,0.6914379499688982,0.8185864605349153,0.6427982724539066,0.953647792492134,1.0603584444892535,0.9513067221508317,1.0680926471168206
14154500,0.8756887296894263,0.8148142778215242,0.8641270980264855,1.0735098620406618,0.9478739588770828,1.0512081300743203,0.9344616550132342
14155500,0.4848459635402864,0.7253514885136545,0.4873152845301001,0.8810672497411409,0.9853648253012167,0.8548965332874462,0.9806879591125635
14157500,0.8617131583012578,0.907861823112276,0.8527252504833771,0.9742088052571608,0.9598643077212906,0.9470443944324373,0.945302802501473
14166000,0.8558364980593156,0.8308395067643475,0.8392003332985926,1.052558526078284,1.0206497041153564,1.0456689797086212,1.01823842977421
14166500,0.7478537696585321,0.6502187739873933,0.7529714778227463,0.8042869112616527,0.8271664248038813,0.7925417231281715,0.7617814764922275
14169000,0.3731234323817002,0.6327554767833296,0.5229201120403162,0.9122069672236641,1.0426516653002351,0.8348892495168957,1.046999416903103
14170000,0.7105179963539832,0.7554987666772455,0.752200171147393,1.0649916873653145,1.1132350451503017,1.036719228553175,1.141634258891603
14174000,0.9046173667958428,0.9362016680668713,0.8947397229423736,1.0085971034034613,0.9886303223128392,0.9668832179163684,0.9635556689973938
14306500,0.8938331879876482,0.8760557182302744,0.9482062796792265,1.0105000546385525,0.9789268689344626,0.9166405140315556,0.9006882074780294
14319500,0.9318915850188256,0.9433123946682617,0.9465788539350943,1.0198604869813908,1.0163712775208624,0.9655583243914939,1.0202524498502858
14321000,0.9418273655133474,0.9614150963787742,0.9412201646612011,0.9882435557477495,0.9516792497734781,0.9906080152340724,0.9878224536439335
14308000,0.8896002626405698,0.8836117145438016,0.9040655322515855,1.023332550833314,1.0059795992883913,1.0348269027860466,1.0781841521551094
14308990,0.8663869107508771,0.7272489610580303,0.7781925911454729,0.9465538766120558,0.7336175443435414,0.9407802436292746,0.795571491041034
14309000,-0.06666961728693965,0.50047815981086,0.6199416072946793,0.8989197466200878,0.8714979937475804,0.6017652339459827,0.8497138385277797
14309500,0.7482728085948256,0.8035273045422446,0.8304796935331697,0.9936044541848593,0.9374784367386365,0.8584215589155739,0.8668387992954397
14310000,0.8697152433137824,0.8783802792701145,0.8795154416175284,1.032507587345727,0.9820882539086037,0.9081417611655742,0.9096102368598041
14312000,0.9340821941842,0.9658662604297847,0.937085345484197,0.9939935208531335,0.9681389768335322,0.9807132121760815,1.0064112974845232
14316700,0.8934465242890992,0.9239230834999651,0.9045402920870809,1.020303692888034,1.0211845162127111,0.998311814301784,1.038701579221415
14325000,0.8134128355907944,0.8313195915040268,0.8722336969517946,1.005745947477155,0.9136349211714231,1.008213076403861,0.9509829183998395
14330000,0.6959758308330405,0.797180193058368,0.8308514219247435,0.9968811646630598,1.0168521549714378,0.94132771329322,0.9981069532333406
14332000,0.731353633394946,0.706962645885429,0.7441652792808467,0.9501426472721148,0.9133638468720259,1.1226045109954468,1.0754458767890078
14337500,0.896182996802525,0.9219100847361156,0.8846974459536828,1.0057841067830693,1.0477374389554353,1.0072001827054713,1.03316119892451
14339000,0.709728005989247,0.8500679135031421,0.7519031646330153,0.9476375767604258,0.9463513573914429,0.933264942397149,0.9655484115451961
14357500,0.776406075458704,0.8358639999291787,0.7411032136058691,0.9902364485892472,0.94852375953852,0.9950732735177177,0.9991642432086115
14359000,0.844569737313482,0.9042918221819299,0.8494939864056655,0.9883329035709016,0.964039859687883,0.9654619448263777,0.9684173055082571
14361500,0.8841599249463619,0.9033241282805188,0.8813270308352724,1.02080603657817,0.9749781185752355,0.9987124775155556,0.9833553805345258
14362000,0.6533290588679325,0.714610391415869,0.684781166101294,1.0605558727417925,1.0286361326263656,1.0174454710996705,1.0072472874600418
14366000,0.8049527675086303,0.7896857998689792,0.7690478551673654,1.0382712473976012,0.9577197490950251,1.053793072205444,0.971383085756621
14369500,0.8872062084388282,0.881533927174298,0.8774589996629426,1.0323417838752846,0.944705749787532,0.989834386140214,0.9306858438616895
14372300,0.9224232409652895,0.8712912914154705,0.8941067811535064,1.0557866979513362,0.9643400753212071,1.0467772132258446,0.97745734304963
14377100,0.9261841498811705,0.9208410506546816,0.9385790690856407,0.9980489235303747,0.9322380290759545,0.9949659211856727,0.9528342664387861
11342000,0.7596814149153961,0.80834284471325,0.827846775180483,1.1402691158080167,1.0547828794730651,1.0175538695228985,1.0226995763037898
11367500,0.1883956840368486,0.5625341244882074,0.3592715597888887,1.2145665842961575,1.3745877841274117,1.1159002734805854,1.3017626700129181
11367800,0.003610083784691631,-0.4155284289653265,-0.12956998432821454,0.5480554507528118,0.4421908120820077,0.5600901970675719,0.4161530318862771
11517500,0.7219201179023009,0.7001480912628505,0.6657029181055865,0.9757094472262513,1.0072991068493704,1.0493303302313226,0.9473260367895819
11519500,0.7684452107073128,0.7924423471918631,0.8400780416106961,0.9790332349661388,0.882602005679114,0.8936702622266719,0.8539831020435261
11522500,0.7840021900168714,0.7622314236171589,0.828341545510646,1.003744384960511,0.9497379368288009,1.075223742951299,1.0082808044764975
11523200,0.425244141757966,0.541399335031007,0.6973780421444276,1.2538000133295828,1.1858212949814415,1.013433237650468,1.1699904499499445
11525500,0.09952355050758299,0.22363394629121902,0.3660533189184967,1.0018104318501277,1.0868842912754735,0.9993877771576923,1.3646579935121408
11527000,0.691737326985969,0.8171619173761844,0.8500488191812949,0.9809330678662034,1.005494705584931,0.9576751119845333,1.1072878249383915
11374000,0.7786719459894371,0.8039538038881271,0.879123526483323,0.976182276755251,0.908861597794399,0.8940868723540949,0.8605398729730909
11379500,0.5175905403519314,0.6477172588717648,0.7816122902455446,0.8656766951523694,1.0001527639328824,0.6825586851652986,0.8894002365972196
11383500,0.8729054809969655,0.8030860283393368,0.8978890354486304,0.9910880414927881,0.8804448880573957,1.040044240624274,0.9056504780501293
11390000,0.8333809955400653,0.8100937656170208,0.928412625172232,0.9859213046706302,0.9369294369301294,1.0380764239041598,0.9430957510152485
11396200,0.6959063655787835,0.4371764764992887,0.8483567613161908,1.007085310952678,0.6766389501805048,1.1512878812451401,0.6898403623061915
11403800,-0.11825297836551196,0.42019041048825534,-0.0005468302667277491,0.9632177139049316,1.1402904085115535,1.0585287899173994,1.202648124446897
11404330,0.5036763783112067,-0.15042059827011123,0.552937802402746,1.1271918776241963,0.43934108387066606,0.9946504551364418,0.49652617772215957
11404500,0.4801443811289935,-0.1554717306954665,0.5671531006800085,1.2637042675330972,0.5627944743301124,0.9940285824273118,0.49720826423821807
11407000,0.4091327523454996,-0.6271674365654425,0.5225483782505752,0.8689238094260057,0.42449549634721084,0.7348207676076279,0.38619936983704173
11319500,0.6758289927719583,0.5805740946548814,0.8093548027576652,1.152635776914072,1.1603617381078069,1.304937123626849,1.3340025870697398
11323500,0.5199340929830597,0.7132077236788887,0.6047089397156922,0.8203422167300529,0.8620905258564358,0.8781399767451037,0.930648447621431
11335000,0.8541579804927594,0.7683583098935176,0.9252230707839171,1.0535114720342786,0.9560590438742386,1.1460953685874342,0.9454040639661221
11417500,0.7627178482626242,0.6216751708352758,0.8027836687632706,0.967504437736679,0.8112021643739277,1.032421509538819,0.7835421643663155
11418500,0.782468790292399,0.7034814188607805,0.7683590530326796,0.8508289777665178,0.817361548916986,0.8834200921646964,0.7830249451187377
11421000,0.7781307999356725,0.7496653181217823,0.7709629608185639,0.9615942509224913,1.0063283969287706,1.0998884308682082,0.9964905681044426
11424000,0.8093876340391342,0.7977252824031128,0.8381999613481784,1.1995028724149723,0.9723917344514096,1.0743883474650648,0.9806033190367589
11427000,0.8911433294602262,0.8576615273897891,0.9304127892422288,1.0701750680098543,0.9463780471857104,0.9989169374691454,0.9077765029988611
11446500,0.5466428626479055,0.7691470599420103,0.6703837339327614,1.0467609106066142,1.2017335285024127,0.8586378340055271,1.0792585082402937
11451000,0.5965091265825748,0.7718107155200432,0.6607013902088281,0.8257123131149537,0.9958999502856201,0.8681609838153952,1.111594207902451
11451100,0.7290877137085162,0.7487817557632998,0.7827310167089011,1.1849680790732018,1.1661678072362769,1.063396435050849,0.9972583772771002
11452500,0.8231751903310012,0.7528669300601527,0.8379470341315127,0.9608073035350705,0.8770167672633389,1.0126279259149766,0.8412137284508051
11454000,0.5067006561792637,0.41994506137276977,0.3291410345793776,0.7809433957862782,0.9058039085272181,1.359616457382267,1.1491108232866527
11458000,0.7420286705455905,0.5524350617555769,0.7934472847184157,1.221131586023408,1.2262543971256321,1.3188657974193148,1.414253029979666
11152600,0.7374349193173355,0.7052953104260176,0.7762624252991349,0.9512814810586656,0.9337398614181902,1.1459498757370459,1.100496619534217
11158600,0.6889616290805813,0.4715040654008984,0.8366174767921424,1.1342207021176514,0.8347732335335586,1.067186279761071,0.6916529241581557
11159000,0.8745529954092346,0.8780334616063868,0.8235922037761206,1.1614328318074671,1.0655478218617185,1.0259471445133952,1.0612769197691578
11160000,0.7892357869856754,0.8013849086156521,0.7828981259375724,1.0414076465641773,1.0289059604744737,1.0533646682290103,1.0626108304156874
11176400,0.6432365985060085,0.7595300008703955,0.5105284374473762,1.2642479021592157,1.3517917937161523,0.9279834978205879,0.952715908624117
11176500,0.21581975626485883,-0.10560334403372384,0.5807944424082002,0.9518945195807922,0.8139841603206426,0.5875188669195146,0.4883792343418133
11176900,0.6491661017799166,0.7723524507952169,0.8098264737827283,0.9840074740265529,1.0954957230012767,0.8279464410053735,1.176190487460626
11179000,0.7461841990817684,0.8329802500975726,0.8293796305373733,1.0190930757090806,1.1861505482580221,0.8421122075632561,1.104049058674306
11180700,0.6879745874165379,0.8084670823302823,0.7693703461870544,1.063336702762462,0.9912147689786874,0.8890742929089007,0.9237659512130699
11274500,0.7920569737984103,0.5714409525136308,0.6770061649484275,1.076052464550551,0.9314648500190125,0.9102931592316036,0.706840045379131
11274630,0.5574771446935434,-0.13775438918927585,0.708312876044427,0.9330921896922436,0.709243795195576,0.7299677150909422,0.4715023363338253
11302000,0.25312552115261044,0.45963074933219283,-0.013607661524972503,0.6608017295479715,0.8300061413294552,0.8761449274555428,0.9692738387899953
11303000,0.2890813438716552,0.4577349259503636,0.0807996725990695,0.7421218123830688,0.9572661242878626,0.9524819692021514,1.0526793374928902
11143200,0.844231677888251,0.8256790500188076,0.8898277106068639,1.0879706099790412,1.1110902200790354,1.0117439404634703,1.1578371520942055
11147500,0.8194631856395805,0.8623809251756865,0.8741128822994509,0.9427621982531423,1.1214243114534828,0.9726466836788696,1.0848145035073367
11148900,0.5725912637651749,0.34265841885642545,0.7022302465946294,1.4700308809391693,1.4504788470500969,1.6797351534109197,1.6374111356198364
11149400,0.21430912041442318,0.17937459931991961,-0.22176845166978754,0.5023968931704236,1.6453508314889909,1.1077264487778937,2.021143312883766
11149900,0.7643247728282968,0.6935589030744505,0.8135126213189069,0.963895825176164,1.0255032596088227,1.1893640911806487,1.1370098972334461
11151300,0.6659685193838636,0.4029075192906615,0.8396712575542787,0.8811638040226396,0.6961376720538442,1.0689885890939534,0.6646681976614365
11152000,0.7630028591610474,0.8488706960594453,0.850217314344346,1.1222236588421135,1.1123758079253356,0.9596224842352686,0.9891310384848411
11156500,0.7628070298317403,0.788859757940787,0.8926832448736663,1.1442180452556059,1.409030700839122,0.9205758872026315,1.2077990565089263
11224500,-0.19832128117850778,-0.8688992371456821,0.8495032028199642,0.8872984795810783,0.6742393523428261,0.4722179369750376,0.3626319294624899
11253310,0.2301742025128577,-0.34048444858635074,0.8301521187175324,0.9073280313084683,0.800830262400558,0.5799363396081016,0.4357992773855886
11123000,0.7715877053847298,0.7574537923815361,0.8717958971067203,1.089779202656182,1.0851388153811474,0.769834997645166,0.9006674037899753
11123500,0.863711249460386,0.8841080531257484,0.8131920135721051,1.4228799598502029,1.3350941867651238,0.912853805102235,1.1005807858102068
11124500,0.6448050853570568,0.723982821898868,0.8561061606645756,0.9772379644307234,0.9250468477344034,0.7329072880737993,0.8741790106021036
11132500,0.6228007477899129,0.7501493800913884,0.5269369884282442,1.0357554416846944,1.0720814335781739,0.8586347400402811,1.1637613167728627
11133000,0.6034235013535252,0.75445558877993,0.7722699504132782,0.9071553360446641,0.8653915454156709,0.781932104855705,0.8690484384896087
11136800,0.4989658393151363,0.3116670467790298,0.5667276134786764,1.2238929891723118,1.0954383709617876,0.8151524808619586,0.6170471793924756
11140000,0.7127241525314847,0.5601010105101308,0.8504412768763453,0.9799360388240339,0.8959780852054688,0.7386913322818549,0.7319755826537421
12039500,0.741275471797902,0.6173783030177908,0.8190667317056225,1.1159893561305267,1.1188051956205969,1.2943353171917744,1.3868283488179334
12040500,0.7989966817651369,0.6739123489941442,0.8434351213197742,1.1041729518191656,1.0408579083598537,1.2373611149418806,1.1842897156005139
12041200,0.7325267483875464,0.6199578271410873,0.7677558611676301,1.0845024716661222,1.0364651687524145,1.2684709148700264,1.2342141016295414
12043000,0.7845137769412607,0.6939810689746618,0.8306203946478662,1.0733612603172704,1.0249786463472719,1.194293542501141,1.1755485996155135
12045500,0.6633073136690972,0.556532144414155,0.6709976033279348,0.9967879198569038,0.9665141720602418,1.326485390462603,1.2864789962684138
12048000,0.39071332095331957,0.3283381498594793,0.43458798485749206,0.9388803236774417,0.9988035108269913,1.6977064695955173,1.6411087600404728
12010000,0.841920323203192,0.7942879772166637,0.8528438024421514,1.138571858678946,1.160250896187381,1.1066815118906814,1.0652013841214671
12013500,0.8867912566801863,0.8934361540050075,0.9128802536963166,0.9993608785803406,0.9863387966340099,1.0157791808421064,0.9821436972318147
12020000,0.6981726124218679,0.7131098207189248,0.8056279580281346,1.0233749766338633,0.9934617101238872,1.0354205013700424,0.9400393311148697
12025000,0.9018436459295134,0.8673870147281805,0.9161290228552427,0.9859268476305342,1.014545336187588,1.0626989146625256,1.0865951334305635
12026400,0.8471564411673581,0.8479681718924283,0.8348158279191249,1.0227202367711452,1.0114011942614924,1.0395716576213896,1.0045220025578145
12027500,0.8898155329692559,0.9202813472508526,0.8866979760058934,1.0213617872222027,1.0241492364262499,0.9467056916892742,0.9449938669212119
12031000,0.8981506949909345,0.8960799940177805,0.9081459347662276,0.9739934284624884,1.0249360631366509,0.9082755987332841,0.9528760024929789
12036000,0.7157694945705599,0.6440335670624124,0.7738402204480299,1.0916314615871892,1.1763919886073828,1.1985145346806718,1.430452094104076
12082500,0.7585704496739684,0.8245330582973821,0.7636008839047168,0.9775743024467956,0.9374383460300922,0.968245535798774,0.9592411676710633
12086500,0.4755293155925765,0.720001968442932,0.36253487239991344,1.052531328272498,1.1263994877335515,0.965481922406696,1.0821039159972095
12089500,0.5968157708463828,0.724488506186283,0.5285821180190242,0.8868831712297229,0.8428199374420765,0.8592345238048067,0.854697844444727
12092000,0.7176188810939401,0.8453721739836527,0.6324623136710711,0.8715331983601365,0.895281501450527,0.9364676967362745,0.9638490374949638
12093500,0.7218703761073093,0.6596320419492041,0.6707980643196526,1.1045940659677758,1.0947875897896326,1.1945821667079093,1.1768667558751278
12101500,0.8262904754314925,0.8778615784694288,0.8091120557454059,1.0073323006906956,0.9845048939254673,1.0331503668911184,1.0697917086732152
12113000,0.7467302354390422,0.8322491639859049,0.8572917686437574,0.9681047861328893,1.0320782643212785,0.8886017918462771,1.0162530825752931
14233500,0.7723023253956314,0.7587560109860599,0.8008696239146079,1.022659940013862,0.9321141926628232,0.9467375569339795,0.8820385192916712
14236200,0.8252970444828764,0.8067207329895716,0.8410257860488413,1.144880447910365,1.1377983225949508,1.0809785922966701,1.1063878357866619
14238000,0.29731820060285885,0.6577558140870166,0.37801507251254407,0.8992231937566142,0.9780500436617916,0.831303733492337,0.9601684086405758
14242580,0.8220948040960877,0.8554074533910321,0.8555523341022436,0.9525342350330966,0.9677593512292515,0.8822624703826492,0.9272612452754474
14120000,0.8342393338769822,0.9108730718030689,0.8369176108033991,0.9372158735695313,0.9338408965345442,0.9392580813697025,0.9905634498155313
14137000,0.8677846281085888,0.9223373688707724,0.8859850479070189,1.0388688659790424,1.026304652987176,0.9757924284428104,0.9861676270736333
14138850,0.8350165842847295,0.734599850431787,0.7985474745825213,1.2595841630447204,1.2214605006139931,1.176745821907191,1.1537901096845968
14140000,0.7265209321355992,0.5689541350008647,0.7104164452456493,1.4270937815284497,1.1574878316570443,1.367265716777158,1.1411015545052554
14140001,0.6495423449998974,0.44571621253334803,0.5953815731169507,1.6806544019428766,1.6958427744620628,1.5570377647953402,1.5802339743929072
14142500,0.8836924651551248,0.8098140232691493,0.8764719521220914,1.131063280377941,1.0981876819806904,1.112258345448141,1.0767383695180786
14191000,0.9095778358836764,0.941626359406304,0.9097884130224707,1.011740586569819,1.000317243015291,0.9828265128331647,0.9815917939411837
14203500,0.865781387489474,0.858495542890662,0.8707418729653666,1.012530000275082,0.9856109552235803,1.052447112497116,1.0937901921476532
14208700,0.3029673323800437,0.49127549843129725,0.06820132932074696,0.9012515742432483,0.9197342448297221,0.9658437835518844,1.0053275536562882
14209000,0.5271095609407629,0.6700412165180175,0.43816811336943573,1.1379573905685894,1.1580478764097695,1.1845459703963295,1.2243110346825399
14209500,0.8708364816486893,0.8316100713728973,0.8703140386915906,1.066065329334127,1.0233289433781718,1.0683312882845506,1.042363698510566
14210000,0.89923242863941,0.8764482279495792,0.9029048144036809,1.0615186483690682,1.0350499414456045,1.0554126639075767,1.0521288270092826
14211550,0.6841658264123045,0.6303674014146007,0.8605656294369948,0.8760001910481144,0.8733470867222518,0.7414456660433231,0.833082668822387
14211720,0.9087549964103193,0.9531740766105024,0.9327868740739574,0.9917009627272507,0.9890902822126723,0.9747629903476485,0.9912912774270741
14216500,0.802443214773122,0.8865688975492523,0.8623585793427835,1.0031008160939485,1.0449706550294866,0.9708505651801016,1.062849099731205
14220500,0.7259130880203052,0.8574605399799752,0.6345443922881722,0.9510323679259921,1.0411380971817945,0.9442787767316977,1.0343533299555911
14222500,0.8690981171684513,0.9267283519958278,0.9115044276125126,0.9791763433591881,0.9837565871388408,0.9626363891539349,0.9778597592037996
14091500,-0.2822613503898952,0.3296667703029019,0.12565840357990754,1.0012345507895486,1.030499831581536,1.0476570010037973,1.114103532789212
14096850,0.4653213568042638,0.546488971015284,0.841449246100516,0.911858795505584,0.8871285167321215,0.6838490741001245,0.868037619232483
14145500,0.42572047380372746,0.5626978731690476,0.4045140624690411,0.8977385648340659,0.8826644292996545,0.8952707530195291,0.8908968209913007
14148000,0.6987337366851489,0.6805234729522845,0.648230719545081,0.9458014684825564,0.8865395972216703,0.9644648780344549,0.9038552548077802
14151000,0.3846855469451117,0.579225210591505,0.3686879346674343,0.9356539482525441,0.941304996126424,0.87587362476028,0.9210225328021105
14158500,0.6708399323404493,0.7889947106935056,0.81109264817672,0.9738343856712461,0.9576483375815261,1.0152404520220895,1.0381036862501969
14158850,0.6070875719375056,0.6832795837853356,0.7591661812550367,0.9343312426273525,0.9645182700995173,0.9313999682900646,0.9937036695054798
14159500,0.40752205273482023,0.4455974139409563,0.30412587627450305,1.011439161325285,1.0435053010907647,1.1019087861837087,1.0955111049410882
14162200,0.32785399965437534,0.4673684749396737,0.3586235843459036,1.0288073863170903,1.1369594268525882,1.0105792722043923,1.1496393250347916
14162500,0.8014347057801259,0.8445953883786524,0.782243510896329,1.1032399667540957,1.134819604377492,1.0844306333880946,1.1308614054989041
14163150,0.6974431490192856,0.6015016832523095,0.4027192176098825,0.7070930149553216,0.6185040980571085,0.8077050094230175,0.7234667766911497
14163900,0.7667428290052998,0.6730553410419885,0.538748828604535,0.7648675686268117,0.6789650022472772,0.8782355416592564,0.7829561674019546
14178000,0.827342531593999,0.795510575380328,0.8432623789903194,1.0072487210548038,0.9635149220951804,1.0666769989139189,1.0398979146387421
14181500,0.3480892209130282,0.4719324127809499,0.32705017257818825,1.0359425099787694,1.0876661246632748,1.075289048969375,1.1423631279498212
14182500,0.801322080072745,0.808514723646051,0.857253956972831,1.022796260757146,0.9995327243814349,1.0407561251028956,0.9938247878132329
14185000,0.9011427174285801,0.8613588159694145,0.9088582964037509,1.0410831378534102,0.9938240537149362,1.0606050409581735,1.0068632725453082
14185900,0.8825046821331658,0.9019766087340431,0.8521028726310884,1.0522935940737983,1.029824477760626,1.0186524935212686,1.0370238973831167
14187000,0.9012861313622946,0.907746105614756,0.8565050585368871,0.9580754449548755,0.9405016316516382,0.9923273129919542,0.9556134207921019
14187200,0.6004315439109216,0.7481084228495063,0.6639810315905793,1.002645080609763,1.0818976876766644,0.9821420158529329,1.0922945167319045
11501000,0.8043269359251723,0.8367913996782735,0.8340324072595046,1.021241594440444,0.9923413717355473,0.9793812756013156,0.9488671295948885
11502500,0.7599200326903601,0.8683870848883468,0.8381147453874367,1.077629613559447,1.0730760586149943,0.9489247867053071,0.9695319832568491
11507500,0.413626180917976,0.691236961093627,0.5676490593099681,0.96983321676788,0.9378146298994716,0.8365138680607279,0.8819967350100362
14313500,0.08196175184867771,0.07402714140589939,0.014735859661232698,0.7056213593983969,0.7011498563998472,0.8685213146069236,0.8769868122069456
14314500,-12.809681386274182,-2.868982455734392,-22.82326889028556,0.10962460435041273,0.10601692046269082,0.1933673936399716,0.22080147698014468
14316500,0.7013608337803134,0.8133073330905818,0.7917094870248145,1.0524025973719215,1.097164599391891,1.0000050890815133,1.1026908945024227
11345500,0.6983363667333686,0.7307251146242972,0.8157731553928622,0.9474742755402942,0.9354748623059824,0.8314311944615308,0.8094287409948545
10353800,-0.6990280255070316,0.1364736696902631,0.6926318528037859,0.789242610472723,1.0704124338500316,0.40199487077809115,1.2774003244492893
11399500,0.026227840825990167,-0.2138497574600262,-0.0073221964076506385,1.1178544258989276,1.2833268644519615,1.9260541715630368,1.7339267782377068
11400500,0.3758894670942823,0.6418910712023707,0.735169893105257,0.882681773963643,0.8267201456747875,0.8309434990418075,0.911144581700007
11401112,-0.5925169214898782,0.11320257963730684,-0.234602675822015,0.5899002711771211,0.7938086688114121,0.5544589850190269,0.6947924722180454
11402000,0.7278284472713834,0.7154688410173717,0.8731379543376498,1.1620197572201096,1.0162843040974947,1.1011450279951702,0.9899656423833492
11403200,0.2932267884484615,-0.5612227284115021,0.3275164235231396,0.8619909712927566,0.35801699072284293,0.8501000101252144,0.41725107363360875
10296500,0.7935399759186499,0.8055332749691819,0.8458207413999059,0.9173814122515379,0.9818069649669998,1.0506171124876915,1.0316463094780932
10297500,0.5578375984363249,0.6848765123604635,0.553025244567491,0.7087567138470436,0.8319907208494455,0.753099170968896,0.8526034124490444
10308200,0.3616939969819417,0.21904658708807445,0.6041792962138073,1.275832466366461,1.5740857227758562,1.8203606461331092,1.823471867676796
10309000,0.33027565443439055,0.1960538159730314,0.6087591561828417,1.288080413514292,1.6167848239041687,1.8361094997656888,1.869292158758965
10310000,0.427882853341936,0.41471087069206625,0.5749002074329626,1.075103373539994,1.351930105023723,1.2123557801357652,1.4069689057003563
10311000,0.39664671253384176,0.29915464547438486,0.583725732751357,1.1414810747804116,1.3106949130499246,1.5161987949525406,1.4409037777581033
10311300,0.10345767194161093,-0.2967976405573227,0.17554772868004764,6.035817604900284,11.498778875929125,7.6389440171037295,8.051583662200565
10336610,0.5649670857085128,0.5805266322719396,0.5961309508132153,0.9774437855310126,1.1422584886201623,1.1303092751877735,1.1988154936627669
10336780,0.6998873330470189,0.699552825144786,0.7168333229519144,0.934676989049739,1.0950152250718272,1.1333479015395669,1.2389985171567297
10337500,0.07858762895278815,0.3729799451094037,0.14018438554112633,0.6468984780357044,0.6531054787097538,0.6442499872544043,0.7034591934521668
10340500,0.24932804718388124,0.4753253148069603,0.3792956382050361,1.0137400007054407,1.0550109119256943,0.880666583635474,1.0156979057541202
10344400,0.41259882424508765,0.42955191584065155,0.40118601227470563,1.1121094708584267,1.045131559083774,1.1731392351867378,1.1762878024344545
10344500,0.2831113020439189,0.33433637557989593,0.39124680316178806,1.0091084428410795,1.0361771853741164,1.1423164295382455,1.2188769854949941
10346000,0.7060667032034706,0.6901367437182959,0.720326526099841,1.0707530625822606,1.0576278483876798,1.1372627424440427,1.142822344127591
10348000,0.7459994875141482,0.7481062070051478,0.7455991193504067,0.994083685897229,0.9137075068830289,1.0222959494641761,0.9579418719232875
10348200,0.7391202020108953,0.7231178388254037,0.7360697604915916,1.0057316515088393,0.8955795586068974,1.0286777535267269,0.9407612425535311
10349300,0.5956463016172293,0.47545964448712275,0.7650001823706378,1.2417173097247838,1.1601677404012412,1.414659890818721,1.2793667380176905
10350000,0.7652033681449051,0.7600677713874467,0.7710121845864797,1.0777251531220335,1.0153979175128343,1.0829173174881057,1.0702487446550197
11314500,0.626345950478808,0.6707121969777095,0.7804207977107771,1.1124375138062048,1.0892979899300066,1.0563025211798216,1.100552363833763
11317000,0.7978148642926084,0.7643504725877373,0.8446667860529071,0.9126901915769989,0.9079791980034758,1.1117162811351926,1.0826787162075033
11318500,0.7932632758159239,0.6833489637598056,0.8615054718061684,1.018452870438719,0.9467727197564555,1.2231322967131617,1.1748902577918878
11408550,0.08687640433211985,-0.2980710178223003,0.11777466875647358,0.7047802435072248,0.720457046000337,0.6805283843051486,0.5039253328827933
11408880,0.6474154666383871,0.5138780421634247,0.7110449632623117,1.2667993576253824,1.0160462213353005,1.4452988073612982,0.8813837715774606
11413000,0.8328623177925578,0.7516436444113723,0.8993321986640932,1.1231556961637206,1.0462601428109115,1.1446370283138712,1.05715507733463
11414250,0.10693059683211792,-0.7137102080830351,0.24602341896553093,0.7530772825581397,0.48084042954221695,0.6755965645929983,0.3977546528937164
11422500,0.6848033450769305,0.45677123712359924,0.7653141023141992,1.2029168045451837,1.5756123856975073,1.4104933384109943,1.732039591436256
11427760,0.6275886702050935,0.7730853020132431,0.838370678367263,1.0486082433920507,1.0059889838732323,0.789680580652183,0.8946953800888903
11428800,0.21846648334308372,0.12858283051853736,0.359324005372067,0.999886873332329,0.7638668599083113,1.8064605185516747,0.9244217781188656
11430000,0.39919149505049856,-0.9741635484830389,0.29876001615082914,1.1190527689157412,0.4696582724684308,1.3916322118605822,0.35014851045739936
11433300,0.8375289241611312,0.8190429995768749,0.8430271005432763,1.2443448487512725,1.2473826226759643,1.0735774265845774,1.0951155937496317
11439500,0.5817016718357172,0.4513468133521411,0.7530626082637204,1.268139339689133,1.2362571645765177,1.4310726357395178,1.4036569351526917
11441002,-0.6631451088342031,-0.21201867004740382,-0.6001191616699217,3.5206369136439317,3.8996512884837955,2.655706535038501,3.489481989957079
11441900,0.4649417278245247,-0.6033137343322343,0.4783338280729569,0.8475643739747736,0.45735284486189887,1.3513796028316145,0.40340408476649614
11443500,0.5140526557031955,-1.5297117279770434,0.30285051501928506,0.6026509373019721,0.286922686850584,0.7901770244972652,0.2845345237750722
11444500,0.5602614517824094,0.4025098937596061,0.6241097172690774,1.4292636988999063,1.792226709519858,1.5467542180512437,1.8643452001799157
10265150,0.5292241057393945,0.7220066279360522,0.808837067189936,1.022289692271574,1.0290646351023802,0.8811744947876253,0.9407477247334077
10293000,0.5126348323097031,0.5988082489438249,0.6364026578478105,0.9358646894553866,0.9057096161555149,0.9649296129541306,0.947933917221704
10296000,0.787164264194887,0.7838662164022964,0.8501167350758275,0.9161096792561226,0.9504546698398686,1.066852478989284,1.0209890036634186
11230500,0.7233012849790714,0.8102808839598173,0.7127780929726475,1.108613392455611,1.2871806246535615,0.9163211278397742,1.1558134137707083
11231500,-0.4882287862480943,-0.33188783109270537,-0.41234245410605164,2.5717080548202143,5.284353605880052,2.399080822553053,5.2110825431494705
11231600,0.28078966686383344,0.2729290609876909,0.2940494986359471,1.3854400860797165,0.6772953154492024,0.9153497179492424,0.7556830836440854
11234760,0.7180510871871537,0.714404555665736,0.7834458070028216,1.247260985524954,0.9642421619070667,1.0747498698271662,0.9181616822579247
11237000,-75.76354963626369,-6.290697216996444,-3.768165891012239,0.15308625949097354,0.5686802065859102,0.13928641621172394,0.3570861905292639
11238500,0.13285585165381752,0.24457699191291105,0.08311191261641138,0.5667777814633856,0.5390144694298364,0.7779579134778303,0.9924635241128158
11242000,0.7174801611214908,0.6933525448206752,0.8040191431639604,1.1645138619350504,0.8958440868662816,1.0555608327737886,0.8680462298125534
11246500,0.6756322555465295,0.6932221921627331,0.755409236875506,1.4180051628727848,1.22946410863112,1.062547707323967,1.1532100454152203
11246700,0.33736801410384254,-0.4307493663067081,0.6981654916851571,0.8947816431816515,0.5242350577645996,0.6230626648732586,0.41594194026181325
11264500,0.7565634037938238,0.7914361540776857,0.7569351344960378,1.0053917270734427,1.0723898697039203,1.0359099784272903,1.0346653360546798
11266500,0.7240940924140212,0.6774102933993752,0.745861965396238,1.0999235651652812,1.0855678360629182,1.1554561023878342,1.0725957948565632
11270900,0.4023870959391378,0.6392194764647042,0.5456107670533867,0.8596451004827713,0.8390357302256896,0.8279494852842413,0.8542025268682851
11276500,0.5349233042928637,0.5648688082998116,0.708108995449517,1.1364997497946467,1.092814258830383,1.0954679434827492,1.0079482831242155
11276900,0.5050538228450036,0.37953486446201845,0.6872838299989086,1.2649933662960189,1.3741140918401724,1.4351787302812942,1.5759738876319735
11277300,0.1402282131367253,0.0899280346224689,0.3805570855302014,0.879625743041605,0.7715498495819585,0.7819592933487309,0.6919316461344762
11278000,0.42339986061324186,0.37448174318106,0.524024102854481,0.9628768401052293,1.0744571519716657,1.3592883097098343,1.1568676133322695
11278400,-0.11921335825374557,-0.03134725455943377,-0.0021971834888909747,1.7884050368755164,3.5659391992727776,2.4854156156256897,3.7988238873774414
11289650,0.5609541769684483,0.5951626535539977,0.5178661164583329,0.8613567149923451,0.8934564116500869,1.0298132761730838,0.9373970380697867
11292000,0.6917530444620577,0.808735775167593,0.7052127188740225,0.9279115506360496,1.234648885587909,0.9288790608413736,1.1374215049851566
11292700,0.3423768436712258,0.23839983420783517,0.5501264341794486,1.0466949664093048,0.7600004226634913,0.9177927607157406,0.6962560916018258
11292900,0.35478211206962984,0.28104157846419786,0.5721907381897493,1.4620034962690833,1.2690020664695216,0.9374396423942948,0.7313382382437307
11294500,0.020112558919802348,-0.030595324053372508,0.12919444467419117,2.9317901576832597,2.956187548827743,2.9065325145152077,3.0710184162065692
11295270,0.3461563895462707,-1.528476473235754,0.07241093936014809,0.5768366971823892,0.27474636207818376,1.2281450214962324,0.29141290870293207
11296500,0.6205702264706935,0.7172441081302467,0.5153044998384511,0.6883996344387278,0.8241531095666121,0.7755151609727826,0.8327290241761981
11298000,0.43263170749035773,0.33999002131038336,0.2864140534051419,0.6033968083768678,0.5407085052972047,0.7109268921313695,0.6215781342905645
11186000,0.49298018721666237,0.3714348657620816,0.8039122394850995,0.9403710594913662,1.0748530007589574,1.368941279941444,1.7069565837379073
11200800,0.665722331997733,0.599040562467116,0.7826633738710461,0.8423267135784185,0.8511505698323075,1.249970019857289,1.0241118201060735
11214600,-1.6182847976627417,-0.026217922528605442,-0.029390583982840335,0.8488136116460586,1.5806872968959176,0.794110113230141,1.3543784003433599
11216200,0.494519922079002,0.4734355617171224,0.504485016283645,0.8933183177593653,0.6607836888370439,0.8213954291055089,0.7015157258714647
11216400,-11.207494073357338,-1.4495179775804359,-12.168363192137605,0.05040827752964745,0.38079558159277177,0.16951338408475586,0.6389047666248278
11218400,0.3411224996061818,0.1931976224967844,0.4042574654125545,1.8388758080069343,2.3557567363175345,1.551377028898838,2.3272401858421534
11251000,0.49425041975630646,0.6525927467433092,0.5206271031148479,0.9144368618539396,0.9973976722932217,0.812900053188685,0.8368667362168873
11109600,0.15561915574421503,-0.01778000102002797,0.17007513725104106,4.1904258924283475,1.7960414786630812,4.521631559037821,1.8081974413824144
11046530,0.6941843628334509,0.6987551889530652,0.5574649565902431,1.0721056614142321,1.1723258329677455,1.121436705161028,0.9947156806605304
11085000,0.5353032873199669,0.34547787393696194,0.8055923333919445,1.0339469709175626,0.8826352758876493,1.902501345373753,1.401110653189698
11097000,0.6629582416206743,0.48293691927836846,0.8882275614242133,1.035668322270442,1.1884476177197532,1.427558303245551,1.4109011390492514
11101250,0.6346837424878919,0.4212704144010967,0.6872561883374073,1.1638269161907957,1.6945163209453156,1.3205715632081634,1.6912431863428201
11102300,0.5025505588893995,0.09105984152256996,0.4308512330273402,2.2857107921704873,3.9723190630617022,2.3759898438972242,2.8310388152291277
11109800,-0.15872900309557325,-0.1905377396358272,-0.17800716778330883,0.7080046824402592,1.3291107651456282,0.7478695187719229,1.4631140051681222
11118500,0.7844902136105258,0.8479854886559426,0.8123849811323335,0.9890613278945165,1.0002627620332023,0.921499685442038,0.9110572957695132
12134500,0.8343049632054892,0.8915587818584867,0.8899528269625987,1.0623737520618517,1.0488745376491384,0.9956835853775976,1.0188332031902252
12138160,-0.12627613474080812,0.4827863756975799,0.5579843172829932,1.0888538346722836,1.1900727795550847,0.7133775915382474,0.92080613401704
12150800,0.7782518715104224,0.8004646758713738,0.8937936345890822,1.0274544733976207,1.035918684527672,0.8617214705028796,0.9273660997004843
12167000,0.7357548691183617,0.8600444147855889,0.780307246649995,1.1611777210241339,1.1200067377078755,0.9172988612205693,0.9630689226817177
12175500,0.7345861346283966,0.752023378330639,0.7609326533404557,1.0595202103101218,1.0778224147111826,1.096874137484104,1.1312607470295641
12186000,0.7148230077313298,0.7802830632410245,0.7973459438881081,1.1094568549410815,1.172690618932008,1.02300448046183,1.05063227084332
12189500,0.7983250865394567,0.8798632637434898,0.8315157561377731,0.9782308963173137,0.9808182568271795,0.9378034332604455,0.9457334884325592
12205000,0.6390307147074856,0.6820851013967607,0.6592724079229026,0.94384862287346,0.988760475305042,1.1162776734028736,1.151170753251664
12451000,0.7257607062032857,0.5766387742077743,0.7822427775960115,1.2139537857419693,1.0997438733774114,1.2744578150707775,1.1336047320121936
12095000,0.8553773003358549,0.8515504869129398,0.825253563531003,0.8720161257546798,0.8751661666404877,0.9919668025657987,0.9344727200862017
12106700,0.6347929458908,0.755536432936975,0.7986962447345196,0.9653014130092412,0.9816267676903743,0.8076607951367722,0.9356042150322738
12112600,0.9065530934341378,0.9064259979185878,0.9199245856952158,0.9477255774021952,0.9818079640699268,0.9246231467941413,0.9366721513297899
12116500,-0.05601290532666647,0.4860494737647383,0.25125205477662726,0.7533046987426736,0.8586454300970251,0.6409025875958482,0.8260030737568503
12117500,0.3899490190054421,0.6648937822314285,0.5520635059631439,0.856151257290845,0.9471337050563505,0.8055647484681571,0.9320121931127093
12119000,0.6424787057864496,0.810232932624938,0.6993019439024984,0.8748351234636761,0.8600460257854448,0.8913519737845655,0.9365169175043077
12121600,0.673152699263464,0.5128514987607367,0.7492335779364732,0.7535895169831777,0.7396290811404314,0.7257577864952164,0.7294264237029907
12144500,0.8580962079894583,0.8665696180744182,0.881800857751783,1.0036889092907613,0.9745207388249703,0.8980853830236744,0.90348060602457
12148500,0.7415005566593164,0.739017207867058,0.8049147137590787,1.0118382395249592,1.0587763336815113,0.8167343036139983,0.8630190347264212
12149000,0.8183611276789209,0.8413758339185962,0.8772181303888822,0.9766886474159129,0.9730529581752972,0.8814572412885319,0.8867188894855439
12452800,0.8907955969706681,0.9287326466042832,0.8675400898869139,0.9352875981509468,0.9501299632196921,0.9842683685197084,0.9840688132432811
12457000,0.8401028687244397,0.9016617760284403,0.8569559600492096,0.939089783751644,1.0418528542403689,0.984952334854802,1.0616475573438324
12459000,0.8764239256911401,0.9183482918149668,0.8854855480902841,0.8750975152303467,0.9471331464070069,0.932437894752257,0.9773560477956509
12462500,0.8863119401542856,0.940139978334851,0.9085727875078979,0.9098624505586694,0.9571592929518773,0.9661777039356351,0.9841336842382801
12484500,0.6121035895526807,0.7398145345170486,0.6833688484303493,0.9551591747223318,0.9424018525857331,0.9286705604173394,0.9311878240950573
12488500,0.8315194248557628,0.8038241735752306,0.8020706926284482,0.9233293898005014,0.9531629671263001,1.0760381859444876,1.043601959151716
14226500,0.7517322714841091,0.7997580597678658,0.7510701614571088,1.0416217780335304,1.0079796474244105,1.0409114469692278,1.072599477968802
14113000,0.8648520026700207,0.896556558699413,0.8976578464410607,1.0057290047799672,1.006622863954479,1.008939490479569,1.0106285600131217
14123500,0.8743626291092781,0.9286783620064757,0.8890167211255535,0.9797129205158183,0.9944771377579802,0.9821983841264295,1.0131747724807487
14034470,0.6876718838314532,0.7584294110187069,0.7927948836155171,0.9751085563442042,1.0017899347008075,0.9869545678443249,0.9696539063549973
14034500,0.4349503421642128,0.6818433734827216,0.6952636368318598,0.8803169560366748,0.9198987273614491,0.8063100341558076,0.9070476088674795
14046000,0.8609469796400361,0.763033710171845,0.9001076576972231,1.0001066808288592,1.0222266853413877,1.1579446858957514,1.1122143206093922
14046500,0.8841934293896944,0.7919758044644155,0.9065183461057218,0.9428369445736514,1.0116084558774492,1.1371548283998951,1.1298079380879202
14097100,0.802761508397444,0.8200374621441514,0.8485542152083271,0.9798910172272127,0.9913070718692194,0.8644946054633778,0.9344471913832352
10396000,0.8171067654671759,0.8175210906275941,0.792308713952683,0.9365708974932405,0.9891394722945411,0.9349789428233242,0.8778333849013121
10257550,-0.1977516878863188,-0.40568492989543614,-0.22471753947919204,3.7743938675316935,3.7862038082057983,3.4278891725066494,3.394707982550074
10258500,0.27214277099656947,0.6056104397550164,0.6328393003731901,0.8903195339467321,1.268038169851939,0.648393431176812,1.150390779303305
10260500,0.46987803525148764,0.2221336360507199,0.6268686747169161,1.947723292678274,1.508371347612092,1.778820952511436,1.920325242863154
10260950,0.4287374930841322,0.10368464984991788,0.7926045467127665,1.0391958412853282,1.3457874504677565,2.382741123694439,2.3574792996109
10261500,0.7771112183236834,0.6022321048746886,0.7653611302520866,0.7907042166988296,0.8243570158468275,1.1072547992760957,0.7570897186081084
11043000,0.7552802775653786,0.46293260047851426,0.7497110404119669,1.1301221502636758,1.241583474083927,1.3569721047957304,1.6930561953190466
11044000,0.7537064572843553,0.6598410558809966,0.7712138307922191,1.2278329054183292,1.1088618794529452,1.1097548247987001,1.3070880416348454
11044300,0.627188341320231,0.47755637925534733,0.7382717178054292,1.3937825825123642,1.4217566199947278,1.145498427350237,1.617254021227503
11051500,0.23639549155223671,0.2239956890761038,0.5552159792620316,1.7948679261500633,1.2401419671226783,1.1305336187221944,1.313124919660118
11062000,0.42784053544264233,0.3167099474426698,0.7756967945942188,1.1085607719756985,0.8428927856278655,1.7123909711286727,1.135311281038596
11062001,0.35155497172672723,0.17034044277114269,0.7853899828174202,1.135087444646892,1.265736867595814,2.0198002509416004,1.959233385673464
11063510,0.22105632293776356,0.13279546913918827,0.6310852321239104,0.8089870505276875,0.7050143243786122,1.708615717025635,1.0810922646029875
11066460,0.5235434974590908,0.2761507283073117,0.7679992369905744,1.0425672713770702,1.0811378326945458,2.0593074394603996,1.6355902670047742
11073495,0.5444420404250823,0.27371440122542234,-0.02603201444351333,0.5208628959304851,0.9609355856225673,1.2406809961763605,2.6060319796451936
11014000,0.47738272560655304,0.560762013761249,0.815514043796437,1.1274856669930329,1.3786158983955845,0.8349685668714514,1.5112662380240929
11015000,0.6786140462067893,0.7259940587815101,0.8289454166503519,0.9362983369075777,1.004880520723858,0.905279273893886,1.2580162654379758
11022480,0.7285003933793605,0.6799014582876435,0.8482730587581004,1.126595862593936,0.844286723507358,1.159515730216048,0.9177838323158333
11023000,0.786792021013667,0.6969171236560051,0.8070537419335988,1.3213749413788507,1.0687667450321203,1.2279333026429073,1.1093354611941892
11025500,0.5846647218918358,0.24809501057038152,0.7364463642463019,1.2917668673016833,0.9123553982970558,1.306604558374415,0.6355570182040702
11028500,0.5104987272837606,0.13796760053221258,0.8872849746571554,1.0224633338781917,0.9890685409603611,0.6273359437716075,0.5731847856504905
12448500,0.8808993613046476,0.8919034510277197,0.929281073589201,0.975136760923695,0.9035237161978139,1.0103935413123095,0.9768386249345277
12448998,0.7750645130593616,0.6737119821848213,0.8885895192896449,0.8819943003353435,0.8846093548114305,0.7810320849482945,0.8134264699647119
12449950,0.8920700683613215,0.9020062481095195,0.8540081591299821,0.8272206537638828,0.8444993810479496,0.9204140219430866,0.9298189397769778
12452500,0.1903099439498055,0.5026771875996241,-0.058499093960429294,0.8128135205381568,0.8665802827033352,0.8654543487397202,0.9016190990509845
12465000,0.47377222042355627,0.27793263019462044,0.4392698354126171,1.7220570682695588,1.373011965583207,1.6307287978061251,1.8343575745285718
13351000,0.860129500709331,0.8150979268398295,0.8779916845180585,1.0541782729804483,1.1197446142235083,1.0531040231636841,1.1718197642696975
14015000,0.7268647973324158,0.7031103943094555,0.7230347676300309,0.8192868525045984,0.6943745588242478,0.8754214613713035,0.7941802627317266
14018500,0.6509981399457949,0.813900559770573,0.7947518098668442,0.9020600557273412,0.8483177690985645,0.9048858912416324,1.0658141255256408
14020000,0.7744902120847403,0.7427396710387417,0.7972508986112348,1.0480355894478157,1.01774423476055,1.1116455823102998,1.0804490209611364
14033500,0.7991455937406007,0.8652198025476181,0.8426288637965859,0.9837168077119434,0.878765510238927,0.9273757819453133,0.9243052597997099
13331500,0.8940308336390926,0.848078987690616,0.8637206344232031,0.9754819710352591,1.0016383622452976,1.0812977801986745,1.0936907079603486
14044000,0.830428280219842,0.6985927110248843,0.8857218216669919,1.0326692710904941,1.0655486051528242,1.2237955496078934,1.1799872588259244
13215000,0.3246733121359735,0.4251128483852731,0.4980213434839893,1.2700127260855334,1.1439451722855565,0.9698428864666037,1.0002078318447802
13217500,0.3933687675156943,0.5616535762650514,0.6153964395098438,1.0911699990370725,0.9882078166862113,0.9252343631259404,0.9910438481237058
10352500,-0.1388362285022,0.41150801478439114,0.7042203442864192,0.7812027614766122,0.860525136427778,0.5256801811857629,0.9067522536586723
13181000,0.7376919830383679,0.5996260751945448,0.7703683738044454,1.399474064102555,1.3801038531172105,1.3079734885486796,1.2570286431665707
10321950,0.5504354884565936,0.5240354030008988,0.7778181730584447,0.8015905152335439,0.6727954855310028,0.789940048185155,0.7051550045929325
10322150,0.02810943265211152,0.4102548389675833,0.8171853241808018,0.9260224086930919,1.3759653787770452,0.7184169569521615,1.7507728444769421
10324500,0.6378043764968944,0.6822029033371864,0.6165441279126196,1.228249437654951,1.1589097916345397,1.0498980187452227,1.0854416002319094
10329000,-0.4880764681994276,0.36707248368633894,0.7381764202728354,0.9890799408636775,1.0763624809896022,0.6191062485778344,1.0980932717964542
10329500,0.7260690551644019,0.8394570967289482,0.8028742639010029,0.9958241547875216,1.007849439164195,0.9437435552858017,1.0211101752299392
12409000,0.8062640749768354,0.6174696724234388,0.9009715009924303,1.0288874949322868,1.031419561806099,1.3331917078630289,1.275452981429347
12395000,0.8007561691981534,0.816627113231478,0.7594134728080952,0.8513368454282974,0.9221386606054477,0.8608991427580721,0.8927795308614993
12413000,0.8158896658760081,0.8164934704251522,0.9067871696437749,1.0347100211985887,1.0256433778192489,1.060290098667398,1.0550541840477279
12413470,0.8460059860618853,0.7817054395714909,0.9047174080132199,0.9500538684715251,0.9302148383477591,1.115793565878449,1.068654956033115
12413500,0.8271352096283555,0.7811951883422452,0.9150100842448167,1.0566927587383703,1.0293515880197912,1.109429771075826,1.0788554127132688
12422500,0.823644271525377,0.9020586442913388,0.8114128089398313,0.9010067754735925,0.9407873544460973,0.9289870056230655,0.9574786698239042
12424000,0.7688497458039392,0.8409220007198576,0.8156082026516873,0.9080738635855687,0.9112245766779729,0.9777600928968722,0.9903873771518991
12431000,0.891842678902167,0.8538671322710369,0.8852582606376496,1.0471676895692412,1.0619131297241122,1.0853404815968535,1.1073741608730219
12433000,0.8359378991103698,0.9123431455105158,0.7998127072012596,0.9333386648250326,1.020914488941483,0.9718682122139275,1.0329299216734795
12433200,0.7559260914085791,0.7174361120859142,0.8158477238333376,0.9409501531468751,1.0766760882396127,1.0973999450493983,1.2700286256552613
12414500,0.9185478524554865,0.9025359567417397,0.9112402431065063,0.942023675696866,0.9303666495800682,0.9756546547627328,0.9309828811671862
12414900,0.5504676310281649,0.4295168531789274,0.5913941824279276,1.0057893829603715,0.8145521114810648,0.9854767512424911,0.7949572707840113
13333000,0.9345002477584032,0.8954169779948024,0.9190253754933175,0.957158016865226,0.9821227446360964,1.0574920040728826,1.0545056857312705
13338500,0.8864847357361986,0.8683602903672072,0.9394987921933023,0.9974808783939434,1.0324917417357402,0.8951795621341344,0.9152346477623181
13339500,0.8700932549363903,0.8556137005770376,0.8633274207602577,1.0175570164154168,1.0138243571463303,0.9318491297553501,0.8873447661842626
13340000,0.9441721784068713,0.9117626730502201,0.9626653598837766,1.0130097167825418,0.9824185229412835,1.0014081391852332,0.9511589828441889
13341050,0.7743445744521615,0.8381523907441266,0.7706423504963478,0.9059530922277121,0.9865829442400331,0.887473401253675,0.9634630655381701
13342500,0.7941040531279083,0.8566041867776681,0.777086524377381,0.9103321211597372,0.984667581730097,0.8963920888253021,0.959185330654995
13345000,0.8638620585435939,0.8770092929675766,0.8975283100894644,0.9697522271659238,0.9509410763517698,1.0058355776477153,0.9554674659304027
13239000,0.6087985519082989,0.42580409367180927,0.7298050712067662,1.2975637747962783,1.072569771437203,1.5900436431343132,1.296689099138831
13240000,0.8021546852962913,0.7296353828184581,0.780343864831899,0.8486820577522229,1.0617450015097265,1.0658257942547107,1.298701463899578
13258500,0.8620815270647393,0.906105458329606,0.8910973737724526,0.9493256585499279,0.9383708171434184,0.9561140793438231,0.9486636440970507
13292000,0.8551831190127245,0.8342959939493296,0.8957596627459361,0.9521009431369203,0.9774524417368966,1.0701045055293052,1.062835432074862
13310700,0.8478052621569709,0.7439011149123274,0.9229589262942622,0.9985731805689405,1.0220762766819573,1.1725176775445025,1.1635445653875427
13313000,0.8128599449398248,0.768950603624664,0.7603219607503392,0.9230387594812011,0.8669743974537477,1.0465504559373777,0.9215108002863495
13316500,0.9024635182002313,0.9202208850480291,0.9007915421741509,0.9360026779073749,1.0087977460651725,0.9986464199139069,1.0671542884709446
13317000,0.9301345569275488,0.8416733563782828,0.9172920207130242,0.9536661339409864,0.9376979449919483,1.098240610449018,1.0391697054485474
13159800,0.2008077055824904,0.6226593112561059,0.810019860367726,0.8830227847629735,1.048215446066341,0.7643741229224768,1.069498378423451
13185000,0.7275031870266142,0.5405189175957806,0.8444383997613487,1.1850834839942668,1.1299022644155825,1.4150073456187096,1.3256884323082307
13186000,0.6922361985455943,0.5535891955936052,0.7095401459579203,1.1720464123811776,0.9413841330329767,1.189998681845609,0.9611217739095296
13190500,0.40284401388186997,0.5003947764340646,0.6229273736806323,1.130089012534265,1.1308207314987424,1.1130952026878402,1.1960882233051715
13200000,0.7790865473941991,0.5629556302684833,0.8155959862721183,1.2086321300517608,1.3249176960190967,1.3654503854696598,1.4905515268142757
13202000,0.4052926074114197,0.4899572359137139,0.5971688644608732,1.159592487170183,1.266720778335773,1.2424684924809286,1.4035219632111993
13206000,0.16169708125883486,0.3711227838919843,0.1645200573834208,0.6205705345740049,0.5851994567788137,0.6575127796865509,0.6553690579710446
13235000,0.8658328677645919,0.7725459013800102,0.914197937958336,0.9746923846806478,1.0185875859970497,1.1498878058655382,1.174474133671906
13236500,0.27299372592557813,0.48762227150850035,0.5796727345438835,1.123645063925742,1.0351846644937719,0.9367542234509464,1.235328988598581
13245000,0.1908788861175429,0.37908926790168695,0.11812067896969847,0.9206143952836475,1.146686615772598,1.1329352003151874,1.3546541080489336
13246000,0.4294961813020831,0.4629908516124467,0.4441866458634499,1.1005441146460464,1.1719321668884215,1.2878720323754942,1.3383414993089024
13247500,0.7578885300545934,0.6399720107473184,0.8791427920862532,1.112578414747059,1.146914260359585,1.2942828789803302,1.3239742311104625
13249500,0.8083431824850318,0.7248073018743009,0.8376732922396314,0.9964905072266736,0.9609074970303894,1.1537585674201332,1.1087359835239765
13266000,0.8275093567954712,0.8925147943274454,0.8887885680448184,0.8905169549344357,0.9820444173428099,0.8963452231181688,0.9877064839127028
13161500,0.905476802099685,0.9123966238488772,0.8666378261191978,0.956370531456956,1.0602377417483915,1.0197248868396651,1.050864472439133
13168500,0.9134795528003227,0.921857651390126,0.9109089649423548,1.0231559999704933,1.0633902012987912,1.0036662280282682,0.979312227828877
10315500,0.8660719858754121,0.8790186820803805,0.8509971506597829,0.9623027724452886,1.1404609405769568,0.8959950064585926,0.9185518277008955
10319900,0.7899446339053857,0.5577764102466396,0.9167871720295396,1.0901170494639358,1.1352142800589313,1.403805230091074,1.407909305831083
10320000,0.7736474682794295,0.602848437921041,0.8119817492955645,0.9628721657227195,1.0477036938741526,1.3001217184501221,1.3444840560490008
13105000,0.7189437869269399,0.6767591160767181,0.7820464799923587,1.120179685823682,0.9830292403407537,0.9703844797893633,0.8509530876937894
13174500,0.3003712805552813,0.23197473546477643,0.502707019397618,1.110874254201104,1.2130437750563197,1.3858933749109466,1.2163372932809187
09409100,0.614214937135009,0.4740684860767638,0.5835828464700431,0.7742033140470298,0.6458344793638386,1.0036407971541728,0.7232132341456896
09409880,0.6264101277025065,0.7621540027488674,0.7088037885595084,0.8812767153546368,0.9635601708435239,0.8500457613331107,0.8845112037808264
09413000,0.6018943647164373,0.34273442350032757,0.6489775956607909,0.9415461230754498,0.5691766985433808,0.753124123434144,0.6134557179947094
09413200,0.5791068991952624,0.33008712179878785,0.5281455815150375,0.7879320227801666,0.7584244953695877,0.7689944277823961,0.6082467360019364
09424450,0.27850341747386587,0.14588681431291084,0.5803955932365561,1.5463033902862857,0.8536131728767151,2.111222245395035,1.4154143015432878
09424900,0.5473875522327684,0.40996882839784343,0.4413630207428879,1.113532885958665,1.0076088374276595,1.0210407584391263,0.6968025828353428
09426000,0.34508916706373505,0.39525733019640585,0.10407550859533898,0.6081860096091376,0.9294868909338808,0.9559738184696334,0.8317450975805049
09535100,-0.004248263529488039,-0.7066101181200317,-0.005410106180788299,5.564641341856079,15.458237667474375,17.96019421683621,18.436870665479464
12301300,0.8655166956282523,0.8395779371065607,0.8917614990255786,0.9590183936097684,0.9403385557862715,0.8877521706194038,0.8760127815265277
12302055,0.8008968372717529,0.8125771866864184,0.8262260473508859,1.0135274685975324,1.0867567786858743,0.8607430351623987,0.8676758598389146
12389500,0.8894888283645497,0.8186817176554145,0.9036651698786539,0.9412199083792809,0.9468749955398724,1.1055714315505503,1.0705776478006725
12411000,0.7800194935295507,0.8609413531214519,0.8725165259284499,0.9132478146341979,0.968043108617907,0.9625781938975828,0.9774075418553246
12352500,0.915738084240076,0.8816479156874074,0.9386575983366362,0.9448612684402747,1.0150344218978429,1.0330560086893275,1.120415082398814
12353000,0.9484113774435781,0.9445986661529733,0.9496518661051337,0.9486290316765772,0.9820009381295831,1.0185605826379331,1.043255529539996
12354500,0.951328553126912,0.9725034295596918,0.9304334579810256,0.9016020636342087,0.9235655215495947,0.9949327709313228,1.0079496423332446
13336500,0.9412835430816006,0.9360666229865582,0.9589958870517638,0.977307078754447,0.9589103429738344,1.0083045032026852,0.9813857444904287
13337000,0.9306565967431608,0.8658514392616921,0.9472498602137769,0.939640365877241,0.8889110418881155,0.9797552537816995,0.9007522126223548
13340600,0.906115126767691,0.8556226344844334,0.9110958291758432,0.9573843040954136,0.9122815381653175,0.9695538073725865,0.9009175153231727
12342500,0.6206364495750214,0.5683428106782741,0.6974769320317583,0.9833623375407684,1.1227236813844985,1.2198436462933655,1.338195917930256
13302500,0.8359500100855553,0.7366594733760992,0.8391196744970956,0.8979923725502149,0.8922176234610523,1.1153520543152704,1.0320861660953136
13305000,0.6063493450806919,0.513564020980633,0.730775857704089,1.0225964474625466,0.9831931095738613,1.1027149820900959,1.0458759501022783
13120500,0.22403976099728629,0.020191710666222273,0.510720779908687,1.8669314830262145,2.2344007929473744,2.7046754691511476,3.0939720694418247
13147900,0.9044257779558718,0.8050702046531967,0.8957340683393855,0.982059838011333,0.9812786545450876,1.132698043657746,1.0778982029462525
13297355,0.7365332096132708,0.5531686357259649,0.7068296429443425,1.0778732135193438,1.1137620303556823,1.3861935950269142,1.3584875253300963
13302005,0.3271722054685534,0.3414318011663383,0.27001036733864636,0.9580251488438881,0.9464636204782666,0.9120373046836011,0.8978585859972529
13083000,0.5994662988543648,0.768263477788456,0.8310523517503656,0.9742003163657124,1.0557074517760512,0.9055083431608024,0.9977984957944773
13141500,0.7052248177790943,0.7251559266375086,0.7563640045189971,1.1314624379898133,1.091921986181509,1.0650643797379273,0.9776133019875831
13148500,0.7037320719916562,0.775244560365521,0.7564625130094815,0.9263291410515219,0.9475679523910422,0.9949927152071187,0.9953076417754044
13078000,0.5180872864697563,0.342432234145873,0.6896915030376753,1.0723368575743522,0.8894903625834567,1.1790163149500272,0.8181296768162679
13082500,0.6096840842342328,0.8039426203354338,0.8363545533448846,1.1264417505242696,1.1759970812331306,0.845981475604984,1.0074994534178856
10234500,0.8175784959554768,0.7303825432689,0.8382013538291408,0.8422337055433143,0.8805051989234779,0.8299317707691471,0.8074211261259494
09403600,-0.07314200733220311,0.39988817521324593,0.4540535172714,0.978404523035404,0.9811955911994218,0.6104872398910807,0.7185455130570194
09405500,0.7645502245391627,0.790744591626834,0.907157909004207,0.9256914812858784,0.9319035493379413,0.8484861991393711,0.8534645721213077
09406000,0.6019841503454728,0.7835404373419566,0.8049411148560071,0.9221487611574375,1.0121722677381628,0.8330056785080454,0.912009926088946
10174500,0.8757858048636824,0.8333924932301656,0.8284657784863123,1.0091016746478347,0.9487011518593536,0.9548083011768718,0.8788485075552384
10183500,0.6358444883264851,0.8005346243678106,0.5746572149793636,0.9491631231544443,1.0327832837620539,0.85768117898084,0.9159291321526516
10189000,0.18379222045881605,0.3483382505618252,0.5163257524600745,1.1545936957604614,1.105414054051593,0.8872159683976771,0.9717197069290476
10242000,0.8273967553326391,0.7338574405911491,0.746246559367524,0.7345898819672834,0.7732784228203012,0.8348795061982667,0.8106647337724076
09382000,0.22424506043038173,0.09104558318351952,0.19065440159186098,0.758717388951347,0.7140993192591518,0.926081394181177,0.6853246332033689
09504420,0.5020535381252738,0.2721142891575177,0.4863568868996857,1.9377857544249593,1.6113785658313486,1.6716029667269787,1.8436875203821677
09504500,0.686552625337217,0.5871592780865595,0.6654200455071001,1.461579615776132,1.1446844609189195,1.1565912366071862,1.3796599215326375
09505200,0.6215163035937818,0.7532650257274328,0.6819313238238275,1.132262466824348,0.8897062498998355,0.9207441916059592,1.0255248226901972
09505350,0.5672257220582556,0.5746514866687118,0.7118680373703672,1.1552473130120027,0.844989821074687,0.7958899589685652,0.7331481582193142
09505800,0.5471161950770698,0.40196750887056343,0.43556622405675227,1.5759613019210934,1.3148385324017633,1.4524798765864044,1.454496782920872
09506000,0.7928832267087271,0.6809406182715523,0.7714852418358554,1.449326691908737,1.2670580231822461,1.0700059116340603,1.3560701170213263
09512500,0.7342520577875397,0.5890715763080281,0.6836067606484731,1.0455425008810397,1.3375079475108522,1.347680591077498,1.2461940272682446
09498400,0.6790208760026821,0.3889965931115502,0.7828469389891763,0.8113368270879353,1.1897493035175495,1.4222403959823726,1.8187957109972153
09498500,0.7794488899037432,0.7352221671709982,0.8404249703063348,1.1127632098444007,0.9819340266588178,0.9199466803028818,0.8123208633687404
09499000,0.769668475291562,0.6742430404227007,0.7817120462379124,1.009996446524476,0.944000648181668,0.859374132296516,0.7662914897646383
09510000,0.06629816465518801,0.4684562520807397,0.6246100419896554,0.9878147438669372,1.1938127738681525,0.5638501372099286,1.3238892239585673
09510200,0.6351687692026834,0.45616461317284207,0.8344462872666594,0.8635625693565687,0.8098044406125797,1.3583318447768882,1.508861808568795
09512280,0.5020111806719378,0.5589806969583069,0.766018118173178,0.9925739472730023,0.945151501171197,1.0581014658364165,1.0421454949573525
09512800,0.8414373286818483,0.7241460386819787,0.7555589922762067,1.132707151183285,1.2286002895144212,1.1175372718753824,1.250019648874499
09513860,0.27538391992203826,-1.3873602643393115,0.20354596638698674,1.012294026665106,0.6784685619999982,0.6496294175331307,0.29784502802583473
09484000,0.23202072804919183,0.2545433281236399,0.408520411588864,0.9218228411269669,1.359235013004995,0.9928763206439618,1.2714621916190845
09484600,0.0793509487194094,-0.10796442157397101,0.06119277537942047,0.5323574285356194,0.8372980554512598,0.8491540286104305,2.6248997160256526
09480000,-0.03842108475385664,0.0710940658988457,0.3761150577211221,0.7570465806302826,0.6887303840892564,0.45547692648171634,0.7926313397495325
05014500,0.8153140747796412,0.711906943088249,0.7711537432847784,1.1433393530105709,1.2645140440965308,1.1819492925145783,1.2486081950037606
05017500,0.8024035437100987,0.8526802743602486,0.7690989380794374,1.015631907141859,1.1092387814579074,1.0167574269948116,1.1080755017384447
12358500,0.8651945056298417,0.7378653215853078,0.8735631380649304,0.9884323981824511,0.8384962840775055,0.9880277341566885,0.8436764492718204
12362500,0.05095286174438429,-0.010004956479170213,-0.05182435542110109,0.8744328961275969,0.9016403798319393,0.90169663630494,0.9016726469086476
12370000,0.8775349726007347,0.8372595080606496,0.8790221247249197,0.9245982083374368,0.9159827207650741,0.9160136522450465,0.8692904330062149
12324680,0.8249893731836768,0.8070656760866495,0.7944800738906797,0.9538705654189854,0.9634164797689008,1.065832550112717,1.0481154338791743
12334510,0.8850377571726865,0.8945515916517144,0.8472158230324922,0.8912481718835056,0.9092162347383413,1.0276384855073168,1.0295928297268542
12334550,0.8849772609250471,0.8376183990863189,0.8274883819755426,0.9435404558533544,0.9531523023976038,1.086099298231899,1.0785635810177123
12340000,0.8690734025203912,0.8926901725220564,0.8992065777676312,0.9185597519603224,0.9677113622395291,0.9079012302318246,0.9639725143770352
12340500,0.9181416348820832,0.9561361967254949,0.91013480831468,0.9365499624459331,0.9726173506847221,0.9886206553736111,1.0097712881719982
12381400,-1.9353845740535776,-1.2024953854548306,-3.053918813394354,0.2849979447087372,0.3268150647875094,0.30504144219522766,0.3581338286379957
06020600,0.7811557245715937,0.7214763600163014,0.8095662371226241,0.90487226493223,0.9265451373922738,1.145955209172186,1.1192083138504554
06025500,0.7519305713461074,0.5211460494871485,0.8573024510356402,1.137983070126654,1.0949497506543098,1.4888667022173454,1.2856449592727757
06033000,0.7709957132189814,0.548156672933276,0.8840299938466767,0.9944511805201771,1.0722210206209315,1.3865645045272954,1.458948799752783
12323240,0.09455768098345552,0.2923519689259281,-0.49697186444104724,0.5856753989834305,0.5414590024729082,0.7037199131611959,0.6506106750930118
12323250,0.5009591212791804,0.4814414943862979,0.455021839627305,1.0383082862440038,1.0384844519834746,1.0910242836458233,1.0662572496989193
12324200,0.7215733196986878,0.7329021827937294,0.7055634954166065,0.9300922352241571,0.9389185539030727,0.987884878766231,0.9529299774010921
13042500,0.5274261464738006,0.5906686314676461,0.5743949234772434,1.031180335425447,0.9806256728424523,0.9857867505879877,0.9735490510290307
13046000,0.5676094627482948,0.6403094870437547,0.6559148578738156,1.1863344187519993,1.1836076424951092,1.1772892311266125,1.1790463249398282
13049500,0.8740328366218757,0.9326575860535078,0.8494767218655342,0.9595969025713765,0.9989280975084662,0.9770614387908492,1.025345856583385
13050500,0.7266054166091478,0.841939193794747,0.7529289761727321,0.8989859979980612,0.8931625426501498,0.9029178893326284,0.9116243354071377
13055000,0.4265022767973701,0.34708421155771174,0.2954129824514997,1.85072761222498,2.4410952903262384,1.6754237889749497,2.216562569568507
13055340,0.6450163062635419,0.5790764784522675,0.7185783390448914,0.7748412069929981,0.7288592508042989,0.7361802448169534,0.7482140743678969
13116500,0.28920835316809534,0.19812222040901983,0.7198795582565569,1.1352662905029247,1.0469972711800692,1.1871350559209946,1.1188771628062784
13032500,0.47026829815199944,0.48671432726673547,0.4916286104555405,1.3339737206993483,1.377445054394277,1.321090494218485,1.381140382307461
13037500,0.4168460320113029,0.44283628853316725,0.43942354363196034,1.4378386636344362,1.4963909081148241,1.4312371610398729,1.5105812129757952
13038500,0.41861974497741294,0.6155205783593016,0.4371773246208017,0.8551270152048341,0.8769272605100622,0.8599071752700287,0.8867172313874433
13057940,0.6799976260268518,0.4804292958628046,0.755846682811748,1.2844342361538286,1.1554512683596443,1.5496231299081902,1.2407702302854755
13058000,0.409690390373586,0.4330996618633862,0.08439328909185795,0.7954626889928208,1.1267906807354076,1.1455919328126714,1.1992625223534332
13066000,0.39259308516557734,0.5862047657284222,0.5722381970021777,1.046330429434766,0.9964832215913988,0.8376308632477338,0.8458334281004266
13073000,0.5640708394379823,0.5205999085322118,0.6993303590807733,1.1457884893353065,1.2450866901720026,1.2860954565777876,1.2509807518251153
13075000,0.35958573732826493,0.6961074848304262,0.4539831514574696,1.249117932914228,1.3674397816014483,0.9137924513306874,0.996554754733034
13075500,0.515505079187156,0.4398167841564754,0.5978830467062051,1.3981352398480957,1.3171465469843542,1.2439482578020307,1.1554769827906068
13132535,-2.710997278856896,-2.607215561553916,-5.539246540767258,0.22111853409988175,0.19228521178244465,0.3019103733313224,0.22627851534044635
10020100,0.7940215903746604,0.6888853266364628,0.8351180443386523,0.9676331194696288,0.8748137400441932,0.9868873383026789,0.8136530096006854
10020300,0.7316816036840368,0.6552580219581676,0.744833169540461,0.8937708274767153,0.8726985503945629,1.0298262151391224,0.8394690804778213
10023000,0.2743134687674207,0.18858839934878024,0.4053864332369126,1.0536799436755258,0.964964830539839,1.5842138079625931,1.3912777844311335
10068500,-0.3721404625661493,0.30523112056758894,-0.006923868569831182,0.7636453748070954,1.0237279574586022,0.6175214513321727,0.7828563674365425
10109000,0.9162746895918701,0.890488320919204,0.8813787810972353,0.8739944277080657,0.8676167493065366,0.9943995006333889,0.9496153623840555
10109001,0.9159058378140054,0.871805811666398,0.9131094637727953,0.924232917399379,0.9360988570960722,1.0577908266005824,1.0330915794765914
10126000,0.44008939615660425,0.5588287412304751,0.6509893104974269,0.9226612344659985,0.900141900440237,0.7823293813062795,0.7440549775099984
10136500,0.7113393529605967,0.6472757538996698,0.8142703883607982,1.1242681243236425,1.1481493079362586,1.1364420831007542,1.0438520826772875
10137500,0.6679968573891355,0.6425398587004447,0.773880144728728,0.9302490989065902,1.1272344145264959,1.1658856871624788,1.2459623105604294
10140100,0.4783170526714583,0.5254174146764089,0.34276082298422905,0.8034923359317572,0.7412423673448422,0.9865342261075529,0.8940477686717329
10141000,0.5571228403246645,0.465275656121504,0.6519244589397151,0.8271594362494602,0.7892875991819699,0.8319919603103412,0.6938048673192475
09277500,0.7323230214521714,0.7581359002724664,0.8633603996941324,0.9084474777024134,0.903332762351288,0.8491833268172184,0.8260343480486025
09279000,0.06771215755723003,0.44924298599161827,0.7243891547086605,0.918122861885683,0.9955002247434934,0.601578740815871,0.7838821749812588
09288180,0.43653943615399904,0.38768538574432876,0.8098151545260597,0.9240692080030923,0.9804754826021782,1.1538068398937475,1.0896427392967487
09312600,0.3428504744159634,0.4385917988467749,0.7556286878946639,0.9587289875866831,1.0145638404473327,0.9783989990977484,1.063838165396626
10011500,0.8476077859710084,0.7814658121012623,0.8781939521295381,0.9468991673835944,0.9051577822163924,1.0752350810406286,0.9432032919817283
10128500,0.6311173257739214,0.4327158816573595,0.7873821238366233,1.2063553365124213,1.1092819165805956,1.5501448799732302,1.2294686005678006
10129500,0.5596126746537142,0.6597491573557637,0.5933336587218825,0.9969216892566869,1.007243584958458,1.0175802308821185,1.0546517844273924
10130500,0.568710982704864,0.6593623903542044,0.6174535337928803,0.9604734149511542,1.1419368529131821,1.0467606404641605,1.09447235948363
10131000,0.8131147634721851,0.7725378453165646,0.9005763570441395,0.9244743950775186,1.0031948138456819,1.1103825379783423,1.0716653842732484
10134500,0.3045504460753351,0.2855492936492904,0.2718016610536178,1.105864672928393,1.1859915815860809,1.2935015350611847,1.2599960420267093
10146400,-0.7758477347511643,-0.6060426340032978,-0.43986041175912693,387.0437470792611,403.90302546197313,357.87285155209725,354.98525604429574
10150500,-0.6023969143991201,-0.18428383339645116,-0.06249817714963246,2.6982104294673634,2.3700409402188014,2.399643843955736,2.3308970022939866
10154200,0.6083490680802437,0.4103408073653181,0.7534490565460737,1.211644560954911,1.1303706427298303,1.6199195781783482,1.2720668221731333
10155000,0.41400143926412014,0.20840892928864152,0.6128653032662567,1.481265047838622,1.407909506069741,2.1386468136365,1.6752645490878535
10163000,0.2289595807285557,0.5073591615486341,0.2930087793927173,0.8914432960877472,1.1083660660717802,0.8669044287952508,1.0391595141966505
10166430,-0.27407138179392554,-0.39622809995327546,-0.16022119347691843,4.033333380228149,5.330158667381639,30.741164058196695,24.309139090621837
09310500,0.6887840670211939,0.7003150041406986,0.6747827614186837,0.8391415288987407,0.8761428889706508,0.9437918811953574,0.8372499936990332
09326500,0.7130021423888686,0.5213411638363297,0.8343723123460616,0.9340106915144667,0.9208231709634068,1.4655498813543648,1.2056815349671297
09328500,0.3285027527614236,0.33576368615750063,0.7375913341282235,0.8843576955366044,0.7934711746324373,0.7858077450548443,0.6882342483104085
09330500,0.6304790257403803,0.5613741840117616,0.7591863305070548,0.811681175459819,0.7859401631167308,1.123171275749699,0.9730513174279085
10205030,0.331340143000058,0.4181247403744306,0.8077422667925587,0.8832910964825419,0.8792588094417271,0.9370371360564427,0.9275411362071495
09330000,-0.19391032948306042,-0.18404254656161312,0.08713751225987676,1.0176036918755238,1.0097256362089155,0.8264389479010148,0.8252288099377193
09330230,-0.18017264531910948,-0.07174651606117943,0.050195325715826966,0.8688501715470213,0.8542826095742119,0.7287950550832443,0.7144758676203141
09401260,-0.09559094627518272,0.10442171041081816,-0.37337223334382075,0.3465840186443415,0.3716124978571689,0.4096275227829163,0.7705156569098941
09384000,0.19969894022999068,0.45825065482229843,0.6275289211670776,0.7856173098692982,0.8264262510462562,0.6546467567327919,0.7369236076474599
09390500,0.12200247659213048,-0.12247367862353675,0.17912570063318678,1.5946978986685976,2.3766449033388715,1.5213303116394703,2.4481980070761638
09466500,0.030222982106803853,0.3067400709749848,0.5996814809696711,1.461241306380798,1.001182574885128,0.5372383396984818,0.6497037681509152
09468500,0.5722018131898916,0.7089581613692133,0.7102830428782356,0.9268243777276628,1.0304605360287427,0.9096632356584169,1.0333730336129383
09469500,-21.247462326804147,-2.719091165522491,-0.7495238023813595,0.4198642469543823,0.7793055503212538,0.06582838389749711,0.6207932321745774
09489500,0.6695302727748158,0.5340377320296483,0.7447073871691334,1.0560883598561328,0.9730467416299278,0.958769485575089,0.7470045430146947
09490500,0.5771922340253564,0.36805129185457275,0.7788689292640144,1.024162592107307,0.8297290038064391,0.758024872287103,0.6225112711663409
09492400,0.5865769964023038,0.7202721339376109,0.7670756225283509,0.9525139168878298,1.038477397734477,0.9512915224554949,0.9922160471590664
09494000,0.5400113013517569,0.5870676476329044,0.826570423672754,0.9408859882385584,0.8982808244931303,0.8143238746844371,0.7539550634213356
09496500,0.24859135927679576,0.5278545015193872,0.8532614920468344,0.9478871012625988,1.111047210082846,0.5748355066165274,0.8425906474783456
09497500,0.6603122861332307,0.5881081458649693,0.8544046229010691,0.9678374221189165,0.867066311387253,0.7724552298047705,0.7256186328294347
09497980,0.7373910240720672,0.7314839521411052,0.7665508386957957,0.834824517857961,1.0469028130229652,1.018511458276359,0.8616382420806659
09447000,0.017591548448178673,0.4268662990743195,0.7076291133808736,1.4612560761520628,1.0332299691247626,0.5242515451249227,0.8139009581181732
09447800,-0.03209872630129551,0.3274585406826954,0.7093862589613533,1.2375258523206483,1.1492327242326164,0.5168464702961069,1.5283170701464461
09448500,0.6092286072054788,0.7273873928148749,0.793301199676633,1.2839526816473092,1.0257603250772498,0.7397303530305716,0.8854652671619926
09537200,0.07956861921676406,0.011889792256305598,0.2361546583554457,1.317321025944104,1.724566837713848,0.7531905858326877,1.5750865953576896
06036650,0.782284933207003,0.6738765828445192,0.7779710307912762,0.9736465677174242,1.0636536843932234,1.1973410776380382,1.12915646774353
06043500,0.9210015212930054,0.8632988862159301,0.9295573208253137,0.9629128073162369,0.9022835916866475,1.0059768658444521,0.9286007724603653
06052500,0.8953694622706769,0.8829881757642681,0.8443959598936711,0.9040412644092202,0.9274803503388266,0.9352604053065907,0.9052087174586275
06054500,0.8309643346684087,0.8142699837788654,0.7539382684444186,0.9488693038908429,1.0162447045863519,1.0598331083707828,1.0440756169323322
06192500,0.9594485861681794,0.9635560858389142,0.9069472653328251,0.8691463124866287,0.8839094722226124,0.9686803949821193,0.9745836081410447
06200000,0.9239988133432516,0.9260809320124432,0.8622685739882432,0.9216686577196063,0.9220305254603077,1.0146266930269259,0.9879567882147396
06037500,0.11207494163245257,0.48986223422430697,-0.11571236904776616,0.7597264412736234,0.8459708573631733,0.7888624611716344,0.8802293667528004
06038500,0.07088080487686632,0.5191071407704869,-0.1356362345825941,0.8712424555832652,0.9209200842846373,0.8777137059207056,0.9161131787499193
06186500,0.9363121468809799,0.8802579908803688,0.88131623492915,0.8518562636694426,0.8389867641739686,0.9302717587084722,0.8959159095546332
06188000,0.9200541972167422,0.8335570582415914,0.8988974615303733,0.9565642557468316,0.8552810505579864,1.0150681464695037,0.886200753193239
06191000,0.8666399261474795,0.8495729410022358,0.8082146031413983,0.9066766057787815,0.9434698007205531,1.0627124282909592,1.0608548465924958
06191500,0.9497152074624405,0.9323482317196857,0.9233393810087503,0.9176130769242571,0.8762665806584963,0.9931050080139723,0.9563107526749889
06280300,0.7494303693378772,0.724551520229389,0.8130038049359857,1.0353947312903573,1.106393756443474,1.1087445798801168,1.1991112643405801
13010065,0.7856312028300223,0.7206394404480286,0.7747313524728997,0.9425519861470946,0.84051228183685,1.0939780033645607,0.9574546071228317
13039500,0.03720502998336761,0.4265361574400218,0.36935379651128175,0.8950420262969668,0.9472749966642826,0.7234733415514376,0.8427573638843999
06221400,0.7529024428170565,0.6383359138132977,0.8353871037823982,1.0603374582932523,0.987492951288736,1.2538269499720112,1.2062577224964166
13011500,0.8475239073490434,0.7439215550202516,0.8791339595434079,0.9661340749395301,0.8691896945388672,1.1770935901561843,1.0078654114983465
13018750,0.7435533460180932,0.5862226645052604,0.7353053450173136,1.2126946765331177,1.1606484377489985,1.3046585701649045,1.208407659694611
13022500,0.6094250116672197,0.4260398640680849,0.586699693442186,1.478248947825609,1.42188559059061,1.571053086123051,1.4382646485441541
13023000,0.8986155913737709,0.93773838118409,0.9103373414445263,1.0365208832123982,1.0630119014379615,0.9910869898814189,1.0371176265751387
09205000,0.8685724334902009,0.8437871455194462,0.8741427848594004,0.9413834361817648,0.8887023733293486,0.9778719128173639,0.904192576355398
09209400,0.8279663271844985,0.7015638700346898,0.8642327196258538,1.0306224701737843,0.9418406506801391,1.089753786169176,0.927930718799836
09210500,0.7022316052846704,0.7450705740453656,0.6807803443139453,0.8210670110967627,0.8709799303435835,1.0113578166031876,0.9789830531634313
09211200,0.6241205115146226,0.7824061547317649,0.6312998073363612,0.8803935282553133,0.9115816879078004,0.8521534200803061,0.886804411106993
09217000,0.5962325168616929,0.7377665080815055,0.6461629469000769,0.8701862732928706,0.8722845740966987,0.8291901199351605,0.841763798000456
09223000,0.8182624913180461,0.9021855405954834,0.8419442482342875,0.9405709805494119,0.9607825540979237,0.9234571905706765,0.9649982651421293
09224700,0.565761869131281,0.562564212860295,0.7184772876029013,1.0557681508735106,1.152071776090317,1.1441903319212516,1.0586943259617292
10032000,0.8294830682289542,0.8900686280961453,0.8024364516600733,0.9727783661243368,1.099311880651864,0.9574409453795899,1.0732768152986123
09234500,-0.310604128555122,0.434448133388045,-0.6626880331300353,0.6486271201223581,0.9568219454422933,0.7180186980458706,0.9332885745568197
09266500,0.8063653673855048,0.6896712507892209,0.7089472624095114,0.9488207351306593,0.8692313386111552,0.887753406940141,0.7722950949605443
09289500,0.8613284253841593,0.7552449151056437,0.8013222009378359,1.042946876319059,0.9602919109587731,1.1202933780089401,0.941433599373475
09291000,0.5329017899183731,0.6712957706460421,0.5321704827135123,0.8268195668238001,0.8729040756847873,0.8730028036386354,0.873503099175339
09292500,0.8613810841107701,0.8538771202604156,0.7853083437364714,0.8399967003790221,0.8956335211053273,0.898619394532494,0.8866757238936046
09299500,0.8290098647146625,0.7551390423154205,0.7298009461875378,1.0130604673705028,0.9911599882170192,1.1290371771951697,1.0346284401994814
09302000,-0.1805389963290085,-0.26109894327120786,0.3998188039262397,0.6582437108122565,0.5830882670336545,0.5207125976365752,0.45305626475204436
09180000,0.6657543157799737,0.48324590097303877,0.864578506524698,0.9578460987901096,0.8774907073580368,0.7545318091615324,0.6682603858155883
09306500,0.863849811984867,0.791584604943271,0.8638693079539801,1.0120219468422005,0.9670569804706411,1.013668676660374,0.9403264143581217
09166500,0.7316779545277161,0.551650601857488,0.8541599581563459,1.1333661025244142,1.2232538097180092,1.363470557285157,1.41749548856396
09169500,0.17343198472963106,0.03377584495605701,0.7159026255462696,0.8248212164718479,0.7919889405444472,0.5792513701717013,0.5265561031324542
09171100,0.2295624596096607,0.07864562441306466,0.7253299218622515,0.8441222878391768,0.8149863924655735,0.5952262125957674,0.5379551668595668
09372000,0.164447886531624,0.243447141488914,0.3721419207578047,0.945808778805236,0.9152856444950378,0.7975826708803476,0.766836367879203
09364500,0.8718066751947038,0.8528721755962413,0.8956434779328108,0.9373765592920967,0.9271817218571105,0.9594017424784614,0.9001927848283915
09365000,0.661760785579718,0.6912408378729725,0.5831720354922487,0.8388989228296065,0.9135961548753572,0.8187169020359473,0.7832984324120013
09366500,-0.7998322503534552,-0.47303754190398983,0.41912763254751806,0.6674543092050358,0.6808024514830937,0.4557413485124753,0.4346650151062095
09371000,0.4629191939104026,0.4613561360833137,0.7550584044888944,0.9507116675178224,0.9907362105350156,0.6992087034284702,0.6736634507296729
09371010,0.6120847003768324,0.6332108545935113,0.5918072674946285,0.8326032979901167,0.9064815683987116,0.7799769542781814,0.7479943420630376
09386900,0.2100948125499783,0.09619014282115923,0.18572715122134065,2.296252417074801,2.2197106280448993,2.656325888741172,1.2415814663831017
09386950,-2.662309805477821,-4.054564390003577,0.4159938784687801,1.15986576938826,1.1118683289220899,0.20876865544214596,0.1688473975937166
09442680,0.10257511769490579,0.3541411184102261,0.7789974493318581,1.0417361109405585,1.0324403144526073,0.572296262177667,0.6630925535542329
08477110,0.5610450642246978,0.379395816325503,0.6028181234456983,0.86963174221741,0.7686345911303167,0.7809365580862334,0.631815432603006
09430500,0.6895185039996319,0.6324578420485394,0.6635611492480515,1.3228817912769104,1.0835709399456297,1.2208898557164474,1.0468600308709362
09430600,0.07964194326361662,0.0019758407096157615,0.2594865333922375,0.8444697617136983,1.0655287624393244,0.9449966660788998,1.188682542975529
09431500,0.6104881054240254,0.7800717700394095,0.7820072817607687,1.075256098402589,0.9075271218510167,0.8197417970680659,0.903367529105402
09432000,0.639908194557804,0.7117017661137973,0.7766241836674354,1.1170601028421245,0.9148340016076073,0.9562959394708496,0.8956542661974247
09444000,0.5522422643951344,0.7315403500560277,0.8091870497170026,1.256173806620237,1.0050645166696126,0.8227535039792836,0.8951774634205683
06208500,0.899062781713759,0.8824947502360042,0.8590983271606305,0.8876100707756303,0.9930312598390769,0.918026867546203,1.042529806351112
06207500,0.9063078802023479,0.9402469741646797,0.858657854268779,0.87378848656078,0.8737449048793574,0.9446450228512628,0.9678708194877897
06274300,0.6954275414076326,0.8057066837272904,0.598869200553213,0.9042194531202762,0.9908342689150381,0.9611233277336325,0.9826295648414455
06279940,0.29045868824656884,0.17058267001875305,0.23978673787372284,1.8114705354827265,1.5403987945667352,1.7997949443118253,1.4972855324601404
06281000,0.8131164304406444,0.7615761138611165,0.7637053921221275,0.9507516519528317,0.8738343648008756,1.1012411863930536,0.9683254272726523
06282000,0.5909377809757874,0.674290850151313,0.6705144152003053,0.9269626759659385,0.9458442536240039,1.0177048857629913,1.0342796963971719
06285100,0.4024715131094633,0.5844580600655671,0.2534764403622447,0.7269974899366849,0.8057776642769363,0.8791748978721372,0.9186125287240299
06224000,0.7045059756171439,0.556246723143132,0.700655600388458,1.1297759226587147,0.9163965342441724,1.174535994791806,0.9195104726218245
06225000,0.32551749537827646,0.43774075479143026,0.37576564829545045,0.8545530881811173,0.8373576245686783,0.8829560506586263,0.8742378345916395
06225500,0.5961123814223673,0.36726339291815746,0.6455573924787519,1.457158396484449,1.5549431031550187,1.758516852496142,1.6619314156543816
06228000,0.5782971812495257,0.49902060825863104,0.45811802805843227,0.7373432436927548,0.6980979441736982,0.879974542521387,0.7208143937219206
06235500,0.7886490816041767,0.6929592484345066,0.8021919143991886,1.1896588649603679,1.1028315472819181,1.2013182253009491,1.11210437296477
06253000,-0.001959900369333356,-0.2387637719154292,-0.01598035460942282,1.1354157122595345,1.1329618233126928,1.0610219048583154,1.059876030240442
06259000,0.40862760587218894,0.7070693173076215,0.2423034500796205,0.7733661361761011,0.980047109683435,0.8055900944364273,0.9276934067542725
09247600,0.9175582312786893,0.9276117095105904,0.9012572154997959,0.9684207070528799,0.9192228399552855,0.9639292204569843,0.9452467936346439
09251000,0.9245312732552965,0.8635462118145265,0.932896758007242,1.0027393213726017,0.957114223272115,1.0747348924324724,0.99836185438619
09255000,0.7046497232737188,0.657025956982329,0.8854613209124664,0.9531628585959514,0.9412185983189832,1.1753983782744564,1.0724789703093807
09260000,0.8166478266110418,0.8532278566870624,0.9317641566753707,1.008211142236129,0.9999099039424809,0.9926054043961287,0.9589238578739481
09306255,-0.5849274492275636,-0.08517017635048041,-2.049973471400576,0.29825133620132815,0.7460018318438766,0.49724648701991625,0.7539474340656782
09306290,0.8671583977577704,0.798454498500782,0.9065101908909929,0.9652789095059414,0.97377192610182,1.0546659352475083,0.9955883218655811
09070000,0.8734413264057691,0.9294483493842653,0.9270776240610106,0.927041439606695,0.9416911517949,0.9565896793839795,0.9726575657943668
09070500,0.8682766860978907,0.878089318106648,0.9177622223973017,0.940052853118055,0.9580989815746108,1.0078991229093859,0.9845758159277835
09073300,-1.1063200935986544,-0.5677928579707092,0.396591314964736,0.6523115511016494,0.5979751478256929,0.41361984505852645,0.4316693363375391
09073400,0.29867209177455833,0.3704928719010889,0.6856316081848658,0.825494224412232,0.8404847541209992,0.6265326992398573,0.6770941178334092
09080400,0.07515864304849251,0.566423499551111,0.5034894881471864,0.9337117024875107,1.0608726091169096,0.8475603075614767,1.008795574411841
09081600,0.8701989675218272,0.7976260682856142,0.8957333301665489,0.9349666617864707,0.9253136119528583,0.8625727418533423,0.8541772270362639
09085000,0.9003742038307121,0.9062860676463184,0.9205821833438345,0.9437062197439706,0.9720444777704682,0.9287768364329084,0.9796277762755408
09085100,0.9119096352598214,0.9520151693621205,0.9340090365920545,0.9282060701065467,0.9636397018677664,0.9704060307150811,0.9812732763798564
09095500,0.9236884053875623,0.9004899510748007,0.9520637452192823,0.9839805737568842,0.9859949846269038,1.0406738869264334,1.027417042606973
09105000,0.7734374093959593,0.8645736494912173,0.8676952460785827,0.8850965078861822,0.9082599654974542,0.9524661218898878,1.0769667596489743
09132500,0.8789025796482864,0.8109777609905305,0.9107821049953134,0.9790538238711692,0.9211206527586617,0.9387137323944228,0.8527023094430533
09152500,0.6376058374367775,0.8097399281924443,0.7871112078281499,0.9633722985897553,1.0335469148584222,0.894944694028706,0.9811645891427714
09304200,0.8427582293691934,0.7954609868068988,0.8650600846053134,0.9208774033869704,0.878098261723597,1.0118364088177134,0.9350254550159517
09304500,0.8592671614729195,0.7908506390017858,0.9001800959290646,0.9610330033767436,0.9425763861972295,1.0822331569030557,1.0251109414372315
09304800,0.8596858856530084,0.7868734883654882,0.892870187975807,0.9695033229271556,0.9805916499087187,1.0821386620240239,1.0258199251850186
09306222,0.24478247374728246,0.19658834915329593,0.5959561338496997,0.9725987605351007,1.0025367475573193,1.0072844645887375,0.9012956436788391
09306242,-0.4914788823826628,-0.02296354096091413,0.5224717536246322,0.7100721443471075,0.7801903501936726,0.4167938959718158,0.5665871166027443
09110000,0.42907503523590085,0.5139994262624747,0.5048167557568783,0.77220458384464,0.7581464407785151,0.7380084727587043,0.6854567700205377
09112500,0.7110401316656814,0.5233115199964693,0.6332404023334552,1.5863315644661138,1.3000860638307472,1.3975916969749447,1.1471370718421892
09114500,0.8057916040950394,0.66467472873453,0.7777755915425196,1.1782951583458512,1.039243768749425,1.049344886383467,0.9054525172497516
09118450,-0.6038425330526282,0.31625998406882583,0.3085210644518608,0.6774662117472243,0.7748243804494611,0.6091512595201648,0.7447580168413255
09119000,0.5817634337943868,0.7301699498612064,0.7688127239953251,0.9355393289521436,0.9565134776268175,0.8490853532598513,0.855609197030414
09124500,0.857273308967354,0.8508535783055143,0.9010633642577149,0.9677008512929687,0.9124944316812303,1.0375150232132466,0.9982836199628851
09126000,0.8007429984722565,0.7958711877500718,0.750714391706504,0.9110449604428482,1.0137208475495538,1.052870514654278,1.1586977424870553
09128000,-0.6783638774827105,0.30319634584218436,0.12954118823126515,0.7599434263593062,0.9232296245347389,0.6100329205524323,0.7620911211363776
09144250,0.49876967439687814,0.6882239420945968,0.675062644353291,0.9207706897990899,0.9965319462196836,0.7818924061028862,0.8320277013893209
09146200,0.8533735054739983,0.7740039901239433,0.8508541396474879,0.9148313626956703,0.9098818359783152,1.1103203852158412,1.0413557057605203
09147000,0.448133077823497,0.4899721025561413,0.6659677932495718,0.8999491131588093,0.894253535284904,1.094279708284906,1.0894364929959868
09147025,0.5451572531854603,0.6937987143456048,0.45178529428448133,0.8261291706355641,0.9137093101635262,0.977901311326742,1.032196782961758
09147500,0.7026371686974151,0.7239464992030014,0.841193429733571,0.9386225892717623,0.8854274250587241,1.0215515229007492,0.9843314932456355
09149500,-0.115331286298483,0.4281196069590667,0.5752545298299263,0.8456157550006387,0.9520833147675387,0.9455965975315007,1.2058115457026986
09352900,0.719462874052579,0.6035103916563915,0.772128808749551,1.1221063047415474,1.114300057314517,1.2632739589291009,1.134744721731097
08245000,0.3232749010264828,0.6516845418984735,0.3077756119915698,0.7278181347992625,1.0418000397850788,0.7402883835955638,1.136398762705451
08284100,0.6839277472572748,0.33957096891188576,0.7969262567061092,1.0787956064324,0.8146263279185503,0.9850338497694825,0.6519968086542766
08285500,0.11532518193552277,0.4686928820075509,0.7170939632444517,0.9819142797353642,0.928363005056892,0.7587842712184061,0.8584140961032111
08286500,0.15149444139390345,0.48290714185825545,0.7257966119586693,1.002761650079701,0.9144265330762047,0.7572314845901004,0.8303024688335788
08287000,0.10753969394877094,0.46695606922533395,0.20422562073449213,0.7658468130114698,0.9138944122117266,0.7625408871468581,0.8514853972015598
09342500,0.8332506438708706,0.7919668226670235,0.8439022764606425,1.0244156962425992,0.9844431620790483,0.9778954975204613,0.8764043805266798
09346400,0.7961958867890451,0.7471392167448546,0.7733218205486675,1.2014454553001837,1.149118213292834,1.0276892552048567,0.9264455424130056
09349800,0.6299946190918126,0.4554602791007797,0.7494384274843129,1.2609718787186468,1.154874344243003,1.3478235846080613,1.067553944044331
09354500,0.305760203128984,0.3056533873297387,0.4079607515779887,1.1658685128959778,1.1758006064283268,1.0861635707619979,1.0343538453363523
09355500,0.17361658544557967,0.42625832979326717,0.14008983589082802,0.8215725364211812,0.9684754850797301,0.7217437655231413,0.7358710929711382
09361500,0.8990472964684931,0.900391025598363,0.9064285289682129,0.957688945785299,0.9658477427923604,0.9996965931278643,0.9646036313712234
09363500,0.902121974891322,0.8911257148320321,0.9147363707616725,0.986467160499048,0.9967557021265804,1.0262562393541654,0.9961573472097311
08317950,-0.13223483307382766,-0.15325442316214866,0.061348886749149956,0.8830844673735593,1.5467846722134437,0.17690496356036622,0.8272478503996249
08319000,-0.17551655141270728,0.2278812591984447,0.0534985936160417,0.6595424011639935,0.7640573755526421,0.6103236554567656,0.6391244402598799
08324000,0.6635868879612051,0.8095374634098056,0.8738598133506603,0.946522357247693,0.9797564105542769,0.8915723753630361,0.9400572801896495
08334000,0.06376805302232691,-0.024353611345619086,0.19938640640741112,0.8140619649970182,1.0164038196533194,0.9259215789368183,1.0759690392924681
06289000,0.7405184909659799,0.7063809967716905,0.47653518269065454,0.6755054298368288,0.7681264000259693,0.7917925370479032,0.8472457688211625
06298000,0.888807842434155,0.9416510116645929,0.8611873372626119,0.9307960448972635,0.9946725874725332,0.9602509293399529,0.9838264668585405
06309200,0.4663870261280114,0.3830432725304622,0.5659553778768991,0.7990562145451493,1.000182421050156,1.204922380547032,1.6415511620775323
06311400,0.5120091829161271,0.713198123815366,0.4045615545012742,0.7298006439355474,0.8144854022623731,0.7950024608983315,0.8478209117755848
06635000,0.7054943260532712,0.7182862612930392,0.7400181109535298,1.0187906061647267,1.0498098348481755,0.8608948019638443,0.806306413214981
06647500,0.7722081382855466,0.7699321101608043,0.7876700548493666,0.8683773829898721,0.896067013315976,0.8341145729214419,0.839664252788171
06620000,0.7459389845760276,0.800370077301187,0.8421086419015521,0.9659134283362381,0.9544607317704659,0.9001514682852613,0.8730083877381773
06623800,0.93025737384982,0.9593126250407378,0.8848157179845039,0.9570838552478667,1.0091918057106686,0.9812622278656975,1.0205789082791203
06625000,0.9127181072503238,0.8366981975376248,0.9060569766550596,0.9430781153227418,0.9227500007683622,0.8823113799255313,0.8885154220071396
06751490,0.6645707609787197,0.4579093969466663,0.8333217081460701,1.0087389900984882,1.1414244266984594,1.2702376111240186,1.7116088568796766
09010500,0.8277614691998624,0.8083064794634993,0.8154403648395809,0.8477469996923699,0.8028119394961442,1.0180481596352142,0.9191412378153185
09237450,0.2737805942829412,0.22253908295016422,0.3696074738648373,0.988890964541934,0.9550127828321265,1.2962935348926474,1.2206812294289295
09237500,0.2493360006197637,0.25959836173058315,0.4648398761114453,1.115359007814548,1.0712319991312365,1.3390474068402898,1.2886500914923555
09239500,0.9448675996771669,0.9471793039302872,0.8591360754193939,0.9239818660711526,0.9113856294013734,0.973090610871196,0.957348134348896
06710385,0.4843099821234155,0.45663305685905253,0.7519477160309689,0.9715174842002242,0.9481182557079108,1.1445265703414111,1.062435460185607
06719505,0.7279768204779538,0.6745900815880206,0.5352959311599959,0.6684813875258692,0.6864178274783449,0.776695863621694,0.8261811489421762
06730200,0.4115851526605133,0.4929187832673446,0.683535961022727,0.9886246570298295,0.9838212726081812,0.809553750752985,0.7542894459139243
09032000,0.4198219205518341,0.44609773823466436,0.6861382130823419,1.2942198858110907,1.2717413328229343,1.1115929018146822,1.191883584851915
09032100,-1.3000352782967761,-0.3253880152071418,-1.181480763451781,0.40603237661156344,0.5734155120269626,0.3882286719732665,0.5217425222175536
09034250,0.5814670507658086,0.657725199581111,0.7984336802027423,0.9129829762665076,0.931429423874101,1.0250370436565093,1.0543071579734666
09036000,0.8965434861574445,0.8142587120454988,0.9102858737101488,1.0116554876169033,0.940927638830351,1.103107380521552,0.9945317512772675
09037500,0.7899553144222602,0.6800313550684496,0.8241447263249435,1.0236188819849041,0.8510645240410488,1.1047472524523734,0.9097851114611932
09038500,0.2572049713112884,0.6185217917780526,-0.039628044545536145,0.6865023180029268,0.949020904379283,0.8407592118229746,1.0546551640602548
09046600,0.6881110829784483,0.5805071510567232,0.8794279846738955,0.8712276604480481,0.8619015764619984,0.7452788318395218,0.7565549767555652
09050100,0.8565212439071159,0.6864337945219849,0.8704304652174892,0.9794100080976111,0.8393072200435601,1.0101796744792872,0.8136740118213945
09050700,0.1014913887586103,0.34417320973566023,0.5556562729579924,0.7346297730135384,0.7097430010441217,0.6124821385938665,0.646826784900546
09057500,-0.1161388997229198,0.4438159158853019,0.3882535725989644,0.8007991755379067,0.8774522493690075,0.7008157474783256,0.8285526059838979
09058000,0.5495595144413803,0.7273322206535296,0.7659100337750658,0.8989762322350732,0.9253074831328812,0.9004530697915136,0.9336113911710594
09059500,0.840427305580129,0.7619733315765517,0.8413305363914965,0.9017984689042008,0.897923899917656,1.1491829498087418,1.0971903447285842
09063000,0.5790717033452395,0.4539777376145988,0.8159351474190231,0.7885830096429636,0.7973819960829803,0.6779238565097851,0.745464441762601
09064000,-1.4566412816336451,-0.7596667928198464,-0.29875558597710095,0.5032927702905547,0.47590968505309655,0.40164706911365555,0.3954629214442222
09064500,0.27518939887364047,0.32269783223057036,0.5749253822705841,0.7409700201315912,0.7136320105306289,0.6289654294195236,0.6353879848253159
09064600,0.7893982312325422,0.6746554966324154,0.7939953232536414,0.7539523280936622,0.735449270396551,0.7906982154609201,0.7969437440273883
07096000,0.7556369563147411,0.7661901849730384,0.8026624709921241,0.9111039610537836,0.959312756680918,0.8354570752230956,0.8359695061823471
09107000,0.8438764282100384,0.7988179088730465,0.8561089180974193,0.976829488629265,0.8658174069647403,0.9912590012474901,0.9018278939652807
09109000,0.35770449307704133,0.6025364664774759,0.2432000755728122,0.8616469897585296,0.9703049943788016,0.844037403414399,0.869195561635236
07203000,0.15469489430537586,0.04946527409075352,0.3448120975156652,1.0889835338234293,0.9776050368734066,1.3663368915665304,1.0463306880805299
07206000,-0.15554587253031715,-0.11269793045754883,0.2365956406715879,1.117461585860631,1.054886771676556,0.699380583753647,0.8130392252773246
07207000,0.2319688361306742,0.4030518137078256,0.41700960175213275,1.4096308880202089,1.2429291393099986,0.9073279428646912,0.9653089068105517
07207500,0.5566096295859043,0.42057519027241586,0.5797193406877481,1.0095985828909024,0.9496341342902339,1.6282758797418495,1.0685983553421223
07208500,0.6296696184214091,0.7985798499084362,0.7241956047928637,1.1218266657558018,1.1999881744779017,0.8555032014885398,1.0966498822694841
08246500,0.7377558413056109,0.5960925017158067,0.7408708963154247,1.2258483147028838,1.1556347463797694,1.2981740625218983,1.158300252525232
08247500,0.4880389389065172,0.49722753628212313,0.6881305766872077,1.0214206745692518,0.9983540757768827,1.1490922838153603,1.034590001892696
08248000,0.7212734786342812,0.5927330516062317,0.802213338263049,1.0867394500881384,0.981967613677779,1.2934411437872242,1.0226760733316345
08255500,0.44136819811426,0.616187621304102,0.6732355904495047,1.0904378461490054,1.040615767125345,0.9206064776297996,0.9642911446864246
08265000,0.8225436741634913,0.8105012278044603,0.8410708771647326,1.0511718227350515,1.0600288585918973,1.0193181992251636,0.9504801866667316
08266820,0.7205383767605247,0.856683313413054,0.8543847171089896,1.0628205796677055,1.0951864437678032,0.920811759209318,0.9951332192087742
08269000,0.700043617411221,0.8175865794419105,0.781385245800331,1.1093228097959873,1.3039413145523224,0.9204113708911849,1.119098233450326
08275500,0.8380715096812416,0.8426980339607117,0.8626298200357584,0.9859102951258218,1.0758193522149306,1.007618375734277,0.9371460592826585
08276300,0.32480254718154755,0.2877788202548467,0.7793389854356676,0.908992887564756,0.9405710947352981,0.6229556112473374,0.6276730190986297
08289000,0.4883952338540417,0.4475376743714168,0.7729363530325875,1.1217663672920777,1.121613025576233,1.2782978262746936,1.1713653973386198
07215500,0.6957239526737726,0.5297419436759255,0.7671157529908538,0.9573623282850129,0.9342350442768058,0.9052581464867973,0.7137053513667643
07216500,0.5943431387128731,0.44975447215008146,0.7750144183803006,0.9927430676149668,0.9241039254347112,0.7840833893756824,0.6581941705772509
07218000,0.009454034920099885,0.4647637280838244,0.5371335483217224,1.0210734628726779,1.2367654686125082,0.5613928588205631,1.0797041382314643
08279000,0.7821369465234009,0.730126832831748,0.8469172486149475,1.0159930157671793,1.0732373464876352,1.1359835133750584,1.0693698342386708
08279500,-0.5656548281828992,0.04726571007140268,0.3305716836370177,0.6716116520430899,0.7115166398649021,0.5544575324234299,0.6049151923018464
08291000,0.2537827066668771,0.19019199291029032,0.7169942329145835,0.9036655596789603,0.892183666644026,0.6159759827798661,0.5946048832180932
08294210,-1.2621723825541036,-0.3686317301005413,0.5531936225668521,0.8230270071520691,0.8649097059935292,0.4560584480071881,0.5192596402177503
08377900,0.7877377256526163,0.7792421441541212,0.6859872246265574,0.991381897250275,0.9382118020676781,0.9993734362597324,0.9029862983256715
08378500,0.7983235933158098,0.8236336708021093,0.7322400964983005,1.0154966445439328,1.0141852705253305,0.9345181455744206,0.8881162079220102
08379500,0.522499944427006,0.5952607157375451,0.5571898956850094,1.1222002198664696,1.108216647186165,0.9782797245795366,0.9262428168795089
08380500,0.542435544951872,0.705554546473296,0.5224654891793994,0.998344110651547,1.0350353023712353,0.91973498585099,1.0666790477365027
08382500,-0.06742010921063768,0.05807109442153091,0.057158059437895314,0.7348898542592938,0.9151777271582144,0.5039390707232129,0.7820025524281453
08382650,0.35730709926451754,0.43764848652821264,0.4812692995498159,0.945463177120187,0.9039595041103411,0.790419930046545,0.73621271845538
08382830,-0.1912004842102326,-0.12691177653206265,0.05649053844945551,0.6673909114452711,0.7686336746640509,0.4025232770052925,0.6254131880206123
08383500,-0.1301736829971596,0.008257390241702578,0.04700472702673375,0.9217395850091227,1.3256601174475346,0.6919816987865766,1.289189079964982
08390500,-0.11636004848759218,-1.2602894004001937,0.4480989078020454,1.4168807540207573,1.2429301464928577,0.47225992527172905,0.31127182528173813
08390800,-17.58737716284822,-6.533358677281172,0.35370708958166897,0.7576698775312268,0.8421946310432873,0.12147531097039817,0.131139402670888
08401900,0.11311585861617302,0.050523097566287034,0.9286621034366854,0.9735521969525831,0.5867213083929927,0.6299228680521032,0.5995086894287899
08405150,0.16434998929185962,-0.31842566720163146,0.8427566134031347,0.7325042668348378,0.40907978810456674,1.2003743786189587,0.5053436031685353
06430500,0.255869869164835,0.5678673336743844,0.6856409143019766,1.1147943419973307,1.108231234886531,1.0797705769621684,1.4542992453272214
06433000,0.5626667071883116,0.6501271066596098,0.7315997421122836,1.0512668478326959,1.136836277837178,1.1236364874786688,1.4636208192835845
06409000,0.5042212779968674,0.4547390250911697,0.08066309122043536,0.7958204226574662,0.7782931453110503,0.968565550025284,0.9210179524143783
06431500,0.27785678197582886,0.6741013795302835,0.6782970018057719,1.0561293280225534,0.9733870858713187,1.1021539321079166,1.2504464862874116
06741510,0.448095145585089,0.5353220700086507,0.7226518893040332,1.0063935172869547,1.0614688223760884,0.9758887232510152,1.2606919379601786
06752260,0.6920632376181084,0.715096789919309,0.7935891816501905,0.9904497345169607,0.8390318860907693,1.0271720834439473,0.9198261988871846
06752280,0.6417823971927198,0.5249538525585681,0.7905469176018576,0.9243126809233531,0.7135989410349477,0.8972845103613005,0.7088421403093054
06714215,0.27817087355085224,0.2217131731631088,0.6703418427692147,0.9142829847795527,0.7592716632159865,0.6578265955162594,0.5825776423190557
07099970,0.5759821658800406,0.3963924553086089,0.7123998964528918,0.7695533025174666,0.693924604825122,0.7308156185524857,0.627866806493601
07103700,0.3323714376433563,0.263554558700574,0.6866372452357273,1.013866291956779,0.9278450616741699,1.2729533708842982,1.0714292354858075
07104000,0.3788548044849702,0.32634557352118687,0.609793584508014,0.8993041007870015,0.9547889925090042,1.303976009372273,1.1324459200580521
07105500,0.42390438629997906,0.3243315706799017,0.6643419752859603,0.8998749180419121,0.8145248907542496,1.4179473830558877,1.0005658996218907
07105530,0.27842739092994284,0.14350285956530662,0.6274943159046924,1.2297071215939368,1.2267528351561192,1.990922829724133,1.71245511472543
07105800,0.41273752011751486,0.2987711953934926,0.6568411212032242,0.9635442295988739,0.9304405295756152,1.5059232035242427,1.2220611659004186
07109500,0.6431659700007077,0.625951835507123,0.7418503526041738,0.8719828347577959,0.8983267313207806,0.7720930042786666,0.7430286124999209
07124200,0.5012731011411454,0.4779814410383898,0.42805132238827104,1.0926783570196736,1.2111216188730796,1.258079769006253,1.4188742649042367
07124410,0.43628347700299863,0.4026233679001543,0.5778199220801187,1.025723817141683,1.087144655454158,1.3045711765832224,1.443266752373417
07211500,0.3778561430802443,-0.030070790258770685,0.6759731905096027,1.1705964716734274,0.7982864982156072,0.6921361569700801,0.5029610530206302
07226500,0.09074057201592933,0.032149787921692985,-0.04402031904515824,0.45200459423744677,0.5138333458821305,0.6936962112331029,0.6695891084031939
08384500,-0.0974452335255187,0.006577800381987742,0.014043887676032263,0.8462386522319283,1.2347707736188474,0.6722333705972561,1.2050043641811792
08405500,-0.012256615657796122,-0.3383422234160083,0.6333742578892614,1.1812039827073069,0.8442091542565452,0.7328632985823216,0.7357303320918894
08408500,-0.0014725207502552795,-0.524113426173006,0.10117037265029805,2.8523980470427417,3.6148479213690963,2.4113586879819295,4.239246551392049
06332515,-0.028547017836325184,0.1870106545827871,0.3715576572898336,1.3189714040732046,1.0619367229746097,0.497218895730179,0.606430499070379
06339100,0.40573887943868137,0.4135312682976867,0.3723475810594383,1.3031312313480887,1.5245016459792373,1.1614532364856165,1.1542549384536245
06344600,0.3618549931917512,0.380274806223043,0.34684263239522584,1.385910957254594,1.5786034801730517,1.1213411096675185,1.1512194779576723
06350000,0.5191877131077456,0.3879690471296474,0.26750907497467236,1.227674816709472,1.5420264552976937,1.579115612475339,1.3360051042064187
06352000,0.4862394525611975,0.29636141996371745,0.4540194817930602,1.252827205803615,1.3271663808742962,1.806168350884237,1.5424210502766116
06402000,-3.3049351290743347,-0.24888949827042084,0.02710660485686045,1.013600543148921,1.0136761150107836,1.2793498231566396,1.2794564797192252
06402500,-0.3328032857403347,-0.10434403737195486,0.1737456879149577,1.3083509791191152,1.3488570027992104,1.667701906442161,1.6770402965125857
06403300,0.6113254492117601,0.6939955053809592,0.7920435942826383,1.074126582486122,1.2275208383244345,0.9151239873272996,1.3271805467752091
06404000,0.7910259684169474,0.8768409020129596,0.8857227743577032,0.9894957649429985,1.3002148266037628,0.9121621067513284,1.0706627435188103
06406000,0.3658801816008288,0.6610704733220546,0.6078529201775571,0.684052936370449,0.8007162410201697,0.6873727434570911,1.0637714610564069
06406500,0.45558941034258604,0.72624365419159,0.3898353960676584,0.6318222159296638,0.7625704017243473,0.737281955704871,1.0595069537248243
06407500,0.7752582709097442,0.7891031074040307,0.83359959339285,1.0274293178213707,1.1399636721852724,1.037932042640681,1.1401659996369298
06410500,0.5651079943069909,0.42901188418512126,0.6748720939774655,1.1097019461726352,1.0819316012317315,1.4860215565968107,1.3714297713931363
06411500,0.5094191098079224,0.41331051557247633,0.5361188327066624,1.0209599407748464,1.0788297388330998,1.4515910833689232,1.3777090346245175
06412500,0.5308458564966866,0.4007338519177972,0.6744157216956519,1.0651466204386113,0.957691836835465,1.4903306757525763,1.3147252090247608
06414000,0.4376470364593108,0.33537932856625097,0.6760407349540325,1.2822853113569614,1.2610095247404254,1.652305529403488,1.631002420245251
06418900,0.3754791536078731,0.2818037899986584,0.5936851571290251,1.3557024701348253,1.3699557161458904,1.8161870076947209,1.8427172310680462
06422500,0.6915325642783865,0.5900075891541482,0.8991364600551485,1.038323085696022,1.0044798506487704,1.1952876090314066,1.4305707681552289
06425100,0.3155419648750081,0.4972112911486323,0.7187848426428309,0.9674547156372457,0.8702651910433319,0.7152062479883551,1.5448282420650978
08079600,0.5224970090540433,0.5699511441923992,0.3707291314453256,0.8504132357252783,0.9058741122916297,1.0347261450067136,1.1583610195430871
05120500,0.4131271161762905,0.6366606624206421,0.597673039690016,1.4401109228150641,1.409275480656676,0.7635952771914055,1.2513940910794077
06339500,0.5009330701653714,0.6553301639658253,0.5873544801727777,1.2342321475631433,1.2723470857070502,0.8867794319441996,0.9717275602426829
06353000,0.5859198744489476,0.43445970999812267,0.46896546972198305,1.1108012074136173,1.2891190751583712,1.5429714809818325,1.3418514494274945
06354000,0.5728023060940937,0.38877621601690426,0.466581710059085,1.2170668560613738,1.5232379412168373,1.564139017979091,1.489920438782699
06360500,0.6379030800162886,0.7296242390271086,0.5473016616254474,0.7562677309363969,0.7817131622882125,0.884694620143093,0.8583626307432444
06440200,0.08179772233973215,0.21491543381272116,0.5885063995543585,1.0079485368630758,0.7548079208140145,0.5456409913149867,0.6040781068466946
06441500,0.30189812707594776,0.3197630478186768,0.6098476432536504,1.0510037585952043,1.2730947974716216,0.8393001503555115,1.8165295840756435
06447000,0.32139659425096556,0.5809858428104491,0.5019576921222726,0.8458038527372845,0.9725079344391638,0.6431672048818813,0.7920981746440892
06450500,0.46243352910057534,0.4810565111149304,0.6101469509205698,1.0300600951617807,1.0287967814012755,1.1553621922109156,1.1570218592361243
06447500,0.32992827370721134,0.36884184616299975,0.32659519052363184,0.9275368881332333,0.8761827443134995,0.977282047978606,0.9262010044490181
06846500,0.032871977397335495,-0.36615594959094366,0.0004378338398367543,3.8816626662953517,5.4529424262096935,1.626198136185022,3.9018871934085904
06847900,0.2694916234614021,0.10330328537621336,0.3253729436063988,1.2638169310685485,1.3807451768429015,1.9076656323718275,1.675505641755708
07299670,0.29759322244985276,-0.011953648453425947,0.7751893914305859,0.9936728233534552,1.6547119815087463,1.4262385165370894,3.7267275441474568
07301500,0.4937308935091447,0.6139111106238746,0.7081904426688019,0.9387116872012998,1.2438614408338462,0.6918572416519772,1.209083819136589
08082700,0.3534939277181278,0.14396716202659077,0.6031014070211198,1.139076001006234,0.7382429773590007,1.5214103069755376,0.6653818927230573
08165300,0.11469750408394441,0.5292583913020155,0.3147711269077961,1.151596403341376,1.083338904520077,0.5607237093087174,0.8075305933960799
08190000,0.4768587772229608,0.45887048382451345,0.7198797853272526,1.0373284243486076,0.8712123941864237,1.1886218362199987,0.8857656191483512
08190500,0.1540489830416849,-1.0797047711397396,-0.027080032410741195,0.4892030538554977,0.24638923556203626,0.5926379285747043,0.3303430348201874
08195000,0.6799088651775456,0.7291352851316962,0.694808261579539,1.0417641547175418,1.1777915900911209,0.9724954923232083,0.8822618830176892
08196000,0.5014238084297031,0.4858967976764964,0.5834266813010358,1.1127659194399013,1.2231800749278747,1.266347707172931,0.9970238194783837
08198500,0.7153405361664781,-0.06442349847739504,0.8045117394023031,1.0384367648828017,0.6926984525798312,1.2684295557251726,0.49902362429892577
08202700,0.6819877145772513,-0.9882983386662512,0.737032351627653,0.953313937366691,0.25532400137702177,0.9520227674764534,0.33600036242766207
05056000,0.5698307709425188,0.3047841312174342,0.6084582700180965,1.2028050480361323,1.1772539577617143,1.6337439421866014,1.945689817261775
06468170,0.3296177425734088,0.03012909092923788,0.5847361966004361,1.4209804031837847,1.0222992844407868,2.9450643068841926,2.5143121374085164
06468250,0.3327824870274677,0.019662490747173078,0.5867083119526153,1.5913530595764305,1.1598677408161677,3.079118057911219,2.644761421297652
06470000,0.21392535858412065,0.04140310677720216,0.33246736395953547,1.1138551492226916,1.4155439015325588,2.1595745344929895,2.578802894812123
06470500,0.23017603985820123,0.012285750070992973,0.49846220853426193,1.379538399938835,1.4200681055677007,2.8626582848997395,2.718628403197954
06471200,0.6028076097205077,0.5313886244293907,0.6109387747721513,0.9423283340661366,0.7717918866706585,1.3534302118475048,1.1213261738157287
06452000,0.5001505192975735,0.5482121499841763,0.5127559314458776,1.0702502289950198,1.2270044328869465,1.0532191078312552,1.2181369148497074
06453600,0.6132449659562507,0.7145914896202314,0.7294907426545663,1.0230319565795662,1.1214395795742635,0.9563074207123632,1.1214082764404845
06464500,0.47864123903461664,0.47867338434258166,0.6254207504037549,1.079648904004336,1.0686119336935687,1.2193567883871712,1.2974631617650283
06853800,0.09804519447486659,-0.025207206407533045,0.1309302414601996,0.5862852155086032,0.6716011798907228,0.5614761132049612,0.5182157862410517
07142300,0.16222477674223357,0.3259324570988472,0.3548892404555264,1.1993256693059646,2.2378577809670173,0.6988018389162147,2.0725609557191067
07148400,0.46711541821145597,0.6608876666689423,0.5061130300223324,0.8296355184505249,0.865788761047845,0.7314392454878479,0.8147063656998247
07149000,0.45096948222306577,0.5778866515900452,0.6466413213271318,0.9283709144657001,0.8792280894291111,0.9110331601763816,0.9149374879509456
07315200,0.5427455776012299,-0.048381200980323724,0.6828724533061522,0.8794083330448594,0.7395431307341943,0.7528698437320963,0.49373627238702394
08086212,0.4609152071391569,0.5697539756286182,0.7236288599814273,0.9362921914452614,0.8330977002912414,0.7296629618329621,0.7481938161123277
08086290,0.6319986320300612,0.6680527845917059,0.5526952098294039,0.9586337697065243,0.9142655558227626,1.0771664416832536,0.9739587237417362
08101000,0.6542435508015921,0.6070595936901981,0.6937359345435814,1.0989713386818183,0.7327611082924524,1.2195130198157935,0.9128622706858917
08150800,0.1639248208084606,0.3810610760637463,0.6362341659107252,1.1374334322292725,1.2044739863516094,0.6567042327538762,1.3061864401999848
08158700,0.5427824554892,0.7531607749223616,0.7736831345803944,1.1413089178952474,1.1430947417328443,0.7333764792857915,0.9181052282514819
08171300,0.6895687281520977,0.7486543229483238,0.7473251933183647,0.9961498552337852,0.9481299507159701,0.8461849723575737,0.8345275778769411
08178880,0.44345447017849093,0.35610178574975704,0.7912527571210171,1.043943359364437,1.152718426031707,1.7632176129338528,1.061478942060099
08186000,0.5873058597624617,0.5475475739929379,0.515676767066163,1.0096342937826472,0.844825911429228,1.2883977902666075,0.9810138957930471
08200000,0.41196594644010787,0.38366057923083174,0.6921550804127178,1.510889615418988,1.4894490483187939,1.354156233268546,1.0860881391819612
08194200,0.3404146541533303,0.2626205653172965,0.15200552984660476,0.8806538134979489,0.7262834460133923,1.2193963873578446,0.7547161752270877
05069000,0.5580377955112341,0.7028840774872142,0.5259872091557134,0.9077583724091652,0.9746451107868828,0.9005086931958055,0.9425456411013539
05084000,0.5117069596189232,0.4346171270604384,0.6371153509124481,0.9124353566008246,0.8894154165628264,1.3397203722015016,1.311273309415574
05085000,0.4941320024401247,0.3536483699620695,0.6248951504128869,1.0121908351377373,0.9458879288534398,1.5038657001291675,1.5045470386125388
05090000,0.6562340267810929,0.5158931633872286,0.7321982987326221,0.9662342352286796,0.8268149067068559,1.3888062511298722,1.3113090399781753
05051522,0.7340554555402026,0.5694828659095239,0.7325391130438137,1.1359649827572784,1.0357025515506346,1.3566826961033194,1.2566008385295593
05058700,0.6912933692177803,0.4429039946779334,0.7115422422794353,1.17672020706296,1.2072557013831235,1.4755325479224428,1.684099349948708
05059000,0.6223464549981252,0.43149568229418633,0.7134065598599004,1.1609275219321165,1.3223031563559413,1.3566317750806938,1.8370816636231155
05059700,0.7492085534317993,0.8330998387415474,0.5801884696685777,0.711482173548199,0.7927561844122115,0.9661208578591421,1.003187981457581
05060500,0.5669766073075333,0.47274592555440864,0.6367755788705773,1.052875488665365,1.1537837032411322,1.1987485765054668,1.4635974748958986
05061000,0.7252210407922388,0.779773847643469,0.6752565594482213,0.7861344744810702,0.9350018988672399,0.8134263145958504,0.989673199768625
05066500,0.7380479681577963,0.5828900012930105,0.7250213127761793,0.9162761870466,1.0016496192383417,1.2441167518305076,1.3922192730788676
06470800,0.5036537287659985,0.27123646486841335,0.5197704039785209,1.2320283817548525,1.0644621172375528,1.6814799745040276,1.8321710770215853
05291000,0.5766620710999371,0.561796490890762,0.6080002935557139,0.8954676966152918,0.8631088014173158,0.8146627183374198,0.7262848608484528
05292000,0.5801703832459526,0.7465625143242036,0.6646702227193055,0.8409855956528277,0.8368823206949586,0.7718683915051361,0.8704072503106506
06480000,0.07343535798846113,0.30592045120523936,0.7654530602967139,0.7995299782597572,0.8140393399842484,0.5638318233459602,0.6967919065051444
06481000,0.3103686003311994,0.46531301627066546,0.7826821021692929,0.8543282755781075,0.915980629654255,0.6238872276304486,0.7616857430719626
06482020,0.34597239495898013,0.49309883729187753,0.8014702163101216,0.8482331675393895,0.9108155645889244,0.6377256315613652,0.7763137987853674
06479010,0.5413917672973796,0.7424499272066181,0.7972258257157205,0.8823449283090025,0.9716173041446622,0.7387419833358898,0.96122757466442
06483500,0.615463787838211,0.7496169752796988,0.8664555624542316,0.9532772587038761,1.017256560359876,0.7597553823293218,0.937364533328219
06485500,0.5278492776586424,0.5989593520836177,0.8654261112003835,0.8649740711370556,0.9497591156042905,0.7061444141593561,0.8960414485463871
06600500,0.631669505046889,0.7924387977387897,0.7852596636615794,1.0111119514768439,1.123602184229064,0.8188965471271467,1.0221283676822286
06601000,0.32701225009185786,0.4323226088602701,0.44534674803421437,0.9794708965865826,0.9499359430300949,0.9753726041807853,1.1111375013857179
06799100,0.6791580321220456,0.7910460783965717,0.7383569156929215,0.9370214290435773,0.9678762684951939,0.9238043900602103,1.1646563773543739
06800000,0.6433610860250565,0.6290903605015419,0.6818979628448361,1.0896472090304592,0.8809269464155621,1.0838863218039563,0.8790040283681156
06803500,0.703928782714478,0.7319825261820591,0.8845585404764293,0.9432127221506955,0.9932225517211711,0.7570736748324502,0.9130677009631304
06803530,0.6950725851928119,0.669209722022102,0.6492618535016785,1.1541019091867515,0.8308420903348708,0.8990714988655226,0.7818972592953608
06803555,0.7813133283632775,0.8169442975358594,0.861468321584909,1.1046159560850155,1.033898119465301,0.8145235470503777,0.9499425117521443
06804000,0.7544975630941486,0.7446595403363775,0.6346433737034924,1.092097484268617,0.9438835990477366,0.9732303269746839,0.8490992168737808
06803000,0.34289881673214806,0.2894511846143579,0.7864193362606587,0.8008208372270388,0.6964849636891808,0.6138530612707798,0.6189471071520267
06885500,0.6366429625301769,0.5776411742132823,0.8143329210579726,0.9698529091412895,0.9497144803373614,1.296626305791239,1.0496615284413011
06876700,0.5690431061144281,0.5947348288026215,0.811378007517032,0.9305591557249618,0.8833508838346127,0.9195890433852902,0.7948478566241884
06878000,0.5256726063748205,0.562998481796124,0.6744089446089461,0.9121893684181157,0.9329876824488108,1.0919455618485994,1.0765377112961934
07145700,0.6822038794188405,0.66499616987628,0.7681361724957837,1.0401783027221496,0.8763401890193625,0.9250155656635992,0.7913573891449578
07151500,0.7516424993298606,0.814553596173873,0.6780198392210721,0.8775529219854985,0.809519786439511,0.9386752398549487,0.9053949792556243
07167500,0.7295909676177208,0.7246484138198644,0.6375479299091205,1.074742377730911,0.9208342305479529,1.0970707153252364,0.9331799058277722
07315700,0.6267379627603689,0.37631330245122807,0.7989644707722464,1.1191255098988349,1.0493102633977198,0.72679203100598,0.6317131184239216
08110430,0.6958746313508828,0.6085130288381744,0.6656041605719589,1.0214049879330784,0.9829611142173973,1.3371317700476395,1.0458157979730804
08104900,0.5534424879564013,0.5648232484584133,0.7776345100987884,1.1106618862431104,1.1383375390418145,1.1594446219448984,0.9965531279478519
08109700,0.6949182233760434,0.691279817647386,0.7693198624908986,0.9075466817769879,0.878481778688801,1.1282136207630393,0.9963129751008222
08109800,0.6493660761507052,0.7406644561763536,0.7655157448137397,0.856006304201013,0.9473701285285333,0.7941387703104871,0.838189370583796
08110100,0.6946293068547127,0.753078039813033,0.6905633081414781,1.1065777928820586,1.1149917469537889,1.0185963425760707,1.002911670940072
08110500,0.7124232243488795,0.6765781550965706,0.7144601863923992,1.0737102364353932,0.8721841006280151,1.0091734174798912,0.8191249547578101
08162600,0.6452031388825318,0.7473240926439422,0.7545651162638669,0.8775267344384337,0.9276613099919917,0.7651836294821475,0.8602660711431355
08164000,0.6450733601691254,0.6566545647734698,0.5711275901443327,1.3064544245717944,1.0580450120072804,1.1034291727185197,1.1009532105951625
08164300,0.6590646930841491,0.7189995474983764,0.7927894566585669,1.0005944872308992,0.9433160747264129,0.7559714998956818,0.8344117266752045
08164600,0.7139682261356921,0.7929963987762813,0.7080613721894474,1.1263247655352173,1.0922029868423007,0.9731452335899842,0.9621740464071001
08175000,0.6382752794893627,0.6328395306820152,0.7148219216322677,1.0789150237298155,1.0805834619524248,1.1214629678128203,1.1472674071652402
08176900,0.47604549343437674,0.39605271526701047,0.4921446283530486,1.011543400817876,0.9932402612865867,1.5811142575115247,1.1163614845705503
08177500,0.4603368560940424,0.40947723367138233,0.44308276032336236,1.2011920664591111,1.1557671602469965,1.4540592675720356,1.0570632660566734
08188500,0.4091264659412931,0.5828194349063762,0.7041997116513101,1.0095295841653456,1.0650760228263405,0.8797993154056337,1.0317486004419245
08189500,0.672163837879817,0.7158108716155331,0.5953767222920281,1.027993415613883,1.1102808424175195,1.050951584528684,1.0128707337054867
08189700,0.30373719514184105,0.32755521351413375,0.7730127474334643,1.0272069444570697,0.7229483735283101,1.0177553770167231,0.8376898333199551
08211520,0.47987187327588077,0.41647352420337014,0.3970301183583206,1.5124662249036853,0.9618156214325595,1.3740300673184103,0.8656716485759403
05104500,0.6687308999942181,0.5121247867567708,0.4995251677475153,1.0998491345970312,0.9177302150037752,1.5260672493297536,1.063364866901867
05078000,0.6676274884743456,0.7588039000940223,0.7336142451932157,1.0092478740773259,1.0226264639892075,0.9071832546819932,0.8863424335941189
05078230,0.5455201355896522,0.6603481672844346,0.6402591506540256,1.013570409635085,1.0739680061941796,0.77576192422876,0.7940303781145636
05046000,0.5912130505053357,0.7087690654184651,0.712719142376262,1.0073454500477277,1.0041846694771899,1.1295458700821899,1.1609176839152506
05245100,0.7234291781660374,0.6482742062547688,0.8174077621043864,1.0777382044561952,1.0912751929905307,1.236574936651407,1.3136526935648734
05267000,0.869051221622584,0.9314651045588098,0.8590682818105037,1.0497422199976085,1.0319790860627647,0.9908552360255299,1.018013940958163
05304500,0.83729013429665,0.8718035132599332,0.7378825314132826,0.9873212782748884,1.0592169068097341,0.9988053405097087,1.0946885064013028
05313500,0.7643246446535477,0.7264993167361476,0.8121983804134321,0.9185572974886609,0.9345227843821226,0.8310030657000677,0.8046383000592806
05315000,0.7531199025443058,0.6307055390925648,0.7814814767532356,0.9730113634865099,0.9658723894032358,0.7962004861328581,0.7482681146919372
05316500,0.7826327432362532,0.8541880458029771,0.860727524987822,0.9649468969811632,1.0249518864716334,0.8697279456601972,0.914142931554621
05317000,0.847963542716863,0.893702610562886,0.9022028790113102,0.9939958714509952,1.0683683894973806,0.9948050230311238,1.016121662309855
05317200,0.6067068185350251,0.8005522161771013,0.8087734673189804,0.9538881481592172,1.0560637445094097,0.8468434934255882,0.97087122350373
05476000,0.7456084612663966,0.7552831835004954,0.8678954651232039,0.9391115012684323,0.924134347007218,0.823002981316075,0.833403166303254
05482300,0.8051904018432776,0.8096781693647025,0.8668544859518675,0.9310357632730424,0.9045015378623076,0.8752930232958446,0.8586577123691476
06600100,0.6319942017008648,0.7978530678346636,0.6898079947148918,1.0254333396895607,1.0910085773832312,0.8598530046265278,0.9402600421486906
06605000,0.778800746803061,0.8576712918755734,0.8534096115059111,0.9292929767810776,0.9840433975756604,0.8940918618683095,0.9161190038474172
06605850,0.783066605688412,0.8493787301749476,0.8917660746266887,0.9226007359689782,0.9421773227657578,0.8792644490576677,0.9051393095279369
06606600,0.8067877340329845,0.8916810668573176,0.8795153854883472,1.0134412810650846,1.0627410542194389,0.9638858259015718,1.01098082332347
06607200,0.7665463654644211,0.8379431966856633,0.6873824194389911,0.9498095142712905,1.0126850016940938,0.8658096880888518,0.9005133873642713
05482500,0.8564227236582729,0.88584170110126,0.8679476532618906,0.9475829164656269,0.9205703772603546,0.982386776861473,0.9513790292367025
05483450,0.7753681916586906,0.8279603984818243,0.8020683901113416,1.005983067482269,0.9397148038927321,0.9377130461794728,0.9053449547121408
06608500,0.5332820265069371,0.7021170099737751,0.6400164583195396,0.9537571825336226,0.9496684974972337,0.7877264747572392,0.843582664610098
06609500,0.7391119296554918,0.8031036512176796,0.7438500638733896,0.9494993357342996,0.9335546463470396,0.9201551087859153,0.8905914382060162
06806500,0.4166990923454421,0.613382206237137,0.8006258262950909,1.1272541754062129,1.0286441919333509,0.6403520613193291,0.8543659372561194
06807410,0.5294576638149253,0.7173446934451588,0.6849239246595766,0.9570825800542616,0.9800701192269647,0.7357003409612065,0.9233855522400523
06808500,0.7648420088515809,0.8361605485784477,0.7899611966565541,0.9659691328397396,0.9784919578208434,0.8450373097578314,0.9570478113954438
06809210,0.7692074154681409,0.8251577387733449,0.7947635727677227,0.9652136434338627,0.9214270108761243,1.0031069878262833,1.0251104776494335
06809500,0.7484432720854135,0.8637844641816768,0.8011187616307482,1.0342927463303833,0.9854892957148643,0.9205286716104254,1.0328967223320575
06817000,0.8359372444993376,0.8038558034479248,0.8181604427786785,1.110911091729438,0.9857726446337756,0.94014609441055,0.8523294905257318
06810000,0.6446945926530856,0.817440954341157,0.8042728151211376,1.0139861973467477,1.0125766365264075,0.8301876227069606,0.9850822258010968
06811500,0.8417423778294907,0.8181451959423512,0.792435901025531,1.150746501571563,0.9059788801930933,0.9544211293859677,0.8653358712594076
06814000,0.703061743670683,0.6989689098951302,0.80092234891141,0.9125164443272039,0.9274618550315339,0.8105181173873589,0.7930573500317454
06817700,0.755133135760613,0.8269344010299374,0.8108823221876278,0.943114397839457,0.9986120743211224,0.8734260759593282,0.889316009535322
06820500,0.7564098308808429,0.8061543866850736,0.7749469846456987,1.0201745694674431,1.0123039782026655,0.9886144820844296,0.943595704898132
06821150,0.31030924194298637,0.29857330896867074,0.33144895866377533,1.021562008033237,0.9545752375920472,1.048373449473393,0.9100153861641095
06821190,0.6802683548292565,0.7703700723936973,0.6865000316868564,1.0288475665272883,1.1217635987248682,0.9585230465652876,0.9520213613343614
06888500,0.7277772851191637,0.8045269693875199,0.8247176354608596,1.0560321928767882,1.0248620641342516,0.8331423740929932,0.8782525752261241
06889200,0.4820111972536175,0.4947928968941313,0.7721414552278063,1.1458204633139555,1.0605003958783235,1.1722486037332627,1.050915388537815
06889500,0.6444104509180585,0.6016755217782328,0.8169589916536717,1.2106097810758385,1.0713866898519573,1.2447719772847403,0.9693193988573374
06891500,0.49772768173347537,0.5540391932407414,0.49570972028920945,1.0906687642922022,1.0009342451208885,1.0236530637711734,0.9664598896374517
06892000,0.7830097902489135,0.7503422337128526,0.8100777032887873,0.9654367989394862,0.9285509317609105,1.1142796462442348,0.9445412623614073
06893080,0.6633213061440011,0.6325815339879064,0.7236328133678931,1.2260376305246072,0.9214615822378135,1.0043348372783882,0.8052923430760507
06893500,0.7797074145227973,0.8415953225900485,0.7878676598425676,1.0654933510739582,0.9263253413275965,0.9206918912981822,0.9060554427843783
06910800,0.8501111229954456,0.8108026752452715,0.6371498691784487,1.2582460667077284,1.1900587891653798,1.0614727204678722,1.1339200847550182
06911900,0.8218941606625134,0.7654140892732787,0.7378954474608131,1.304448042699724,1.10990678993995,1.1614859036292067,1.0364505948547107
06912500,0.07763326174053753,0.2644322976224198,0.1398787211758873,0.8265980241813712,1.105295453880817,0.7746406683780174,1.159659567603272
06913000,0.7261812861836693,0.7740270514821417,0.6256970850400082,1.0714347432602747,1.093865382357402,1.0230245222945853,1.006952087541567
06913500,0.7411184560933135,0.7779884274031257,0.7212919666636919,1.087122382906421,1.041487223548195,1.0267151602050673,0.9814825192738131
06915000,0.3500315381053364,0.3362079696891772,0.37999046894875077,1.2323243266766244,1.1074251977686633,1.21220546122151,1.1388551307582002
06915800,0.6061869916519409,0.6796458462275656,0.5986154701743104,1.03303142451308,1.0724262258288713,1.0129473196547214,1.0131552249282518
06916600,0.6199798877766736,0.7431457339093376,0.6555388507201563,0.971278135968884,1.0113472893753768,0.9279616427133539,0.9527756412327913
06917000,0.7420203093576079,0.7753912826842186,0.8404302161677571,1.1571372183747706,0.9643232317674392,1.029620666754555,0.9494045882595077
07184000,0.6998233964139535,0.68020729685348,0.7288494541899859,1.212581106932728,0.9484301126165803,1.1052772823093036,0.8989110382959912
07185000,0.6526578046604488,0.7852225964698929,0.7260882966137909,0.9638525958989376,1.0371785511414864,0.9398238385092955,1.027806741893026
07186000,0.8605128081297155,0.7506639062458732,0.8885787352381473,0.9765202286270623,0.8848150965834847,0.8707012830351785,0.8110994770060532
07187000,0.8013963817495353,0.871135160150706,0.8554878368562097,1.1303842766159564,1.104138549758483,0.8998056622686245,0.922377411622149
07188000,0.8541171079642567,0.8038400165484573,0.8782023816925133,1.0119135824978032,0.9700424393724562,0.8696162212799124,0.8540397449459479
07176000,0.48142987185455577,0.7099773712904354,0.5574901125828742,0.9669721168965452,1.0811800388379658,0.8651440117114858,1.00758399762703
07189000,0.8221717274181903,0.7748075292950473,0.8015831048512192,1.0240667501947456,1.0168979217732412,0.890372674186472,0.8272166264492686
07191000,0.7259453219196952,0.6506269985556161,0.8428482049992015,1.0833277119173448,0.9075556718553005,0.9182769432708523,0.7648840036236086
07191220,0.6962137227053664,0.7278609199056281,0.8034794900760596,1.073489802981335,0.971800813203397,1.0127638328423134,0.9186563557005907
07195500,0.7797763527251471,0.7934171170006507,0.7991856482175641,1.0604792942482575,0.988394935276342,1.0563466198691083,1.0330871413869436
07195855,0.5396771645780836,0.6765864591478241,0.7565303904249552,0.9711247821218698,0.9561912757597523,0.8557067294961016,0.8597481255718756
07196500,0.6907494337531734,0.6304096944697668,0.7692667839025266,1.2646137621214313,1.0769012556886277,1.2037950709632528,1.0632872609065283
07197000,0.7404274550966592,0.6672060800955593,0.7658695397317741,1.3230040121678004,1.0775212156511171,1.1831087458871299,0.9412747175078003
07198000,0.13429559175904693,0.5228635539520827,0.038537648311962935,0.7649598720411064,1.1319104654604215,0.7589822315034752,1.049754932494705
07334000,0.6944036492332273,0.6757821264941503,0.7037648894434227,0.7965862838787172,0.9167852216584366,0.7470211922076058,0.8224967339151543
07335300,0.5026995727349034,0.7531406137087124,0.4532562087901433,0.776675708565757,1.0584219964287584,0.7560040421544235,0.9467688309226429
07335700,0.5829298836729477,0.6391715352037985,0.611124789149885,1.2437463171963847,1.1789242576997736,1.0142490156889796,0.9250877837370002
07335790,0.7715615530704559,0.8634973328870581,0.7512271700139754,0.9601195990317092,1.070329275913431,0.9544244912888795,1.0243714023728185
07336200,0.8487891642910372,0.8393750841920338,0.8206171443373701,1.057960992373125,1.0514128682677104,1.0602902100056064,1.0019561923541394
07337900,0.8308872238978844,0.791449527389795,0.8101670284762329,1.1192688348205015,1.0295237914147688,1.1087534449586893,0.9743861562576658
07339000,0.42822846662666736,0.5658116739357972,0.42515002961037573,1.0138720577985743,1.042536748742606,0.8931223471783497,0.8977775753138584
07343500,0.6224594217172296,0.7483890317675234,0.7101569180246021,0.954735792111189,0.9806392397480425,0.8076385906125655,0.8539289285594481
08065800,0.6497710094709266,0.6487869788665723,0.7024946306703557,1.001011804834067,0.976159625607771,1.1251057273518559,1.1089793070249745
08066170,0.5205148528457069,0.7122458577994599,0.4793238648485696,2.2011556178773555,1.3371587636831723,0.8281514224135452,0.9398664205208606
08066200,0.7090106605584603,0.8189920668368159,0.7621482375916535,1.0192512478614681,1.0001420460799735,0.832930566982502,0.9015002259285073
08068000,0.637256357081577,0.6346927755323042,0.7359105571513368,0.8772332373888616,0.9495659828960376,0.7516876705727134,0.7662031547860094
08068500,0.7565476484715045,0.8313004370685482,0.7099114082958282,1.135775127222778,1.0135234521741696,0.9261305088699794,1.1192845492188792
08068740,0.5830576344917693,0.6964810846237465,0.7633286493512544,1.0552951911562525,0.9039026269740602,0.870698370206672,0.8571127880532898
08069000,0.6250801886990199,0.5907499188080163,0.679153018177851,1.1993840797615372,1.074800782218859,1.1660487054186206,1.2257679348506345
08070200,0.6488371269078446,0.7255404421816494,0.6468974853635414,1.1895123621307766,1.0735725940909338,0.9839695831578331,0.9492045114783382
08070500,0.5556095755158614,0.5078967033817645,0.7846856288966846,0.95117663110839,1.089138991306931,1.268100452230412,1.1920260754304504
08075000,0.5713690720250594,0.5269056163685037,0.704278790947749,1.150521503683984,1.5369169282880553,0.9971744102737552,1.6322002938392097
08076000,0.6374853822023152,0.5637015468584717,0.7604085075053917,1.0463594947126376,1.0834142604415327,1.2839672592129243,1.1810551230385273
08115000,-0.16235819843367882,-0.8788446628864697,0.1433350755050633,0.5463429707578878,0.37572744770258354,0.4779985817480584,0.35753243190940187
08117500,0.6332054109563303,0.6939390346847336,0.6451298788253981,0.9973672878605617,1.0058569883240196,0.9414033306077421,0.8657616008167721
05129115,0.686729964764349,0.7893877061287667,0.828639035482698,1.0153733594999874,1.0536537105137305,0.838298346182716,0.8783746233689215
05130500,0.7469951510097049,0.8588252547309194,0.754193257775407,1.0475181126147834,1.1340046006958604,0.911780308693645,0.950059090811233
05131500,0.7819810698547711,0.7136722233043502,0.809417602113123,0.9861469184606816,0.934467316164122,0.8365469069235142,0.7896453051030071
04024000,0.7342603627543756,0.6940923937962924,0.8329369700521506,0.9640023165185438,0.9878806527969427,0.8011501849131485,0.7902034364074974
05336700,0.7019146587466992,0.6102385235160084,0.8087621405543862,0.939286165946435,0.9504932653785617,0.7551929689852214,0.7601291502795099
05287890,0.7441089539005221,0.8318782086948343,0.7972113857750456,0.9953644151405138,1.0604988222082572,0.8278359765393366,0.95458167087897
05319500,0.7785665582268066,0.8787597445406158,0.868360468492113,0.9543585430098777,0.9931061030708885,0.9063493562100734,0.9530870561164151
05320500,0.836549659217703,0.8544656364734013,0.824439101442694,0.9170555929374223,0.96136162394776,1.0006818001732618,0.9446338090685703
05345000,0.6256663523756656,0.7688234532235573,0.7644757970463162,0.9431228356138367,0.9548877170848717,0.8232517062553187,0.9616002465077009
05353800,0.768435016649909,0.8378193092731615,0.746260503805371,0.8647071294755804,0.9433471551866515,0.8731454214808195,0.8964846087937147
05372995,0.7382673244453469,0.8183336477323538,0.7772390612654905,0.9667127739792416,1.0333930677074887,0.823145116150376,0.9419914602882744
05457000,0.6428760924649157,0.7545798875334006,0.7475455460689346,0.908903208821137,0.9204530615005302,0.8528413098716862,0.8609388701111526
05449500,0.6914824860063524,0.6554299928838452,0.8260265514760616,0.9127496553614838,0.8578271399306118,0.782389332712519,0.7681223200661862
05451500,0.8353765246688357,0.7997802367832922,0.8814633149952152,1.0275122323698958,0.965589638283143,1.0212754771801156,0.9248705562438594
05451700,0.7207089357247387,0.607398036574141,0.6583090462737706,1.0360959186292824,1.0182443554786538,1.300984179859602,1.1703407484510335
05458000,0.7227630616002605,0.860948386697123,0.7719998476775866,0.9897235070532246,1.0691977766638585,0.8535459601129631,0.990038591040895
05458900,0.7769942310690625,0.8768750167930134,0.8311268052391487,1.0175518205624179,0.9957005762518776,0.9119008547676342,0.9500473895469568
05459500,0.8602376454593335,0.9172710355864426,0.8514650074310923,0.9591168301413215,0.9742346016458789,0.9604343322198983,0.9698917139709708
05463000,0.7838362164676065,0.8242813657817756,0.8097076111622508,1.0322805111827353,1.0106986245687908,1.0198822222266868,1.0630879825707442
05470500,0.7020542754194203,0.7910874382172364,0.8166730271466898,1.0188830287190733,1.0135756220807453,0.9080890251697367,0.8957868498133017
05471050,0.7533311801158561,0.8363317017683976,0.7817625529951303,0.8785808027924095,0.9613032105017641,0.9008911735714804,0.906688558841807
05471200,0.7684279556657839,0.7508224009450164,0.8503719826075027,1.0920766613647968,1.0462109925127672,0.8013647338850169,0.8507491946016695
05471500,0.6311766471206404,0.8109038457213099,0.7564233425746874,0.9514032938478041,1.0474880818104546,0.8291895221861417,1.0014899429338529
05481950,0.8358244063244216,0.8603686877232299,0.7847036969367851,0.9946972150087341,1.0358846505709867,1.0251186829798058,1.0282467943804765
05483600,0.7578885707473599,0.8148815908156637,0.7990868722901577,0.9966969000909325,0.9218035806921007,0.9466104884016673,0.9109685489414439
05484000,0.7899117762434529,0.8476205442206943,0.8328894646552276,1.0467309529413469,0.9436329266202701,0.9604771406211673,0.9372407337201597
05484500,0.8576881333976872,0.8964594530194226,0.8749681144263022,0.991106878612448,0.9863170443651781,0.9274263411492945,0.9288760229203235
05484800,0.7071682680637126,0.8074325342744803,0.7012334534770766,1.039773375553961,0.9936891558339269,0.9570415968587814,1.0387075421287781
05486000,0.7559465321172463,0.8665008590689338,0.7043885609190306,1.0722710835251699,1.0762854770922075,0.8904835036178107,0.948751398104923
05486490,0.7712053428495756,0.7629357027396022,0.6474863638627609,1.0134702531556021,1.035548487587623,1.083071925021253,0.9693091235709099
05487470,0.7001774150109527,0.5835670560366298,0.6301792941894465,1.117399859484663,0.9062558452323444,1.1656121662685848,0.8111534337011876
05487980,0.7149143896424367,0.6975793917159964,0.646540596981565,1.2860568723364016,0.9790437526909103,1.0776023077884924,0.8981950045979644
05488200,0.6853249526594473,0.6854892338281131,0.6378833739863532,1.1378835853179918,0.9047868797091453,1.120904629571898,1.045011829995269
05489000,0.7036094637145829,0.8016963190179732,0.7071719274426532,1.1742319281781797,0.9565585979804302,0.9303319235857301,0.9331242449257362
06903400,0.37219601123979196,0.28325214455188497,0.4203057463534373,1.8427574324093237,0.9046866881266035,1.3454127563709855,0.8631000867746178
06903700,0.06914739462397368,-0.09333478339984747,0.04760462936142462,1.267126316251631,0.9616433520459124,1.1217661539654094,0.9074487065091785
06903900,0.4109032165604326,0.5102094794005858,0.2968139311948188,0.9592428759457964,0.9751733100821905,0.9210704809426874,0.8994516178318092
06904010,0.6729808006619933,0.6367536008944943,0.5751232527202386,1.075617343502271,0.9932290827187976,1.0681029740469021,0.9332579128539354
06897500,0.6249585423255516,0.733585060745895,0.6729029001979479,1.0288343824978388,1.0619861222188716,0.9448717945315813,0.9546637646763717
06898000,0.668403614008342,0.7989990947112463,0.7090873744230838,1.0924365320150917,1.0299696290735134,0.8506835117430098,0.8996601351871392
06899500,0.6792665789738539,0.6646908343397832,0.6593619472135271,1.0503566890811236,0.9867556298711476,1.0688592427805241,0.8904210545829111
06902000,0.7610062359200219,0.7781672738472618,0.7822749568765064,1.021309964465451,0.9861710199128161,1.000274643223271,0.9081237891542489
06904050,0.6981764050313851,0.760833032578114,0.6888371986192677,1.0648985681059482,1.0141489306193672,0.9231703555695661,0.882954507213837
06904500,0.769039673060166,0.8268397930905896,0.7905125601046905,1.0484634406930902,1.003373865795117,0.9590990284567551,0.9279495946677381
06905500,0.7547791960047419,0.8192732255946888,0.7820009730761319,1.03341267421913,0.9744156182266386,0.9005757313430794,0.887036789528007
06894000,0.7602697268359897,0.8148014705316893,0.7553762353649418,1.0811994289826825,1.0167356672025052,0.8434900236485906,0.8814967744396383
06906800,0.744111579362093,0.7921585115412764,0.8384579936841,1.0968942986945747,0.9477509399967443,0.9642996099142845,0.9007059334047482
06908000,0.6295574280854631,0.7220833233264526,0.6488589083755651,0.9135408313908642,0.9948140938875514,0.9844435115168714,1.02050705255618
06918440,0.6891059733151135,0.7183836260397307,0.834390996642721,1.1531371421772718,0.9506726112675431,0.8870562144193668,0.8214239304511566
06918460,0.6526694263932364,0.7819779765388905,0.8264045985902427,1.1783038051508627,1.067625900892732,0.8083002262690415,0.8824893209975581
06918740,0.7588458379437064,0.671502056736575,0.7566545213675113,1.288555351027637,0.976141080211853,1.0585771338411005,0.8285760248041479
06919020,0.03508373889774652,0.48321575834679076,-0.011726824043007067,0.7649195918867087,1.0310270965254802,0.6775535020020392,0.8594051341501746
06919500,0.76029355219509,0.6762920368027463,0.8310953526016192,0.949791505050875,0.8885272618354709,0.9339896895636122,0.7781688995226377
06919900,0.5484069367531172,0.7490837181332146,0.6601577142460567,0.9338924063249603,1.074197350587736,0.8260853809909294,0.8988130602631601
06921070,0.7955131245780508,0.6739870737666958,0.7714072344662682,1.3228653840025355,0.9953288931533839,1.1050818922890195,0.8266115545465798
06921200,0.7657203106767946,0.7145430893944373,0.7706248008454479,1.118394760356307,1.0039701797864868,0.9328839225449104,0.80163969144715
06921350,-0.19889532003360122,0.44318056608679357,-0.4301736919078307,0.5322516513433225,1.011568280690626,0.5744305003979532,0.8886144631657815
07196900,0.6621236820334904,0.6986126021070609,0.691105645190462,0.9862653995499044,0.8900068490422517,0.9255215765901234,0.8326631907246304
07247000,0.8287248171765204,0.8697484966309379,0.8772444803014712,1.027449776354207,1.002342367141921,0.9678910765799422,0.9340520980472925
07249400,0.8239345050850024,0.819305256476726,0.8363773595295497,1.035074781066246,0.9757744977415433,1.0433811342467048,0.93373292075807
07340300,0.7361847302639791,0.7885305623910409,0.6942575084156963,1.0337393691011694,1.0206034869669727,0.9735432763810348,0.9181136693653015
07356000,0.8882789731817113,0.8375409730788129,0.8415603305035979,1.069564668938853,0.9698453531311199,0.9789932455731435,0.8769366893920432
07359610,0.7023132406488213,0.7622663437390983,0.5911960175652317,1.0867171085137552,1.028802492051136,1.0147014623028745,1.0419177692736874
07361500,0.8344277432637879,0.8915856660470325,0.8813920837459663,1.0377906122798644,1.0018460379677276,0.9374260704533623,0.9395049591837601
07340000,0.7693694700573827,0.8501329165571221,0.7240941533757235,1.0004960506939866,1.0458272735641678,0.9629563456305101,0.9712229585994059
07341200,0.5630402021544347,0.7077319651120932,0.6820482307243428,0.7893576586713046,1.084632064850712,0.7297481733717047,1.0411336832880678
07346045,0.69018158544046,0.7160824236207092,0.7015044813990291,0.9052477072221441,1.0388775982760392,0.7873005458566024,0.8180837337379481
07346070,0.8129426937717298,0.8957040387520318,0.79550063966055,1.0073147903320225,0.9851721427735772,0.929352582621867,0.9598594537099359
07352000,0.8020771123920297,0.7361324782277199,0.8231468947976317,0.9849426216067504,0.9790030334624269,1.1639186316347996,1.0127500144805277
08022040,0.7677522156313173,0.8214871277367783,0.7748083770698118,1.0260003626448913,1.0118587486497759,0.9704769826854615,0.9389013745977298
08023080,0.7527591233360984,0.6955044873982218,0.7586897399613668,1.1173874995872342,0.9088802064086088,1.0973277935533277,0.8629274402460182
08025500,0.6828199808457451,0.6584403674690948,0.8160883543651127,0.8625790667203821,0.8667406545714349,0.8547216026405483,0.7689026443259921
08025360,0.5099770216737336,0.6960317908242708,0.5671492071223849,0.8715722018337654,0.972914985759844,0.7881387495822632,0.8367564906647273
08026000,0.5181544626581122,0.7243815447690247,0.6068928520740935,0.9186670323340659,1.0276562646544491,0.7996048386234006,0.8694015622599279
08028000,0.7714199260534316,0.7470563162670382,0.8548142718366984,1.0678739573792475,1.0014877506106126,0.7878628541668473,0.874728981407523
08029500,0.5089972933756943,0.4477079049857007,0.6707489357766694,1.1509740041698768,0.9996979133851691,1.3493662184488147,0.9943048811751305
08033500,0.33963521239047223,0.6427161230337108,0.4342871276167479,0.800301207602501,0.9601551167081571,0.7056541220036027,0.846249799897429
05124480,0.6782630094205523,0.6801611800921956,0.8115541002924496,1.0122075614487909,1.0461084477454654,0.7764090550859621,0.8106311550400587
04015330,0.7019305222225294,0.6729446592595227,0.6556655911501934,1.001885395236164,0.9474605563568391,0.8743146140089968,0.7784007473109226
04024430,0.6976181423340599,0.6642862412127647,0.7654272867410991,0.9368034408845239,0.9474989101977479,0.8059958785159834,0.7668767123412012
04025500,0.6754398999399559,0.7838215309161197,0.6901183655309717,0.957909390582922,0.9736204104252182,0.8660874647330813,0.8821585463743721
04027000,0.8102237318475858,0.7785777452543714,0.8245957285563138,0.9600565700571388,0.9262684694851379,0.8740652360902272,0.8318804575167267
04027500,0.797889655417874,0.8184360903734526,0.7436419561508152,1.0003680077839945,1.0072986680657456,0.948224817696905,0.9073069604814875
04029990,0.7618566811877097,0.8389396906429807,0.8277489190258657,0.9835402234163486,1.0056064689099729,0.9581758567649094,0.9554924720066983
05356000,0.46253562026918527,0.5308491200485157,0.45812539306655975,1.0767155960625518,1.0448228613467283,0.9415725878366147,0.9083971202259
05356500,0.7615399323284064,0.8005164988105894,0.7272705357892701,0.9904201054528757,0.9896106715329108,0.8549267167140381,0.8607928053240407
05360500,0.8241603512341302,0.8364988658560384,0.7400712182411251,0.9982118710560969,0.99485030957615,0.9091209958142926,0.878252432962774
05362000,0.8800472557195178,0.7758969414266634,0.841538810118967,0.9446742684368886,0.9423684909801815,0.8670695447423479,0.8326399360081937
05368000,0.5063292219701628,0.7208504471235884,0.7244874571632554,0.9880562705907701,0.9679812028913816,0.8027871166490297,0.9062253915746421
05369000,0.7409805483075016,0.8369664062909602,0.7423237098872311,0.9935699905277373,0.9615714792217678,0.9269007857661606,0.926987016560646
05370000,0.5318362870080429,0.6882989651203472,0.5680185829298667,0.8959097136392224,0.9346343146914109,0.7481870131376507,0.8223022464692934
05379500,0.6111055910192696,0.7008748327534108,0.5211676772778162,0.9785030203658378,0.9874438209279299,0.9672809811452733,0.9624632744283608
05382000,0.7377649134435381,0.8027330035996465,0.7887432079050491,0.9582603202376095,0.9877953124674707,0.842094066703965,0.8758149406879187
05388250,0.8263861301181896,0.8394353686182556,0.8017798230166322,1.0138162367090984,1.0026452390608271,0.864569475599925,0.9029238468814902
05408000,0.697415465488644,0.6596953625837794,0.5491745632817333,0.8884165287742035,0.8709489225029948,0.7803941147496984,0.777554181324117
05410490,0.21698289569851192,0.597021192041254,0.4739199685381513,0.8854526229091071,0.9161071341221287,0.7400053890613649,0.8624207272108111
05413500,0.6470943185437967,0.7786423834977686,0.6558303441979486,1.0239463561406328,1.038712258628959,0.9668699593339732,1.118491406862123
05421000,0.7989721273879746,0.8662819769027866,0.8447997462505485,0.9754677335501815,0.956026373765254,0.9269288767875767,0.9259452021812987
05458500,0.7844429145289575,0.8790903482125698,0.8572861668622822,0.9817161354181484,1.0234311097008941,0.8837571781918964,0.9591028457373724
05464000,0.8698668461577481,0.9185102954728873,0.9153522294037657,0.9662129547991678,0.9881216458449338,0.9252796891830665,0.965778391152196
05464500,0.7733378514629864,0.8787720551963483,0.8509954464490523,1.0175414033096788,1.0239853329667241,0.9118048000604977,0.9559966369616741
05451900,0.4873531822422502,0.7287860013889922,0.679232527122215,1.0481715778259821,1.0816429758079098,0.785240322359943,1.1299643743975212
05452000,0.7663046647576379,0.7391193104958491,0.6798390654573173,1.0992897117574896,0.9394390016159198,0.9930252289525808,0.8579783116917579
05452200,0.5166837983243227,0.7401762964881238,0.5931371784436626,1.0999492174252985,1.1260718836345025,0.8216559854396516,1.1092793323756835
05453000,0.7469677920506439,0.8310101111047253,0.7441756273866402,1.006575553760329,0.9419171327070683,0.9585695813310199,0.9644848827894913
05453100,0.8027120869480993,0.7963769547471605,0.8198575690036838,1.053854396192559,1.0378359103245292,1.0616504332365606,1.0248313822116786
05454300,0.719775481018575,0.8524207506461396,0.761925339840815,1.105294344387166,1.072283230958073,0.8708908795985785,1.0506538429755852
05454500,0.6338534587896678,0.7902984910773818,0.5988570521412655,0.92193587638038,1.0319081580450888,0.9442367242336205,1.0367612278169411
05455100,0.7536724105070056,0.8732776547241918,0.7933026415494951,0.9930981371520642,1.039018683437466,0.8860479702462616,1.0333632844138212
05455500,0.8079396048817854,0.8400594564588436,0.7798361357035429,1.0427315100694299,0.9795833349587385,0.9988353372616642,0.9499048398917306
05455700,0.7447561296107494,0.8678082758771924,0.7324051218096858,0.9599868379273844,1.0509698963834477,0.9428829462383712,1.0339510541603025
05465000,0.7423644349445123,0.8712002824533999,0.8251992217815088,0.9911274980886423,1.0212470658096742,0.9182185122107793,0.9858455517060062
05465500,0.7876999275524279,0.8895205741479222,0.8391459823045448,0.9686218336643412,1.011078211126801,0.9257918271783908,1.0035603464644953
05466500,0.7565635133148281,0.8094470184037745,0.7399058899862678,0.9960869071074419,0.9526822097825092,1.0071768794218328,1.0007184371040856
05472500,0.7015738044606505,0.8192631058167046,0.7545536708382254,0.9607203902505682,0.9804503307391083,0.8405001301154268,0.9067531459646273
05473400,0.7665734055959239,0.7295019999736265,0.7792442784479512,1.0067113142893334,0.9213849869114349,1.1290884417393088,0.9834793424587739
05474000,0.7524358904935342,0.8765871608382995,0.7758930856476053,0.9138259324297506,0.9892508450172224,0.9105011431604465,0.9938290201999068
05495000,0.5758647232269151,0.6801048742853155,0.5966938181216936,1.032354898849792,1.0259579028473966,0.9608125799542703,0.9675904533339557
05495500,0.8062795380226153,0.7410142470365026,0.7810993678719326,1.0476381373115582,0.931127530802202,1.143878767554218,0.9219078044581113
05496000,0.7800445808270325,0.7818432556504268,0.7242073539164031,1.122965590100729,1.0012175353495958,0.9880138024552546,0.879591875009394
05500000,0.7761493062966152,0.7866588774043365,0.833915354773521,1.0477400028704078,0.9441356100997876,0.8908412907404134,0.8460926480616986
05501000,0.8086832309353759,0.759242281952613,0.7506288069251856,1.1729161193681867,1.0341761240419696,0.9729754519623115,0.8336811074210043
05502300,0.7574578510048856,0.6506726843910635,0.7078155029403782,1.2181876816384374,0.9120469779791539,1.1393836509154718,0.8306598657291402
05502500,0.7031195364766261,0.7014787030006596,0.74883996187343,1.1846243110453623,0.934447265694355,1.0744531585729424,0.9163294617925859
05503800,0.7714139518149826,0.7490112976980515,0.7944764013132357,1.155704143175271,1.030550491689736,0.9628785441711649,0.8350475845718491
05506800,0.7387010281601457,0.6707884777032547,0.7545504114315589,1.2242343404899003,0.9412932794199672,1.225347150742115,0.9757348991910365
05507600,0.7795807361748655,0.6850288815556678,0.7873808090329848,1.0593541482967295,0.8573890772305433,1.254977259792026,0.9471411307604483
05507800,-0.030527186924013128,0.45399952972347146,0.17422304906544184,0.7694234063532948,1.0687190257840589,0.6422873247169301,1.0006269478386738
05508000,0.057735677208602176,0.48118728666693267,0.24127019882766565,0.8100377193724762,1.0832869457954575,0.6886639729466607,1.0270711689893295
05508805,0.857413550551065,0.8080853434006068,0.8077418250430596,1.0525097703875865,0.9396913851111054,0.9655072813311727,0.8543959476070382
05584500,0.809621767825408,0.7770006226332057,0.8331284685705458,1.015828654824997,0.9361506686199054,1.1035859429964172,1.0962949623153033
06906200,-0.049918375079708754,0.49880963912516374,0.5753637377353724,0.9503400573136612,1.1792580422827184,0.5862820225312343,0.949924357089855
06906300,0.7413377674051379,0.6915389172667294,0.7311468188748378,1.2112599848600487,1.2616342804757885,1.1470975580463998,1.1729647485858667
05514500,0.7749062229418624,0.7498331672598132,0.8008633794448824,1.0940576293083772,0.920948227895805,0.9555869420132437,0.8338063601504839
06926000,0.30677825824875915,0.6080780260315426,0.20713400086835176,0.7845491893166849,1.036207283510825,0.8134186717713418,0.9427042436852754
06934000,0.7739593450995423,0.8213363111530521,0.7861254747895197,1.0207082430275982,1.0105260952186876,0.8732294689530359,0.8763141285987041
07013000,0.7293951964318266,0.7424645200130666,0.8104863577032837,0.9390595965817667,0.9531266601750249,0.8885280876013598,0.824317605356763
07014500,0.7778893000837352,0.8139895358789185,0.8746045065228101,0.9697657422229203,1.0586338978139544,0.8479556458300346,0.878110516235939
07015720,0.705766449846444,0.6804567108703921,0.7537455317898809,1.1609037500025476,1.0052202949020694,1.1334211101542482,0.9242812747842253
07016500,0.6123334810440635,0.6541999463162524,0.667702856045991,1.2640858141451552,1.0905106902325787,1.0331666409871891,0.9374569168305175
06932000,0.6821002685124997,0.7979034644710095,0.759100892771961,0.9291527477453284,0.9816313235151648,0.9086877976997078,0.9281494170776441
06933500,0.8409830030747604,0.7546952259652521,0.8819227277414305,1.0002090675165127,0.9686870108915018,0.855815301939774,0.8163542085039117
07057500,0.7197006954086371,0.6613366687683166,0.6781459852360592,0.9921146049624845,0.995641758500469,0.774712023963726,0.7940958494942257
07066000,0.7211598388083929,0.7122104044911153,0.6815050588284646,0.9600267265540372,0.8870515878206932,0.8363818914353615,0.7948644889356624
07071500,0.7892186873063682,0.6985524877845756,0.7244778410706789,0.9883310790578909,0.959247932404522,0.908495619141715,0.7934501483916908
07056000,0.8360658953415799,0.7778734085979743,0.873714725559445,1.2038667961753444,0.9928241243759192,1.0869965577723288,0.9085269176893186
07060500,0.46829142219731545,0.6528082458514409,0.35897413948801293,0.9083989136753579,0.9696752256366239,0.8309600750980879,0.8357271253911046
07060710,0.6723672180731678,0.6429698080059066,0.7520116080004738,1.0989566789620622,0.9084787992356979,1.1935235446755237,0.979304542003151
07261000,0.7706552923714746,0.8206728539123377,0.8106167275617016,1.0056404051153778,1.0425314500576244,0.8819536144710076,0.8776062332030564
07263295,-1.31977296300033,-1.549535551693182,-2.3809723356825936,0.34674799081793667,0.30988900319151225,0.3890218434909194,0.30545354840245387
07263300,-0.501114277078148,0.0018983249855578643,-0.06430552709048665,0.5518359093190518,0.781907597045143,0.4295073772795275,0.5608081465757495
07264000,0.1917175932593701,0.5943096602402915,0.17102374244184815,0.6415683625113591,0.894936517261045,0.6375162094088823,0.8846399700642782
07362100,0.7695232198810793,0.8146339074931105,0.766971538517885,1.0313881131652307,0.9995794698935774,0.8918298510499788,0.8735431347501724
07363500,0.6632947425743874,0.7779417301267696,0.6797551087597643,1.0747791376871711,1.0952248230563482,0.9421918915879469,0.9704102134879011
07373000,0.7158910742838173,0.753358555424652,0.732332799238546,1.0487026257182688,0.9327347878561205,0.9874077621019005,0.900041397821439
07385700,-0.8825375222318061,0.19934806776980352,-1.0408170664527252,0.9964254078082158,3.2435506849604847,0.9038674497330355,3.295296729036725
08010000,0.8108503477121626,0.7933238405716458,0.7767780952765626,0.9971324571271426,1.0621092838449238,1.0525873288039436,1.1440839717743796
08013500,0.6768642673549383,0.783388187767489,0.7934528638661114,1.0060304042283439,0.9736475445676542,0.8563860416470684,0.874398204398996
08014500,0.7655851739441829,0.7716481482065224,0.8704447780248866,0.996534887853198,1.0693074458211906,0.8098422845069986,0.8667075087555456
08015500,0.7834011940535126,0.8375915913098035,0.8704353881872736,1.079115897927651,1.0758079187363827,0.8553056453001109,0.9038086201985146
04043050,0.7425213419241108,0.685176939734397,0.7143937978309707,0.9322408473857317,1.1326810986367333,1.1566146372867416,1.2059130729262537
04034500,0.18509060699512758,0.09373079248510385,0.07169888559593185,0.8974959392248173,0.9005587898863292,1.4866729229564606,1.2961323790601857
04036000,0.4949292966571398,0.6642141609168224,0.5575647927506084,0.9907791500742942,0.9917242742996456,0.7589255131592326,0.8032683851160739
04040000,0.7322661688939798,0.6850445649102337,0.8434666237373181,0.9548221227526239,0.9603237145754201,0.7856090516588777,0.8000980512253784
04040500,0.6954316323469517,0.5131747192343785,0.835433497612878,0.8475865271823272,0.8126051625323895,0.7372132232557977,0.7010292684618143
04041500,0.7553786664501941,0.7247326554445972,0.7978578041754965,0.8831092330625054,0.9168009895098813,0.8054650261639781,0.8294596475206493
04074950,0.8557525018609385,0.8333617407427818,0.8053980609630093,1.1122144201963013,1.1152851862836617,1.0298109282160752,1.0122186019528663
05391000,0.22847433557491736,0.5129368995538022,0.30954199420252515,1.2831388734695113,1.2971785064701942,1.1004790677128264,1.1524961749906644
05393500,0.8606177862908605,0.9105870496861317,0.8370315363462829,1.02165862696767,1.0376537039938616,0.9776480867781637,0.9820294038044631
05394500,0.8749762520602973,0.805592009437546,0.8809981572872665,1.0243661280809646,1.0547059078195857,1.109841269965255,1.0773274337319594
05397500,0.8173778928548441,0.8923755453163484,0.7756636488098891,0.9513233068537965,0.9973675661469016,0.9655406926080423,0.9919306814434332
05398000,0.9095716082397315,0.9153138180317959,0.8860475769587126,1.0977538554478765,1.152845018025713,1.0209717626940222,1.0749977809577484
05399500,0.7495953461266492,0.7230506984449655,0.7695611717593337,1.1314050431924336,1.0084800172086008,1.1415516040687175,1.0278964393415302
04073500,0.5703410618554687,0.6488444876182925,0.7889470903226481,0.8988897246540988,0.8953333017119053,0.7813846589837942,0.7885149900718537
04079000,0.7726088149974111,0.8317394980250894,0.8254886325243258,1.0006185214392744,0.9922657928941883,0.9063444160532802,0.891480180136012
05400760,0.8905288931793147,0.9161184807322655,0.862850761771355,1.104232410991578,1.1299106370660819,1.0140057328084002,1.03675125112594
05404000,0.7689983833478686,0.858796142743934,0.7938740910145505,0.9770284091262784,0.9932444406743117,0.8973898872146715,0.9224991903449644
05404116,0.7131484708030393,0.7873328366919945,0.4263203651807689,0.8291994271500062,0.8027705138731637,0.8700626372251862,0.8649288215686048
05405000,0.6373010111295576,0.8043033215972378,0.7252410970865564,0.9504484576085298,0.9443236284058614,0.8510919170212766,0.9207680398246713
05425912,0.6333544406857947,0.6750905128868296,0.6088486487053189,1.1335258546441274,1.1509706163030584,1.055278720881185,1.0432149367892738
05427718,0.48883973419711124,0.7027556475031539,0.6049376554964374,1.094966640537809,1.1735195428127658,0.8353988082841939,1.2086370866493652
05406500,0.6368107895458963,0.8196928896970631,0.6342072172405688,0.9589698188713134,0.9780142134730135,0.9025115868308631,0.9698996748491452
05414000,0.5501813600210788,0.6256265257907228,0.5380645942126805,1.0291634443292321,1.060056824553028,1.0407031336749624,1.0843719103055094
05419000,0.7326173286725086,0.8470083691983996,0.6602913783691052,0.9857814899357054,0.9776186682371167,0.8928337462800299,0.9359137601430499
05426000,0.8560443459215702,0.8168400457875857,0.8314950048478469,1.0817075089428894,1.0133842753482842,1.0365716970794683,0.9665094414955114
05430150,0.6646837499837832,0.8007020991758884,0.6483821677922468,0.9676620357817568,0.9711030809542238,1.0047247886864779,1.0326901479487736
05431486,0.7157878283011074,0.8275388848156506,0.6664779940633794,1.0299921498181706,1.0686601257192416,0.9931937963886149,1.0967856659489574
05432500,0.5653538750060918,0.6901761799457125,0.7033463287533347,0.9551322959103621,0.8798192468771567,0.7713405943420862,0.8757553951332654
05433000,0.6538094570878074,0.8152060154901193,0.7287705247100698,1.0030915579045607,1.0155711177456526,0.9054094914410753,1.0149869592464815
05434500,0.3028374155541135,0.636275622106782,0.6108461900366123,0.8898136776930902,0.9182332007496659,0.775327180958689,0.8919412442780127
05435500,0.3304763171757251,0.6759465590474073,0.6000352265351354,0.9128958187363757,0.9785426774536661,0.8182438406719377,0.9650140558252571
05436500,0.7136387847521692,0.7492265793587445,0.7064840906402251,0.9324087331565573,0.8815210247250844,0.9739030828904675,0.9431636336698753
05439500,0.7661098090578702,0.8085935939281061,0.8020504358248133,0.9686048388883063,1.0034593563552863,1.0192785112642548,1.006967552814239
05440000,0.8204735486196495,0.897790330912933,0.8699341357842675,0.9723783157492458,1.0355426369690792,0.9699678751163787,1.012684468878032
05444000,0.6565870225324083,0.6968400061682973,0.6480051117172798,1.2064605683034226,1.2451609996859767,1.0455997582158554,1.210180604693757
05422000,0.7123767077259897,0.8050591905281445,0.773260643003832,1.0520034373445644,1.0605414263503619,0.9921743998060817,1.0510629161709768
05447500,0.799800597625106,0.8463494278496141,0.84054550549104,0.9464687534306927,0.9295124129502155,0.9319104792249895,0.9082471072215318
05466000,0.7169049771006424,0.8079554812247878,0.7236912073098541,0.9586829191749281,0.9680649241723815,0.9338960909935221,0.9292154142742569
05556500,0.7436646314094841,0.7513597813939404,0.7420237697437845,1.0585579937408465,0.9733110055850603,1.0525270770155386,0.9534824280738133
05567500,0.8230769133023442,0.8353249319306807,0.7907937408176466,0.968910040890312,0.8705912340824353,0.915246470977023,0.8782068785485714
05569500,0.8061331272230696,0.8901837822951818,0.7843920371335857,0.987602056046023,1.0165484664254016,0.8945625234162378,0.9619295848433087
05512500,0.4870308963061065,0.35044839138907435,0.6048269153490375,1.1516878299002182,1.0271402001546355,1.6083799827039014,1.3892890171015968
05570000,0.8238029152060781,0.8914707567043949,0.7552078343138469,0.9439547339747769,1.0448047941330985,0.9777466845712798,1.0313193855509706
05576500,0.7837023792397642,0.853613069511591,0.7886575941282596,0.9653821029082341,0.9782313502271796,0.9286569515600731,0.9225069411989135
05577500,0.7564822306321224,0.6272050758203815,0.6433236375243879,1.0606655403554222,0.873467459510532,0.9675476042490919,0.7609829831390341
05579500,0.7172826018619405,0.7027780403974888,0.7211254713015887,0.9417394085178133,0.955090813027705,0.8074063124688392,0.794114500327102
05580000,0.7180280542937331,0.7097822658017141,0.5822948416228337,0.990976455446051,1.0072857938861222,1.0622329907688575,0.9217955876958329
05585000,0.7269500593918972,0.812058198536791,0.7481892310134459,0.9363921684434318,0.9891328936989402,0.9778003378744147,1.0417494410203656
05587000,0.7774742906365022,0.795811303379931,0.7908567190419861,0.8943902403619532,0.8852143345309025,0.9383677113771831,0.8675927792759528
05587900,0.7476119507916454,0.716490483133682,0.7713004707186031,0.9955903696983412,0.9655576240211493,1.1157113556895666,0.9283293582192019
05592800,0.8388324983825265,0.8366784572914955,0.6946502796905589,1.2700791945923369,1.1170201218076725,1.0327584724846361,0.9344329985660415
05593000,0.36581147098382016,0.6816256698846531,0.3441664510029633,0.8393309220854851,1.0447263869963612,0.8390943482735149,1.0550279866988153
05593575,0.8082719500122767,0.8122039567697302,0.803819334806749,1.1285764754350252,1.008183599588059,1.0661487412389539,1.0165939021941104
05594000,0.4210953849004808,0.6855692924005765,0.42814952503773884,0.8132895870017175,1.057229760481983,0.780272439716141,0.9564902061658155
05594100,0.6156414297921285,0.8036802694262256,0.6671841941048352,0.9845753574253018,1.1309374421152159,0.8904304268530141,1.0631328116656562
05594450,0.7825326103682415,0.7941226044987808,0.758511011412624,0.9792759223695174,0.9751682366952421,0.9775348457357268,0.8839569798355928
05594800,0.5848539913080472,0.7877036151270838,0.6321644715237149,0.8456848757714291,1.0080684704032996,0.8205789481866307,0.9536677410815301
05595200,0.7173217306447324,0.6729235513558511,0.7387693950717039,1.1190278422247637,1.0637235132118166,1.186479215234324,1.0842549210933694
07018500,0.7532701879726449,0.8267806694400992,0.7583716446796632,1.0680286054792658,1.1169088331409356,0.8433693538273002,0.8980626167940127
07019000,0.7891944162871999,0.8667023231395339,0.7916030858617228,1.0493455009311254,1.107639003915058,0.9383113960608745,0.9436816870311129
07061500,0.6317583205262067,0.6083017733999633,0.6764991156401868,1.3601719998723478,1.0035890561645682,1.0735916941525985,0.883411294610679
07063000,0.5603562541128726,0.7832575748442906,0.4997634132340051,0.9069159063557465,1.0055413593840394,0.8623862028092694,0.9662687439834383
07067000,0.745741907449267,0.6552244089247261,0.8577531235141503,0.9730533673540184,0.918031965700938,0.7984798330958248,0.7583195298837074
07068000,0.8075800623091574,0.841074389286556,0.8449553042142086,1.0414596151992872,1.0059621653271602,0.9094361544690934,0.8873740564963083
07030240,0.8153550755564574,0.8512875263885135,0.8215025583578985,1.0331127428457048,1.0581179472635103,1.0083588635694365,1.0594309172423908
07077380,0.73214341570941,0.7443759726534714,0.7792525637959886,0.9168256783687484,0.8928457372253963,0.8905924704152939,0.82938982986607
07047942,0.30003989413698173,0.5251574347004093,0.4485145426751508,0.7332596287886197,0.886867135001914,0.6537809950287806,0.7936176191099392
07287400,0.6301350925227154,0.5715768705901374,0.7437252181921994,1.1322445234507579,1.2981960250350422,1.2131855203023465,1.2368788985893622
07289350,0.7240208771190604,0.861720943244641,0.8047293374152726,0.9347065536361241,1.041089567414359,0.8636593627446427,0.9890064273515218
02488500,0.8312095616057501,0.8846642927246583,0.8371199174232702,0.936773491548793,0.9743066909737952,0.9174749025940845,0.9252747742124937
02492000,0.7128227548311986,0.811830349033721,0.8434608212361605,0.9532751590459142,1.0352225129809893,0.9695367600253901,1.0549653645211885
07375000,0.6302072887984318,0.7911599108076988,0.7226746518749793,1.10013102092598,1.0493815610831856,0.8728419914806395,0.9543457036605747
07375500,0.805255220613969,0.8749529728893372,0.7942002411695157,1.087796055005864,1.1299593229240317,0.9199568680641591,1.0769343439081833
07376000,0.7311325984702342,0.834000241691472,0.7799547350860372,1.0742909765087285,1.0887313189163828,0.9534770802531872,1.015722630260871
07377000,0.7068290529153627,0.8081571701220219,0.7994566921941815,1.0488050834316685,1.1184550884013464,0.7980722840330923,0.970447448716434
07377500,0.7304320378100423,0.7159831141277274,0.7954069721899745,1.1102424127337807,1.0813252964233862,1.125455685086729,0.9823776829420345
07378500,0.8124596680006824,0.8404342417407122,0.8516931088526656,1.08942377521647,1.092107801431877,1.0279738040885367,1.028315070960913
04057510,0.4177211481655758,0.5300647481310946,0.8322010203125894,0.9662777539605308,1.0283009249937567,0.7074443447575212,0.8419154062987418
04057800,0.36117772435508533,0.5826292771903131,0.848291528555311,0.969188798334037,1.1393663350838208,0.6607810370865415,0.8777464531985516
04058100,0.6260317336632107,0.7799040145770522,0.7768786575877005,1.2174780284635813,1.2437249843951628,0.8354120188956551,0.9819124543096134
04059000,0.5911031623955971,0.6843979606419381,0.9064254106931895,1.0560341538462563,1.0999010510000544,0.7602118192873542,0.8783340211808277
04060993,0.8400697287713186,0.8927768895124657,0.7343608678003202,1.1249631813599645,1.1886110168231612,1.022432652315826,1.0568931663452932
04062000,0.2688443460779488,0.3164433961336087,0.5593600606160769,0.9274477364606966,0.8990705643730345,1.0936283848742747,1.3884213588778693
04062500,0.37821968095824776,0.546163807155115,0.28199342228708935,1.135424765071277,1.1644882718254044,0.9321996880662665,0.9515194153900058
04063000,0.601395498571327,0.6317101809539274,0.28041481464099893,1.4725588029728862,1.5427219465414141,1.2426835896485025,1.2873181372489777
04063500,0.5976320996132828,0.6300753258970326,0.28108360458297743,1.4636970494410204,1.539205950857433,1.2598770594881454,1.3110424356885968
04059500,0.6787310675344097,0.7718190658451688,0.8739935004908539,1.0063605699418583,1.0050819216349673,0.8058941491453546,0.8732621118586368
04063700,0.7730273716222962,0.7039353767886141,0.8818368214631658,1.0639331422288858,1.1123880147506666,0.7945484745930046,0.8521369664983706
04066003,0.8639721635706898,0.8529027009937883,0.7897644761231165,1.1467111672221195,1.14888345584463,1.0361322570651625,1.020481724891557
04069500,0.618559009585818,0.6555210104716533,0.8467409275789766,0.9555753055118467,0.9661102505974406,0.778089276472838,0.8108983678789166
04071000,0.769882046479613,0.8089801410815493,0.859757920292432,1.0207660284337665,1.0409691284881242,0.8660092166946773,0.8881628548704592
04084445,0.6953410672563055,0.7954065327878664,0.7407400365409439,0.9212144312757917,0.9185211235839624,0.8753599871780625,0.8670058890232937
04084500,0.6791307107177739,0.7925819411527435,0.7081441413556265,0.9746379536629343,0.9801275197105019,0.888007340340109,0.8828498163478707
04086000,0.7588357865804038,0.7749415607927266,0.7980359459795275,1.0010722933712637,1.0383351838024604,1.0576811285810126,1.1412731579294584
04086600,0.8218072139072463,0.8407891307690187,0.8695985791358857,0.9706521607547254,1.002215654542877,0.8677680945318331,0.9211498950102066
04087000,0.811162127369319,0.8384369611538793,0.8762328535939659,0.9720969081645626,0.9968607317070944,0.8693244900832041,0.8969773690572626
04087120,0.7613678100079225,0.8065012393548485,0.8065201910022877,1.044871758298408,1.0180857536316301,1.003095864571878,0.9622040047935451
04087220,0.7916856335715245,0.763558222853269,0.7925332926223634,0.9842354237662451,0.9826430115380752,1.1139317612772854,1.0079459689682857
04087240,0.7261527150011198,0.6325803605547881,0.7789296932838169,1.158032473731781,1.052247158115866,1.249138654084131,1.1472247299768434
04087257,0.5839292906903373,0.45713326423707923,0.6707406753032408,0.999175301389586,1.089375081574363,1.3584906358460018,1.4678399737953847
05426250,0.8211199447574057,0.8914919675629676,0.8339726236222987,1.0113907690303154,1.0302001204633535,0.9498277998487886,1.0044578228336067
05438500,0.7618232921444503,0.8283355816857462,0.8179788431647581,0.930051154420525,0.9830900485911432,0.8513933667456278,0.9360031318784879
05439000,0.8089212995964654,0.8135140596063083,0.7886017354867351,0.9619042207465186,0.9720212113129031,0.9583807636300032,0.8816287914116865
05527800,0.7241754876053093,0.6466829556803622,0.8369358180847367,0.9646632191956184,0.8886516307511966,1.2023564032455452,1.0477794202356792
05527950,0.8349969359411085,0.8648330519747536,0.7742178257869138,0.8041366288583501,0.8057554177920192,0.920131664124144,0.9027125900579542
05528000,0.802833802555331,0.6346321539516889,0.8440977073946112,1.1738129844388947,1.2094760412247076,1.2990483675683466,1.3072739375343647
05529000,0.8337363016305118,0.7115340903577532,0.8757325383572309,1.0757175579829703,1.0680785221251268,1.2085514834098776,1.2026673177888036
05530990,0.43256388647146526,0.6151865697703542,0.31954310203416925,0.6976374965633675,0.7483072197968743,0.8316905091973258,0.8787094413338292
05531300,0.7931164913161234,0.829239353569457,0.791121452879258,0.8715806060092395,0.8406137284092654,0.8615600426923646,0.9121425492356315
05531500,0.8262213073774802,0.8016450092000545,0.8389261035219533,1.0195930661563715,0.9874515278774793,1.0905414461396348,1.1731784371427985
05532500,0.8736075482648811,0.8490763564557667,0.8720617060836351,0.9696816707047429,0.9982077415449824,1.073211783982105,1.1256938157447707
05536000,0.7935554853102558,0.8132474657816342,0.806238740486947,0.9306478409836526,1.0241092451193392,1.0182120437518487,1.1663925903210262
05540095,0.8017646576086496,0.7265851021097237,0.8292651503058235,0.94573663869658,0.9445633941509021,1.1544410492037995,1.187555073872449
05543830,0.8184190181753471,0.9014751665971493,0.8173113075661543,0.9591931855366937,0.9776551489242273,0.9171663606052016,0.9832917101002997
05544200,0.6394788718024833,0.8224518197751802,0.6481030815165763,0.9708967357984536,0.9886721583520317,0.9270458229904017,0.9840848614348809
05548280,0.7146855450720901,0.7945497684730385,0.7587360226170947,0.9660278507296155,1.0676789076322948,0.8484788549901814,0.9904739875124984
05551200,0.7395981896365399,0.8128698876931598,0.797831868742557,0.9769678873536487,0.9731218628756467,0.990126406811929,1.027339016830277
04093000,0.8707055432048568,0.8341587585239617,0.8081332833305108,1.0577585962208156,1.0523208728710205,1.043171600926813,1.1525365162337622
05524500,0.898656382382065,0.8666627971554082,0.8682112945622855,1.0321623828772535,1.035571586367113,1.0572580632627746,1.0118447586978905
05525000,0.8985377264813439,0.9126678797311393,0.870406512944586,0.9544089831536904,0.9547235050347848,0.9746299064418278,0.9464976836165427
05536275,0.7008382165754417,0.6480200587919241,0.7439892303377171,1.0580881389468069,1.3838535936851546,1.0391737615748702,1.4083077022933956
05539000,0.8436511362346792,0.8662844134566908,0.7623251976502946,0.9366942707045716,0.9019919450057271,1.0210622606007196,1.052449809807787
05540130,0.8117829299120719,0.7366991100348592,0.8130096109986422,1.0741932058012775,1.0339260079658055,1.1346450860530672,1.2278879028433711
05540250,0.8187903208612232,0.8556962952080085,0.8540400533634398,0.9761902983766512,0.9854135291298357,1.0038540560991955,1.125871660615165
05540500,0.8468836701572723,0.741681170838886,0.8978403752641024,0.9778578590004365,0.9886095561752081,1.1359511486096427,1.2874140660185172
05551700,0.83996079412148,0.8446212250078411,0.7921802300076214,1.043100970024304,1.0354405744748123,1.0473274363474712,1.0495433421727516
05554500,0.8257288080158742,0.782378056314042,0.8069582238943399,0.9325562114783487,0.9110085945285926,0.8977164307989818,0.832387726393788
05555300,0.8538199927761979,0.7758961555431089,0.7837859445685347,0.9724890401481532,0.9041466959614892,0.9498622479515982,0.8325264968030274
03336000,0.8666699591757764,0.917258675296196,0.8844728191189632,0.9665089071497026,1.0359952890989819,0.9450020680426167,1.0114728882682469
03338780,0.7590885392757536,0.8314801194178835,0.7697974455077602,1.2085356579382702,1.1973739106419017,0.9807160497425536,1.0650803977406116
03339000,0.8975730428687336,0.9204318584585824,0.8945183342711045,1.110343635506607,1.0387118692082142,0.9899711148299144,0.9691555536821412
03340500,0.8775671357714736,0.9331801097315519,0.8973747529465059,0.9838257240646954,1.025279186501306,0.9827541620431991,1.0255188011625465
03341500,0.8376243966780006,0.9006496419980732,0.8752399530958842,0.9659958373769357,1.0148938875171285,0.9272887003919694,0.9926187606477355
03343400,0.8604951651213208,0.8642739640289241,0.8489525367572882,0.9889389587409038,0.9593060410936943,1.0266639053580686,0.9706348407909356
05570910,0.775009614892253,0.7480829071447623,0.7275864122467559,0.8473347180748336,0.8454105782632589,0.8354817603044228,0.8195027392388509
05572000,0.7586213182147881,0.7990015019273975,0.7337395340551924,0.8929216515885312,0.9367842920160036,0.8353693184562891,0.8722123337262084
05573540,0.8097830697755618,0.800575226200411,0.7795791961254884,0.9182422677670852,0.918375826275019,0.9412700746392247,0.8632805895489454
05578500,0.537812820026083,0.6653429159678365,0.6325045313079327,0.8542487943856242,0.9776607445255846,0.7373265796635928,0.8114730917702252
05590800,0.8751586582762205,0.8246250841008984,0.8076606016728078,1.0161446678785364,0.9715685470973305,1.0641361923454205,0.9424029549756164
05591550,0.5664673809727462,0.4746927415403641,0.653752018972759,1.1441037940894057,0.9261487191351381,1.4156329131062955,1.094579008801586
05591700,0.7765260475154357,0.6659475546915092,0.7032344275144691,1.2438643751049556,1.1781492255587172,1.2624661106681436,1.0954324179564952
05592000,0.3020587841935677,0.5953870145321963,0.30726684807049043,0.8636951370816468,1.0426668057096928,0.8740477604594651,1.0932395244534472
05592050,0.6692572061552884,0.7623945837360964,0.6399689547301916,1.1189452035646084,1.0480316577574902,0.9175280385649702,0.896870337418938
05592100,0.59656565439795,0.7457815070322891,0.5677072406648931,0.9562553852952208,1.057973150876235,0.9672319405638705,1.0748506653325347
03345500,0.8461926397606438,0.8697137710648044,0.8314770354133931,0.9360106319606015,0.9197860197233461,0.9892664941051722,0.945326234167143
03346000,0.8305591250556544,0.8096652912838755,0.8164575008842765,1.0124557981049553,0.9393205240690992,1.0569253755725452,0.9301019444681011
03376500,0.7557394805944005,0.8477349736947439,0.7845983137572747,1.0105965386256612,1.0399214859336658,0.9604050873512134,0.9787098105480283
03378000,0.784569796242861,0.8282985669328828,0.78728668154079,0.9822251431238229,0.9145022014550179,1.006966431324888,0.9805106711244364
03378550,0.7365832566303325,0.7381175786611762,0.7560529275732336,1.0443699011238101,0.964786351047221,0.9808552170067759,0.8527373490905898
03378635,0.7882658767890246,0.7051345327947971,0.7872604607975993,1.0090439172770271,0.8601256593663523,1.2158082963988794,0.9819425798709291
03379500,0.7301370551422731,0.7234280532103594,0.7563328615625434,1.1070424399206984,0.9394292105861015,1.031817228501778,0.8984463424804683
03380500,0.8661916037930738,0.7839143225458471,0.8358496386363694,1.1514566435274785,0.9100410374399844,1.0177351757460673,0.8555433363436273
03381500,0.4882888053132459,0.7308160442530935,0.418072519762552,0.7611138330513302,0.9650157960717294,0.7658776666890833,0.9078868331086478
05592575,0.6919222673480041,0.6839065996852904,0.6692402890576332,1.2048481367567088,1.0349458931228364,0.9693593280617183,0.8210996616856702
05595730,0.7474763057292895,0.6407832267014734,0.7062120552102362,1.2823169592266934,0.9811912874492827,1.274060471640418,0.9064803007214447
05597000,0.028382439508474855,0.5259561290126626,0.04793845821186238,0.6380725455979205,0.9978184938464539,0.6084973347946713,0.8851560496448425
03382100,0.7712811351272739,0.7329858049320084,0.8246628045975788,0.997006621816055,0.9698817904851152,1.1444954046334403,1.0385134607362994
03383000,0.7671554187690218,0.7966342905417196,0.7502448835422606,0.9054722896527931,0.9520110180201554,0.8396514446025515,0.8645910048384551
03384450,0.6969424110058589,0.7523923569635514,0.6837529734968912,1.0993550103852794,0.9660577595733452,0.9824083127037544,0.9134737591207525
03438000,0.8313658553241038,0.8093845165207432,0.8458518548716238,0.8965336814151136,0.9183823658126212,1.0498824995582485,0.9443891597315796
03610200,0.7805125138953684,0.7113710610065778,0.794416837019754,1.0892951587561546,0.98807195326436,0.976112791956256,0.8066786121606054
05597500,0.5350122471682028,0.5453754295351079,0.6099329779252509,0.9158516397333972,0.8695377083888893,1.1215251835125326,0.9098985092264329
03604000,0.7069462448221433,0.8091843834627256,0.831513842390842,1.1282345657903867,1.0954002305190305,0.9453253371314849,1.0954951970288533
02430680,0.6786042200217075,0.6743759822768901,0.643718822413855,0.9931454407676018,0.9156282981338962,1.0622717653668805,0.8906000957657184
02439400,0.8131637374990301,0.8643400256781177,0.8142100719303935,0.963312645506114,0.9960838317417793,0.9868976034375656,0.9776237513625174
03592718,0.5836105192010373,0.5789702893982062,0.5529422207567976,1.0342890952676933,0.9528579314912361,1.0945389413267954,0.9200402747938344
07283000,0.8300263414585058,0.7064276364576607,0.7705588943397764,1.0429033163742534,1.035290776267767,1.246117375487202,1.132827829414655
02467500,0.7493963737394391,0.8181086368894371,0.8560345699453207,0.9983922089138477,1.0244394152101601,0.9897939249427259,0.99666479065088
02481880,0.8575760905706761,0.8687574379313368,0.8870317429106107,1.0187006937797092,0.9622907630137889,1.0062912037974434,0.9497169107105636
02482000,0.7981532169559259,0.8888498163198658,0.8512173696570181,0.9761128926486065,0.9961067407101972,0.924469742964778,0.9599759915882022
02482550,0.7576894542699151,0.8390778164504947,0.8490410159252276,0.9664673336617426,1.0220236864951475,0.8508787720902328,0.9239587928632331
02484000,0.8204291648767795,0.8709390657360155,0.8662629788464885,0.9597810103214877,0.9936823116246618,0.9108411826483664,0.914317897302199
02472000,0.8086779825088979,0.7205100106418041,0.8200856551649853,1.037023116463427,0.9335851446538315,0.9380074733140813,0.8019114636368825
02472500,0.7957388742786291,0.7549502007938406,0.8340775873053792,0.9331981776234273,0.8936540829142753,0.9185046915894184,0.8240909148920321
02473000,0.8340535472013633,0.7848001547087957,0.8678905539649276,0.9518601884299526,0.9912037613501384,0.8529168771590444,0.8444221480085515
02473500,0.7476824203871961,0.7565784956698018,0.7677443771466833,1.0076736816717098,0.9609678117430005,0.8585093660657985,0.8248960081595379
02474500,0.8271405709837951,0.8288645996701429,0.8585767905174331,1.0149940097756673,1.034781252693433,0.8796584135892169,0.8727752862853086
02474560,0.7933595547571964,0.7792570724170195,0.8257349659586904,0.9494209081933748,1.000589941023081,0.8320760061624047,0.8626096640126888
02475000,0.8087688566789468,0.8563386655635428,0.7681484098330351,0.9152311642730662,1.000083201181349,0.9052629722057306,0.9012206733683303
02476500,0.5885873082414713,0.682056535324454,0.7306483664606733,1.0079282098261293,0.9566448433884457,0.9845818788029918,1.0113216762740322
02476600,0.7087356622501007,0.6874108916269535,0.8173183868409999,1.1078647379581439,1.077223563979634,1.1353265591743589,1.1501910535281183
02477000,0.77231251947824,0.7604588322119172,0.822107545435948,1.0381706682397769,0.9939793256514673,1.0710395809117859,0.9852174211473911
02477990,0.798876531962925,0.8390802158102281,0.8087599057027315,0.9346656564873794,0.9537084016770289,0.8772450083201837,0.8888635601567636
02478500,0.8643146732650214,0.9227108877594801,0.8509380151435272,0.9522020056946832,1.0038160919100239,0.9403426453245016,0.9634274407288879
02479155,0.713415047955358,0.8329109274164079,0.8099280721245814,1.0803029426976911,1.1007589086144385,0.8285242984486008,0.9287492634744858
02479160,0.7784385779790901,0.7966272579128963,0.820340076684381,0.9689258924081909,0.9800475636048024,0.8519634445663204,0.856642814243761
02479300,0.7426531041349176,0.8272300192111371,0.6962676754119468,0.9312474285065875,1.0005221384909717,0.9341754939187447,0.9293611778402863
02479560,0.771987824830096,0.773810146470489,0.7567928252905052,1.0178261377095479,0.9828170209706785,0.9789939237568824,0.8916203023850946
02481510,0.845024918813265,0.7959160704280042,0.800296048416416,1.0149731652416738,0.9731694492538876,0.985224986224456,0.8646789869515494
04056500,0.4211615764706488,0.5173139479283381,0.8497234206493899,0.9432126534443613,0.9743842191423568,0.7171552537967162,0.8095665217038052
04127918,0.49654382269510056,0.5515013438996097,0.8464905299282675,1.0367199230500355,1.0494970675420787,0.6971900767139491,0.8112577539114202
04118500,0.5913012207671813,0.6520680765557125,0.794626526623427,0.926623350249643,0.9408538408951841,0.7880503131222703,0.826917443612569
04121500,0.6382887861646681,0.6647195078780024,0.8341609126746536,0.9226161943678489,0.9554324205139434,0.830319485104885,0.9125399141830507
04122200,0.12830468796547478,0.5826560541572083,0.7350105691558468,0.8723246019918505,0.8586347665823104,0.7386607910225728,0.7369993342243362
04122500,0.6171137414607292,0.7899718499510717,0.8352405670149003,0.9687664068514011,0.965537772071172,0.8572731419788807,0.862858934063355
04097540,0.7404563390926466,0.8568251959096487,0.8767554147595673,1.0209145065920924,1.0548421873361393,0.948296305310395,1.0117156057593926
04099000,0.8685759212030484,0.9056629412698639,0.9040588959694202,1.0154717879803612,1.0137633272703293,0.9635986042235359,0.9571590000307462
04099750,0.7753510576246764,0.7870250434216675,0.7441449322432847,1.1993331022023241,1.3314087657223266,1.129406381228174,1.2378334920885727
04101000,0.8640835601089367,0.8933468383685083,0.9047277624997545,1.029802780586658,1.0645150556073584,0.9463897972485323,0.9763015374470392
04101500,0.8794313390131467,0.9115020400267301,0.8890174753556611,1.0292516875196676,1.071294161152092,0.979699794345015,1.0152910185977264
04102700,0.7149225497922979,0.7769217454618949,0.8578929522607417,0.9641867516229058,1.0239164121781152,0.820692752464088,0.8981916742181134
04105500,0.8574713025084204,0.9052248610177185,0.9122326802955693,0.9688366622397677,0.9765707974236855,0.9503927217208018,0.946517483216127
04106000,0.8529698358150982,0.9256581409421635,0.895144727414214,0.9809358132459092,1.0057382117968436,0.9714056833667998,0.9864483025808041
04108600,0.7220862633483509,0.7204440447447815,0.7590101438518984,0.9823373603705096,0.9830793682621031,1.0593431567727212,0.9911495956198093
04108800,0.41552447514168966,0.24805288007775117,0.37185633292789644,2.133042077857706,1.5799422639147123,1.9219469666227433,1.4957329540228386
04117500,0.6678056510511916,0.7321720862584291,0.8603654584338918,0.9435215548982474,0.955621358269723,0.799266332452103,0.8544275460953217
03324000,0.8368228925509855,0.8100820516531457,0.8414228990244814,1.0859887800443893,1.0484239040083383,1.0853663215031566,1.0778593162589236
03324300,0.7516167773915763,0.7330849211441565,0.7860583425056815,1.1418231138181165,1.068156167191119,1.1101968143498075,1.0999150227850043
03325000,0.48599582731315605,0.7363357906614596,0.557182299716195,0.8676066403702933,1.050898461657697,0.8556488061009819,1.1067676281154422
03326500,0.8505427550307663,0.8645600210161921,0.8510919087936112,1.0075824145147494,0.9631026003929485,1.0262140476511676,0.9875603174237938
03329700,0.8441206761185267,0.7701621721141743,0.7983138555364082,1.1466788670742774,1.1090035958512823,1.1482123955129375,1.0474400043296497
03330500,0.7540117088198679,0.7162815404779694,0.7324427137662989,1.2221185026997283,1.2961481321682486,1.1644363914778357,1.2249108322730182
03331500,0.8341258447921527,0.8458096391959733,0.8553238512441024,0.9233617827633185,0.9305481691709149,0.8834308844060706,0.8956530006706007
03333050,0.8479858961164253,0.906328830672404,0.8101404831603533,0.9315688974286007,0.9481506854136171,0.9411258869130948,0.9475925566058107
03333700,0.8928408489288664,0.8502181825450099,0.86585748445371,1.0602850925646228,1.0042933600973118,1.0771111474889887,0.9956079324558
03334000,0.8385210412787565,0.8594131072056075,0.78704460533101,1.093667428500052,1.077307746380437,1.0195763568217633,0.9879426363667142
03334500,0.8763290053826873,0.8528180157832652,0.8631783330949523,1.075217907289808,1.0203039282320159,0.942876939612396,0.8836459681514885
03335000,0.9037395104960841,0.9084978099510803,0.8677162642868423,1.054238136310913,1.049349674287413,1.016118325036791,0.985634153134517
04094000,0.7253026012805389,0.848049178352408,0.7469221292109912,0.8457959524453348,0.9281855191384223,0.8760258270621353,0.9349611980817271
04100222,0.8290084303554813,0.8899182044043791,0.8537716302760421,1.0302637113807978,1.0493561426656448,0.9329766300173408,0.9342196563691909
04100500,0.8263851201149317,0.7999356328625258,0.8917994325072343,0.9689535466921341,0.9675878270954188,0.8600005287082962,0.8499347410267202
05516500,0.7891802190950796,0.825860486531166,0.8032198312969144,0.9245393624314485,0.9423896499649616,0.8678280656473546,0.8796523071415195
05517000,0.779175454376654,0.8312755660371497,0.7991843070581683,0.9263213425141903,0.9933633463589585,0.8674056973623261,0.9329719292806233
05522500,0.8700758720926273,0.9165035017896829,0.8149560833779144,0.9239297129952379,0.9512925042850766,0.9464392858457419,0.9508031337605161
03339500,0.8604336072820468,0.8759116858174656,0.862278101535124,1.0950318538148731,1.0615911912003801,1.027470686508812,1.0152285112291353
03340800,0.8241584704186657,0.9036508608401443,0.7281513479424342,1.0370010045745417,0.9778890026817616,0.9139426196530135,0.9610702053957503
03351000,0.9065274868645384,0.9185869669246618,0.9106404052361348,1.0164769485436393,1.0461492859335955,1.0139940719489176,1.0490958159604473
03351500,0.884067137279535,0.9331593238844023,0.8650964900685323,0.9021510600297636,0.9546493072386125,0.9748820729310089,0.9902378845862109
03352500,0.9046003715790388,0.8945917301216582,0.8939718763381317,0.8824898759391866,0.8985784313155684,0.9338065994395409,0.9139636469823222
03353000,0.9194987931240916,0.9386472078169743,0.9259013693252521,0.9693890816724016,0.9606839108236834,0.9916624328077984,0.9769701689061261
03353200,0.8769385600685463,0.8829393883669007,0.8309838725989718,1.0293420968274238,0.9821824121048611,1.0340840866956824,1.028005217388122
03353500,0.8490944089082735,0.8918839711911551,0.8252446970442098,1.1520314122520654,1.0347064157334536,0.9946574659891704,0.9926938068735792
03353800,0.8578515316076897,0.9113214093734721,0.8438981330662263,0.9476930460987345,0.9555171214426819,0.9742157549289661,0.983310164150781
03354000,0.9075238228884337,0.9397495136799053,0.9141358227612904,1.0156181577104477,1.0739026788420198,0.98923992602644,1.0376662027413133
03358000,0.8395406974026947,0.892765137056949,0.817905539256485,1.0039467995739153,0.9600634143786456,0.9860975062692858,1.0004035964518398
03360000,0.8360417960027509,0.9025621392615342,0.7891101475140545,0.9620651963136871,0.9686625491207693,0.9158072043402344,0.9540969268530715
03361500,0.9047842592316883,0.92875636166961,0.8692718695723654,0.9203498276794073,0.9974252597563201,0.9511702053804909,0.9491551222299962
03361850,0.8795496681811379,0.9152686555742543,0.8310875755243631,1.0598091037861028,1.0783390612787083,0.997574237213372,1.011859863862402
03362000,0.832765965110928,0.8162539883883907,0.8457508455549245,0.9954478757509679,1.0789180958534794,1.0694476961901933,1.0881035053158075
03362500,0.8369569980763955,0.8128597946199385,0.8575337972161514,1.0891639567501215,1.0797258381175565,1.0723193290164827,0.9916653896927314
03363500,0.8482572388902447,0.8242403910397739,0.8821667581435535,1.0026853219857395,0.9708757980392269,1.0516701127834922,0.9573832948372202
03363900,0.8062781364591431,0.7960785314510836,0.8709037375858184,0.9568247755051541,0.9589134429877423,1.0230393892713232,0.9238648737368006
03364000,0.8837016838841311,0.9203417474836155,0.8932547692674371,0.9697610294998246,1.004415906364188,0.9841177900982118,0.9779038667753862
03364500,0.6822012433996132,0.6766007953283931,0.7831396533063537,1.0548894024570614,0.9475254661945073,1.101700795981599,0.956676727246621
03365500,0.8745998028810047,0.8263196625462145,0.892370880527741,1.0466322066557285,1.0626725349338837,1.0931784657902945,1.0485819789209485
03302220,0.7436321371716823,0.8123393212675213,0.7780266900926995,1.0266998147783262,1.0565445264194993,0.9565023197136431,0.928519966525352
03302800,0.8091588029853467,0.7818813418985595,0.8133925997672673,1.0054955332750681,0.9840719561404441,1.1009894521743584,0.997511484654736
03303000,0.8231436675274982,0.7255469131974731,0.7952252915757669,1.1355711229648187,1.2014400106230192,1.183248496067664,1.1529273252372725
03360500,0.7903558099503538,0.8843677208617359,0.8123769678530512,0.9679540925808576,1.0239863237971218,0.9564091036503953,0.9953743072511534
03371500,0.671391707349956,0.817137448818679,0.6427087823458983,0.9111005451086485,1.0474479009080973,0.933116659263909,1.0226773903728603
03373500,0.7252448256877392,0.8631587091878642,0.7204056160199589,0.9319488041441386,1.0432507250137955,0.9202615425800651,1.0041961467973832
03374000,0.7568084272603479,0.869784569565535,0.7712566361559235,0.9872962796610377,1.0457566108432945,0.9511931138568287,1.0048779183861687
03375500,0.5575526098557297,0.7165214216753213,0.604773542618557,0.9995631436352399,1.0095080768037008,0.9176657862408559,0.9565469681698928
03376300,0.7694030447560747,0.8241431127712513,0.7739614093857923,1.0320777086763246,1.0078158576082468,0.9964741390227546,0.9886968873016382
03310300,0.7040763780906997,0.8467315934633797,0.8827710028541446,0.9699240908915614,1.0562244371225107,0.8543559245254329,0.9933309099683846
03320000,0.7466488946527915,0.8445138480307974,0.7547528794873044,0.9083102250240297,1.0141782645796469,0.876812364641309,0.9312135752234438
03320500,0.7990731840946297,0.8890545217700466,0.6640794397624024,1.1258353373814716,0.9923098975450879,0.9029768920330268,0.9536726943494388
03428200,0.8294062884202318,0.884861643311629,0.8801409674338251,1.0217838084381716,1.0416983632686576,0.9862537277177122,1.0153135975339442
03432350,0.9021664543285741,0.9026736628411502,0.9058724561528131,1.0096838890954094,0.9459170741481617,0.9882570649172937,0.9359664179071401
03433500,0.887576756729227,0.9355329922826774,0.8617087205926119,1.0533271079340936,1.0893094660840166,0.9765073853302157,1.002654368721399
03434500,0.8889677505491496,0.9151264233655194,0.8266068096140439,1.0211950407829695,1.064383675166137,0.9967345369545665,1.0509472232505759
02450000,0.7949770669295348,0.8030898231341543,0.676850462482181,1.1389776843803594,1.0895580056868548,1.0481138011174171,0.9834776764444693
02450180,0.8642915909656532,0.8746537227169321,0.847304015078046,1.1439322506265632,1.0589309473149007,1.004535219713129,0.9515475481175306
02450250,0.744106349624895,0.7918797134966213,0.7751154196928569,1.091398967462691,1.0272286333158502,1.01291965095777,0.9793959218850629
02453000,0.6449987172575908,0.75323539522541,0.7132632312959811,1.1051047621320647,1.1707392720718948,0.969622607733239,1.0179672698738074
03574500,0.8254342522944139,0.8515953922845345,0.8285540090354,1.0536816155852415,1.0179825263025681,0.9901668487311448,0.9365950012611093
03586500,0.7863948939399402,0.8713351661446249,0.8823921906224838,0.9782917713968738,0.992322435901801,0.8814619119455364,0.9336254078044335
02422500,0.7987004547330481,0.812870652878059,0.8652111714093381,1.0831867105699697,1.1054875644984918,0.8643342607067223,0.8657249217884346
02423380,0.7792376792907776,0.8160455714943108,0.8040357351803762,1.0630122551741243,1.1803189968120602,1.0228250250504667,0.9977493090877926
02423496,0.8424424703292044,0.8329374996357841,0.8300780259693951,1.0010848035342372,0.9321167470201355,1.0013648794368601,0.9074144477327248
02423500,0.8516951949233937,0.8302667864871023,0.8345980150629628,1.078411153857965,1.0326449872923569,1.0745199918917747,1.004725216632613
02424000,0.8609825532019555,0.8056290038684565,0.8797225765816741,0.9448450667711713,0.9557499046310032,0.8564892756695791,0.8697744960217879
02424590,0.718711525325431,0.814155782001043,0.80783198928831,0.9413903773187101,1.0649927436309161,0.8301005613340792,0.9398234974097626
02425000,0.7084758221658065,0.8344834102653261,0.7492541809067207,0.8871244656350135,1.0206923236927445,0.8472323725822911,0.9588292545716927
02446500,0.6174685493066898,0.7961981935172185,0.7243309521358547,0.9353266705677427,0.993804194002785,0.8835657862476882,0.9658979775934651
02457595,0.6069396828808281,0.5761166288843257,0.7419013368863066,1.0588280345778436,1.1565882603651192,1.1792609644577001,1.20919103338591
02462000,0.6665894107407792,0.8218376635667939,0.7601836272903236,1.1457151675915906,1.0798573853326325,0.8362079594126509,0.9605285952555991
02462500,0.7518628747091136,0.8073815161557049,0.8281804128964589,0.9598680067684456,0.9741002429225055,0.9665457645239244,0.9320571992313724
02464000,0.8292892286485609,0.83830888422893,0.8598687521247816,1.0558954055603544,0.9936061884439196,1.0017450374720733,0.9260341058047123
02464360,0.758856404970484,0.7854931124879768,0.8377983213723076,1.0217493609788153,0.9873299686026702,1.0226508727694836,0.9687263357200074
02465000,0.8041195594568655,0.8255018395762891,0.828196113389369,1.0099161528239178,1.0434848996275607,1.008805873905528,0.9595221358482261
02466030,0.7820924367867018,0.8870056275441932,0.8110057262237241,0.9417701297678692,1.0360353046155908,0.9400821146192374,0.9916174566185694
02369800,0.6366322181250808,0.7354146564545551,0.7479151295631852,1.1334304413100855,1.032554923708672,0.7646897904364607,0.8606324501559223
02373000,0.867623760525556,0.8012749828276549,0.889230812709274,1.0196101813289529,0.9639769558494382,1.1155509095917508,0.9775511381600475
02374500,0.791607162684216,0.8111000704162639,0.8622469753189488,0.9948242252193383,0.9865508544368483,0.9808566906791114,0.927339807860451
02375500,0.8751618728364006,0.924176334388837,0.8608754588750159,1.002029347344161,1.0274396490989326,0.9742914935808669,0.9799868893391035
02427250,0.8234911074455268,0.7993114935168799,0.8415146326883478,0.9535741983235697,0.9816504925124518,1.0779535159173659,0.9566516265737299
02469800,0.8374914050398068,0.8627180926191366,0.8141250957435224,0.982441500385251,1.0046144818213651,1.0219340026008248,1.0029416632054964
02376500,0.7773983806010017,0.8532666296414231,0.8671486352131477,0.9544909393948912,0.9525918273514594,0.8581780006155757,0.9396980807600336
02377570,0.7815929473983374,0.7615405848961739,0.8007884296625687,0.9442320551650104,0.8848707618078511,0.9567857730778923,0.8461490923765865
02378500,0.8259087069561406,0.8900465716766595,0.7117298144175022,0.9426948719617505,0.9547450405752618,0.929033735567451,0.9398073620228846
02471001,0.724928980316647,0.8039727426114136,0.7197706472285399,1.0479104842086107,0.9883436500239748,0.9844729675998839,1.003019706691713
04127997,-0.2563160027109572,0.665458866247483,0.42761722694348103,0.8615811679536781,0.8661923057634688,0.7880384863164529,0.7904782395351698
04128990,0.23647676965295372,0.4995131567357106,0.4206332694722754,0.8798457098148821,0.9874228836586944,0.8578333918049681,0.9629693979200188
04136500,0.6724852713553366,0.812156079636241,0.7585360785272128,0.985154312612184,0.9743180681334562,0.9108685706934836,0.9053511774114174
04137500,0.4359183544990245,0.7015369944690972,0.45479491725965127,1.060736752111087,1.0794922211383677,0.9311164961332121,0.9639955308729017
04116000,0.8147909382195468,0.7629530740745736,0.9047214752069896,0.922778578431562,0.9305519291176161,0.8375793417783857,0.8411655623041515
04142000,0.6189315671544766,0.7260949964538248,0.8238606092385419,1.0103632627117463,1.0118132747120776,0.8289134625176392,0.9290719178813072
04146000,0.7331282622482771,0.8579195738626263,0.7241653044619782,1.0661224795496493,1.096221468668434,0.8884531649455126,0.9513931375571155
04146063,0.7061387730703882,0.7915103150010239,0.8198721046271491,1.0641195030092898,1.0478859886695508,0.83906226284254,0.8831165157983261
04148140,0.6163096929187297,0.5477353052074242,0.8195341042522394,0.8766974204128554,0.8382908232296093,0.7377687078454126,0.7127038656443071
04148500,0.683917070970637,0.770009544044385,0.8466576467157848,0.9892779173988592,1.0053858459113076,0.8234525875504584,0.8621805919831053
04151500,0.6735066003407983,0.7984099487858565,0.8240941141819401,1.0189575914195772,0.9747904475808293,0.899648558803701,0.9253221101286436
04152238,0.06279406869581095,0.33647937059832644,0.7500580449118891,0.8258870033580584,0.8376481745738202,0.6353270873662024,0.7297681477403092
04154000,0.48905423410420035,0.6238232638194255,0.7668364924212179,0.9557919563165614,0.9521679004738839,0.7793216939011329,0.8340812388842225
04155000,0.4795904870134624,0.5710586262849626,0.8560455598225756,0.917426779634319,0.9077130943004839,0.7347288039558867,0.7887224697823465
04156000,0.6441681620979425,0.7151205901096778,0.8831576340791881,1.017462885325612,0.9664385262453185,0.7932779121938173,0.8209799359607838
04096405,0.8525934691935555,0.9131998382729458,0.8963094393409198,1.0060590868859194,1.0209509095061107,0.9435536236383907,0.9529427345433975
04096515,0.7558272949755249,0.6909071559645725,0.7527442307252237,1.3095081078374384,1.3692385375356582,1.1896801073443624,1.233111878721706
04099510,0.8034296216149786,0.8713362178206094,0.8316094408054677,0.951193236450058,1.1122574937797123,0.9843075895332437,1.0961034403635832
04103010,0.731223225795032,0.8339906143901499,0.8557313634531255,0.9761667710281061,0.9766394751479596,0.8833580048447552,0.888130000265898
04105000,0.7864949287253623,0.8293937004385177,0.8601076674101934,0.8799781453210541,0.87478905614977,0.8770030293612756,0.8785883859742399
04109000,0.4840011417265404,0.616064240800726,0.5877297084791455,0.7998893220645962,0.8137192697476336,0.7590234469844144,0.7635235852072054
04112500,0.6818436842064699,0.707062555981266,0.7961801625605398,0.8857681743034698,0.9023501967106632,0.7884278796400239,0.8216447464605904
04113000,0.8244385745255034,0.8023705104258153,0.8857951196976368,0.9216526877450176,0.9190899907801529,0.8589280960583988,0.8646807399732915
04114000,0.8500005409356184,0.8806599740932419,0.9050246299053254,0.9952076749182743,1.0024944233384705,0.9096687414595256,0.9152234719841286
04170000,0.7754738641777541,0.7534119050352874,0.7156529776323797,0.9031085976246256,0.889947293711826,0.9268416300185265,0.8885060218096963
04170500,0.659975777677325,0.6938948350079459,0.600749544149837,0.9964909119728357,1.0041762494213478,1.0096544938343155,0.9968227681795111
04172000,0.7623463220640828,0.8581725597838581,0.7462730849237513,0.9899148784070574,1.0107267769819455,0.9696772231512222,0.979310074067301
04175600,0.7955778863043257,0.8939192844516975,0.8529832199994944,1.0896733282930866,1.1240463845018256,0.9594411902476542,1.014798973087898
04176000,0.8235256019319571,0.8941632835110365,0.8623064990932121,0.9829024570150139,1.0680896509429876,0.9443157787700753,1.041197710140076
04176500,0.8118737446134443,0.8650406896449108,0.847896351637013,0.9679253806920145,1.0074822983124774,1.006613686238186,1.0772888284430737
03261950,0.801246824610427,0.8784091848439596,0.8162307225629494,1.016632497127795,1.0179268100699812,0.963780018469983,1.0100582929210713
03322900,0.6982979420219373,0.7843112400089516,0.7020877975677464,0.9281380065742895,0.9822310116512825,0.9823003935426285,1.0135376140301553
03325500,0.7994030362395271,0.7584554003488286,0.802835183378657,1.1046004342985407,1.0974076381886722,1.1074474648056336,1.1339369332596254
04178000,0.6297059095949724,0.7549507380439032,0.7488769481865285,0.8630650310983946,0.9868124472440747,0.7906275663928564,0.9128916111387942
04180500,0.7580719435734025,0.8178828798488588,0.794414553994792,0.9148189806903131,1.0322943887152203,0.8407670828457485,0.9353803377488378
04181500,0.7518222901815897,0.8582786267711344,0.7469058619592182,0.9453281425596944,1.0257102066751613,0.9367859675714793,0.9838936610302194
04185000,0.847846965679999,0.8901944171986055,0.8827522459561015,1.046319697609284,1.0179601832025504,0.998607986186535,1.0026648046943998
04186500,0.76070838549329,0.7374432664300635,0.7630863091988314,1.1920004895837712,1.2032887719303342,1.0886412996636905,1.1690688804022482
04189000,0.8083525831791366,0.7646452831145955,0.8303671265845189,0.960041029631019,0.9932765083484058,1.1130432203722083,1.12214688554069
04192500,0.8840080845147518,0.9343787191494839,0.8887163949979511,1.012581523618986,1.021064795085495,0.9661000252795062,0.9793928467400409
03240000,0.8101903173249768,0.7865582801824528,0.7764079655476985,1.0108397130300022,0.9738254051296796,1.0740606851973424,0.9848270216638039
03241500,0.8068011251254603,0.8257085068552406,0.7701748976326391,0.993390069561323,0.9364230963651975,1.0093373011558946,0.9487987619581394
03245500,0.8268168586968012,0.8678517317210537,0.827265962516465,1.004528252587275,0.9880912265071217,1.0075928383090056,1.0125246895247857
03247500,0.5549159513031654,0.6671722854982018,0.6170227019504955,0.9668814103065727,1.0123239265489086,0.9804340740921985,1.0367845685679191
03266000,0.751009948516024,0.8221485183118311,0.8206350103435932,0.9752089693906696,1.0404159798670074,0.9710576133472297,1.1230869287657472
03269500,0.8608240323583294,0.8892457945760569,0.8649074065938517,0.9550955151061062,0.9353068999173411,0.9395802209834636,0.9235016477242287
03270000,0.8759430053643932,0.9355776397528422,0.8571857808427595,0.9331913408799877,0.9511477450353283,0.9559361683850878,0.9840300560996402
03270500,0.8666286074056467,0.9314610330689569,0.8998006865775201,0.9792596182513349,0.9858059513139954,0.963740676351088,1.0108346593532884
03272000,0.8344175495704824,0.9143814528334844,0.8506078124822305,0.9203049094181625,0.960614211869652,0.9425353389009076,1.0127179678049438
03274000,0.8629511661168627,0.9195394200722949,0.8743513199112444,0.9523348512723493,0.9735137313355837,0.981976955219369,1.0289734981505536
03275000,0.8240163369301594,0.8067464452025515,0.8422324461520678,1.03589261794687,1.0409068297752344,1.079116071671857,1.0420258813053218
03275600,0.8199394260673396,0.7672067688972795,0.8404988451454437,1.0150515848290098,1.0100629068823839,1.1297305230486914,1.0906225510311045
03276500,0.8156318069250423,0.861113439415645,0.8578711829391662,0.9398671354914312,1.0278122104443597,0.9824511888066045,1.1168477411284663
03347000,0.8300238084863171,0.8098331781997629,0.8378158543831389,0.9815139864772048,0.9603930393056784,1.0819643064639137,1.0620259838838664
03284000,0.8401659103534423,0.8542126632605413,0.8758487122533052,0.9560189324392943,1.0362918920071236,0.871892264483521,0.9201366484498529
03285000,0.7031123710475056,0.6876226323086849,0.8095668254521001,1.0796163436705208,0.9843034587234919,1.085158113527902,0.9163587194523498
03289300,0.8272279434770813,0.8484264797624506,0.852053342094135,1.0608978828657567,1.0525900872570542,1.0099534509423833,0.9631175655667624
03289500,0.843233627923486,0.8417733792618756,0.8915940446992308,1.0776036925212968,0.9966868592031859,0.9154111194291171,0.8782502942420218
03290500,0.8201925651341774,0.8710904864430633,0.8677919776902212,0.947131055044831,0.9950790651672853,0.8836831521532724,0.9381448971358961
03291500,0.6500839957681555,0.7371399187448487,0.629723405060909,1.083795611891632,0.9881808057719257,0.9661582934123054,0.9461470645517795
03294000,0.7672247817740155,0.6627529430900614,0.7520141886736258,0.8255466598035973,0.7983933235903077,0.8273162664670717,0.7604710850815287
03295890,0.7923816917438745,0.6648043964368213,0.8338685894110505,1.1027689383386103,1.0090503051793875,1.2953172361233962,1.0618487604739357
03298500,0.7980176797018292,0.8900471589891367,0.7930619672279801,0.9581537469207578,1.0123096668661318,0.8949443326198735,0.9652419270285575
03300400,0.7453858624931874,0.7561068964308553,0.7320956419242448,1.010107360716893,0.9478988165844092,1.058316103147726,0.9605286286950304
03301500,0.7872374819479832,0.8633484037475447,0.8366449759867933,0.9814037645152667,0.9850429907383429,0.8913077031613394,0.9193613116753936
03302000,0.7939232529499445,0.731204584937635,0.6787079729690063,1.1488399986244804,1.1061341242472296,1.103338118974878,0.9031065051625558
03366500,0.7497726180653901,0.7593216066087071,0.811501347907257,1.1436032282646527,0.9850065073475035,1.0187107993233053,0.9028431890106609
03307000,0.6313527812302289,0.7352544341761681,0.8509746137735266,1.0898857066108683,0.9117577091888371,0.8506397889952226,0.8483439257693816
03308500,0.7144936187935418,0.8567804315352117,0.8148059258925537,0.9508342208553798,1.0104411914981493,0.8871978793278003,0.9949618817941667
02384500,0.7975317916877758,0.816248900253776,0.845676389740451,1.0227142130721116,1.0241305240441854,0.8818991481851732,0.865217118882676
03421000,0.9144780111619327,0.9213977305371231,0.9109198716805605,1.0524107152037057,1.0162453435720875,1.0130418053923316,0.9853903370998466
03566000,0.5733364660319724,0.750353418016446,0.6535007041732905,0.8726809290760419,0.9259002946363252,0.8514019423018868,0.8655142564990749
02338000,0.8054495839599128,0.7956763701661339,0.7573348866131446,0.9636116499052552,0.9682370847377576,0.950538108397885,0.89122095852784
02382500,0.3755382821847967,0.6473719359236423,0.5781726538026353,0.9653133356202936,1.0158106797770632,0.8324600986557248,0.8709739133003301
02383500,0.7819528004939302,0.8343411047720217,0.8240611684294815,0.9885348404159263,1.0317412202774972,0.8959870245220591,0.884322687944399
02387000,0.7399563048323115,0.8624994955210153,0.7511603924623379,0.9027723860209359,1.027458127867939,0.918558612324498,0.9847241075282016
02387500,0.7827387743554154,0.8713460242855914,0.7677904758315768,0.9355960844358487,1.0432335624875542,0.8940481856868214,0.9458205331116878
02388500,0.8219133068166516,0.890132069031719,0.7645148961926932,0.9325991662025125,1.0088086330517867,0.9163696009967864,0.9376364485535246
02394000,-0.13925282473607803,0.2997328578727343,-0.005483615386277174,0.7701908652554115,0.8876989635013715,0.6724938723605981,0.7651201357677807
02395120,0.7442845659911851,0.7174521836525074,0.8113644412044669,0.9833953179145254,0.9661465751808685,1.1055599728951098,0.974319808468866
02395980,0.4209735006940801,0.6523425189490542,0.6410941296163536,0.9052228229509005,0.9429984331887257,0.7818348573028254,0.8078432249886762
02397000,0.8084793259355221,0.8662633529802192,0.8105974810504752,0.9297943801389945,0.9801709038246474,0.8965607404447341,0.9168580031610012
02398000,0.8645058358893872,0.9266514091254521,0.8587148697453713,1.0254939112597086,1.0778367600500716,0.9530877143094975,1.029701489548223
02398300,0.8205029206893053,0.8996889496787637,0.8578488222151806,0.8990563767922851,0.9887384811454114,0.9095323225788198,0.960905674323177
02399200,0.8636070725482728,0.8457144669497387,0.774640014562402,1.093179058690016,1.0537070445151306,0.9730405990805588,0.8925897434034995
02400100,0.768995150156201,0.7427036171565976,0.8026862080470764,0.9003244604437726,0.953572764669353,0.8172138164524534,0.828771661221663
02401000,0.8683716865147172,0.8521054624562925,0.9042819254023049,1.0370837593368472,1.058643810979829,1.0601484211807837,1.0393515180482926
02401390,0.8067613517267923,0.8479851508983414,0.8396333896391963,0.9619911162590877,1.0504953190933652,0.8964912818936865,0.893834200339181
02412000,0.7707723055220032,0.6331758389227476,0.8140500943073701,1.0589320652996923,0.9660390667408616,0.8408553815013255,0.737765368912037
02338660,0.724049263236531,0.597504938930521,0.783964573442321,0.914800006669719,0.8364781729420895,0.8437620839692105,0.7235932121697733
02339500,0.6091856901483226,0.7492476490089175,0.4588183916273695,0.8979766312314009,0.96840327920141,0.8856942561496922,0.8929935223523091
02341505,0.6864812854923504,0.7552882145131417,0.6924490748001801,0.9407567745163505,0.9674019006184122,0.85917449640072,0.8377142393348077
02342500,0.8291986763827115,0.8638385810662317,0.7961336495019713,0.9880918633430168,1.1195907437983492,0.888765603125093,0.906953952970058
02404400,0.8193580015129877,0.832524335414841,0.874710117466746,0.8940157177807798,0.9766515501441166,0.8627667987020584,0.8965258530681961
02405500,0.8080616444788995,0.7690956509009009,0.8340926144698293,1.0523597566844531,0.9797016339799742,0.8692477733534781,0.8259052053957505
02406500,0.7511427179145125,0.7574049790566288,0.7851078692146005,1.0196005945332989,1.079662336655293,1.045482425746352,0.9655813916210372
02408540,0.7930086639142838,0.8170217796800712,0.8530905891386232,1.0149320614062183,0.9772711355759849,0.922920808243069,0.8759658028312691
02411000,0.7791747426378106,0.8568738843883283,0.7812291484521068,0.9462401482315728,1.0104717987796332,0.9054253359538146,0.913767145357691
02413300,0.8520177316021165,0.7254161310019311,0.8610343001849404,0.9731988307331071,0.9343782749127034,0.8791619660380349,0.7883558759149747
02414500,0.7026903189719225,0.7082294467769252,0.761518638193318,1.006908358969707,0.9471715191653444,0.9230129384809646,0.838458632512447
02414715,0.7683836832887893,0.7466410895017452,0.8163765885388008,1.0685821551614878,1.0164891871573944,1.0128947308075442,0.9190513541654445
02415000,0.8321610046953639,0.7893690504618922,0.8763897457040366,1.011392415795749,0.963161063584896,0.9382175584357172,0.8451777855788407
02418500,0.5380183315273726,0.6872142428854219,0.632731979040269,0.8963960633606299,0.9297940124386332,0.807695061534258,0.8140020203786523
02419000,0.7244162697976577,0.6332746589572114,0.8461677522083475,1.0070075732792658,0.9559332716656455,0.7846737494953865,0.7536580129596264
02421000,0.7852914009669948,0.7790818557449849,0.811699647142982,0.9297274018436363,0.8600266632058842,0.9137704683984665,0.8412264912117872
02342933,0.661631546231757,0.6572925343104785,0.776147351124234,1.12388605444475,1.2033228123306179,1.0878527165780623,1.1924807599768756
02343801,0.705035409833787,0.7353205738066365,0.7164478936642183,0.9027294463633132,0.9678265191377116,0.8110103799419329,0.8279065838690282
02363000,0.7931480431941527,0.8539793731894862,0.8583492419347161,1.0186943707547558,1.0040348141147952,0.9363747407622478,0.9214436668741183
02371500,0.844992869881093,0.9034258588305479,0.8792987228075746,0.9983794657589316,1.0263770355266795,0.9615681522690536,0.9653887780594209
02372250,0.7912189043457398,0.8271870578803077,0.86540965732753,1.037516959236426,1.0052240297460673,1.0191388619406225,1.001780796578282
02366500,0.5394679201504292,0.7493263294240806,0.552258384952661,0.9426368600058734,1.0318213660113404,0.8053620159057717,0.9106821636419394
02369000,0.7853815018909294,0.7940563629309136,0.8712174404228976,1.0168513754671695,1.0379560739735207,0.9715534037536999,0.9035607066404294
04159900,0.6820131463179644,0.8106616103872711,0.7602981841867535,0.9340351894399427,0.9780866432714386,0.856856965512346,0.9044266011846404
04160600,0.6552910850563414,0.7783938637692273,0.8240028544684422,0.9564896700728687,0.9683149653743949,0.8045912823439038,0.881291024420281
04161540,0.757246719718673,0.8073440982242202,0.7775409016039214,0.9995080753709749,1.0163204995892114,0.9992630356248431,0.9902191361696777
04161800,0.4654768152305363,0.641843510977053,0.6338935966150914,0.848362337367705,0.8960314930138428,0.759681182550644,0.7810676129913848
04164000,0.7645823093880186,0.7686966182432196,0.7327454375019073,0.8807827797416419,0.8552881470515267,0.8675399384075235,0.8282750874190478
04164500,0.7332169258186716,0.8055339614916391,0.780673065983207,1.0559761521099873,0.9751260197955804,0.9318751499671057,0.9069356598680661
04165500,0.7838748995286262,0.8174067411572636,0.8336701174585617,0.9582809752688107,0.9211253990509166,0.9379150249489423,0.8986541276536749
04166100,0.7318492917221429,0.8409503835376424,0.7001694763992381,0.993901822576344,0.954532212944465,0.9118298792912585,0.9346400251964088
04166500,0.7203654729621285,0.7853934464707489,0.6802951203215557,0.8821172452050026,0.8225446485420143,0.8517765801910346,0.85465415016548
04167000,0.7659723463567836,0.8149403312196742,0.6054620854293318,0.7668172086285054,0.774705991399668,0.8643033238882911,0.8722297827941363
04168000,0.6129443050290121,0.47847722156601835,0.8034486004261712,0.9715311058180802,1.0160547324416787,1.2263894609697097,1.8722042018219913
04195500,0.7500950675939462,0.766410794402931,0.7494276228075016,0.9302763291879044,0.9516533207533545,1.0565701006653556,1.0954627713238219
04200500,0.7616824626844737,0.6961787053437396,0.7559886921226114,1.108362390137519,1.0952072396068393,1.1749048813707519,1.142897801307365
03136500,0.6627348055451896,0.684469657330453,0.7756909754326011,0.8877337762798337,0.9312833075919649,0.7714421746673461,0.8028101525617889
03139000,0.7908322123115292,0.829753496425094,0.7963954186619088,0.9619793178704144,0.9745659517904522,0.884604925204314,0.877076125686065
03144000,0.8030865117321131,0.7863462305196169,0.8672612934804491,1.010286214954648,1.0285501337867569,1.0839816448602493,0.9922743972142922
03145000,0.7788873389057067,0.8130552242521428,0.7630179529570372,0.9727059137448071,0.9624869085067305,1.0045785685712605,0.9583581920005191
03146500,0.8529670580752912,0.8141668269236271,0.8699023653170904,0.9603819595321551,0.9759285330950483,0.8802118132698376,0.8573957196593547
03219500,0.7200327269529735,0.8528331164337777,0.7015025595183124,0.8897737146016845,0.9875055863413764,0.9075694081799539,1.0444887321165215
03220000,0.7187093388626739,0.5712229147118364,0.758917611057115,1.3271255706400313,1.3446041330612677,1.3054689775179258,1.334443440239663
03221000,0.8607304826651649,0.8770408639868654,0.8659325338706247,0.9977702152205091,1.0320049557583884,1.0224717824231198,1.0623834801861147
03225500,0.3205458536420206,0.5884729021956239,0.3867175537557316,0.916275870855488,1.2296979178236405,0.8086920217906828,1.1376320823662673
03228300,0.767796085901133,0.7947884959222962,0.8072688968767989,1.1237880877001054,1.1099684384889656,1.0374758140819613,0.985439730180334
03228500,0.6785623138895329,0.7631359420733869,0.4711977999206596,0.8865177356148275,1.0613995548873059,0.9823335889794215,0.9899298286629511
03228805,-0.10097919295706026,0.3228446886699715,0.22846076689295225,0.7891502406171887,1.0182299995436361,0.5425018092381714,0.8085947354758122
04196800,0.803118208270128,0.8207068552717072,0.8276401742406855,1.0011654636067766,0.9217738167045857,1.0243542140506459,0.9578291761886915
04197100,0.7198074737151965,0.724381986013728,0.7263462114879539,0.9850466158238514,0.9664016103033674,1.0921035872090672,1.0618336566673365
04198000,0.8342216138814279,0.7922899278997648,0.7551907063494084,1.098653437506431,1.0891864844173214,1.105806229363209,1.0878689059628888
04199000,0.7306674350040261,0.6748495405080435,0.7424940343705095,1.0302967116608808,0.9642700204853526,1.1851822028657368,1.1096249034942927
03157500,0.8470025703601323,0.8355269376303456,0.8421134596228428,0.9088062888222419,0.9658024265518409,0.8647000825974641,0.8985109824719455
03159500,0.8591135310563677,0.895295657649126,0.8160017348196167,0.9741646789764246,1.0527738956626989,0.9134554269183749,0.9305530666765427
03229500,0.7549603238357468,0.7718042739011213,0.7140094459265371,1.0917180882779944,1.0475532606925395,1.0492513987039218,1.005503851961503
03230500,0.8132890724203734,0.82577867122006,0.7991962072770109,1.007286264057524,1.0509083038039533,1.0119141874244686,0.9416210122696463
03231500,0.8406923009786442,0.8330752474129517,0.8345164794370059,1.100409757115043,1.2214822748655894,1.0483158566567432,1.1433267598471484
03232500,0.7504177551108706,0.848314244902789,0.7873502401004531,0.99002199972769,0.9979245890000435,0.9051798805295636,0.9282786900738481
03234300,0.6998604400176665,0.814037351075339,0.7354264461938596,0.9563278891049684,0.9936055932107052,0.9551565351341915,1.0111711104187633
03234500,0.8481684747887244,0.892137774241826,0.870375653870896,1.017356644558804,1.100147797892093,0.9981151268500942,1.0746577523184062
03237500,0.7452862899939311,0.7548527167313006,0.7827553782003414,1.0584659364517601,1.010941391369353,1.0782996178642545,1.037148380487281
03238500,0.7494250394081068,0.7509205618528825,0.7795950619814453,1.1056090117065747,0.959591576069627,1.0905826709355078,1.0246063341647291
03209500,0.836095582093452,0.911226978250104,0.816394241160552,0.9464173241789214,1.027845383188847,0.9248646430056898,0.968287334233784
03214500,0.874205226678215,0.9325965728200419,0.8688793259125012,1.0593002641016276,1.0541772445586914,0.9584445881719091,0.9804362336263224
03216500,0.7928709706634833,0.7542732515815064,0.8229415794838713,1.1081359232154167,1.0101822232226483,1.037049311398488,0.9099758502565262
03217000,0.7533620276576974,0.777566016117927,0.7590984060626773,1.0102402816593479,0.9909801966592592,0.9969570279175378,0.9089752079410682
03281000,0.623362652027424,0.8020606299932931,0.5376351884009369,0.8406370540026132,1.0175155984550077,0.8975845080279805,1.0311167670723242
03281500,0.8097048426317811,0.8744511368025816,0.8526982708948838,0.975512993275012,0.9454510032205904,0.9490014009600276,0.9446612141722676
03282000,0.9034367340518781,0.9415319265356669,0.9085726967439789,1.0438328222208229,1.079666760051851,0.9777324069321235,0.9818926006253796
03280700,0.6787522710925168,0.7312598917792241,0.709617688751643,1.0617653727272862,0.9699155079445053,1.0042594413145414,0.9409992285419236
03404000,0.8327590070121536,0.8991526318989096,0.8563668369374658,0.923537494775581,0.9696267586992915,0.9012249962559198,0.9685878433225464
03528000,0.8928388510621038,0.8726957341141246,0.8894455605686434,1.0114756309024477,1.0412032254847055,0.9105955639742499,0.8998796569498374
03531500,0.8874113020165479,0.9329474495751149,0.868185029946616,0.987024848595492,1.017407023297946,0.975758558794578,0.9846814100099468
02177000,0.8361277936238156,0.7954611641676249,0.8699071751381178,0.9768382399059449,0.9527316033639697,0.9190537200348309,0.8565436614603983
02178400,0.7592779977499932,0.7242134612123856,0.75643782716234,0.8198340205195718,0.8149027540405102,0.8166535172961151,0.8076901167446985
02330450,0.7518337404851639,0.875650288859295,0.8051202460743833,1.0266681350169897,1.0392956327973593,0.9348794104514534,0.9818742343640641
03455500,0.6210601918075895,0.6911946457589919,0.6781001215333962,1.0126037527313652,0.9867608592231092,0.9623541944065837,0.9232115675691146
03456100,0.6474613672666338,0.7062012204771833,0.7433452433895638,1.0001016918446939,0.9918931207927816,0.9927533275148716,0.9574888448939793
03456991,0.582613768341967,0.574590541327485,0.7784781070869566,1.038322627513841,1.0150539876288003,1.0759385432142752,0.944146818070186
03459500,0.7661981485543139,0.7843838349405614,0.877509157615626,1.006496243308349,1.0086488344934896,1.0045854435701338,0.9573814948658637
03460000,0.735813873934787,0.8039026102997237,0.781770201305205,1.0182197686012906,1.0197320958359468,1.0087186035849365,1.0221948318522578
03498500,0.8725364864666356,0.860509495954476,0.8766231117735794,0.9484208950210462,0.8919811594226981,0.9529613215423148,0.8977662237983511
03500000,0.8452374454020994,0.8463070975048379,0.8826970660757273,0.9475041937359797,0.9535384114033802,0.8844110739334495,0.9039297307312988
03500240,0.7910360452851233,0.8463386366881555,0.8601000125824984,0.9838510318896724,0.986373264325827,0.8973762326865703,0.8937413477521314
03503000,0.8181460316331579,0.7888232731205981,0.8970497787340994,0.9390534167733603,0.9226275081855806,0.8526202453501281,0.8470791172660372
03504000,0.8030580279084296,0.8660784252645668,0.8061741683848189,0.9802380426144108,1.003107362633962,1.0135545390551715,1.0372433530823026
03512000,0.8004008305051828,0.8835400024781634,0.7920490665278347,0.9954331828158985,1.0058195383405422,0.9771235993993671,0.9984388054839719
02204070,0.7288809398201774,0.6750271847572178,0.7210618091061824,0.9845925477583781,0.9942154788246258,1.170709049748489,1.0656253467147965
02208450,0.6071961667872843,0.7499041081828063,0.669185928528075,0.8466151496326081,0.9306824428034035,0.8203512137163483,0.8576202655146743
02217475,0.8122302518840668,0.7798813862388131,0.8289840279667731,0.9666630196299869,0.9404646225868546,0.9045137041129424,0.835094839049368
02217500,0.8017998425376065,0.7669543485023774,0.8320752459681005,0.9788320259981692,0.9621850385029895,0.9205351140076659,0.8343900114230195
02218300,0.8754581497714014,0.850222557166136,0.8868871158385432,0.9689932803886236,0.9283965913819581,0.93186016637244,0.8817754290487451
02219000,0.85032153273588,0.7877747446052894,0.8285461298306989,0.9520327699091855,0.9306825755082047,0.9545095984345513,0.8487772626233653
02220900,0.7766426072174093,0.6912641488773517,0.776588821971845,0.993839066424164,0.8721161772561941,0.8892981380805556,0.7772901563898967
02331600,0.7573488081725486,0.7032312138528527,0.7356203116352922,1.148155752645497,1.09212408020567,1.0695144930776905,0.9985220948400814
02333500,0.7948321777297034,0.7479886116507819,0.8367083113105018,1.0116545167201048,0.9266091409652885,0.9464466013439967,0.8580968461521453
02334430,0.08654987886613907,0.4034693896271556,0.029840911552541427,0.7963946803770828,0.8449997404780693,0.7333077911609067,0.7422848253878771
02334885,0.7077546522264335,0.631608803133903,0.7758455154490126,0.989045354595931,0.9883406051221018,1.224659607104686,1.1728384569604067
02335000,0.26184571923744815,0.5540789210003019,0.19256835029620123,0.8659505459439804,0.9117371216328747,0.7879249755909966,0.8010369925269729
02335450,0.30809834202393505,0.5130870744080956,0.21191060001903017,0.8512625585878526,0.8866950782155556,0.7874134410497975,0.7750434776278569
02335700,0.7957491214565662,0.7221248033860113,0.7590471146507154,1.0009465851479236,0.8939471130681483,1.1330189446527603,0.965203293318568
02335870,0.6529007828416418,0.7328305641614546,0.6405475205734974,1.0016590914341006,1.0143324872253976,0.9485510990426205,0.9057893882102683
02336000,0.5194516612201551,0.6484174752056575,0.38571741200260456,0.8762035978036368,0.9013764085226903,0.8605784948504112,0.8414763184830244
02336300,0.6861571659605147,0.6835967291692133,0.6192265599896758,0.9906318891711147,0.9035159258484817,1.0028981922426357,0.8561709015444616
02336490,0.6381942667062377,0.6649025965096509,0.5380743546961597,0.950762070439527,0.9515209770116808,0.9397813874923681,0.8876903252220045
02337000,0.7652695362557852,0.779017590845601,0.7842584163798354,0.9275056141662179,0.9183241137079461,0.9782451626789551,0.890575624664867
02337170,0.7675159300501595,0.8058344698861513,0.6774818839465346,0.9267030324263646,0.9518322739419894,0.9090878353979417,0.8780192674299224
02344350,0.8205582118057734,0.7497023230915096,0.82006907344596,0.9982128608118984,0.9479837861999328,1.137280318351574,0.9652062451142621
02380500,0.6866239088326513,0.7744521600711358,0.8439362764273363,0.9480774421267095,0.9895495315041474,0.8356599787607725,0.8574652381719642
02382200,0.5065429108418651,0.45655351754987994,0.6550481378573723,1.0896489234214828,0.9781266980739074,1.01465425496094,0.8318801279354459
02392000,0.7342115379215612,0.6611965035490925,0.7731833679449974,1.022261806701607,0.9475165346613217,0.9250589487433541,0.8189660495138009
02210500,0.8172896269409043,0.8493123303446184,0.8258667069550978,0.9667269727108005,0.930728700619614,0.9667947026785173,0.9287284030958378
02212600,0.7305699504147166,0.629266687127857,0.835793260090546,0.9359398780814386,0.8554448863494002,0.8141934668028875,0.7435334402608162
02213000,0.8543400538358749,0.8181453019387985,0.8887874837623141,0.981288830698894,0.9149687231430897,0.9131402390229435,0.8564580043610709
02215100,0.7097007869505085,0.8108763131985463,0.6619111045621462,0.8812244295032572,1.0809966922894858,0.9404047667167325,0.9571836809316094
02221525,0.7856169042332606,0.6983159629394687,0.820863358428938,0.9507873630237174,0.878848863577243,0.8768365009685096,0.7785737726431811
02341800,0.7682502610053472,0.8157090526723746,0.7519302415973642,0.9985858268074561,1.117111285969796,0.8323782978415042,0.953289480549387
02344500,0.8420275126134584,0.8011193230157888,0.8236386849160735,1.0196170068227675,0.9317526547182602,0.9749371823817181,0.865710896916044
02344700,0.7835904682646444,0.7861315696145749,0.7317382652292717,1.079157506739113,0.9244814327185392,0.9686981281338463,0.8743119078906324
02347500,0.8371116233583554,0.6635201706898853,0.8894129022028276,0.9143085349027736,0.8823765623106581,0.8417394835927122,0.7542589816089161
02349605,0.21266542357981622,0.5341159369431977,0.5875077189993425,0.8900252649001069,0.9207860943384645,0.6637765001336573,0.7894030418234647
02349900,0.7534229198385609,0.8227905977274492,0.855147416021956,1.0658963392122234,1.0758451865216188,0.8361982060319627,0.8970574928224889
02318700,0.7616740851535858,0.7161192336800466,0.7380977782531549,1.1947109147299826,1.0643986340734257,0.9109398319133645,0.8001648496915494
02350512,0.5327014498247137,0.7347393931094465,0.474676453855279,0.8755260257083476,0.9998648281732693,0.7856490222486774,0.889089630580965
02351890,0.43221679302030347,0.4481687895163945,0.8920178017467759,0.9925418257074534,0.9756410048306605,0.6565553581892881,0.8284492786572264
02352500,0.6386245509374788,0.7176700011141413,0.6426154005546938,0.9316748465157831,0.9878478019561076,0.7890851264804737,0.831169581018241
02353500,0.7730084726588928,0.7263864721750345,0.8340872789971423,1.032284527035022,0.9823857262020542,0.8480283261274236,0.7957337124277197
02326000,0.5174928514469322,0.6204413114505627,0.7448183363488728,0.9342410496967304,0.9602599933156849,0.7303632072226551,0.7751582401727277
02327100,0.5326109888229122,0.5918610482499784,0.6649362390133688,1.018133857839876,1.0063700497435464,1.0063340643351257,0.931797593453246
02329000,0.7462026532343928,0.7571565061156852,0.7282848418614449,0.9286453470942626,1.0014933984701422,0.8044226089496117,0.8529338497251453
02329600,0.6964284393238513,0.657367246636147,0.8110179986856882,0.9767075394555168,1.0372770514102092,0.7537438872058038,0.7965922628072182
02330000,0.711321919737949,0.7381928461883844,0.6718947551722564,0.87691696521579,1.0200246046671013,0.7837271585710068,0.8755847059627719
02330100,0.5702870491102775,0.7390615692305109,0.7849255017137143,1.055301548520648,1.1026408515507253,0.7586756351422482,0.9070156679789992
02359000,0.7148855081156501,0.8148961210629648,0.7776314711930994,0.9446196337844417,0.9627612053696971,0.8664338194951174,0.886994644168564
03021350,0.7187642342906652,0.7082495754355594,0.7444347000530378,1.0963614454583082,1.1182353494534056,1.1085114166604277,1.145359009720698
03023100,0.8107985744220502,0.8575564379632867,0.8407070456180881,0.9795138119338367,1.0231140168420811,1.025095519469534,1.0883245197380853
03024000,0.7917404088120903,0.8659530061270712,0.8338509542809456,1.0116851857055762,1.0796367337902577,0.9953891123667797,1.0943592317743418
03093000,0.7114481912556773,0.8277230721189528,0.7376121520052623,1.0616022869634787,1.1298620654249572,0.9415780441175833,1.0150550662156228
03094000,0.7299900802621315,0.8565788758517834,0.7591246832215447,1.0013317169544744,1.0858838106202953,0.9491077836977316,1.0163552683805235
03097550,0.7776831822083801,0.8849245273052154,0.801521397684149,0.9389348648583346,0.9858479887107704,0.9203244760326712,0.9672038952076597
03102500,0.8104625195896593,0.8151782904050335,0.8041600128258177,1.00942972630428,1.0611913800799717,1.0575853959140635,1.0839449179263196
03102850,0.8010845813085268,0.8266154283134971,0.7869198168054562,0.9285058598909031,0.8857512296778965,0.8944371524352528,0.8717638029956037
04202000,0.37115807103455967,0.564383874874774,0.640042637305581,0.9007108316043646,1.0788566834431557,0.7181704362262055,0.935022480118952
04207200,0.7265529418771258,0.7987573690851483,0.738124581046766,1.0083202508045892,0.9935547622635249,0.9954878184894089,1.0076454706697235
04208000,0.8365162708922836,0.8055651401357298,0.8323008746689312,1.0642797149869265,1.0928172079153828,1.0928051347509997,1.0960059016675903
04212100,0.7284740838525742,0.8419529590129015,0.7561598032012853,1.0241492236194858,1.0284904288435166,0.9340976180984895,0.973415191591035
04213000,0.47948692157080086,0.5260259943106357,0.5091132775574834,1.0463728109955863,1.055873197863072,1.0882933343060743,1.1335348186744456
03085500,0.8558572099155146,0.8715592934663474,0.7990159919059457,0.9789828020356974,0.9772996663821676,0.9915274369394897,0.9456198011735539
03091500,0.5523452711496797,0.6225004678217563,0.4642929141771688,0.952353800806059,1.0069379487976255,1.012665303158743,1.001911720467964
03098600,0.8214913061503455,0.8850452525459979,0.8322833505567575,0.9800392293721254,1.0015354111358343,0.9817031807455224,0.9929433937419327
03105500,0.869998089195998,0.9277653868505604,0.8794519875632045,0.9956182192832191,1.024148825416992,0.948807011691903,0.9683252903550409
03106000,0.8654646810755069,0.8895516459100461,0.8636101962535314,1.0046674965832443,1.001944888361318,1.009144750096669,0.9895268136194659
03106500,0.7911775316158465,0.7861711796111032,0.8169055573999784,0.9278492908822432,0.9611994610978063,0.8427448575265243,0.8542059754689926
03107500,0.8829540153116323,0.8975801644415674,0.9042648653531068,0.9914279919857498,1.021230383583544,0.9166547803176657,0.9318884094300377
03108000,0.8601326868088647,0.86554073929306,0.8421893559097136,0.97942779818793,0.9771860233017918,0.932944569919532,0.8975006897636735
03109500,0.7562312204529968,0.7554834529593835,0.8643742799435042,0.9508682542816532,0.937329767301431,0.8106004211721838,0.8573651209432444
03110000,0.8130395338151297,0.8538847468716809,0.7987289905499239,1.0076253272413778,0.9997689176339782,0.8758427558886803,0.9064912965248872
03111500,0.7309582623040684,0.828093171634788,0.8430631403629854,0.9741639649322328,0.9411120844953318,0.8498639806675713,0.9118128492859613
03111548,0.6979649385022371,0.7957635935968882,0.8219995484957101,0.9964966260089472,0.9159543677507663,0.8934423611750395,0.8920342893729171
03117000,0.8147984809204614,0.9060642308945149,0.807954079766295,0.8636379691142297,0.9068555055825365,0.9324103977983927,0.9818823762440511
03117500,0.8214669854548191,0.9106541403243962,0.8546088967433333,0.9999676810038044,1.031484916518294,0.9382317244979334,1.0084663116886652
03118500,0.7721128789067112,0.7331197008985118,0.8212183157817674,1.0771915236431318,1.1704767997275687,1.1296736176565014,1.2096805089715799
03124500,0.625130543935197,0.730095063736883,0.6751010454804394,1.019273676152191,1.009411055573039,0.9720198961652895,0.9935435500536886
03129000,0.7794142033655875,0.8735673633992609,0.8266056693509226,0.9511287182340532,1.0096923899816492,0.9859428869083284,1.0646657959842827
04206000,0.79383019228662,0.7921902522203744,0.8194266951272811,1.0835177223115025,1.1062678701246111,1.0873698440341821,1.1248482167460507
03151400,0.8159222398184526,0.8252795179840073,0.8480725552587514,1.0280986042657727,0.9977477646544259,0.9629464628624852,0.8973439165096583
03155000,0.8412973914423877,0.7830599525679187,0.83962812449827,1.017137184584476,0.9714413042092198,0.9066611252476137,0.831170904180996
03159540,0.7339986930400701,0.7889924968381732,0.7139605151497839,0.9935589086361264,1.0400091110728789,0.9745394076913991,0.9234282503779886
03194700,0.8252652524228167,0.8470490964161478,0.8205790007931668,1.0208578332310685,0.9982886491516693,0.9415439160716063,0.9011791996683411
03176500,0.87725583877043,0.8585530044166935,0.8975025488310084,1.0064641319759817,0.9864663790854726,0.9346408027497186,0.8923183300335328
03179000,0.8157938269753919,0.8475976474797484,0.8548204796677827,0.9939675662041487,0.9869977514419263,0.9132470311190143,0.891671636288444
03184000,0.8588514603832782,0.8400850807700635,0.8616800801553456,1.0796284531740337,1.0911529499359793,1.064203735637522,1.0288307040769467
03185400,0.8815676123521968,0.900745264893989,0.894037648803807,1.0057239371324098,1.0032954001343173,0.9510931061648795,0.9308752713370366
03189100,0.829579502356131,0.872635876682565,0.8672911145320499,1.0418249321010475,1.0157264610243508,0.9435065958235922,0.9242253779669697
03190400,0.7637673493420268,0.8675452846907477,0.8387298531974539,0.9612032506981206,1.0183210103569982,0.8881652806844178,0.9433706728964566
03192000,0.67128160410169,0.809088761908038,0.7502782451040398,0.9579003331067455,1.0264337077884549,0.8434120945292224,0.9162982895565116
03193000,0.8829141305879205,0.9130672135353733,0.9025395078756349,1.0374622210166404,1.042051766347596,0.967128364346837,0.9536385948502153
03197000,0.7601335266647532,0.8042317372856411,0.7958627915330416,0.960600702050021,1.007507032837267,0.8488481481894727,0.8737531617975742
03198000,0.8849885946180862,0.9228533455454714,0.9039282123368867,1.012952965453085,1.0213055582701414,0.9427976362815533,0.9500333190486412
03198500,0.8113391858384777,0.8923768325520411,0.8465244898340057,1.0345557758305983,1.03313242478614,0.9164475921674952,0.9492080480235436
03200500,0.8330359598793258,0.907340534613203,0.8555900147402972,1.0169953778416903,1.0184293568507492,0.9649092299424505,1.0020477208958543
03202400,0.8058592533153661,0.8325185451335034,0.8959977440314042,1.0472099046992907,1.0294834552203092,1.0088019671150472,0.9662453938247696
03202750,0.833655018600651,0.794848516570529,0.8292113610527957,1.0359543160241895,1.0248576850642908,1.0997494946427908,1.0985619298515792
03203600,0.6696744984921209,0.7999653638515712,0.7999034087803065,0.9510588496523803,1.021197743391513,0.84039103730079,1.0041613990844962
03207800,0.8326031750507321,0.8995367775184389,0.8627517915795635,1.0136062486701132,1.069111623827192,0.9021471417145696,0.9840888338994872
03213700,0.829029635289737,0.8883544849105883,0.849778137836932,1.0400245410274764,1.0570363246355916,0.9867455154907456,1.0083431597743797
02111500,0.671622202550132,0.6754206583244365,0.8420787583568934,1.0231636154622707,0.9947181662478403,0.9569118137978382,0.8748178124668068
02112000,0.553734001115801,0.7102803795249437,0.6459965306088586,0.9397579843811171,0.9645796348246073,0.8480638199170204,0.8465204166464397
02112120,0.719997524426978,0.780687958760971,0.7708866901915821,1.0556104228671814,1.0269524096924494,0.9727072536665695,0.9494755215190744
02140991,0.779097539356078,0.8619330896469024,0.8956453054408796,1.015532365039732,1.059749742228184,0.8767820262466198,0.932932093728331
03161000,0.76572769946415,0.8023870607403483,0.7818895348102737,1.0193384219086856,0.9770890894869905,0.9539384920341442,0.9198407181816021
03164000,0.8158885511117913,0.7822165858966839,0.8573690410630238,0.9979738403351495,0.9381848690644936,0.912968043563978,0.8506721222569972
03208500,0.8102922929808223,0.8250493730070116,0.807103120391655,1.0197251209527176,1.001668227287548,1.0417848811397792,1.0099387515517015
03208950,0.763129671549315,0.7786590802418776,0.7675617463039182,0.9774489594770578,0.9797485208052342,0.9185931145830615,0.8542793156022567
03209000,0.4695889996041652,0.646137260292582,0.4633772124562632,0.9832877895830465,1.1356024150254018,0.9241972374855292,1.0352289587803822
03465500,0.835878068049784,0.8256130389481462,0.8985105293146558,0.9459919805957563,0.9214056343092448,0.8878224715212787,0.8637595543860559
03473000,0.793256309813703,0.8549327069338379,0.803971396017787,0.9796527851513227,1.0234976299908072,0.8988658595967167,0.90365056180546
03475000,0.7416014116138503,0.793447175500215,0.7791561823591264,0.9261154351270087,1.0117650116314152,0.8366642781649768,0.8746697166857089
03479000,0.7240966610756829,0.7145981670021877,0.8144221718120586,0.9325379500855523,0.8823075647964875,0.8324293747794049,0.7964433674057722
03488000,0.84179927848892,0.8587621932545122,0.8279998054141433,0.9603520921485965,1.007134206052283,0.9552358478457,0.9096046843573063
03524000,0.877985042937889,0.9286944388700391,0.8671883478838182,0.9371732746977463,0.9947931089568579,0.9357343066890331,0.9690798234768158
02137727,0.7474767660593995,0.7354629690944012,0.7985589712429573,0.9922728170620383,0.9635379229183931,0.8841145912842054,0.8142656060834438
02143000,0.7310953444408266,0.6885961989863004,0.8077230518415347,1.0046902840178753,0.9598609197943051,0.8566620401314112,0.7788381404664774
02149000,0.7160866013082604,0.7448955432594879,0.8082633504424955,0.9642817177213459,0.9580497929579898,0.8473122776157732,0.8186325529850255
02151500,0.7986333325238925,0.7797885252876613,0.8471998365038871,0.9735990680977653,0.9466272416453612,0.8973195303101681,0.8395368575983367
02152100,0.6691657040671557,0.7136886276026215,0.7604721931930738,1.010464630265334,1.0290631680125473,1.0193404716690984,0.9657558020453952
02154500,0.8461403181261953,0.8377396877985486,0.7948644129248579,1.0450995627093516,1.0179973645787321,0.9893395626008823,0.9317711142711006
02154790,0.7695137196619887,0.708404306453408,0.7322184528434703,1.1359238968665326,1.1322243857035852,1.1508648202117309,1.0797447451093916
02156500,0.8570484746528139,0.8011930863537816,0.8827351105931117,0.990880318330546,0.9495762577231908,0.9363074500635082,0.8547752679026578
02160105,0.8445394591241638,0.7914905268013338,0.8593369011944116,0.9406856893705957,0.9199793930786246,0.9154359193336137,0.8405727789435343
02160700,0.7676820963691131,0.7459047214625258,0.8021904887915919,0.9952301831912088,0.9245486298246709,0.9262580551960664,0.841617567131085
03439000,0.7696749542514973,0.8392934630990665,0.8668373838143759,0.993042038780213,0.9930204105075138,0.8778555042818031,0.8980116681488826
03443000,0.8005853794968348,0.8702912142696646,0.8851149557254626,1.0169488592465465,1.0430363665298594,0.9016385513039781,0.9422721106805908
03446000,0.8008222700148269,0.8276766317177913,0.7943555239741114,1.0571537414653536,1.1138690418172401,1.035872830399408,1.0384120706890176
03451000,0.8217212367991265,0.7692084060050929,0.8926987251676287,0.9883483765201705,0.9316243445644419,0.8340301851729833,0.8464447346621946
03451500,0.8939932344494839,0.9137771869110223,0.9262402835914276,1.0283656831967647,1.0438245418507708,0.987567671209967,0.9724357767248089
03453500,0.8899167302611594,0.9058579326404164,0.9348594858438936,1.0052902513054265,1.022168694976551,0.9255872090376821,0.9365477840727424
02163500,0.7927505131131781,0.764438089177197,0.8649628463076213,0.9860932826429516,0.9526153910544961,0.9627279868561015,0.8879494514248532
02167000,0.7355747397582486,0.6915577429784987,0.7434249067311943,0.9522073902497286,0.8875258404676647,0.8937575602058615,0.8092329039965215
02192000,0.8771969699777009,0.8111300213057111,0.8618265029247028,1.0159104193229482,0.97619361451746,0.9790165217056336,0.8743912028229232
02193500,0.6814197705774463,0.6164813383955006,0.7582153071562148,1.0660579755515496,0.9336592829949037,1.2353219366217327,0.982511756274002
02196000,0.6681690687371828,0.4854619470287176,0.7275063782529685,1.020435427599479,0.9287859954331679,0.8255586912439317,0.6713951513398403
02197000,0.19814371969707167,0.5837832439465868,0.3307415555405808,0.820341084466962,0.9238156725199743,0.7352002248217677,0.7998549749206465
02198000,0.555086077670852,0.6702861893471959,0.6902839298028678,0.8833574591085652,0.9142807718694329,0.7696175656983069,0.7990813265356319
02201000,0.807848282524088,0.8203014603169198,0.8097286440511151,1.0585454659861655,1.061458866404395,1.0244694028570434,0.969901259383598
02203000,0.698742000773162,0.6257007938394398,0.8282229192094243,0.9174162665733555,0.9727966903324092,0.7550463898974831,0.769611257054701
02215500,0.5568189849491576,0.7592242510158396,0.3552198451285973,0.8400150686450706,0.9826944510999968,0.8332810836715673,0.8992684103980847
02223500,0.557328132783775,0.6904883178377245,0.5824725709413352,0.869444741838532,0.9058579733733079,0.8301647060301983,0.8297377968025037
02225500,0.7337733356246304,0.6832056951529252,0.7339840065990815,0.9218821002476325,0.9433491107291386,0.8142784953269785,0.7755776526987722
02226000,0.6150996839541409,0.7671861347147308,0.6080575175217697,0.9366143099909834,1.0135429779968772,0.8395063436415531,0.8750123138586683
02227500,0.6501793079144165,0.5946963032916874,0.795604118267343,0.9120972294362922,0.9416651596264783,0.7267017659977947,0.7634515960520081
02319000,0.516643919419467,0.6696159878471926,0.6194724133493847,0.9390096965783808,0.9368741202464037,0.7914779841215126,0.817270023592066
02315500,0.8342917636278405,0.7495437174427878,0.8445743125791556,1.140786337079551,1.0242495549757016,1.0229883056826803,0.8593581530038873
02321500,-0.3111336652964112,-0.02413539292607747,0.48997580636888705,0.7400635025348387,0.8076963169343653,0.4760776077563009,0.5536204403407634
02323500,0.4856204897127402,0.6292984968905591,0.7263139047962333,0.953865915465693,1.0573764261048078,0.7581616200157868,0.8131038472040516
04215000,0.7822028431961948,0.7840058160174102,0.7647067266788616,1.0707085625096326,1.0044220754676998,1.0682526537761161,1.0168103511021689
04215500,0.7322789968814982,0.6768336816763745,0.7860381492575416,1.0407717607461577,1.0001181654302156,1.1758681449284625,1.132021237763139
04216418,0.34961817360404335,0.2529871527159915,0.46674337409090516,0.6643611781818606,0.6456110962063866,0.6239539262551372,0.6191350877302185
04218000,0.7604847942992059,0.8372893415869587,0.806549466979301,0.9856347395304433,0.9531681115523745,0.9332226351401116,0.9251014192166833
04218518,0.7741033304922098,0.7483992790752942,0.7868076362558734,1.0322082489756148,1.1148237006344166,1.0901167575934734,1.2192936439338802
04221000,0.8384224232146794,0.8847551585929037,0.8714211447359022,0.9987959511516145,0.9559698645164267,0.981650342796876,0.9701523741924102
04223000,0.8220014957976869,0.7622539716020371,0.8270505710204581,1.0819427851818118,0.9437033554358812,1.0691808777956076,0.9513445318837455
04224775,0.7189576551521633,0.76128415955049,0.7953336271292251,1.0293372838229005,1.0398188944416382,1.0198696719209217,0.9834106783656134
04227000,0.7955977908319627,0.8082935131778953,0.8678547286366094,0.9581011484197375,0.9146270282408624,0.8659586433023764,0.8599699119057278
04227500,0.1967620980828244,0.6267629581996301,0.524314529777367,0.9012129225012685,1.0236511887660145,0.7606290345378675,0.9627809788239634
04228500,0.4432672062100651,0.7293872759986924,0.6650689204645264,0.9365136039401291,1.0271314251757004,0.8190099473092585,0.9593935419899445
04230380,0.7727298495267813,0.8487778874602331,0.793754237272952,1.0058602664064504,1.0233602456353894,0.9332183017477128,0.929050780638926
04230500,0.774506822237523,0.729081705042566,0.7821854620562525,1.3057177181185466,1.3111308147250087,1.1382219400607043,1.1509103963455358
04231000,0.6982345005518849,0.8364429076171007,0.8437984759746684,1.009104059414215,1.0897758250571588,0.8485549125647174,1.003619827712264
04231600,0.6378122752735594,0.7957890776596386,0.7599280395033781,0.9987754378807817,1.1065919574393663,0.8690801502864335,0.9995390845954447
01541000,0.7800336223829274,0.7915707071626561,0.8717319735557445,1.0167801070810867,0.9782715636287473,0.9981845913480919,0.927611074154655
01541200,0.6923594498179488,0.8141557512709809,0.6864052802778664,0.933902954960138,0.9865299209227238,0.9410764223014039,0.9766164201334031
01541303,0.7896870496581739,0.8679888419776395,0.7851555900654369,0.9737221969403328,0.9894152211664268,0.9589403200548777,0.9669642030449027
01541500,0.8412798095082885,0.9112495005012202,0.8693570828797323,0.9881195304853114,1.009944543160242,0.9670739259801006,0.9930641766778538
01543500,0.8598565925614682,0.8890955840900484,0.9151667900762858,1.0078824690646846,0.9821173853223194,0.9691897223703102,0.9414148712887817
01544000,0.654357846105873,0.818765917346416,0.708515858265104,0.9754675001588338,1.0098408133240364,0.8766337830090645,0.9542836604090026
03007800,0.8096612193311046,0.8700776056736867,0.8600487031322586,1.0152203824913537,1.0151502620593738,0.8958663183873273,0.9186137139780728
03010500,0.8287863330458335,0.9107853734583602,0.8630499587958188,0.953483160417182,0.9850109635190094,0.9529173533962086,0.9882951921239514
03010655,0.8385510805854337,0.8879861562265113,0.8469698768713956,1.0155947205636406,1.0283626111070958,0.9360550866359066,0.9306967383967015
03011020,0.8963426790893644,0.8777759182660728,0.9116393721528382,1.0035947418514086,0.9588550496963049,0.9932944596233071,0.9402690689039007
03014500,0.7067956181257431,0.7835499992931593,0.7263501867934236,0.9874036949538602,1.0016916230593453,0.9961281361007484,1.0016216402460338
03015000,0.6776174900545592,0.8403322300740543,0.7405241329476389,0.9366637732679635,0.9877380173073892,0.9061249197145711,0.9840588659776783
03015500,0.8390307328340453,0.8827729688710664,0.8464467995389795,1.053596441136886,1.0531797055646468,1.0056831947842897,1.0267424409708956
03020500,0.8559158943111416,0.8823236594403602,0.8480278877332439,0.9890263801856412,0.9824948899148627,0.9952804542026319,0.9690390034199532
03025500,0.7890977610019915,0.8874214794235648,0.780260421456619,0.9595145014110075,1.025891985574848,0.9475588368671052,1.0214444956297852
03028000,0.7875539077462586,0.8124107815473536,0.8019238637344737,0.8862635180195916,0.881061345306375,0.8877079389045976,0.8630552390327653
03029500,0.8849524669732786,0.9052499556648378,0.8986081190497535,0.9769114990259752,0.9618977074016579,1.001872927923557,0.9863794096371155
03030500,0.8697575924224824,0.919870713604642,0.8371201093315142,1.006725404952888,0.9909245642642549,0.9712069362899542,0.9746187899327017
03031500,0.8480026572820212,0.9205044351439705,0.8511600505306973,0.9860840627356462,1.039215229209726,0.9602557834659895,1.010549844977439
03032500,0.8473404341640405,0.8390507290333222,0.89058902623466,0.9541694610160762,0.9417651173939284,1.0273410424117786,0.966221552789811
03034000,0.6611809963488872,0.6960492149322488,0.7880551138703025,1.0255534681397862,1.0740376102061229,1.0690807881358453,1.097803564089335
01557500,0.8083550397641586,0.8159086397651709,0.8199474086130707,1.0404661290783963,1.0969025427610997,1.055778324336333,1.0927381432270327
01560000,0.8306510451060238,0.7208459873641951,0.8390821044104744,1.0839054049422814,1.0457552770513727,1.2029500361246634,1.1256490279236715
01601500,0.8503913938377179,0.8594599503592482,0.8863727939471908,1.0558175744332305,1.0646170224589102,1.0319398376261066,0.9967381294550784
01603000,0.8488292160644388,0.923295496483084,0.8499926563360065,1.0195629414978178,1.1123684183399272,0.9494962481617025,1.0106201656430345
03036500,0.8615389331682521,0.9215222864491449,0.8693949489267636,0.9859966535207381,1.0339424960295323,0.9475672528131168,0.990508488139393
03038000,0.7881030974463122,0.8445102952286958,0.8485201124682706,1.082822425466174,1.0732064698409125,0.9460943774698989,0.9210342607334772
03041500,0.8897708731005305,0.8886080643629168,0.8650906609902306,0.9646798817862907,1.0189218415093813,1.038331067258113,1.0659357000474134
03042000,0.8294711094993321,0.7979337893400941,0.8510030361381093,1.0071343606903527,0.9929279929574383,1.0906965148548227,1.057503946946918
03042280,0.8038996834616289,0.8248442424267082,0.8036155670992806,1.023460042702889,1.0331898155912944,1.041132065141378,1.0486540406369194
03042500,0.8139155405264988,0.8389603784299566,0.8410183617082405,1.016260593381244,1.0538976372303257,1.0349861160071987,1.065628722952536
03045000,0.8118318640782041,0.8612643031779988,0.8221669976806147,1.0202095594887,0.9935448594155359,0.955618722295439,0.9322924866887624
03048500,0.35871083466369524,0.6438303039412548,0.3630779382642526,0.8776870057918412,1.0476694823128543,0.8705577047631948,1.0505607795217822
03049000,0.7252590921223213,0.7801718873830088,0.8145392494665611,0.9966680888019449,0.9808813974304369,0.827283190683948,0.8582429615422248
03049500,0.8370740801994266,0.8945215792812344,0.8540770447324462,0.9654812274895125,1.0195347990244532,0.9297426646723882,0.9849326947243702
03072000,0.7519514824079336,0.8387109356064837,0.8101316719781272,0.987980627213131,0.9645287628303031,0.9115969698598403,0.9170687613753998
03072655,0.837301675593809,0.8833836272515493,0.8716196715354734,1.0098940430218937,1.056688470144717,0.9161157083859258,1.0004636083525267
03074500,0.7877512493359395,0.8450227586492067,0.790323953718039,0.9751430339809252,0.9898989182834058,0.9201981260012212,0.9050782619453733
03075070,0.8589107866581278,0.9192281584478752,0.8703519837358618,0.9988425872561174,1.0472035923446392,0.9339977205260448,0.9661046648897598
03076500,0.8352607393589041,0.8189464708726847,0.8613733654039799,0.9707012712860226,0.941744219001085,0.9318526246304893,0.8721309329400259
03076600,0.6955024191540919,0.7220933537796503,0.8186696393931213,1.0247370702997936,1.0045291759429578,0.8035110521343128,0.8139992659498575
03078000,0.8181416795085439,0.8681424060040888,0.8589431029833723,1.008481524018561,1.0143972340104839,0.957762559428149,0.9383967912448001
03079000,0.836037733837148,0.7967025889450707,0.8818898222008289,1.0736827794702812,1.0229423343571975,1.0651588577227118,0.9679800971102762
03080000,0.8395953329795236,0.8123723320676265,0.8518035664464829,1.0512549883600255,1.024016694696382,1.0643713755996307,0.9980960524819026
03081000,0.7574537709369953,0.8351163514610708,0.7527051364386889,0.917412036079155,1.0041188913753665,0.8691008960480938,0.9289316849294232
03082500,0.8452467020371054,0.8961961820770096,0.8464110385347952,1.0084920619797626,1.0676774705886518,0.9148183235954189,0.9433583994163283
03083500,0.8639201891195731,0.9085630223737119,0.8744799303545004,1.0189491360013847,1.0360098349957718,0.9549358959381642,0.9498076709949838
01595000,0.7476050382596726,0.840084590142336,0.8395892758396815,1.0037648828481405,1.0022103845849912,0.8859128141591599,0.9061060083843552
01597500,0.4517338592808152,0.7274407881622449,0.6231255276673642,0.933092242287867,1.0697745082501398,0.7914294941754109,0.9394115009265752
01598500,0.4950374692720192,0.7546740322504548,0.5339173483892391,0.9346414203589742,1.1138310384005032,0.8375770832284428,0.9813943593988103
01604500,0.8047374446092208,0.7138784953287745,0.8330369470080294,0.9618611879139252,0.9543839677611691,0.8407252153581402,0.7890771354171273
01605500,0.6898898536688897,0.7174147421306116,0.6736571426068512,1.1089548198649077,0.8193186657570053,0.8894859899173042,0.8223253901785598
01607500,0.68899328111371,0.7780106180416249,0.744515310241062,1.0343116384952056,1.0259680535927793,0.9817785448171084,1.0420458277200015
01608000,0.7838984472935171,0.8024185306980478,0.6943405137516483,1.294238790116726,1.2191480997791442,1.0491921990035993,1.0501852943689032
01608500,0.6914251912632596,0.7658569295448981,0.8026368869944499,1.1319788770753971,1.0167182968427102,0.9279751517652091,0.8930206179437623
01622000,0.682744507303388,0.7017704333863488,0.7809190421530924,0.9884426868937831,1.006273251884196,1.0647782077783277,0.9948885191074478
01625000,0.7345604324705363,0.7496275260984671,0.7918068814059497,0.9572173255148126,0.9864148431865356,1.029628544724573,0.9466234048505769
01627500,0.6211198923064465,0.5623570189460166,0.8163995975899119,1.1969963078974373,1.159875399730989,1.242621381261962,1.1262520558774423
01632000,0.6360021145356969,0.6296612188000066,0.8062991976967055,1.1169751843495397,0.9813051774310506,1.0441164232813678,0.8633892258538508
03050000,0.8490062765810229,0.8247089494173772,0.824799444637502,1.0041123551112654,0.9294589591795089,1.0197629115871076,0.9249727894516144
03051000,0.8877616116088938,0.8782879631621582,0.8789389886767788,1.09412400585547,1.0302512621632647,1.0155911098749681,0.9594089568745392
03052000,0.8571538732880748,0.914726035854783,0.850343144040425,1.0080322733625875,1.0131079214678593,0.9670903939031337,0.9765846157485281
03053500,0.8838784845469109,0.9087224129170882,0.8790484664733819,1.066165157530475,1.0321338196431333,0.981757764962399,0.9602579949282163
03054500,0.8951142960742597,0.8586418903297347,0.8977504553655072,1.088113888996367,1.0408635802050592,1.0556320701413862,0.9953321623028998
03056250,0.8095182664558935,0.8575014429518413,0.8486353719951271,1.0298014278834924,0.988183225147923,0.9997615615840497,0.9970533254368495
03061000,0.8136227457392254,0.8451677985236917,0.8424877761432003,0.9846113983063404,0.9719524027929451,0.8824571504393871,0.8910830340806806
03061500,0.6680778302909609,0.7656360267553011,0.7478244789149212,0.9788635182608896,0.9671145742064986,0.8589850683093694,0.860818724813411
03066000,0.784971105538769,0.8649118842674963,0.852209856910144,1.0126861040037305,1.006444163219829,0.8834976556372003,0.9311577522731146
03069500,0.8796371827632707,0.905583927871441,0.8777731226749226,1.0720700280936803,1.0592604309894424,1.006287629986898,1.000441198942299
03070500,0.825507878490432,0.8354359725485828,0.860499454871807,1.0309963249940615,0.9432825070933327,0.9786628287462267,0.9187681425976721
03075500,0.8317899400353421,0.8184547682742822,0.8695366546253007,1.0066641926859878,0.9577243089223287,0.9454485702254615,0.8763952862757399
03180500,0.8106391338699697,0.8105611933961503,0.8111336022876788,1.0765018426770772,1.0675452035405557,1.0580241727368072,1.1156810104130557
01626000,0.6296538280673466,0.6527948578168146,0.858025789938016,1.0322405526077623,1.0181715812229561,1.0748172239670666,1.013081205710167
02011400,0.756548371224821,0.7590734825696117,0.8688688979524142,0.9749818858113287,0.9609205026126968,0.8528482088469411,0.8245905704520906
02011460,0.7960472155877735,0.6882839094710216,0.7910145751503924,0.891492607800091,0.8246858304976613,0.8924460063973306,0.7728469001104288
02011470,0.8149923471130628,0.7708537638308148,0.787426673119374,1.083834435089076,1.0132668683965764,1.0948600839620453,0.9697704855115719
02011500,0.8087192810559447,0.7426045960287597,0.8123611633135309,1.1628141468097082,1.1522370874163368,1.1526039867279525,1.079503715890162
02011800,0.19510132790845558,0.5693014064748885,0.32670775021641296,0.8707850291482793,1.1942508424091633,0.7729207966520035,1.0615504780704992
02013000,0.8294497940772527,0.813201319860684,0.8600179048161897,1.0921951255685671,1.0631289969941486,1.004546133395983,0.9000276331279314
02013100,0.6797498810493114,0.8411606548829292,0.7431538144512138,0.9343365784845052,1.1058004002893957,0.877523864550334,0.9854093311719487
02014000,0.7854474222780842,0.7058030141612813,0.8838089292373157,1.047111789643155,0.9358802659026543,0.9061008361605404,0.790533615918042
02015700,0.7225262891730126,0.7923431983575424,0.8050861450710669,1.0813559254189085,0.9937549236204627,0.9448572373558751,0.9155748414879692
02016000,0.7798323572034427,0.7854260144711833,0.8226064854785491,1.0615813685127267,0.9784739234837174,0.9969243597598446,0.9082475697211724
02016500,0.8480937020549477,0.9189192776290692,0.8861380660042636,1.091949958722576,1.1056668597962656,0.957649500076265,0.9855329264136959
02017500,0.8353769969084277,0.7751659319506362,0.8797873164721959,1.0401801875645096,0.9969622979458622,0.9463946054423704,0.8390646640703201
02018000,0.8092361396656857,0.7838805384813744,0.7747739132736102,1.0845009682499411,1.0036780767688016,0.9369940783534297,0.8491835361397367
02019500,0.8678856268249432,0.8481399375744215,0.8799494141682821,1.1739942353830832,1.1552052227927356,1.0484229094242745,0.9915267743853658
02021500,0.8428903111916386,0.8814993391094581,0.816867361709553,1.1036697711870898,1.0020999152014336,0.9774690089315319,0.9505101757314408
02024000,0.8576958859492205,0.8831347951737263,0.8921291256648719,0.9410553093428848,0.936661440332934,0.9722425199455809,0.9376324552735373
02025500,0.8695542424921734,0.8590342029474597,0.9073545990906969,1.0393145119712137,0.9943334375830317,0.9443022771832583,0.894008402505575
02027000,0.6282338339329812,0.6224194569092436,0.7901453861346416,0.92561032075856,1.0111635390844922,1.1185134363174942,1.0292322473326618
02053800,0.7300665363861292,0.688846018817914,0.8313369999197656,1.101640520805964,1.0133239071686175,1.0092847699458,0.8618284003283561
02054500,0.7731856981551004,0.6554798411509086,0.8248917391113935,1.2632768049866494,1.1394546642897632,1.2241397279746737,1.0229082726425551
02056000,0.7771843384577731,0.6100330214143936,0.8173537824474683,1.3549648192339168,1.2550494320816352,1.3382538603499237,1.173947303066206
02056900,0.7755580523824501,0.7527649428842607,0.8498126177624274,1.0011898259345,0.9546858430469618,0.8991831207210393,0.8235318000993735
02058400,0.7645847824177503,0.6786452908806382,0.7969695291558379,1.100435817090927,0.8743616508462178,0.9017646621907467,0.7789021106135123
02059500,0.6482362436159435,0.49509444089734955,0.6494336309578639,0.9572436428984968,0.8054264830448906,0.8754137515933819,0.692588062374145
02060500,0.7856519759349421,0.8579096527879327,0.7783198900350121,0.9876651007352238,0.9987593801339196,0.9411743316812361,0.9367079743535871
02061500,0.6704327788271789,0.5410600029672671,0.6977103111433729,0.9686754965629529,0.8180545818241411,0.8233721542315965,0.6987261267894439
03170000,0.7827105365077146,0.7531294133222406,0.8664842613096226,0.946815325890482,0.899663551218765,0.8687084921463305,0.814491140909263
03171000,0.8267645884876387,0.8222481974869668,0.8687865866732338,1.0035746573766389,0.9792638663719472,0.8995481771783078,0.863678270156055
03173000,0.8199873066732845,0.7959764350586543,0.819167936231084,0.9100753113862955,0.9222560679979501,0.8737507954648728,0.8446522826855589
03183500,0.8702944142542167,0.8775820765371852,0.8670194482699343,1.0422084644617673,1.0521299122476058,1.0289670240789006,1.0059170935283395
03186500,0.8004323813609283,0.81771359954281,0.8060157123945226,1.0404575795057063,1.0171895158644175,0.946568382646048,0.8905158885545895
03187500,0.7905840659451706,0.8399483637353446,0.7669025315845925,1.102514996338201,1.0423957471892493,0.9217861758518986,0.8995392794662791
02069700,0.672472375897177,0.6356489375854906,0.7883718254587495,0.9710326437602346,0.9367524369647059,0.7886465209654425,0.7439888475584147
02070000,0.6583606137224768,0.7134189076415679,0.8154427624174521,0.9893931121352564,0.9202205658729158,0.8118685513486902,0.8056274413651415
02071000,0.7859522262844144,0.8487986582202669,0.8265285938576139,0.9706585124341307,0.962721061397329,0.9331673149499179,0.9193056465207219
02072000,-0.000834163921521025,0.4388570594084046,0.1872967482649509,0.7879762471868347,0.8950319532003637,0.7159987163944377,0.8208661815967578
02072500,0.15037870554193,0.5523722941472329,0.3060756262729363,0.8309959729691307,0.9351578249659042,0.7420767116979791,0.8281132085323721
02073000,0.49905400872781513,0.6977379934903251,0.6548036609157907,0.9522798403360877,0.9829871097102997,0.8024359711315019,0.8295605986606964
02074000,0.6839615938792862,0.8076615828433806,0.7524958010624614,0.9671408490326125,0.9749231667567156,0.8860877151680872,0.9007733072779909
02074500,0.7032297794566345,0.6144889217678036,0.7537946339951979,0.9898327125222552,0.810505194576837,0.9787874127531119,0.7806878258032297
02094500,0.6933876920344928,0.5711659145656252,0.708080222037829,0.9981086332061324,0.8950160065419315,0.9474577205687673,0.734038273900333
02096500,0.763651706300092,0.7419253093987559,0.8037170137711914,1.0557437516208201,1.0397686855846247,1.1128125473611836,1.047672732145679
02100500,0.7849075582548094,0.8091998660083739,0.8540690621150597,1.012428777844044,0.9740992138356992,0.848837851281511,0.8706691561797403
02112250,0.7521174916826314,0.8099884655937892,0.8435476300237683,1.0021724597546084,1.0039189262914743,0.9315418987940056,0.9098122031933266
02112360,0.7140218305801749,0.8016160043473057,0.67770431389429,1.04446600922629,1.05877292313344,0.9349216850165074,0.9265785936289946
02113850,0.7871578655971117,0.7923742105216366,0.834831088070854,0.9778207473124718,0.9503488890960338,0.882576223685245,0.8451311039569012
02114450,0.6045265255155838,0.5961132827187898,0.6268158594729567,1.0652827017293787,0.9118477800524897,1.0236488255573188,0.8547252671667475
02115360,0.819232211081024,0.7957774831679734,0.8301327604356391,1.0713339621981384,1.0393294591857525,0.9811565876157999,0.9218016407910388
02118000,0.7683487151615354,0.67532643964665,0.809072680811506,0.933559019825192,0.8939705166155218,0.8721807800022849,0.7674225878609506
02118500,0.6525536729950414,0.5723461471132223,0.6770079755086469,1.012584609089558,0.8697638149021211,0.8931437376809294,0.748339754834035
02120780,0.5874331057885949,0.7613324265048824,0.701567245905844,1.02426255289775,1.0353243098269143,0.79677314538218,0.8846967300487965
02121500,0.7353981789758751,0.7575193163820315,0.7710751355022266,1.0146214019929432,0.9837816761736032,1.048336428028671,0.9739444017566001
03168000,0.8383355406822989,0.7771610476681634,0.8856071298798598,1.0165366737705561,0.9423412867280975,0.9041180042301789,0.8348007646824791
02125000,0.6427550862054698,0.5748827795534329,0.6750864965274792,1.0960813666538236,0.9323921142587597,1.069666969067301,0.7966844671940363
02128000,0.5670164343018288,0.5864111508745673,0.7264129065752767,1.0365198553347024,0.9618530580894493,1.0728082418625682,0.9102722068661369
02129000,0.8284320793761755,0.8344377997729855,0.838087690087228,1.0606436051085524,1.0832927778491899,1.006129660085172,0.9520998083293689
02130900,0.7667068920669504,0.763444591075797,0.8257720111356862,1.1097803598932776,1.0806683581426288,0.99638572372436,0.9494172109742024
02130910,0.7075385017988401,0.6931840713849013,0.6142809228813599,1.2645266189373643,1.3224045025955249,1.150854284423219,1.1535104944909003
02146507,0.5719681895804273,0.3716126571588436,0.6207332432403098,1.206791354189615,1.4452934941206619,1.4566108790822159,1.7362597265700768
02146600,0.624878701225756,0.6194971049023733,0.6019513369531253,1.0393355210264787,0.9100501711070104,1.145576150515842,0.97660985183028
02146750,0.6518967455751329,0.5638644871254366,0.6113594385461147,1.4083610583225727,1.2461342194024247,1.3149657048494414,1.1652132787949618
02147500,0.6891030080297001,0.6552612486333121,0.8743402363608834,0.9697068799034917,1.0355127891963607,0.7458298597045286,0.7967740362455303
02136000,0.6781547908833823,0.47837749215329517,0.7558146633159877,0.9732505992346485,0.9207328817668613,0.7521692930968068,0.6633097535280452
02161000,0.8535274927872586,0.8041634147633246,0.8850650030586518,1.0083306177463995,0.9770504429618965,0.9252277035861523,0.851921370732479
02168504,0.4152027466502599,0.5620742814726749,0.33227985546729255,0.935487811258417,1.007493412451395,0.817784122995731,0.8034869637906914
02169000,0.46620153650029195,0.6028098752502694,0.3639157505863624,0.93033178359536,0.9838807386623664,0.8476930484198664,0.8324752117162197
02169500,0.845993157791151,0.7766058606016576,0.8663796675755792,0.979413040255503,0.9502465855156774,0.8914743733218401,0.8247512406064841
02169570,0.7287063345331992,0.716412291808586,0.6943780328667877,1.0767354615125933,0.9813563544597834,0.9745403365463983,0.8762931597853592
02173000,0.4200543483485476,0.6298050025778468,0.764925620044203,0.9451194105548993,0.9599984387126379,0.7664674006526768,0.781678996415194
02173500,0.5375031365062601,0.7151185948893103,0.8148193797055533,1.0200778055895035,1.0167049605210785,0.8051279136437444,0.8015514907203644
02175000,0.7708938089209487,0.6761896716002613,0.8321061070210389,0.9975042960604965,0.9641040515713242,0.8380442839332842,0.7616413925765286
02175500,0.122066268042473,0.31480613015622094,0.6793902065735498,0.8771426885498503,0.8763993251981717,0.6330965782215401,0.6361470356961632
02176500,0.6384215342514032,0.3120811542492071,0.8266835566813939,0.9477634602827784,0.925213915341473,0.7040409557751185,0.6090020964037186
02202500,0.6287239921434984,0.7196763662742455,0.6796531210511785,0.9439713345756834,0.9835460390291486,0.8133165390910931,0.8189316875204591
02228000,0.6771552522958479,0.7151709930666609,0.7794548231212473,0.9603434710877321,1.0184035327576453,0.7990017878055553,0.810116292648553
02245500,0.6804898941031343,0.8163692439129281,0.729920381662594,1.0136293714132876,1.0225093922508541,0.8411563202619391,0.9129040766311568
02246000,0.8688371524231122,0.9095771760663266,0.7105888838305308,1.0990324792088748,1.1573502339043868,0.9568441119445013,0.9478079434131619
02231600,0.41633789234710994,0.6949855253784434,0.40748153728983993,0.8773029801450706,1.0973926327897152,0.7188343638231913,0.8873972954961961
02233200,0.45042932313959094,0.661156116037463,0.44793325933940253,0.7969487605571182,0.9735987035184615,0.7089135440795988,0.8668576604170176
02233500,0.8141232897341533,0.861852249841857,0.6546078146118599,1.1051811270902359,1.1205228961354228,0.9961094088587048,0.9902090903403706
02234990,-3.1925630038807276,-1.703500659030912,-1.9418931007693394,0.4160265532052506,0.3558723863660662,0.3412943460007329,0.28103807390045404
02235000,-0.06139463465675021,0.44387613438384665,0.6370538524690814,1.0092978230166718,1.0187277004826376,0.8281373152608269,0.9972577469830638
02262900,0.7491164060339455,0.6791797559738069,0.6863640914432569,1.0963220185153564,1.0974175567720608,1.1848480688205956,1.1678759431657222
02263800,0.779776927256489,0.8067841001009968,0.7179582528163573,1.0076141699830399,0.9662061273023564,1.0055298783710123,0.9589162358627744
02266300,0.7135163424054307,0.7635354737930524,0.49488604385443113,0.9638937271428893,0.9946129392622264,1.0300496499046892,1.0424329339319134
02267000,-0.21138254282994873,0.39478791487555676,0.60187672056011,1.0896140136643333,1.200721806658713,0.7042540084760218,1.0017651145320339
02294491,0.4526939253501713,0.6232471419131492,0.5481874200867289,0.97338394096688,0.9822448918906804,0.728069307768087,0.7849902464844496
02294650,0.5656812232130345,0.7371400012033957,0.7623430799202441,1.0575230803534839,0.9711706495188004,0.8358866397609656,0.8888164955947995
02294898,0.5601245273310217,0.7711184037042982,0.7781410135912523,1.0797193899271669,1.0150296005598693,0.7926470376239476,0.9242977116767586
02301300,0.5452631229045616,0.673405780720107,0.5891798757209297,1.163973841398643,1.6982439544429049,0.8022824673194718,1.270626159767385
02301500,0.7186143661940625,0.7819988259561081,0.808219152146935,0.9990405485889998,1.074112867473083,0.8002332793351337,0.9554370445169093
02301990,0.40658314420387676,0.0814188564672661,0.24842017765913516,3.70339644084276,3.343646558247885,2.622382042180174,2.5882187354057677
02302500,0.5818684270475434,0.3901195060726802,0.43018216406799525,1.9959941952141427,1.8423019837212204,1.5784453981770536,1.522401747518673
02303330,0.7819521449038146,0.8856909090886731,0.7790656892832254,1.0605755651827875,1.263871010453678,0.9011047269223396,1.0316922050692585
02303800,0.8195180373177487,0.8828259823203387,0.7597421317130025,1.2126753120486977,1.2576426506996694,0.9773571091852699,1.031671326191008
02312720,0.5819108553273532,0.5501772828707594,0.6877539607703469,1.0347747917993855,1.0954281919848687,0.7202488083836798,0.7308624134913877
02270500,0.7493214697216501,0.8530437474715851,0.6824789603620798,1.0070055268442772,1.016826574293714,0.9657679862910065,1.0322361998270266
02295637,0.6721798750845722,0.7693932538621315,0.8013309568695264,1.1233730344160648,1.1097127690176922,0.788624616035222,0.927316507778305
02296750,0.6034568353109179,0.7617966376841483,0.8139348396611219,0.9734484540678645,0.9768150206046464,0.7742012039103217,0.9157728800983593
02297100,0.5891118351745036,0.757260144871496,0.7155663431290942,1.0638484476453112,1.1731528499671684,0.7840491605335594,1.1168878333450756
02298608,0.7465339929099744,0.8048463205759329,0.7438118438833294,1.1614537972326442,1.2762751262317713,0.9988053657816401,1.0751374411684358
02298830,0.48597586328677445,0.719022234627803,0.6565769285755769,1.0506523969162598,1.3064782549173917,0.8279800665951985,1.075131910062777
02299950,0.7121159317979285,0.6554725195548865,0.7157291970288704,1.030142406940593,0.9530047835527036,0.8660671147501307,0.7624219056310197
02300500,0.7316509344475606,0.7241863316211421,0.7949006494991511,1.0682863495382127,1.142649708845941,0.7844497594076719,0.8350901496082265
04263000,0.7904982140972315,0.8844065070889885,0.8692597584951387,0.980941339074037,0.9650764742326834,0.9191785905942172,0.9527712533543543
04262500,0.6861630919932222,0.7643484780250599,0.8346667536923387,0.8822380874340213,0.9072577303791621,0.8206733128112137,0.8879814226764234
01509000,0.8201425584275761,0.8857584756096991,0.8747205409054966,0.992548583899963,0.9979361208914519,0.9758333401705003,0.9866384471359013
01510000,0.8255364602424466,0.8282230773039434,0.8619575694274202,1.0023976945210102,0.9732833939994455,1.050320217741345,1.0301978320606913
01523500,0.5016560561495398,0.7056587618182406,0.5948669499463395,1.0438907978510703,1.0618807707319668,0.8660137969367676,0.9789771563047727
01524500,0.7062643261922454,0.8295897988435454,0.7965919504629376,0.9531543662275805,0.9880862273143046,0.8542218856827838,0.9180303278684931
01526500,0.7557495418902447,0.7981954627165526,0.8364476168019652,0.9583747793548973,0.9871846067001087,0.830616564191574,0.8818903734254826
01531000,0.8682146136550193,0.8908322802967649,0.9058561725193566,1.008041419165475,1.0041623715275458,0.9178342709492341,0.9204019142167019
04229500,0.7403908546530504,0.6506592149979393,0.8257678353715762,0.943528051253218,0.9077697267940195,0.7959927668463285,0.7588512797988554
04232482,0.5113020742363754,0.5941483291008588,0.6385989158306216,1.0490475389975258,1.0765295734785258,0.9952460741321474,0.9875446787929761
04233000,0.741900573196147,0.7240274764253112,0.8220112370366635,0.9858156256731104,0.9788355713531298,1.1109926284716114,1.154758933754639
04234000,0.8595812917348774,0.9079501392659544,0.9046247801597498,1.0083770343278302,0.9939595881287415,0.9683197462214909,0.9645455744283422
04239000,0.678854613833519,0.686790368828153,0.8061711230323549,0.847516231587393,0.8530916380376891,0.7828736304895592,0.8202268950596864
04240010,0.7813916518730886,0.8579264075742707,0.8507210742837752,1.0195978660826686,1.1052713704753356,0.9352901799633471,1.0556059338126154
04240180,0.6141638606828823,0.7326863993572245,0.6709827166749385,0.9354771713180714,0.9246789220553526,0.9099607557243475,0.9073254684844935
04240300,0.7360443511699442,0.838169455103714,0.783075415111211,0.9948351226177334,1.000298252819379,0.8857162922610943,0.9064623715585017
01516350,0.6725352498188084,0.6497778358446291,0.788930941504145,0.9928572613090201,0.906531262680993,0.8114135765770101,0.7593175816997804
01518000,0.5584335143751966,0.7266088523746983,0.5295915755571223,1.0184707859629085,1.1444473331211742,0.913025195626211,1.016104135074597
01518700,0.5644991688909486,0.7226936035328628,0.6089473940909559,0.8980045837994665,0.9626618330822151,0.799253727527791,0.8452354884196154
01518862,0.7478748404826859,0.7553311852108591,0.7441034787413146,0.9705449314754411,0.9648141795084698,1.0691136053253283,1.0070287792582195
01520000,0.47543570229430965,0.6965517427543185,0.6098643288494162,0.9857332419673588,1.070712033914797,0.8487682844143785,0.9955028558432822
01532000,0.6867702073066273,0.7368463759119532,0.8208929403332257,1.0224376584183064,0.9337983778158536,0.9835534415756584,0.9135300759487349
01539000,0.8275335673222277,0.8653422382802916,0.8769319969593834,0.9951244043543451,1.0277014186053495,0.9788320514409249,0.9480793677979722
01544500,0.7562843255190959,0.80985923518787,0.8441152792482959,1.0199591397752947,1.0166622085580457,0.8395977714118684,0.8873480065599254
01545000,0.6945153421506547,0.8241175445544506,0.7029949461725891,1.0141916819155201,1.0342439312275078,0.9092903168705765,0.9477797721891228
01545500,0.9095634717359034,0.9477002091508213,0.9262543377079208,1.030304364292852,1.0323335838953784,0.9755255584787541,0.9817478771281495
01545600,0.7276650245234427,0.8039041863168199,0.8467656720961929,1.0215141564651893,1.0439711605400517,0.8351928878869255,0.8871141525877599
01546400,0.7620403818958346,0.7804377911771994,0.8931282548389228,0.9978874636231215,1.0141982895563688,1.0603143092710843,1.062496634087412
01546500,0.7458248823035536,0.8350621626952949,0.8638282885487716,0.9376916738011501,0.9663424491875224,0.9690930198788885,0.9774565192511225
01547100,0.7835628991322903,0.8610034756178603,0.8517033822129743,1.0611165348041067,1.105314544741491,1.03549113813966,1.0668536170120717
01547200,0.8336435456358741,0.8498546296967029,0.8857425044553231,1.0275744315366104,1.0087671697955056,1.0134041450391198,0.9860793630744256
01547500,0.24870822859255282,0.5596010108422422,0.15583183438580084,0.8465778893970167,1.0733456445556904,0.8736454079630092,1.060042606062283
01547700,0.7654238339536561,0.7181766358387012,0.8509133302484477,1.073108828569934,1.0150093419298387,1.1306707442892165,0.9829598100296997
01547950,0.8487303757868243,0.9190201060289653,0.8847750610449043,1.0023519871374236,1.0494408201633745,0.9462734248302205,1.0188557375524816
01548500,0.8071145221681341,0.735472914236077,0.884307264858911,1.0323412333451414,0.9920313933235653,0.8294648340019004,0.8121810402377764
01549700,0.7872298907538906,0.7064698547342344,0.8792684065701835,1.0587716152551714,0.9921697224038033,0.8265265067314498,0.7868290208490761
01550000,0.7631936215755382,0.8058772864369508,0.8182929692541825,0.9960196475702169,0.9784947807275227,0.8923662636531007,0.8671109307086894
01551500,0.9053718796196567,0.911914117925707,0.93844341243155,1.0784475168820582,1.0472356444537638,0.970976462821591,0.9420185073406979
01552000,0.833037738933141,0.8074294855676876,0.7985847137729071,1.0386282778225644,0.9538807264840392,0.870279004185168,0.8550430557458337
01553500,0.9038074040073893,0.8901532607174111,0.9143597438610738,1.0392181355362935,1.0391864844854357,0.921966912825262,0.9115792876272159
01555000,0.8040710438651189,0.8823380121378634,0.8660861638759649,0.9216045158176752,0.9597711464936042,0.9381339623668958,0.9493245486676284
01555500,0.7475348007842761,0.8129485251136609,0.8221322911330495,0.9999055602496941,0.9948816871767181,0.8636656366826783,0.8760297447385611
01556000,0.8692910838947342,0.9325235463764245,0.9076929666121747,0.9807691104806435,0.9855818602097285,0.958952309044448,0.9906600062873334
01558000,0.8569454975803854,0.8546065196847925,0.8880606860338088,1.0543226893470807,1.051023361941847,1.04423841751045,1.025558478286687
01559000,0.8886885280532015,0.9386487556194111,0.9158611532129517,0.9728551112249907,0.9958088004997405,0.9538046873083086,0.9742509987037273
01562000,0.8761574942637832,0.842446733746048,0.8385958906152378,1.0256216264269369,1.0543490727857627,1.0729880007237809,1.0938621652885523
01563200,0.623526302010329,0.7698146871683427,0.7046524716695893,0.9583620047369824,1.038757313757137,0.942599041632237,1.0680371727020854
01563500,0.8455922322354394,0.9119760494633785,0.8825135740743559,0.987349345558289,1.0429280561273802,0.9701021428182193,1.0452793446530992
01564500,0.7032433906339697,0.6366162349128813,0.7638984028217279,1.2412687894106618,1.1926858583243793,1.2045250702927301,1.1901187589853834
01567000,0.8861007236612666,0.9430869396816889,0.9246376561216314,0.981636542885528,1.0145129306352678,0.9621597290373195,0.9975951846492823
01568000,0.7778072923497819,0.8099357438646534,0.7911148093532374,0.9924176237167349,0.9486168816032724,0.8943313209285261,0.8659508830921059
01570000,0.8406476767728457,0.8917546746759347,0.8591039556208192,0.9630283243308131,0.9779761437302916,0.9044117823354191,0.9508092910654333
01571500,0.774582855671606,0.7999720443461247,0.8576640682865592,0.9441754366309261,0.9167292080556451,0.8631410281412547,0.8499396162683647
01573000,0.8125837386246553,0.8079525884045358,0.8493409515953781,1.0888142308836883,1.0087264755503713,1.0177389172033038,0.9369277492734752
01573560,0.7869820092877133,0.8519866588150492,0.8650784254471867,1.0359236407554901,1.0087064129339776,0.9326910980494201,0.92133824215428
01574000,0.8154687931877325,0.8665704467171489,0.7900299876376469,1.0369783288056607,1.0137123485553583,0.9589885831924101,0.938234461897001
01574500,0.6289664428113872,0.7275867935965248,0.6929112525690871,1.0962243989233602,1.0829965309703353,0.9427792891796691,0.9339088913088586
01586000,0.5679994767437406,0.6757599203273321,0.7296964163624422,1.0049845866924305,0.9302510842669477,0.849983310929954,0.8266303659447507
01610000,0.8556874320132325,0.9176930916145838,0.8781021601009869,1.0506292841072593,1.0882409803782491,0.9503846830987709,0.96589631567579
01613000,0.8580310711300156,0.8803015844848768,0.8909007308706642,1.0317078115216278,1.0503068451947208,0.9197188871793329,0.910582874082251
01614500,0.7699868973535906,0.8208581800475744,0.8701330935104211,1.008162650502316,0.9598370609234661,0.99253872836106,0.9731551875258032
01616500,0.7881141998487882,0.8752538160540152,0.8457237660114567,1.0024408626767003,1.0167179650930516,0.9514207936405079,0.9778081084843101
01619500,0.7634576275872171,0.7679228400505375,0.866399508320556,0.9421113773005758,0.9001808556555603,0.9522132916950993,0.8964006837239976
01637500,0.687469262200848,0.7305056248869374,0.8055859151905997,1.0192936510534816,0.9953253345738489,1.0025469326144274,0.9363437713658138
01639000,0.7355626724569049,0.7801991094729281,0.8042254912285851,1.0905981182091533,1.023927794973967,0.9253207798627154,0.870332357471492
01639500,0.6398206709059135,0.6959521532684827,0.7657047690502056,1.0274755838007739,0.9576677460091603,0.9101001344487413,0.8486464838400352
01643000,0.7842231965120011,0.8161105152406771,0.8203158859100251,1.061528209544786,1.015507744572276,0.936634905413253,0.8883237488571532
01591610,-0.0824815290445875,0.4530413781953464,0.09525230068267765,0.8178054447931962,1.0602619811430418,0.6960199018014354,0.9209099962107201
01592500,0.1279290690962137,0.2683122343864862,0.312687833565652,0.7634850909624358,0.6988306119988952,0.6350172569692758,0.6269292336168284
01594000,0.6664773107504518,0.7328731860742057,0.8032757658619483,1.0142639744543134,0.9804311857192123,1.00296924483025,0.983104403219699
01628500,0.7778692649290783,0.7428468712835774,0.8912953751201522,1.0419169479419037,1.0432053166297557,1.1023465194088646,1.0006397943384417
01629500,0.7340685975510421,0.6805378714503352,0.8685977625791182,1.0991270319326487,1.0747726427940234,1.1598672199562816,1.0485091418460328
01631000,0.7354540659516331,0.7401062331696884,0.8530934233612768,1.0453157398122175,1.045090190008719,1.0557519448539596,0.9747341321934608
01632900,0.6894808479240794,0.6950486053015904,0.7416660959932646,1.0035925588207886,0.9709866527958992,1.0226602115544676,0.8992669355982784
01633000,0.7758082866508035,0.7250591628921537,0.831968584674089,1.0865101748473154,1.0232705808596194,1.103212489046492,0.9312665663052444
01634000,0.596687496489616,0.599812228363356,0.8431986632311825,1.070692521886253,1.1046517840061771,1.1293943063348797,1.0569486255060054
01634500,0.6714243294739539,0.7712763347432936,0.7854994548057592,1.014134050056455,1.0170179288772656,0.8945217183283992,0.8868375194544409
01636500,0.8158052358924308,0.7804564785013556,0.873746580462635,1.0415547913947336,1.0593126400467126,1.0918202804717703,1.0220615022662767
01638480,0.5881520484827001,0.617844057984966,0.6739319526095332,1.0512441787240332,0.9766721357622524,1.008998582193197,0.8821874871686081
01638500,0.8993420927351883,0.8941516927130414,0.9249124303861991,1.0645942908769386,1.047420728799349,1.009272548917249,0.9669314207065655
01643500,0.6140093640882316,0.6448966914586339,0.6982767674343378,1.0189260240307307,0.9887806350774037,1.0046440161319723,0.905758855702565
01644000,0.7282432252416067,0.7163793441179773,0.8117585343368775,1.0330089396892403,0.9675558164739873,1.022899961981126,0.8896936353357597
01645000,0.576218672968272,0.7791391840340859,0.7268755203991845,0.9778800964972276,1.0071907090159011,0.8644027923598387,0.9978052553707405
01646500,0.8987147327017435,0.8367656938372531,0.9227344195585541,1.1089309984588105,1.0387332316006082,1.0497862770523392,0.9564982167878698
01646502,0.899239574866675,0.8435639425312531,0.9197785231632475,1.1273177453403527,1.0898982026766675,1.069619007527665,1.0031424968209681
01648000,0.7440732604441664,0.8360918392345914,0.7984535472272078,1.069105972585856,1.0372319578203535,0.9537016942098197,0.9705483281876172
01649500,0.7071802469816036,0.7614686608736075,0.7954041378481871,1.0108929287478343,0.957200991738487,0.981164284861427,0.9225160987036344
01651000,0.7232398478430815,0.647933717117378,0.7465921214445068,0.9723662200344959,0.8325869958526287,1.0652910421773807,0.8340732081184395
01653000,0.6417468574742546,0.701865950697501,0.7773214006963748,0.9052700657296217,0.8707859131463684,0.8191742293426173,0.8044854714708558
01656000,0.7107795510285853,0.6943992974176757,0.74549760122369,1.0421943478458646,1.0095458041436176,1.0335682070070338,0.8700503179910831
01664000,0.7203566010824098,0.7828868071225472,0.7967506363033319,0.997030545127802,1.0142814870398797,0.8299366994730489,0.8598676909716151
01666500,0.7620016867206724,0.6949503960738267,0.7559283678778799,1.087676220807809,0.9448580177283036,0.919267249157511,0.7932287776102941
01667500,0.7767861978922534,0.7187371717834945,0.7587086081995107,0.9999561817940059,0.898467941758816,0.9522758874639105,0.8204991699735639
01668000,0.7955588919860086,0.7720083953998678,0.7951129803907502,0.9558266757319673,0.9088274835392098,0.9165032168647331,0.8368924375120446
01673800,0.7065575232774188,0.6756716969828032,0.7469292292441344,1.1215359526304525,0.9840788883822987,1.1492306969388018,1.0001552421432285
01674000,0.7247660361081081,0.7966433901987127,0.7138951737621395,0.9824766718456629,1.0497013739436145,0.9874408072404013,0.9862642853405322
01671020,0.7311877758260287,0.752080899491086,0.8156657821280451,1.0128046845081102,0.962230148310145,0.8561881306878039,0.8245563836722684
01673000,0.7847326358414177,0.8106105477990904,0.7584691676503629,0.997102685857685,1.0249340873557469,0.907851784673392,0.8683462066300989
01674500,0.5660242577172803,0.7050849914142313,0.6756874950684689,0.9129160945481435,1.012357939819977,0.7688067985605532,0.8559126598284543
02026000,0.8520899103527353,0.8595847210481957,0.9167021756951822,1.0280190710189367,1.0367795068513714,0.896463345855501,0.8952920356816728
02028500,0.8187470624932127,0.8846286515235358,0.7165671218026903,0.9676750430614425,1.0547875183181608,0.9372189173180481,0.9408491429867919
02029000,0.8682110215100387,0.844893919065891,0.915847824236038,1.0430204863843624,1.000742425257085,0.9565270183215911,0.8920219504959317
02031000,0.746308134905021,0.7595269303875289,0.7680815955656375,0.9282393439159087,0.9372329570701209,0.9313665768125896,0.8504893044152436
02034000,0.7658774633763659,0.8014993063104269,0.8306057022766763,0.9697844286702024,0.955593629813282,0.930636762497989,0.8789369593852155
02035000,0.9174628423571342,0.8958790116756288,0.924538349659208,0.9986967154111652,1.0118255969697507,0.9782809551550256,0.9277947176082862
02037500,0.9104265298507253,0.8858389598977,0.8919625696416658,0.9664052530024685,0.9574991990514975,0.9802990741258581,0.9239247687639484
02039000,0.702122747722626,0.7186032171547455,0.7564540497255643,0.9915225836637025,0.9588714664839293,0.8738237719270698,0.8121368913994059
02039500,0.8081266028147518,0.7770397694794068,0.8281598090315035,1.0453545618528866,0.9683706365871357,1.025527708776222,0.9017961749029146
02040000,0.6914292042946018,0.8138050825307857,0.6938318192689579,0.9535768583196447,1.0267399822682253,0.9106749177220479,0.9377046209616059
02041000,0.7693314504114386,0.8251895430893773,0.8236794812219328,1.0246553872897257,1.0111222667405122,0.9732191993981855,0.9380676077212043
02041650,0.7716379102231345,0.8430441278348797,0.7630006513417926,0.9144164072233824,0.9946715834598374,0.8797618957814803,0.9004879245484269
02044500,0.7815427791532811,0.8256087385061199,0.8611742253383605,0.9632968463117809,0.9741438555461454,0.9578444953896152,0.9120235783363717
02045500,0.737066092762026,0.8183932109107188,0.7840851271453643,0.9207390434091255,0.9689971011246726,0.8427076381337969,0.8942290171472191
02046000,0.5781467535734859,0.7472158919850396,0.6539060964021515,0.917038476150902,1.0291520212677683,0.8648087164627817,0.9355459055997961
02051000,0.5752700016673593,0.4823651257655297,0.5164240736538592,1.0234839809296883,0.9716395629299701,1.2720402908387354,0.8685152341351703
02051500,0.7294524761572085,0.7962120439752389,0.7474006848740913,0.9762460453196131,0.9724454312948865,0.9050198807296191,0.8797997672491937
02052000,0.6412940068952058,0.7451758164250439,0.5989662487405469,0.9432907018131975,1.0169534901865702,0.9373886233378395,0.932358316793643
02062500,0.8234597566324294,0.8152241798439845,0.816814193731468,1.034449032212098,0.9751611897273809,0.9543582472546983,0.8886305335471161
02064000,0.6120712159691704,0.4844051767798535,0.8266358311234592,1.0397787017989326,0.8281644108597919,1.0744716043023728,0.7610916602969292
02065500,0.6004889945357574,0.5883328731089257,0.7584807575137505,0.9988152425306921,0.8717788615045856,0.8963982778637427,0.7716593175118004
02066000,0.7986490405163096,0.7863684227413683,0.7470072408036477,0.9895019897228904,0.9876957465680193,0.9481778369170629,0.871975626397135
02075500,0.8525402002429529,0.8952017005094817,0.8571590383291515,0.9372282903479248,0.9650371837132165,0.934387179119902,0.9303815526741513
02077000,0.8109286956735743,0.7067956811532388,0.85041836450667,0.9387903012000892,0.8772616917095419,0.9758184558112372,0.8105737053727181
02077200,0.6881227384295998,0.7506978450230565,0.45357801502816897,1.0489487702358946,1.053490685773672,0.9353440776300904,0.8768410047939721
02077303,0.6305621290536537,0.5824361099193368,0.6837146554533821,1.0158972657517933,0.9857204158666789,0.7848075002738187,0.7245575631665014
02077500,0.7080048620694568,0.7282103108559435,0.6756819133430487,1.0910184396963032,1.164340651705388,1.0700782972823397,1.0184204621543798
02077670,0.8021128182504405,0.7556572807392483,0.7111401893564797,0.9057740075451836,0.8769741635679826,1.082771398172358,0.9241987614068082
02081500,0.8084069131138905,0.7449520288159843,0.7530611110491353,1.014881518979887,0.9550116555610252,0.9741802175663277,0.8247218424413317
02081747,0.7592481033841709,0.7952491777320048,0.7948616010497855,1.0710317059482244,1.051284786920846,0.965855434541104,0.8992250438118919
02082506,0.6577501343920391,0.8029489160862624,0.7792901512566642,0.9865050284712787,1.0487625530199074,0.9111403603533917,0.9783221183798796
02082950,0.7934540263716252,0.7695891583931266,0.7489008612607679,1.013864057330512,1.043161144473365,1.088358232273419,0.9533374370315603
02085000,-0.5511545144140806,-0.7642421180367678,-0.017472211572413743,0.5162053667144209,0.45007821846270013,0.4477629872492773,0.3944079491985625
02085070,0.8090034557411471,0.7862091728350198,0.8267744798774974,1.0348329429100742,0.9736891936652707,0.9586990690157485,0.8534059531913246
02085500,0.7662769644064548,0.6780325252644517,0.7803720855866232,1.1242108329026248,1.0529977767676384,1.2442052192632458,0.9698342881286595
02087183,-0.4985114023899244,0.3109145923575949,0.17880126564358811,0.7334642653495687,1.0239045020677742,0.46261877299789,0.8524277493170164
02087500,0.41654073927223223,0.7183317768042188,0.5959424087803309,0.9044936914111263,1.0592130990476392,0.8083479714914672,1.0153549128312669
02088500,0.7120283958518743,0.7539893607532422,0.7620331750174002,0.9159769623797929,0.9275045853604259,0.9018618534520182,0.8469611972926916
02089000,0.6472266864546041,0.818323854446424,0.7170471547483218,0.9702055036392238,1.0682535288146604,0.9156250009666485,1.0435587458994688
02096960,0.8390545462194466,0.8682225681674625,0.8556827196505138,1.0198786653292617,0.9996226373997856,0.9307507049870969,0.9071412624945014
02097314,0.5290746817401095,0.7062769664427978,0.5794088603082668,0.9686945917707099,1.1419125254936373,0.8754213454826284,0.9901697811216275
02097517,0.6510007357858021,0.7759343013819511,0.6675843266877641,1.0194353292041212,1.0571316863650486,0.8858265618607039,0.9063387689518755
02102000,0.7540350346935604,0.8472012223954352,0.762829686732595,0.9993403672751814,0.9942463213138582,0.9294620192093929,0.9439494962784258
02102192,0.7022403935046762,0.7719626592634414,0.7349905745302692,0.9543161048763085,0.9650803035933403,0.9625323888034681,0.9259035881138103
02102500,0.38458248310460386,0.609236787961029,0.650374141558157,0.8342368623726623,1.0172777318874617,0.6922400075266004,0.9244474524519396
02104220,0.7830731042413864,0.8867329580254767,0.7103911638350064,0.9801765710707137,1.016595238945035,0.9462372000770333,0.9663480790070542
02105769,0.5485484888465871,0.7798705062899016,0.6200030346370208,0.891724329321165,1.0384188629005677,0.8427242450185471,1.0002235691748225
02109500,0.7545191410878538,0.76280482607968,0.8231505008502171,0.9921648498960144,0.932715507112346,0.9955121844248603,0.8987614326950623
02133500,0.7974269920526726,0.8271614495719233,0.8338033070585634,0.9738936201240741,0.9774235405033647,0.8742714438590908,0.8744824598923001
02133624,0.6936231445808572,0.8252937157905493,0.7192937858074575,0.9314482719344908,0.9532050663909206,0.9840729743858438,1.024870565464264
02134480,0.5260399926707531,0.649560975118004,0.7397418818909378,0.9076489601279712,0.9914271194759808,0.7338552543147101,0.9113416512813531
02134500,0.8285504321607822,0.8987454056139871,0.8330871729228726,0.9391761154814791,0.9585080107699017,0.9429601621123929,0.952637498742131
02110500,0.9002707120434131,0.9229410107876136,0.8725259637350476,1.0327517655631402,1.0272453247989697,0.9887187950898356,0.9698060220381082
02135000,0.7827416313787503,0.8188894035276089,0.8384643306868604,0.977172540167424,1.0289950266533086,0.8590210483226927,0.8955308034444579
02231342,0.6765153988883912,0.5564740743694336,0.38703861891025415,1.347121116612173,1.8006903499907858,1.2133679834796482,1.4329156919173214
04270000,0.6808553149543225,0.7423962864013176,0.7384962683656378,0.9786297987729089,1.1960599870740154,0.9737297092014873,1.2069354708028117
04273500,0.8509920358233789,0.8957805791550824,0.8564707764233471,0.9797243865595585,1.0157376170965415,1.0252275568186686,1.0844486443053605
01315000,0.33655029621461263,0.4059190340957707,0.2350042898998661,0.9302935604829354,0.9478809446937576,1.0160202319508143,1.0180783634732964
01315500,0.8463521068554585,0.8684389354030985,0.8687424272032633,1.001010455199619,0.9821033912465549,1.0050840528615552,0.985988185103624
01318500,0.870690112664403,0.925429003689624,0.9064267400123887,0.9822268961849803,0.9807713411412362,0.9596812614385092,0.9681429615905536
01321000,0.6515943734193289,0.5255058642381594,0.7282247525991279,1.0736118721036525,0.8820338960042932,1.1793617677982995,0.9884811406930029
01325000,-0.14996237276643032,0.10389137626758993,-0.15399594038651854,0.8637673368975913,0.9809460884654221,0.9122425201338443,1.0304244747801312
01336000,0.46544296019790443,0.5279262196602323,0.5318074770229,0.9984950284120075,1.0155807046262029,1.0685303368459982,1.0753328213007591
01346000,0.7345825591029198,0.7852352261082243,0.7644024488846175,0.9850738043627313,1.0289921774953994,1.0694162601736266,1.10736773304565
01347000,0.860555057024329,0.9148864303732567,0.9014309838121811,1.049890629360663,1.0646049220521663,1.003645230680674,1.0510013157840858
04252500,0.8540106629086004,0.8823354956559185,0.8756022902702532,0.9667905076756818,0.9981067633968662,1.0263264842538644,1.0449044109966907
04256000,0.8036533737726863,0.8794827546252528,0.8477053475054935,1.022184475335495,1.0082908955792664,0.9736991713545115,0.9933752161762035
04258000,0.3324001094352318,0.6045412878858848,0.39072585020617767,0.8620257019857352,0.864193059879876,0.8390907109953858,0.83880005051115
04262000,0.5887085329001197,0.784815295660621,0.6743815837975865,0.8475364000468002,0.8603735770564154,0.8723088281014828,0.9103141131919507
04266500,0.8660426795687437,0.9052556009343484,0.8874581763413324,1.0214865403419804,1.0547402312862835,1.0273114573494686,1.0715579447707642
01350000,0.793698441138519,0.8101284364966563,0.8456474056834328,1.0765874084267655,1.139371716526497,1.048191958574447,1.0671253737277133
01350080,0.67010114453777,0.8201713301402072,0.8120977662814901,1.0795479711192708,1.1059961595936068,0.8534886058989459,0.9270218696669221
01350355,0.7106754273158888,0.7530681462442519,0.7897509933408325,0.9136634208498401,0.7477200641810844,0.9327205027124991,0.866132104273653
01351500,0.7922783072454934,0.8425720480655351,0.8668220627855153,1.0152355339390677,0.9343292153213499,0.965014077119802,0.9334389037268931
01362200,0.7899795696105302,0.7832905631834286,0.8589202457144136,1.0147771862550201,0.9614254394582139,1.0680176439052784,1.018857977813981
01362500,0.6405599252270832,0.5343439295032235,0.5714342500536429,1.4584248032865044,1.8854843572426798,1.3186192807613484,1.5331604101102865
01413500,0.7738781064348943,0.815227091176999,0.8422004634172576,1.1880531610692315,1.2254463661889186,1.0291402087314496,1.077327453530439
01417000,0.26623727865657076,0.30813639042901697,-1.2498058977530038,0.30066774363060544,0.3557855849750318,0.6852429431781006,0.6371689545511673
01417500,0.6016740910198322,0.6590351675196573,0.2385088862642163,0.6441683983390586,0.6815333409424792,0.9827874958915934,0.9176790357411667
01420500,0.8049881500762538,0.792379004746524,0.8872611377368721,0.9865231586004675,0.9522924589788011,1.0434860836342177,0.9585805702428524
01421000,0.792580025533345,0.7454129995197125,0.8414776294602728,0.9358194495674405,0.9609005584561674,1.1212959656880168,1.0495860418879823
01423000,0.6787887204158989,0.6146932133704318,0.7373953222086147,1.2563725363532225,1.3674879134069953,1.2024568011965537,1.3139087545827774
01425000,0.5397431547120121,0.5740606965760977,0.4733442205433428,0.9536542723583707,1.082849171861974,1.1194858728401968,1.3218099894365312
01426500,0.6755651886014628,0.6276877883136012,0.6745637871784707,1.0125978486892995,1.141664841414105,1.1852246225007006,1.3384099377950474
01427510,0.8386562256030424,0.753555132671556,0.891504441925842,1.0012845771440058,1.0639335163330312,1.1523442112674789,1.1666921646518813
01435000,0.3041495181465166,0.219389274496384,0.3184355299580005,1.5099546116991325,1.664204815865179,1.6039828988996239,1.6454267700203578
01436000,0.33402861721220634,0.3041217598714533,-0.33563669971533105,0.47237329328208716,0.4215953160303424,0.8802069386136778,0.7219920152729442
01500000,0.5368583919533052,0.686440231600194,0.5533361584942649,0.9179128883087556,0.9626402103430219,0.9362089851770645,0.9952557476626711
01503000,0.8802537333726661,0.8764563914368213,0.9353405904126381,0.9914907557542885,1.001341384096619,0.8982489014204926,0.9275992439952047
01512500,0.8556053973791863,0.8913698096969437,0.9097359373478353,0.953680923221672,0.9636796171770088,0.9062359877557509,0.9473499692867406
04243500,0.707578008412395,0.8478692048379566,0.8016510761484774,0.9680662147879882,0.9906563282304385,0.8847644349101812,0.9536271717294721
01396500,0.8201865056459621,0.8209117392485658,0.821390801594579,0.9952179774448727,0.9968124553595932,0.9581382420753068,0.8996207921322533
01396800,0.42376527896042593,0.5450495937243676,0.3612706797344384,1.0956202697347535,1.1844526118442174,0.9906280964117344,1.0483757220914176
01397000,0.8078077083581272,0.829839489968436,0.8053827302102039,1.0169708294425395,1.003782272364161,0.9413805635769789,0.8984504717033704
01398000,0.6458898495745016,0.6425457695379122,0.589420841615277,1.1858074709648796,1.0958398652313615,1.1272991115406281,0.9716451407871429
01400000,0.7438592249266832,0.6645647555969332,0.7394988579003445,1.010755765152246,0.8642031163431659,0.9731342190477901,0.8136435127438955
01400500,0.8250882390629518,0.7940555920463257,0.8582690652558005,0.9964131666479771,0.940655529137729,0.9837281458310404,0.8842691845267078
01428500,0.8484329294333826,0.7605933376582811,0.8984661100155029,1.0251689262927801,1.079097751579613,1.1483815523589462,1.1736545143636556
01428750,0.6869122287188798,0.5929639253563843,0.7307607335609008,0.8283671274105248,0.7999778543880992,0.8177692839832313,0.7231916854581936
01429000,0.7704802036497884,0.8799114306260868,0.8494140546937422,1.000218895839996,1.0164977361633876,0.9365330112486103,1.0011191909068284
01429500,0.7535323671402998,0.860152108037466,0.8432885641227966,1.040596604792817,1.0635685223775877,0.9480626811568609,1.0381441289718187
01430000,0.8392866767392033,0.9023130222259875,0.8818132561853383,1.0738897973071593,1.0694629409771477,0.9807556260273779,1.0253777646506137
01431500,0.8182960987026053,0.8460267000649606,0.8723939344855735,1.014530950131555,0.986659519335571,1.0031902522157348,0.9638586647920332
01434000,0.8867024739949017,0.9230347675562705,0.9193596417820852,0.9488937331243128,1.0122441027681688,1.0004623211407997,1.0420011150218804
01437500,0.7885069086910883,0.749269884027817,0.9105258371597447,0.977858920620319,0.9691868377739861,1.1064465916117863,1.048946273745009
01438500,0.8773038052127164,0.8950255541833556,0.9301152620143343,0.9620017781697657,1.0212270245129198,1.0250265227454756,1.0516453323558985
01439500,0.7752023199433006,0.8530721962734527,0.8611999209204665,0.938280312850561,0.9691580160594054,0.8798585006488248,0.918155495419946
01440000,0.7941975225552088,0.8896804876987473,0.8278038984835454,0.9927824088715159,1.0272931924776607,0.908982123722103,0.9609713236064029
01442500,0.7796069385839199,0.7856450555408351,0.8158319867948596,0.9996072132237434,0.9958727169044606,1.0597416565850923,1.0331861092707202
01443500,0.8715735054448861,0.9114963464157313,0.894383096859601,1.0608393901886048,1.1269522505994733,1.003853737925507,1.0482244656176072
01445500,0.8719802564545958,0.9172977712915402,0.8806948662724597,0.9753510377180248,1.0143799536778555,0.937253025504403,0.9496084848937297
01446500,0.8771744633365908,0.831668672341965,0.9458790189492942,1.0432184741405057,1.0875434504810748,1.0904001885166097,1.0982548486613417
01447500,0.8380923781873597,0.8581128469422741,0.8860233374176603,0.973319783621626,1.0006715475816694,0.983089670740577,0.9410869265684586
01447720,0.8096015865260788,0.8040800758191432,0.8883161557708928,1.038969913125144,1.0399591924690048,1.0549406878710725,1.0110335956417065
01447800,0.18421747025135116,0.5688719302206262,0.42214179979357613,0.8827854698738012,1.0605245898097189,0.7682360927075099,0.9891302641867934
01449000,0.6790317764764828,0.8348255333438604,0.7551116299334972,0.9676275410645581,1.0375069847091758,0.8803257429981237,0.9628015784989544
01449360,0.6845241769812195,0.7061678599549363,0.8442853470148864,0.8698726687230517,0.9035961371224476,0.7932095658061677,0.8328498320783368
01449800,0.2306456071531955,0.6108392640473002,0.42098374583696074,0.832017105931578,0.9553492474062104,0.7427800469650423,0.8835171164140757
01450500,0.7436746232735845,0.8227400371905179,0.8666338604789978,0.986221991259506,0.989370450795898,0.8604467352790331,0.8900015338883609
01451000,0.7641458666098764,0.8754980387062796,0.8314265760742983,1.0127523822351356,1.0553141993020527,0.9064157214685651,0.9718718036273862
01451500,0.6389983279093492,0.6423834691485257,0.6506854217107424,0.9716500142590069,0.9183002128363622,0.9687128720372297,0.8814300524482662
01451650,0.6966018793631488,0.7054924102715315,0.5071570707088492,0.9540658272476603,0.9369794519099138,1.0166982611871402,0.9636939091779564
01451800,0.5250927505882993,0.38302021339095604,0.6846267689070389,0.7263083870886301,0.7212806672103218,0.667719228654493,0.6719322331143005
01452000,0.7672928188723506,0.7948169683206723,0.8075180154688706,1.0293120433495273,0.9464852924490784,0.9044965671323456,0.8599582858906257
01452500,0.6296754789249449,0.6971458820313958,0.8049488357557353,0.9834446756331705,0.9819207247910362,0.8905595322104033,0.850273316323922
01453000,0.8218234285408617,0.8841229266228351,0.8654951834753575,0.9536027436926681,1.018148965038972,0.9188178369755642,0.9926006871048394
01457000,0.823558402709252,0.8616017851737215,0.8323857697639502,1.036610170062893,1.0574118757303235,1.0011411653804914,0.9948014278555155
01459500,0.7405825555298666,0.825969130987853,0.7657006638944815,1.0860441621619594,0.9976466646932691,0.9165077413240883,0.9138967091259319
01468500,0.5546224794051383,0.5442646422739774,0.5200379357421174,0.7168595933766754,0.8758026122641498,0.7193681393174052,0.8709359803280914
01469500,0.8374887385900158,0.9040608500394,0.8870912723008335,1.0207181354579307,1.0204269683854703,0.9749214700606946,1.0503959863148522
01470500,0.8722464190459239,0.8803277387193138,0.8913942606083457,1.0121819691286662,1.0035222739158718,1.0290638103404448,1.0161503192610062
01472198,0.6991070656731608,0.7342228236885346,0.7886157425001914,1.0055318442454293,0.9618073749268867,1.0138414264520257,0.9545093009906627
01534000,0.7377107187002717,0.8337678403384492,0.875680320997715,1.0248548335851704,1.012752407798959,0.8379652014549123,0.9885607921588536
01534300,0.49468284676331553,0.6424926574195229,0.6054871608308177,1.0351219783710084,1.0563091400875273,0.9567733036655683,1.0392519404014633
01534500,0.6673091273612972,0.4983074917036895,0.6846240431440591,1.5235954724979468,1.543556860223154,1.4546825546106772,1.4797629740478244
01536000,0.8423042850694522,0.8236666262993346,0.8485839897218076,1.2216841906131577,1.1699919978106816,1.0742547945938519,1.0798308412328563
01411500,0.6309545719588184,0.7006168590243544,0.7109165166125936,0.8368958236530619,0.8287339076457577,0.7984151912778789,0.7870605409689057
01463500,0.9152561027487699,0.8990022499010702,0.9559763262916935,1.0304695904047685,1.066967791406945,1.047898810806497,1.0691675142890913
01465500,0.7658262138277826,0.7261903963680982,0.7590961132047829,1.033567209513237,0.9879353400675418,1.1358410181176475,1.042135754294716
01470779,0.6830799132861617,0.7186438715383322,0.7997803458277664,0.9949782902705814,0.9654433962893931,0.9431704236620511,0.8922414776793798
01470960,0.5447516574247157,0.6695204059310732,0.5756888326973479,0.9945708073735509,1.0029060786790058,0.9204616310055092,0.9202406764325046
01471000,0.6359994219991769,0.7445405385272335,0.6618333988675346,0.9947392164914108,1.0116760160574112,0.9450020584658957,0.9472042521480032
01471510,0.8880289648914335,0.9224056311448418,0.9093089676953972,1.006171152653628,1.017740509990528,0.9899870583718522,0.9873428085228858
01472000,0.8825215683427928,0.9163247612751836,0.9148228388332207,1.013894747356757,0.9916987909205293,0.9842575474200908,0.9767236474978113
01472157,0.7781449613727787,0.7900166275152791,0.8207746264540062,0.9808234947842515,0.9387806812184498,1.0182476584619022,0.9518927228556903
01473000,0.8040267720279335,0.786957579502435,0.8257661684467053,1.1074916236192822,1.05072034139183,1.0884829277001813,1.0570006734373436
01474000,0.7243582293268721,0.6921927902423045,0.7749818279056292,1.058435399614893,1.0317529248101276,1.1418088529901833,1.1243667908644266
01474500,0.8424830624840707,0.8157868650465936,0.8824423761495165,1.0050271378200055,0.9529251769828312,1.0537383791193133,1.0023066002478203
01477000,0.6661746102823767,0.7799523834290127,0.7407200382252239,1.1098431318109376,1.10683439510613,0.9223379294315115,0.9318033819329485
01479000,0.7064134268635028,0.735487363917146,0.7857421581040474,1.0844991894447962,1.0026812234550966,1.0037416382757143,0.9230620163697102
01479820,0.03876932920347509,0.007992794401252334,-0.08567501948269718,0.5553073928541199,0.5307056664070594,0.5586634690446062,0.5199619263328031
01480000,0.6058863601522148,0.6674653780535458,0.6979030225903178,0.8433559141195375,0.8397040176484509,0.8751050574211889,0.8165191220060556
01480015,0.5685915322725161,0.6154332435357701,0.7113260238525817,1.10713598112924,0.9848878883456859,1.016059831977317,0.9351658953651334
01480700,0.7762253479283662,0.8254228325974539,0.751276950149645,0.9909712924317075,0.9605969790881186,0.9865553815278632,0.9684119623024757
01480870,0.7829389317345212,0.7497813342660262,0.8043707163256942,1.1235569979315694,1.056385474238852,1.0999701871296301,1.0534041313779547
01481000,0.802138660742471,0.7852726474691234,0.8337476187048304,0.9350881337206509,0.894683930283135,0.9850206246132106,0.9040281425767572
01481500,0.785241465160654,0.7432853289299142,0.835370988191157,1.0701427396469971,1.0199984506372841,1.0795160612681534,0.9946133389284784
01483700,0.7640886833803332,0.8342154784663485,0.8256386540239509,1.043416736164703,1.0485685310467616,0.9887278768393258,1.0048939821158875
01495000,0.6924376511457105,0.7545078311579044,0.6947230087631062,1.0554837430286161,0.9994717022788215,0.9679759129691371,0.9232813280474041
01576500,0.823926789546204,0.7837238706040558,0.8428308555612766,0.9688813489343063,0.9015204356320723,0.9819321691907251,0.888674677413885
01576754,0.8063577768228295,0.7971111970423432,0.8085217928926609,1.0586133394867563,1.0261402375479212,1.0376060837903673,0.9806130546541849
01580000,0.613666905852448,0.7582569404396404,0.6872986182356953,1.0239917034455452,1.0164091399834243,0.8822267883794015,0.8974657087372567
01582000,0.5537854793979329,0.74990552947065,0.7533951401926094,0.9997494082383549,1.0408032895884651,0.8808042071390223,0.9280206714928781
01582500,0.5075635142883175,0.6768235796911952,0.6699014568305263,0.9800597051146471,0.9670664619877049,0.8629282968171961,0.8629522543154841
01583500,0.488173988364877,0.720248960100778,0.7022805976091562,0.978976721707639,1.0253714104224336,0.8080346007154634,0.8762304272095711
01487000,0.7554900765150124,0.8286365864059693,0.8558652251494459,0.8747653670386126,0.8707830036449852,0.8811478830934668,0.8848297067381408
01491000,0.7305678803206852,0.6554539534193677,0.7902121502512843,1.093940671689696,0.9318348958428665,1.1121988268574299,0.9296517089978886
01594440,0.6285033230723795,0.5654415297051716,0.6459395771417946,1.270889617992,1.3003934388997136,1.257425433152711,1.302318783169342
01669520,0.6786405205244056,0.659858384483602,0.8046682631764022,1.0814919077158847,1.1131069236365028,1.1424688140966404,1.139537478523519
02042500,0.5408513857792366,0.7046861235376651,0.691436278166286,0.9018261742634095,0.9098020710987117,0.8574761035183434,0.8857307313151777
02047000,0.582483826637983,0.766264556109563,0.664018584031308,0.9122449089585449,1.014114981545407,0.83243671147763,0.9006769709936252
02047500,0.8348815748366544,0.880711951164898,0.6878589059870608,0.9406009625580918,1.0269490861738508,0.9767119160512955,0.9590257570697645
02053200,0.7429872914886322,0.7683740966865295,0.7520698564329849,0.9589877266522486,0.9520232867676558,0.9667222449288163,0.8826690848641244
02053500,0.7110569638547042,0.6917345035623773,0.6698445668951578,0.9571462120094608,0.9995854671894593,1.0845767821016015,0.8959929825119461
02084557,0.31077543127814555,0.3243504230312877,0.4471611865730243,0.7057739740558538,0.7796859537604788,0.6210283860937563,0.6608984321169361
02089500,0.6645053114093822,0.8232978128696216,0.6750000234142067,0.9655546157813584,1.0932846661197142,0.9303974821044836,1.0680612512218262
02092500,0.8272723573424166,0.8429749770866498,0.8164596497429949,0.9811843546833192,1.006626620905093,1.018918122056545,0.9571982239589316
02093000,0.7478674791970181,0.6377818557126648,0.718663971869079,1.1740320381540092,1.233017106811789,1.254866232094376,1.204016413966845
02108000,0.9136838990211493,0.9045630737930934,0.8521785260474601,0.939352681118808,0.9328462414629323,1.0144748438923705,0.9640680975867324
14400000,0.7451179459261879,0.5239828693738615,0.7269438399266276,1.4786266708019429,1.441598042150691,1.4505278074443155,1.4234393303223223
11469000,0.7769805045616651,0.7333753757454304,0.8353441251955832,1.2075612867691445,1.0270076150072456,1.1325331702550014,1.1220607046585567
11477000,0.8972847890181869,0.8723501823266169,0.9286111374603109,1.0875241675881315,0.9562813077403902,1.0240604043806862,0.936837028753129
11478500,0.8276166433879615,0.7240653016405633,0.8621742182103143,1.0859915848426462,0.9535950763555521,1.20412892372902,1.047431986252441
11481000,0.8285005883998718,0.727148130318894,0.9138587961213412,1.0759686826801598,1.0307009372279061,1.1832119749842387,1.159241807902333
11482500,0.8413558103748587,0.7941513705064016,0.8897230569399904,1.0293068966737795,1.03146044365483,1.1052424229597908,1.1077570277264037
11528700,0.8592515908655534,0.8029386324129386,0.8638855528136822,1.026329767725258,0.98592198847233,1.1146472058551062,1.062459226928208
11530000,0.8727507554045617,0.9173150978208562,0.9179068387193855,0.9783538997088741,0.9711091987993671,0.9829677606309609,1.0552977770955994
11461000,0.7875714183145835,0.7258281130969537,0.7959137826694018,1.108050791953461,0.8881551006822556,1.0870593075704196,0.8816649416897379
11461500,0.751643562881088,0.7606329586635309,0.7586533668361363,1.1319019247146933,1.3870175708792292,1.050850132257308,1.1982572781021588
11462000,-0.07087609673479323,0.44273505237904953,0.036234684399421124,0.7648204565058853,1.4153500497241998,0.6769578504845183,1.1895312969834622
11468000,0.7246617159675177,0.6387014450162791,0.8376807207221489,1.050393681865309,0.9314718042320723,0.7815963870371778,0.7594942848039735
11468500,0.8540617918623802,0.8605615604688113,0.8335990313865254,0.9696044254815469,0.9647551476331088,0.8866633414905881,0.9017254679148762
11470500,0.6439085267811999,0.784864833573965,0.738153772300554,1.0595351866052556,1.3007398612017682,0.9141155029500312,1.072038507823885
11471500,0.6588196530088894,0.6730628270371809,0.7432689085198059,0.9938986804234211,0.9261435055964365,0.838064907657526,0.7820186341985249
11473900,0.7961831245764067,0.8370616489629431,0.8651090134531225,1.0531223884274676,0.9857404838649119,1.0049182347800585,0.9758323020839195
11475000,0.8810941762066418,0.8402837274003712,0.9078221424659283,1.112852862753847,0.951092532207796,1.0322143676047035,0.9159856166514802
11476500,0.8693954131678633,0.8829734756013295,0.9110720356488009,1.0934613054162718,1.0054118404697017,0.9215679370359815,0.9112563657182405
11480390,0.7627240205040072,0.7239700080814182,0.7136643650584726,0.8030293985860514,0.735583461644166,0.9821092164624907,0.8352255885043561
11480410,0.7482246519895817,0.6832382814493818,0.7620032577391764,1.0608006790415498,1.0106258948892248,1.1863987485209038,1.1241914903789334
11460600,0.7285840402008213,0.599258530940705,0.8079495151007278,1.0279024615796228,0.9105008719368649,1.3365799869274742,1.1977969656784062
11462500,0.8485958626250564,0.8980783068649276,0.8807057958168961,0.9719055143696705,0.9986031333434082,0.9623799076573822,0.9537884532870937
11463000,0.8705539814722034,0.8616340552223125,0.8964667632689128,1.0212789088869692,0.9654103840715409,0.949413440034751,0.8943366073711414
11464000,0.903573058927184,0.8766682354882026,0.9153750459131325,1.0632022190841175,0.9765533159691409,1.0480797776905142,0.9665587995212037
11465000,0.23179382189259856,0.5439117413683868,0.3676791968115255,0.9228097720534059,1.1964242079402465,0.7456619038357369,1.0878201348885723
11465200,0.5559572407725557,0.5758692165347983,0.60536690424534,1.2722902397075093,1.4026946579722075,1.0682292280845693,1.3234495932428902
11467000,0.895788910990982,0.844183314584121,0.8859600021368069,1.1880688079997845,1.10452591966043,1.0979464156511152,1.0254086445823105
11160500,0.844457618447243,0.9188081012027394,0.8343635243784311,0.9234805448222047,0.9099392200004134,0.9346352580161202,0.97945994006734
11161000,0.8447904517048541,0.7772520739628124,0.7899459425882728,1.172291736539929,0.9391411098096247,1.1446629857849138,1.0829787618874838
11162500,0.7248980473699902,0.7522957047728913,0.7824043595883551,0.9280952215580142,0.9093302514186109,0.876709539083208,0.8307763836129438
11164500,0.6900172782443005,0.7766951977084219,0.8310115423429119,0.9848706235172893,0.8770653808756965,0.8975341743066596,0.8806797624760999
11143000,0.8079967729388994,0.7416768149315458,0.8152768062910135,1.0994352666695146,1.2137187239034588,1.1120343244714193,1.2081959588345632
11143250,0.8429334321426764,0.9148081822598488,0.8997980028969342,0.9945039640608092,0.9863378901439682,0.9106365641648902,1.0258348284751733
01408120,0.7400620737029416,0.8621862774823699,0.8033988065157383,0.9769065458532472,1.020606012051862,0.9110280919147622,0.9511359365344304
01408500,0.7037330464143091,0.765595739074287,0.8556797384840631,0.9581371972237217,0.960500308292178,0.8385685449435314,0.8520633562988135
01464500,0.7628045274437512,0.7935101202173369,0.719102689018351,1.103242284108468,1.1035065020176569,0.9849906136776829,0.9367452953759677
01467000,0.6740669316374472,0.7352771753658685,0.8526349304101573,1.0496653814450008,1.0469252719134807,0.817055510676934,0.8185174504390018
01208925,-1.4190076616623823,-0.8150492013467652,-1.2788891662986637,0.4277090372429009,0.3760625945816697,0.4189035825322369,0.38452226151828245
01304500,-0.49051887264985705,0.4261354221762874,-0.024341863287631993,0.7271609636538086,0.7045086533373227,0.683637666730262,0.6631861548347849
01305000,-19.773594791255007,-0.558978831421854,-16.536021403025007,0.43642843206029686,0.4463551511300764,0.4256702168855625,0.42333426274654967
01308500,0.383459978771014,0.3617304656544972,0.550055967800055,0.9516633145122718,0.9168386727794937,0.8962874507324203,0.8506589003985067
01375000,0.7443012738188717,0.8609340904067406,0.8123796105092891,0.8251473731893282,0.8064748536801634,0.9000089112716189,1.0230860510374087
01378500,0.6113348161080996,-0.3230655541253884,0.6642002254022548,0.8205476115290037,0.4255291743001988,0.82488779349491,0.434160512329816
01379000,0.578238091944359,0.6772497321686248,0.6255382438403281,1.0222063419666063,1.022655720518147,0.9552468686359702,0.944828067774599
01379500,0.6692616225076435,0.7551398191807646,0.6861115716748627,1.0387603609602398,1.0559109825361424,0.9941744206607237,1.010485516164026
01381000,0.8490842654094161,0.8337398170840578,0.8707598141634596,0.9689145447416052,0.8955111758896491,1.0104942806392352,0.9280433914038884
01381900,0.7497424055311015,0.7535903677779079,0.7659428066353575,1.1360081985138417,1.1649556305510758,1.1040695606544835,1.1567962258347635
01383500,0.24735583249180437,0.33021646845197694,0.38625730021095894,0.6536697991235947,0.7503799616943166,0.6155923096936063,0.6859950060003142
01387400,0.8276386427926479,0.8463831202372781,0.8635548511918104,0.9938415158937958,0.9710337404118767,1.0233264060103355,0.9890181979135413
01387420,0.8227832337955513,0.7957171164744514,0.8525514416972173,1.0717679239009612,1.001482240976609,1.087149190199377,1.0270458965873308
01387500,0.7831737618590953,0.7144705474667281,0.7915597085434025,0.8087823287579261,0.8083461615447826,0.8491321275388217,0.788338227032287
01388000,0.8518522355111512,0.8269180656468912,0.8943895326418996,1.0244004874768489,0.9912814067142786,1.0743341783839615,1.039725895322795
01388500,0.8696956602940522,0.8369388353998617,0.9055384665510794,0.9627192823595375,0.920813689964292,1.0702139051817043,1.0068984846948936
01389500,0.7724766279248981,0.8809964394106535,0.777106721268744,0.87168969228017,0.921920180770896,0.9167590392356982,0.9631937618251801
01391500,0.7967267585325787,0.8256368376294771,0.8526033889027081,1.0590110944570459,1.057822991511282,1.0410085435223448,1.0965707100750757
01403060,0.8407517159446429,0.737819360001251,0.878847944780144,1.0545726937940505,0.937761721548931,1.1230975156303022,0.9382410965477112
01407500,0.7462456393034498,0.7641226163390487,0.7226680106674637,0.9997981678538984,1.0011052855836842,1.0508051265228464,1.124673010258761
01168500,0.7431858268198552,0.7644273696956478,0.8204960760772882,1.0149651828542403,0.9996942751483779,1.0142866473964904,0.9870032684352847
01169000,0.7129872414365921,0.7687990787261942,0.8687667651788855,1.0495582106012777,1.0260099947677834,1.011847840573242,1.0013533355975797
01170000,0.7570851446919471,0.8010616038487052,0.8503531808853559,1.0742651718848508,1.0717577967684022,1.0308575581998294,1.0368347741494957
01170500,0.8969005760136641,0.920010705385946,0.9251887242875757,0.9993687177538182,1.0360158335235683,1.0136692735923594,1.0204819847043032
01173500,0.8189735562859211,0.7704705854781249,0.8105817976301462,0.965933539470883,0.9892724705247704,1.1049297427183464,1.072144851938056
01176000,0.8656392320532714,0.8385119563895067,0.908996446602538,0.9993602725141086,1.024973135839669,1.0715509183417424,1.0638033988226667
01177000,0.8599931802800602,0.9196345331227308,0.8482743280457602,0.9567264878174677,1.0215326807101455,0.9928652115047483,1.0437040673272369
01181000,0.7383812894119023,0.7445574909441137,0.8649671106089468,1.0510697319986047,1.0029304013997542,1.0697867784885309,1.0230768949404763
01183500,0.7924443906247332,0.8967317397026174,0.7500163279841863,0.8804699639645797,1.004773378565383,0.94123659495961,1.0017382856634052
01184000,0.9116965306855929,0.9276026573068026,0.9382787825199215,1.022834786533991,1.0520925877798346,1.0132715296611137,1.0153257671697535
01185500,0.6206574052860345,0.6028952396550721,0.7034285695477521,0.9727745004938951,0.8112465434863064,0.8961209342543498,0.7994575555273905
01186000,-0.17473249592130768,0.4322334652759654,-0.07435094920439589,0.7551554937778182,0.8905957528665677,0.7512744792127457,0.862256617316428
01188090,0.778722538010183,0.8366762661909949,0.8213360714391493,0.9069466372494824,0.9098200027663801,0.9052739331959617,0.8924003034856752
01189995,0.8406293135399133,0.8890937710753691,0.8587852769951125,1.0026080483388864,1.0343623297313798,0.9868606423158249,0.9858352734015549
01192500,0.7663367758719534,0.7652751204289041,0.8126558010459579,0.9765577461692226,0.9844916024817071,1.0515175167143014,1.0260035919851376
01193500,0.7872284280382131,0.8674607993169035,0.8626667194982098,0.9471997568277588,1.0205529627516479,0.9195616950318921,0.930016679967264
01196500,0.7748822710232335,0.8724912055851319,0.8888246970063396,0.9827787325863758,1.056872091149442,0.8983227220114,0.9458065153372139
01197000,0.8002609136216909,0.8978583338437849,0.8583553809893385,0.9446408635298603,1.0009108477101791,0.9474767506010022,1.019681607052199
01197500,0.8576555226693591,0.8512089788291274,0.8798700414468527,1.064136192129316,1.0726636448917701,1.0524607056050324,1.0476636151426202
01199000,0.8661956213703037,0.9227520261254688,0.8802984597213142,0.9920885832966742,1.0392514532319002,0.9647421535776178,0.9728456031723206
01199050,0.7867163968801976,0.8509843183616778,0.7664229454611251,1.003930842172495,1.0309935712338394,0.9729667022173462,0.9678942305534161
01200500,0.9003349591272916,0.9136807284347369,0.9177650772495048,1.004711439739361,0.9895441979429533,0.9897666913956834,0.9710349202416306
01204000,0.784487343812551,0.8504639758886962,0.8365117535542728,1.0680542466174183,1.0412842381898137,0.9607567762444378,0.9511920988368459
01205500,0.8485857506948007,0.8894572711721938,0.8403619411509676,1.049327901498404,1.0523032116847393,1.0009541799496773,1.0028283530339939
01206900,0.5349232916120015,0.6273799008987322,0.4700162782999019,0.9954560364053445,1.0640155894873715,0.9793554437156923,0.9738583557197996
01208500,0.8024445369280218,0.8556476204241534,0.7771534288742797,1.0381278476519293,1.0709792030168368,0.9548976222839012,0.9380747948129805
01331500,0.8149180798852372,0.9066151309035193,0.8641319519983623,1.017845799713361,1.0605672671422668,0.9430935268699221,0.9848328313425421
01332500,0.7149177522631974,0.5761631653036847,0.8032878453241357,1.3162882185957234,1.3590773363407647,1.3427293243099767,1.3416939752236507
01333000,0.7528198767640892,0.7765798120179785,0.8695103962072295,1.0176226829074142,1.0447825218541476,1.0647974171103458,1.0984673326255285
01364500,0.6800828514359707,0.7069254795459148,0.711256213946023,0.9030375897523807,0.8006813930584692,1.0190841283571617,0.9254647672526649
01367500,0.8252454747115306,0.7753044915012358,0.9025603558676761,0.9044301580375653,0.9198816103139724,0.842464207993137,0.8434249004497494
01371500,0.8793950893301208,0.9152312311292214,0.882222471480279,0.9641712290427301,0.9606486020313085,0.9511132575080726,0.9455296155819359
01372500,0.8476534593033044,0.9077150964391254,0.8779826931566148,0.9946510435929623,1.0325500215698078,0.9613325824837996,0.9679446675043747
01098530,0.8250499512875094,0.8010570962211946,0.8404078634918685,0.9954295564627352,1.0048555714562561,1.0802727812844948,1.064590022110454
01103500,0.9127485004378791,0.9470295895567242,0.9269000125644508,1.0342568545409918,1.0673350675087963,0.9980267343356481,1.0141995040974212
01104200,0.8557427810964594,0.8422830443071102,0.8978241254588539,0.9317092733365788,1.0082010226047549,0.9014276808776205,0.9707840450867087
01109060,0.9089106903661622,0.8776581259852714,0.9201601907047517,1.0095206858077466,0.985138974538109,0.9947672701597668,0.9380452732543306
01109403,0.8763991390494094,0.8858855244627711,0.8871043884600567,0.9938940201233126,0.9871377862960508,1.003486346475368,0.9779770745113533
01111500,0.8933659207412971,0.9430780310031114,0.8978764504734882,1.0060866085163207,1.0582660816540452,0.9513120525011186,0.9912885061415214
01116000,0.8221425454056293,0.9105022654811034,0.7549637735939035,0.9606919191658316,1.0150651219113611,0.9602723463228537,1.0025705310069521
01116500,0.8470330762498332,0.8654635433554033,0.8330500659470124,0.9854258124902888,0.9860955594323197,0.9898261348180933,0.9576106368590521
01117500,0.872621884812177,0.886378253440252,0.9098014401372297,0.9994134352749702,1.011525497561999,0.9272748682425883,0.9816358795824391
01117800,-0.36938514114834753,-0.07201724901470374,-0.11656496658036697,0.5953142768620157,0.5995781322740145,0.5559522512279064,0.567493825822984
01118000,0.9008818777370321,0.9243155909082268,0.9050871015333561,1.0242907980547715,1.0195424504083368,1.0042429302294555,1.0031298397965596
01118500,0.9019522185599089,0.8746317026283079,0.9084209048653434,1.0861541711381248,1.072813193827238,1.0667239119408474,1.0813797013894175
01119500,0.8277973238855036,0.8588297409607755,0.8827721115164291,1.0029460133957606,1.01700148310656,1.0148516782513335,1.007754556259798
01122500,0.8365409604840984,0.8893238050500638,0.8289965074192964,0.9286932300855155,1.0035490846983943,1.0053347984574457,1.0467471836925395
01124000,0.8599196571930949,0.8651452320596444,0.8205746899378069,1.0062828637798145,1.0140617914587764,1.027656871974421,1.009439851684063
01127000,0.9210820209379976,0.953538122658649,0.9053628933963893,0.987510485429441,1.0341549775526888,0.9945414892087008,1.0238529391380544
01127500,0.7946473290060294,0.8000124747560948,0.8713643493587928,1.1211445006036271,1.071460055403894,1.0630333640337903,1.0662839935134465
01172500,0.466368560303944,0.6311940514001354,0.5277484565094916,0.9840142342179603,1.0873412909299511,0.9398023034277885,1.0148378815479802
01173000,0.740019422967113,0.8161185778705361,0.7968372065878098,1.0481977519032424,1.070485975817821,0.994971031471796,1.0101600132720612
01076500,0.8223929125119306,0.9017876992703414,0.8861350294736995,0.9991493952480267,0.9873687818562265,0.9538509475806801,0.9795822825304317
01078000,0.8614522628516702,0.9018187033488958,0.9009150322431027,1.0017257066249272,1.0348535009895103,0.9150424459824937,0.9397680497732233
01144000,0.8140042836051933,0.8629244497922053,0.8569639162875498,1.007529538921113,1.0027094110643895,1.0015773384795048,1.0058707610291509
01151500,0.7305952275779181,0.7796150728757395,0.6418890125167025,0.9671851793031656,0.9616990693758259,1.0131151534911793,1.0006073262359512
01152500,0.8485131112545307,0.9087534607111419,0.8673391887677993,1.0089987632396817,1.0607334697744695,0.9677714160952614,0.9763731721066838
01153550,0.7768733195606757,0.8452669221697597,0.8053452461502046,1.1144516095742911,1.010338975808099,0.9646488622887759,0.956710594393937
01154500,0.8769328773155876,0.8985738390710252,0.9141431866147524,1.0100517502125466,1.0452392825407593,1.0207125734814306,1.0270799900485876
01161000,0.8337363788175302,0.9055270191168513,0.849357060057876,0.999846891168624,1.0312491994307873,0.9710984384524886,0.990478060683635
01162000,0.5248838631185153,0.5717801508371544,0.593218812160758,0.7293579408615278,0.7557866674741116,0.7221747117623245,0.755460269282596
01162500,0.22918865170674252,0.22109536747909675,0.12991049099933494,0.579829944795416,0.5894278350947288,0.6124976928879062,0.6198931326145853
01327750,0.6682195063348251,0.8023674472589413,0.7348454381045362,0.897122167767338,0.956729108670016,0.9201376870706851,1.0075901486500694
01331095,0.7409589456678641,0.8261178298664758,0.8078392309908764,0.9042273894497372,0.9636739995654492,0.918576422393676,0.9902469208959044
01334000,0.7722295214635846,0.8736048732446245,0.8380979975716916,0.928632719078716,1.0059149652215493,0.9164650103623649,0.9449242837779387
01334500,0.8501112101522068,0.8342587544524376,0.8656805480156381,1.1555962429028077,1.1266043370912895,1.0701126836799308,1.0742902352186656
04280000,0.712538105332207,0.8370761531726942,0.7302873349133161,1.106592384205741,1.1448857601252476,0.9502261719000905,1.0295944931444565
04282000,0.7519781322391035,0.8759872551798844,0.8569614896148331,0.9244017057014893,0.9780406618128458,0.9214261125270808,0.9951333193219359
04282500,0.5591732343271316,0.7790401866926713,0.6205585607606812,0.8542619337478923,0.9542686790092334,0.8786279409549395,0.9885562929381672
01129200,0.4121243178228152,0.4416339762018521,0.20360263989390914,0.8548218842958872,0.8663580648979466,0.9063773620656486,0.8657332756657802
01134500,0.7195318858576503,0.8527969968490607,0.7404445885818833,0.933492251583248,1.0222319609455357,0.8884277650782727,1.0349524314861949
01135500,0.8316635658489837,0.8258893125841841,0.8208771282576042,1.106909222302257,1.1493431363066569,1.0718951133413843,1.1418530566292848
01137500,0.6458956770351809,0.8224645461142439,0.6945762620058227,0.8551457807913925,0.9406598061203925,0.8579945677684826,1.0107662191885158
01139000,0.8163622700226412,0.869193160467885,0.8215612706989381,0.9834425906920845,1.0145096595974303,0.9971376349741149,1.0033765698421613
04285500,0.739629985242994,0.8248859098186071,0.7478002328744029,1.02016127240827,1.0221339871434674,0.991650636096432,1.040033172437585
04286000,0.8351450991527875,0.9178298926388744,0.878798176739394,0.9798727039512314,1.0123745050548993,0.9506788107162911,0.9980439974503571
04287000,0.783738961339788,0.8868872043444089,0.8258984696871126,0.9932902502029951,1.0382299041500773,0.9391349341846842,0.9904889403892951
04288000,0.7635126303136419,0.8567505320923888,0.8389034444282125,1.0317421978399257,1.0035076883940497,0.9059897118379756,0.9250879868992906
04289000,0.5167430731718414,0.501408301650585,0.3714927744857318,0.9746701819704477,0.983464125915913,1.082775760273166,1.0205790729680433
04292000,0.7865211354840503,0.8438668665592559,0.8118967685223075,1.0056652688463819,0.9858858718588334,1.0108219581793503,1.0404904357362987
04292500,0.8111461879835832,0.8813591164658718,0.8304374767272201,0.9888671545256097,0.9768053877730543,0.9588836996440381,0.9632234621085268
04296000,0.783255927397903,0.8427720169747749,0.8694786463489419,0.973781028028958,1.0036017684438823,1.013562845184936,1.0926076617407081
04296500,0.8432358989744522,0.8664554507927954,0.832254512047633,0.9448329109131892,0.9789959884697219,1.038690213835243,1.0544153733872248
01073500,0.8866965736646067,0.8622144278085848,0.8740861524504497,1.000530435626754,0.9863914148171786,0.940689274640302,0.8896833347450124
01081000,0.7155469794629014,0.8168254033541174,0.7181911397496925,1.0678067770612494,1.0949115492317403,0.9985527662660767,1.0288112555147504
01089100,0.7661410512008903,0.8255532595957487,0.7655166064147971,0.9203284462186314,0.9292855897001592,0.9905880400998146,0.9834304325468782
01092000,0.9099001577726327,0.9444086897075867,0.8961160216243867,0.9936812901829777,1.0351933522261465,1.000253214505191,1.0296899461537914
01094400,0.8390238167382655,0.8325886086584974,0.9017958963115453,1.0028253183674944,1.0547797579221712,1.0599852476356777,1.0535668115286023
01094500,0.7994290309301906,0.6717940138055125,0.8821689609288169,1.1257793435332553,1.1776750565246519,1.2384958462138003,1.231772900523564
01096000,0.8677339709727301,0.7973396349493128,0.8866295159945866,1.0436810137546948,1.0798251733266568,1.1213180110413747,1.1098322741656497
01096500,0.8369649477213619,0.8457055460359465,0.8842466073022583,0.9788463007909787,1.0522908150379704,1.051055365107837,1.1252614903986349
01097000,0.8036422658813828,0.6488192449283915,0.889004350255119,1.0128919352619807,1.0307373469977648,1.2775386887340998,1.2311249323225693
01099500,0.8601352200030453,0.7673478661719502,0.8919038247745444,1.0223546702139528,1.085808091882001,1.1644570651662298,1.1866120926726254
01100000,0.9252505643627897,0.9068038922127174,0.9186940692548021,1.0496942847602646,1.0996860844626786,1.0478177480381803,1.0713904476696432
01101500,0.8037429035536656,0.8273515605467792,0.8431774912317453,0.9831633953907015,1.0737006416997372,1.0143403964334983,1.1604550300541194
01102000,0.8115084663336058,0.5892971470347896,0.8800466396220803,1.2514083676930263,1.2326166582520401,1.3879993847280228,1.331163607036241
01104500,0.8758519970758601,0.8780722843151065,0.9167482282507743,0.9589353039765726,1.0117706258608767,0.9268793538013106,0.9943973844914413
01038000,0.7740669477314979,0.8551756941643823,0.8694495553152626,1.014247693183663,1.087389909558818,0.9603813981363011,1.1044351566615775
01047000,0.7923928631049026,0.8801266924858056,0.8613328688864414,1.004932858430763,1.035591345542042,0.9633057593663392,1.0276811726744401
01048000,0.7949722215850596,0.846946348376829,0.873955368860346,0.9795571928524426,0.9810717017117009,1.0070259650066518,1.029968914653436
01049000,0.8137834799120762,0.8874316464735134,0.885070521610116,0.9943743618212281,1.0320302065369755,0.9820986220213709,1.033608637545868
01049500,0.7689147917593605,0.8848240682776775,0.8028790391892698,0.940787789178437,0.9811996987785713,0.9297763460315959,0.9965242339763406
01052500,0.8306007824925385,0.8182795488481982,0.8303538338225223,0.9624357386945641,0.9321258374690785,1.065121824361309,1.023767195454609
01053500,0.5277878133421692,0.5825520316538575,0.17768407114482,0.8360897918822983,0.8486095695900491,0.938501846805863,0.9169619212497124
01054000,0.7306855559037347,0.7661542432234141,0.6890917804196717,0.8955931892815074,0.9055692071881712,0.9649478684943251,0.9430250382828772
01054200,0.6856697048423375,0.7417172326221275,0.7340986113329945,1.077304390149622,0.9962033377567211,1.0090896542342982,0.9752485578996603
01054500,0.8197998289629422,0.8868438851223355,0.8791812122226312,0.9596063392300741,0.9500689300622043,0.9787398617081778,0.9868406242924616
01055000,0.7104710934119323,0.7708638020971569,0.8091619915843444,1.0834788706576806,1.0436839452719564,1.017513298590018,1.0487517329266176
01057000,0.7776426827752815,0.8523063128204413,0.8887285804218071,1.0282975684522482,1.066464175737234,0.8625531164835871,0.9319587876082225
01059000,0.860749448561523,0.9289952025488142,0.9085745608282499,0.9853811631593514,0.9910316512754378,0.9733061122996811,1.0015175000918768
01064500,0.7763517384289478,0.8779446712624177,0.8195844025639125,1.0088367313628352,1.0423170276134417,0.9507831296141204,1.0441492059013824
01066000,0.7107715813987792,0.8425325662040413,0.7228377055494788,0.9099366539463494,1.0313578200135893,0.9071110020079762,1.01715837899826
01031500,0.8427524093108998,0.8985110285126048,0.8939713408126673,1.0129591378305887,1.0080049306332906,0.9822937721422471,0.9948604018794881
01042500,0.30918109970921903,0.5581780562612296,0.46318980977620916,0.8876566447203228,0.8732011761752989,0.8617462787584717,0.8868584471610752
01046500,0.5665121355387304,0.7261220317089083,0.7117624860083308,0.8931802319995313,0.8597293881794271,0.8682682499590145,0.8696232171889092
01011000,0.8778903465302602,0.8600324473242138,0.8992756780851385,0.9229886337461439,0.9539533934034371,0.8913799284886061,0.9015467251360757
01013500,0.910484659324802,0.928199141959782,0.924593667495782,1.0167846388018333,1.01949706976583,1.0100995206332604,1.0116582366979048
01019000,0.141884139096634,0.2711865137086039,0.18034639567571675,0.8444555535130004,0.8485338361036648,0.8515476276915341,0.8614879124980738
01022500,0.8429867857306945,0.9199671197878678,0.841547471366723,0.9037011931155587,0.9453744183935127,0.9402759850711491,0.9860927160195021
01030500,0.9137448998012019,0.9387510432566359,0.9140324439735398,0.9758196074445386,0.9872345126450184,1.0015841519308895,1.007231459659174
01034000,0.8565849742782177,0.8981540006843439,0.9039472945565249,0.9537074524055426,0.9255641326593423,0.9783951902087722,0.9669612852542026
01034500,0.8849509231638641,0.9031604929845545,0.9185191609380142,0.9595595827246247,0.9830727071833378,0.9238291700536339,0.9524006134277029
01015800,0.9020623592795397,0.8983360238169307,0.9036286048118622,0.9479059824991545,0.9441808747019843,0.9395797580245855,0.9173058732554089
01017000,0.9106552666808849,0.9330637751469343,0.8925366301976292,0.9998136312100911,1.0252702590936167,0.9609976383466123,0.9532914272131465
