STAID,STANAME,DRAIN_SQKM,LAT_GAGE,LNG_GAGE,COMID,COMID_DRAIN_SQKM,COMID_UNITAREA_SQKM,ABS_DIFF,DA_VALID,FLOW_SCALE
14190500,"LUCKIAMUTE RIVER NEAR SUVER, OR",603.4942,44.783175,-123.234543,78022248,659.0194570316622,57.94836462236595,55.52525703166225,True,0.0418149434672479
14301500,"WILSON RIVER NEAR TILLAMOOK, OR",417.5676,45.47594,-123.725121,78020313,420.7991439855326,80.03127931791268,3.2315439855325963,True,0.9596214878348284
14305500,"SILETZ RIVER AT SILETZ, OR",526.3299,44.715117,-123.887335,78022282,600.3106671772293,99.07668469967469,73.98076717722938,True,0.2532979136162769
14150000,"MIDDLE FORK WILLAMETTE RIVER NEAR DEXTER, OREG.",2605.191,43.945681,-122.837297,78024498,2602.778281610831,84.68204134928327,2.412718389168731,True,1.0
14152000,"MIDDLE FORK WILLAMETTE RIVER AT JASPER, OR",3491.435,43.998182,-122.905913,78021764,3533.8734674694206,51.89020467879293,42.43846746942063,True,0.1821487748579867
14153500,"COAST FORK WILLAMETTE R BLW COTTAGE GROVE DAM, OR",274.9752,43.720678,-123.049799,78024815,300.47998163381874,36.82713320425378,25.50478163381877,True,0.3074459124373874
14154500,"ROW RIVER ABOVE PITCHER CREEK NEAR, DORENA, OREG",546.8105,43.735957,-122.873402,78024741,570.1548241883974,56.86720117358138,23.34432418839731,True,0.5894940544525636
14155500,"ROW RIVER NEAR COTTAGE GROVE, OR",696.4029,43.792901,-122.991466,78024645,707.5818840373033,32.29224254900535,11.17898403730328,True,0.6538182809590097
14157500,"COAST FORK WILLAMETTE RIVER NEAR GOSHEN, OR",1663.972,43.980403,-122.96647,78022043,1702.476415203187,56.419742557253954,38.50441520318668,True,0.3175364959506338
14169000,"LONG TOM RIVER NEAR ALVADORE,OREG.",660.5496,44.123457,-123.299817,78021753,708.539260054638,56.07738624116122,47.989660054637966,True,0.144224378642434
14170000,"LONG TOM RIVER AT MONROE, OR",1021.562,44.3129,-123.296486,78021751,925.4447991310308,67.61292987940399,96.11720086896923,True,1.0
14306500,"ALSEA RIVER NEAR TIDEWATER, OR",857.1636,44.385954,-123.831778,78022217,861.2233971267923,32.24373856994118,4.059797126792319,True,0.8740903720582509
14308000,"SOUTH UMPQUA RIVER AT TILLER,OR",1167.245,42.930399,-122.948387,78026598,1166.316378467586,41.536864812656496,0.9286215324138992,True,1.0
14309500,"WEST FORK COW CREEK NEAR GLENDALE, OR",224.9208,42.804004,-123.610907,78027180,227.4534480637693,84.34603927098804,2.532648063769301,True,0.969973123982356
14316700,"STEAMBOAT CREEK NEAR GLIDE, OR",587.8989,43.349842,-122.728942,78024750,588.1093307708337,0.487933520592361,0.2104307708336819,True,0.5687306529417886
14325000,"SOUTH FORK COQUILLE RIVER AT POWERS, OR",443.0745,42.891499,-124.070652,78026936,564.2829783695756,125.85312787077022,121.20847836957564,True,0.0369053163777054
14339000,"ROGUE RIVER AT DODGE BRIDGE, NEAR EAGLE POINT, OR",3154.809,42.524847,-122.84282,78026709,3208.852118180708,59.22554894205815,54.04311818070801,True,0.0875032963632003
14359000,"ROGUE RIVER AT RAYGOLD NEAR CENTRAL POINT, OR",5310.432,42.437346,-122.987268,78026699,5334.373325803384,33.89263794617697,23.941325803383734,True,0.2936127945719765
14362000,"APPLEGATE RIVER NEAR COPPER, OR",580.1787,42.063736,-123.111436,78026526,619.6892045622549,55.66034007787832,39.51050456225482,True,0.2901497815684762
14366000,"APPLEGATE RIVER NEAR APPLEGATE, OR",1252.84,42.241511,-123.140048,78026518,1257.0029082747803,56.8781561479506,4.1629082747804205,True,0.9268100698631664
14369500,"APPLEGATE RIVER NEAR WILDERVILLE, OR",1809.661,42.354006,-123.406728,78026512,1828.9233331530857,70.70678224332738,19.262333153085592,True,0.7275744625629122
14377100,"ILLINOIS RIVER NEAR KERBY, OR",985.3694,42.231779,-123.66368,78026603,992.3567134607912,8.468327182676774,6.987313460791256,True,0.1748885807004661
11367500,MCCLOUD R NR MCCLOUD CA,944.0208,41.188213,-122.065557,77001508,949.5153073055172,2.005858028411548,5.494507305517232,True,1.0
11367800,MCCLOUD R A AH-DI-NA NR MCCLOUD CA,1112.567,41.110712,-122.096113,77001410,1159.905661093978,56.85772747681647,47.33866109397786,True,0.1674190440819143
11519500,SCOTT R NR FORT JONES CA,1713.614,41.64069,-123.015037,77001336,1764.9573200629984,97.69684605357784,51.34332006299837,True,0.4744628702257059
11522500,SALMON R A SOMES BAR CA,1943.12,41.377627,-123.477558,77001322,1945.6095604434656,41.58390373549975,2.4895604434657344,True,0.9401316321983396
11523200,TRINITY R AB COFFEE C NR TRINITY CTR CA,382.9356,41.111257,-122.705579,77002057,410.9623714340107,61.10349283437539,28.026771434010698,True,0.5413229238796723
11525500,TRINITY R A LEWISTON CA,1861.691,40.719312,-122.803634,77005963,1906.2603598781088,114.5736767544238,44.5693598781088,True,0.6109982577094181
11527000,TRINITY R NR BURNT RANCH CA,3727.024,40.78875,-123.44004,77005872,3805.449678278361,166.94139366173872,78.42567827836137,True,0.5302202973262002
11374000,COW C NR MILLVILLE CA,1096.202,40.505152,-122.233335,77006919,1112.1751359562918,49.85319836354544,15.9731359562918,True,0.6795965659051483
11379500,ELDER C NR PASKENTA CA,239.7195,40.024598,-122.509724,77007841,350.5903359612187,135.37152492301286,110.87083596121872,True,0.1809884979557401
11383500,DEER C NR VINA CA,539.7753,40.014047,-121.948318,77007921,574.5423933407695,389.581551197425,34.76709334076952,True,0.9107578548473132
11390000,BUTTE C NR CHICO CA,383.3298,39.725995,-121.708864,77006884,404.7957071629035,22.19104533088939,21.46590716290353,True,0.0326770621741051
11396200,SF FEATHER R BL FORBESTOWN DAM CA,226.5903,39.551277,-121.209405,77007430,278.10972156540174,55.4416724048828,51.51942156540173,True,0.0707455361526148
11407000,FEATHER R A OROVILLE CA,9380.393,39.521553,-121.547748,77006280,9414.281675886366,93.1477729268654,33.8886758863664,True,0.6361837237593007
11319500,MOKELUMNE R NR MOKELUMNE HILL CA,1419.016,38.312693,-120.720211,77014215,1725.388317095537,357.381510677712,306.372317095537,True,0.1427303653326802
11323500,MOKELUMNE R BL CAMANCHE DAM CA,1626.486,38.220473,-121.039665,77014215,1725.388317095537,357.381510677712,98.902317095537,True,0.7232584391173849
11417500,S YUBA R A JONES BAR NR GRASS VALLEY CA,820.4211,39.292115,-121.104675,77006646,824.3252917834966,36.948461649377776,3.904191783496572,True,0.8943341181414972
11421000,YUBA R NR MARYSVILLE CA,3474.873,39.175725,-121.524965,77006382,3496.3817352152228,62.414123823011856,21.508735215222718,True,0.6553867314357376
11424000,BEAR R NR WHEATLAND CA,756.6912,39.000173,-121.406902,77013878,757.3889257291344,30.709958273219197,0.6977257291343903,True,0.9772801472757828
11427000,NF AMERICAN R A NORTH FORK DAM CA,883.0899,38.936009,-121.023833,77013879,906.290969578784,79.81385575134388,23.20106957878409,True,0.7093102524570938
11446500,AMERICAN R A FAIR OAKS CA,4984.418,38.63546,-121.227726,77013378,5007.163978824436,99.07076535544084,22.74597882443595,True,0.7704067517513453
11451000,CACHE C NR LOWER LAKE CA,1364.252,38.924065,-122.565815,77013504,1401.709960592268,48.92440394599878,37.45796059226814,True,0.2343706295612092
11451100,NF CACHE C A HOUGH SPRING NR CLEARLAKE OAKS CA,155.0943,39.165446,-122.619986,77008153,155.9922907003306,5.37742403894006,0.8979907003306096,True,0.8330072737749705
11452500,CACHE C A YOLO CA,3011.422,38.725182,-121.807187,77013482,2972.156727611386,24.738465424363103,39.265272388614,True,1.0
11454000,PUTAH C NR WINTERS CA,1491.096,38.515185,-122.081916,77014336,1521.6239197238724,86.72733094357322,30.5279197238724,True,0.6480011618974582
11152600,GABILAN C NR SALINAS CA,94.8186,36.755792,-121.610501,77023595,111.87106888341276,39.759303577678274,17.052468883412757,True,0.5711074553884696
11160000,SOQUEL C A SOQUEL CA,104.373,36.991339,-121.955793,77021381,110.69413122489344,28.632924074298128,6.321131224893435,True,0.7792355678207699
11176400,ARROYO VALLE BL LANG CN NR LIVERMORE CA,338.5611,37.561322,-121.683839,77015290,442.6599607907396,203.35683804603585,104.0988607907396,True,0.4880975639128804
11176500,ARROYO VALLE NR LIVERMORE CA,381.6288,37.623265,-121.758842,77015290,442.6599607907396,203.35683804603585,61.03116079073959,True,0.6998814429986201
11274500,ORESTIMBA C NR NEWMAN CA,347.7503,37.315492,-121.125208,77015587,367.6851697890245,138.1055364410806,19.934869789024503,True,0.8556548107864652
11274630,DEL PUERTO C NR PATTERSON CA,187.4375,37.486599,-121.209103,77016623,193.33983027106265,109.88060680409784,5.902330271062624,True,0.9462841492895496
11302000,STANISLAUS R BL GOODWIN DAM NR KNIGHTS FERRY CA,2539.589,37.851594,-120.637982,77014099,2564.237753915344,37.91268803437456,24.64875391534406,True,0.3498547532953717
11303000,STANISLAUS R A RIPON CA,2864.942,37.729651,-121.110493,77014027,2856.4700465249616,154.0741077103994,8.47195347503839,True,1.0
11149400,NACIMIENTO R BL NACIMIENTO DAM NR BRADLEY CA,851.3712,35.761357,-120.855458,77021829,858.8171562145748,50.0217879471456,7.445956214574721,True,0.8511457402833676
11149900,SAN ANTONIO R NR LOCKWOOD CA,556.416,35.896634,-121.088249,77022138,559.3069843767536,38.03117928337182,2.890984376753522,True,0.923983835599399
11151300,SAN LORENZO C BL BITTERWATER C NR KING CITY CA,608.2281,36.268021,-121.066303,77021942,620.2682094048512,20.123137000499803,12.040109404851137,True,0.4016783066898519
11152000,ARROYO SECO NR SOLEDAD CA,625.1184,36.280521,-121.322706,77022198,631.3056895044967,15.140129402495266,6.187289504496789,True,0.5913317951247462
11156500,SAN BENITO R NR WILLOW CREEK SCHOOL CA,644.2884,36.609406,-121.20298,77021719,666.0172295915752,36.14391200910903,21.728829591575163,True,0.3988246323170818
11224500,LOS GATOS C AB NUNEZ CYN NR COALINGA CA,247.4352,36.214677,-120.470712,77022949,363.0616909410888,123.90817424983877,115.62649094108878,True,0.0668372636340476
11253310,CANTUA C NR CANTUA CREEK CA,120.4371,36.402174,-120.433492,77023755,140.28543502372816,68.11731172432243,19.848335023728158,True,0.7086154088984552
11123000,SANTA YNEZ R BL GIBRALTAR DAM NR SNTA BRB C CA,560.1186,34.524439,-119.687358,77028613,651.3412180445065,130.37287728262152,91.22261804450648,True,0.3002945095186121
11123500,SANTA YNEZ R BL LOS LAURLS CYN NR SNTA YNEZ CA,718.1226,34.543604,-119.864863,77028235,735.8453293790297,54.72036611609796,17.722729379029715,True,0.6761218786177686
11124500,SANTA CRUZ C NR SANTA YNEZ CA,191.5227,34.596656,-119.908752,77029603,199.8759446725357,114.01839164404343,8.353244672535709,True,0.9267377433404438
11132500,SALSIPUEDES C NR LOMPOC CA,122.0877,34.588596,-120.408494,77029168,134.57963907033195,16.6133677015588,12.491939070331952,True,0.2480790593011519
11133000,SANTA YNEZ R A NARROWS NR LOMPOC CA,2043.808,34.637761,-120.426551,77027849,2052.421071190215,10.757659189371884,8.613071190215123,True,0.1993545214069919
11136800,CUYAMA R BL BUCKHORN CYN NR SANTA MARIA CA,2277.98,35.021921,-120.228487,77021101,2354.754781706976,95.3100055068372,76.77478170697577,True,0.194473011530062
11140000,SISQUOC R NR GAREY,1220.496,34.893868,-120.306546,77028062,1227.125506328926,17.888486062309184,6.6295063289258,True,0.6293981331995396
12039500,"QUINAULT RIVER AT QUINAULT LAKE, WA",688.1678,47.457586,-123.889345,78015953,720.3969095509758,139.93069043070048,32.22910955097575,True,0.7696780495274055
12040500,"QUEETS RIVER NEAR CLEARWATER, WA",1153.437,47.537859,-124.315746,78015882,1164.608692445084,27.725446081033727,11.17169244508409,True,0.5970599566754541
12041200,"HOH RIVER AT US HIGHWAY 101 NEAR FORKS, WA",655.7967,47.806747,-124.251033,78015888,775.4324381181308,137.07074035818266,119.6357381181308,True,0.1271971114658902
12043000,"CALAWAH RIVER NEAR FORKS, WA",337.185,47.960077,-124.392987,78015753,346.2330226291735,32.741930712659645,9.048022629173488,True,0.72365641145056
12048000,"DUNGENESS RIVER NEAR SEQUIM, WA",405.0063,48.014258,-123.132677,78014055,405.30060085961503,23.32678205236305,0.2943008596150207,True,0.9873835637099714
12010000,"NASELLE RIVER NEAR NASELLE, WA",142.182,46.373994,-123.743482,78018499,149.87898900542714,48.39774245226079,7.696989005427156,True,0.8409638835319765
12013500,"WILLAPA RIVER NEAR WILLAPA, WA",337.6854,46.650934,-123.652658,78018157,366.039438756226,30.04544181028061,28.35403875622597,True,0.0562948305015735
12020000,"CHEHALIS RIVER NEAR DOTY, WA",294.2235,46.617324,-123.277644,78018208,298.01009475512785,59.88799888007766,3.786594755127851,True,0.9367720607477588
12025000,"NEWAUKUM RIVER NEAR CHEHALIS, WA",404.9037,46.620104,-122.945126,78018087,423.05604032279297,65.12701717513076,18.152340322792952,True,0.7212778795936541
12026400,"SKOOKUMCHUCK RIVER NEAR BUCODA, WA",298.7541,46.772046,-122.924298,78018080,302.0827386745813,43.39026254554286,3.3286386745813275,True,0.9232860443956163
12036000,"WYNOOCHEE RIVER ABOVE SAVE CREEK NEAR ABERDEEN, WA",190.7046,47.298978,-123.653223,78016157,238.60291445984188,101.42253788480804,47.898314459841885,True,0.5277350038879621
12082500,"NISQUALLY RIVER NEAR NATIONAL, WA",349.9983,46.752608,-122.083719,78018169,380.12801573485154,51.84695245426342,30.129715734851573,True,0.4188720009834642
12086500,"NISQUALLY RIVER AT LA GRANDE, WA",760.1563,46.843437,-122.33067,78018009,769.6469268362638,28.74906566560817,9.4906268362638,True,0.6698805120607028
12089500,"NISQUALLY RIVER AT MCKENNA, WA",1366.257,46.933432,-122.560956,78017957,1360.619980502968,126.5728539259931,5.637019497032043,True,1.0
12092000,"PUYALLUP RIVER NEAR ELECTRON, WA",240.8814,46.903716,-122.035109,78015646,345.273461348569,113.6187295648525,104.392061348569,True,0.0812072820354588
12093500,"PUYALLUP RIVER NEAR ORTING, WA",438.0876,47.039269,-122.207893,78015643,470.1267636172221,48.158996270919545,32.03916361722207,True,0.3347211092817421
12101500,"PUYALLUP RIVER AT PUYALLUP, WA",2448.765,47.208434,-122.327065,78015559,2430.510830337859,30.59825443452828,18.254169662141067,True,1.0
12113000,"GREEN RIVER NEAR AUBURN, WA",1066.557,47.312323,-122.204008,78015850,1098.5907166463342,27.27911304803261,32.03371664633414,True,1.0
14236200,"TILTON RIVER AB BEAR CANYON CREEK NEAR CINEBAR, WA",360.9936,46.595384,-122.459556,78018213,387.6332053647342,66.17867707170866,26.63960536473417,True,0.5974593850543655
14238000,"COWLITZ RIVER BELOW MAYFIELD DAM, WA",3594.313,46.510385,-122.616224,78017902,3600.711870384513,8.786335928881433,6.398870384512975,True,0.2717248195030486
14120000,"HOOD RIVER AT TUCKER BRIDGE, NEAR HOOD RIVER, OR",721.8369,45.655396,-121.548407,78020272,723.1671714731848,49.16761746684461,1.33027147318478,True,0.972944154268166
14137000,"SANDY RIVER NEAR MARMOT, OR",674.2395,45.399564,-122.137307,78020238,712.0438459764209,94.84726303882992,37.804345976420905,True,0.6014186939591074
14138850,"BULL RUN RIVER NEAR MULTNOMAH FALLS, OR",124.4574,45.498174,-122.012305,78020663,217.87194564247875,148.02075968281522,93.41454564247874,True,0.3689091594810677
14140000,"BULL RUN RIVER NEAR BULL RUN, OR",278.091,45.437342,-122.178975,78020325,283.81588613511786,23.978205893342363,5.724886135117856,True,0.7612462683579094
14140001,"BULL RUN RIVER NEAR BULL RUN, OR",278.0101,45.437342,-122.179531,78020325,283.81588613511786,23.978205893342363,5.805786135117842,True,0.7578723712298325
14203500,"TUALATIN RIVER NEAR DILLEY, OR",324.7677,45.474837,-123.124274,78020306,353.07170163490235,35.02806884030715,28.304001634902363,True,0.1919622584978859
14208700,"OAK GROVE FORK NEAR GOVERNMENT CAMP, OREG.",141.3036,45.11373,-121.815078,78020581,155.8272725007775,42.00123116007807,14.523672500777508,True,0.6542084100957932
14209000,"OAK GROVE FORK ABOVE POWERPLANT INTAKE, OR.",321.0075,45.071232,-121.940635,78020342,368.5560206176063,57.73085106335505,47.5485206176063,True,0.1763758936201103
14210000,"CLACKAMAS RIVER AT ESTACADA, OR",1763.227,45.299843,-122.353975,78019938,1779.414816246814,56.60226696730032,16.18781624681378,True,0.7140076340729313
14216500,"MUDDY CREEK BELOW CLEAR CREEK NEAR COUGAR, WA",349.524,46.075669,-121.998698,78018257,347.69338295793875,15.596327297475884,1.8306170420612489,True,1.0
14220500,"LEWIS RIVER AT ARIEL, WA",1898.358,45.951779,-122.56399,78019905,1909.77600603268,113.3371220908882,11.418006032680069,True,0.899256255831839
14222500,"EAST FORK LEWIS RIVER NEAR HEISSON, WA",323.8893,45.836781,-122.466208,78020358,349.4974018737796,42.54760730843552,25.608101873779617,True,0.3981306237001361
14096850,"BEAVER CREEK, BLW QUARTZ CR, NR SIMNASHO, OR.",374.6232,44.958727,-121.394229,78021828,430.7899178106463,55.95262797663885,56.16671781064628,True,1.0
14145500,"M F WILLAMETTE R AB SALT CR., NR OAKRIDGE, OREG",1016.985,43.722068,-122.438659,78024606,1019.866341597584,8.518971954784952,2.8813415975840826,True,0.6617735552039603
14148000,"MF WILLAMETTE RIVER BLW N FORK, NR OAKRIDGE, OR.",2409.197,43.801235,-122.560888,78024531,2484.8543067681585,123.83000059998224,75.65730676815838,True,0.3890228022160792
14151000,"FALL CREEK BLW WINBERRY CREEK, NEAR FALL CREEK, OR",481.0788,43.944293,-122.774794,78024327,484.97044313321146,14.018021032610095,3.89164313321146,True,0.7223828439008375
14159500,"SOUTH FORK MCKENZIE RIVER NEAR RAINBOW, OR",539.5959,44.135958,-122.248391,78022004,553.4978818978981,23.63280485126087,13.901981897898054,True,0.4117506582314817
14162200,"BLUE RIVER AT BLUE RIVER, OR",227.6181,44.162348,-122.333119,78022648,238.79327314936148,52.02158966771096,11.175173149361484,True,0.7851820134535844
14178000,"NO SANTIAM R BLW BOULDER CRK, NR DETROIT, OR",557.6805,44.706789,-122.101186,78022292,585.3475001851721,36.76482288253303,27.66700018517201,True,0.2474599898503358
14181500,"NORTH SANTIAM RIVER AT NIAGARA, OR",1170.957,44.752622,-122.298412,78022215,1262.4020302863364,148.68527112983264,91.4450302863363,True,0.384975864848872
14182500,"LITTLE NORTH SANTIAM RIVER NEAR MEHAMA, OR",286.8498,44.791511,-122.578974,78022486,303.01497794858244,108.46765177846385,16.165177948582425,True,0.850967752288042
14185000,"SOUTH SANTIAM RIVER BELOW CASCADIA, OR",458.1774,44.391792,-122.497582,78022389,512.5927622372159,98.43565033611314,54.4153622372159,True,0.4471986312742172
14185900,"QUARTZVILLE CREEK NEAR CASCADIA, OREG.",258.1965,44.540124,-122.435915,78022457,303.87043569160494,94.7964583376494,45.673935691604925,True,0.5181894293041848
14187200,"SOUTH SANTIAM RIVER NEAR FOSTER,OR",1444.943,44.412347,-122.688696,78022209,1469.397776716415,20.522979483012133,24.4547767164147,True,1.0
11507500,"LINK RIVER AT KLAMATH FALLS, OR",9786.505,42.223478,-121.794171,77000791,9712.80763835023,97.72437819027492,73.69736164976894,True,1.0
14313500,"NORTH UMPQUA R BL LEMOLO LK NR T FALLS,OREG.",447.2991,43.322069,-122.195591,78024795,470.43401457736405,37.77418273393232,23.134914577364043,True,0.3875469195371343
14316500,"N UMPQUA RIVER ABV COPELAND CK NR TOKETEE FALLS,OR",1217.343,43.295954,-122.536713,78024553,1209.3237544381825,5.977508977200055,8.01924556181757,True,1.0
11345500,SF PIT R NR LIKELY CA,672.2126,41.230729,-120.437173,77001803,694.1336274915486,64.94855678461577,21.92102749154867,True,0.6624863033640024
11399500,NF FEATHER R NR PRATTVILLE CA,1284.782,40.168221,-121.093016,77007043,1353.0472076409171,104.90612555468076,68.2652076409172,True,0.3492733881842298
11400500,BUTT C BL ALMANOR-BUTT C TU NR PRATTVILLE CA,168.2442,40.187108,-121.188019,77008597,204.7578315480901,84.19572063412187,36.5136315480901,True,0.5663243776157872
11401112,NF FEATHER R BL BELDEN DAM CA,1582.328,40.071276,-121.164684,77006786,1591.8565118945053,34.0514727054982,9.5285118945053,True,0.7201732807002278
11402000,SPANISH C AB BLACKHAWK C AT KEDDIE CA,475.002,40.002947,-120.954399,77007812,525.5323271494682,92.70271771804732,50.53032714946818,True,0.4549207575213195
10296500,"W WALKER R NR COLEVILLE, CA",632.1213,38.513245,-119.449887,77014747,635.6039986365881,4.047466387107851,3.482698636588111,True,0.1395361187726376
10297500,"W WALKER R AT HOYE BRIDGE NR WELLINGTON, NV",1204.469,38.728064,-119.427861,77014438,1349.7610652194396,156.07909884884157,145.29206521943956,True,0.0691126083438562
10308200,E F CARSON R BL MARKLEEVILLE C NR MARKLEEVILLECA,716.4228,38.714627,-119.764898,77014763,779.2870282845773,63.92884468154958,62.86422828457728,True,0.0166531462014603
10309000,"EAST FORK CARSON RIVER NEAR GARDNERVILLE, NV",925.4421,38.844906,-119.704619,77014543,928.14760938651,15.65059839220048,2.705509386510016,True,0.8271306106826999
10310000,"WEST FORK CARSON RIVER AT WOODFORDS, CA",169.3294,38.769628,-119.833789,77016177,262.8684617694431,132.08856325971408,93.53906176944312,True,0.2918458687030645
10336610,UP TRUCKEE R A SOUTH LAKE TAHOE CA,139.6478,38.922408,-119.991571,77016769,143.43874444610012,78.15961652410276,3.790944446100127,True,0.9514974021791536
10336780,TROUT C NR TAHOE VALLEY CA,95.1021,38.919908,-119.972404,77016580,106.33143919073667,12.949418517309455,11.229339190736695,True,0.1328306228015979
10337500,TRUCKEE R A TAHOE CITY CA,1312.217,39.166296,-120.144359,77006016,1448.0097578826303,179.0153236641917,135.79275788263044,True,0.2414461784435889
10340500,PROSSER C BL PROSSER C DAM NR TRUCKEE CA,138.3831,39.37324,-120.131587,77008056,141.37383131562828,20.129621783749847,2.990731315628267,True,0.8514263532739293
10344400,LITTLE TRUCKEE R AB BOCA RES NR TRUCKEE CA,377.4933,39.435741,-120.084366,77007269,384.6725156319528,34.63909569180678,7.179215631952843,True,0.7927424059846069
10344500,LITTLE TRUCKEE R BL BOCA DAM NR TRUCKEE CA,445.842,39.386852,-120.095476,77007086,443.5027614979329,29.14630390840231,2.339238502067076,True,1.0
10346000,TRUCKEE R A FARAD CA,2415.852,39.427964,-120.034087,77005919,2513.582476983891,107.48704222595411,97.7304769838911,True,0.0907696875829297
10348000,"TRUCKEE R AT RENO,NV",2723.68,39.530189,-119.795468,77005895,2759.5095321127887,71.02058644963078,35.82953211278891,True,0.4955049809649216
10348200,"TRUCKEE R NR SPARKS, NV",2762.546,39.517617,-119.741644,77005884,2796.18675168877,3.056444033319777,33.64075168877025,True,1.0
10350000,"TRUCKEE R AT VISTA, NV",3697.635,39.520467,-119.70102,77005879,3719.2226955275128,13.751103123866493,21.58769552751255,True,1.0
11314500,NF MOKELUMNE R BL SALT SPRINGS DAM CA,440.9982,38.493523,-120.221027,77015395,445.5401886277377,171.91149643017792,4.54198862773768,True,0.9735794945535686
11318500,SF MOKELUMNE R NR WEST POINT CA,194.247,38.368246,-120.545482,77015293,205.2677470307064,30.66808053999085,11.020747030706389,True,0.6406443821505082
11408880,M YUBA R BL OUR HOUSE DAM CA,374.3325,39.41156,-120.998007,77006941,417.76437237952416,69.41747005265296,43.43187237952418,True,0.3743380110715469
11413000,N YUBA R BL GOODYEARS BAR CA,647.7489,39.524894,-120.938007,77007107,668.5524388141731,62.65097076556217,20.803538814173063,True,0.6679454674051387
11414250,S YUBA R A LANGS CROSSING NR EMIGRANT GAP CA,315.0567,39.318512,-120.657712,77007516,334.1462290909425,39.89514780702442,19.089529090942506,True,0.5215074980225698
11422500,BEAR R BL ROLLINS DAM NR COLFAX CA,270.0774,39.131841,-120.959388,77007607,385.3099555263386,126.3927269202402,115.2325555263386,True,0.0882975758640304
11427760,MF AMERICAN R AB MF PH NR FORESTHILL CA,227.4786,39.025181,-120.595481,77007511,287.0370806485098,74.92448987323769,59.5584806485098,True,0.2050866045364492
11428800,RUBICON R BL HELL HOLE DAM CA,293.8482,39.056572,-120.407976,77013533,346.99617929363365,100.49601014081335,53.147979293633625,True,0.4711433894821938
11441900,SILVER C BL CAMINO DIV DAM CA,441.7299,38.823793,-120.539369,77015173,455.3101559418621,90.80660141202216,13.580255941862106,True,0.8504485826945157
11443500,SF AMERICAN R NR CAMINO CA,1276.72,38.772958,-120.701598,77014363,1324.214044886196,61.94719101569562,47.49404488619598,True,0.233313987164287
11444500,SF AMERICAN R NR PLACERVILLE CA,1547.231,38.771013,-120.816324,77014286,1568.3956200513794,51.90041124949746,21.164620051379416,True,0.5922070838776957
10265150,HOT C A FLUME NR MAMMOTH LAKES CA,186.1785,37.668822,-118.817631,77015705,179.5724880203524,16.159896844738125,6.6060119796476044,True,1.0
10293000,"E WALKER R NR BRIDGEPORT, CA",933.3531,38.327696,-119.214876,77015269,1001.7412062368254,142.533962666595,68.38810623682537,True,0.5201978184189419
10296000,"W WALKER R BLW L WALKER R NR COLEVILLE, CA",467.4168,38.379637,-119.450165,77015172,512.0494459403473,35.65789250622296,44.63264594034723,True,1.0
11231500,MONO C BL LK THOMAS A EDISON CA,235.6596,37.361331,-118.992063,77015559,267.86925868566533,32.773331037891104,32.20965868566532,True,0.0171991169153386
11231600,MONO C BL DIV DAM NR MONO HOT SPRINGS CA,236.4354,37.359942,-118.998452,77015559,267.86925868566533,32.773331037891104,31.433858685665346,True,0.040870802869477
11234760,SAN JOAQUIN R AB SHAKEFLAT C NR BIG CREEK CA,2600.879,37.316611,-119.329573,77014277,2630.0757208173827,52.96451172970818,29.19672081738281,True,0.4487493632268083
11242000,SAN JOAQUIN R AB WILLOW C NR AUBERRY CA,3358.396,37.144392,-119.454577,77014148,3354.435342345372,52.28490728430573,3.9606576546284487,True,1.0
11246500,WILLOW C A MOUTH NR AUBERRY CA,335.4471,37.150781,-119.460411,77014939,337.4050102525717,6.558369052595157,1.957910252571708,True,0.7014638491871756
11264500,MERCED R A HAPPY ISLES BRIDGE NR YOSEMITE CA,467.9761,37.731593,-119.558774,77015222,472.3666179677944,4.599988487365635,4.390517967794381,True,0.0455371834400428
11266500,MERCED R A POHONO BRIDGE NR YOSEMITE CA,833.0817,37.716871,-119.666279,77014802,849.7619004756575,22.235554841834027,16.680200475657557,True,0.2498410498722799
11270900,MERCED R BL MERCED FALLS DAM NR SNELL CA,2749.327,37.521603,-120.332411,77014089,2847.8025037500543,160.339277912228,98.47550375005405,True,0.3858304400998929
11276500,TUOLUMNE R NR HETCH HETCHY CA,1179.1,37.937421,-119.798233,77014498,1206.3479805397626,39.28460159855759,27.247980539762693,True,0.3063953958804267
11276900,TUOLUMNE R BL EARLY INTAKE NR MATHER CA,1255.07,37.881591,-119.970182,77014434,1286.9565505861524,47.85406021572303,31.886550586152453,True,0.3336709478274167
11277300,CHERRY C BL VALLEY DAM NR HETCH HETCHY CA,305.1612,37.967699,-119.917403,77015232,322.7969974750884,65.55986294147135,17.635797475088395,True,0.7309970356278387
11278000,ELEANOR C NR HETCH HETCHY CA,207.7146,37.969088,-119.882124,77015560,240.29867350224828,38.87605538852638,32.58407350224829,True,0.1618472302139755
11278400,"CHERRY C BL DION R HOLM PH, NR MATHER CA",610.4933,37.890202,-119.969905,77014784,607.6394389206606,44.54376794332404,2.8538610793393677,True,1.0
11289650,TUOLUMNE R BL LAGRANGE DAM NR LAGRANGE CA,3983.72,37.666321,-120.442139,77014034,4141.892172260832,183.8883186380397,158.1721722608322,True,0.1398465469023422
11292700,MF STANISLAUS R A HELLS HALF ACRE BRIDGE CA,737.3871,38.24686,-120.031852,77014845,915.7043623957852,240.1066326587857,178.31726239578518,True,0.2573413719512242
11292900,MF STANISLAUS R BL BEARDSLEY DAM CA,813.4533,38.193251,-120.099076,77014845,915.7043623957852,240.1066326587857,102.2510623957852,True,0.5741431160667116
11296500,SF STANISLAUS R A STRAWBERRY CA,116.6688,38.197417,-120.008518,77015800,275.7754957238729,163.03560919543366,159.1066957238729,True,0.0240984990392566
11298000,SF STANISLAUS R NR LONG BARN CA,173.6649,38.092421,-120.168244,77015800,275.7754957238729,163.03560919543366,102.1105957238729,True,0.3736914516541528
11200800,DEER C NR FOUNTAIN SPRINGS CA,214.65,35.941617,-118.82287,77023047,349.3713841076254,168.43176382080543,134.72138410762537,True,0.2001426509375306
11214600,HELMS C BL COURTRIGHT DAM CA,102.3435,37.076333,-118.968723,77016654,118.40592211938775,28.751251104232672,16.062422119387747,True,0.4413313681148614
11216200,NF KINGS R BL BALCH DIV DAM CA,618.2262,36.902724,-119.050946,77021247,648.2534911953113,64.44070538025369,30.027291195311363,True,0.5340322391239295
11218400,NF KINGS R BL DINKEY C NR BALCH CAMP CA,1000.967,36.879669,-119.128727,77020946,1001.8870077798184,10.737609657911522,0.9200077798184338,True,0.9143191260318756
11251000,SAN JOAQUIN R BL FRIANT CA,4344.809,36.984394,-119.724312,77021301,4380.984941541306,43.780129452431154,36.1759415413062,True,0.1736903934783291
11109600,PIRU CREEK ABOVE LAKE PIRU CA,963.7974,34.523047,-118.757036,77028047,966.9663908540336,12.269404007190088,3.168990854033609,True,0.7417159910802086
11085000,SAN GABRIEL R BL SANTA FE DAM NR BALDWIN PK CA,608.9958,34.11223,-117.969509,77028728,669.6586231683077,156.86292472282048,60.66282316830768,True,0.6132749451439852
11097000,BIG TUJUNGA C BL HANSEN DAM CA,395.8578,34.253614,-118.38897,77028401,410.2585634749077,26.86378602997457,14.400763474907706,True,0.4639339570811293
11109800,PIRU CREEK BELOW SANTA FELICIA DAM CA,1093.333,34.460272,-118.752036,77028005,1131.6833461438264,38.86791907351064,38.3503461438263,True,0.0133161986034153
12134500,"SKYKOMISH RIVER NEAR GOLD BAR, WA",1386.156,47.837325,-121.666781,78015902,1431.912467917184,50.56882937780576,45.75646791718418,True,0.095164581024169
12167000,"NF STILLAGUAMISH RIVER NEAR ARLINGTON, WA",683.7525,48.261492,-122.047641,78014158,730.8766417118541,114.4818465652574,47.12414171185401,True,0.5883701815991227
12175500,"THUNDER CREEK NEAR NEWHALEM, WA",273.8205,48.672629,-121.072896,78014338,298.5359139484428,59.98659925528103,24.7154139484428,True,0.5879844122640953
12186000,"SAUK RIVER AB WHITECHUCK RIVER NEAR DARRINGTON, WA",398.4354,48.16872,-121.470672,78014244,398.5843882508229,20.303941324047067,0.1489882508228674,True,0.99266210198084
12189500,"SAUK RIVER NEAR SAUK, WA",1855.317,48.424559,-121.568463,78014127,1895.3233174012623,111.57530898023792,40.00631740126255,True,0.6414411237852954
12205000,"NF NOOKSACK RIVER BL CASCADE CREEK NR GLACIER, WA",272.4822,48.905957,-121.84431,78014296,303.3677611216997,57.05370111539839,30.88556112169971,True,0.4586580621784777
12451000,"STEHEKIN RIVER AT STEHEKIN, WA",830.5974,48.32958,-120.691767,78014191,831.6873496776692,1.568531783209537,1.0899496776692104,True,0.3051147006795423
12106700,"GREEN RIVER AT PURIFICATION PLANT NEAR PALMER, WA",598.4955,47.305103,-121.850665,78015961,682.4880842397697,108.25424367310198,83.99258423976971,True,0.2241173981742074
12116500,"CEDAR RIVER AT CEDAR FALLS, WA",220.0527,47.417047,-121.792054,78016113,241.87478592172351,59.43607985873633,21.822085921723527,True,0.632847826209454
12117500,"CEDAR RIVER NEAR LANDSBURG, WA",337.2732,47.393713,-121.954559,78015992,465.6321329477069,183.9510093763161,128.35893294770693,True,0.3022113149424594
12119000,"CEDAR RIVER AT RENTON, WA",448.3881,47.4826,-122.203455,78015992,465.6321329477069,183.9510093763161,17.2440329477069,True,0.9062574703657642
12121600,"ISSAQUAH CREEK NEAR MOUTH NEAR ISSAQUAH, WA",147.6099,47.552323,-122.047898,78016206,251.5693367823092,132.7007754164273,103.95943678230918,True,0.2165875711270347
12148500,"TOLT RIVER NEAR CARNATION, WA",210.1986,47.695657,-121.824006,78016096,251.533041422292,44.43295859795758,41.33444142229197,True,0.0697346580879724
12452800,"ENTIAT RIVER NEAR ARDENVOIR, WA",526.3533,47.818462,-120.423144,78015749,540.8142808225601,159.1739269550004,14.460980822560144,True,0.909149814299371
12459000,"WENATCHEE RIVER AT PESHASTIN, WA",2587.774,47.583178,-120.619531,78015690,2609.0307722804228,26.10428785577961,21.256772280422865,True,0.1856980585771269
12462500,"WENATCHEE RIVER AT MONITOR, WA",3372.32,47.499291,-120.424522,78015681,3444.335500872947,86.21094826762817,72.01550087294663,True,0.1646594507998454
12488500,"AMERICAN RIVER NEAR NILE, WA",205.1703,46.977616,-121.168696,78018410,206.95650433278567,84.56854314500916,1.7862043327856725,True,0.9788786200357872
14123500,"WHITE SALMON RIVER NEAR UNDERWOOD, WA",1000.348,45.752064,-121.527018,78019961,1009.5275595961728,44.77903881324745,9.179559596172794,True,0.7950032015100532
14097100,"WARM SPRINGS RIVER NEAR KAHNEETA HOT SPRINGS, OR",1361.541,44.856509,-121.149774,78021817,1405.3550101402136,59.332004405594205,43.81401014021367,True,0.2615450871893585
10396000,DONNER UND BLITZEN RIVER NR FRENCHGLEN OR,528.894,42.790833,-118.8675,77001676,560.659197625664,47.83270856729116,31.765197625663973,True,0.3359105395217872
10258500,PALM CYN C NR PALM SPRINGS CA,241.5123,33.745022,-116.535571,77029498,313.15196198442175,226.87833457434783,71.63966198442174,True,0.684237535863322
10260950,WF MOJAVE R AB MOJAVE R FORKS RES NR HESPERIA CA,175.0671,34.338892,-117.257821,77029072,194.1585518057738,14.618236540223643,19.0914518057738,True,1.0
10261500,MOJAVE R A LO NARROWS NR VICTORVILLE CA,1355.905,34.573049,-117.320602,77028166,1448.2380911460434,10.815379797945091,92.33309114604344,True,1.0
11044000,SANTA MARGARITA R NR TEMECULA CA,1519.51,33.473918,-117.142254,77028197,1540.486642193258,65.52026734153488,20.97664219325816,True,0.6798449846989474
11062000,LYTLE C NR FONTANA CA,119.7252,34.21223,-117.458105,77029229,156.75369429916137,68.46650636043715,37.028494299161366,True,0.4591735979016157
11062001,LYTLE+BRLNE+COND+INF - W27 CA,119.7252,34.21223,-117.458105,77029229,156.75369429916137,68.46650636043715,37.028494299161366,True,0.4591735979016157
11063510,CAJON C BL LONE PINE C NR KEENBROOK CA,144.5151,34.263339,-117.466994,77029145,190.8181045820094,43.38152582872026,46.30300458200941,True,1.0
11022480,SAN DIEGO R A MAST RD NR SANTEE CA,953.5824,32.840327,-117.025863,77032356,1005.697857820469,61.33440358984728,52.11545782046903,True,0.1503062755941473
11023000,SAN DIEGO R A FASHION VALLEY AT SAN DIEGO CA,1110.952,32.76505,-117.168645,77032351,1128.0246923915402,43.726331147760135,17.07269239154016,True,0.609555799825783
11025500,SANTA YSABEL C NR RAMONA CA,288.747,33.106987,-116.866137,77028717,342.9650520240603,67.52870939581598,54.218052024060285,True,0.1971110878742843
11028500,SANTA MARIA C NR RAMONA CA,146.3067,33.052265,-116.945584,77029115,166.78575207324798,49.39172062987771,20.47905207324797,True,0.5853747994181049
12452500,"CHELAN RIVER AT CHELAN, WA",2414.854,47.834581,-120.013125,78015651,2415.756813508336,104.70653194710496,0.9028135083358392,True,0.9913776772895896
12465000,"CRAB CREEK AT IRBY, WA",2707.411,47.360424,-118.850002,78015831,2777.3755051001094,134.586179961318,69.96450510010936,True,0.480150895729278
14020000,"UMATILLA RIVER ABOVE MEACHAM CREEK, NR GIBBON, OR",341.4267,45.719577,-118.323291,78020347,352.8398217788068,14.264549891264302,11.41312177880684,True,0.1998961154886278
13331500,"MINAM RIVER NEAR MINAM, OR",618.9291,45.619867,-117.726589,78020203,622.3470537108111,80.96436572331609,3.4179537108111617,True,0.9577844687563968
13215000,MALHEUR R BE WARMSPRINGS RES NR RIVERSIDE OR,2786.962,43.574444,-118.209722,78024308,2807.5747317358464,29.898466012685752,20.61273173584641,True,0.3105756085579593
13217500,NORTH FORK MALHEUR RIVER AT BEULAH OR,1157.341,43.9075,-118.153333,78024357,1256.1080383688354,125.00763348226492,98.76703836883551,True,0.2099119420347414
10352500,"MC DERMITT C NR MC DERMITT, NV",582.8922,41.966557,-117.831812,77001900,618.2639955179659,86.304050640694,35.37179551796589,True,0.590149068840027
10329000,"L HUMBOLDT R NR PARADISE VALLEY, NV",2571.365,41.415822,-117.373511,77001206,2723.5897744808058,158.80039171360184,152.224774480806,True,0.0414080668305594
10329500,"MARTIN C NR PARADISE VALLEY, NV",454.5207,41.534618,-117.417905,77002052,469.4868055615405,91.13843082038537,14.96610556154053,True,0.8357871051012984
12395000,PRIEST RIVER NR PRIEST RIVER ID,2459.905,48.20852,-116.914643,78013896,2547.147621405813,23.70258521332212,87.24262140581277,True,1.0
12413000,NF COEUR D ALENE RIVER AT ENAVILLE ID,2325.166,47.568889,-116.253333,78015684,2320.332809804328,34.23355216522328,4.83319019567216,True,1.0
12422500,"SPOKANE RIVER AT SPOKANE, WA",11100.44,47.659335,-117.449103,78015582,11096.482822448608,18.05777860768909,3.9571775513923058,True,1.0
12424000,"HANGMAN CREEK AT SPOKANE, WA",1785.244,47.652669,-117.449658,78015836,1756.5149454967536,32.13029135621674,28.72905450324629,True,1.0
12433000,"SPOKANE RIVER AT LONG LAKE, WA",16019.22,47.836553,-117.841348,78015577,15995.013501058444,209.37687320505563,24.206498941553946,True,1.0
12414500,ST JOE RIVER AT CALDER ID,2678.972,47.27464,-116.189049,78015603,2706.2260275279514,74.60872553077958,27.25402752795117,True,0.634707236532172
12414900,ST MARIES RIVER NR SANTA ID,705.7197,47.176297,-116.492662,78015635,705.5225032744426,34.251132741921175,0.1971967255574327,True,1.0
13338500,SF CLEARWATER RIVER AT STITES ID,3027.002,46.086389,-115.976667,78017742,3053.2058928961933,30.279756598879946,26.203892896193334,True,0.1346068846153595
13339500,LOLO CREEK NR GREER ID,625.491,46.371667,-116.1625,78018112,625.8144944441933,145.33156245167692,0.3234944441933294,True,0.9977740936742432
13340000,CLEARWATER RIVER AT OROFINO ID,14268.92,46.478333,-116.2575,78017670,14303.344849087858,32.22364261149542,34.42484908785809,True,1.0
13345000,PALOUSE RIVER NR POTLATCH ID,818.1477,46.91517,-116.950998,78017726,948.178853922946,131.86107104053158,130.03115392294603,True,0.0138776145464727
13239000,NF PAYETTE RIVER AT MCCALL ID,375.6537,44.907222,-116.119167,78022034,476.9641184800483,144.03070342083635,101.31041848004828,True,0.2966054037517664
13240000,LAKE FORK PAYETTE RIVER AB JUMBO CR NR MCCALL ID,125.5698,44.913611,-115.997222,78022737,226.20742681114083,118.32867442350336,100.63762681114083,True,0.1495076970865533
13292000,"IMNAHA RIVER AT IMNAHA, OR",1622.087,45.562378,-116.834318,78020139,1719.062674436111,108.18143922553558,96.97567443611092,True,0.1035830625812159
13313000,JOHNSON CREEK AT YELLOW PINE ID,561.9358,44.961667,-115.5,78022315,565.1570521120666,23.29157141767539,3.2212521120666224,True,0.8616988070791095
13316500,LITTLE SALMON RIVER AT RIGGINS ID,1492.905,45.413056,-116.325278,78019884,1493.2958678072348,11.198465168519968,0.3908678072348266,True,0.9650963054889348
13185000,BOISE RIVER NR TWIN SPRINGS ID,2154.389,43.659444,-115.727222,78024312,2219.5048715533794,130.14059929539852,65.11587155337929,True,0.4996498256045633
13186000,SF BOISE RIVER NR FEATHERVILLE ID,1660.134,43.495833,-115.308056,78024520,1679.338118881059,92.56774380547348,19.204118881059003,True,0.7925398406445392
13190500,SF BOISE RIVER AT ANDERSON RANCH DAM ID,2532.608,43.341562,-115.478696,78024476,2532.719540992,21.85013179826557,0.1115409919998455,True,0.9948951798996152
13200000,MORES CREEK AB ROBIE CREEK NR ARROWROCK DAM ID,1028.84,43.648056,-115.989722,78024672,995.7178283934804,26.193115376276644,33.12217160651949,True,1.0
13202000,BOISE RIVER NR BOISE ID,6959.264,43.527669,-116.059554,78024299,6965.1463054767055,127.65270697121514,5.882305476705369,True,0.9539194615118364
13206000,BOISE RIVER AT GLENWOOD BRIDGE NR BOISE ID,7182.155,43.660556,-116.279167,78024287,7176.933904042367,21.003175806971203,5.221095957633224,True,1.0
13235000,SF PAYETTE RIVER AT LOWMAN ID,1163.229,44.085278,-115.622222,78021942,1162.102578088679,2.935858824101216,1.1264219113213585,True,1.0
13236500,DEADWOOD RIVER BL DEADWOOD RES NR LOWMAN ID,283.6323,44.291944,-115.641944,78022428,308.3886876920116,25.41420759440165,24.75638769201163,True,0.0258839430639941
13245000,NF PAYETTE RIVER AT CASCADE ID,1593.936,44.524893,-116.046798,78021944,1616.8085424120898,20.724779084427464,22.87254241208984,True,1.0
13246000,NF PAYETTE RIVER NR BANKS ID,2392.131,44.113781,-116.107904,78021930,2402.805856961353,200.77759245229728,10.674856961353273,True,0.9468324287039676
13249500,PAYETTE RIVER NR EMMETT ID,7067.407,43.930556,-116.442778,78024239,7141.238761153085,88.79593977413309,73.8317611530847,True,0.1685232304440069
10315500,"MARYS R AB HOT SPRINGS C NR DEETH, NV",1011.985,41.252696,-115.256447,77001585,994.4871735635006,171.69334365675672,17.497826436499395,True,1.0
13174500,"OWYHEE R NR GOLD CREEK, NV",527.5683,41.688794,-115.844807,78028265,527.2309809666897,14.488828156220327,0.3373190333103366,True,1.0
09426000,"BILL WILLIAMS RIVER BELOW ALAMO DAM, AZ",11992.04,34.230854,-113.60882,77027270,12079.988871066498,126.64614811804724,87.9488710664973,True,0.305554315125953
12302055,Fisher River near Libby MT,2185.286,48.355512,-115.314885,78014001,2185.483639730277,163.00441098426128,0.1976397302769328,True,0.9987875191285712
12389500,Thompson River near Thompson Falls MT,1651.865,47.591881,-115.229593,78015705,1664.5684238684494,52.64916858564702,12.703423868449365,True,0.7587155845056874
12411000,NF COEUR D ALENE R AB SHOSHONE CK NR PRICHARD ID,867.4833,47.706111,-115.979167,78015712,865.9592161534529,47.92910508221807,1.5240838465471145,True,1.0
13336500,SELWAY RIVER NR LOWELL ID,4959.467,46.086667,-115.513889,78017697,4957.4514786290165,148.70717721297345,2.0155213709831514,True,1.0
13337000,LOCHSA RIVER NR LOWELL ID,3053.417,46.150833,-115.587222,78017893,3066.464884995266,13.094992779910376,13.047884995266031,True,0.003597389126981
13340600,NF CLEARWATER RIVER NR CANYON RANGER STATION ID,3354.622,46.840466,-115.620703,78017906,3356.135022536693,73.18221321816192,1.51302253669337,True,0.9793252694861396
12342500,West Fork Bitterroot River nr Conner MT,820.0926,45.724918,-114.281475,78020300,894.6813739542515,95.29734440402493,74.58877395425156,True,0.2173048008764735
13120500,BIG LOST RIVER AT HOWELL RANCH NR CHILLY ID,1143.906,43.998333,-114.021111,78022044,1234.4241383123842,168.92972713595327,90.51813831238428,True,0.464166906280882
13147900,LITTLE WOOD RIVER AB HIGH FIVE CREEK NR CAREY ID,645.9073,43.491572,-114.059202,78024822,723.2050225423683,68.35363523311983,77.29772254236832,True,1.0
13297355,SQUAW CREEK BL BRUNO CREEK NR CLAYTON ID,185.6556,44.290833,-114.471667,78022824,202.48806735895383,124.63983578747984,16.832467358953835,True,0.8649511430065229
13083000,TRAPPER CREEK NR OAKLEY ID,133.1838,42.165833,-113.983611,78027334,158.94265120180532,93.95422504854454,25.758851201805328,True,0.7258361591669117
13148500,LITTLE WOOD RIVER NR CAREY ID,801.7371,43.39,-113.999722,78024724,847.6133734767108,74.7380930796663,45.87627347671071,True,0.3861728124664705
13078000,RAFT RIVER AB ONEMILE CREEK NR MALTA ID,1059.469,42.063611,-113.451389,78026670,1067.5174459427335,68.85846847832582,8.048445942733451,True,0.8831161058241251
13082500,GOOSE CREEK AB TRAPPER CREEK NR OAKLEY ID,1632.673,42.126111,-113.935556,78026669,1645.967789690363,14.439884788006456,13.294789690362904,True,0.0793008472335353
09403600,"KANAB CREEK NEAR KANAB, UT",502.8489,37.100541,-112.547983,77014796,524.9563819769852,19.77375249572601,22.107481976985184,True,1.0
10174500,"SEVIER RIVER AT HATCH, UT",872.7498,37.651091,-112.430207,77014703,955.9394638269766,143.53230284097842,83.18966382697658,True,0.4204115576746256
10242000,"COAL CREEK NEAR CEDAR CITY, UT",208.6857,37.672199,-113.03467,77016187,270.7407996185103,85.45640512295991,62.055099618510326,True,0.2738391051060286
09382000,"PARIA RIVER AT LEES FERRY, AZ",3677.924,36.87221,-111.594605,77020902,3676.834232109231,93.22183596586471,1.0897678907690531,True,1.0
09505350,"DRY BEAVER CREEK NEAR RIMROCK, AZ.",365.6619,34.728631,-111.775708,77028417,391.2212682893937,36.57813074129789,25.55936828939372,True,0.3012390799802034
09505800,"WEST CLEAR CREEK NEAR CAMP VERDE, AZ.",614.9414,34.538636,-111.694036,77028303,665.9475606521353,150.31755604091268,51.00616065213524,True,0.6606772888307695
09510000,"VERDE RIVER BLW BARTLETT DAM, AZ.",15081.04,33.808375,-111.663473,77027234,15097.064606479196,94.04691060246986,16.024606479195427,True,0.8296104956926189
09510200,"SYCAMORE CREEK NEAR FORT MCDOWELL, AZ.",425.3085,33.694211,-111.541802,77028622,501.5540284042074,117.6476588552091,76.24552840420739,True,0.3519163139655502
09512280,"CAVE CREEK BLW COTTONWOOD CR NEAR CAVE CREEK, AZ.",188.7093,33.88726,-111.954039,77028876,236.9283822301668,50.14448392965657,48.219082230166805,True,0.0383970787732255
09513860,"SKUNK CREEK NEAR PHOENIX, AZ.",170.1477,33.729205,-112.119876,77028871,180.65879681343247,1.891617305757745,10.511096813432488,True,1.0
09480000,"SANTA CRUZ RIVER NEAR LOCHIEL, AZ.",213.381,31.355378,-110.589526,77034029,225.41206468856288,127.22267210745922,12.031064688562878,True,0.9054330137131472
05014500,Swiftcurrent Creek at Many Glacier MT,79.7283,48.799145,-113.656776,71045424,185.15844525072967,107.20161489698135,105.43014525072968,True,0.0165246544835545
12358500,Middle Fork Flathead River nr West Glacier MT,2939.194,48.495244,-114.010119,78013776,2943.702786350429,28.27049527050077,4.508786350429091,True,0.8405126508295083
12362500,S F Flathead River nr Columbia Falls MT,4318.159,48.356631,-114.037618,78013953,4373.388757758395,63.7750399339335,55.22975775839495,True,0.133991012540186
12370000,Swan River near Bigfork MT,1715.115,48.024396,-113.979829,78014053,1718.685079604848,65.63883741889508,3.5700796048479333,True,0.9456102553726792
12334510,Rock Creek near Clinton MT,2313.95,46.722427,-113.68315,78017683,2304.226703290896,30.337970278005727,9.723296709104034,True,1.0
12381400,South Fork Jocko River near Arlee MT,150.9471,47.195486,-113.850653,78016128,207.04046178864172,15.768332366299491,56.093361788641744,True,1.0
06020600,Ruby River bl Reservoir nr Alder MT,1541.163,45.242146,-112.11082,74011131,1542.5162462175915,33.66198634259339,1.3532462175915043,True,0.9597989790673996
13042500,HENRYS FORK NR ISLAND PARK ID,1325.219,44.416667,-111.394722,78022223,1322.3178342834997,29.913934296882957,2.9011657165006,True,1.0
13046000,HENRYS FORK NR ASHTON ID,2865.313,44.069722,-111.510556,78022109,2869.299794533246,39.9084434188315,3.9867945332457566,True,0.9001014774892343
13049500,FALLS RIVER NR CHESTER ID,1324.234,44.018333,-111.566667,78021718,1311.3644100977413,15.657744545748562,12.869589902258667,True,1.0
13050500,HENRYS FORK AT ST ANTHONY ID,4807.364,43.966944,-111.6725,78024051,4874.7298906985525,61.48916066159428,67.3658906985529,True,1.0
13055000,TETON RIVER NR ST ANTHONY ID,2294.463,43.927135,-111.616071,78024481,2294.266192791857,32.847640885359375,0.1968072081431273,True,1.0
13032500,SNAKE RIVER NR IRWIN ID,13424.32,43.350833,-111.218889,78024158,13466.847156677532,69.52556100652744,42.52715667753182,True,0.3883234300901342
13037500,SNAKE RIVER NR HEISE ID,14858.54,43.6125,-111.66,78024140,14918.533822887894,141.19279761860446,59.99382288789275,True,0.5750928949651496
13038500,SNAKE RIVER AT LORENZO ID,14979.16,43.735278,-111.878056,78024140,14918.533822887894,141.19279761860446,60.62617711210624,True,1.0
13066000,BLACKFOOT RIVER NR SHELLEY ID,2324.469,43.262778,-112.047778,78024156,2375.932630808454,58.31138795521793,51.46363080845458,True,0.1174343020615853
13075000,MARSH CREEK NR MCCAMMON ID,907.9749,42.63,-112.225967,78026918,1075.4912048284334,193.0410912496201,167.51630482843336,True,0.1322246276995028
13132535,BIG LOST R AT LINCOLN BLVD BRIDGE NR ATOMIC CITY,4743.366,43.573889,-112.943333,78024215,4738.563477002728,12.674739169206626,4.802522997271808,True,1.0
10020300,"BEAR RIVER BELOW RESERVOIR, NEAR WOODRUFF, UT",2039.566,41.505501,-111.014632,77000926,2032.224991676316,52.61535490119204,7.341008323684036,True,1.0
10126000,"BEAR RIVER NEAR CORINNE, UT",18311.94,41.576321,-112.100782,77000846,18291.393486051868,44.4474336865205,20.546513948131174,True,1.0
10136500,"WEBER RIVER AT GATEWAY, UT",4216.987,41.136888,-111.832438,77000713,4315.842043841967,144.5555258945259,98.85504384196702,True,0.3161448292603078
10141000,"WEBER RIVER NEAR PLAIN CITY, UT",5371.414,41.278277,-112.091887,77000705,5298.416256972163,73.63638106782184,72.9977430278368,True,1.0
09312600,"WHITE RIVER BL TABBYUNE C NEAR SOLDIER SUMMIT, UT",195.2946,39.875793,-111.037388,77008629,201.4740678588932,64.09752549878642,6.17946785889319,True,0.903592723575418
10011500,BEAR RIVER NEAR UTAH-WYOMING STATE LINE,445.6411,40.965225,-110.853508,77001021,520.3806386217926,67.11145106481614,74.73953862179263,True,1.0
10130500,"WEBER RIVER NEAR COALVILLE, UT",1107.946,40.895225,-111.401863,77006729,1105.0879754123314,33.975490490929744,2.858024587668524,True,1.0
10131000,"CHALK CREEK AT COALVILLE, UT",661.0392,40.920503,-111.401586,77005783,647.1043555775186,44.16487339908079,13.934844422481431,True,1.0
10134500,"EAST CANYON CREEK NEAR MORGAN, UT",374.4549,40.922446,-111.60715,77007339,420.3158653137402,64.87386946501944,45.86096531374017,True,0.2930749207357085
10163000,"PROVO RIVER AT PROVO, UT",1767.912,40.237732,-111.69937,77006494,1802.134108863689,42.88284882011867,34.2221088636893,True,0.201962793860984
09310500,"FISH CREEK ABOVE RESERVOIR, NEAR SCOFIELD, UT",148.1787,39.774406,-111.191006,77008418,164.52938465523917,29.480345377474976,16.350684655239178,True,0.4453699763052222
09326500,"FERRON CREEK (UPPER STATION) NEAR FERRON, UT",358.7283,39.104137,-111.216559,77007856,365.614573649996,36.26139212598578,6.886273649995985,True,0.8100935114109665
09330500,"MUDDY CREEK NEAR EMERY, UT",271.1844,38.981919,-111.249336,77013894,333.388486609504,113.69151600830318,62.20408660950403,True,0.4528695825908319
09401260,"MOENKOPI WASH AT MOENKOPI, AZ",4151.018,36.104993,-111.201807,77021641,4148.7325889188405,183.32496439724255,2.285411081159509,True,1.0
09490500,"BLACK RIVER NEAR FORT APACHE, AZ.",3166.939,33.712829,-110.211767,77027775,3160.3917445056445,16.609928420415056,6.5472554943553405,True,1.0
09492400,"EAST FORK WHITE RIVER NEAR FORT APACHE, AZ.",128.9673,33.822272,-109.814541,77028979,130.25373185752892,24.644466250153485,1.2864318575289246,True,0.9478003765847064
06052500,Gallatin River at Logan MT,4634.347,45.885206,-111.438298,74010164,4639.4801724382505,59.7342577066316,5.133172438250767,True,0.91406652337657
06038500,Madison River bl Hebgen Lake nr Grayling MT,2411.956,44.866593,-111.338288,74010095,2406.4491750914904,63.52860039311223,5.5068249085097705,True,1.0
06191500,Yellowstone River at Corwin Springs MT,6783.593,45.11188,-110.794381,74009843,6793.4485956264025,67.21046873571674,9.855595626402646,True,0.8533621947325414
06280300,"SOUTH FORK SHOSHONE RIVER NEAR VALLEY, WY",793.953,44.208282,-109.554888,74017923,840.5425961658162,47.668599041977465,46.58959616581626,True,0.0226355063468725
13010065,SNAKE RIVER AB JACKSON LAKE AT FLAGG RANCH WY,1222.287,44.098889,-110.6675,78022244,1229.28052276503,37.963163972322896,6.993522765030093,True,0.8157813513613161
13039500,HENRYS FORK NR LAKE ID,244.3383,44.595,-111.349167,78022608,284.562469040233,52.88169108458799,40.224169040232994,True,0.2393554703859299
13011500,PACIFIC CREEK AT MORAN WY,404.0775,43.850278,-110.517778,78024332,424.0188153377485,20.56408178819289,19.94131533774845,True,0.0302841846700888
13023000,GREYS RIVER AB RESERVOIR NR ALPINE WY,1161.929,43.142778,-110.976667,78024341,1175.527627692236,65.50707108673748,13.598627692235825,True,0.7924097739886742
09210500,"FONTENELLE C NR HERSCHLER RANCH, NR FONTENELLE, WY",398.3094,42.096053,-110.416556,77001743,494.9007368427926,102.94109582864527,96.5913368427926,True,0.0616834213269152
09211200,"GREEN RIVER BELOW FONTENELLE RESERVOIR, WY",10861.65,42.02106,-110.049876,77000631,10865.04037902657,102.78569937362884,3.390379026570372,True,0.9670150707031115
09223000,"HAMS FORK BELOW POLE CREEK, NEAR FRONTIER, WY",333.153,42.110494,-110.709621,77001988,348.93841438204817,18.915589271954328,15.785414382048144,True,0.165481225295329
10032000,"SMITHS FORK NEAR BORDER, WY",424.3266,42.293266,-110.872406,77002053,514.5771049891305,128.64342648829617,90.25050498913048,True,0.2984444875825709
09266500,"ASHLEY CREEK NEAR VERNAL, UT",262.7073,40.577458,-109.622086,77007691,284.7832400329348,39.0731050867612,22.07594003293485,True,0.435009324600244
09289500,"LAKE FORK RIVER AB MOON LAKE, NR MOUNTAIN HOME, UT",201.5208,40.606612,-110.527107,77008812,213.1810759185265,85.14933417328044,11.660275918526452,True,0.8630608679241393
09291000,"LAKE FORK RIVER BL MOON LAKE NR MOUNTAIN HOME, UT",296.9973,40.556336,-110.484606,77007891,384.8255560077316,90.18305710088032,87.82825600773162,True,0.0261113469519509
09299500,"WHITEROCKS RIVER NEAR WHITEROCKS, UT",298.2501,40.593565,-109.932374,77007810,355.51756266596044,78.70748914027195,57.26746266596047,True,0.2724013522538016
09372000,MCELMO CREEK NEAR COLORADO-UTAH STATE LINE,897.1452,37.32416,-109.015666,77015020,901.7934943019976,217.67845939820484,4.64829430199768,True,0.978646052922056
09365000,"SAN JUAN RIVER AT FARMINGTON, NM",18633.95,36.72278,-108.22563,77020825,18637.37980118993,4.323910226343236,3.429801189930004,True,0.2067825161970089
09386900,"RIO NUTRIA NEAR RAMAH, NM",184.9419,35.282529,-108.553411,77023116,229.8529940474453,56.68992409976138,44.91109404744529,True,0.2077764301040169
09430600,"MOGOLLON CREEK NEAR CLIFF, NM",190.522,33.166733,-108.649779,77028957,217.4157958027984,28.11840118293733,26.893795802798422,True,0.0435517429377177
06281000,"SOUTH FORK SHOSHONE RIVER AB BUFFALO BILL RES, WY",1516.756,44.419118,-109.257929,74017609,1527.607797581942,148.85799345609732,10.851797581942035,True,0.9270996650566664
06282000,"SHOSHONE RIVER BELOW BUFFALO BILL RESERVOIR, WY",4001.216,44.51662,-109.097922,74009599,3986.8520101801705,5.976016679709049,14.363989819829383,True,1.0
06285100,"SHOSHONE RIVER NEAR LOVELL, WY",6191.979,44.838564,-108.435119,74009576,6199.751812335258,30.60782019452096,7.772812335258095,True,0.7460514245751649
06224000,"BULL LAKE CREEK ABOVE BULL LAKE, WY",484.8579,43.176901,-109.202911,74017042,550.1620858534465,237.7215916214183,65.30418585344648,True,0.7252913149031656
06225000,"BULL LAKE CREEK NEAR LENORE, WY",548.2323,43.242457,-109.022905,74017042,550.1620858534465,237.7215916214183,1.9297858534464467,True,0.9918821599658488
06259000,WIND R BL BOYSEN RES WYO,19954.86,43.424958,-108.178986,74016679,20070.73977548958,167.46912876745537,115.8797754895786,True,0.3080529149316398
09255000,"SLATER FORK NEAR SLATER, CO.",387.9297,40.982466,-107.382839,77007452,392.5209377816449,47.35601002653204,4.59123778164485,True,0.9030484667295128
09070000,"EAGLE RIVER BELOW GYPSUM, CO.",2461.667,39.64943,-106.953655,77006571,2534.114197995643,74.14557420048246,72.44719799564291,True,0.0229059687399183
09080400,"FRYINGPAN RIVER NEAR RUEDI, CO.",612.899,39.365541,-106.825595,77007296,748.4525052218535,136.67763141424695,135.55350522185347,True,0.0082246537400581
09081600,"CRYSTAL RIVER AB AVALANCHE C, NEAR REDSTONE, CO.",432.8928,39.232207,-107.227273,77007381,438.1938209085918,26.02191675248849,5.301020908591795,True,0.7962863013123407
09132500,"NORTH FORK GUNNISON RIVER NEAR SOMERSET, CO.",1362.955,38.925823,-107.434221,77013767,1417.1744224951542,94.7804066801326,54.21942249515428,True,0.427946931287862
09152500,"GUNNISON RIVER NEAR GRAND JUNCTION, CO.",20560.02,38.983316,-108.450645,77013462,20546.995242953628,30.964014767732053,13.024757046372542,True,1.0
09306242,"CORRAL GULCH NEAR RANGELY, CO.",81.9855,39.92025,-108.472872,77008932,98.5026386912933,17.158090748526714,16.517138691293297,True,0.0373556747441991
09110000,"TAYLOR RIVER AT ALMONT, CO.",1237.295,38.664437,-106.845317,77014620,1236.648449122902,44.486490502213286,0.6465508770979795,True,1.0
09124500,"LAKE FORK AT GATEVIEW, CO.",879.2001,38.298883,-107.230056,77014575,880.1062479067058,46.85660605525923,0.906147906705769,True,0.9806612560534768
09126000,"CIMARRON RIVER NEAR CIMARRON, CO.",173.2248,38.257213,-107.546726,77015955,335.5104160070333,183.4696440025612,162.28561600703333,True,0.1154633951065612
09128000,"GUNNISON RIVER BELOW GUNNISON TUNNEL, CO.",10298.7,38.529153,-107.648947,77014029,10366.234026813909,128.8118380890571,67.53402681390617,True,0.475715680982559
09144250,"GUNNISON RIVER AT DELTA, CO.",14613.81,38.753039,-108.078403,77013619,14596.379557533286,3.820620652625378,17.43044246671343,True,1.0
09146200,"UNCOMPAHGRE RIVER NEAR RIDGWAY, CO.",384.2453,38.183879,-107.745892,77015183,386.66994052180064,1.742395203122027,2.4246405218006544,True,1.0
09147000,"DALLAS CREEK NEAR RIDGWAY, CO.",252.0513,38.177768,-107.758393,77015918,255.7613206221197,17.96768429591668,3.710020622119714,True,0.7935170408708233
09352900,"VALLECITO CREEK NEAR BAYFIELD, CO.",188.1514,37.477501,-107.543669,77016387,240.4533680831534,123.15668794410192,52.30196808315341,True,0.5753217388657601
08245000,"CONEJOS RIVER BELOW PLATORO RESERVOIR, CO.",105.8085,37.355006,-106.544203,75000290,157.2912342780484,71.06889846719112,51.4827342780484,True,0.2755940307444705
08284100,"RIO CHAMA NEAR LA PUENTE, NM",1223.974,36.662515,-106.633092,75000124,1260.3072971705526,38.43360527456412,36.33329717055267,True,0.0546476992987555
08285500,"RIO CHAMA BELOW EL VADO DAM, NM",2247.896,36.580015,-106.723926,75000104,2278.5496336624637,49.39044139946346,30.653633662463108,True,0.3793610100679095
08286500,"RIO CHAMA ABOVE ABIQUIU RESERVOIR, NM",4146.737,36.31835,-106.597814,75000739,4207.770593271261,85.11718764124016,61.03359327126054,True,0.2829463124591169
08287000,"RIO CHAMA BELOW ABIQUIU DAM, NM",5561.557,36.236685,-106.416976,75000732,5642.015638453843,81.53075258344188,80.45863845384338,True,0.0131498127470522
09342500,"SAN JUAN RIVER AT PAGOSA SPRINGS, CO.",726.894,37.266117,-107.010873,77015093,726.9864665914588,28.291934985888943,0.0924665914587876,True,0.9967316978670808
09354500,"LOS PINOS RIVER AT LA BOCA, CO.",1343.914,37.009448,-107.5995,77014311,1349.481769539587,74.48473453364056,5.567769539587061,True,0.925249521604022
09355500,"SAN JUAN RIVER NEAR ARCHULETA, NM",8372.682,36.801394,-107.698114,77020839,8372.433484903735,12.40505174133915,0.2485150962656916,True,1.0
08317950,"GALISTEO CREEK BELOW GALISTEO DAM, NM",1536.176,35.465592,-106.216412,75000868,1539.4285239157762,4.546129048873782,3.252523915776237,True,0.2845509045586841
08334000,"RIO PUERCO ABV ARROYO CHICO NR GUADALUPE, NM",1097.247,35.601139,-107.166155,75000851,1113.858647059861,39.77918350745361,16.611647059860843,True,0.5824035187462246
06298000,"TONGUE RIVER NEAR DAYTON, WY",533.6174,44.849412,-107.304525,74011650,587.4595243494471,131.21068564261662,53.84212434944709,True,0.5896513756806449
06309200,"MIDDLE FORK POWDER RIVER NEAR BARNUM, WY",117.5427,43.57774,-107.1384,74019134,237.79119541930567,121.65231620312298,120.24849541930573,True,0.011539614103798
06647500,"BOX ELDER CREEK AT BOXELDER, WY",167.5161,42.611938,-105.859671,74025257,205.3932438143252,63.14817940979126,37.8771438143252,True,0.4001862893223449
09034250,"COLORADO RIVER AT WINDY GAP, NEAR GRANBY, CO.",2041.868,40.108319,-106.004185,77006923,2050.374375406919,35.60263952692062,8.506375406919233,True,0.7610745854815845
09038500,"WILLIAMS FORK BELOW WILLIAMS FORK RESERVOIR, CO.",595.1547,40.035263,-106.205303,77007153,599.4369443760587,28.83195816350069,4.282244376058657,True,0.8514757703318365
09050700,"BLUE RIVER BELOW DILLON, CO.",851.6304,39.625542,-106.066408,77007594,851.0128476565642,1.357181543690541,0.6175523434358183,True,1.0
09057500,"BLUE RIVER BELOW GREEN MOUNTAIN RESERVOIR, CO.",1494.94,39.880264,-106.333918,77006776,1494.942711184371,43.18771230065703,0.0027111843710372,True,0.9999372232464604
09059500,"PINEY RIVER NEAR STATE BRIDGE, CO.",241.8444,39.799987,-106.583923,77008045,306.62186764695565,136.1977409578351,64.77746764695564,True,0.5243866220438279
09109000,"TAYLOR RIVER BELOW TAYLOR PARK RESERVOIR, CO.",659.8449,38.818327,-106.609198,77015250,681.6697126027415,35.653045814922464,21.824812602741417,True,0.3878555925898843
07206000,"CIMARRON RIVER BELOW EAGLE NEST DAM, NM",478.4778,36.531977,-105.229173,74056233,593.0928710906059,119.07746366505292,114.61507109060584,True,0.0374747029127116
07207000,"CIMARRON RIVER NEAR CIMARRON, NM",708.7698,36.519758,-104.978892,74055742,718.8143478399561,85.08040760729659,10.044547839956069,True,0.8819405298771202
07207500,"PONIL CREEK NEAR CIMARRON, NM",480.9231,36.573646,-104.946668,74055910,483.4504743517261,11.372520727532027,2.5273743517261096,True,0.7777648058615955
08289000,"RIO OJO CALIENTE AT LA MADERA, NM",1066.925,36.349742,-106.044188,75000754,1077.1272309558726,10.611781997614688,10.202230955872665,True,0.0385939931515821
07216500,"MORA RIVER NEAR GOLONDRINAS, NM",690.4917,35.890873,-105.163619,74055532,693.6941000998428,40.79335179275677,3.202400099842748,True,0.9214970097060924
07218000,"COYOTE CREEK NEAR GOLONDRINAS, NM",626.4666,35.916706,-105.164175,74055551,644.7463445891877,28.62290780585145,18.27974458918777,True,0.3613596244945177
08279000,"EMBUDO CREEK AT DIXON, NM",825.1877,36.210856,-105.913631,75000893,828.2410583707222,21.36131936687366,3.053358370722208,True,0.8570613397851613
08377900,"RIO MORA NEAR TERRERO, NM",139.0311,35.777254,-105.658073,75001068,139.62189115866457,4.103296469259148,0.5907911586645582,True,0.8560203575124012
08379500,"PECOS RIVER NEAR ANTON CHICO, NM",2701.843,35.17894,-105.10889,75000822,2713.347761713825,22.97662079684484,11.504761713825246,True,0.49928399761008
08382830,"PECOS RIVER BELOW SANTA ROSA DAM, NM",6839.237,35.031168,-104.686378,75000801,6893.471862615528,57.11085687906369,54.23486261552807,True,0.0503581003805588
08383500,"PECOS RIVER NEAR PUERTO DE LUNA, NM",10462.74,34.730062,-104.524986,75001911,10489.431398095025,41.6200687949999,26.69139809502485,True,0.3586892365196795
08390500,"RIO HONDO AT DIAMOND A RANCH NR ROSWELL, NM",2449.408,33.349264,-104.85192,75002278,2543.4087208230503,166.62586086589252,94.0007208230504,True,0.4358575533559815
08390800,"RIO HONDO BLW DIAMOND A DAM NR ROSWELL, NM",2497.768,33.301489,-104.720528,75002278,2543.4087208230503,166.62586086589252,45.64072082305029,True,0.7260886120205323
08401900,"ROCKY ARROYO AT HWY BRD NR CARLSBAD, NM",754.6581,32.506504,-104.374958,75006527,759.8613346751781,65.37757722705393,5.203234675178123,True,0.9204125497476378
08405150,"DARK CANYON AT CARLSBAD, NM",1160.815,32.406785,-104.226615,75006224,1165.7513804540322,1.731568186327735,4.9363804540321325,True,1.0
06430500,REDWATER CR AT WY-SD STATE LINE,1237.325,44.5719,-104.05355,74009560,1248.423280270646,15.382614107394897,11.098280270646,True,0.27851792984193
06433000,REDWATER RIVER ABOVE BELLE FOURCHE SD,2397.315,44.667207,-103.83937,74009545,2408.843444052128,1.676722688624899,11.52844405212727,True,1.0
06409000,CASTLE CR ABOVE DEERFIELD RES NEAR HILL CITY SD,205.3285,44.013592,-103.830478,74018904,275.92699130046486,70.834400048845,70.59849130046487,True,0.003330426293121
06714215,"SOUTH PLATTE R AT 64TH AVE. COMMERCE CITY, CO.",10080.27,39.812208,-104.958313,74038417,10075.80047559309,66.22694318055703,4.469524406909841,True,1.0
07109500,"ARKANSAS RIVER NEAR AVONDALE, CO.",16200.62,38.248058,-104.399136,74045859,16181.623396722543,48.279856089120976,18.996603277457325,True,1.0
07124410,"PURGATOIRE RIVER BELOW TRINIDAD LAKE, CO.",1740.91,37.143908,-104.547764,74046113,1729.3604270825783,33.943122775168554,11.549572917421756,True,1.0
07226500,"UTE CREEK NEAR LOGAN, NM",5242.753,35.438382,-103.525794,74061640,5300.890268959574,47.894342673278416,58.13726895957461,True,1.0
08384500,"PECOS RIVER BELOW SUMNER DAM, NM",11624.61,34.604231,-104.387758,75001908,11650.411374917348,25.32696856907936,25.801374917347857,True,1.0
08405500,"BLACK RIVER ABOVE MALAGA, NM",961.7706,32.229009,-104.151051,75006364,1011.9678550221292,128.8017276447221,50.1972550221293,True,0.610274986678828
08408500,"DELAWARE RIVER NR RED BLUFF, NM",2024.692,32.02318,-104.054652,75006268,2037.503196332863,33.483538750235034,12.811196332862892,True,0.6173882208679939
06332515,"BEAR DEN CREEK NR MANDAREE, ND",191.4867,47.787237,-102.768526,74002470,191.53311316513168,7.26294991162638,0.0464131651316677,True,0.9936095986208896
06339100,"KNIFE RIVER AT MANNING, ND",529.1415,47.236126,-102.769907,74005665,623.0908299710892,162.07412324857515,93.94932997108924,True,0.4203310924162893
06403300,FRENCH CR ABOVE FAIRBURN SD,271.5093,43.717211,-103.367971,74018506,448.7273895214714,272.29857901578714,177.21808952147143,True,0.3491773252654513
06410500,"RAPID CR ABOVE PACTOLA RES AT SILVER CITY,  SD",762.5259,44.084708,-103.58047,74017872,884.7775424069928,139.95050968322116,122.2516424069928,True,0.1264651862739896
06411500,RAPID CR BELOW PACTOLA DAM SD,836.325,44.076654,-103.482134,74017872,884.7775424069928,139.95050968322116,48.452542406992734,True,0.6537880246619654
06412500,RAPID CR ABOVE CANYON LAKE NEAR RAPID CITY SD,973.4481,44.052766,-103.311851,74017479,1025.8985247987512,71.65147333414207,52.450424798751214,True,0.2679784188923512
06414000,RAPID CR AT RAPID CITY SD,1074.585,44.085821,-103.242404,74017422,1102.588712223313,51.55907085565056,28.00371222331296,True,0.4568615811228506
06418900,"RAPID CR BL SEWAGE TREATMENT PL NR RAPID CITY, SD",1186.315,44.023322,-103.095733,74017372,1221.790374788123,90.72281111541248,35.47537478812296,True,0.6089696256987321
06847900,"PRAIRIE DOG C AB KEITH SEBELIUS LAKE, KS",1536.188,39.769849,-100.100779,74038522,1614.444138118026,97.28006206858532,78.256138118026,True,0.195558303993956
08190000,"Nueces Rv at Laguna, TX",1961.433,29.428567,-99.997287,75018147,1961.273363250824,47.17359798456671,0.1596367491761157,True,1.0
08190500,"W Nueces Rv nr Brackettville, TX",1799.09,29.472731,-100.236463,75018192,1862.9335560829163,92.535621395262,63.84355608291662,True,0.3100650849880657
06470000,"JAMES RIVER AT JAMESTOWN, ND",7459.441,46.889722,-98.681667,74004602,7443.732603023137,34.16444205007759,15.708396976862788,True,1.0
06470500,"JAMES RIVER AT LAMOURE, ND",11189.83,46.355525,-98.304543,74004593,11248.342246993894,22.721994312192788,58.51224699389422,True,1.0
06853800,"WHITE ROCK C NR BURR OAK, KS",589.4253,39.899249,-98.250425,74039096,681.0463194628338,159.85118316936502,91.62101946283384,True,0.426835525103622
07142300,"RATTLESNAKE C NR MACKSVILLE, KS",1819.941,37.871594,-98.876137,74046764,1711.4214797962234,173.25871891352557,108.51952020377666,True,1.0
07148400,"Salt Fork Arkansas River nr Alva, OK",2544.504,36.815031,-98.648139,74053957,2612.6410801785582,81.121498113163,68.13708017855834,True,0.1600613676597989
08101000,"Cowhouse Ck at Pidcoke, TX",1177.1,31.28489,-97.885024,75011886,1213.529755838383,33.0490873743436,36.42975583838302,True,1.0
06470800,"BEAR CREEK NR OAKES, ND",1071.145,46.225244,-98.071768,74005251,1093.2498792663166,42.525425817205466,22.10487926631663,True,0.4801961687265889
05292000,"MINNESOTA RIVER AT ORTONVILLE, MN",3024.005,45.295521,-96.444223,74010687,3100.0510289394824,55.04150142849188,76.04602893948231,True,1.0
06600500,"Floyd River at James, IA",2297.873,42.57666,-96.311416,74023083,2388.7845205621493,161.19871786006755,90.91152056214924,True,0.4360282651809478
06800000,"MAPLE CREEK NEAR NICKERSON, NE",953.9042,41.560397,-96.540783,74024079,1038.447657187501,217.50829572398456,84.54345718750074,True,0.6113092748665303
06878000,"CHAPMAN C NR CHAPMAN, KS",776.4183,39.031109,-97.040292,74039032,852.0150565927246,155.1908079868385,75.59675659272455,True,0.5128786454985415
07151500,"CHIKASKIA R NR CORBIN, KS",2108.996,37.128912,-97.601439,74046594,2111.8126881152107,45.27998992048321,2.8166881152105816,True,0.9377939765411388
07315700,"Mud Creek near Courtney, OK",1488.686,34.004265,-97.566968,74062345,1490.2167154154947,45.39925668035539,1.5307154154947966,True,0.9662832493872714
08110500,"Navasota Rv nr Easterly, TX",2440.069,31.170182,-96.297743,75011842,2446.307968582258,76.70625667469712,6.238968582258167,True,0.918664150061227
08164000,"Lavaca Rv nr Edna, TX",2123.997,28.959984,-96.686367,75017965,2149.8629861389645,201.3527377018925,25.865986138964672,True,0.8715389399012797
08176900,"Coleto Ck at Arnold Rd nr Schroeder, TX",925.4421,28.861653,-97.226379,75018660,1019.8170979860672,91.371381223046,94.37499798606724,True,1.0
08177500,"Coleto Ck nr Victoria, TX",1294.516,28.731103,-97.1386,75018528,1384.8602337651655,107.50019234934489,90.34423376516544,True,0.159590026857138
08189500,"Mission Rv at Refugio, TX",1808.286,28.291951,-97.279159,75018442,1851.413213111412,85.41566814642252,43.12721311141195,True,0.4950901392297046
05046000,"OTTER TAIL RIVER BL ORWELL D NR FERGUS FALLS, MN",4501.151,46.209682,-96.185061,71048405,4515.693566202892,118.58140444445588,14.542566202891976,True,0.8773621692960822
05245100,"LONG PRAIRIE RIVER AT LONG PRAIRIE, MN",1462.141,45.974964,-94.865855,74004528,1368.9429355855978,48.15992808669412,93.19806441440232,True,1.0
05476000,"DES MOINES RIVER AT JACKSON, MN",3220.708,43.619403,-94.98638,74017241,3398.213589213321,205.08293850900665,177.50558921332097,True,0.1344692517874887
05482300,"North Raccoon River near Sac City, IA",1839.541,42.354427,-94.990822,74023864,1905.000957761592,42.82562102593877,65.45995776159225,True,1.0
06607200,"Maple River at Mapleton, IA",1734.38,42.156934,-95.810007,74023668,1942.37141224163,222.257056968318,207.99141224162983,True,0.0641853398100275
06609500,"Boyer River at Logan, IA",2252.106,41.64249,-95.782786,74023639,2343.268365549965,102.83057247574214,91.16236554996476,True,0.1134702126503275
06807410,"West Nishnabotna River at Hancock, IA",1588.396,41.389992,-95.371667,74029997,1640.8407771163909,116.0360893320022,52.444777116390696,True,0.5480304669150318
06808500,"West Nishnabotna River at Randolph, IA",3428.401,40.873055,-95.580275,74029853,3471.876364143201,45.16127571772278,43.47536414320166,True,0.0373309112226764
06809210,"East Nishnabotna River near Atlantic, IA",1138.358,41.346101,-95.076936,74029704,1143.4472945430866,36.44946283944336,5.08929454308668,True,0.860373949391118
06809500,"East Nishnabotna River at Red Oak, IA",2317.012,41.008604,-95.241658,74029674,2423.314532339064,214.93271542150543,106.30253233906387,True,0.5054148358448199
06817000,"Nodaway River at Clarinda, IA",1971.839,40.739407,-95.013229,74030678,2060.971144705896,111.669043918036,89.13214470589628,True,0.2018186815379345
06810000,"Nishnabotna River above Hamburg, IA",7281.761,40.632501,-95.625826,74029660,7365.75657694554,116.9434974815962,83.99557694554005,True,0.2817422194957122
06811500,"LITTLE NEMAHA RIVER AT AUBURN, NE",2051.853,40.392717,-95.812833,74030766,2095.4231741497338,62.365073457654006,43.5701741497337,True,0.3013689917431441
06814000,"TURKEY C NR SENECA, KS",713.826,39.947777,-96.108615,74038029,749.0191869554455,55.21770560409873,35.193186955445526,True,0.362646698727859
06821150,"Little Platte River at Smithville, MO",601.344,39.388055,-94.579121,74039033,600.5374490382221,2.225195392423656,0.8065509617779298,True,1.0
06889500,"SOLDIER C NR TOPEKA, KS",748.5822,39.09938,-95.724952,74038882,739.4460026355151,53.24949923655182,9.136197364484817,True,1.0
06891500,"WAKARUSA R NR LAWRENCE, KS",1103.721,38.911295,-95.261101,74038755,1102.0442258754374,1.75177114027391,1.6767741245625984,True,1.0
06893080,"BLUE R NR STANLEY, KS",117.81,38.812522,-94.675913,74040692,133.0230083869004,15.37097553332822,15.213008386900412,True,0.0102769759853754
06912500,"HUNDRED AND TEN MILE C NR QUENEMO, KS",836.8893,38.644923,-95.559801,74038929,884.5729507133632,65.75018653654111,47.683650713363136,True,0.274775430684708
06913000,"MARAIS DES CYGNES R NR POMONA, KS",2727.127,38.584178,-95.45359,74037553,2740.901984429362,30.45808384826392,13.77498442936212,True,0.5477396247910297
06917000,"L OSAGE R AT FULTON, KS",765.7839,38.018968,-94.713668,74047164,772.748520126839,7.816884592867146,6.964620126839009,True,0.1090286617261592
07185000,"Neosho River near Commerce, OK",15347.65,36.928681,-94.957458,74054132,15349.591839961568,22.65204995516595,1.9418399615678936,True,0.9142753099427524
07176000,"Verdigris River near Claremore, OK",16709.18,36.307319,-95.698037,74054046,16767.882157730568,59.14424661905274,58.702157730567706,True,0.0074747572884396
07191000,"Big Cabin Creek near Big Cabin, OK",1166.19,36.568418,-95.152189,74055425,1223.6429043215155,60.74592860825247,57.45290432151546,True,0.0542097941735908
07195500,"Illinois River near Watts, OK",1629.999,36.130082,-94.572164,74055277,1761.1139127300949,149.9376280271126,131.11491273009483,True,0.1255369685694516
07196500,"Illinois River near Tahlequah, OK",2454.301,35.922869,-94.923566,74054907,2477.404511955789,50.38913506901063,23.103511955789145,True,0.5414981439124199
07198000,"Illinois River near Gore, OK",4179.993,35.573151,-95.068846,74054789,4235.981596898103,174.83112878576924,55.988596898102514,True,0.6797561321776479
07339000,"Mountain Fork near Eagletown, OK",2072.373,34.041778,-94.619936,74067549,2075.862658121653,163.22115771205142,3.489658121653065,True,0.9786200626771108
08068000,"W Fk San Jacinto Rv nr Conroe, TX",2147.319,30.244657,-95.457162,75012252,2165.6608725227507,33.656320316904576,18.34187252275069,True,0.4550244248317868
05449500,"Iowa River near Rowan, IA",1083.9,42.759944,-93.621849,74023119,1169.9743440762643,50.09770260238101,86.07434407626442,True,1.0
05463000,"Beaver Creek at New Hartford, IA",903.0069,42.572759,-92.61797,74024061,924.8970361716432,121.54925990959144,21.890136171643235,True,0.8199072854254714
05481950,"Beaver Creek near Grimes, IA",975.159,41.688322,-93.735778,74023764,1003.371737409948,35.42462062793843,28.212737409947977,True,0.2035839224288725
05483600,"Middle Raccoon River at Panora, IA",1115.563,41.687209,-94.371077,74023756,1109.939178813512,58.53491761205128,5.623821186488158,True,1.0
05484000,"South Raccoon River at Redfield, IA",2548.053,41.589432,-94.151346,74023632,2587.2739128782528,61.50804342583608,39.22091287825288,True,0.3623449764656573
05486000,"North River near Norwalk, IA",904.6017,41.457907,-93.654969,74029850,928.1837763098212,88.91364710682569,23.58207630982122,True,0.7347755144776771
05486490,"Middle River near Indianola, IA",1293.125,41.424158,-93.587439,74022904,1383.4799352559469,215.24882860628327,90.35493525594666,True,0.5802303044295911
05487470,"South River near Ackworth, IA",1193.412,41.337216,-93.486325,74030967,1232.3539729678917,43.38260813707586,38.941972967891616,True,0.1023598017701745
05487980,"White Breast Creek near Dallas, IA",882.7254,41.246885,-93.26607,74030833,937.208400981353,103.7624612637538,54.48300098135292,True,0.4749257070641127
05489000,"Cedar Creek near Bussey, IA",964.7559,41.219002,-92.908533,74030911,1007.5639156764812,46.63708144054865,42.80801567648132,True,0.0821034602893942
06903400,"Chariton River near Chariton, IA",481.4154,40.95189,-93.259848,74031165,512.2300151920259,32.326415105062125,30.81461519202594,True,0.0467667048178022
06903900,"Chariton River near Rathbun, IA",1407.987,40.821872,-92.891254,74030675,1438.0561030076176,8.398898165054778,30.069103007617517,True,1.0
06904010,"Chariton River near Moulton, IA",1919.11,40.692517,-92.772418,74030561,1936.595701928668,99.30428125478892,17.48570192866805,True,0.8239179448486789
06904050,"Chariton River at Livonia, MO",2246.616,40.484017,-92.685914,74030426,2256.5538577799884,74.45868298138733,9.937857779988462,True,0.8665319156602238
06904500,"Chariton River at Novinger, MO",3537.129,40.234333,-92.686375,74030321,3539.788573696861,43.794094832670574,2.6595736968611163,True,0.9392709517796208
06919020,"Sac River at Hwy J below Stockton, MO",3322.945,37.735875,-93.779683,74046825,3327.174429844388,16.9590279166182,4.229429844387596,True,0.7506089461505535
06919900,"Sac River near Caplinger Mills, MO",4647.281,37.869831,-93.803164,74046670,4692.345485349308,48.556265704049856,45.06448534930769,True,0.0719120448023031
06921350,"Pomme de Terre River near Hermitage, MO",1635.647,37.906061,-93.328917,74046746,1671.016284138242,36.97953233404258,35.36928413824194,True,0.0435443093561862
07341200,"Saline River near Lockesburg, AR",654.9975,33.96206,-94.061304,74067528,690.7158384611087,40.66340972384727,35.718338461108715,True,0.1216098526001988
07346045,"Black Cypress Bayou at Jefferson, TX",959.8869,32.777917,-94.357415,74067846,961.0588269182408,88.9853162693964,1.1719269182409562,True,0.9868301089733386
08025360,"Sabine Rv at Toledo Bd Res nr Burkeville, TX",19189.52,31.173799,-93.566008,75011579,19223.579378081293,40.90815657485413,34.05937808129238,True,0.167418409114324
08026000,"Sabine Rv nr Burkeville, TX",19466.7,31.06408,-93.519616,75011569,19410.346897920903,56.141787546164856,56.35310207909788,True,1.0
08028000,"Bayou Anacoco near Rosepine, LA",945.0702,30.95297,-93.352944,75011727,964.5061391819188,30.60994993755225,19.43593918191891,True,0.3650450516394042
05124480,"KAWISHIWI RIVER NEAR ELY, MN",707.2242,47.922675,-91.535126,71047286,668.460665924568,92.8571389680218,38.76353407543195,True,1.0
04015330,"KNIFE RIVER NEAR TWO HARBORS, MN",224.3547,46.94688,-91.792401,72041760,240.6917990900569,18.29445533684649,16.33709909005691,True,0.1069917748711165
04025500,"BOIS BRULE RIVER AT BRULE, WI",302.7636,46.537778,-91.595278,72041865,309.9647091039918,5.891775821149738,7.201109103991826,True,1.0
04027000,"BAD RIVER NEAR ODANAH, WI",1619.847,46.486614,-90.696297,72040349,1621.4179625068316,91.2845977518594,1.57096250683162,True,0.9827904975700064
05356000,"CHIPPEWA RIVER AT BISHOPS BRIDGE NEAR WINTER, WI",2105.661,45.848611,-91.078889,74009437,2031.774117168848,127.34950737163672,73.8868828311522,True,1.0
05356500,"CHIPPEWA RIVER NEAR BRUCE, WI",4268.439,45.451631,-91.261266,74009402,4358.654355781435,85.21221089341039,90.21535578143448,True,1.0
05360500,"FLAMBEAU RIVER NEAR BRUCE, WI",4889.991,45.371389,-91.208333,74009856,5071.064067346517,328.739101381577,181.07306734651684,True,0.4491891393949511
05369000,"RED CEDAR RIVER AT MENOMONIE, WI",4627.409,44.875278,-91.938056,74010605,4623.213265496484,9.319648081418222,4.195734503516178,True,1.0
05382000,"BLACK RIVER NEAR GALESVILLE, WI",5376.456,44.060239,-91.28737,74016667,5456.086394396017,70.58869196163309,79.63039439601653,True,1.0
05408000,"KICKAPOO RIVER AT LA FARGE, WI",689.3334,43.57414,-90.643186,74017888,689.0099906907234,22.065325921790578,0.3234093092765988,True,1.0
05410490,"KICKAPOO RIVER AT STEUBEN, WI",1779.488,43.18276,-90.85846,74017323,1784.6090111638923,83.62835295834086,5.12101116389249,True,0.9387646535805446
05413500,"GRANT RIVER AT BURTON, WI",695.3256,42.720271,-90.819294,74024219,711.3568350890204,48.55757743048939,16.031235089020356,True,0.6698510111636188
05464500,"Cedar River at Cedar Rapids, IA",16861.9,41.971945,-91.667124,74022953,16793.740671463514,80.60359315924559,68.15932853648701,True,1.0
05454500,"Iowa River at Iowa City, IA",8478.728,41.656683,-91.541002,74022922,8526.030023023386,65.05703899856685,47.30202302338694,True,0.2729146030696392
05455500,"English River at Kalona, IA",1486.906,41.469739,-91.714613,74029080,1466.5579001197482,24.89533093765885,20.34809988025177,True,1.0
05455700,"Iowa River near Lone Tree, IA",11127.56,41.423799,-91.478661,74029076,11126.68607550334,10.033983481288832,0.8739244966600381,True,1.0
05465000,"Cedar River near Conesville, IA",20153.82,41.409192,-91.290434,74029777,20062.048985032165,15.732200821595312,91.77101496783509,True,1.0
05466500,"EDWARDS RIVER NEAR NEW BOSTON, IL",1151.567,41.186977,-90.967366,74030666,1185.0464456041036,116.67246566426692,33.4794456041036,True,0.7130475865621713
05473400,"Cedar Creek near Oakland Mills, IA",1381.734,40.925305,-91.67422,74030572,1397.8914206165305,61.42080032724294,16.157420616530544,True,0.7369389436404985
05495500,"BEAR CREEK NEAR MARCELLINE, IL",905.5557,40.142824,-91.33737,74031472,923.8907625302212,63.73513489811813,18.335062530221307,True,0.7123240962848786
06906200,"East Fork Little Chariton R. nr Macon, MO",268.9155,39.751447,-92.518956,74037925,424.62415517161537,166.24117533733562,155.70865517161536,True,0.0633568677816896
06906300,"East Fork Little Chariton R. nr Huntsville, MO",564.9921,39.454914,-92.568497,74037822,599.3092079238054,33.75277125002858,34.31710792380534,True,1.0
07071500,"Eleven Point River near Bardley, MO",2023.769,36.648681,-91.200819,74055028,2118.549678520273,203.06286358484212,94.78067852027311,True,0.5332446472632718
07056000,"Buffalo River near St. Joe, AR",2149.364,35.983175,-92.747553,74054948,2155.9432215274524,12.229993478187664,6.579221527452319,True,0.4620421066301926
08013500,"CALCASIEU RIVER NEAR OBERLIN, LA.",1966.531,30.640476,-92.814037,74071381,2037.5036627092984,20.511189141212977,70.97266270929845,True,1.0
08015500,"CALCASIEU RIVER NR KINDER, LA",4442.451,30.502556,-92.915417,74071317,4428.94843405376,8.758252635602556,13.502565946239883,True,1.0
04034500,"MIDDLE BRANCH ONTONAGON RIVER NR TROUT CREEK, MI",502.9371,46.477722,-89.090419,72040348,574.7402711030143,91.35121077058382,71.80317110301428,True,0.2139877457854586
04040000,"ONTONAGON RIVER NEAR ROCKLAND, MI",3494.206,46.720774,-89.207086,72040301,3573.613271094541,77.6212232920999,79.4072710945411,True,1.0
04040500,"STURGEON RIVER NEAR SIDNAW, MI",419.8266,46.584106,-88.57597,72041505,503.47805505526566,79.67272987600708,83.65145505526567,True,1.0
05391000,"WISCONSIN RIVER @ RAINBOW LAKE NR LAKE TOMAHAWK,WI",1947.559,45.830509,-89.552364,74010123,2136.2557498423103,230.6071463576836,188.69674984231028,True,0.1817393657452754
05398000,"WISCONSIN RIVER AT ROTHSCHILD, WI",10421.35,44.885802,-89.634844,74009947,10460.651418518191,48.61473711958072,39.301418518190985,True,0.1915739784518669
05399500,"BIG EAU PLEINE RIVER AT STRATFORD, WI",576.3033,44.82191,-90.079575,74011273,630.1351629386244,68.54990862192125,53.83186293862434,True,0.2147055478144035
05400760,"WISCONSIN RIVER AT WISCONSIN RAPIDS, WI",14080.47,44.394687,-89.825402,74016607,13990.953824400043,37.53251943782432,89.51617559995611,True,1.0
05404000,"WISCONSIN RIVER NEAR WISCONSIN DELLS, WI",20976.56,43.60498,-89.756791,74016584,20973.19633960455,47.71438191147109,3.3636603954510065,True,1.0
05439500,SOUTH BRANCH KISHWAUKEE RIVER NR FAIRDALE IL,1002.794,42.110581,-88.900653,74023855,1123.4273189362912,123.1843570889075,120.63331893629118,True,0.0207091079817475
05447500,"GREEN RIVER NEAR GENESEO, IL",2575.741,41.488923,-90.157619,74029895,2606.2469692097875,18.446524554010374,30.50596920978751,True,1.0
05593000,"KASKASKIA RIVER AT CARLYLE, IL",7055.184,38.611715,-89.35619,74045947,7112.819489105085,140.59966573604518,57.63548910508507,True,0.5900737828688223
05594100,"KASKASKIA RIVER NEAR VENEDY STATION, IL",11361.84,38.450605,-89.627593,74045256,11301.498458390684,0.511405845681025,60.34154160931576,True,1.0
07063000,"Black River at Poplar Bluff, MO",3231.511,36.759569,-90.3881,74054225,3289.2286813535247,79.6415981230288,57.71768135352477,True,0.2752822304700163
02488500,"PEARL RIVER NR MONTICELLO, MS",12917.69,31.553333,-90.088056,74069959,12878.984743697249,87.22128544129112,38.70525630275188,True,1.0
04057510,"STURGEON RIVER NEAR NAHMA JUNCTION, MI",473.5728,45.943024,-86.7057,72046585,524.8497068015309,97.12810633112656,51.27690680153097,True,0.4720693243342035
04060993,"BRULE RIVER AT US HIGHWAY 2 NEAR FLORENCE, WI",975.5613,45.960787,-88.315966,72047020,1012.0306350079976,40.67381600851325,36.46933500799753,True,0.1033707041315154
04062500,"MICHIGAMME RIVER NEAR CRYSTAL FALLS, MI",1673.412,46.113838,-88.215969,72046134,1827.172439395389,173.31432901709778,153.76043939538886,True,0.1128232716394724
04063000,"MENOMINEE RIVER NEAR FLORENCE, WI",4592.196,45.951064,-88.187077,72046122,4642.867222942967,39.16283373421736,50.67122294296678,True,1.0
04063500,"MENOMINEE RIVER AT TWIN FALLS NEAR IRON MT, MI",4705.535,45.871343,-88.070129,72046118,4761.627595060348,86.28256434904651,56.092595060347776,True,0.3498965233180666
04059500,"FORD RIVER NEAR HYDE, MI",1184.366,45.755523,-87.201524,72046928,1246.8656957074722,76.64674349632308,62.499695707472256,True,0.1845746752375656
04063700,"POPPLE RIVER NEAR FENCE, WI",362.5712,45.76357,-88.463178,72047270,414.7964412828302,112.7634747282832,52.22524128283021,True,0.5368603050883892
04066003,"MENOMINEE RIVER BELOW PEMENE CREEK NEAR PEMBINE,WI",8177.98,45.57941,-87.787063,72046094,8232.541244879923,35.581453369951404,54.56124487992384,True,1.0
04069500,"PESHTIGO RIVER AT PESHTIGO, WI",2882.103,45.047486,-87.74455,72051159,2952.2073487928387,46.24627020801297,70.10434879283866,True,1.0
04084500,"FOX R AT RAPIDE CROCHE DAM NEAR WRIGHTSTOWN, WI",15584.42,44.317489,-88.197326,72050993,15636.047830733154,23.85800833070784,51.62783073315404,True,1.0
04087120,"MENOMONEE RIVER AT WAUWATOSA, WI",320.58,43.045569,-87.999809,72055822,339.70142750922594,34.005699715132664,19.121427509225956,True,0.4376993365992452
05528000,"DES PLAINES RIVER NEAR GURNEE, IL",603.7821,42.344189,-87.938409,72058014,626.3905968578432,70.55912967724754,22.608496857843196,True,0.679580842886537
05524500,"IROQUOIS RIVER NEAR FORESMAN, IN",1167.568,40.870593,-87.306691,74031007,1096.3580929609743,50.00727037976235,71.20990703902567,True,1.0
05525000,"IROQUOIS RIVER AT IROQUOIS, IL",1746.274,40.822813,-87.581419,74030714,1749.0399610210668,53.62396391746513,2.7659610210669143,True,0.9484193107148118
05554500,"VERMILION RIVER AT PONTIAC, IL",1500.099,40.877811,-88.636173,74030947,1485.2030819674787,27.22645654464301,14.895918032521196,True,1.0
05573540,"SANGAMON RIVER AT RT 48 AT DECATUR, IL",2433.287,39.831148,-88.976467,74037478,2438.644039518053,10.619337397428252,5.3570395180531705,True,0.4955391925535282
05578500,"SALT CREEK NEAR ROWELL, IL",862.6382,40.115038,-89.049251,74030978,865.8374171679683,9.111291079352954,3.1992171679683,True,0.648873344062289
05592000,"KASKASKIA RIVER AT SHELBYVILLE, IL",2742.167,39.407262,-88.781457,74037736,2764.6295580835217,102.22410657717496,22.4625580835218,True,0.7802616346021718
05592100,"KASKASKIA RIVER NEAR COWDEN, IL",3451.515,39.229764,-88.841732,74037679,3502.006555073641,52.08037488231261,50.49155507364094,True,0.0305070731971874
03346000,"NORTH FORK EMBARRAS RIVER NEAR OBLONG, IL",814.6935,39.010042,-87.945588,74038919,833.1299084510276,24.17658376803063,18.43640845102766,True,0.2374270646373687
03378000,"BONPAS CREEK AT BROWNS, IL",590.5197,38.386437,-87.975588,74045756,593.0445044955858,29.225424961206325,2.5248044955858404,True,0.9136093145287963
05597000,"BIG MUDDY RIVER AT PLUMFIELD, IL",2045.145,37.901439,-89.013962,74047008,2059.3425902899585,23.23276944135422,14.197590289958498,True,0.388898068058694
02430680,"TWENTYMILE CREEK NR GUNTOWN, MS",342.171,34.452778,-88.577222,73012173,347.20049749206487,19.032745431184548,5.029497492064877,True,0.7357450342490156
02439400,"BUTTAHATCHEE RIVER NR ABERDEEN, MS",2057.115,33.79,-88.315278,73011578,2254.758145881204,199.2452207971736,197.643145881204,True,0.0080407194188134
02481880,"PEARL RIVER AT BURNSIDE, MS",1341.208,32.841389,-89.097778,74067837,1333.3394339990414,6.785220657168328,7.868566000958708,True,1.0
02482000,"PEARL RIVER AT EDINBURG, MS",2335.163,32.798889,-89.335,74067733,2326.618769673252,9.224290674429971,8.54423032674822,True,1.0
02482550,"PEARL RIVER NR CARTHAGE, MS",3478.06,32.707222,-89.526389,74067683,3508.6974650915545,17.339869816140588,30.63746509155453,True,1.0
02484000,"YOCKANOOKANY RIVER NR KOSCIUSKO, MS",783.5094,33.032222,-89.577778,74067904,790.4284021146251,59.41021455379447,6.919002114625073,True,0.8835385098910881
02472000,"LEAF RIVER NR COLLINS, MS",1927.134,31.706944,-89.406944,73017623,1932.7367041236955,20.38542811218852,5.602704123695276,True,0.7251613214664155
02472500,"BOUIE CREEK NR HATTIESBURG, MS",789.9363,31.425833,-89.414722,73018136,790.276604624753,50.06518725428338,0.3403046247530028,True,0.9932027693609816
02476600,"OKATIBBEE CREEK AT ARUNDEL, MS",909.0108,32.298333,-88.753611,73015079,916.1261173532648,42.31700390106872,7.1153173532648,True,0.8318567786627942
02479300,"RED CREEK AT VESTRY, MS",1144.201,30.736111,-88.781111,73018069,1149.4209659538374,107.93814103687588,5.219965953837345,True,0.9516392824288682
02479560,ESCATAWPA RIVER NEAR AGRICOLA MS,1454.328,30.809077,-88.458627,73018026,1419.096465177599,27.388497561415004,35.231534822401045,True,1.0
04127918,"PINE RIVER NEAR RUDYARD, MI",548.2863,46.185851,-84.597826,72046420,574.8667052549812,39.12021912520958,26.5804052549812,True,0.3205455938294466
04101500,"ST. JOSEPH RIVER AT NILES, MI",9623.396,41.829214,-86.259732,72058127,9595.706701161342,26.24106998024536,27.689298838658942,True,1.0
03324000,"LITTLE RIVER NEAR HUNTINGTON, IND",682.6779,40.903935,-85.406086,74031699,632.2674059699242,75.56594030056112,50.410494030075824,True,1.0
03324300,"SALAMONIE RIVER NEAR WARREN, IND.",1088.451,40.712545,-85.453585,74030865,1175.7858238930032,107.52568279962992,87.3348238930032,True,0.1877770815392228
03325000,"WABASH RIVER AT WABASH, IND.",4696.833,40.790877,-85.820263,74030316,4772.534402047747,118.75893911336578,75.70140204774725,True,0.3625624932916953
03329700,"DEER CREEK NEAR DELPHI, IND.",713.9088,40.590315,-86.621393,74031174,621.2359798786804,45.21511073736861,92.67282012131966,True,1.0
03334500,"SOUTH FORK WILDCAT CREEK NEAR LAFAYETTE, IND.",634.6143,40.417814,-86.768063,74031009,623.5026723660711,71.01738796385649,11.111627633928832,True,1.0
05516500,"YELLOW RIVER AT PLYMOUTH, IND.",764.811,41.340322,-86.30445,74029277,863.4216640223049,59.65188249324931,98.61066402230485,True,1.0
05517000,"YELLOW RIVER AT KNOX, IND.",1127.209,41.30282,-86.620569,74029256,1190.3792956857983,44.8848331088971,63.17029568579847,True,1.0
03339500,"SUGAR CREEK AT CRAWFORDSVILLE, IND.",1323.926,40.048931,-86.899452,74029774,1275.7192022161917,12.01447647972188,48.20679778380827,True,1.0
03352500,"FALL CREEK AT MILLERSVILLE, IND.",772.2104,39.851985,-86.087486,74037899,856.492039719803,74.97986395846546,84.28163971980291,True,1.0
03353500,"EAGLE CREEK AT INDIANAPOLIS, IND",450.9819,39.777821,-86.250267,74037334,448.9714546384774,38.36948847253852,2.010445361522613,True,1.0
03353800,"WHITE LICK CREEK AT MOORESVILLE, IN",549.6057,39.607824,-86.382216,74039275,566.9540639844635,8.714391385989702,17.348363984463504,True,1.0
03358000,"MILL CREEK NEAR CATARACT, IND.",633.5784,39.433379,-86.76334,74039500,666.0491999449307,42.25039125626245,32.47079994493072,True,0.2314674733309642
03360000,"EEL RIVER AT BOWLING GREEN, IN",2151.338,39.38282,-87.020568,74038650,2187.2631644956,27.623948806558555,35.9251644955998,True,1.0
03362500,"SUGAR CREEK NEAR EDINBURGH, IN",1221.927,39.360884,-85.997492,74038701,1217.9205150840053,39.26790982875431,4.006484915994633,True,1.0
03363500,"FLATROCK RIVER AT ST. PAUL, IND.",772.065,39.417549,-85.634142,74038791,769.2153673066645,13.411894674118956,2.849632693335593,True,1.0
03363900,"FLATROCK RIVER AT COLUMBUS, IN",1385.573,39.235051,-85.92666,74038588,1383.8559466552829,18.3524066831786,1.7170533447172147,True,1.0
03302800,"BLUE RIVER AT FREDERICKSBURG, IN",731.1042,38.43395,-86.191645,74045612,759.2982135871239,36.42442334115505,28.19401358712389,True,0.2259585464660417
03303000,"BLUE RIVER NEAR WHITE CLOUD, IND",1231.501,38.237566,-86.228308,74045586,1290.9650391137782,66.65257491080447,59.4640391137782,True,0.1078508340697428
03375500,"PATOKA RIVER AT JASPER, IN",678.1401,38.413665,-86.876664,74046972,721.8664829968088,47.89882660387378,43.72638299680887,True,0.087109516096736
03320000,"GREEN RIVER AT LOCK 2 AT CALHOUN, KY",19591.38,37.533935,-87.263887,74045470,19586.74841484524,57.66402965153922,4.631585154758795,True,1.0
03432350,"HARPETH RIVER AT FRANKLIN, TN",493.704,35.920817,-86.865498,74055838,510.8995422302996,107.04334423250243,17.195542230299623,True,0.8393590712847104
03433500,"HARPETH RIVER AT BELLEVUE, TN",1055.667,36.054563,-86.92851,74055142,1156.8925645385766,102.13526923037816,101.22556453857668,True,0.0089068614461623
03434500,"HARPETH RIVER NEAR KINGSTON SPRINGS, TN",1767.104,36.122003,-87.098894,74054953,1786.292819957944,27.778668652567912,19.188819957943902,True,0.3092246357108962
02422500,MULBERRY CREEK AT JONES AL,527.5476,32.58291,-86.903599,73015275,609.8522553545373,185.7899024761265,82.30465535453732,True,0.5570014610179731
02446500,"SIPSEY RIVER NR ELROD, AL",1368.045,33.257062,-87.776402,73014650,1418.5446973109315,58.24447237613683,50.499697310931424,True,0.1329701300269395
02462000,VALLEY CREEK NEAR OAK GROVE AL,384.1299,33.447332,-87.122219,73014825,374.8688248519215,28.36912645000451,9.261075148078532,True,1.0
02462500,BLACK WARRIOR R AT BANKHEAD L&D NEAR BESSEMER AL,10317.54,33.458446,-87.354168,73014378,10332.238190283835,33.63488315049437,14.698190283834265,True,0.5630075413650358
02466030,"BLACK WARRIOR RIVER AT SELDEN L & D NEAR EUTAW, AL",15053.03,32.777908,-87.840569,73014355,15082.415630086129,70.98974215338798,29.385630086128003,True,0.5860580811431279
02373000,SEPULGA RIVER NEAR MCKENZIE AL,1213.604,31.453776,-86.786914,73018127,1242.7986378822795,42.560764492460976,29.19463788227949,True,0.3140480855918154
02374500,MURDER CREEK NEAR EVERGREEN AL,445.7151,31.4185,-86.98664,73018370,439.65878150708136,28.013594983934933,6.056318492918649,True,1.0
02469800,SATILPA CREEK NEAR COFFEEVILLE AL,422.6814,31.744325,-88.022507,73018366,465.0996021145263,73.13603291074664,42.41820211452631,True,0.4200095298265301
02376500,"PERDIDO RIVER AT BARRINEAU PARK, FL",978.2622,30.690469,-87.440258,73018153,985.3197833595352,9.022001972774142,7.057583359535329,True,0.2177364424400343
04148500,"FLINT RIVER NEAR FLINT, MI",2525.034,43.038916,-83.771626,72055493,2551.330625962577,86.17719088370609,26.29662596257685,True,0.6948539898676498
04156000,"TITTABAWASSEE RIVER AT MIDLAND, MI",6128.666,43.595305,-84.235544,72055087,6131.00106835333,12.572086694571178,2.335068353329916,True,0.8142656497637553
04096515,"SOUTH BRANCH HOG CREEK NEAR ALLEN, MI",126.6021,41.948659,-84.82774,72058541,201.87935657624865,85.06875980922123,75.27725657624863,True,0.115101045964834
04099510,"PIGEON CREEK NR ANGOLA, IND.",273.0069,41.634495,-85.109691,72058312,394.2143035658577,177.49972653020802,121.2074035658577,True,0.3171403362966316
04112500,"RED CEDAR RIVER AT EAST LANSING, MI",891.3654,42.727813,-84.477754,72055646,953.8557387454136,30.645017879678825,62.49033874541362,True,1.0
04170000,"HURON RIVER AT MILFORD, MI",385.2142,42.578921,-83.626608,72055781,396.9764719004506,55.53461897382355,11.762271900450571,True,0.7881992868989565
04170500,"HURON RIVER NEAR NEW HUDSON, MI",407.5569,42.512533,-83.676329,72055781,396.9764719004506,55.53461897382355,10.580428099549408,True,1.0
04172000,"HURON RIVER NEAR HAMBURG, MI",829.2179,42.465312,-83.799943,72058026,837.5713780975676,9.002017462743249,8.353478097567631,True,0.0720437799481876
04181500,"ST. MARYS RIVER AT DECATUR, IND.",1490.114,40.848103,-84.937744,72059495,1522.9489852861966,40.78173703426146,32.83498528619657,True,0.1948605509713498
04186500,Auglaize River near Fort Jennings OH,858.4164,40.948662,-84.266059,72059524,731.7399546603815,213.1685680665236,126.67644533961844,True,1.0
04189000,Blanchard River near Findlay OH,909.2952,41.055886,-83.687989,72059518,875.5545097836748,53.58612172830274,33.74069021632522,True,1.0
03247500,East Fork Little Miami River at Perintown OH,1233.359,39.137005,-84.237992,74038663,1295.224092355919,80.44806039585326,61.86509235591916,True,0.2309933632768102
03266000,Stillwater River at Englewood OH,1671.081,39.870333,-84.286056,74037394,1591.6190458248486,111.07892728718411,79.46195417515128,True,1.0
03270000,Mad River near Dayton OH,1639.624,39.797281,-84.088548,74037551,1682.1472395622616,26.07453222851449,42.52323956226155,True,1.0
03270500,Great Miami River at Dayton OH,6484.979,39.765337,-84.19744,74037387,6573.155694837506,3.085226400839618,88.17669483750615,True,1.0
03272000,Twin Creek near Germantown OH,720.9459,39.637834,-84.403834,74039066,763.3729454865274,39.64734104560748,42.42704548652739,True,1.0
03274000,Great Miami River at Hamilton OH,9403.646,39.391167,-84.572169,74037366,9495.187220180756,75.56819861771595,91.54122018075576,True,1.0
03275000,"WHITEWATER RIVER NEAR ALPINE, IN",1368.839,39.579493,-85.158019,74037834,1416.9613466784012,88.39900515653211,48.1223466784013,True,0.4556234361100683
03284000,"KENTUCKY RIVER AT LOCK 10 NEAR WINCHESTER, KY",10245.05,37.894801,-84.262153,74045537,10254.016874070328,9.199675462009042,8.96687407032914,True,0.0253053917653157
03294000,"SILVER CREEK NEAR SELLERSBURG, IND",489.3039,38.370623,-85.726352,74045753,586.1826360915805,91.10085202149902,96.87873609158056,True,1.0
03300400,"BEECH FORK AT MAUD, KY",1128.578,37.83284,-85.296069,74046735,1186.8401319494585,60.08375111252143,58.262131949458535,True,0.030317999947298
03366500,"MUSCATATUCK RIVER NEAR DEPUTY, IN",755.2151,38.804223,-85.673855,74038908,758.5670016552207,9.334851470971802,3.351901655220672,True,0.6409260859003552
02338000,"CHATTAHOOCHEE RIVER NEAR WHITESBURG, GA",6250.633,33.477058,-84.900772,73014857,6267.3131353500185,25.839649523316933,16.680135350018645,True,0.3544751706106932
02382500,"COOSAWATTEE RIVER AT CARTERS, GA",1351.068,34.603697,-84.695491,73011684,1380.4842829087688,36.96157557645272,29.416282908768835,True,0.2041388266059414
02383500,"COOSAWATTEE RIVER NEAR PINE CHAPEL, GA",2155.651,34.564167,-84.833056,73011614,2163.5524237247746,8.088500546598734,7.901423724774759,True,0.0231287394673716
02394000,"ETOWAH RIVER AT ALLATOONA DAM, ABV CARTERSVILLE,GA",2908.292,34.163153,-84.741047,73011526,2936.5441406735854,39.48201552654552,28.252140673585476,True,0.2844301311165258
02395980,"ETOWAH RIVER AT GA 1 LOOP, NEAR ROME, GA",4666.476,34.232317,-85.116893,73011489,4718.070479864431,62.623272419589526,51.59447986443138,True,0.1761133222368649
02339500,"CHATTAHOOCHEE RIVER AT WEST POINT, GA",9166.959,32.886239,-85.182164,73014776,9183.311811228908,16.44139850798128,16.35281122890592,True,0.0053880622765974
02341505,"CHATTAHOOCHEE RIVER AT US 280, NEAR COLUMBUS, GA",12073.46,32.453199,-84.99521,73014736,12091.644808554998,29.07591804921854,18.18480855499911,True,0.3745749137063669
02342500,"UCHEE CREEK NEAR FORT MITCHELL, AL.",830.574,32.316815,-85.014931,73015143,863.546365925155,49.78556755110213,32.97236592515503,True,0.3377123622963478
02408540,HATCHET CREEK BELOW ROCKFORD AL,682.4097,32.91679,-86.270251,73015053,738.4853271387076,68.89932732089328,56.075627138707546,True,0.1861222842199945
02418500,TALLAPOOSA RIVER BELOW TALLASSEE AL,8618.29,32.512636,-85.889125,73014425,8622.379161998344,18.45790945075132,4.089161998343116,True,0.7784601766926174
02421000,CATOMA CREEK NEAR MONTGOMERY AL,759.1977,32.307362,-86.299413,73015093,836.5862706082743,64.07894828272183,77.38857060827422,True,1.0
02343801,"CHATTAHOOCHEE RIVER NEAR COLUMBIA, AL",21230.02,31.259344,-85.110208,73017683,21289.670219366908,66.8412357539741,59.65021936690755,True,0.1075835344148167
02371500,CONECUH RIVER AT BRANTLEY AL,1292.785,31.573495,-86.251623,73017793,1280.5991096278997,152.64698995344136,12.18589037210063,True,1.0
02372250,PATSALIGA CREEK NEAR BRANTLEY AL,1145.223,31.596272,-86.405518,73017796,1166.2208850285122,113.90397765839998,20.9978850285122,True,0.8156527501481535
03139000,Killbuck Creek at Killbuck OH,1202.849,40.481454,-81.985979,74030849,1242.9613005116796,5.373882767574996,40.11230051167968,True,1.0
03144000,Wakatomika Creek near Frazeysburg OH,363.4146,40.132568,-82.14792,74031412,374.1145101008698,14.228060925177488,10.699910100869827,True,0.2479713042319325
03219500,Scioto River near Prospect OH,1469.508,40.419504,-83.197137,74030768,1451.788980604401,30.40296413768328,17.719019395598707,True,1.0
03220000,Mill Creek near Bellepoint OH,463.9194,40.248395,-83.173803,74032837,367.7617169869369,293.9389396349577,96.15768301306316,True,1.0
03221000,Scioto River below O Shaughnessy Dam nr Dublin OH,2549.06,40.143396,-83.120466,74030552,2521.553615793717,37.001889150277975,27.506384206282743,True,1.0
03225500,Olentangy River near Delaware OH,1019.562,40.355061,-83.067132,74038104,1397.4716442088377,409.1758949397076,377.9096442088377,True,0.0764127386719031
03228500,Big Walnut Creek at Central College OH,490.9968,40.103674,-82.884068,74031420,541.4315268050068,50.17010840371025,50.43472680500679,True,1.0
03228805,Alum Creek at Africa OH,325.5012,40.182285,-82.961571,74038110,496.3559118087316,247.5195618372537,170.85471180873162,True,0.3097324892605049
04196800,Tymochtee Creek at Crawford OH,608.067,40.922833,-83.348812,72059517,632.4533626686831,12.336122267171508,24.38636266868309,True,1.0
04197100,Honey Creek at Melmore OH,388.2105,41.022278,-83.109638,72059542,449.8503796419512,113.18613414886792,61.63987964195121,True,0.4554113884578879
03229500,Big Walnut Creek at Rees OH,1424.002,39.85673,-82.957126,74037922,1429.1507691507516,52.70618552959486,5.148769150751605,True,0.9023118615203042
03230500,Big Darby Creek at Darbyville OH,1376.946,39.700618,-83.110187,74037836,1451.128961499517,82.84609052713898,74.18296149951698,True,0.1045689539783909
03232500,Rocky Fork near Barretts Mills OH,363.2454,39.218399,-83.38547,74040252,375.5710790940228,142.45415239404176,12.325679094022805,True,0.9134761683890492
03237500,Ohio Brush Creek near West Union OH,1003.208,38.803684,-83.421023,74038888,1047.1183154795967,47.32354960924303,43.91031547959676,True,0.0721254884265826
03216500,"LITTLE SANDY RIVER AT GRAYSON, KY",1036.77,38.330081,-82.939335,74047289,1041.7623184754807,21.65882542689159,4.992318475480715,True,0.7695018830853932
03281000,"MIDDLE FORK KENTUCKY RIVER AT TALLEGA, KY",1392.92,37.555088,-83.593799,74045581,1448.0164971195968,162.06449150866294,55.096497119596734,True,0.660033505139208
03281500,"SOUTH FORK KENTUCKY RIVER AT BOONEVILLE, KY",1838.22,37.47981,-83.675192,74046032,1937.243836008501,68.05101635725775,99.0238360085009,True,1.0
03280700,"CUTSHIN CREEK AT WOOTON, KY",158.2227,37.165093,-83.307956,74048363,162.14277773623374,9.467893600026482,3.920077736233736,True,0.5859609431792968
03528000,"CLINCH RIVER ABOVE TAZEWELL, TN",3815.792,36.425087,-83.398235,74053880,3844.28653923792,34.83247816078979,28.49453923791998,True,0.1819548667658191
02177000,"CHATTOOGA RIVER NEAR CLAYTON, GA",526.7736,34.813981,-83.305993,73011365,536.5511562692178,93.86446961233725,9.777556269217826,True,0.8958332550154559
03460000,"CATALOOCHEE CREEK NEAR CATALOOCHEE, NC",127.019,35.6675,-83.073611,74056987,159.11494836219134,46.837767902374935,32.095948362191336,True,0.3147421450763905
03504000,"NANTAHALA RIVER NEAR RAINBOW SPRINGS, NC",134.5167,35.1275,-83.618611,74063292,262.51896407928683,128.65886935190514,128.00226407928685,True,0.0051034590613598
02334430,"CHATTAHOOCHEE RIVER AT BUFORD DAM, NEAR BUFORD, GA",2683.308,34.156944,-84.078889,73011587,2698.965606691518,37.73901274921813,15.65760669151814,True,0.5851082063125107
02335000,"CHATTAHOOCHEE RIVER NEAR NORCROSS, GA",3032.42,33.997222,-84.201944,73011555,3041.760838547385,54.7740544686398,9.340838547385374,True,0.8294660010473872
02335450,"CHATTAHOOCHEE RIVER ABOVE ROSWELL, GA",3155.918,33.985934,-84.316036,73011540,3188.071896802988,112.6202815035803,32.153896802987674,True,0.7144928393562444
02336000,"CHATTAHOOCHEE RIVER AT ATLANTA, GA",3757.341,33.859167,-84.454444,73011511,3769.885365260489,22.738131382383155,12.54436526048903,True,0.4483115147180458
02336490,"CHATTAHOOCHEE RIVER AT GA 280, NEAR ATLANTA, GA",4121.988,33.816944,-84.48,73011507,4125.723018062448,16.3229746604309,3.7350180624480345,True,0.7711803062770033
02337170,"CHATTAHOOCHEE RIVER NEAR FAIRBURN, GA",5325.304,33.656667,-84.673611,73011492,5323.246983401718,7.308217871704723,2.0570165982817343,True,1.0
02352500,"FLINT RIVER AT ALBANY, GA",13700.25,31.594167,-84.144167,73017692,13695.187812499422,21.92710184386744,5.062187500578148,True,1.0
02326000,"ECONFINA RIVER NEAR PERRY, FLA.",556.4121,30.170764,-83.823768,73020588,584.7505276455263,56.7248940164309,28.33842764552628,True,0.5004234360082227
03094000,Mahoning River at Leavittsburg OH,1487.505,41.239223,-80.880642,74030829,1516.2109901487015,11.046564110905011,28.705990148701403,True,1.0
03102850,"Shenango River near Transfer, PA",870.5376,41.353666,-80.397845,74029962,932.0571266155767,54.22990352925069,61.51952661557675,True,1.0
04213000,Conneaut Creek at Conneaut OH,455.2974,41.926999,-80.603966,72058362,491.4543729334066,168.75517669746648,36.15697293340662,True,0.7857430293932461
03091500,Mahoning River at Pricetown OH,708.7518,41.131446,-80.971202,74031441,735.9496194533208,95.21543356640323,27.19781945332079,True,0.7143549271940979
03106000,"Connoquenessing Creek near Zelienople, PA",921.4443,40.817009,-80.242284,74031017,923.9564943247332,21.322655963278347,2.5121943247332865,True,0.882181922877724
03117500,Sandy Creek at Waynesburg OH,656.2251,40.672561,-81.259831,74031417,685.4657436429122,29.867282219533735,29.240643642912232,True,0.0209807699279606
03118500,Nimishillen Creek at North Industry OH,453.5037,40.734226,-81.352058,74031641,502.2816124233476,50.54212267107049,48.77791242334763,True,0.0349057410826289
03129000,Tuscarawas River at Newcomerstown OH,6319.039,40.261459,-81.60901,74030400,6331.225632612347,30.29667150389989,12.18663261234724,True,0.5977567169126636
04206000,Cuyahoga River at Old Portage OH,1047.329,41.135611,-81.547062,72059454,1014.7693747973492,7.836481527051118,32.55962520265075,True,1.0
03194700,"ELK RIVER BELOW WEBSTER SPRINGS, WV",689.0697,38.597326,-80.490364,74037349,727.6219900436632,103.8365406317076,38.55229004366322,True,0.6287213556121604
03176500,"NEW RIVER AT GLEN LYN, VA",9781.729,37.372899,-80.860635,74045388,9792.465219428335,12.301931446740651,10.736219428335971,True,0.1272736744781252
03185400,"NEW RIVER AT THURMOND, WV",17348.47,37.955113,-81.076488,74045365,17352.965680824494,79.07657526485134,4.49568082449332,True,0.9431477550787204
03190400,"MEADOW RIVER NEAR MT. LOOKOUT, WV",944.6616,38.189832,-80.946766,74047147,942.97746408859,65.75823086896132,1.684135911410067,True,1.0
03192000,"GAULEY RIVER ABOVE BELVA, WV",3407.807,38.23344,-81.180942,74046593,3401.953932742634,5.197022961246076,5.8530672573656375,True,1.0
03193000,"KANAWHA RIVER AT KANAWHA FALLS, WV",21702.95,38.138163,-81.214274,74045352,21717.533675959305,29.44544938052933,14.583675959303946,True,0.5047222485608477
03197000,"ELK RIVER AT QUEEN SHOALS, WV",2950.136,38.470932,-81.284006,74045300,2998.5428311885985,54.85586474573576,48.40683118859852,True,0.117563246646997
03202750,"CLEAR FORK AT CLEAR FORK, WV",327.1086,37.623166,-81.707334,74047907,333.3527102177836,91.1940750633216,6.2441102177836,True,0.9315294309038396
03203600,"GUYANDOTTE RIVER AT LOGAN, WV",2158.022,37.842326,-81.975957,74046653,2161.0130150170726,6.675556685514884,2.991015017072641,True,0.551945229741998
03207800,"LEVISA FORK AT BIG ROCK, VA",768.5802,37.35372,-82.195693,74047223,830.5404142153827,84.3778351685102,61.960214215382734,True,0.2656813949819575
02112000,"YADKIN RIVER AT WILKESBORO, NC",1300.812,36.1525,-81.145556,73009496,1301.7454773639254,0.644874464352473,0.9334773639254764,True,1.0
03161000,"SOUTH FORK NEW RIVER NEAR JEFFERSON, NC",527.8624,36.393333,-81.406944,74055269,552.4078786772773,81.67900970062847,24.545478677277288,True,0.6994885372968911
03208500,"RUSSELL FORK AT HAYSI, VA",740.8935,37.207054,-82.295699,74047684,748.4730865679214,7.996047638306901,7.57958656792141,True,0.0520833653354362
03209000,"POUND RIVER BELOW FLANNAGAN DAM NEAR HAYSI, VA",572.2452,37.237054,-82.343202,74047454,580.4519008357378,34.26301837092294,8.20670083573782,True,0.7604793381921549
03465500,"NOLICHUCKY RIVER AT EMBREEVILLE, TN",2081.6,36.176496,-82.457364,74054966,2086.01565660148,54.7634348770147,4.415656601479441,True,0.9193685236984144
03524000,"CLINCH RIVER AT CLEVELAND, VA",1381.823,36.94483,-82.154857,74053963,1411.1929948138854,39.69568711887175,29.36999481388534,True,0.2601212639062107
02167000,"SALUDA RIVER AT CHAPPELLS, SC",3514.51,34.17791,-81.860946,73011107,3561.413985880344,61.649030989760526,46.9039858803435,True,0.2391772404641052
02196000,"STEVENS CREEK NEAR MODOC, SC",1408.382,33.729297,-82.181787,73011798,1428.94963217134,43.15912435460129,20.567632171339937,True,0.5234464906573765
02197000,"SAVANNAH RIVER AT AUGUSTA, GA",19112.31,33.373752,-81.942893,73014555,19128.06943145733,72.5977235338297,15.7594314573289,True,0.7829211345726951
02223500,"OCONEE RIVER AT DUBLIN, GA",11407.57,32.544611,-82.894587,73014737,11470.882283966954,56.3339410958953,63.312283966954055,True,1.0
02315500,"SUWANNEE RIVER AT WHITE SPRINGS, FLA.",6136.255,30.325781,-82.738183,73020386,6116.099902212431,9.276033278006343,20.155097787569503,True,1.0
02321500,"SANTA FE RIVER AT WORTHINGTON SPRINGS, FLA.",1474.261,29.921907,-82.426225,73020597,1526.8090104650712,29.68905029434864,52.54801046507123,True,1.0
04221000,GENESEE RIVER AT WELLSVILLE NY,750.879,42.12229,-77.957225,72058329,789.1736444557663,54.63851780368728,38.294644455766274,True,0.2991273190580224
04224775,CANASERAGA CREEK ABOVE DANSVILLE NY,231.8445,42.535623,-77.704161,72055236,221.23028685274608,19.945188459066195,10.614213147253936,True,1.0
04231000,BLACK CREEK AT CHURCHVILLE NY,340.8813,43.100617,-77.882232,72055801,416.7399632091855,85.96119312101195,75.85866320918547,True,0.1175243100407486
01541000,"West Branch Susquehanna River at Bower, PA",817.7463,40.897007,-78.676973,73005411,817.7559595886023,44.15986666076447,0.0096595886022896,True,0.9997812586555912
01541200,"WB Susquehanna River near Curwensville, PA",951.9687,40.961447,-78.519191,73005384,952.8178003808428,44.74892171985811,0.8491003808427422,True,0.981025232604299
01541303,"West Branch Susquehanna River at Hyde, PA",1242.98,41.004502,-78.456689,73003074,1250.161321323914,12.111548968323593,7.181321323914062,True,0.4070682996290558
01543500,"Sinnemahoning Creek at Sinnemahoning, PA",1778.258,41.317285,-78.10306,73003403,1797.1950041318703,27.389203583061967,18.93700413187048,True,0.3085960285613597
03007800,"Allegheny River at Port Allegany, PA",651.5217,41.818676,-78.292791,74024147,696.2998952185542,73.7982025716423,44.778195218554174,True,0.3932346092700008
03010655,"Oswayo Creek at Shinglehouse, PA",254.4417,41.961732,-78.198066,74025138,256.1012620890697,47.93143428290082,1.6595620890696807,True,0.9653763315473805
03014500,CHADAKOIN RIVER AT FALCONER NY,499.3146,42.112558,-79.203936,74024793,513.6020604753608,126.19986204654796,14.287460475360774,True,0.8867870357093501
03020500,"Oil Creek at Rouseville, PA",730.5574,41.481726,-79.69533,74030115,747.0832183223301,53.95417294843204,16.52581832233011,True,0.6937063915681732
03025500,"Allegheny River at Franklin, PA",15426.36,41.389503,-79.820332,74029612,15413.756542157074,11.89117970648615,12.603457842926218,True,1.0
03030500,"Clarion River near Piney, PA",2501.184,41.192563,-79.440045,74029837,2510.330152666564,35.44783828492054,9.14615266656392,True,0.7419827806409656
03034000,"Mahoning Creek at Punxsutawney, PA",407.5902,40.939231,-79.008367,74031744,532.3656066936652,148.7895003358034,124.77540669366522,True,0.1613964264140999
01560000,"Dunning Creek at Belden, PA",444.6405,40.071747,-78.492517,73005506,508.938135291646,89.5991503867696,64.29763529164597,True,0.2823856586352151
01601500,"WILLS CREEK NEAR CUMBERLAND, MD",641.3698,39.669611,-78.788028,73005422,656.2328221963037,15.815892929110136,14.863022196303632,True,0.0602476722039946
03036500,"Allegheny River at Kittanning, PA",23225.2,40.820342,-79.531434,74029563,23250.689239301253,67.24952401894586,25.489239301252383,True,0.6209751716001525
03042000,"Blacklick Creek at Josephine, PA",499.2651,40.473402,-79.183367,74031351,500.4206016578323,51.44927729182702,1.1555016578323034,True,0.9775409545351212
03042280,"Yellow Creek near Homer City, PA",154.4994,40.572567,-79.103366,74032667,170.96264232041324,52.79313588593276,16.46324232041323,True,0.6881556277318995
03042500,"Two Lick Creek at Graceton, PA",440.8776,40.51729,-79.171701,74031458,445.6761600615068,21.439588631571176,4.798560061506805,True,0.77618226991349
03045000,"Loyalhanna Creek at Kingston, PA",444.0222,40.29257,-79.340591,74032181,452.69534996629903,31.394955222366853,8.673149966299036,True,0.7237406486211523
03075070,"Monongahela River at Elizabeth, PA",13824.03,40.262292,-79.90116,74029501,13859.098934976191,85.07342022940003,35.068934976190576,True,0.5877803562895746
03079000,"Casselman River at Markleton, PA",990.8361,39.8598,-79.227531,74037954,986.5843843829764,31.91427737522339,4.251715617023592,True,1.0
03081000,"Youghiogheny River below Confluence, PA",2659.891,39.827577,-79.372535,74037857,2678.2154555780644,20.40967526398661,18.32445557806432,True,0.1021681951795537
01595000,"NORTH BRANCH POTOMAC RIVER AT STEYER, MD",190.1387,39.301889,-79.306889,73007067,221.00261945006287,84.62294558264323,30.863919450062863,True,0.6352771788129143
01597500,"SAVAGE RIV BL SAVAGE RIV DAM NEAR BLOOMINGTON, MD",276.0048,39.50275,-79.123972,73006655,300.77790186500874,29.122573456813,24.773101865008755,True,0.1493505235124309
01605500,"SOUTH BRANCH POTOMAC RIVER AT FRANKLIN, WV",463.8492,38.635672,-79.33782,73006896,473.995001390262,22.44717451057312,10.145801390262022,True,0.5480143220037282
01627500,"SOUTH RIVER AT HARRISTON, VA",547.262,38.218742,-78.836692,73006690,607.2224703161094,180.9514612714498,59.96047031610942,True,0.6686378220170257
03053500,"BUCKHANNON RIVER AT HALL, WV",697.7826,39.05121,-80.114525,74038894,699.5032198846068,23.91967076215074,1.7206198846067764,True,0.9280667404783264
03070500,"BIG SANDY CREEK AT ROCKVILLE, WV",517.3794,39.615638,-79.704774,74039710,538.6479001158931,44.486638796605405,21.26850011589306,True,0.5219126305960438
01626000,"SOUTH RIVER NEAR WAYNESBORO, VA",328.6971,38.057636,-78.908079,73006707,398.48047190873007,78.8104347639637,69.78337190873009,True,0.114541467538779
02011400,"JACKSON RIVER NEAR BACOVA, VA",407.7162,38.042347,-79.881444,73006835,409.4035164217781,8.844437725090414,1.687316421778064,True,0.8092228726998227
02011800,"JACKSON RIVER BL GATHRIGHT DAM NR HOT SPGS, VA",895.0734,37.948458,-79.949224,73007996,896.4307062376004,13.301730243734362,1.357306237600369,True,0.8979601741480426
02013100,"JACKSON RIVER BL DUNLAP CREEK AT COVINGTON, VA",1590.756,37.788736,-80.000613,73007966,1612.9892095081657,26.319308345010903,22.2332095081656,True,0.1552509960855361
02014000,"POTTS CREEK NEAR COVINGTON, VA",396.783,37.729014,-80.04228,73008178,448.17604136656297,73.67028308893565,51.39304136656296,True,0.302391151334105
02015700,"BULLPASTURE RIVER AT WILLIAMSVILLE, VA",285.4062,38.195403,-79.570323,73007072,284.6689538596761,158.02666972402716,0.7372461403238617,True,1.0
02016000,"COWPASTURE RIVER NEAR CLIFTON FORGE, VA",1194.551,37.791796,-79.759492,73007866,1203.6297645797938,15.533660866409976,9.07876457979387,True,0.4155425010323348
02027000,"TYE RIVER NEAR LOVINGSTON, VA",240.7671,37.715419,-78.981691,73008290,275.1718423826805,43.46348966487407,34.404742382680496,True,0.2084219963017509
02054500,"ROANOKE RIVER AT LAFAYETTE, VA",661.3497,37.236522,-80.209209,73008222,822.7020661458009,164.13045009277175,161.35236614580094,True,0.016926072800023
02058400,"PIGG RIVER NEAR SANDY LEVEL, VA",887.8482,36.945977,-79.524751,73008126,946.3013576713928,65.63862985750065,58.45315767139266,True,0.1094701733065942
02059500,"GOOSE CREEK NEAR HUDDLESTON, VA",485.4078,37.1732,-79.520308,73008213,567.4482405544917,110.21200832549717,82.04044055449168,True,0.2556125071943551
02060500,"ROANOKE RIVER AT ALTAVISTA, VA",4617.756,37.104587,-79.295301,73008081,4624.008089214143,8.698010424735424,6.25208921414287,True,0.2812046768346973
02061500,"BIG OTTER RIVER NEAR EVINGTON, VA",815.2614,37.208477,-79.303636,73008201,847.0317446280841,42.767949976527134,31.770344628084104,True,0.2571459551949294
03170000,"LITTLE RIVER AT GRAYSONTOWN, VA",794.6403,37.037626,-80.556724,74045416,824.0855672746512,54.59477176215455,29.4452672746512,True,0.46065774570995
03171000,"NEW RIVER AT RADFORD, VA",7167.697,37.141793,-80.569225,74045407,7203.57876073732,48.3042100730116,35.88176073732029,True,0.2571711516846011
03173000,"WALKER CREEK AT BANE, VA",773.3151,37.268178,-80.709512,74046980,809.5627088946553,36.2145159921209,36.247608894655286,True,1.0
02072000,"SMITH RIVER NEAR PHILPOTT, VA",557.748,36.780693,-80.024765,73008205,562.3882388980035,35.35186989565667,4.6402388980034175,True,0.8687413448935125
02072500,"SMITH RIVER AT BASSETT, VA",670.0635,36.770137,-80.000875,73008181,681.2798905927955,19.291162143682715,11.216390592795506,True,0.4185736188802632
02073000,"SMITH RIVER AT MARTINSVILLE, VA",982.5147,36.661249,-79.880595,73008147,1025.2843991806858,72.88289506624317,42.76969918068585,True,0.413172334306801
02074000,"SMITH RIVER AT EDEN, NC",1408.742,36.525556,-79.765556,73009253,1429.3431580410747,126.59640086714036,20.60115804107477,True,0.8372690068598778
02094500,"REEDY FORK NEAR GIBSONVILLE, NC",340.7031,36.173056,-79.614167,73009785,342.1427030737307,157.31331503747418,1.439603073730666,True,0.9908488161133232
02112250,"YADKIN RIVER AT ELKIN, NC",2245.214,36.241111,-80.846667,73009402,2321.4103037516097,76.44540623350694,76.19630375160978,True,0.003258567050272
02118000,"SOUTH YADKIN RIVER NEAR MOCKSVILLE, NC",789.8688,35.845,-80.658889,73009502,821.1599091055458,72.40304624733993,31.291109105545843,True,0.5678205444747365
02118500,"HUNTING CREEK NEAR HARMONY, NC",400.527,36.000556,-80.745556,73009604,532.1857487215194,154.96346957077355,131.65874872151943,True,0.1503884813227584
02129000,"PEE DEE R NR ROCKINGHAM, NC",17821.98,34.945833,-79.869722,73011170,17837.489743326532,36.337226842889656,15.50974332653277,True,0.5731720696906274
02161000,"BROAD RIVER AT ALSTON, SC",12362.8,34.243203,-81.319541,73011032,12397.422876477827,51.03595150091049,34.62287647782796,True,0.3215982957188468
02169000,"SALUDA RIVER NEAR COLUMBIA, SC",6498.896,34.014042,-81.087872,73011073,6541.2233921243005,65.932736581107,42.32739212430079,True,0.3580216093073605
02169500,"CONGAREE RIVER AT COLUMBIA, SC",20246.63,33.99321,-81.049815,73011026,20334.34979957297,45.07242971348491,87.71979957296935,True,1.0
02246000,"NORTH FORK BLACK CREEK NR MIDDLEBURG, FLA.",451.0611,30.113295,-81.906492,73020695,509.2542723994388,71.29931524891362,58.19317239943882,True,0.1838186356169036
02231600,"JANE GREEN CREEK NEAR DEER PARK, FLA.",641.2878,28.074462,-80.888115,73021683,612.9854842326561,8.821364006651516,28.302315767343885,True,1.0
02235000,"WEKIVA RIVER NR SANFORD, FLA.",449.0403,28.81527,-81.419235,73021681,435.6412641515946,23.037371997492595,13.39903584840539,True,1.0
02294491,SADDLE CREEK AT STRUCTURE P-11 NEAR BARTOW FL,381.3912,27.938358,-81.851193,73021698,414.6113830556694,9.809439473684998,33.220183055669395,True,1.0
02294650,PEACE RIVER AT BARTOW FL,1031.036,27.902248,-81.817304,73021629,1020.9501060231672,40.72656946137009,10.085893976832836,True,1.0
02270500,"ARBUCKLE CREEK NR DE SOTO CITY, FLA.",982.2276,27.442538,-81.297293,73022310,1008.115439488242,24.938423534721547,25.88783948824198,True,1.0
02298830,MYAKKA RIVER NEAR SARASOTA FL,588.573,27.240605,-82.313704,73022434,596.1176741470532,40.91330063407128,7.544674147053229,True,0.8155936081878893
01510000,OTSELIC RIVER AT CINCINNATUS NY,382.986,42.541181,-75.899642,73002001,392.442641666846,59.04535956945606,9.456641666845996,True,0.8398410690391006
04232482,KEUKA LAKE OUTLET AT DRESDEN NY,532.5489,42.680348,-76.953852,72055238,669.0127481855857,220.56631373132183,136.46384818558568,True,0.3813024034494397
04239000,"ONONDAGA CR AT DORWIN AVE., SYRACUSE NY",245.6235,42.983399,-76.150758,72056123,286.00015342607054,108.4529685604014,40.37665342607053,True,0.6277035662367941
04240010,"ONONDAGA CR AT SPENCER ST., SYRACUSE NY",331.6887,43.057567,-76.162425,72056123,286.00015342607054,108.4529685604014,45.68854657392944,True,1.0
04240180,NINEMILE CREEK NEAR MARIETTA NY,116.928,42.9209,-76.329376,72056197,135.20825972015822,28.48380458071057,18.280259720158227,True,0.3582226816519536
04240300,NINEMILE CREEK AT LAKELAND NY,289.476,43.0809,-76.226316,72055771,297.32821208335224,5.667135739862465,7.852212083352242,True,1.0
01516350,"Tioga River near Mansfield, PA",395.1621,41.794241,-77.080246,73003538,415.5000010983568,15.437980921394743,20.33790109835678,True,1.0
01518000,"Tioga River at Tioga, PA",724.5027,41.908407,-77.129415,73003466,737.7234547014828,8.014344048597513,13.220754701482749,True,1.0
01518700,"Tioga River at Tioga Junction, PA",1142.424,41.952574,-77.115249,73003439,1195.977772538871,116.40810720783534,53.55377253887104,True,0.5399480858901348
01518862,"Cowanesque River at Westfield, PA",233.9109,41.923126,-77.53193,73003691,276.5460844559465,42.89710427386353,42.63518445594653,True,0.0061057691970268
01520000,"Cowanesque River near Lawrenceville, PA",776.2662,41.99674,-77.139972,73003440,779.8183377304933,90.97910704772856,3.552137730493314,True,0.9609565553481436
01532000,"Towanda Creek near Monroeton, PA",553.941,41.70702,-76.484665,73003481,563.0248808444966,18.76131478933328,9.083880844496548,True,0.5158185368937376
01539000,"Fishing Creek near Bloomsburg, PA",701.7795,41.078141,-76.431056,73003470,753.5930372649719,57.20259807853198,51.81353726497196,True,0.0942100707761825
01544500,"Kettle Creek at Cross Fork, PA",355.0644,41.475899,-77.825825,73003580,376.4852044371396,23.29198889139893,21.420804437139623,True,0.0803359671423457
01546500,"Spring Creek near Axemann, PA",223.6851,40.889783,-77.794168,73005663,224.9279197738844,27.098255024593826,1.2428197738843778,True,0.9541365385794612
01547100,"Spring Creek at Milesburg, PA",377.3214,40.931727,-77.786669,73005529,369.6296746507004,22.705544303320234,7.691725349299588,True,1.0
01547200,"Bald Eagle Creek bl Spring Creek at Milesburg, PA",694.2744,40.943116,-77.786391,73005469,717.6066414812093,36.98984009038765,23.33224148120928,True,0.3692256732066137
01547500,"Bald Eagle Creek at Blanchard, PA",878.1579,41.051731,-77.604438,73003252,880.0438195351736,22.46958721917241,1.8859195351735707,True,0.9160679047292694
01547950,"Beech Creek at Monument, PA",395.0667,41.111731,-77.702216,73003520,443.3428940049264,70.25804864787801,48.27619400492637,True,0.3128731165467056
01552000,"Loyalsock Creek at Loyalsockville, PA",1129.486,41.325078,-76.912464,73003371,1162.4294923677055,34.86149298190849,32.9434923677054,True,0.0550177416440093
01555000,"Penns Creek at Penns Creek, PA",792.6156,40.866749,-77.048309,73005372,978.2139855136836,239.2903611124528,185.59838551368364,True,0.2243800182721819
01555500,"East Mahantango Creek near Dalmatia, PA",421.7076,40.611196,-76.91192,73005419,428.45915707246667,45.51294939891146,6.751557072466653,True,0.8516563492009566
01563200,"Rays Br Juniata R bl Rays Dam nr Huntingdon, PA",2485.088,40.428964,-77.991114,73005301,2493.2904839225776,83.51926923339484,8.202483922577358,True,0.9017893236151828
01563500,"Juniata River at Mapleton Depot, PA",5261.855,40.392299,-77.935,73005292,5335.33658923428,84.63745822591123,73.48158923428036,True,0.1318077034148878
01564500,"Aughwick Creek near Three Springs, PA",445.5612,40.212581,-77.925276,73005494,444.80736457869256,36.48636778138089,0.7538354213074285,True,1.0
01568000,"Sherman Creek at Shermans Dale, PA",534.3948,40.323419,-77.16887,73005424,535.1908715296863,115.20731931633831,0.7960715296862872,True,0.9930900958861788
01571500,"Yellow Breeches Creek near Camp Hill, PA",557.7318,40.224812,-76.898029,73005350,566.8805730299039,11.256274082187028,9.14877302990385,True,0.1872290099632775
01574500,"Codorus Creek at Spring Grove, PA",195.84,39.87871,-76.853307,73005671,244.3768494646264,78.69510766181098,48.53684946462639,True,0.3832291370232121
01616500,"OPEQUON CREEK NEAR MARTINSBURG, WV",706.3537,39.42371,-77.938608,73006807,717.7842728648628,73.6895501384937,11.430572864862825,True,0.8448820376379017
01637500,"CATOCTIN CREEK NEAR MIDDLETOWN, MD",174.2859,39.42725,-77.556167,73006648,190.09529553468656,23.736200157834144,15.809395534686589,True,0.3339542374279866
01639000,"MONOCACY RIVER AT BRIDGEPORT, MD",448.6043,39.678833,-77.2345,73005485,474.1975378686732,33.0961764767695,25.59323786867316,True,0.2267010696345157
01639500,"BIG PIPE CREEK AT BRUCEVILLE, MD",267.1785,39.612361,-77.237444,73005546,279.7338722886477,53.330326595096246,12.555372288647732,True,0.7645734971028247
01591610,"PATUXENT RIVER BELOW BRIGHTON DAM NEAR BRIGHTON,MD",205.335,39.192194,-77.004389,73007024,207.14800511256755,42.86917196779125,1.813005112567538,True,0.9577084177429483
01592500,"PATUXENT RIV NEAR LAUREL, MD",344.178,39.115722,-76.87375,73006954,468.61988803128736,188.08967831742729,124.44188803128736,True,0.3383906594742827
01632900,"SMITH CREEK NEAR NEW MARKET, VA",245.0484,38.69345,-78.642794,73007002,272.2354001070529,101.67519733205872,27.18700010705291,True,0.7326093204593102
01634500,"CEDAR CREEK NEAR WINCHESTER, VA",263.9817,39.081218,-78.329449,73006923,406.5302408822057,180.44768092665544,142.54854088220566,True,0.2100284129439946
01666500,"ROBINSON RIVER NEAR LOCUST DALE, VA",463.1463,38.32513,-78.095556,73006869,465.772644090048,22.12254313737006,2.626344090048008,True,0.8812819993732317
01667500,"RAPIDAN RIVER NEAR CULPEPER, VA",1209.747,38.350408,-77.974997,73006805,1209.8751781231474,72.48484092369493,0.128178123147336,True,0.9982316561433546
01671020,"NORTH ANNA RIVER AT HART CORNER NEAR DOSWELL, VA",1200.548,37.85014,-77.427759,73008037,1209.8257605806791,211.2308362279256,9.277760580679342,True,0.956077622252708
02028500,"ROCKFISH RIVER NEAR GREENFIELD, VA",245.4534,37.869585,-78.823354,73008381,273.17817046231806,42.72735324325268,27.72477046231808,True,0.3511236161885067
02034000,"RIVANNA RIVER AT PALMYRA, VA",1716.953,37.857919,-78.265837,73007871,1718.295218989093,66.49085193417946,1.3422189890929983,True,0.979813478846358
02041000,"DEEP CREEK NEAR MANNBORO, VA",409.2858,37.283206,-77.869722,73008284,410.8259688907584,34.126290773634096,1.5401688907583662,True,0.954868552783114
02041650,"APPOMATTOX RIVER AT MATOACA, VA",3482.478,37.22515,-77.475263,73008074,3544.5226262667243,108.61223991462364,62.04462626672421,True,0.4287510660355098
02062500,"ROANOKE (STAUNTON) RIVER AT BROOKNEAL, VA",6229.019,37.041252,-78.950291,73008065,6237.87221857144,23.468713185602542,8.853218571439356,True,0.6227650616621546
02064000,"FALLING RIVER NEAR NARUNA, VA",427.7682,37.12681,-78.959737,73008271,441.8316125950411,22.691687631828604,14.063412595041145,True,0.3802394593465569
02066000,"ROANOKE (STAUNTON) RIVER AT RANDOLPH, VA",7686.307,36.915142,-78.740838,73008054,7706.502624463847,24.30010298219136,20.195624463847707,True,0.168907865178665
02077303,"HYCO R BL ABAY D NR MCGEHEES MILL, NC",526.7394,36.5225,-78.9975,73008005,568.9262740524462,62.9195378699624,42.18687405244612,True,0.3295107453008487
02077500,"HYCO RIVER NEAR DENNISTON, VA",746.7939,36.587917,-78.89862,73007981,746.8907414539436,31.66843089365752,0.0968414539436253,True,0.9969420191903786
02081500,"TAR RIVER NEAR TAR RIVER, NC",428.3661,36.194167,-78.583056,73009612,433.70093726926376,25.114692402462737,5.334837269263744,True,0.7875810229417497
02081747,"TAR R AT US 401 AT LOUISBURG, NC",1127.123,36.093056,-78.296111,73009485,1126.8031385943116,46.80501795321248,0.3198614056884707,True,1.0
02082506,"TAR R BL TAR R RESERVOIR NR ROCKY MOUNT, NC",2030.275,35.900556,-77.865556,73009358,2062.8784830060063,37.308944936440575,32.60348300600617,True,0.1261215490936722
02082950,"LITTLE FISHING CREEK NEAR WHITE OAK, NC",460.8531,36.183333,-77.876111,73009636,481.8849808742439,62.396195174028165,21.03188087424394,True,0.6629300742523758
02085500,"FLAT RIVER AT BAHAMA, NC",384.6807,36.182778,-78.878889,73009720,453.63749636244734,89.22253554527077,68.95679636244734,True,0.22713700141979
02102500,"CAPE FEAR RIVER AT LILLINGTON, NC",8995.328,35.406111,-78.813333,73009325,9038.611254409,63.09767987722108,43.28325440900153,True,0.3140277979598543
02105769,"CAPE FEAR R AT LOCK #1 NR KELLY, NC",13659.7,34.404444,-78.293611,73011192,13637.11259686414,25.09279421699456,22.58740313585986,True,1.0
02109500,"WACCAMAW RIVER AT FREELAND, NC",1783.764,34.095,-78.548333,73011706,1858.5993497536767,52.523689701828594,74.83534975367684,True,1.0
02133500,"DROWNING CREEK NEAR HOFFMAN, NC",472.1283,35.061111,-79.493889,73009615,479.996795619676,8.94662771712964,7.868495619675968,True,0.1205070929004264
02110500,"WACCAMAW RIVER NEAR LONGS, SC",2908.315,33.912672,-78.715017,73011586,3016.583552218933,108.78143719241368,108.26855221893312,True,0.0047148207149845
04273500,SARANAC RIVER AT PLATTSBURGH NY,1581.609,44.68171,-73.471246,72051563,1575.584930372261,31.02305382304555,6.024069627738982,True,1.0
01315000,INDIAN RIVER NEAR INDIAN LAKE NY,337.5252,43.756453,-74.267093,73002031,342.33182765897817,102.62336045786014,4.806627658978186,True,0.9531624414019076
01325000,SACANDAGA RIVER AT STEWARTS BRIDGE NR HADLEY NY,2776.659,43.31146,-73.867346,73001864,2719.790708024198,71.71737637734155,56.868291975802094,True,1.0
01336000,MOHAWK RIVER BELOW DELTA DAM NEAR ROME NY,386.4249,43.264514,-75.436286,73002079,393.94204336658447,76.09421035456951,7.517143366584492,True,0.901212676607622
01346000,WEST CANADA CREEK AT KAST BRIDGE NY,1439.444,43.068959,-74.988212,73001862,1441.979316089039,21.66886315968872,2.5353160890390427,True,0.8829972726139333
04256000,INDEPENDENCE RIVER AT DONNATTSBURG NY,232.4457,43.747291,-75.334347,72055352,249.0119664124024,119.60834036027204,16.566266412402427,True,0.8614957254443695
04258000,BEAVER RIVER AT CROGHAN NY,754.8174,43.897291,-75.404075,72051652,845.7536902822037,40.53647360529163,90.93629028220369,True,1.0
04266500,RAQUETTE RIVER AT PIERCEFIELD NY,1877.755,44.234783,-74.571841,72051591,1783.3303316615577,36.82732905423386,94.42466833844242,True,1.0
01350000,SCHOHARIE CREEK AT PRATTSVILLE NY,612.5148,42.319528,-74.436537,73003490,630.0599214426944,45.51559423149615,17.54512144269438,True,0.6145250492950083
01350355,SCHOHARIE CREEK AT BREAKABEEN NY,1153.139,42.537021,-74.41042,73001724,1150.9334082122357,4.049870832951208,2.2055917877644333,True,1.0
01351500,SCHOHARIE CREEK AT BURTONSVILLE NY,2320.989,42.800075,-74.262907,73001702,2422.049548564563,134.03692891082176,101.06054856456284,True,0.2460245890011322
01362200,ESOPUS CREEK AT ALLABEN NY,169.1902,42.117034,-74.380149,73003774,218.0344133357989,64.97840310149871,48.84421333579888,True,0.2483008045072701
01362500,ESOPUS CREEK AT COLDBROOK NY,493.1622,42.014259,-74.270703,73003531,528.378324641831,37.380589974979145,35.216124641831016,True,0.0579034556329079
01413500,EAST BR DELAWARE R AT MARGARETVILLE NY,424.1025,42.14481,-74.653489,73003667,449.8257953127692,41.40124519438472,25.72329531276921,True,0.3786830518745345
01417000,EAST BRANCH DELAWARE RIVER AT DOWNSVILLE NY,960.9337,42.075087,-74.976275,73003431,963.917562046556,38.20225365854448,2.9838620465559416,True,0.9218930361222666
01417500,EAST BR DELAWARE RIVER AT HARVARD NY,1183.973,42.024809,-75.11989,73003373,1195.114400697376,13.626443498643146,11.141400697375955,True,0.1823691414061664
01420500,BEAVER KILL AT COOKS FALLS NY,627.0471,41.946477,-74.979609,73003496,629.7668135643522,36.699169573645634,2.719713564352219,True,0.9258916864891326
01421000,EAST BR DELAWARE R AT FISHS EDDY NY,2029.478,41.973143,-75.174058,73003356,2027.375533507895,2.755334270637885,2.1024664921051226,True,1.0
01423000,WEST BRANCH DELAWARE RIVER AT WALTON NY,859.6809,42.166196,-75.139891,73003395,963.6471610535784,105.44744449697608,103.96626105357836,True,0.0140466509213524
01425000,WEST BR DELAWARE RIVER AT STILESVILLE NY,1180.565,42.074806,-75.396009,73003347,1180.7460767524212,34.4699750830391,0.1810767524211769,True,0.9947468267097682
01426500,WEST BRANCH DELAWARE RIVER AT HALE EDDY NY,1539.334,42.00314,-75.383508,73003334,1584.3279548987127,45.46316897400418,44.99395489871267,True,0.010320751629958
01435000,NEVERSINK RIVER NEAR CLARYVILLE NY,172.458,41.890092,-74.589879,73003743,364.57217216018506,205.3818037506404,192.11417216018503,True,0.064599839655532
01436000,NEVERSINK RIVER AT NEVERSINK NY,240.6915,41.820091,-74.635437,73003743,364.57217216018506,205.3818037506404,123.88067216018509,True,0.3968274214273045
04243500,ONEIDA CREEK AT ONEIDA NY,300.4533,43.097569,-75.63907,72055838,345.59191080670865,58.88015488749253,45.13861080670864,True,0.2333815885342194
01396800,SPRUCE RUN AT CLINTON NJ,107.8434,40.64,-74.915556,73005744,108.60062971631736,1.826392684632954,0.7572297163173687,True,0.5853959979753491
01398000,NESHANIC RIVER AT REAVILLE NJ,65.97871,40.473333,-74.827778,73005810,80.32010463383304,22.070017054420013,14.341394633833032,True,0.3501865178232452
01429500,"Dyberry Creek near Honesdale, PA",167.2245,41.60731,-75.26712,73003736,180.6620687881403,19.43449604694657,13.437568788140284,True,0.3085712767812413
01437500,NEVERSINK RIVER AT GODEFFROY NY,793.9593,41.441204,-74.601828,73003376,827.1359786879964,48.759647166263456,33.1766786879964,True,0.3195873921140436
01440000,FLAT BROOK NEAR FLATBROOKVILLE NJ,167.7204,41.106667,-74.952222,73003791,166.61952963591838,45.93739604202036,1.1008703640816293,True,1.0
01445500,PEQUEST RIVER AT PEQUEST NJ,269.5341,40.830556,-74.977778,73005231,303.02893028189624,129.23611812459748,33.49483028189621,True,0.740824540631872
01449800,"Pohopoco Cr bl Beltzville Dam nr Parryville, PA",249.4863,40.845648,-75.645744,73005518,289.8956262657506,40.807404286557066,40.40932626575059,True,0.0097550439133814
01450500,"Aquashicola Creek at Palmerton, PA",198.1143,40.806205,-75.597964,73005598,203.82251368528637,35.39280502950535,5.708213685286353,True,0.838718245685029
01451500,"Little Lehigh Creek near Allentown, PA",212.0562,40.58232,-75.482961,73005682,212.3638628841846,42.121949126548046,0.3076628841846229,True,0.9926959010548086
01452000,"Jordan Creek at Allentown, PA",196.5627,40.623153,-75.482405,73005689,212.55930621591068,110.76264168923274,15.996606215910674,True,0.8555776029539597
01459500,"Tohickon Creek near Pipersville, PA",254.2302,40.433715,-75.116561,73005519,289.01351405897134,43.195791575557735,34.78331405897134,True,0.1947522480719297
01472198,"Perkiomen Creek at East Greenville, PA",97.51591,40.393988,-75.515459,73005805,112.2739930801837,21.7810247768008,14.758083080183695,True,0.3224339427820363
01534300,"Lackawanna River near Forest City, PA",98.5212,41.679805,-75.47185,73003804,186.63341655470165,91.6310807523454,88.11221655470163,True,0.038402517669243
01534500,"Lackawanna River at Archbald, PA",281.8395,41.504526,-75.54213,73003568,405.25652103613146,188.40645279433613,123.41702103613147,True,0.344942706549159
01470779,"Tulpehocken Creek near Bernville, PA",179.1595,40.413426,-76.171613,73005649,182.71681520798057,41.49122042975204,3.557315207980565,True,0.9142634231739848
01470960,Tulpehocken Cr at Blue Marsh Damsite near Reading,461.3823,40.370648,-76.025216,73005452,464.0896089564984,12.422607220117277,2.707308956498423,True,0.782065961796314
01471000,"Tulpehocken Creek near Reading, PA",557.1,40.368982,-75.979102,73005421,569.3095382511527,13.205217896590884,12.209538251152708,True,0.0754004707256837
01479000,"WHITE CLAY CREEK NEAR NEWARK, DE",230.7807,39.699222,-75.675028,73005667,234.5174621107728,82.25939308934093,3.736762110772816,True,0.9545734296056092
01582500,"GUNPOWDER FALLS AT GLENCOE, MD",413.7579,39.549694,-76.636111,73005488,416.00291650081056,36.18324843791417,2.24501650081055,True,0.9379542579029988
01594440,"PATUXENT RIVER NEAR BOWIE, MD",906.5709,38.955917,-76.693694,73006797,1068.7165272009674,187.1292859764744,162.1456272009674,True,0.1335101485859776
01669520,"DRAGON SWAMP AT MASCOT, VA",277.3854,37.633753,-76.696347,73008346,395.4308632811634,219.8550607260164,118.0454632811634,True,0.463075978822831
02092500,"TRENT RIVER NEAR TRENTON, NC",447.5751,35.064167,-77.461389,73009170,453.90220504556726,74.28716751557079,6.327105045567237,True,0.9148290982525203
02108000,"NORTHEAST CAPE FEAR RIVER NEAR CHINQUAPIN, NC",1569.485,34.828889,-77.832222,73011373,1580.3762909270724,12.07370164486217,10.891290927072532,True,0.0979327427966385
14400000,"CHETCO RIVER NEAR BROOKINGS, OR",702.6345,42.123443,-124.187311,78026912,710.8949220559317,44.686642180088455,8.260422055931713,True,0.8151478461361681
11469000,MATTOLE R NR PETROLIA CA,622.863,40.313191,-124.283659,77006723,628.6266450358036,70.0973637458348,5.763645035803506,True,0.9177765792062904
11478500,VAN DUZEN R NR BRIDGEVILLE CA,572.3766,40.480416,-123.890876,77006869,574.967007959588,64.1587577225379,2.590407959587992,True,0.9596250293562336
11481000,MAD R NR ARCATA CA,1257.414,40.909572,-124.060896,77006366,1288.7564613293853,35.73448055460893,31.342461329385287,True,0.1229070398410246
11482500,REDWOOD C A ORICK CA,718.0398,41.29929,-124.051182,77000949,725.6334839404893,14.420222047377049,7.5936839404893135,True,0.4734003460182113
11528700,SF TRINITY R BL HYAMPOM CA,1980.083,40.649863,-123.494205,77006661,1982.3544632199237,56.65217663515213,2.271463219923362,True,0.9599051024190668
11461000,RUSSIAN R NR UKIAH CA,259.6455,39.195447,-123.195005,77007882,259.2521296011376,0.639348810967666,0.3933703988624302,True,1.0
11461500,EF RUSSIAN R NR CALPELLA CA,238.6782,39.246556,-123.130281,77008189,274.6173991580489,36.57907278327989,35.93919915804889,True,0.0174928880516479
11462000,EF RUSSIAN R NR UKIAH CA,271.8342,39.197391,-123.187505,77008189,274.6173991580489,36.57907278327989,2.7831991580488875,True,0.9239128018761298
11468000,NAVARRO R NR NAVARRO CA,785.8926,39.172123,-123.669458,77005961,820.6469374306386,47.30177986606677,34.75433743063854,True,0.2652636427414749
11468500,NOYO R NR FORT BRAGG CA,273.5145,39.428224,-123.737792,77007373,290.6385247019929,15.87222791527488,17.12402470199288,True,1.0
11470500,EEL R BL SCOTT DAM NR POTTER VALLEY CA,750.2211,39.407939,-122.97139,77007165,749.4203613815889,3.512773548289433,0.8007386184110601,True,1.0
11471500,EEL R A VAN ARSDALE DAM NR POTTER VALLEY CA,904.2471,39.388496,-123.116116,77006968,931.4567032653208,55.8429438303984,27.20960326532065,True,0.5127476920278519
11473900,MF EEL R NR DOS RIOS CA,1925.013,39.706267,-123.325291,77006583,1945.7950919101595,42.40081524168316,20.78209191015958,True,0.5098657468800449
11476500,SF EEL R NR MIRANDA CA,1390.243,40.18181,-123.776143,77006475,1461.2587724896928,90.97608362850843,71.01577248969284,True,0.2194017410149408
11480390,MAD R AB RUTH RES NR FOREST GLEN CA,242.5977,40.284313,-123.335303,77008702,439.3299239112421,321.73295865960665,196.73222391124213,True,0.3885232500553829
11480410,MAD R BL RUTH RES NR FOREST GLEN CA,312.9813,40.370978,-123.436141,77008702,439.3299239112421,321.73295865960665,126.34862391124216,True,0.6072872843440359
11460600,LAGUNITAS C NR PT REYES STATION CA,211.5945,38.0802,-122.784435,77015456,214.8833210651399,8.724388204877584,3.2888210651398992,True,0.623031324614693
11160500,SAN LORENZO R A BIG TREES CA,275.8086,37.044393,-122.072464,77021366,316.98135596474964,29.18239499064937,41.172755964749626,True,1.0
11162500,PESCADERO C NR PESCADERO CA,118.8711,37.260777,-122.32886,77016716,153.74369711148887,78.62109463336652,34.87259711148887,True,0.5564473214967289
11143000,BIG SUR R NR BIG SUR CA,120.6126,36.245796,-121.773287,77023838,152.52989534275008,90.81150711687484,31.91729534275008,True,0.6485324783601227
01408120,NORTH BRANCH METEDECONK RIVER NEAR LAKEWOOD NJ,91.2879,40.091667,-74.1525,73005656,95.27644052693891,7.797841080358774,3.98854052693892,True,0.4885070770440208
01208925,"MILL R NR FAIRFIELD, CT",74.5146,41.165652,-73.270393,73003778,136.1098808626067,17.734995905394047,61.5952808626067,True,1.0
01304500,PECONIC RIVER AT RIVERHEAD NY,192.3507,40.91371,-72.686764,73005808,254.8544827601338,176.4248595869693,62.50378276013382,True,0.64572009349214
01375000,CROTON R @ NEW CROTON DAM NR CROTON-ON-HUDSON NY,980.0289,41.225094,-73.859303,73003424,1033.651716557349,48.10762663486668,53.62281655734887,True,1.0
01378500,HACKENSACK RIVER AT NEW MILFORD NJ,300.3462,40.948333,-74.026667,73005190,344.5212318827611,67.46427674246468,44.17503188276112,True,0.3452085456812492
01381000,ROCKAWAY RIVER BELOW RESERVOIR AT BOONTON NJ,314.3538,40.896944,-74.394722,73005222,367.8670200113646,70.24112651396811,53.51322001136464,True,0.2381497469189502
01381900,PASSAIC RIVER AT PINE BROOK NJ,907.8039,40.8625,-74.321389,73005214,935.7555212524046,32.229659107271445,27.951621252404607,True,0.1327360565815496
01383500,WANAQUE RIVER AT AWOSTING NJ,75.3111,41.160278,-74.333611,73003897,146.25264692145635,41.20364452560849,70.94154692145638,True,1.0
01168500,"DEERFIELD RIVER AT CHARLEMONT, MA",938.5038,42.625918,-72.855096,73001886,986.3343686961554,54.11339137580245,47.83056869615541,True,0.1161047666743816
01170000,"DEERFIELD RIVER NEAR WEST DEERFIELD, MA",1451.378,42.535919,-72.653423,73001863,1477.5228525824832,33.79425989450281,26.14485258248328,True,0.2263522662102693
01170500,"CONNECTICUT RIVER AT MONTAGUE CITY, MA",20389.69,42.578697,-72.574533,73001642,20465.52890489201,26.77115200454267,75.83890489201076,True,1.0
01181000,"WEST BRANCH WESTFIELD RIVER AT HUNTINGTON, MA",243.495,42.237312,-72.895654,73003733,251.979031166822,63.531851708601074,8.484031166822007,True,0.8664601937665006
01183500,"WESTFIELD RIVER NEAR WESTFIELD, MA",1292.801,42.10676,-72.698981,73003163,1353.916820821884,52.84499578431675,61.11582082188397,True,1.0
01186000,"WEST BRANCH FARMINGTON RIVER AT RIVERTON, CT",333.5841,41.962873,-73.017606,73003600,334.0589465086064,38.27676077728748,0.4748465086063902,True,0.9875943915063954
01188090,"FARMINGTON RIVER AT UNIONVILLE, CT.",977.783,41.755933,-72.886768,73003423,1015.9998236013698,86.34436166853159,38.21682360136981,True,0.5573906290710581
01192500,"HOCKANUM RIVER NEAR EAST HARTFORD, CT.",190.6678,41.783155,-72.587311,73003588,206.6533869302341,18.7136357916296,15.98558693023412,True,0.1457786659829996
01205500,"HOUSATONIC RIVER AT STEVENSON, CT.",3998.594,41.383985,-73.167612,73003122,4007.1760516040113,5.973233049461678,8.582051604011212,True,1.0
01206900,"NAUGATUCK RIVER AT THOMASTON, CT.",260.7732,41.673708,-73.069553,73003590,281.5296005501949,32.582732413010895,20.75640055019494,True,0.3629631705809142
01208500,"NAUGATUCK RIVER AT BEACON FALLS, CT.",674.4304,41.442319,-73.062608,73003429,702.1190076575523,41.6376756260774,27.688607657552325,True,0.3350107266743984
01331500,"HOOSIC RIVER AT ADAMS, MA",121.0464,42.611194,-73.123992,73002191,190.09897398403228,71.73441059769577,69.05257398403228,True,0.0373856367023616
01333000,"GREEN RIVER AT WILLIAMSTOWN, MA",112.1643,42.708969,-73.196773,73002274,114.79782727483176,33.28943284198978,2.6335272748317777,True,0.9208899927093392
01364500,ESOPUS CREEK AT MOUNT MARION NY,1084.421,42.037869,-73.972081,73003363,1047.3048481195224,25.845776925037367,37.11615188047767,True,1.0
01116500,"PAWTUXET RIVER AT CRANSTON, RI",525.0195,41.750934,-71.445058,73003545,523.3416671912419,14.630394628667258,1.6778328087581258,True,1.0
01172500,"WARE RIVER NEAR BARRE, MA",142.6932,42.42509,-72.024521,73003758,140.25715224042526,2.761492913726624,2.436047759574734,True,1.0
01173000,"WARE RIVER AT INTAKE WORKS NEAR BARRE, MA",248.9728,42.390646,-72.060355,73003701,235.4126114980746,32.77027120599942,13.56018850192541,True,1.0
01154500,"CONNECTICUT RIVER AT NORTH WALPOLE, NH",14220.09,43.126189,-72.436755,73001671,14213.635837241389,0.634098069659375,6.454162758611346,True,1.0
01327750,HUDSON RIVER AT FORT EDWARD NY,7334.232,43.269517,-73.595949,73001748,7266.069047308246,160.04470483621392,68.16295269175407,True,1.0
01129200,"CONNECTICUT R BELOW INDIAN STREAM NR PITTSBURG, NH",658.7442,45.040324,-71.443971,73000695,680.7085760499133,23.216028048203235,21.964376049913312,True,0.0539132704221035
01134500,"MOOSE RIVER AT VICTORY, VT",195.1299,44.511723,-71.837314,73000849,333.32998710204816,150.58762092242202,138.20008710204817,True,0.082261302386572
04285500,"NORTH BRANCH WINOOSKI RIVER AT WRIGHTSVILLE, VT",181.8963,44.299503,-72.578721,72052452,202.4044420010732,38.17535426643843,20.5081420010732,True,0.4627910494833896
04287000,"DOG RIVER AT NORTHFIELD FALLS, VT",198.5157,44.182838,-72.640388,72052525,240.96854584725875,46.54884347416434,42.45284584725874,True,0.0879935422923873
04289000,"LITTLE RIVER NEAR WATERBURY, VT",286.8759,44.370056,-72.769285,72052366,289.2250455507939,76.96376739793037,2.349145550793878,True,0.9694772536452386
04292500,"LAMOILLE RIVER AT EAST GEORGIA, VT",1787.564,44.679215,-73.072636,72051590,1861.5373894151496,129.94527402198108,73.97338941514954,True,0.4307342843215948
04296000,"BLACK RIVER AT COVENTRY, VT",302.1894,44.868936,-72.270104,72051993,349.6983312638538,103.67891216473257,47.50893126385381,True,0.5417686174371874
01081000,"WINNIPESAUKEE RIVER AT TILTON, NH",1216.967,43.441744,-71.587575,73001894,1261.1289519006052,65.08356125760676,44.16195190060512,True,0.3214576607784564
01100000,"MERRIMACK RIVER BL CONCORD RIVER AT LOWELL, MA",11983.35,42.645925,-71.298394,73001690,12034.192929790275,97.1620835709385,50.84292979027487,True,0.4767204662387237
01049000,"Sebasticook River near Pittsfield, Maine",1488.607,44.716778,-69.413819,73000621,1494.6141299733445,39.32600356211877,6.00712997334449,True,0.8472478912367559
01049500,"Cobbosseecontee Stream at Gardiner, Maine",561.3147,44.229097,-69.778047,73000681,573.4772866312823,19.256474600187197,12.162586631282238,True,0.3683897554558608
01052500,"Diamond River near Wentworth Location, NH",383.8234,44.877394,-71.057494,73000749,394.00307342465584,2.567071663152848,10.179673424655846,True,1.0
01053500,"Androscoggin River at Errol, NH",2701.495,44.782558,-71.128686,73000610,2709.4262667278767,21.82606245901297,7.931266727876846,True,0.636614861577945
01054000,"Androscoggin River near Gorham, NH",3527.626,44.435792,-71.190178,73000578,3544.4275807125787,39.51379729166664,16.80158071257847,True,0.5747920507725568
01054200,"Wild River at Gilead, Maine",180.981,44.390444,-70.979644,73000852,180.5346558045309,13.50032319095776,0.446344195469095,True,1.0
01054500,"Androscoggin River at Rumford, Maine",5349.329,44.551814,-70.544067,73000559,5355.927085990583,57.284512866773255,6.598085990583058,True,0.8848190259393801
01055000,"Swift River near Roxbury, Maine",250.641,44.642747,-70.588783,73000920,324.2961401831008,156.6656494340326,73.65514018310083,True,0.5298577547204124
01059000,"Androscoggin River near Auburn, Maine",8444.24,44.072297,-70.208014,73000484,8544.695480205377,122.49061119720486,100.45548020537716,True,0.1798924078870994
01042500,"Kennebec River at The Forks, Maine",4124.36,45.339708,-69.962058,73000479,4132.747720949535,12.406414855225616,8.387720949534923,True,0.323920645294076
01046500,"Kennebec River at Bingham, Maine",7056.902,45.05205,-69.885506,73000473,7109.061480336506,53.3691559879292,52.15948033650602,True,0.0226661941533567
01013500,"Fish River near Fort Kent, Maine",2252.696,47.237394,-68.582642,72040863,2249.6765253980407,37.88699733406008,3.0194746019592458,True,1.0
01019000,"Grand Lake Stream at Grand Lake Stream, Maine",620.6238,45.172522,-67.7688,73000706,602.7168508752209,83.6120423731786,17.90694912477909,True,1.0
01022500,"Narraguagus River at Cherryfield, Maine",573.6006,44.607972,-67.935242,73000670,614.0399623464659,30.21459971397677,40.43936234646594,True,1.0
