STAID,huc2,n_big,dam_nid_id,dam_name,dam_COMID,dam_storage_mcm,dam_da_km2,dam_reach_uparea_km2,dam_max_discharge_m3s,dam_purpose,dam_year,dam_snap_class,dam_height_m,area_ratio,cover_train,cover_test,area_km2,n_nid,nid_dor,nse_trained,code6,role,relaxed,cascade,control_for,control_cross_huc,staname
01013500,01,0,,,,,,,,,,,,,1.0,1.0,2252.696,0,0.0,0.914753709864618,False,control,,,01170500,False,"Fish River near Fort Kent, Maine"
01052500,01,0,,,,,,,,,,,,,1.0,1.0,383.8234,0,0.0,0.8328141122934133,False,control,,,01154500,False,"Diamond River near Wentworth Location, NH"
01054200,01,0,,,,,,,,,,,,,1.0,1.0,180.981,0,0.0,0.6739117981784355,False,control,,,01205500,False,"Wild River at Gilead, Maine"
01055000,01,0,,,,,,,,,,,,,1.0,1.0,250.641,0,0.0,0.7440225768149977,False,control,,,01059000,False,"Swift River near Roxbury, Maine"
01134500,01,0,,,,,,,,,,,,,1.0,1.0,195.1299,0,0.0,0.7408823150401338,False,control,,,01042500,False,"MOOSE RIVER AT VICTORY, VT"
01181000,01,0,,,,,,,,,,,,,1.0,1.0,243.495,0,0.0,0.7163952654534467,False,control,,,01046500,False,"WEST BRANCH WESTFIELD RIVER AT HUNTINGTON, MA"
04296000,01,0,,,,,,,,,,,,,1.0,1.0,302.1894,0,0.0,0.7885215725186234,False,control,,,01100000,False,"BLACK RIVER AT COVENTRY, VT"
01019000,01,1,ME00223,West Grand Lake,73000706.0,198.467228056,419.57807382,602.7168508752209,154.32681397000002,Hydroelectric,1836.0,B,3.9624,1.0297103840696937,1.0,1.0,620.6238,1,0.5685631018313474,0.1605283574914098,True,dam,False,False,,,"Grand Lake Stream at Grand Lake Stream, Maine"
01022500,01,1,ME00061,Cherryfield,73000670.0,11.9894434848,600.8772415200001,614.0399623464659,,Flood Risk Reduction,1965.0,A,7.62,0.9341421327173354,1.0,1.0,573.6006,2,0.0269711634491718,0.8512649526765871,False,dam,False,False,,,"Narraguagus River at Cherryfield, Maine"
01042500,01,4,ME00090,Indian Pond,73000485.0,96.21158352,3579.3635680200005,3599.815695231181,622.9706252,Hydroelectric,1955.0,A,53.34,1.1457142112757892,1.0,1.0,4124.36,5,0.1483594665880528,0.3044652176435535,True,dam,False,True,,,"Kennebec River at The Forks, Maine"
01046500,01,7,ME00089,Wyman,73000474.0,257.6866911944,6783.178860090001,6814.685163254703,1688.533562758,Hydroelectric,1930.0,A,47.244,1.0355433642116512,1.0,1.0,7056.902,13,0.2395101941174054,0.5544783065195279,True,dam,False,True,,,"Kennebec River at Bingham, Maine"
01053500,01,6,NH00161,Errol,73000610.0,98.6785472,2706.5375749500004,2709.4262667278767,557.84187802,Hydroelectric,1887.0,A,7.62,0.9970727135758319,1.0,1.0,2701.495,6,0.4121193671352544,0.5084672932040211,True,dam,False,True,,,"Androscoggin River at Errol, NH"
01054000,01,6,NH00161,Errol,73000610.0,98.6785472,2706.5375749500004,2709.4262667278767,557.84187802,Hydroelectric,1887.0,A,7.62,1.3019826534199241,1.0,1.0,3527.626,13,0.3288247062758004,0.7221401755591902,True,dam,False,True,,,"Androscoggin River near Gorham, NH"
01059000,01,9,ME00007,Gulf Island,73000547.0,67.96484938399999,7407.365994600001,7439.371767355259,5691.6861666,Hydroelectric,1926.0,A,30.1752,1.1350743401552006,1.0,1.0,8444.24,48,0.1619381576240299,0.8495535901367794,True,dam,False,True,,,"Androscoggin River near Auburn, Maine"
01081000,01,3,NH00015,Lochmere,73001911.0,25.656422272,1108.51491108,1116.4741981765806,67.96043184,Hydroelectric,1910.0,A,3.3528,1.0900090678204153,1.0,1.0,1216.967,13,0.3527654169536772,0.7047206357024578,True,dam,False,True,,,"WINNIPESAUKEE RIVER AT TILTON, NH"
01100000,01,10,MA00234,Great Stone,73001690.0,24.546288616,12069.3445926,12034.192929790275,3624.5563648,Hydroelectric,1848.0,A,11.5824,0.9957751275813091,1.0,1.0,11983.35,146,0.0969983581703569,0.9230547847295932,False,dam,False,True,,,"MERRIMACK RIVER BL CONCORD RIVER AT LOWELL, MA"
01129200,01,4,NH00185,Murphy Dam,73000721.0,122.73144308,441.592972755,475.8926212889911,2095.4466484,Recreation,1938.0,A,32.308800000000005,1.3842286485042394,1.0,1.0,658.7442,5,0.4801109951924168,0.4008404912761173,True,dam,False,True,,,"CONNECTICUT R BELOW INDIAN STREAM NR PITTSBURG, NH"
01154500,01,10,NH00112,Bellows Falls,73001672.0,37.0044552,14022.19562754,14013.92102049902,4462.73502416,Hydroelectric,1907.0,A,14.630400000000002,1.0147117269463275,1.0,1.0,14220.09,70,0.0833737971205421,0.882580444545361,True,dam,False,True,,,"CONNECTICUT RIVER AT NORTH WALPOLE, NH"
01170500,01,15,MA00849,Gill,73001644.0,20.475798544,18552.08483193,18619.052398861,1585.7434096,Hydroelectric,1970.0,A,19.812,1.095098158768129,1.0,1.0,20389.69,121,0.0811880554579965,0.8956245262091306,True,dam,False,True,,,"CONNECTICUT RIVER AT MONTAGUE CITY, MA"
01172500,01,1,MA00962,Barre Falls Dam,73003758.0,77.70935592,142.44934605,140.25715224042526,461.56459958,Flood Risk Reduction,1958.0,A,21.0312,1.0173684387616748,1.0,1.0,142.6932,2,0.8559050412818364,0.4617809860370879,True,dam,False,False,,,"WARE RIVER NEAR BARRE, MA"
01186000,01,3,CT00541,Goodwin,73003600.0,10.52406705888,310.7985732,334.0589465086064,5323.5671608,Hydroelectric,1960.0,A,38.1,0.998578554732423,1.0,1.0,333.5841,3,0.393765270641818,-0.1997160140325049,True,dam,False,True,,,"WEST BRANCH FARMINGTON RIVER AT RIVERTON, CT"
01205500,01,5,CT00023,Stevenson,73003122.0,29.0114928768,3993.76166562,4007.1760516040113,6031.4883258,Hydroelectric,1919.0,A,31.3944,0.9978583292838916,1.0,1.0,3998.594,37,0.1373485547106716,0.8620986642083392,True,dam,False,True,,,"HOUSATONIC RIVER AT STEVENSON, CT."
01206900,01,2,CT00501,Thomaston Dam,73003590.0,77.70935592,251.22884667,281.5296005501949,3743.48712052,Flood Risk Reduction,1960.0,A,41.7576,0.926272759561941,1.0,1.0,260.7732,6,0.5519323640142991,0.5370385659892152,True,dam,False,True,,,"NAUGATUCK RIVER AT THOMASTON, CT."
01208925,01,1,CT00020,Easton Reservoir Dam,73004144.0,44.40534624,33.15184780800001,53.97573062970304,124.59412504,Water Supply,1926.0,B,37.4904,1.3805204511487308,1.0,1.0,74.5146,4,1.2280743967058183,-1.393713553164564,False,dam,False,False,,,"MILL R NR FAIRFIELD, CT"
01333000,02,0,,,,,,,,,,,,,1.0,1.0,112.1643,0,0.0,0.7444484481079644,False,control,,,01396800,False,"GREEN RIVER AT WILLIAMSTOWN, MA"
01350000,02,0,,,,,,,,,,,,,1.0,1.0,612.5148,0,0.0,0.8212171960759658,False,control,,,01375000,False,SCHOHARIE CREEK AT PRATTSVILLE NY
01362500,02,0,,,,,,,,,,,,,1.0,1.0,493.1622,0,0.0,0.6346689310254374,False,control,,,01520000,False,ESOPUS CREEK AT COLDBROOK NY
01398000,02,0,,,,,,,,,,,,,1.0,1.0,65.97871,0,0.0,0.6805561332377115,False,control,,,01383500,False,NESHANIC RIVER AT REAVILLE NJ
01420500,02,0,,,,,,,,,,,,,1.0,1.0,627.0471,0,0.0,0.7978168562024208,False,control,,,01350355,False,BEAVER KILL AT COOKS FALLS NY
01423000,02,0,,,,,,,,,,,,,1.0,1.0,859.6809,0,0.0,0.7116348377818185,False,control,,,04292500,False,WEST BRANCH DELAWARE RIVER AT WALTON NY
01440000,02,0,,,,,,,,,,,,,1.0,1.0,167.7204,0,0.0,0.8281862070995731,False,control,,,01429500,False,FLAT BROOK NEAR FLATBROOKVILLE NJ
01445500,02,0,,,,,,,,,,,,,1.0,1.0,269.5341,0,0.0,0.8762123781419824,False,control,,,04289000,False,PEQUEST RIVER AT PEQUEST NJ
01451500,02,0,,,,,,,,,,,,,1.0,1.0,212.0562,0,0.0,0.6463030677595851,False,control,,,01591610,False,"Little Lehigh Creek near Allentown, PA"
01452000,02,0,,,,,,,,,,,,,1.0,1.0,196.5627,0,0.0,0.8175018608149104,False,control,,,01574500,False,"Jordan Creek at Allentown, PA"
01470779,02,0,,,,,,,,,,,,,1.0,1.0,179.1595,0,0.0,0.7137706637478515,False,control,,,04285500,False,"Tulpehocken Creek near Bernville, PA"
01472198,02,0,,,,,,,,,,,,,1.0,1.0,97.51591,0,0.0,0.7250436757631433,False,control,,,01534300,False,"Perkiomen Creek at East Greenville, PA"
01510000,02,0,,,,,,,,,,,,,1.0,1.0,382.986,0,0.0,0.8376481946738191,False,control,,,01336000,False,OTSELIC RIVER AT CINCINNATUS NY
01532000,02,0,,,,,,,,,,,,,1.0,1.0,553.941,0,0.0,0.8180108144703506,False,control,,,01541200,False,"Towanda Creek near Monroeton, PA"
01539000,02,0,,,,,,,,,,,,,1.0,1.0,701.7795,0,0.0,0.8391173691843402,False,control,,,01671020,False,"Fishing Creek near Bloomsburg, PA"
01541000,02,0,,,,,,,,,,,,,1.0,1.0,817.7463,0,0.0,0.8248337832708409,False,control,,,01426500,False,"West Branch Susquehanna River at Bower, PA"
01543500,02,0,,,,,,,,,,,,,1.0,1.0,1778.258,0,0.0,0.8824846959652939,False,control,,,01327750,False,"Sinnemahoning Creek at Sinnemahoning, PA"
01544500,02,0,,,,,,,,,,,,,1.0,1.0,355.0644,0,0.0,0.7394411678968867,False,control,,,01592500,False,"Kettle Creek at Cross Fork, PA"
01547200,02,0,,,,,,,,,,,,,1.0,1.0,694.2744,0,0.0,0.8648998711016834,False,control,,,01417500,False,"Bald Eagle Creek bl Spring Creek at Milesburg, PA"
01552000,02,0,,,,,,,,,,,,,1.0,1.0,1129.486,0,0.0,0.8410896739333952,False,control,,,01563200,False,"Loyalsock Creek at Loyalsockville, PA"
01555000,02,0,,,,,,,,,,,,,1.0,1.0,792.6156,0,0.0,0.7469700021177518,False,control,,,01346000,False,"Penns Creek at Penns Creek, PA"
01568000,02,0,,,,,,,,,,,,,1.0,1.0,534.3948,0,0.0,0.8010623982052445,False,control,,,01547500,False,"Sherman Creek at Shermans Dale, PA"
01571500,02,0,,,,,,,,,,,,,1.0,1.0,557.7318,0,0.0,0.7973487855543486,False,control,,,01417000,False,"Yellow Breeches Creek near Camp Hill, PA"
01601500,02,0,,,,,,,,,,,,,1.0,1.0,641.3698,0,0.0,0.8951518786103905,False,control,,,01425000,False,"WILLS CREEK NEAR CUMBERLAND, MD"
01605500,02,0,,,,,,,,,,,,,1.0,1.0,463.8492,0,0.0,0.6707945395260192,False,control,,,01518000,False,"SOUTH BRANCH POTOMAC RIVER AT FRANKLIN, WV"
01616500,02,0,,,,,,,,,,,,,1.0,1.0,706.3537,0,0.0,0.8182693290680216,False,control,,,01541303,False,"OPEQUON CREEK NEAR MARTINSBURG, WV"
01626000,02,0,,,,,,,,,,,,,1.0,1.0,328.6971,0,0.0,0.6158868453923303,False,control,,,01315000,False,"SOUTH RIVER NEAR WAYNESBORO, VA"
01627500,02,0,,,,,,,,,,,,,1.0,1.0,547.262,0,0.0,0.6504141824211522,False,control,,,02011800,False,"SOUTH RIVER AT HARRISTON, VA"
01632900,02,0,,,,,,,,,,,,,1.0,1.0,245.0484,0,0.0,0.6557119682045341,False,control,,,01449800,False,"SMITH CREEK NEAR NEW MARKET, VA"
01637500,02,0,,,,,,,,,,,,,1.0,1.0,174.2859,0,0.0,0.7522524594247002,False,control,,,01435000,False,"CATOCTIN CREEK NEAR MIDDLETOWN, MD"
01639000,02,0,,,,,,,,,,,,,1.0,1.0,448.6043,0,0.0,0.783809262768989,False,control,,,01470960,False,"MONOCACY RIVER AT BRIDGEPORT, MD"
01639500,02,0,,,,,,,,,,,,,1.0,1.0,267.1785,0,0.0,0.6754254633568855,False,control,,,01597500,False,"BIG PIPE CREEK AT BRUCEVILLE, MD"
01666500,02,0,,,,,,,,,,,,,1.0,1.0,463.1463,0,0.0,0.7187887024267936,False,control,,,01471000,False,"ROBINSON RIVER NEAR LOCUST DALE, VA"
01667500,02,0,,,,,,,,,,,,,1.0,1.0,1209.747,0,0.0,0.8078294775330888,False,control,,,02041650,False,"RAPIDAN RIVER NEAR CULPEPER, VA"
01669520,02,0,,,,,,,,,,,,,1.0,1.0,277.3854,0,0.0,0.6547020950589266,False,control,,,01378500,False,"DRAGON SWAMP AT MASCOT, VA"
02015700,02,0,,,,,,,,,,,,,1.0,1.0,285.4062,0,0.0,0.7344651532999115,False,control,,,01381000,False,"BULLPASTURE RIVER AT WILLIAMSVILLE, VA"
02016000,02,0,,,,,,,,,,,,,1.0,1.0,1194.551,0,0.0,0.726646409475304,False,control,,,01325000,False,"COWPASTURE RIVER NEAR CLIFTON FORGE, VA"
02027000,02,0,,,,,,,,,,,,,1.0,1.0,240.7671,0,0.0,0.6735558259425078,False,control,,,01436000,False,"TYE RIVER NEAR LOVINGSTON, VA"
02028500,02,0,,,,,,,,,,,,,1.0,1.0,245.4534,0,0.0,0.8169991003541448,False,control,,,01459500,False,"ROCKFISH RIVER NEAR GREENFIELD, VA"
01315000,02,1,NY00155,Indian Lake Stone Dam,73002031.0,209.9817810324,339.28844241,342.33182765897817,,Recreation,1898.0,A,14.3256,0.9859591563780438,1.0,1.0,337.5252,1,0.7594492357961864,0.329850820955922,True,dam,False,False,,,INDIAN RIVER NEAR INDIAN LAKE NY
01325000,02,2,NY00149,Stewarts Bridge,73001864.0,22.942762224,2729.84746794,2719.790708024198,1226.11945778,Hydroelectric,1952.0,A,34.4424,1.0209090691456602,1.0,1.0,2776.659,6,0.4181137265580746,-0.171782699501626,True,dam,False,True,,,SACANDAGA RIVER AT STEWARTS BRIDGE NR HADLEY NY
01327750,02,8,NY00136,Spier Falls,73001748.0,38.23793704,7197.57695769,7266.069047308246,2831.68466,Hydroelectric,1903.0,A,44.500800000000005,1.0093809943516854,1.0,1.0,7334.232,32,0.2439268938557489,0.607564446975583,True,dam,False,True,,,HUDSON RIVER AT FORT EDWARD NY
01336000,02,1,NY00006,Delta Dam,73002079.0,77.87094204104,383.31824028000005,393.94204336658447,764.5548582,Navigation,1912.0,A,32.308800000000005,0.9809181490192216,1.0,1.0,386.4249,1,0.2171391557136577,0.461097523863209,True,dam,False,False,,,MOHAWK RIVER BELOW DELTA DAM NEAR ROME NY
01346000,02,1,NY00181,Hinckley,73001909.0,93.991316208,963.47557692,978.4829248302832,3021.265947987,Hydroelectric,1914.0,A,25.2984,1.471097720228148,1.0,1.0,1439.444,5,0.0754821022236786,0.7303751952511373,True,dam,False,False,,,WEST CANADA CREEK AT KAST BRIDGE NY
01350355,02,2,NY00692,Blenheim - Gilboa Lower,73003419.0,20.1427584472,922.03576716,949.0757163319612,5088.53733402,Hydroelectric,1974.0,A,50.292,1.215012648787089,1.0,1.0,1153.139,2,0.1593124610486642,0.707195945936421,True,dam,False,True,,,SCHOHARIE CREEK AT BREAKABEEN NY
01375000,02,10,NY00046,New Croton Reservoir Dam,73003424.0,89.92082613599999,971.24554125,1033.651716557349,7345.39000804,Water Supply,1906.0,A,53.0352,0.948122935706097,1.0,1.0,980.0289,13,0.7178938120911792,0.7584159732350608,True,dam,False,True,,,CROTON R @ NEW CROTON DAM NR CROTON-ON-HUDSON NY
01378500,02,2,NJ00258,Oradell Reservoir Dam,73005190.0,13.2475949616,290.07866832,344.5212318827611,385.10911376,Water Supply,1922.0,A,7.62,0.8717784920210849,1.0,1.0,300.3462,4,0.7144335689253071,0.6363428580789835,False,dam,False,True,,,HACKENSACK RIVER AT NEW MILFORD NJ
01381000,02,2,NJ00546,Parsippany Dike,73005222.0,34.53749152,308.20858509000004,367.8670200113646,0.3114853126,Water Supply,1905.0,B,9.144,0.8545310748168959,1.0,1.0,314.3538,6,0.4574612246660852,0.8519486592506836,False,dam,False,True,,,ROCKAWAY RIVER BELOW RESERVOIR AT BOONTON NJ
01383500,02,2,NJ00187,Greenwood Lake Dam,73003942.0,16.36707053496,70.18867778100001,71.50612277069759,,Recreation,1928.0,A,5.1816,1.0532119080418334,1.0,1.0,75.3111,4,0.9974676103488744,0.2278533011553949,False,dam,False,True,,,WANAQUE RIVER AT AWOSTING NJ
01396800,02,1,NJ00132,Spruce Run Reservoir Dam,73005744.0,41.5313335528,106.966508943,108.60062971631736,670.401343255,Water Supply,1964.0,A,28.346400000000003,0.9930273911090998,1.0,1.0,107.8434,2,0.6168111410242432,0.4461367865955745,False,dam,False,False,,,SPRUCE RUN AT CLINTON NJ
01417000,02,1,NY00342,Downsville Dam,73003431.0,518.4077477152,963.47557692,963.917562046556,5663.36932,Water Supply,1954.0,A,62.1792,0.9969044426992069,1.0,1.0,960.9337,1,1.6448671890849822,0.2746737295345172,True,dam,False,False,,,EAST BRANCH DELAWARE RIVER AT DOWNSVILLE NY
01417500,02,1,NY00342,Downsville Dam,73003431.0,518.4077477152,963.47557692,963.917562046556,5663.36932,Water Supply,1954.0,A,62.1792,1.2282927986976708,1.0,1.0,1183.973,1,1.0790075093991245,0.5728453314111082,True,dam,False,False,,,EAST BR DELAWARE RIVER AT HARVARD NY
01425000,02,1,NY00542,Cannonsville Dam,73003347.0,371.27680035816,1165.4946495000002,1180.7460767524212,5663.36932,Water Supply,1964.0,A,53.34,0.9998466420884334,1.0,1.0,1180.565,1,0.5366688023012848,0.5338152119459937,True,dam,False,False,,,WEST BR DELAWARE RIVER AT STILESVILLE NY
01426500,02,1,NY00542,Cannonsville Dam,73003347.0,371.27680035816,1165.4946495000002,1180.7460767524212,5663.36932,Water Supply,1964.0,A,53.34,1.3036960531207995,1.0,1.0,1539.334,1,0.4008365518154757,0.669709475889833,True,dam,False,False,,,WEST BRANCH DELAWARE RIVER AT HALE EDDY NY
01429500,02,1,PA00009,General Edgar Jadwin Dam,73003736.0,58.343691032,168.34922715000002,180.6620687881403,1033.5649009,Flood Risk Reduction,1960.0,A,33.528,0.9256204200567507,1.0,1.0,167.2245,1,0.5075212405561513,0.7585597070823159,True,dam,False,False,,,"Dyberry Creek near Honesdale, PA"
01435000,02,1,NY00348,Neversink Reservoir Dam,73003743.0,134.29163488448,233.357928711,364.57217216018506,3398.021592,Water Supply,1953.0,B,57.912000000000006,0.4730421386200198,1.0,1.0,172.458,1,0.6968645374412005,0.2637489950246214,False,dam,False,False,,,NEVERSINK RIVER NEAR CLARYVILLE NY
01436000,02,1,NY00348,Neversink Reservoir Dam,73003743.0,134.29163488448,233.357928711,364.57217216018506,3398.021592,Water Supply,1953.0,B,57.912000000000006,0.660202611114941,1.0,1.0,240.6915,1,1.5091436906356177,0.3408004465447176,True,dam,False,False,,,NEVERSINK RIVER AT NEVERSINK NY
01449800,02,3,PA00010,Beltzville Dam,73005518.0,50.8441214448,248.63885856,289.8956262657506,1330.8917902,Flood Risk Reduction,1969.0,A,53.9496,0.8606073268980371,1.0,1.0,249.4863,4,0.583266919829861,0.2507947214405239,True,dam,False,True,,,"Pohopoco Cr bl Beltzville Dam nr Parryville, PA"
01459500,02,1,PA00734,Nockamixon,73005586.0,49.3392736,189.846128463,218.3674276368169,,Recreation,1973.0,A,34.1376,1.1642313267655886,1.0,1.0,254.2302,1,0.3061828155027313,0.7386532969824446,True,dam,False,False,,,"Tohickon Creek near Pipersville, PA"
01470960,02,1,PA00921,Blue Marsh Dam,73005452.0,28.24303369048,453.24791925000005,464.0896089564984,1982.179262,Flood Risk Reduction,1977.0,A,30.48,0.9941664090204783,1.0,1.0,461.3823,1,0.1084033414997146,0.5673643551333023,True,dam,False,False,,,Tulpehocken Cr at Blue Marsh Damsite near Reading
01471000,02,1,PA00921,Blue Marsh Dam,73005452.0,28.24303369048,453.24791925000005,464.0896089564984,1982.179262,Flood Risk Reduction,1977.0,A,30.48,1.2004147243301455,1.0,1.0,557.1,1,0.0904967367160912,0.6561999975632815,True,dam,False,False,,,"Tulpehocken Creek near Reading, PA"
01518000,02,1,PA01132,Tioga Dam,73003466.0,12.2669768988,725.1966708,737.7234547014828,6175.9042434600005,Flood Risk Reduction,1978.0,A,42.9768,0.9820789828258443,1.0,1.0,724.5027,1,0.0292994853406407,0.583315532316429,True,dam,False,False,,,"Tioga River at Tioga, PA"
01520000,02,1,PA01134,Cowanesque Dam,73003440.0,36.85150345184,771.8164567800001,779.8183377304933,6342.9736384,Flood Risk Reduction,1980.0,A,46.0248,0.9954449163880512,1.0,1.0,776.2662,1,0.1237886827389487,0.5234494455646094,True,dam,False,False,,,"Cowanesque River near Lawrenceville, PA"
01534300,02,1,PA00006,Stillwater Dam,73003804.0,14.80178208,95.82956007,186.63341655470165,1069.810464548,Flood Risk Reduction,1960.0,B,23.4696,0.5278861728983231,1.0,1.0,98.5212,1,0.2074023068160662,0.5028391229196556,True,dam,False,False,,,"Lackawanna River near Forest City, PA"
01541200,02,1,PA00003,Curwensville Dam,73005384.0,11.71807748,945.34566015,952.8178003808428,4643.9628424,Flood Risk Reduction,1965.0,A,39.9288,0.9991088533605236,1.0,1.0,951.9687,1,0.0203231203822285,0.7379732813666979,True,dam,False,False,,,"WB Susquehanna River near Curwensville, PA"
01541303,02,1,PA00003,Curwensville Dam,73005384.0,11.71807748,945.34566015,952.8178003808428,4643.9628424,Flood Risk Reduction,1965.0,A,39.9288,1.3045306243262658,1.0,1.0,1242.98,3,0.0197940916061291,0.8097229033513262,True,dam,False,False,,,"West Branch Susquehanna River at Hyde, PA"
01547500,02,1,PA00005,Foster Joseph Sayers Dam,73003252.0,35.524276992,878.00596929,880.0438195351736,5915.38925474,Flood Risk Reduction,1969.0,A,30.48,0.997857016328835,1.0,1.0,878.1579,1,0.0815905972552471,0.2715498881612577,True,dam,False,False,,,"Bald Eagle Creek at Blanchard, PA"
01563200,02,1,PA00004,Raystown Dam,73005301.0,634.00966576,2486.3885856,2493.2904839225776,8523.3708266,Flood Risk Reduction,1973.0,A,68.58,0.996710177183337,1.0,1.0,2485.088,3,0.6068357033244853,0.6443452964898607,True,dam,False,False,,,"Rays Br Juniata R bl Rays Dam nr Huntingdon, PA"
01574500,02,2,PA00007,York Indian Rock Dam,73005671.0,59.20712832,243.45888234,244.3768494646264,1755.6444892,Flood Risk Reduction,1942.0,A,25.2984,0.8013852393507834,1.0,1.0,195.84,3,1.4970416086038372,0.6334526508177716,True,dam,False,True,,,"Codorus Creek at Spring Grove, PA"
01591610,02,1,MD00005,Brighton,73007024.0,21.215887648,199.42908447,207.14800511256755,2350.2982678,Hydroelectric,1943.0,A,24.9936,0.9912477790380732,1.0,1.0,205.335,1,0.2818729537376809,-0.0381931751084736,True,dam,False,False,,,"PATUXENT RIVER BELOW BRIGHTON DAM NEAR BRIGHTON,MD"
01592500,02,2,MD00020,T. Howard Duckett Dam,73006954.0,20.96919128,341.87843052000005,468.61988803128736,3073.1140941116,Water Supply,1953.0,B,42.3672,0.7344502629752261,1.0,1.0,344.178,2,0.6038591673661992,0.2286959708713473,True,dam,False,True,,,"PATUXENT RIV NEAR LAUREL, MD"
01597500,02,1,MD00014,Savage River Dam,73006655.0,24.6696368,271.94875155,300.77790186500874,2752.39748952,Flood Risk Reduction,1952.0,A,56.083200000000005,0.9176365626882819,1.0,1.0,276.0048,2,0.1636704766098458,0.4119817422259787,True,dam,False,False,,,"SAVAGE RIV BL SAVAGE RIV DAM NEAR BLOOMINGTON, MD"
01671020,02,1,VA177002,Lake Anna Dam and Reservoir,73006847.0,376.2119612,888.3659217300001,889.6715977129594,4020.9922172,Hydroelectric,1972.0,A,30.48,1.3494282644137423,1.0,1.0,1200.548,2,1.2135339797068008,0.6893129274007543,True,dam,False,False,,,"NORTH ANNA RIVER AT HART CORNER NEAR DOSWELL, VA"
02011800,02,2,VA005001,Gathright Dam,73007996.0,152.581703608,893.54589795,896.4307062376004,172.73276426,Flood Risk Reduction,1978.0,A,78.3336,0.9984858771256319,1.0,1.0,895.0734,4,0.5080342289019305,0.2762833785356521,True,dam,False,True,,,"JACKSON RIVER BL GATHRIGHT DAM NR HOT SPGS, VA"
02041650,02,2,VA041001,Brasfield (Appomattox),73008074.0,43.60851697136,3457.63412685,3544.5226262667243,2831.68466,Water Supply,1968.0,A,22.250400000000003,0.9824956326115845,1.0,1.0,3482.478,8,0.0576191147735205,0.788971690190444,True,dam,False,True,,,"APPOMATTOX RIVER AT MATOACA, VA"
04285500,02,1,VT00052,Wrightsville,72052452.0,44.40534624,176.11919148,202.4044420010732,,Flood Risk Reduction,1935.0,A,35.052,0.8986774114326777,1.0,1.0,181.8963,3,0.3149456556848356,0.7290578287038951,True,dam,False,False,,,"NORTH BRANCH WINOOSKI RIVER AT WRIGHTSVILLE, VT"
04289000,02,1,VT00027,Waterbury,72052366.0,108.54640192,282.30870399,289.2250455507939,,Flood Risk Reduction,1938.0,A,56.997600000000006,0.9918777934797444,1.0,1.0,286.8759,1,0.4158711389402693,0.5112735263199208,True,dam,False,False,,,"LITTLE RIVER NEAR WATERBURY, VT"
04292500,02,2,VT00033,Clark Falls,72051590.0,12.3348184,1787.0917959,1861.5373894151496,4643.9628424,Hydroelectric,1937.0,A,12.192,0.9602622059402255,1.0,1.0,1787.564,13,0.0451034843633365,0.8259110453187058,False,dam,False,True,,,"LAMOILLE RIVER AT EAST GEORGIA, VT"
02054500,03,0,,,,,,,,,,,,,1.0,1.0,661.3497,0,0.0,0.7339287708403628,False,control,,,02072500,False,"ROANOKE RIVER AT LAFAYETTE, VA"
02058400,03,0,,,,,,,,,,,,,1.0,1.0,887.8482,0,0.0,0.7580515058280901,False,control,,,02082506,False,"PIGG RIVER NEAR SANDY LEVEL, VA"
02061500,03,0,,,,,,,,,,,,,1.0,1.0,815.2614,0,0.0,0.7214153854001388,False,control,,,02112000,False,"BIG OTTER RIVER NEAR EVINGTON, VA"
02081747,03,0,,,,,,,,,,,,,1.0,1.0,1127.123,0,0.0,0.7814475885041855,False,control,,,02335000,False,"TAR R AT US 401 AT LOUISBURG, NC"
02108000,03,0,,,,,,,,,,,,,1.0,1.0,1569.485,0,0.0,0.918669676583426,False,control,,,02161000,False,"NORTHEAST CAPE FEAR RIVER NEAR CHINQUAPIN, NC"
02109500,03,0,,,,,,,,,,,,,1.0,1.0,1783.764,0,0.0,0.7225571472984557,False,control,,,02105769,False,"WACCAMAW RIVER AT FREELAND, NC"
02110500,03,0,,,,,,,,,,,,,1.0,1.0,2908.315,0,0.0,0.8991119808302573,False,control,,,02197000,False,"WACCAMAW RIVER NEAR LONGS, SC"
02118500,03,0,,,,,,,,,,,,,1.0,1.0,400.527,0,0.0,0.5114073528838641,False,control,,,02294491,False,"HUNTING CREEK NEAR HARMONY, NC"
02177000,03,0,,,,,,,,,,,,,1.0,1.0,526.7736,0,0.0,0.8353294099168758,False,control,,,02077303,False,"CHATTOOGA RIVER NEAR CLAYTON, GA"
02196000,03,0,,,,,,,,,,,,,0.8482300019557989,1.0,1408.382,0,0.0,0.7232713357565622,False,control,,,02339500,False,"STEVENS CREEK NEAR MODOC, SC"
02267000,03,0,,,,,,,,,,,,,1.0,1.0,168.6222,0,0.0,-0.115238909955516,False,control,,,11400500,True,"CATFISH CREEK NR LAKE WALES, FLA."
02270500,03,0,,,,,,,,,,,,,1.0,1.0,982.2276,0,0.0,0.7466277781991685,False,control,,,02394000,False,"ARBUCKLE CREEK NR DE SOTO CITY, FLA."
02301990,03,0,,,,,,,,,,,,,0.8572266770975944,1.0,238.9185,0,0.0,0.3985514764173264,False,control,,,11461500,True,HILLSBOROUGH R AB CRYSTAL SPR NEAR ZEPHYRHILLS FL
02302500,03,0,,,,,,,,,,,,,1.0,1.0,242.9253,0,0.0,0.5575389288355946,False,control,,,11480390,True,BLACKWATER CREEK NEAR KNIGHTS FL
02321500,03,0,,,,,,,,,,,,,1.0,1.0,1474.261,0,0.0,-0.3948442232992,False,control,,,02341505,False,"SANTA FE RIVER AT WORTHINGTON SPRINGS, FLA."
02326000,03,0,,,,,,,,,,,,,1.0,1.0,556.4121,0,0.0,0.5987702926652934,False,control,,,02072000,False,"ECONFINA RIVER NEAR PERRY, FLA."
02342500,03,0,,,,,,,,,,,,,1.0,1.0,830.574,0,0.0,0.8438952019883146,False,control,,,02382500,False,"UCHEE CREEK NEAR FORT MITCHELL, AL."
02371500,03,0,,,,,,,,,,,,,1.0,1.0,1292.785,0,0.0,0.8339384060381324,False,control,,,02060500,False,CONECUH RIVER AT BRANTLEY AL
02372250,03,0,,,,,,,,,,,,,1.0,1.0,1145.223,0,0.0,0.789188311674567,False,control,,,02167000,False,PATSALIGA CREEK NEAR BRANTLEY AL
02373000,03,0,,,,,,,,,,,,,1.0,1.0,1213.604,0,0.0,0.8602270030115748,False,control,,,02336000,False,SEPULGA RIVER NEAR MCKENZIE AL
02376500,03,0,,,,,,,,,,,,,1.0,1.0,978.2622,0,0.0,0.7343510453049212,False,control,,,02334430,False,"PERDIDO RIVER AT BARRINEAU PARK, FL"
02421000,03,0,,,,,,,,,,,,,1.0,1.0,759.1977,0,0.0,0.7860487571899798,False,control,,,02077500,False,CATOMA CREEK NEAR MONTGOMERY AL
02430680,03,0,,,,,,,,,,,,,0.9286133385487971,1.0,342.171,0,0.0,0.6835262068937835,False,control,,,02094500,False,"TWENTYMILE CREEK NR GUNTOWN, MS"
02439400,03,0,,,,,,,,,,,,,1.0,1.0,2057.115,0,0.0,0.8108086149285372,False,control,,,02466030,False,"BUTTAHATCHEE RIVER NR ABERDEEN, MS"
02446500,03,0,,,,,,,,,,,,,1.0,1.0,1368.045,0,0.0,0.5725416387596585,False,control,,,02418500,False,"SIPSEY RIVER NR ELROD, AL"
02462000,03,0,,,,,,,,,,,,,1.0,1.0,384.1299,0,0.0,0.6110983634522132,False,control,,,02085500,False,VALLEY CREEK NEAR OAK GROVE AL
02472000,03,0,,,,,,,,,,,,,1.0,1.0,1927.134,0,0.0,0.8140983804937457,False,control,,,02352500,False,"LEAF RIVER NR COLLINS, MS"
02479300,03,0,,,,,,,,,,,,,1.0,1.0,1144.201,0,0.0,0.6967640344667063,False,control,,,02335450,False,"RED CREEK AT VESTRY, MS"
02479560,03,0,,,,,,,,,,,,,1.0,1.0,1454.328,0,0.0,0.738519227009117,False,control,,,02462500,False,ESCATAWPA RIVER NEAR AGRICOLA MS
02481880,03,0,,,,,,,,,,,,,1.0,1.0,1341.208,0,0.0,0.8607612234129484,False,control,,,02169000,False,"PEARL RIVER AT BURNSIDE, MS"
02482000,03,0,,,,,,,,,,,,,1.0,1.0,2335.163,0,0.0,0.7534840517670196,False,control,,,02129000,False,"PEARL RIVER AT EDINBURG, MS"
02482550,03,0,,,,,,,,,,,,,1.0,1.0,3478.06,0,0.0,0.7191907173301983,False,control,,,02343801,False,"PEARL RIVER NR CARTHAGE, MS"
02060500,03,3,VA143001,Leesville,73008091.0,117.1314355264,3897.93210555,3830.370453515146,4587.3291492,Hydroelectric,1963.0,A,27.432,1.2055638106132183,1.0,1.0,4617.756,5,1.0840975899689953,0.7792216802863701,True,dam,False,True,,,"ROANOKE RIVER AT ALTAVISTA, VA"
02072000,03,1,VA089001,Philpott Dam,73008205.0,204.9923469896,549.0774793200001,562.3882388980035,1982.179262,Flood Risk Reduction,1953.0,A,67.056,0.9917490470513822,1.0,1.0,557.748,2,0.9037526788619392,0.0153249461802069,True,dam,False,False,,,"SMITH RIVER NEAR PHILPOTT, VA"
02072500,03,1,VA089001,Philpott Dam,73008205.0,204.9923469896,549.0774793200001,562.3882388980035,1982.179262,Flood Risk Reduction,1953.0,A,67.056,1.1914607270468272,1.0,1.0,670.0635,2,0.7542452828916762,0.1649491810806757,True,dam,False,False,,,"SMITH RIVER AT BASSETT, VA"
02077303,03,3,NC00656,Lake Hyco Dam,73008005.0,96.21158352,492.0977409,568.9262740524462,3114.853126,Recreation,1963.0,A,20.7264,0.925848258418529,1.0,1.0,526.7394,3,1.0554043531481705,0.6870556305490101,True,dam,False,True,,,"HYCO R BL ABAY D NR MCGEHEES MILL, NC"
02077500,03,3,NC00656,Lake Hyco Dam,73008005.0,96.21158352,492.0977409,568.9262740524462,3114.853126,Recreation,1963.0,A,20.7264,1.3126373909234454,1.0,1.0,746.7939,5,0.568358490563864,0.7059096766761098,True,dam,False,True,,,"HYCO RIVER NEAR DENNISTON, VA"
02082506,03,1,NC00913,Tar River Reservoir Dam,73009358.0,13.814996608,2007.24078525,2062.8784830060063,1.8689118756,Other,1971.0,A,10.668,0.9841951509627961,1.0,1.0,2030.275,3,0.0282357227800525,0.6927384599008746,False,dam,False,False,,,"TAR R BL TAR R RESERVOIR NR ROCKY MOUNT, NC"
02085500,03,1,NC01027,Lake Michie Dam,73009720.0,15.295174816,432.5280143700001,453.63749636244734,1333.72347486,Other,1926.0,A,28.041600000000003,0.8479914096268792,1.0,1.0,384.6807,1,0.1273466034659983,0.6994983879686195,False,dam,False,False,,,"FLAT RIVER AT BAHAMA, NC"
02094500,03,2,NC00687,Lake Townsend Dam,73009785.0,25.00761082416,271.94875155,342.1427030737307,2438.08049226,Recreation,1969.0,A,12.4968,0.9957923899565952,1.0,1.0,340.7031,3,0.5697484340805994,0.6380647015951273,True,dam,False,True,,,"REEDY FORK NEAR GIBSONVILLE, NC"
02105769,03,12,NC00182,Cape Fear River Lock and Dam 1,73011192.0,24.6696368,13610.387518050002,13637.11259686414,1755.6444892,Navigation,1915.0,A,7.010400000000001,1.0016563185920349,1.0,1.0,13659.7,52,0.1574842018682118,0.5265086214901317,True,dam,False,True,,,"CAPE FEAR R AT LOCK #1 NR KELLY, NC"
02112000,03,1,NC00300,W. Kerr Scott Dam,73009540.0,50.57275544,901.31586228,989.5895810507968,4997.9234249,Flood Risk Reduction,1963.0,A,45.110400000000006,1.314496458843808,1.0,1.0,1300.812,2,0.0823003598300965,0.5649442143214144,True,dam,False,False,,,"YADKIN RIVER AT WILKESBORO, NC"
02129000,03,8,NC00494,Blewett Falls,73011175.0,119.64773848,17689.6187913,17721.597700789258,13875.254834,Hydroelectric,1912.0,A,23.4696,1.0056644045816632,1.0,1.0,17821.98,29,0.1616496535856818,0.8217346819136565,True,dam,False,True,,,"PEE DEE R NR ROCKINGHAM, NC"
02161000,03,10,SC01069,Parr Shoals Dam,73011033.0,39.47141888,12302.443522500002,12255.466850202429,4617.9113435280005,Hydroelectric,1914.0,A,16.764,1.0087579813245382,1.0,1.0,12362.8,49,0.1921505291495957,0.862350221232355,False,dam,False,True,,,"BROAD RIVER AT ALSTON, SC"
02167000,03,3,SC00109,Buzzards Roost Embankment,73011113.0,315.77135104,3030.2860887,3023.766126640186,1132.673864,Hydroelectric,1940.0,A,24.9936,1.162295578694473,1.0,1.0,3514.51,18,0.3735545498928991,0.7611252207976298,True,dam,False,True,,,"SALUDA RIVER AT CHAPPELLS, SC"
02169000,03,4,SC00224,Saluda,73011078.0,2590.311864,6267.7712262000005,6286.746426403614,5578.418780200001,Hydroelectric,1930.0,A,71.3232,1.033745527369353,1.0,1.0,6498.896,21,1.7188682092789156,0.4857078522263381,True,dam,False,True,,,"SALUDA RIVER NEAR COLUMBIA, SC"
02197000,03,13,GA01703,New Savannah Bluff Lock and Dam,73014555.0,11.841425664,19445.63072988,19128.06943145733,849.505398,Water Supply,1937.0,A,21.336,0.9991761096688926,0.9998044201056131,1.0,19112.31,49,1.4261255309556553,0.211650044772621,True,dam,False,True,,,"SAVANNAH RIVER AT AUGUSTA, GA"
02294491,03,2,FL13003,P-11,73021698.0,54.33240808832,339.28844241,414.6113830556694,31.14853126,Flood Risk Reduction,1965.0,A,3.048,0.919876336219141,1.0,1.0,381.3912,4,1.5292592782469057,0.4635418510401372,True,dam,False,True,,,SADDLE CREEK AT STRUCTURE P-11 NEAR BARTOW FL
02334430,03,1,GA00824,Buford Dam,73011587.0,2364.58468728,2693.5876344000003,2698.965606691518,393.60416774,Flood Risk Reduction,1958.0,A,70.4088,0.9941986638685952,1.0,1.0,2683.308,6,1.7240535848198353,0.1138501697714319,True,dam,False,False,,,"CHATTAHOOCHEE RIVER AT BUFORD DAM, NEAR BUFORD, GA"
02335000,03,1,GA00824,Buford Dam,73011587.0,2364.58468728,2693.5876344000003,2698.965606691518,393.60416774,Flood Risk Reduction,1958.0,A,70.4088,1.1235489598243682,1.0,1.0,3032.42,7,1.51078868017578,0.3028136466639125,True,dam,False,False,,,"CHATTAHOOCHEE RIVER NEAR NORCROSS, GA"
02335450,03,1,GA00824,Buford Dam,73011587.0,2364.58468728,2693.5876344000003,2698.965606691518,393.60416774,Flood Risk Reduction,1958.0,A,70.4088,1.1693064899291656,1.0,1.0,3155.918,8,1.534434680445928,0.3567635841595366,True,dam,False,False,,,"CHATTAHOOCHEE RIVER ABOVE ROSWELL, GA"
02336000,03,1,GA00824,Buford Dam,73011587.0,2364.58468728,2693.5876344000003,2698.965606691518,393.60416774,Flood Risk Reduction,1958.0,A,70.4088,1.3921411190585247,1.0,1.0,3757.341,23,1.2466892370077067,0.5572805367959417,True,dam,False,False,,,"CHATTAHOOCHEE RIVER AT ATLANTA, GA"
02339500,03,4,GA00820,West Point Dam,73014781.0,746.2565132,8909.559098400001,8903.367795909227,12099.78855218,Hydroelectric,1974.0,A,40.2336,1.0296057862747043,1.0,1.0,9166.959,56,0.7476776913673164,0.5841726276431397,True,dam,False,True,,,"CHATTAHOOCHEE RIVER AT WEST POINT, GA"
02341505,03,7,GA00837,Oliver,73014742.0,39.47141888,12095.2444737,11999.177531071931,20388.129552,Hydroelectric,1959.0,A,21.0312,1.006190630044077,1.0,1.0,12073.46,81,0.6576906725353736,0.670160371797762,True,dam,False,True,,,"CHATTAHOOCHEE RIVER AT US 280, NEAR COLUMBUS, GA"
02343801,03,9,AL01433,George W. Andrews Lock and Dam,73017683.0,22.4246998512,21263.802383100003,21289.670219366908,1262.93135836,Navigation,1963.0,A,17.9832,0.9971981614204317,1.0,1.0,21230.02,94,0.5689522904986983,0.6968942644556455,False,dam,False,True,,,"CHATTAHOOCHEE RIVER NEAR COLUMBIA, AL"
02352500,03,5,GA00719,Crisp County (Warwick),73017721.0,178.8548668,9712.4554125,9754.114977653888,2548.5161940000003,Hydroelectric,1930.0,A,15.24,1.4045610525800114,1.0,1.0,13700.25,85,0.0620673961308711,0.5890835119084115,False,dam,False,True,,,"FLINT RIVER AT ALBANY, GA"
02382500,03,2,GA00822,Carters Re-Regulation Dam,73011684.0,20.0934191736,1346.7938172,1380.4842829087688,2474.89239284,Hydroelectric,1974.0,A,32.004000000000005,0.9786913308083546,1.0,1.0,1351.068,7,0.638955049231018,0.3708514852616974,True,dam,False,True,,,"COOSAWATTEE RIVER AT CARTERS, GA"
02394000,03,1,GA03742,Allatoona Dam,73011526.0,453.26880522664,2905.9666594200003,2936.5441406735854,9089.7077586,Flood Risk Reduction,1965.0,A,57.302400000000006,0.9903791193592939,1.0,1.0,2908.292,21,0.324153042476101,-0.1094152223592621,True,dam,False,False,,,"ETOWAH RIVER AT ALLATOONA DAM, ABV CARTERSVILLE,GA"
02418500,03,4,AL01421,Yates,73014426.0,66.60801936,8417.4613575,8563.618408134784,9245.4504149,Hydroelectric,1928.0,A,26.5176,1.0063841695483866,1.0,1.0,8618.29,25,0.705700192584485,0.5350300131903816,False,dam,False,True,,,TALLAPOOSA RIVER BELOW TALLASSEE AL
02462500,03,5,AL01427,John Hollis Bankhead Lock and Dam,73014378.0,332.0718135556,10310.74266591,10332.238190283835,18859.0198356,Navigation,1975.0,A,33.8328,0.9985774437238917,1.0,1.0,10317.54,14,0.3586314817912054,0.7706649433749497,False,dam,False,True,,,BLACK WARRIOR R AT BANKHEAD L&D NEAR BESSEMER AL
02466030,03,10,AL01429,A.I. Selden Lock and Dam,73014355.0,60.563958344,15047.8309191,15082.415630086129,1523.44634708,Navigation,1958.0,A,21.6408,0.9980516628896295,1.0,1.0,15053.03,24,0.2912450925692142,0.7703153657727885,False,dam,False,True,,,"BLACK WARRIOR RIVER AT SELDEN L & D NEAR EUTAW, AL"
04027000,04,0,,,,,,,,,,,,,1.0,1.0,1619.847,0,0.0,0.8222786745882187,False,control,,,04084500,False,"BAD RIVER NEAR ODANAH, WI"
04040500,04,0,,,,,,,,,,,,,1.0,1.0,419.8266,0,0.0,0.6822757161935347,False,control,,,04170500,False,"STURGEON RIVER NEAR SIDNAW, MI"
04043050,04,0,,,,,,,,,,,,,1.0,1.0,76.6224,0,0.0,0.7299361898839385,False,control,,,01208925,True,"TRAP ROCK RIVER NEAR LAKE LINDEN, MI"
04057510,04,0,,,,,,,,,,,,,1.0,1.0,473.5728,0,0.0,0.4700212987575083,False,control,,,04034500,False,"STURGEON RIVER NEAR NAHMA JUNCTION, MI"
04059500,04,0,,,,,,,,,,,,,1.0,1.0,1184.366,0,0.0,0.6332052442156153,False,control,,,04063500,False,"FORD RIVER NEAR HYDE, MI"
04060993,04,0,,,,,,,,,,,,,1.0,1.0,975.5613,0,0.0,0.8076320243765129,False,control,,,04266500,False,"BRULE RIVER AT US HIGHWAY 2 NEAR FLORENCE, WI"
04096515,04,0,,,,,,,,,,,,,1.0,1.0,126.6021,0,0.0,0.7349116531643427,False,control,,,04240180,False,"SOUTH BRANCH HOG CREEK NEAR ALLEN, MI"
04127918,04,0,,,,,,,,,,,,,1.0,1.0,548.2863,0,0.0,0.562866095501305,False,control,,,04232482,False,"PINE RIVER NEAR RUDYARD, MI"
04181500,04,0,,,,,,,,,,,,,1.0,1.0,1490.114,0,0.0,0.7560208611286227,False,control,,,04101500,False,"ST. MARYS RIVER AT DECATUR, IND."
04189000,04,0,,,,,,,,,,,,,1.0,1.0,909.2952,0,0.0,0.7784933061403725,False,control,,,04062500,False,Blanchard River near Findlay OH
04197100,04,0,,,,,,,,,,,,,1.0,1.0,388.2105,0,0.0,0.6926465275176055,False,control,,,04170000,False,Honey Creek at Melmore OH
04221000,04,0,,,,,,,,,,,,,1.0,1.0,750.879,0,0.0,0.8530029624760663,False,control,,,04258000,False,GENESEE RIVER AT WELLSVILLE NY
04231000,04,0,,,,,,,,,,,,,1.0,1.0,340.8813,0,0.0,0.7018127421772784,False,control,,,04240010,False,BLACK CREEK AT CHURCHVILLE NY
04256000,04,0,,,,,,,,,,,,,1.0,1.0,232.4457,0,0.0,0.8104601708642367,False,control,,,04239000,False,INDEPENDENCE RIVER AT DONNATTSBURG NY
04034500,04,1,MI00153,Bond Falls Main Dam,72040348.0,44.40534624,492.0977409,574.7402711030143,203.88129552,Hydroelectric,1938.0,A,15.24,0.8750684879533271,1.0,1.0,502.9371,1,0.6195892206519147,0.1656084561541382,True,dam,False,False,,,"MIDDLE BRANCH ONTONAGON RIVER NR TROUT CREEK, MI"
04062500,04,2,MI00205,Way,72046134.0,124.07840524928,1670.5423309500002,1827.172439395389,481.3863922,Hydroelectric,1941.0,A,22.250400000000003,0.9158478772554888,1.0,1.0,1673.412,6,0.3338643612249593,0.3401861191217762,True,dam,False,True,,,"MICHIGAMME RIVER NEAR CRYSTAL FALLS, MI"
04063500,04,4,MI00143,Twin Falls,72046118.0,12.02644794,4636.0787169000005,4761.627595060348,1667.86226474,Hydroelectric,1912.0,A,13.1064,0.9882198693743842,1.0,1.0,4705.535,12,0.1565456287576212,0.5125504506413641,True,dam,False,True,,,"MENOMINEE RIVER AT TWIN FALLS NEAR IRON MT, MI"
04084500,04,6,WI00647,Neenah,72050997.0,863.437288,15861.08718564,15299.776250951942,679.6043184,Flood Risk Reduction,1881.0,B,4.572,1.0186044386780067,1.0,1.0,15584.42,63,0.6824900971968615,0.6914462307336767,True,dam,False,True,,,"FOX R AT RAPIDE CROCHE DAM NEAR WRIGHTSTOWN, WI"
04101500,04,2,IN03011,Twin Branch,72058131.0,11.964773848,9142.6580283,9233.128996607004,1064.71343216,Hydroelectric,1903.0,A,12.4968,1.0422681198904957,1.0,1.0,9623.396,41,0.0259629898571102,0.8863557424525106,False,dam,False,True,,,"ST. JOSEPH RIVER AT NILES, MI"
04170000,04,1,MI00011,Kent Lake Dam,72055781.0,11.841425664,375.54827595,396.9764719004506,107.60401708,Recreation,1946.0,A,6.096,0.970370355088953,1.0,1.0,385.2142,10,0.2889058814438201,0.8019265777141074,False,dam,False,False,,,"HURON RIVER AT MILFORD, MI"
04170500,04,1,MI00011,Kent Lake Dam,72055781.0,11.841425664,375.54827595,396.9764719004506,107.60401708,Recreation,1946.0,A,6.096,1.0266525319470385,1.0,1.0,407.5569,10,0.2576057045412966,0.6895328919977158,True,dam,False,False,,,"HURON RIVER NEAR NEW HUDSON, MI"
04232482,04,1,NY00390,Keuka Lake Outlet Dam,72055238.0,99.29528812,471.37783602,669.0127481855857,,Recreation,1880.0,B,3.3528,0.796022051066013,1.0,1.0,532.5489,2,0.6095386018872846,0.4886545204157828,True,dam,False,False,,,KEUKA LAKE OUTLET AT DRESDEN NY
04239000,04,1,NY00794,Onondaga Dam,72056123.0,59.700521056,176.378190291,286.00015342607054,2331.89231751,Flood Risk Reduction,1949.0,B,20.4216,0.858822965853731,1.0,1.0,245.6235,1,0.4710104984780751,0.7056033290340289,True,dam,False,False,,,"ONONDAGA CR AT DORWIN AVE., SYRACUSE NY"
04240010,04,1,NY00794,Onondaga Dam,72056123.0,59.700521056,176.378190291,286.00015342607054,2331.89231751,Flood Risk Reduction,1949.0,B,20.4216,1.1597500771472127,1.0,1.0,331.6887,1,0.3660817668827337,0.7875655994257612,False,dam,False,False,,,"ONONDAGA CR AT SPENCER ST., SYRACUSE NY"
04240180,04,1,NY00753,Otisco Lake Dam,72056197.0,32.15317112328,101.3980345065,135.20825972015822,887.591556677,Recreation,1956.0,B,5.486400000000001,0.864799238167897,1.0,1.0,116.928,1,0.776111513000659,0.620717051809367,True,dam,False,False,,,NINEMILE CREEK NEAR MARIETTA NY
04258000,04,1,NY00316,Stillwater North Dam,72051867.0,133.21603872,442.88796681,587.9585850973588,1274.258097,Hydroelectric,1924.0,B,16.764,1.2837934833029294,1.0,1.0,754.8174,10,0.2552020938897356,0.3403394749415278,True,dam,False,False,,,BEAVER RIVER AT CROGHAN NY
04266500,04,2,NY00734,Setting Pole Rapids Dam,72051591.0,24.176244064,1864.7914392,1783.3303316615577,366.419995004,Other,1934.0,A,5.486400000000001,1.052948501274279,1.0,1.0,1877.755,4,0.0337537700431245,0.8592148962078827,True,dam,False,True,,,RAQUETTE RIVER AT PIERCEFIELD NY
03042000,05,0,,,,,,,,,,,,,1.0,1.0,499.2651,0,0.0,0.8367484053665203,False,control,,,03014500,False,"Blacklick Creek at Josephine, PA"
03053500,05,0,,,,,,,,,,,,,1.0,1.0,697.7826,0,0.0,0.8902101433801421,False,control,,,03091500,False,"BUCKHANNON RIVER AT HALL, WV"
03117500,05,0,,,,,,,,,,,,,1.0,1.0,656.2251,0,0.0,0.8324187845740887,False,control,,,01129200,True,Sandy Creek at Waynesburg OH
03118500,05,0,,,,,,,,,,,,,1.0,1.0,453.5037,0,0.0,0.7353244638437282,False,control,,,03353500,False,Nimishillen Creek at North Industry OH
03139000,05,0,,,,,,,,,,,,,1.0,1.0,1202.849,0,0.0,0.7952419594411338,False,control,,,03270000,False,Killbuck Creek at Killbuck OH
03144000,05,0,,,,,,,,,,,,,1.0,1.0,363.4146,0,0.0,0.7884654190011426,False,control,,,03232500,False,Wakatomika Creek near Frazeysburg OH
03187500,05,0,,,,,,,,,,,,,0.8986896147076081,1.0,207.415,0,0.0,0.7820245624372905,False,control,,,11278000,True,"CRANBERRY RIVER NEAR RICHWOOD, WV"
03202750,05,0,,,,,,,,,,,,,1.0,1.0,327.1086,0,0.0,0.8173920905851148,False,control,,,03228805,False,"CLEAR FORK AT CLEAR FORK, WV"
03219500,05,0,,,,,,,,,,,,,1.0,1.0,1469.508,0,0.0,0.740443510949943,False,control,,,03185400,False,Scioto River near Prospect OH
03230500,05,0,,,,,,,,,,,,,1.0,1.0,1376.946,0,0.0,0.804598926798264,False,control,,,03284000,False,Big Darby Creek at Darbyville OH
03237500,05,0,,,,,,,,,,,,,1.0,1.0,1003.208,0,0.0,0.7165203412868206,False,control,,,03225500,False,Ohio Brush Creek near West Union OH
03275000,05,0,,,,,,,,,,,,,1.0,1.0,1368.839,0,0.0,0.8080307893452654,False,control,,,03171000,False,"WHITEWATER RIVER NEAR ALPINE, IN"
03280700,05,0,,,,,,,,,,,,,1.0,1.0,158.2227,0,0.0,0.6809607799914326,False,control,,,03042280,False,"CUTSHIN CREEK AT WOOTON, KY"
03281500,05,0,,,,,,,,,,,,,1.0,1.0,1838.22,0,0.0,0.7580859660763322,False,control,,,03036500,False,"SOUTH FORK KENTUCKY RIVER AT BOONEVILLE, KY"
03294000,05,0,,,,,,,,,,,,,1.0,1.0,489.3039,0,0.0,0.7584250388047147,False,control,,,03228500,False,"SILVER CREEK NEAR SELLERSBURG, IND"
03300400,05,0,,,,,,,,,,,,,1.0,1.0,1128.578,0,0.0,0.6373929499494277,False,control,,,03281000,False,"BEECH FORK AT MAUD, KY"
03303000,05,0,,,,,,,,,,,,,1.0,1.0,1231.501,0,0.0,0.7847833603422015,False,control,,,03030500,False,"BLUE RIVER NEAR WHITE CLOUD, IND"
03324300,05,0,,,,,,,,,,,,,1.0,1.0,1088.451,0,0.0,0.7078687635767466,False,control,,,03247500,False,"SALAMONIE RIVER NEAR WARREN, IND."
03329700,05,0,,,,,,,,,,,,,1.0,1.0,713.9088,0,0.0,0.8171362699621314,False,control,,,03272000,False,"DEER CREEK NEAR DELPHI, IND."
03339500,05,0,,,,,,,,,,,,,1.0,1.0,1323.926,0,0.0,0.8684869982195081,False,control,,,03221000,False,"SUGAR CREEK AT CRAWFORDSVILLE, IND."
03362000,05,0,,,,,,,,,,,,,1.0,1.0,260.4294,0,0.0,0.8288108247100869,False,control,,,01206900,True,YOUNGS CREEK NEAR EDINBURGH IND
03362500,05,0,,,,,,,,,,,,,1.0,1.0,1221.927,0,0.0,0.8207976303383485,False,control,,,03266000,False,"SUGAR CREEK NEAR EDINBURGH, IN"
03363500,05,0,,,,,,,,,,,,,1.0,1.0,772.065,0,0.0,0.8331686812712513,False,control,,,03352500,False,"FLATROCK RIVER AT ST. PAUL, IND."
03363900,05,0,,,,,,,,,,,,,1.0,1.0,1385.573,0,0.0,0.7865884716198182,False,control,,,03075070,False,"FLATROCK RIVER AT COLUMBUS, IN"
03378000,05,0,,,,,,,,,,,,,1.0,1.0,590.5197,0,0.0,0.7786632219598881,False,control,,,03209000,False,"BONPAS CREEK AT BROWNS, IL"
03434500,05,0,,,,,,,,,,,,,1.0,1.0,1767.104,0,0.0,0.7892284254154406,False,control,,,03320000,False,"HARPETH RIVER NEAR KINGSTON SPRINGS, TN"
03014500,05,1,NY00750,Warner Dam,74024793.0,61.674092,484.845774192,513.6020604753608,187.7123761114,Recreation,1979.0,A,3.6576,0.9721818474362484,1.0,1.0,499.3146,1,0.1729490225564962,0.7115042290811369,True,dam,False,False,,,CHADAKOIN RIVER AT FALCONER NY
03030500,05,2,PA00514,Piney,74029837.0,32.810616944,2463.07869261,2510.330152666564,4340.97258378,Hydroelectric,1924.0,A,39.3192,0.9963565937106525,1.0,1.0,2501.184,3,0.0717923277346204,0.8771219174495392,True,dam,False,True,,,"Clarion River near Piney, PA"
03036500,05,12,PA00117,Allegheny River Lock and Dam 7,74029563.0,10.361247456,23263.273204020003,23250.689239301253,3114.853126,Navigation,1931.0,A,9.7536,0.9989037211310636,1.0,1.0,23225.2,28,0.0794837241651108,0.8675019322161439,True,dam,False,True,,,"Allegheny River at Kittanning, PA"
03042280,05,1,PA00282,Yellow Creek,74032667.0,17.022049392,135.974375775,170.96264232041324,,Recreation,1969.0,A,18.8976,0.9037026914361893,1.0,1.0,154.4994,1,0.1897280087206172,0.8268054458514605,True,dam,False,False,,,"Yellow Creek near Homer City, PA"
03075070,05,9,PA00122,John P. Murtha Locks and Dam,74029512.0,30.960394184,13504.198005540002,13554.346231701276,2831.68466,Navigation,1967.0,A,12.192,1.0198964792317302,1.0,1.0,13824.03,21,0.0476844756806046,0.8524804402253308,True,dam,False,True,,,"Monongahela River at Elizabeth, PA"
03091500,05,2,OH00419,Lake Milton Dam,74031441.0,26.643207744,714.8367183600001,735.9496194533208,1925.5455688,Recreation,1916.0,A,16.154400000000003,0.9630439112482674,1.0,1.0,708.7518,4,0.361141226922211,0.5535453496593767,True,dam,False,True,,,Mahoning River at Pricetown OH
03171000,05,1,VA155002,Claytor,74045941.0,286.16778688,6169.351678020001,6180.694404632734,29557.12448108,Hydroelectric,1939.0,A,42.3672,1.1596912144090894,1.0,1.0,7167.697,6,0.0949685727419138,0.8299229226006417,True,dam,False,False,,,"NEW RIVER AT RADFORD, VA"
03185400,05,2,WV08902,Bluestone Dam,74045376.0,47.304028564,11823.29572215,11964.805134121254,12176.244038,Flood Risk Reduction,1947.0,A,50.292,1.449958424356248,1.0,1.0,17348.47,13,0.0459420379497809,0.888547583195769,True,dam,False,True,,,"NEW RIVER AT THURMOND, WV"
03209000,05,1,VA051001,John W. Flannagan Dam,74047454.0,82.766631464,572.38737231,580.4519008357378,6985.76605622,Flood Risk Reduction,1963.0,A,76.2,0.9858615316378122,1.0,1.0,572.2452,2,0.3535703800308784,0.4644775510223937,True,dam,False,False,,,"POUND RIVER BELOW FLANNAGAN DAM NEAR HAYSI, VA"
03221000,05,1,OH00751,O'Shaughnessy,74030552.0,18.255531232,2538.1883478,2521.553615793717,7390.6969626,Water Supply,1924.0,A,24.0792,1.0109085065786414,1.0,1.0,2549.06,1,0.0203623032738094,0.8532960613279712,False,dam,False,False,,,Scioto River below O Shaughnessy Dam nr Dublin OH
03225500,05,1,OH00015,Delaware Dam,74038104.0,17.268745759999998,999.73541046,1397.4716442088377,2718.4172736,Flood Risk Reduction,1951.0,B,28.041600000000003,0.7295761629404747,1.0,1.0,1019.562,2,0.0481137331202186,0.3323984879983559,True,dam,False,False,,,Olentangy River near Delaware OH
03228500,05,1,OH00737,Hoover Dam,74031420.0,89.43976821839999,492.0977409,541.4315268050068,4190.9782473398,Water Supply,1956.0,A,26.2128,0.9068492980033456,1.0,1.0,490.9968,2,0.4499852751126348,0.6806110135262237,True,dam,False,False,,,Big Walnut Creek at Central College OH
03228805,05,1,OH00931,Alum Creek Dam,74038110.0,100.775466328,318.56853753,496.3559118087316,1741.4860659,Flood Risk Reduction,1974.0,B,28.346400000000003,0.6557818538191005,1.0,1.0,325.5012,1,1.2332582086618709,-0.1191807147076817,True,dam,False,False,,,Alum Creek at Africa OH
03232500,05,1,OH00302,Rocky Fork Lake Dam,74040252.0,43.54067547016,295.25864454000003,375.5710790940228,1203.1544951874,Recreation,1952.0,A,22.555200000000003,0.9671815009724508,1.0,1.0,363.2454,1,0.3303158750215714,0.7383169281764774,True,dam,False,False,,,Rocky Fork near Barretts Mills OH
03247500,05,1,OH00929,William H. Harsha Dam,74038775.0,114.220418384,885.77593362,985.7711200742826,5974.8546326000005,Flood Risk Reduction,1973.0,A,62.484,1.2511616285807403,1.0,1.0,1233.359,2,0.2107845336349219,0.533470049022132,True,dam,False,False,,,East Fork Little Miami River at Perintown OH
03266000,05,1,OH00431,Englewood Dam,74037394.0,509.42799992,1686.0822596100002,1591.6190458248486,1168.06992225,Flood Risk Reduction,1922.0,A,36.8808,1.0499252345488053,1.0,1.0,1671.081,1,0.777036705186347,0.7241061280618498,True,dam,False,False,,,Stillwater River at Englewood OH
03270000,05,2,OH00426,Huffman Dam,74037551.0,366.34410648,1737.8820218100002,1682.1472395622616,5781.9036398676,Flood Risk Reduction,1922.0,A,22.250400000000003,0.9747208576263947,1.0,1.0,1639.624,3,0.6021740295125395,0.8674165968962468,True,dam,False,True,,,Mad River near Dayton OH
03272000,05,1,OH00425,Germantown Dam,74039066.0,175.15442127999998,712.24673025,763.3729454865274,631.2957781004001,Flood Risk Reduction,1922.0,A,32.6136,0.9444216018692057,1.0,1.0,720.9459,1,0.5940865741796838,0.8341925091882805,True,dam,False,False,,,Twin Creek near Germantown OH
03281000,05,1,KY03027,Buckhorn Dam,74045604.0,39.594767064,1056.71514888,1058.723089611533,3907.7248308,Flood Risk Reduction,1960.0,A,48.768,1.3156603588489704,1.0,1.0,1392.92,3,0.0729174514565028,0.6271503747267212,True,dam,False,False,,,"MIDDLE FORK KENTUCKY RIVER AT TALLEGA, KY"
03284000,05,4,KY01170,Kentucky River Lock & Dam 10,74045537.0,11.10133656,10243.40297505,10254.016874070328,,Other,1907.0,A,11.2776,0.9991255257153903,0.8572266770975944,1.0,10245.05,14,0.0317927251198324,0.839249669100502,False,dam,False,True,,,"KENTUCKY RIVER AT LOCK 10 NEAR WINCHESTER, KY"
03320000,05,7,KY03003,Green River Lock and Dam 2,74045470.0,30.55087821312,19595.85004026,19586.74841484524,317.14868192,Navigation,1956.0,A,7.9248,1.0002364652394908,1.0,1.0,19591.38,18,0.0968999622938925,0.7568247215302973,True,dam,False,True,,,"GREEN RIVER AT LOCK 2 AT CALHOUN, KY"
03352500,05,1,IN00356,Geist Reservoir Dam,74037926.0,26.1251453712,556.8474436500001,602.1548734400484,2828.5698068740003,Water Supply,1944.0,A,13.4112,1.2824116088082822,1.0,1.0,772.2104,3,0.0803703712150384,0.8870118169640199,True,dam,False,False,,,"FALL CREEK AT MILLERSVILLE, IND."
03353500,05,1,IN00084,Eagle Creek Reservoir Dam,74037334.0,29.60356416,435.11800248,448.9714546384774,436.07943764,Flood Risk Reduction,1967.0,A,28.041600000000003,1.004477891279617,1.0,1.0,450.9819,1,0.1810024630706097,0.8500522121144838,True,dam,False,False,,,"EAGLE CREEK AT INDIANAPOLIS, IND"
03460000,06,0,,,,,,,,,,,,,1.0,1.0,127.019,0,0.0,0.7809996513516881,False,control,,,03504000,False,"CATALOOCHEE CREEK NEAR CATALOOCHEE, NC"
03479000,06,0,,,,,,,,,,,,,1.0,1.0,235.6011,0,0.0,0.7082877012791208,False,control,,,11231500,True,"WATAUGA RIVER NEAR SUGAR GROVE, NC"
03504000,06,1,NC00371,Nantahala,74063292.0,155.41871184,279.71871588,262.51896407928683,1551.76319368,Hydroelectric,1942.0,A,76.2,0.5124075530001437,1.0,1.0,134.5167,1,0.9187646593324345,0.8005867998172036,False,dam,False,False,,,"NANTAHALA RIVER NEAR RAINBOW SPRINGS, NC"
05410490,07,0,,,,,,,,,,,,,0.928808918443184,1.0,1779.488,0,0.0,0.4014207027211667,False,control,,,05464500,False,"KICKAPOO RIVER AT STEUBEN, WI"
05433000,07,0,,,,,,,,,,,,,0.9284177586544103,1.0,571.7655,0,0.0,0.6748232186346588,False,control,,,01022500,True,"EAST BR PECATONICA RIVER NEAR BLANCHARDVILLE, WI"
05439500,07,0,,,,,,,,,,,,,1.0,1.0,1002.794,0,0.0,0.7576889333245658,False,control,,,05573540,False,SOUTH BRANCH KISHWAUKEE RIVER NR FAIRDALE IL
05447500,07,0,,,,,,,,,,,,,1.0,1.0,2575.741,0,0.0,0.7903547809965832,False,control,,,05404000,False,"GREEN RIVER NEAR GENESEO, IL"
05449500,07,0,,,,,,,,,,,,,1.0,1.0,1083.9,0,0.0,0.7047369259650031,False,control,,,05592000,False,"Iowa River near Rowan, IA"
05455500,07,0,,,,,,,,,,,,,1.0,1.0,1486.906,0,0.0,0.8125534772735169,False,control,,,05398000,False,"English River at Kalona, IA"
05466500,07,0,,,,,,,,,,,,,1.0,1.0,1151.567,0,0.0,0.732604766458693,False,control,,,05592100,False,"EDWARDS RIVER NEAR NEW BOSTON, IL"
05473400,07,0,,,,,,,,,,,,,1.0,1.0,1381.734,0,0.0,0.7447335218751596,False,control,,,05454500,False,"Cedar Creek near Oakland Mills, IA"
05481950,07,0,,,,,,,,,,,,,1.0,1.0,975.159,0,0.0,0.808411290838208,False,control,,,05356000,False,"Beaver Creek near Grimes, IA"
05482300,07,0,,,,,,,,,,,,,1.0,1.0,1839.541,0,0.0,0.8047620922068326,False,control,,,05465000,False,"North Raccoon River near Sac City, IA"
05486000,07,0,,,,,,,,,,,,,1.0,1.0,904.6017,0,0.0,0.7665421866403976,False,control,,,05483600,False,"North River near Norwalk, IA"
05486490,07,0,,,,,,,,,,,,,1.0,1.0,1293.125,0,0.0,0.7455740163143765,False,control,,,05593000,False,"Middle River near Indianola, IA"
05487470,07,0,,,,,,,,,,,,,1.0,1.0,1193.412,0,0.0,0.6722540005336756,False,control,,,05360500,False,"South River near Ackworth, IA"
05487980,07,0,,,,,,,,,,,,,1.0,1.0,882.7254,0,0.0,0.632521986003366,False,control,,,05578500,False,"White Breast Creek near Dallas, IA"
05489000,07,0,,,,,,,,,,,,,1.0,1.0,964.7559,0,0.0,0.6358038345907836,False,control,,,05391000,False,"Cedar Creek near Bussey, IA"
05495500,07,0,,,,,,,,,,,,,1.0,1.0,905.5557,0,0.0,0.809480960515593,False,control,,,05245100,False,"BEAR CREEK NEAR MARCELLINE, IL"
05512500,07,0,,,,,,,,,,,,,1.0,1.0,102.3111,0,0.0,0.4732595785960846,False,control,,,11214600,True,"BAY CREEK AT PITTSFIELD, IL"
05517000,07,0,,,,,,,,,,,,,1.0,1.0,1127.209,0,0.0,0.7937918181318485,False,control,,,05292000,False,"YELLOW RIVER AT KNOX, IND."
05524500,07,0,,,,,,,,,,,,,1.0,1.0,1167.568,0,0.0,0.8980259066182426,False,control,,,05369000,False,"IROQUOIS RIVER NEAR FORESMAN, IN"
05525000,07,0,,,,,,,,,,,,,1.0,1.0,1746.274,0,0.0,0.898878061231028,False,control,,,05400760,False,"IROQUOIS RIVER AT IROQUOIS, IL"
05554500,07,0,,,,,,,,,,,,,1.0,1.0,1500.099,0,0.0,0.8200401923018144,False,control,,,05455700,False,"VERMILION RIVER AT PONTIAC, IL"
05595730,07,0,,,,,,,,,,,,,1.0,1.0,236.7603,0,0.0,0.7375944193413657,False,control,,,11231600,True,"RAYSE CREEK NEAR WALTONVILLE, IL"
05245100,07,4,MN01337,Lake Osakis 1,74004632.0,10.91508080216,1100.74494675,1193.429539705544,,Recreation,1938.0,A,2.4384,1.225159049071934,1.0,1.0,1462.141,6,3.2961023827429043,0.6872519250826745,False,dam,False,True,,,"LONG PRAIRIE RIVER AT LONG PRAIRIE, MN"
05292000,07,1,MN00169,Big Stone Lake,74010687.0,124.4336480192,3061.36594602,3100.0510289394824,158.57434096,Recreation,1937.0,A,4.572,0.9754694267192442,1.0,1.0,3024.005,5,0.5809587229383059,0.636317540034261,True,dam,False,False,,,"MINNESOTA RIVER AT ORTONVILLE, MN"
05356000,07,2,WI00797,Chippewa Reservoir,74009437.0,283.7008232,2038.32064257,2031.774117168848,1132.673864,Hydroelectric,1923.0,A,13.716,1.0363656974497286,1.0,1.0,2105.661,10,0.5548469483071284,0.5091556256497896,True,dam,False,True,,,"CHIPPEWA RIVER AT BISHOPS BRIDGE NEAR WINTER, WI"
05360500,07,2,WI00794,Flambeau,74009856.0,53.65646004,4946.8772901,5071.064067346517,2293.6645746,Hydroelectric,1951.0,A,28.041600000000003,0.9642928850943773,1.0,1.0,4889.991,22,0.2093699184624572,0.8524629919414607,True,dam,False,True,,,"FLAMBEAU RIVER NEAR BRUCE, WI"
05369000,07,8,WI00735,Menomonie,74010605.0,18.5022276,4649.0286574500005,4623.213265496484,2605.1498872,Hydroelectric,1957.0,A,11.2776,1.0009075364389588,1.0,1.0,4627.409,17,0.1639641252736576,0.7570152941107872,False,dam,False,True,,,"RED CEDAR RIVER AT MENOMONIE, WI"
05391000,07,10,WI00775,Rainbow,74010123.0,56.74756553104,1704.21217638,2136.2557498423103,920.2975145,Hydroelectric,1935.0,A,11.8872,0.9116694010741743,0.9988265206336788,1.0,1947.559,13,1.2826253923796298,0.1610597242497626,True,dam,False,True,,,"WISCONSIN RIVER @ RAINBOW LAKE NR LAKE TOMAHAWK,WI"
05398000,07,19,WI00751,Rothschild,74009947.0,17.145397576,10401.392249760002,10460.651418518191,2378.6151144,Hydroelectric,1911.0,A,8.2296,0.9962429281938774,1.0,1.0,10421.35,36,0.4249328326439671,0.8997981382551163,True,dam,False,True,,,"WISCONSIN RIVER AT ROTHSCHILD, WI"
05400760,07,24,WI00815,Biron,74016608.0,24.05289588,13934.1360318,13902.16467249765,4728.9133822,Hydroelectric,1937.0,A,7.315200000000001,1.0128257240295164,1.0,1.0,14080.47,51,0.4346641084577403,0.8843345979401855,True,dam,False,True,,,"WISCONSIN RIVER AT WISCONSIN RAPIDS, WI"
05404000,07,27,WI00005,Kilbourn,74016586.0,22.81941404,20062.047900060003,20676.216832835176,2284.886352154,Hydroelectric,1909.0,A,18.5928,1.014526021350669,1.0,1.0,20976.56,81,0.4479189905806331,0.7520989672891233,False,dam,False,True,,,"WISCONSIN RIVER NEAR WISCONSIN DELLS, WI"
05454500,07,2,IA00012,Coralville Dam,74022925.0,34.660839704,8067.81296265,8083.746124358749,6909.3105704,Flood Risk Reduction,1958.0,A,40.2336,1.0488612419990593,1.0,1.0,8478.728,11,0.026799650354999,0.5709663387110797,True,dam,False,True,,,"Iowa River at Iowa City, IA"
05455700,07,2,IA00012,Coralville Dam,74022925.0,34.660839704,8067.81296265,8083.746124358749,6909.3105704,Flood Risk Reduction,1958.0,A,40.2336,1.3765350654035668,1.0,1.0,11127.56,11,0.0205036087265385,0.6871081416556399,True,dam,False,True,,,"Iowa River near Lone Tree, IA"
05464500,07,3,IA01821,Cedar Rapids Milldam (5 In 1),74022953.0,12.14116175112,16860.822596100003,16793.740671463514,,Hydroelectric,1978.0,A,4.8768,1.004058615044134,1.0,1.0,16861.9,29,0.0131180874825009,0.6715588214419728,False,dam,False,True,,,"Cedar River at Cedar Rapids, IA"
05465000,07,3,IA01821,Cedar Rapids Milldam (5 In 1),74022953.0,12.14116175112,16860.822596100003,16793.740671463514,,Hydroelectric,1978.0,A,4.8768,1.2000792672859386,1.0,1.0,20153.82,31,0.0112233851044351,0.6162112377718795,False,dam,False,True,,,"Cedar River near Conesville, IA"
05483600,07,1,IA00415,Lake Panorama Dam,74023756.0,24.299592248,1139.5947684,1109.939178813512,,Recreation,1969.0,A,21.336,1.0050667832020308,1.0,1.0,1115.563,2,0.0952180122077753,0.7424008167290017,True,dam,False,False,,,"Middle Raccoon River at Panora, IA"
05573540,07,1,IL00146,Lake Decatur Dam,74037481.0,22.7207354928,2346.5292276600003,2400.978919701415,1812.2781824,Recreation,1922.0,A,10.0584,1.0134562115616585,0.9286133385487971,1.0,2433.287,3,0.0339360866473955,0.8167425813863514,True,dam,False,False,,,"SANGAMON RIVER AT RT 48 AT DECATUR, IL"
05578500,07,1,IL01073,Clinton Power Station/Clinton Lake Dam,74031210.0,91.524352528,754.981534065,806.9157221670202,5663.36932,Recreation,1977.0,A,19.812,1.0690561310211353,1.0,1.0,862.6382,2,0.3614590457890992,0.5744122581459494,True,dam,False,False,,,"SALT CREEK NEAR ROWELL, IL"
05592000,07,1,IL00118,Shelbyville Dam,74037736.0,256.35699777088,2729.84746794,2764.6295580835217,4601.4875725,Flood Risk Reduction,1970.0,A,42.0624,0.9918750206450468,1.0,1.0,2742.167,1,0.2944401772793736,0.3308024307768988,True,dam,False,False,,,"KASKASKIA RIVER AT SHELBYVILLE, IL"
05592100,07,1,IL00118,Shelbyville Dam,74037736.0,256.35699777088,2729.84746794,2764.6295580835217,4601.4875725,Flood Risk Reduction,1970.0,A,42.0624,1.2484547848040215,1.0,1.0,3451.515,1,0.2391229666779224,0.6014749999686212,True,dam,False,False,,,"KASKASKIA RIVER NEAR COWDEN, IL"
05593000,07,2,IL00113,Carlyle Dam,74045947.0,287.40126872,7036.9976948700005,7112.819489105085,4530.695456,Flood Risk Reduction,1966.0,A,20.7264,0.9918969560251927,1.0,1.0,7055.184,4,0.2636363043822332,0.3332500634169354,True,dam,False,True,,,"KASKASKIA RIVER AT CARLYLE, IL"
08013500,08,0,,,,,,,,,,,,,0.9284177586544103,1.0,1966.531,0,0.0,0.6354426738187806,False,control,,,08015500,False,"CALCASIEU RIVER NEAR OBERLIN, LA."
08015500,08,1,LA00006,Bundick Creek Dam,74071389.0,11.348032928,538.71752688,652.8485825500801,1078.87185546,Recreation,1963.0,A,14.0208,6.804718764414594,1.0,1.0,4442.451,1,0.0055899142033903,0.7505355439165702,False,dam,True,False,,,"CALCASIEU RIVER NR KINDER, LA"
05124480,09,0,,,,,,,,,,,,,1.0,1.0,707.2242,0,0.0,0.736858783192485,False,control,,,05046000,False,"KAWISHIWI RIVER NEAR ELY, MN"
05046000,09,12,MN00209,Otter Tail Lake,71048412.0,624.14181104,3004.3862076,2795.4989297282946,123.8012533352,Other,1936.0,A,3.048,1.6101422726845702,1.0,1.0,4501.151,34,2.093729641710969,0.4666179777583192,True,dam,True,True,,,"OTTER TAIL RIVER BL ORWELL D NR FERGUS FALLS, MN"
06052500,10,0,,,,,,,,,,,,,1.0,1.0,4634.347,0,0.0,0.9022945196803202,False,control,,,06282000,False,Gallatin River at Logan MT
06191500,10,0,,,,,,,,,,,,,1.0,1.0,6783.593,0,0.0,0.9573408593295848,False,control,,,06714215,False,Yellowstone River at Corwin Springs MT
06280300,10,0,,,,,,,,,,,,,1.0,1.0,793.953,0,0.0,0.7328075425751591,False,control,,,06412500,False,"SOUTH FORK SHOSHONE RIVER NEAR VALLEY, WY"
06281000,10,0,,,,,,,,,,,,,1.0,1.0,1516.756,0,0.0,0.800626801642041,False,control,,,06903900,False,"SOUTH FORK SHOSHONE RIVER AB BUFFALO BILL RES, WY"
06298000,10,0,,,,,,,,,,,,,1.0,1.0,533.6174,0,0.0,0.8889520371503995,False,control,,,06906300,False,"TONGUE RIVER NEAR DAYTON, WY"
06309200,10,0,,,,,,,,,,,,,1.0,1.0,117.5427,0,0.0,0.4864160615122521,False,control,,,05014500,False,"MIDDLE FORK POWDER RIVER NEAR BARNUM, WY"
06332515,10,0,,,,,,,,,,,,,1.0,1.0,191.4867,0,0.0,-0.1546793842446072,False,control,,,06409000,False,"BEAR DEN CREEK NR MANDAREE, ND"
06339100,10,0,,,,,,,,,,,,,1.0,1.0,529.1415,0,0.0,0.1162560535290663,False,control,,,06225000,False,"KNIFE RIVER AT MANNING, ND"
06403300,10,0,,,,,,,,,,,,,0.964404459221592,1.0,271.5093,0,0.0,0.6755072833578767,False,control,,,06906200,False,FRENCH CR ABOVE FAIRBURN SD
06433000,10,0,,,,,,,,,,,,,1.0,1.0,2397.315,0,0.0,0.5995441001872065,False,control,,,06919020,False,REDWATER RIVER ABOVE BELLE FOURCHE SD
06470800,10,0,,,,,,,,,,,,,1.0,1.0,1071.145,0,0.0,0.4719235312429924,False,control,,,06891500,False,"BEAR CREEK NR OAKES, ND"
06600500,10,0,,,,,,,,,,,,,1.0,1.0,2297.873,0,0.0,0.6442664657608286,False,control,,,06038500,False,"Floyd River at James, IA"
06800000,10,0,,,,,,,,,,,,,1.0,1.0,953.9042,0,0.0,0.6242430402714476,False,control,,,06414000,False,"MAPLE CREEK NEAR NICKERSON, NE"
06807410,10,0,,,,,,,,,,,,,1.0,1.0,1588.396,0,0.0,0.5126280933117455,False,control,,,06921350,False,"West Nishnabotna River at Hancock, IA"
06808500,10,0,,,,,,,,,,,,,1.0,1.0,3428.401,0,0.0,0.7790093115481785,False,control,,,01054000,True,"West Nishnabotna River at Randolph, IA"
06809210,10,0,,,,,,,,,,,,,1.0,1.0,1138.358,0,0.0,0.7776020829594376,False,control,,,06418900,False,"East Nishnabotna River near Atlantic, IA"
06809500,10,0,,,,,,,,,,,,,1.0,1.0,2317.012,0,0.0,0.8517234689201314,False,control,,,01053500,True,"East Nishnabotna River at Red Oak, IA"
06810000,10,0,,,,,,,,,,,,,1.0,1.0,7281.761,0,0.0,0.626502955684397,False,control,,,06259000,False,"Nishnabotna River above Hamburg, IA"
06817000,10,0,,,,,,,,,,,,,1.0,1.0,1971.839,0,0.0,0.8339246227573704,False,control,,,06904010,False,"Nodaway River at Clarinda, IA"
06847900,10,0,,,,,,,,,,,,,1.0,1.0,1536.188,0,0.0,0.165799894377764,False,control,,,06020600,False,"PRAIRIE DOG C AB KEITH SEBELIUS LAKE, KS"
06853800,10,0,,,,,,,,,,,,,1.0,1.0,589.4253,0,0.0,-0.0355356358515375,False,control,,,06821150,False,"WHITE ROCK C NR BURR OAK, KS"
06878000,10,0,,,,,,,,,,,,,1.0,1.0,776.4183,0,0.0,0.370250456020056,False,control,,,06912500,False,"CHAPMAN C NR CHAPMAN, KS"
06889500,10,0,,,,,,,,,,,,,1.0,1.0,748.5822,0,0.0,0.5404834363532968,False,control,,,06410500,False,"SOLDIER C NR TOPEKA, KS"
06903400,10,0,,,,,,,,,,,,,1.0,1.0,481.4154,0,0.0,0.3591182508785793,False,control,,,06224000,False,"Chariton River near Chariton, IA"
06917000,10,0,,,,,,,,,,,,,1.0,1.0,765.7839,0,0.0,0.7335926493368417,False,control,,,06411500,False,"L OSAGE R AT FULTON, KS"
05014500,10,1,MT00572,Lake Sherburne Dam,71045424.0,83.69667677135999,164.98224260700002,185.15844525072967,63.996073316,Irrigation,1919.0,A,33.2232,0.43059499604264373,1.0,1.0,79.7283,1,0.7047326908208239,0.8232012547343702,False,dam,False,False,,,Swiftcurrent Creek at Many Glacier MT
06020600,10,1,MT00004,Ruby Dam,74011131.0,46.39248548424,1541.0429254500002,1542.5162462175915,1019.4064776,Irrigation,1938.0,A,33.8328,0.9991227021297767,1.0,1.0,1541.163,1,0.282738439212062,0.7726262330858293,False,dam,False,False,,,Ruby River bl Reservoir nr Alder MT
06038500,10,1,MT00134,Hebgen Dam,74010095.0,476.12399024,2343.9392395500004,2406.4491750914904,124.59412504,Hydroelectric,1915.0,A,36.576,1.0022883611943727,1.0,1.0,2411.956,1,0.5119736706176791,0.0441076463997807,False,dam,False,False,,,Madison River bl Hebgen Lake nr Grayling MT
06224000,10,1,WY01378,Bull Lake Dam,74017042.0,188.05540784456,541.5924136821001,550.1620858534465,311.4853126,Flood Risk Reduction,1938.0,A,24.6888,0.8813000976755014,1.0,1.0,484.8579,1,0.7991719009460544,0.7055392456307733,False,dam,False,False,,,"BULL LAKE CREEK ABOVE BULL LAKE, WY"
06225000,10,1,WY01378,Bull Lake Dam,74017042.0,188.05540784456,541.5924136821001,550.1620858534465,311.4853126,Flood Risk Reduction,1938.0,A,24.6888,0.9964923321634336,1.0,1.0,548.2323,1,0.8453160999007704,0.3365967936066864,True,dam,False,False,,,"BULL LAKE CREEK NEAR LENORE, WY"
06259000,10,4,WY01299,Boysen Dam,74016679.0,865.2998455784,19953.3719989644,20070.73977548958,991.089631,Flood Risk Reduction,1952.0,A,67.056,0.9942264322697716,1.0,1.0,19954.86,18,1.0687085679820103,0.4950706291731581,True,dam,False,True,,,WIND R BL BOYSEN RES WYO
06282000,10,1,WY01300,Buffalo Bill Dam,74009608.0,797.5261858796,3896.507612089501,3897.5288254295137,2399.1448281850003,Fish and Wildlife Pond,1910.0,A,106.68,1.0266033117943802,1.0,1.0,4001.216,1,0.986824666377745,0.5929322813024528,True,dam,False,False,,,"SHOSHONE RIVER BELOW BUFFALO BILL RESERVOIR, WY"
06409000,10,1,SD01138,Deerfield Dam,74018904.0,19.3101582052,238.5897046932,275.92699130046486,2927.9619384400003,Fish and Wildlife Pond,1947.0,A,52.1208,0.7441406838536208,1.0,1.0,205.3285,1,1.3557106784787911,0.4975001262879082,False,dam,False,False,,,CASTLE CR ABOVE DEERFIELD RES NEAR HILL CITY SD
06410500,10,2,SD01139,Pactola Dam,74017872.0,69.0318111756,829.3918924653001,884.7775424069928,6937.627417000001,Flood Risk Reduction,1956.0,A,74.676,0.861827819369812,1.0,1.0,762.5259,2,1.601322124353945,0.555811057493895,True,dam,False,True,,,"RAPID CR ABOVE PACTOLA RES AT SILVER CITY,  SD"
06411500,10,2,SD01139,Pactola Dam,74017872.0,69.0318111756,829.3918924653001,884.7775424069928,6937.627417000001,Flood Risk Reduction,1956.0,A,74.676,0.9452375991877234,1.0,1.0,836.325,2,1.5941609310218403,0.4899675480065946,True,dam,False,True,,,RAPID CR BELOW PACTOLA DAM SD
06412500,10,2,SD01139,Pactola Dam,74017872.0,69.0318111756,829.3918924653001,884.7775424069928,6937.627417000001,Flood Risk Reduction,1956.0,A,74.676,1.100217911670524,1.0,1.0,973.4481,2,1.5720210193001116,0.516415434547639,True,dam,False,True,,,RAPID CR ABOVE CANYON LAKE NEAR RAPID CITY SD
06414000,10,2,SD01139,Pactola Dam,74017872.0,69.0318111756,829.3918924653001,884.7775424069928,6937.627417000001,Flood Risk Reduction,1956.0,A,74.676,1.2145256276245955,1.0,1.0,1074.585,2,1.1570745886576763,0.4099907302791917,True,dam,False,True,,,RAPID CR AT RAPID CITY SD
06418900,10,2,SD01139,Pactola Dam,74017872.0,69.0318111756,829.3918924653001,884.7775424069928,6937.627417000001,Flood Risk Reduction,1956.0,A,74.676,1.3408059575887175,1.0,1.0,1186.315,2,0.9856571585201545,0.3275993961825187,True,dam,False,True,,,"RAPID CR BL SEWAGE TREATMENT PL NR RAPID CITY, SD"
06714215,10,8,CO01281,Chatfield Dam,74038465.0,24.6696368,7816.58411598,7861.611983526666,5323.5671608,Flood Risk Reduction,1973.0,A,45.110400000000006,1.2822141338344275,0.976725992567964,1.0,10080.27,26,3.233518712991636,0.336459440575515,True,dam,False,True,,,"SOUTH PLATTE R AT 64TH AVE. COMMERCE CITY, CO."
06821150,10,1,MO12084,Smithville Dam,74039099.0,178.361474064,551.66746743,544.470691299048,136.77036907800002,Flood Risk Reduction,1979.0,A,32.004000000000005,1.1044561435717661,1.0,1.0,601.344,5,1.1909407050985326,0.3072886426316932,False,dam,False,False,,,"Little Platte River at Smithville, MO"
06891500,10,1,KS00026,Clinton Dam,74038821.0,136.176395136,950.52563637,956.5843242571832,1500.7928698,Flood Risk Reduction,1977.0,A,35.3568,1.1538146423809243,1.0,1.0,1103.721,4,0.563585240797346,0.4975286124454884,True,dam,False,False,,,"WAKARUSA R NR LAWRENCE, KS"
06903900,10,1,IA00016,Rathbun Dam,74030675.0,253.30659718056,1421.9034723900002,1438.0561030076176,1291.24820496,Flood Risk Reduction,1969.0,A,30.48,0.9790904520729549,1.0,1.0,1407.987,2,0.6879912265807051,0.433491731507824,True,dam,False,False,,,"Chariton River near Rathbun, IA"
06904010,10,1,IA00016,Rathbun Dam,74030675.0,253.30659718056,1421.9034723900002,1438.0561030076176,1291.24820496,Flood Risk Reduction,1969.0,A,30.48,1.3345167799686561,1.0,1.0,1919.11,2,0.4695069602921808,0.6688396199962774,True,dam,False,False,,,"Chariton River near Moulton, IA"
06906200,10,1,MO11176,Long Branch Dam,74037925.0,43.1718644,282.30870399,424.62415517161537,157.724835562,Flood Risk Reduction,1978.0,B,24.384,0.6333024080820734,1.0,1.0,268.9155,12,0.5563255860318987,0.3249388708816216,True,dam,False,False,,,"East Fork Little Chariton R. nr Macon, MO"
06906300,10,1,MO11176,Long Branch Dam,74037925.0,43.1718644,282.30870399,424.62415517161537,157.724835562,Flood Risk Reduction,1978.0,B,24.384,1.3305698536430501,1.0,1.0,564.9921,13,0.2529643701529885,0.7253771496967547,False,dam,False,False,,,"East Fork Little Chariton R. nr Huntsville, MO"
06912500,10,1,KS00010,Pomona Dam,74038929.0,87.083817904,833.97617142,884.5729507133632,1424.33738398,Flood Risk Reduction,1963.0,A,33.8328,0.9460941568754633,1.0,1.0,836.8893,2,0.4702484983779134,0.1328367291449025,True,dam,False,False,,,"HUNDRED AND TEN MILE C NR QUENEMO, KS"
06919020,10,2,MO30200,Stockton Dam,74046874.0,1100.26580128,3004.3862076,2982.706965523429,5125.3492346,Flood Risk Reduction,1969.0,A,46.6344,1.1140702182310636,1.0,1.0,3322.945,5,1.1848917480518837,0.0689236303396639,True,dam,False,True,,,"Sac River at Hwy J below Stockton, MO"
06921350,10,1,MO30201,Pomme De Terre Dam,74046746.0,283.7008232,1582.48273521,1671.016284138242,2075.62485578,Flood Risk Reduction,1961.0,A,47.244,0.9788336687834958,1.0,1.0,1635.647,4,0.5763573042966869,-0.0758934089021359,True,dam,False,False,,,"Pomme de Terre River near Hermitage, MO"
07056000,11,0,,,,,,,,,,,,,1.0,1.0,2149.364,0,0.0,0.8520038228045512,False,control,,,07063000,False,"Buffalo River near St. Joe, AR"
07071500,11,0,,,,,,,,,,,,,1.0,1.0,2023.769,0,0.0,0.7477941982148694,False,control,,,07339000,False,"Eleven Point River near Bardley, MO"
07142300,11,0,,,,,,,,,,,,,1.0,1.0,1819.941,0,0.0,0.246281429323665,False,control,,,07124410,False,"RATTLESNAKE C NR MACKSVILLE, KS"
07148400,11,0,,,,,,,,,,,,,1.0,1.0,2544.504,0,0.0,0.280738703553261,False,control,,,07198000,False,"Salt Fork Arkansas River nr Alva, OK"
07151500,11,0,,,,,,,,,,,,,1.0,1.0,2108.996,0,0.0,0.7350905061076496,False,control,,,07196500,False,"CHIKASKIA R NR CORBIN, KS"
07207500,11,0,,,,,,,,,,,,,1.0,1.0,480.9231,0,0.0,0.5541002230643163,False,control,,,07206000,False,"PONIL CREEK NEAR CIMARRON, NM"
07216500,11,0,,,,,,,,,,,,,0.8975161353412869,1.0,690.4917,0,0.0,0.6124347262303591,False,control,,,07207000,False,"MORA RIVER NEAR GOLONDRINAS, NM"
07226500,11,0,,,,,,,,,,,,,1.0,1.0,5242.753,0,0.0,-0.0175307489522957,False,control,,,07109500,False,"UTE CREEK NEAR LOGAN, NM"
07315700,11,0,,,,,,,,,,,,,1.0,1.0,1488.686,0,0.0,0.6963842716152184,False,control,,,07195500,False,"Mud Creek near Courtney, OK"
07063000,11,1,MO30203,Clearwater Dam,74046861.0,27.13660048,2325.80932278,2382.6148859511904,8778.222446,Flood Risk Reduction,1942.0,A,47.244,1.3562875893432154,1.0,1.0,3231.511,4,0.0268426012285927,0.576911826210655,True,dam,False,False,,,"Black River at Poplar Bluff, MO"
07109500,11,5,CO00299,Pueblo Dam,74045868.0,398.35172674616,11947.874150241,12006.57686525852,5422.6761239,Flood Risk Reduction,1975.0,A,74.676,1.3493121463184983,1.0,1.0,16200.62,23,1.062886851883096,0.6705728706893123,True,dam,False,True,,,"ARKANSAS RIVER NEAR AVONDALE, CO."
07124410,11,1,CO00050,Trinidad Dam,74046113.0,88.53809299336,1737.8820218100002,1729.3604270825783,12977.61079678,Flood Risk Reduction,1976.0,A,61.8744,1.0066785227281427,1.0,1.0,1740.91,5,1.472811217374032,0.441625416449578,True,dam,False,False,,,"PURGATOIRE RIVER BELOW TRINIDAD LAKE, CO."
07195500,11,1,OK00073,Lake Frances,74055277.0,27.691667308,1644.64244985,1761.1139127300949,,Water Supply,1931.0,A,12.192,0.9255500102620623,1.0,1.0,1629.999,4,0.0587220887037313,0.7880441833402392,False,dam,False,False,,,"Illinois River near Watts, OK"
07196500,11,2,OK00073,Lake Frances,74055277.0,27.691667308,1644.64244985,1761.1139127300949,,Water Supply,1931.0,A,12.192,1.3936071836462414,1.0,1.0,2454.301,5,0.0642880890687405,0.6929021365482875,False,dam,False,True,,,"Illinois River near Tahlequah, OK"
07198000,11,3,OK10311,Tenkiller Ferry Dam,74054789.0,806.8204715439999,4169.8808571,4235.981596898103,8223.21225264,Flood Risk Reduction,1952.0,A,60.0456,0.9867826156423575,1.0,1.0,4179.993,7,0.6075559089838858,0.1655742134398231,True,dam,False,True,,,"Illinois River near Gore, OK"
07206000,11,1,NM00351,Eagle Nest Dam,74056233.0,99.91202904,477.8528062950001,593.0928710906059,56.350524734,Irrigation,1918.0,A,43.281600000000005,0.8067502128632122,1.0,1.0,478.4778,1,7.876768239112286,-0.1762131733557657,True,dam,False,False,,,"CIMARRON RIVER BELOW EAGLE NEST DAM, NM"
07207000,11,1,NM00351,Eagle Nest Dam,74056233.0,99.91202904,477.8528062950001,593.0928710906059,56.350524734,Irrigation,1918.0,A,43.281600000000005,1.1950401607368544,1.0,1.0,708.7698,1,5.311296514821223,0.2713817304802954,True,dam,False,False,,,"CIMARRON RIVER NEAR CIMARRON, NM"
07339000,11,1,OK10307,Broken Bow Dam,74067549.0,1132.4226728488,1952.85103494,2075.862658121653,12544.3630438,Flood Risk Reduction,1968.0,A,68.58,0.998318935933454,1.0,1.0,2072.373,2,0.9371749131099456,0.4356120990403748,True,dam,False,False,,,"Mountain Fork near Eagletown, OK"
08029500,12,0,,,,,,,,,,,,,1.0,1.0,333.3996,0,0.0,0.4016784032732152,False,control,,,01186000,True,"Big Cow Ck nr Newton, TX"
08101000,12,0,,,,,,,,,,,,,1.0,1.0,1177.1,0,0.0,0.6127198226563225,False,control,,,08177500,False,"Cowhouse Ck at Pidcoke, TX"
08109800,12,0,,,,,,,,,,,,,1.0,1.0,620.0019,0,0.0,0.6648308614257246,False,control,,,01019000,True,"E Yegua Ck nr Dime Box, TX"
08164000,12,0,,,,,,,,,,,,,1.0,1.0,2123.997,0,0.0,0.6029288708561007,False,control,,,08026000,False,"Lavaca Rv nr Edna, TX"
08189500,12,0,,,,,,,,,,,,,1.0,1.0,1808.286,0,0.0,0.7187986935026702,False,control,,,08110500,False,"Mission Rv at Refugio, TX"
08190000,12,0,,,,,,,,,,,,,1.0,1.0,1961.433,0,0.0,0.3565151648700492,False,control,,,08025360,False,"Nueces Rv at Laguna, TX"
08025360,12,7,LA00030,Toledo Bend,75011584.0,5540.800425279999,18622.0145109,18655.38889624373,8211.885514,Hydroelectric,1966.0,B,41.148,1.0286314644378074,1.0,1.0,19189.52,40,1.5731074119453108,0.457923513297532,True,dam,False,True,,,"Sabine Rv at Toledo Bd Res nr Burkeville, TX"
08026000,12,7,LA00030,Toledo Bend,75011584.0,5540.800425279999,18622.0145109,18655.38889624373,8211.885514,Hydroelectric,1966.0,B,41.148,1.0434893696544503,1.0,1.0,19466.7,40,1.4992228275809787,0.4597921008034196,True,dam,False,True,,,"Sabine Rv nr Burkeville, TX"
08110500,12,1,TX04455,Sterling C Robertson Dam,75006258.0,256.58519191128,1745.6519861400002,1764.4260451440805,11073.30286293,Irrigation,1978.0,A,18.8976,1.382925063204192,1.0,1.0,2440.069,8,0.6501256239357776,0.7049408668543717,True,dam,False,False,,,"Navasota Rv nr Easterly, TX"
08177500,12,1,TX04744,Coleto Creek Dam,75018528.0,43.27547687456,1313.12397177,1384.8602337651655,4310.956726384,Other,1980.0,A,19.812,0.9347629229561044,1.0,1.0,1294.516,1,0.3718781484600229,0.4236159290127274,True,dam,False,False,,,"Coleto Ck nr Victoria, TX"
08284100,13,0,,,,,,,,,,,,,1.0,1.0,1223.974,0,0.0,0.6965531573639968,False,control,,,08287000,False,"RIO CHAMA NEAR LA PUENTE, NM"
08289000,13,0,,,,,,,,,,,,,1.0,1.0,1066.925,0,0.0,0.4830393953555847,False,control,,,08285500,False,"RIO OJO CALIENTE AT LA MADERA, NM"
08334000,13,0,,,,,,,,,,,,,1.0,1.0,1097.247,0,0.0,0.0535891938150184,False,control,,,08390500,False,"RIO PUERCO ABV ARROYO CHICO NR GUADALUPE, NM"
08377900,13,0,,,,,,,,,,,,,1.0,1.0,139.0311,0,0.0,0.788655105544121,False,control,,,08245000,False,"RIO MORA NEAR TERRERO, NM"
08379500,13,0,,,,,,,,,,,,,1.0,1.0,2701.843,0,0.0,0.5347926835115446,False,control,,,08384500,False,"PECOS RIVER NEAR ANTON CHICO, NM"
08405150,13,0,,,,,,,,,,,,,1.0,1.0,1160.815,0,0.0,0.0700633765658778,False,control,,,08390800,False,"DARK CANYON AT CARLSBAD, NM"
08405500,13,0,,,,,,,,,,,,,1.0,1.0,961.7706,0,0.0,-0.0265126370940522,False,control,,,08317950,False,"BLACK RIVER ABOVE MALAGA, NM"
08408500,13,0,,,,,,,,,,,,,1.0,1.0,2024.692,0,0.0,0.0039928912732266,False,control,,,08382830,False,"DELAWARE RIVER NR RED BLUFF, NM"
08245000,13,1,CO01671,Platoro Dam,75000290.0,65.99867933104,106.0341132234,157.2912342780484,92.2846030694,Flood Risk Reduction,1951.0,B,50.292,0.6726916505274487,1.0,1.0,105.8085,1,0.8469516858309906,0.3215332843189276,True,dam,False,False,,,"CONEJOS RIVER BELOW PLATORO RESERVOIR, CO."
08285500,13,2,NM10008,El Vado Dam,75000104.0,242.0708111,2056.6059586266,2278.549633662464,504.03986948,Irrigation,1935.0,A,70.104,0.9865468659494626,1.0,1.0,2247.896,3,1.9955716598698447,0.1336073435817562,True,dam,False,True,,,"RIO CHAMA BELOW EL VADO DAM, NM"
08287000,13,3,NM00001,Abiquiu Dam,75000732.0,209.6919128,5558.11448406,5642.015638453843,707.921165,Flood Risk Reduction,1963.0,A,107.8992,0.9857393804608644,1.0,1.0,5561.557,4,2.377295512106208,0.1406562481738126,True,dam,False,True,,,"RIO CHAMA BELOW ABIQUIU DAM, NM"
08317950,13,1,NM00002,Galisteo Dam,75000868.0,110.766669232,1543.63291356,1539.4285239157762,2548.5161940000003,Flood Risk Reduction,1970.0,A,49.9872,0.997887187443102,1.0,1.0,1536.176,1,36.71518620434974,-0.1280447525117332,True,dam,False,False,,,"GALISTEO CREEK BELOW GALISTEO DAM, NM"
08382830,13,1,NM00158,Santa Rosa Dam,75000801.0,246.696368,6304.03105974,6893.471862615528,9995.8468498,Flood Risk Reduction,1979.0,A,65.2272,0.9921324314225967,1.0,1.0,6839.237,2,3.398188720046581,-0.1616832506761127,True,dam,False,False,,,"PECOS RIVER BELOW SANTA ROSA DAM, NM"
08384500,13,2,NM00130,Sumner Dam,75001908.0,78.5604583896,11684.135660999702,11650.411374917348,1585.7434096,Flood Risk Reduction,1937.0,A,49.9872,0.9977853679078752,1.0,1.0,11624.61,6,2.284454805038684,-0.0694932054736345,True,dam,False,True,,,"PECOS RIVER BELOW SUMNER DAM, NM"
08390500,13,1,NM00004,Two Rivers Diamond A Dam,75002278.0,207.22494912,2659.9177889700004,2543.4087208230503,6611.9836811000005,Flood Risk Reduction,1963.0,A,35.9664,0.9630414411755922,1.0,1.0,2449.408,3,24.87990268393385,0.1745916967527622,False,dam,False,False,,,"RIO HONDO AT DIAMOND A RANCH NR ROSWELL, NM"
08390800,13,1,NM00004,Two Rivers Diamond A Dam,75002278.0,207.22494912,2659.9177889700004,2543.4087208230503,6611.9836811000005,Flood Risk Reduction,1963.0,A,35.9664,0.9820552943577701,1.0,1.0,2497.768,3,55.42235056031481,-12.30930385592466,True,dam,False,False,,,"RIO HONDO BLW DIAMOND A DAM NR ROSWELL, NM"
09070000,14,0,,,,,,,,,,,,,1.0,1.0,2461.667,0,0.0,0.8842080253718355,False,control,,,09211200,False,"EAGLE RIVER BELOW GYPSUM, CO."
09081600,14,0,,,,,,,,,,,,,1.0,1.0,432.8928,0,0.0,0.8747102466562577,False,control,,,09050700,False,"CRYSTAL RIVER AB AVALANCHE C, NEAR REDSTONE, CO."
09124500,14,0,,,,,,,,,,,,,1.0,1.0,879.2001,0,0.0,0.8530250409990903,False,control,,,09355500,False,"LAKE FORK AT GATEVIEW, CO."
09146200,14,0,,,,,,,,,,,,,1.0,1.0,384.2453,0,0.0,0.8488302664957591,False,control,,,09038500,False,"UNCOMPAHGRE RIVER NEAR RIDGWAY, CO."
09210500,14,0,,,,,,,,,,,,,1.0,1.0,398.3094,0,0.0,0.6914819488626708,False,control,,,09109000,False,"FONTENELLE C NR HERSCHLER RANCH, NR FONTENELLE, WY"
09255000,14,0,,,,,,,,,,,,,1.0,1.0,387.9297,0,0.0,0.694442808483689,False,control,,,09080400,False,"SLATER FORK NEAR SLATER, CO."
09299500,14,0,,,,,,,,,,,,,1.0,1.0,298.2501,0,0.0,0.8261623487363683,False,control,,,09291000,False,"WHITEROCKS RIVER NEAR WHITEROCKS, UT"
09342500,14,0,,,,,,,,,,,,,1.0,1.0,726.894,0,0.0,0.8340875628100746,False,control,,,09057500,False,"SAN JUAN RIVER AT PAGOSA SPRINGS, CO."
09372000,14,0,,,,,,,,,,,,,1.0,1.0,897.1452,0,0.0,0.2085385383716511,False,control,,,09128000,False,MCELMO CREEK NEAR COLORADO-UTAH STATE LINE
09382000,14,0,,,,,,,,,,,,,1.0,1.0,3677.924,0,0.0,0.1169414253888471,False,control,,,09144250,False,"PARIA RIVER AT LEES FERRY, AZ"
09038500,14,1,CO00717,Williams Fork Main,77007153.0,119.401042112,595.6972653,599.4369443760587,218.747639985,Water Supply,1959.0,A,63.7032,0.9928562221327283,1.0,1.0,595.1547,1,0.9946377269862796,0.2487260511532555,True,dam,False,False,,,"WILLIAMS FORK BELOW WILLIAMS FORK RESERVOIR, CO."
09050700,14,3,CO02005,Dillon Dam,77007594.0,313.30438736,875.41598118,851.0128476565642,332.72294755,Water Supply,1963.0,A,94.488,1.000725667473924,1.0,1.0,851.6304,5,4.226743757311707,0.0273520116572222,True,dam,False,True,,,"BLUE RIVER BELOW DILLON, CO."
09057500,14,4,CO01658,Green Mountain Dam,77006776.0,189.5121498976,1508.6162743128002,1494.942711184371,707.921165,Hydroelectric,1943.0,A,94.1832,0.999998186429252,1.0,1.0,1494.94,7,2.528583017070187,-0.1410604760486438,True,dam,False,True,,,"BLUE RIVER BELOW GREEN MOUNTAIN RESERVOIR, CO."
09080400,14,1,CO01664,Ruedi Dam,77007803.0,126.27523640632,579.8724379479,579.4852536945492,156.875330164,Hydroelectric,1968.0,A,98.1456,1.057661081265518,1.0,1.0,612.899,2,0.8719757097865061,0.0387467820776676,True,dam,False,False,,,"FRYINGPAN RIVER NEAR RUEDI, CO."
09109000,14,1,CO00151,Taylor Park Dam,77015250.0,131.02660845399998,658.1936783943,681.6697126027415,283.168466,Irrigation,1937.0,A,62.7888,0.9679833030582946,1.0,1.0,659.8449,1,0.8223677431663958,0.3543893220663251,True,dam,False,False,,,"TAYLOR RIVER BELOW TAYLOR PARK RESERVOIR, CO."
09128000,14,5,CO00387,Crystal Dam,77014029.0,31.12814771424,10269.328756031102,10366.234026813909,1170.90160691,Hydroelectric,1977.0,A,98.4504,0.9934851917640273,1.0,1.0,10298.7,9,1.4658292125845962,-0.6238973439507558,False,dam,False,True,,,"GUNNISON RIVER BELOW GUNNISON TUNNEL, CO."
09144250,14,8,CO00387,Crystal Dam,77014029.0,31.12814771424,10269.328756031102,10366.234026813909,1170.90160691,Hydroelectric,1977.0,A,98.4504,1.4097511171558603,1.0,1.0,14613.81,15,0.9183637312849408,0.5405255093440877,False,dam,False,True,,,"GUNNISON RIVER AT DELTA, CO."
09211200,14,5,WY01389,Fontenelle Dam,77000631.0,412.48989559624,10865.5699188342,10865.04037902657,566.336932,Fish and Wildlife Pond,1964.0,A,42.3672,0.999687955229958,1.0,1.0,10861.65,6,0.4470772099458361,0.6268953195486366,True,dam,False,True,,,"GREEN RIVER BELOW FONTENELLE RESERVOIR, WY"
09291000,14,1,UT10128,Moon Lake Dam,77007891.0,61.05735108,290.7261653475,384.8255560077316,283.168466,Irrigation,1938.0,B,30.7848,0.7717712489812734,1.0,1.0,296.9973,1,0.5697134326417246,0.5510507043416477,True,dam,False,False,,,"LAKE FORK RIVER BL MOON LAKE NR MOUNTAIN HOME, UT"
09355500,14,3,NM00120,Navajo Dam,77020840.0,2107.527071824,8303.683179827702,8319.77423720825,962.7727844,Flood Risk Reduction,1963.0,A,122.5296,1.0063592786634923,1.0,1.0,8372.682,9,2.99962296053068,0.2104828638032186,True,dam,False,True,,,"SAN JUAN RIVER NEAR ARCHULETA, NM"
09401260,15,0,,,,,,,,,,,,,1.0,1.0,4151.018,0,0.0,-0.0914080109086388,False,control,,,09510000,False,"MOENKOPI WASH AT MOENKOPI, AZ"
09490500,15,0,,,,,,,,,,,,,1.0,1.0,3166.939,0,0.0,0.5927555631437249,False,control,,,09426000,False,"BLACK RIVER NEAR FORT APACHE, AZ."
09426000,15,1,AZ82203,Alamo Dam,77027270.0,1737.97591256,12354.2432847,12079.988871066498,1175.1491339,Flood Risk Reduction,1968.0,A,86.25840000000001,0.9927194576083469,1.0,1.0,11992.04,2,21.19277322978295,0.4068284372387426,True,dam,False,False,,,"BILL WILLIAMS RIVER BELOW ALAMO DAM, AZ"
09510000,15,2,AZ10308,Bartlett Dam,77027234.0,219.55976752,15096.004697946002,15097.064606479196,8141.0933975,Water Supply,1939.0,A,94.1832,0.9989385614424463,1.0,1.0,15081.04,14,0.9470971982786004,0.3010721576121762,True,dam,False,True,,,"VERDE RIVER BLW BARTLETT DAM, AZ."
10011500,16,0,,,,,,,,,,,,,1.0,1.0,445.6411,0,0.0,0.8462210895785698,False,control,,,10344500,False,BEAR RIVER NEAR UTAH-WYOMING STATE LINE
10032000,16,0,,,,,,,,,,,,,1.0,1.0,424.3266,0,0.0,0.8369506069540351,False,control,,,10344400,False,"SMITHS FORK NEAR BORDER, WY"
10131000,16,0,,,,,,,,,,,,,1.0,1.0,661.0392,0,0.0,0.8118470681195894,False,control,,,10337500,False,"CHALK CREEK AT COALVILLE, UT"
10174500,16,0,,,,,,,,,,,,,1.0,1.0,872.7498,0,0.0,0.8802685694964645,False,control,,,10020300,False,"SEVIER RIVER AT HATCH, UT"
10296000,16,0,,,,,,,,,,,,,1.0,1.0,467.4168,0,0.0,0.7801186008850615,False,control,,,10293000,False,"W WALKER R BLW L WALKER R NR COLEVILLE, CA"
10296500,16,0,,,,,,,,,,,,,1.0,1.0,632.1213,0,0.0,0.7842611999728529,False,control,,,10297500,False,"W WALKER R NR COLEVILLE, CA"
10308200,16,0,,,,,,,,,,,,,1.0,1.0,716.4228,0,0.0,0.3508560646797969,False,control,,,10163000,False,E F CARSON R BL MARKLEEVILLE C NR MARKLEEVILLECA
10309000,16,0,,,,,,,,,,,,,1.0,1.0,925.4421,0,0.0,0.3146995385465495,False,control,,,10329000,False,"EAST FORK CARSON RIVER NEAR GARDNERVILLE, NV"
10315500,16,0,,,,,,,,,,,,,1.0,1.0,1011.985,0,0.0,0.8820414860292548,False,control,,,10126000,False,"MARYS R AB HOT SPRINGS C NR DEETH, NV"
10329500,16,0,,,,,,,,,,,,,1.0,1.0,454.5207,0,0.0,0.7539214844004329,False,control,,,10134500,False,"MARTIN C NR PARADISE VALLEY, NV"
10336610,16,0,,,,,,,,,,,,,1.0,1.0,139.6478,0,0.0,0.5385609552226309,False,control,,,10340500,False,UP TRUCKEE R A SOUTH LAKE TAHOE CA
10352500,16,0,,,,,,,,,,,,,0.9704674359475846,1.0,582.8922,0,0.0,0.1873433035082723,False,control,,,10130500,False,"MC DERMITT C NR MC DERMITT, NV"
10020300,16,2,WY01197,Woodruff Narrows,77000926.0,70.678509432,2253.2896557000004,2032.224991676316,311.4853126,Irrigation,1962.0,A,20.7264,1.0036123009773779,1.0,1.0,2039.566,6,0.5923750052555522,0.7312580646809412,True,dam,False,True,,,"BEAR RIVER BELOW RESERVOIR, NEAR WOODRUFF, UT"
10126000,16,8,UT00079,Cutler Dam,77000850.0,15.5912104576,16231.45548537,16217.860172754888,611.64388656,Irrigation,1927.0,A,38.4048,1.129121832654782,1.0,1.0,18311.94,23,0.190174350131751,0.4928827138441978,True,dam,False,True,,,"BEAR RIVER NEAR CORINNE, UT"
10130500,16,2,UT10131,Wanship Dam,77006887.0,76.62389190079999,841.9533347988,864.9997535995157,305.82194328,Irrigation,1957.0,A,53.34,1.280862792607182,1.0,1.0,1107.946,2,0.5292324128804011,0.5970121623264056,True,dam,False,True,,,"WEBER RIVER NEAR COALVILLE, UT"
10134500,16,1,UT10119,East Canyon Dam,77007339.0,63.154270208,372.28489093140007,420.3158653137402,175.56444892000002,Flood Risk Reduction,1966.0,A,79.248,0.8908892832786415,1.0,1.0,374.4549,1,1.291267583218647,0.3417657613354816,True,dam,False,False,,,"EAST CANYON CREEK NEAR MORGAN, UT"
10163000,16,2,UT10117,Deer Creek Dam,77006650.0,188.1923243288,1443.8406716817,1439.3014254458212,339.8021592,Irrigation,1941.0,A,73.152,1.2283125471458436,1.0,1.0,1767.912,6,4.041506463560945,0.2560532473340617,True,dam,False,True,,,"PROVO RIVER AT PROVO, UT"
10293000,16,1,CA00284,Bridgeport,77015269.0,54.396549144,922.03576716,1001.7412062368254,,Water Supply,1924.0,A,19.2024,0.9317307645816684,1.0,1.0,933.3531,3,0.4527927566569519,0.5261844584603668,True,dam,False,False,,,"E WALKER R NR BRIDGEPORT, CA"
10297500,16,1,CA01473,Topaz Lake,77014485.0,73.515517664,1061.8951251,1023.5487699807602,,Flood Risk Reduction,1937.0,A,3.3528,1.176757801216097,1.0,1.0,1204.469,2,0.3310716133165289,0.5690841318043085,True,dam,False,False,,,"W WALKER R AT HOYE BRIDGE NR WELLINGTON, NV"
10329000,16,1,NV01151,Chimney Dam,77001286.0,43.1718644,1906.23124896,1863.493431581972,146.681265388,Recreation,1974.0,A,30.48,1.3798626581780307,1.0,1.0,2571.365,1,2.8081184206429666,-0.426952288400003,True,dam,False,False,,,"L HUMBOLDT R NR PARADISE VALLEY, NV"
10337500,16,1,CA10162,Lake Tahoe Dam,77006016.0,902.90870688,1312.7095736724,1448.0097578826303,0.0,Irrigation,1913.0,A,5.486400000000001,0.9062211030392539,1.0,1.0,1312.217,2,4.390022902609388,0.1251200193256684,True,dam,False,False,,,TRUCKEE R A TAHOE CITY CA
10340500,16,1,CA10179,Prosser Creek Dam,77008056.0,36.8070981056,130.01740312200002,141.37383131562828,173.582269658,Water Supply,1962.0,A,50.5968,0.9788452269575179,1.0,1.0,138.3831,1,0.5054907009732337,0.2509532424278188,True,dam,False,False,,,PROSSER C BL PROSSER C DAM NR TRUCKEE CA
10344400,16,1,CA10192,Stampede Dam,77007269.0,279.38363676,352.36788236550007,384.6725156319528,86.649550596,Irrigation,1970.0,A,72.8472,0.9813368115989296,1.0,1.0,377.4933,1,2.0473138005438,0.3953699212644315,True,dam,False,False,,,LITTLE TRUCKEE R AB BOCA RES NR TRUCKEE CA
10344500,16,2,CA10135,Boca Dam,77007086.0,40.5445480808,445.736953731,443.5027614979329,226.5347728,Hydroelectric,1939.0,A,35.3568,1.0052744620894045,1.0,1.0,445.842,2,2.1314240766788988,0.2645321043857415,True,dam,False,True,,,LITTLE TRUCKEE R BL BOCA DAM NR TRUCKEE CA
12010000,17,0,,,,,,,,,,,,,1.0,1.0,142.182,0,0.0,0.8307553914264338,False,control,,,01172500,True,"NASELLE RIVER NEAR NASELLE, WA"
12040500,17,0,,,,,,,,,,,,,1.0,1.0,1153.437,0,0.0,0.7998494217393168,False,control,,,13217500,False,"QUEETS RIVER NEAR CLEARWATER, WA"
12041200,17,0,,,,,,,,,,,,,1.0,1.0,655.7967,0,0.0,0.7464551443417131,False,control,,,14169000,False,"HOH RIVER AT US HIGHWAY 101 NEAR FORKS, WA"
12043000,17,0,,,,,,,,,,,,,0.8274985331507921,1.0,337.185,0,0.0,0.7951565327846433,False,control,,,12117500,False,"CALAWAH RIVER NEAR FORKS, WA"
12092000,17,0,,,,,,,,,,,,,1.0,1.0,240.8814,0,0.0,0.7077606474349326,False,control,,,13039500,False,"PUYALLUP RIVER NEAR ELECTRON, WA"
12121600,17,0,,,,,,,,,,,,,1.0,1.0,147.6099,0,0.0,0.7078665229600225,False,control,,,14208700,False,"ISSAQUAH CREEK NEAR MOUTH NEAR ISSAQUAH, WA"
12175500,17,0,,,,,,,,,,,,,1.0,1.0,273.8205,0,0.0,0.7405223450137448,False,control,,,14140000,False,"THUNDER CREEK NEAR NEWHALEM, WA"
12189500,17,0,,,,,,,,,,,,,1.0,1.0,1855.317,0,0.0,0.7783159371872194,False,control,,,12452500,False,"SAUK RIVER NEAR SAUK, WA"
12205000,17,0,,,,,,,,,,,,,1.0,1.0,272.4822,0,0.0,0.6350796998498593,False,control,,,14140001,False,"NF NOOKSACK RIVER BL CASCADE CREEK NR GLACIER, WA"
12302055,17,0,,,,,,,,,,,,,1.0,1.0,2185.286,0,0.0,0.7952760589005562,False,control,,,14150000,False,Fisher River near Libby MT
12334510,17,0,,,,,,,,,,,,,1.0,1.0,2313.95,0,0.0,0.8948467074312899,False,control,,,13046000,False,Rock Creek near Clinton MT
12358500,17,0,,,,,,,,,,,,,1.0,1.0,2939.194,0,0.0,0.8638423547173224,False,control,,,13249500,False,Middle Fork Flathead River nr West Glacier MT
12370000,17,0,,,,,,,,,,,,,1.0,1.0,1715.115,0,0.0,0.87719060370648,False,control,,,14220500,False,Swan River near Bigfork MT
12381400,17,0,,,,,,,,,,,,,0.9292000782319577,1.0,150.9471,0,0.0,-1.9140620963778696,False,control,,,14138850,False,South Fork Jocko River near Arlee MT
12413000,17,0,,,,,,,,,,,,,1.0,1.0,2325.166,0,0.0,0.8255155354327092,False,control,,,14152000,False,NF COEUR D ALENE RIVER AT ENAVILLE ID
12414500,17,0,,,,,,,,,,,,,1.0,1.0,2678.972,0,0.0,0.9399252704045772,False,control,,,12362500,False,ST JOE RIVER AT CALDER ID
12424000,17,0,,,,,,,,,,,,,1.0,1.0,1785.244,0,0.0,0.6811014200744252,False,control,,,13246000,False,"HANGMAN CREEK AT SPOKANE, WA"
12451000,17,0,,,,,,,,,,,,,1.0,1.0,830.5974,0,0.0,0.7260957134118586,False,control,,,13148500,False,"STEHEKIN RIVER AT STEHEKIN, WA"
12452800,17,0,,,,,,,,,,,,,1.0,1.0,526.3533,0,0.0,0.8877391711623888,False,control,,,13174500,False,"ENTIAT RIVER NEAR ARDENVOIR, WA"
12459000,17,0,,,,,,,,,,,,,1.0,1.0,2587.774,0,0.0,0.8675715941748665,False,control,,,14238000,False,"WENATCHEE RIVER AT PESHASTIN, WA"
12462500,17,0,,,,,,,,,,,,,1.0,1.0,3372.32,0,0.0,0.8835541156372254,False,control,,,13037500,False,"WENATCHEE RIVER AT MONITOR, WA"
12465000,17,0,,,,,,,,,,,,,1.0,1.0,2707.411,0,0.0,0.3843562588815932,False,control,,,13202000,False,"CRAB CREEK AT IRBY, WA"
12488500,17,0,,,,,,,,,,,,,1.0,1.0,205.1703,0,0.0,0.83430119307283,False,control,,,12116500,False,"AMERICAN RIVER NEAR NILE, WA"
13010065,17,0,,,,,,,,,,,,,0.8572266770975944,1.0,1222.287,0,0.0,0.7893665979324297,False,control,,,01081000,True,SNAKE RIVER AB JACKSON LAKE AT FLAGG RANCH WY
13049500,17,0,,,,,,,,,,,,,1.0,1.0,1324.234,0,0.0,0.8810711507578654,False,control,,,13042500,False,FALLS RIVER NR CHESTER ID
13055000,17,0,,,,,,,,,,,,,1.0,1.0,2294.463,0,0.0,0.4070144033090203,False,control,,,13215000,False,TETON RIVER NR ST ANTHONY ID
13083000,17,0,,,,,,,,,,,,,1.0,1.0,133.1838,0,0.0,0.58256636785789,False,control,,,13240000,False,TRAPPER CREEK NR OAKLEY ID
13185000,17,0,,,,,,,,,,,,,1.0,1.0,2154.389,0,0.0,0.7128372199888712,False,control,,,13190500,False,BOISE RIVER NR TWIN SPRINGS ID
13186000,17,0,,,,,,,,,,,,,1.0,1.0,1660.134,0,0.0,0.6878449512886686,False,control,,,14210000,False,SF BOISE RIVER NR FEATHERVILLE ID
13200000,17,0,,,,,,,,,,,,,1.0,1.0,1028.84,0,0.0,0.7587913851942889,False,control,,,14170000,False,MORES CREEK AB ROBIE CREEK NR ARROWROCK DAM ID
13292000,17,0,,,,,,,,,,,,,1.0,1.0,1622.087,0,0.0,0.8536435964273945,False,control,,,13245000,False,"IMNAHA RIVER AT IMNAHA, OR"
13316500,17,0,,,,,,,,,,,,,1.0,1.0,1492.905,0,0.0,0.898155178353382,False,control,,,14187200,False,LITTLE SALMON RIVER AT RIGGINS ID
13336500,17,0,,,,,,,,,,,,,1.0,1.0,4959.467,0,0.0,0.9463801921885936,False,control,,,13038500,False,SELWAY RIVER NR LOWELL ID
13337000,17,0,,,,,,,,,,,,,1.0,1.0,3053.417,0,0.0,0.9422904307365132,False,control,,,12422500,False,LOCHSA RIVER NR LOWELL ID
13338500,17,0,,,,,,,,,,,,,1.0,1.0,3027.002,0,0.0,0.8897450933945235,False,control,,,13206000,False,SF CLEARWATER RIVER AT STITES ID
13339500,17,0,,,,,,,,,,,,,1.0,1.0,625.491,0,0.0,0.8666310387387528,False,control,,,13147900,False,LOLO CREEK NR GREER ID
13340000,17,0,,,,,,,,,,,,,1.0,1.0,14268.92,0,0.0,0.9510276737430504,False,control,,,12433000,False,CLEARWATER RIVER AT OROFINO ID
13340600,17,0,,,,,,,,,,,,,1.0,1.0,3354.622,0,0.0,0.916602441716254,False,control,,,13032500,False,NF CLEARWATER RIVER NR CANYON RANGER STATION ID
13345000,17,0,,,,,,,,,,,,,1.0,1.0,818.1477,0,0.0,0.8367638366354269,False,control,,,12342500,False,PALOUSE RIVER NR POTLATCH ID
14096850,17,0,,,,,,,,,,,,,0.8572266770975944,1.0,374.6232,0,0.0,0.6905709414965915,False,control,,,13239000,False,"BEAVER CREEK, BLW QUARTZ CR, NR SIMNASHO, OR."
14120000,17,0,,,,,,,,,,,,,1.0,1.0,721.8369,0,0.0,0.7861973188678731,False,control,,,12086500,False,"HOOD RIVER AT TUCKER BRIDGE, NEAR HOOD RIVER, OR"
14123500,17,0,,,,,,,,,,,,,1.0,1.0,1000.348,0,0.0,0.838818297935976,False,control,,,14145500,False,"WHITE SALMON RIVER NEAR UNDERWOOD, WA"
14154500,17,0,,,,,,,,,,,,,1.0,1.0,546.8105,0,0.0,0.878699139566192,False,control,,,14159500,False,"ROW RIVER ABOVE PITCHER CREEK NEAR, DORENA, OREG"
14182500,17,0,,,,,,,,,,,,,1.0,1.0,286.8498,0,0.0,0.7911821373520006,False,control,,,13236500,False,"LITTLE NORTH SANTIAM RIVER NEAR MEHAMA, OR"
14185000,17,0,,,,,,,,,,,,,1.0,1.0,458.1774,0,0.0,0.8998446419096124,False,control,,,14151000,False,"SOUTH SANTIAM RIVER BELOW CASCADIA, OR"
14185900,17,0,,,,,,,,,,,,,1.0,1.0,258.1965,0,0.0,0.8711557807706826,False,control,,,14153500,False,"QUARTZVILLE CREEK NEAR CASCADIA, OREG."
14190500,17,0,,,,,,,,,,,,,1.0,1.0,603.4942,0,0.0,0.8922522318439591,False,control,,,12106700,False,"LUCKIAMUTE RIVER NEAR SUVER, OR"
14308000,17,0,,,,,,,,,,,,,1.0,1.0,1167.245,0,0.0,0.885083524937475,False,control,,,14181500,False,"SOUTH UMPQUA RIVER AT TILLER,OR"
14309500,17,0,,,,,,,,,,,,,1.0,1.0,224.9208,0,0.0,0.7667440548099302,False,control,,,14162200,False,"WEST FORK COW CREEK NEAR GLENDALE, OR"
14316700,17,0,,,,,,,,,,,,,1.0,1.0,587.8989,0,0.0,0.8884508464136982,False,control,,,14362000,False,"STEAMBOAT CREEK NEAR GLIDE, OR"
14325000,17,0,,,,,,,,,,,,,1.0,1.0,443.0745,0,0.0,0.8092129214812486,False,control,,,14313500,False,"SOUTH FORK COQUILLE RIVER AT POWERS, OR"
14400000,17,0,,,,,,,,,,,,,1.0,1.0,702.6345,0,0.0,0.7356287773369962,False,control,,,14155500,False,"CHETCO RIVER NEAR BROOKINGS, OR"
12086500,17,1,WA00257,Alder,78018009.0,264.58185468,740.7365994600001,769.6469268362638,2265.347728,Hydroelectric,1945.0,A,100.584,0.987668856321851,1.0,1.0,760.1563,2,0.2042989062434186,0.3514328788261659,True,dam,False,False,,,"NISQUALLY RIVER AT LA GRANDE, WA"
12106700,17,1,WA00298,Howard A. Hanson Dam,78015961.0,32.07052784,572.38737231,682.4880842397697,3652.8732114,Flood Risk Reduction,1962.0,A,71.628,0.8769317938593317,1.0,1.0,598.4955,1,0.0396798106179364,0.6681729927189642,True,dam,False,False,,,"GREEN RIVER AT PURIFICATION PLANT NEAR PALMER, WA"
12116500,17,2,WA00255,Masonry Dam,78016113.0,111.8274636144,210.82503215400004,241.87478592172351,2106.77338704,Hydroelectric,1914.0,A,70.104,0.9097794098770358,1.0,1.0,220.0527,2,0.7420315614460669,-0.2216306011594535,True,dam,False,True,,,"CEDAR RIVER AT CEDAR FALLS, WA"
12117500,17,2,WA00255,Masonry Dam,78016113.0,111.8274636144,210.82503215400004,241.87478592172351,2106.77338704,Hydroelectric,1914.0,A,70.104,1.3944123969546363,1.0,1.0,337.2732,2,0.3456498246755315,0.2754845359679492,True,dam,False,True,,,"CEDAR RIVER NEAR LANDSBURG, WA"
12342500,17,1,MT00019,West Fork Bitterroot (Painted Rocks),78020300.0,39.10877521904,818.43624276,894.6813739542515,93.44559378,Irrigation,1940.0,A,43.586400000000005,0.9166309078006294,1.0,1.0,820.0926,1,0.1868243392857182,0.6040739297385399,False,dam,False,False,,,West Fork Bitterroot River nr Conner MT
12362500,17,1,MT00565,Hungry Horse Dam,78013953.0,4277.71502112,4298.655065929201,4373.388757758395,1415.84233,Flood Risk Reduction,1953.0,A,171.90720000000002,0.9873714044605759,1.0,1.0,4318.159,1,1.4614456903998052,0.0600298769075918,False,dam,False,False,,,S F Flathead River nr Columbia Falls MT
12422500,17,4,ID00220,Post Falls Middle Channel,78015586.0,277.533414,9800.51500824,9949.72056824998,,Hydroelectric,1906.0,A,19.5072,1.115653442109924,1.0,1.0,11100.44,6,0.0640579695444028,0.8287919201911376,True,dam,False,True,,,"SPOKANE RIVER AT SPOKANE, WA"
12433000,17,5,WA00021,Long Lake,78015577.0,129.61427174719998,15135.89051484,15995.013501058444,7622.89510472,Hydroelectric,1915.0,A,68.58,1.0015133778374088,1.0,1.0,16019.22,11,0.0760769173132802,0.8334642610311984,True,dam,False,True,,,"SPOKANE RIVER AT LONG LAKE, WA"
12452500,17,1,WA00004,Chelan,78015651.0,833.9570720239999,2465.6686807200003,2415.756813508336,1107.18870206,Hydroelectric,1927.0,A,20.1168,0.9996262812948357,1.0,1.0,2414.854,2,0.4505746733962241,0.1312691914657406,True,dam,False,False,,,"CHELAN RIVER AT CHELAN, WA"
13032500,17,2,ID00273,Palisades Dam,78024158.0,1728.10805784,13304.7948209511,13466.847156677532,1330.8917902,Flood Risk Reduction,1957.0,A,82.296,0.9968420851456352,1.0,1.0,13424.32,6,0.5084339927071299,0.4691514463813515,True,dam,False,True,,,SNAKE RIVER NR IRWIN ID
13037500,17,2,ID00273,Palisades Dam,78024158.0,1728.10805784,13304.7948209511,13466.847156677532,1330.8917902,Flood Risk Reduction,1957.0,A,82.296,1.103342142903315,1.0,1.0,14858.54,6,0.4596317422294828,0.4089398975962752,True,dam,False,True,,,SNAKE RIVER NR HEISE ID
13038500,17,2,ID00273,Palisades Dam,78024158.0,1728.10805784,13304.7948209511,13466.847156677532,1330.8917902,Flood Risk Reduction,1957.0,A,82.296,1.1122989535507268,1.0,1.0,14979.16,6,0.7966994990255066,0.4474158298451415,True,dam,False,True,,,SNAKE RIVER AT LORENZO ID
13039500,17,1,ID00008,Henrys Lake,78022608.0,72.405384008,241.90488947400004,284.562469040233,33.272294755000004,Other,1923.0,A,7.62,0.8586455579476088,1.0,1.0,244.3383,1,1.7366244030669409,0.0637922577242385,True,dam,False,False,,,HENRYS FORK NR LAKE ID
13042500,17,2,ID00272,Island Park Dam,78022223.0,157.44902294864,1279.7390250321,1322.3178342834997,185.758513696,Irrigation,1938.0,A,28.651200000000003,1.0021940002934864,1.0,1.0,1325.219,3,0.4089993001596667,0.5368828934954579,True,dam,False,True,,,HENRYS FORK NR ISLAND PARK ID
13046000,17,3,ID00178,Ashton,78022109.0,12.088122032,2693.5876344000003,2869.299794533246,1305.40662826,Irrigation,1917.0,A,19.812,0.9986105339913098,1.0,1.0,2865.313,7,0.1679119443068413,0.5601368653608122,True,dam,False,True,,,HENRYS FORK NR ASHTON ID
13147900,17,1,ID00041,Little Wood River Dam,78024822.0,37.0044552,709.6049423778001,723.2050225423683,254.8516194,Irrigation,1939.0,A,39.3192,0.8931178294771316,0.9716409153139057,1.0,645.9073,1,0.3158105205124608,0.9067264500945748,False,dam,False,False,,,LITTLE WOOD RIVER AB HIGH FIVE CREEK NR CAREY ID
13148500,17,1,ID00041,Little Wood River Dam,78024822.0,37.0044552,709.6049423778001,723.2050225423683,254.8516194,Irrigation,1939.0,A,39.3192,1.1085889547359042,1.0,1.0,801.7371,1,0.2932914462476635,0.7029321730023086,True,dam,False,False,,,LITTLE WOOD RIVER NR CAREY ID
13174500,17,1,NV10119,Wild Horse,78028265.0,88.39130865439999,528.35757444,527.2309809666897,138.75254834,Irrigation,1969.0,A,33.528,1.00063979364925,1.0,1.0,527.5683,1,2.587409504941689,0.2966696352516392,True,dam,False,False,,,"OWYHEE R NR GOLD CREEK, NV"
13190500,17,2,ID00279,Anderson Ranch Dam,78024476.0,572.60200583744,2526.6629007105003,2532.719540992,566.336932,Flood Risk Reduction,1950.0,A,138.9888,0.9999559599907551,1.0,1.0,2532.608,3,0.7636101697594234,0.3871131684039286,True,dam,False,True,,,SF BOISE RIVER AT ANDERSON RANCH DAM ID
13202000,17,4,ID00288,Lucky Peak Dam,78024299.0,361.58039961392,6941.1681348,6965.1463054767055,2641.96178778,Flood Risk Reduction,1955.0,A,103.632,0.9991554656257429,1.0,1.0,6959.264,7,0.5729318253109437,0.3759297424439523,True,dam,False,True,,,BOISE RIVER NR BOISE ID
13206000,17,4,ID00288,Lucky Peak Dam,78024299.0,361.58039961392,6941.1681348,6965.1463054767055,2641.96178778,Flood Risk Reduction,1955.0,A,103.632,1.0311563727459192,0.9683160571093291,1.0,7182.155,10,1.2758631191177745,0.1245250573696608,True,dam,False,True,,,BOISE RIVER AT GLENWOOD BRIDGE NR BOISE ID
13215000,17,1,OR00082,Warm Springs Dam,78024308.0,209.33913699376,2785.4027128995003,2807.5747317358464,277.47677983340003,Irrigation,1919.0,A,32.308800000000005,0.9926581716586749,1.0,1.0,2786.962,5,1.2637975735062457,0.3440361088337218,True,dam,False,False,,,MALHEUR R BE WARMSPRINGS RES NR RIVERSIDE OR
13217500,17,1,OR00589,Agency Valley Dam,78024357.0,73.03692671008,1157.3620868346002,1256.1080383688354,291.66351998,Flood Risk Reduction,1934.0,A,33.528,0.9213705864846681,1.0,1.0,1157.341,1,0.5636288961438167,0.3875285885625803,True,dam,False,False,,,NORTH FORK MALHEUR RIVER AT BEULAH OR
13236500,17,1,ID00284,Deadwood Dam,78022428.0,189.94633550528,283.42239887730005,308.3886876920116,319.98036658,Hydroelectric,1931.0,A,50.292,0.919723424755658,1.0,1.0,283.6323,1,0.9231545877473788,0.2351682388034096,True,dam,False,False,,,DEADWOOD RIVER BL DEADWOOD RES NR LOWMAN ID
13239000,17,1,ID00244,Payette Lake,78022034.0,50.57275544,372.95828784,476.9641184800483,207.562485578,Other,1943.0,A,3.9624,0.7875932076339488,1.0,1.0,375.6537,2,0.1662530340778012,0.592488868616692,True,dam,False,False,,,NF PAYETTE RIVER AT MCCALL ID
13240000,17,1,ID00243,Little Payette Lake Main,78022737.0,12.704862952,165.75923904,226.20742681114083,84.9505398,Irrigation,1926.0,B,7.62,0.5551090950910177,1.0,1.0,125.5698,1,0.1046241401212094,0.8008321397305191,False,dam,False,False,,,LAKE FORK PAYETTE RIVER AB JUMBO CR NR MCCALL ID
13245000,17,3,ID00283,Cascade Dam,78021944.0,855.049611488,1592.2987901469,1616.8085424120898,353.9605825,Hydroelectric,1948.0,A,33.528,0.9858532771122259,1.0,1.0,1593.936,4,1.0667730396146728,0.1742100712361228,True,dam,False,True,,,NF PAYETTE RIVER AT CASCADE ID
13246000,17,3,ID00283,Cascade Dam,78021944.0,855.049611488,1592.2987901469,1616.8085424120898,353.9605825,Hydroelectric,1948.0,A,33.528,1.4795388181405942,1.0,1.0,2392.131,5,0.8295894295418378,0.4027303148216626,True,dam,False,True,,,NF PAYETTE RIVER NR BANKS ID
13249500,17,5,ID00282,Black Canyon Diversion Dam,78024239.0,36.78489543248,6941.1681348,7141.238761153085,1132.673864,Hydroelectric,1924.0,A,55.778400000000005,0.989661210943581,1.0,1.0,7067.407,9,0.4818802891667459,0.7939814823857434,True,dam,False,True,,,PAYETTE RIVER NR EMMETT ID
14138850,17,1,OR00327,Development No. 1 Dam,78020663.0,32.8599562176,193.213113006,217.87194564247875,594.6537786,Water Supply,1929.0,A,60.96,0.5712410546157733,1.0,1.0,124.4574,1,0.0933384932779545,0.8233834945929219,False,dam,False,False,,,"BULL RUN RIVER NEAR MULTNOMAH FALLS, OR"
14140000,17,2,OR00317,Development No. 2 Dam,78020325.0,25.90311864,264.17878722,283.81588613511786,1953.8624154,Water Supply,1962.0,A,44.196000000000005,0.9798288735240409,1.0,1.0,278.091,2,0.120555774002968,0.7270968441296726,True,dam,False,True,,,"BULL RUN RIVER NEAR BULL RUN, OR"
14140001,17,2,OR00317,Development No. 2 Dam,78020325.0,25.90311864,264.17878722,283.81588613511786,1953.8624154,Water Supply,1962.0,A,44.196000000000005,0.9795438295784689,1.0,1.0,278.0101,2,0.0863705717171393,0.6416382277450831,True,dam,False,True,,,"BULL RUN RIVER NEAR BULL RUN, OR"
14145500,17,1,OR00014,Hills Creek Dam,78024606.0,432.458733104,1007.50537479,1019.866341597584,4009.66547856,Flood Risk Reduction,1962.0,A,103.9368,0.997174785086965,1.0,1.0,1016.985,1,0.4200455756615563,0.4009424603642483,True,dam,False,False,,,"M F WILLAMETTE R AB SALT CR., NR OAKRIDGE, OREG"
14150000,17,3,OR00006,Dexter Dam,78024498.0,27.383296848,2579.62815756,2602.778281610831,7645.548582,Flood Risk Reduction,1955.0,A,35.6616,1.0009269780704009,1.0,1.0,2605.191,3,0.3781061174872411,0.4047113302420999,True,dam,False,True,,,"MIDDLE FORK WILLAMETTE RIVER NEAR DEXTER, OREG."
14151000,17,1,OR00007,Fall Creek Dam,78024327.0,141.8504116,476.55781224,484.97044313321146,2333.30815984,Flood Risk Reduction,1965.0,A,62.484,0.9919755045110192,1.0,1.0,481.0788,1,0.2782340718544891,0.3684203631175171,True,dam,False,False,,,"FALL CREEK BLW WINBERRY CREEK, NEAR FALL CREEK, OR"
14152000,17,4,OR00006,Dexter Dam,78024498.0,27.383296848,2579.62815756,2602.778281610831,7645.548582,Flood Risk Reduction,1955.0,A,35.6616,1.3414262077825503,1.0,1.0,3491.435,4,0.3167403828245292,0.5774745116596779,True,dam,False,True,,,"MIDDLE FORK WILLAMETTE RIVER AT JASPER, OR"
14153500,17,1,OR00005,Cottage Grove Dam,78024815.0,40.70490072,269.35876344,300.47998163381874,1155.32734128,Flood Risk Reduction,1942.0,A,31.3944,0.9151198642414047,1.0,1.0,274.9752,1,0.1812738585787871,0.6952788838328293,True,dam,False,False,,,"COAST FORK WILLAMETTE R BLW COTTAGE GROVE DAM, OR"
14155500,17,1,OR00008,Dorena Dam,78024645.0,95.5948426,686.34684915,707.5818840373033,2760.8925435,Flood Risk Reduction,1949.0,A,46.9392,0.9842011443629414,1.0,1.0,696.4029,1,0.1496152124560538,0.4887482412449113,True,dam,False,False,,,"ROW RIVER NEAR COTTAGE GROVE, OR"
14159500,17,1,OR00015,Cougar Dam,78022004.0,256.56422272,538.71752688,553.4978818978981,2152.0803416,Flood Risk Reduction,1963.0,A,158.1912,0.9748834054247338,1.0,1.0,539.5959,1,0.335186996165081,0.4018041363190399,True,dam,False,False,,,"SOUTH FORK MCKENZIE RIVER NEAR RAINBOW, OR"
14162200,17,1,OR00013,Blue River Dam,78022648.0,102.37899272,227.91895368,238.79327314936148,1506.45623912,Flood Risk Reduction,1968.0,A,82.296,0.9532014742208773,1.0,1.0,227.6181,1,0.2486112943399027,0.3242931231498659,True,dam,False,False,,,"BLUE RIVER AT BLUE RIVER, OR"
14169000,17,1,OR00016,Fern Ridge Dam,78021753.0,126.061844048,712.24673025,708.539260054638,1274.258097,Flood Risk Reduction,1941.0,A,14.9352,0.932269582279834,1.0,1.0,660.5496,3,0.2733219732096261,0.392596507648326,True,dam,False,False,,,"LONG TOM RIVER NEAR ALVADORE,OREG."
14170000,17,1,OR00016,Fern Ridge Dam,78021753.0,126.061844048,712.24673025,708.539260054638,1274.258097,Flood Risk Reduction,1941.0,A,14.9352,1.441786020327545,1.0,1.0,1021.562,3,0.1922110706302198,0.7071662801634451,True,dam,False,False,,,"LONG TOM RIVER AT MONROE, OR"
14181500,17,1,OR00004,Detroit Dam,78022215.0,191.1896852,1134.4147921800002,1262.4020302863364,4983.7650016,Flood Risk Reduction,1953.0,A,141.1224,0.9275626717222604,1.0,1.0,1170.957,2,0.0930396105635496,0.3360072494162331,True,dam,False,False,,,"NORTH SANTIAM RIVER AT NIAGARA, OR"
14187200,17,2,OR00012,Foster Dam,78022222.0,69.07498303999999,1279.45412634,1285.8901800049464,5521.785087,Flood Risk Reduction,1967.0,A,38.4048,1.1236908271548056,1.0,1.0,1444.943,2,0.1056377932159511,0.5820430604081414,True,dam,False,True,,,"SOUTH SANTIAM RIVER NEAR FOSTER,OR"
14208700,17,1,OR00545,Timothy Lake,78020581.0,81.40980144,139.85935794,155.8272725007775,453.0695456,Hydroelectric,1956.0,A,30.48,0.9067963375877927,1.0,1.0,141.3036,1,0.6843801384504767,0.2270099941443993,True,dam,False,False,,,"OAK GROVE FORK NEAR GOVERNMENT CAMP, OREG."
14210000,17,2,OR00550,North Fork,78019938.0,22.9797666792,1737.8820218100002,1779.414816246814,4247.52699,Hydroelectric,1958.0,A,63.0936,0.9909027304375504,1.0,1.0,1763.227,7,0.0446720828117343,0.8802264944014947,True,dam,False,True,,,"CLACKAMAS RIVER AT ESTACADA, OR"
14220500,17,3,WA00149,Merwin,78019905.0,520.52933648,1880.33136786,1909.77600603268,3398.021592,Hydroelectric,1931.0,A,95.4024,0.9940212852205639,1.0,1.0,1898.358,4,0.4665661024888176,0.6610651676148419,True,dam,False,True,,,"LEWIS RIVER AT ARIEL, WA"
14238000,17,3,WA00152,Mayfield,78017902.0,164.93872468112,3605.26344912,3600.711870384513,8863.1729858,Hydroelectric,1963.0,A,76.2,0.9982228874136965,1.0,1.0,3594.313,7,0.4118603195308233,-0.0101612021886945,True,dam,False,True,,,"COWLITZ RIVER BELOW MAYFIELD DAM, WA"
14313500,17,1,OR00556,Lemolo No 1,78024795.0,13.66574530536,453.24791925000005,470.43401457736405,461.56459958,Hydroelectric,1955.0,A,36.576,0.9508221900192563,1.0,1.0,447.2991,1,0.1915990739472245,0.0828355682257764,True,dam,False,False,,,"NORTH UMPQUA R BL LEMOLO LK NR T FALLS,OREG."
14362000,17,1,OR00624,Applegate Dam,78026526.0,101.392207248,577.56734853,619.6892045622549,2656.12021108,Flood Risk Reduction,1980.0,A,73.7616,0.9362414186476512,1.0,1.0,580.1787,1,0.2599982883480731,0.6617768310885734,True,dam,False,False,,,"APPLEGATE RIVER NEAR COPPER, OR"
10258500,18,0,,,,,,,,,,,,,1.0,1.0,241.5123,0,0.0,0.2734931602117155,False,control,,,11292900,False,PALM CYN C NR PALM SPRINGS CA
10265150,18,0,,,,,,,,,,,,,0.9159006454136515,1.0,186.1785,0,0.0,0.5073748377706664,False,control,,,11085000,False,HOT C A FLUME NR MAMMOTH LAKES CA
11028500,18,0,,,,,,,,,,,,,1.0,1.0,146.3067,0,0.0,0.5162048327362072,False,control,,,11314500,False,SANTA MARIA C NR RAMONA CA
11062000,18,0,,,,,,,,,,,,,1.0,1.0,119.7252,0,0.0,0.4223588548107105,False,control,,,11480410,False,LYTLE C NR FONTANA CA
11062001,18,0,,,,,,,,,,,,,0.9286133385487971,1.0,119.7252,0,0.0,0.3444017969154643,False,control,,,11277300,False,LYTLE+BRLNE+COND+INF - W27 CA
11063510,18,0,,,,,,,,,,,,,0.8572266770975944,1.0,144.5151,0,0.0,0.2193918695092993,False,control,,,11097000,False,CAJON C BL LONE PINE C NR KEENBROOK CA
11124500,18,0,,,,,,,,,,,,,1.0,1.0,191.5227,0,0.0,0.6499813361719556,False,control,,,11123500,False,SANTA CRUZ C NR SANTA YNEZ CA
11132500,18,0,,,,,,,,,,,,,1.0,1.0,122.0877,0,0.0,0.6425457851916201,False,control,,,11176500,False,SALSIPUEDES C NR LOMPOC CA
11136800,18,0,,,,,,,,,,,,,1.0,1.0,2277.98,0,0.0,0.4493520744122106,False,control,,,11507500,False,CUYAMA R BL BUCKHORN CYN NR SANTA MARIA CA
11140000,18,0,,,,,,,,,,,,,1.0,1.0,1220.496,0,0.0,0.7236950472267434,False,control,,,11242000,False,SISQUOC R NR GAREY
11143000,18,0,,,,,,,,,,,,,1.0,1.0,120.6126,0,0.0,0.8078982645977286,False,control,,,11176400,False,BIG SUR R NR BIG SUR CA
11149900,18,0,,,,,,,,,,,,,1.0,1.0,556.416,0,0.0,0.7622684765140975,False,control,,,11451000,False,SAN ANTONIO R NR LOCKWOOD CA
11151300,18,0,,,,,,,,,,,,,1.0,1.0,608.2281,0,0.0,0.5955027141163765,False,control,,,11454000,False,SAN LORENZO C BL BITTERWATER C NR KING CITY CA
11152000,18,0,,,,,,,,,,,,,1.0,1.0,625.1184,0,0.0,0.7625509181064534,False,control,,,11401112,False,ARROYO SECO NR SOLEDAD CA
11152600,18,0,,,,,,,,,,,,,1.0,1.0,94.8186,0,0.0,0.7462327952473331,False,control,,,11422500,False,GABILAN C NR SALINAS CA
11160000,18,0,,,,,,,,,,,,,1.0,1.0,104.373,0,0.0,0.7878507293087066,False,control,,,11462000,False,SOQUEL C A SOQUEL CA
11160500,18,0,,,,,,,,,,,,,1.0,1.0,275.8086,0,0.0,0.8431762106700857,False,control,,,11109600,False,SAN LORENZO R A BIG TREES CA
11162500,18,0,,,,,,,,,,,,,1.0,1.0,118.8711,0,0.0,0.739589115811992,False,control,,,11428800,False,PESCADERO C NR PESCADERO CA
11200800,18,0,,,,,,,,,,,,,1.0,1.0,214.65,0,0.0,0.6696988787474851,False,control,,,11470500,False,DEER C NR FOUNTAIN SPRINGS CA
11224500,18,0,,,,,,,,,,,,,1.0,1.0,247.4352,0,0.0,-0.1209431052127376,False,control,,,11149400,False,LOS GATOS C AB NUNEZ CYN NR COALINGA CA
11253310,18,0,,,,,,,,,,,,,1.0,1.0,120.4371,0,0.0,0.2355692045237803,False,control,,,11414250,False,CANTUA C NR CANTUA CREEK CA
11264500,18,0,,,,,,,,,,,,,1.0,1.0,467.9761,0,0.0,0.7580781936833356,False,control,,,11276900,False,MERCED R A HAPPY ISLES BRIDGE NR YOSEMITE CA
11266500,18,0,,,,,,,,,,,,,1.0,1.0,833.0817,0,0.0,0.7246159151323414,False,control,,,11234760,False,MERCED R A POHONO BRIDGE NR YOSEMITE CA
11274500,18,0,,,,,,,,,,,,,1.0,1.0,347.7503,0,0.0,0.8024616570939158,False,control,,,11109800,False,ORESTIMBA C NR NEWMAN CA
11274630,18,0,,,,,,,,,,,,,1.0,1.0,187.4375,0,0.0,0.526020810718693,False,control,,,11216200,False,DEL PUERTO C NR PATTERSON CA
11318500,18,0,,,,,,,,,,,,,1.0,1.0,194.247,0,0.0,0.7931974402538043,False,control,,,11292700,False,SF MOKELUMNE R NR WEST POINT CA
11367500,18,0,,,,,,,,,,,,,1.0,1.0,944.0208,0,0.0,0.1358240543944033,False,control,,,11270900,False,MCCLOUD R NR MCCLOUD CA
11374000,18,0,,,,,,,,,,,,,1.0,1.0,1096.202,0,0.0,0.8020624158015075,False,control,,,11303000,False,COW C NR MILLVILLE CA
11379500,18,0,,,,,,,,,,,,,1.0,1.0,239.7195,0,0.0,0.5648407535107323,False,control,,,11424000,False,ELDER C NR PASKENTA CA
11383500,18,0,,,,,,,,,,,,,1.0,1.0,539.7753,0,0.0,0.8734094809167012,False,control,,,11399500,False,DEER C NR VINA CA
11390000,18,0,,,,,,,,,,,,,1.0,1.0,383.3298,0,0.0,0.8282772126744017,False,control,,,11276500,False,BUTTE C NR CHICO CA
11402000,18,0,,,,,,,,,,,,,1.0,1.0,475.002,0,0.0,0.707950290927783,False,control,,,11443500,False,SPANISH C AB BLACKHAWK C AT KEDDIE CA
11413000,18,0,,,,,,,,,,,,,1.0,1.0,647.7489,0,0.0,0.8421688145404542,False,control,,,11323500,False,N YUBA R BL GOODYEARS BAR CA
11451100,18,0,,,,,,,,,,,,,1.0,1.0,155.0943,0,0.0,0.7238968359265076,False,control,,,11123000,False,NF CACHE C A HOUGH SPRING NR CLEARLAKE OAKS CA
11461000,18,0,,,,,,,,,,,,,1.0,1.0,259.6455,0,0.0,0.7923362474230136,False,control,,,11427000,False,RUSSIAN R NR UKIAH CA
11468000,18,0,,,,,,,,,,,,,1.0,1.0,785.8926,0,0.0,0.7352471987200089,False,control,,,11302000,False,NAVARRO R NR NAVARRO CA
11468500,18,0,,,,,,,,,,,,,1.0,1.0,273.5145,0,0.0,0.8486861504355419,False,control,,,11471500,False,NOYO R NR FORT BRAGG CA
11469000,18,0,,,,,,,,,,,,,1.0,1.0,622.863,0,0.0,0.7859099940778671,False,control,,,11444500,False,MATTOLE R NR PETROLIA CA
11473900,18,0,,,,,,,,,,,,,1.0,1.0,1925.013,0,0.0,0.8055433860799022,False,control,,,11251000,False,MF EEL R NR DOS RIOS CA
11476500,18,0,,,,,,,,,,,,,1.0,1.0,1390.243,0,0.0,0.8659306814236818,False,control,,,11421000,False,SF EEL R NR MIRANDA CA
11478500,18,0,,,,,,,,,,,,,1.0,1.0,572.3766,0,0.0,0.8211100719382469,False,control,,,11319500,False,VAN DUZEN R NR BRIDGEVILLE CA
11482500,18,0,,,,,,,,,,,,,1.0,1.0,718.0398,0,0.0,0.8395248776938018,False,control,,,11525500,False,REDWOOD C A ORICK CA
11519500,18,0,,,,,,,,,,,,,1.0,1.0,1713.614,0,0.0,0.764849696960259,False,control,,,11289650,False,SCOTT R NR FORT JONES CA
11522500,18,0,,,,,,,,,,,,,1.0,1.0,1943.12,0,0.0,0.7748735827664179,False,control,,,11446500,False,SALMON R A SOMES BAR CA
11523200,18,0,,,,,,,,,,,,,1.0,1.0,382.9356,0,0.0,0.4128380335076168,False,control,,,11367800,False,TRINITY R AB COFFEE C NR TRINITY CTR CA
11528700,18,0,,,,,,,,,,,,,1.0,1.0,1980.083,0,0.0,0.8623064752152159,False,control,,,11407000,False,SF TRINITY R BL HYAMPOM CA
11085000,18,3,CA00216,Morris,77028728.0,33.9207506,543.8975031,669.6586231683077,,Other,1935.0,A,74.676,0.9094123168588526,1.0,1.0,608.9958,4,2.56879331211031,0.5394601433677455,True,dam,False,True,,,SAN GABRIEL R BL SANTA FE DAM NR BALDWIN PK CA
11097000,18,1,CA10019,Hansen Dam,77028401.0,55.4943479816,393.67819272,410.2585634749077,2860.0015066,Flood Risk Reduction,1940.0,A,29.5656,0.9648983232600129,1.0,1.0,395.8578,2,2.4309667960430983,0.6629091606736337,True,dam,False,False,,,BIG TUJUNGA C BL HANSEN DAM CA
11109600,18,1,CA00052,Pyramid,77028250.0,209.6919128,1118.87486352,867.8614184061599,566.336932,Water Supply,1974.0,A,128.62560000000002,1.1105429732894774,1.0,1.0,963.7974,1,3.1469370706906123,0.1547144911847111,True,dam,False,False,,,PIRU CREEK ABOVE LAKE PIRU CA
11109800,18,2,CA00805,Santa Felicia Dam,77028005.0,107.929661,1095.56497053,1131.6833461438264,5912.55757008,Water Supply,1955.0,A,64.92240000000001,0.9661121229056663,1.0,1.0,1093.333,2,5.977092831615003,-0.1566112725460895,True,dam,False,True,,,PIRU CREEK BELOW SANTA FELICIA DAM CA
11123000,18,1,CA00138,Gibraltar,77028613.0,12.33235143632,554.25745554,651.3412180445065,,Other,1920.0,A,51.5112,0.8599464988284018,1.0,1.0,560.1186,2,0.2767317840699618,0.7824164601298326,True,dam,False,False,,,SANTA YNEZ R BL GIBRALTAR DAM NR SNTA BRB C CA
11123500,18,1,CA00138,Gibraltar,77028613.0,12.33235143632,554.25745554,651.3412180445065,,Other,1920.0,A,51.5112,1.1025290279586304,1.0,1.0,718.1226,2,0.2054786869244073,0.8657787487728766,True,dam,False,False,,,SANTA YNEZ R BL LOS LAURLS CYN NR SNTA YNEZ CA
11149400,18,1,CA00812,Nacimiento Dam,77021829.0,466.132787336,854.6960763000001,858.8171562145748,2899.64509184,Hydroelectric,1956.0,A,77.724,0.9913299866441951,1.0,1.0,851.3712,3,1.940407040213772,0.2305673247242542,True,dam,False,False,,,NACIMIENTO R BL NACIMIENTO DAM NR BRADLEY CA
11176400,18,1,CA00043,Del Valle,77015290.0,95.101449864,378.13826406,442.6599607907396,1330.8917902,Flood Risk Reduction,1968.0,A,67.6656,0.7648333483679346,1.0,1.0,338.5611,1,3.187873316032676,0.6451729789060379,False,dam,False,False,,,ARROYO VALLE BL LANG CN NR LIVERMORE CA
11176500,18,1,CA00043,Del Valle,77015290.0,95.101449864,378.13826406,442.6599607907396,1330.8917902,Flood Risk Reduction,1968.0,A,67.6656,0.8621263132050222,1.0,1.0,381.6288,1,6.481251312008542,0.1456501659291313,True,dam,False,False,,,ARROYO VALLE NR LIVERMORE CA
11214600,18,1,CA00412,Courtright,77016654.0,152.07104212624,102.822527967,118.40592211938775,566.336932,Hydroelectric,1958.0,A,96.012,0.8643444362251397,0.978095051828672,1.0,102.3435,1,7.7125377240652515,-1.7930332071398527,True,dam,False,False,,,HELMS C BL COURTRIGHT DAM CA
11216200,18,2,CA00411,Wishon Main,77021367.0,159.26470821712,458.42789547,515.6399497340715,1478.13939252,Hydroelectric,1958.0,A,79.248,1.1989493838071212,0.8572266770975944,1.0,618.2262,2,3.9168169688127272,0.4922438567367722,True,dam,False,True,,,NF KINGS R BL BALCH DIV DAM CA
11231500,18,1,CA00441,Vermilion Valley,77015559.0,154.22840186439998,228.695950113,267.86925868566533,532.3567160800001,Hydroelectric,1954.0,A,50.292,0.879756046499303,1.0,1.0,235.6596,1,1.05357585392596,-0.4751827095207186,True,dam,False,False,,,MONO C BL LK THOMAS A EDISON CA
11231600,18,1,CA00441,Vermilion Valley,77015559.0,154.22840186439998,228.695950113,267.86925868566533,532.3567160800001,Hydroelectric,1954.0,A,50.292,0.8826522354976469,0.8572266770975944,1.0,236.4354,1,7.236458141533905,0.2866659711261856,False,dam,False,False,,,MONO C BL DIV DAM NR MONO HOT SPRINGS CA
11234760,18,3,CA00443,Mammoth Pool,77014277.0,148.01782079999998,2577.03816945,2630.0757208173827,6654.4589510000005,Hydroelectric,1960.0,A,125.2728,0.9888989048542264,1.0,1.0,2600.879,4,0.9482519496103092,0.7272800214834328,True,dam,False,True,,,SAN JOAQUIN R AB SHAKEFLAT C NR BIG CREEK CA
11242000,18,6,CA00440,Big Creek Dam No. 7,77014148.0,32.21731217896,3625.983354,3354.435342345372,4247.52699,Hydroelectric,1951.0,A,76.2,1.0011807226106373,1.0,1.0,3358.396,10,1.5358762258792469,0.7293475631267246,True,dam,False,True,,,SAN JOAQUIN R AB WILLOW C NR AUBERRY CA
11251000,18,8,CA10154,Friant Dam,77021347.0,642.02729772,4244.472514668,4242.936464921759,0.0,Flood Risk Reduction,1942.0,A,97.2312,1.0240099129271596,1.0,1.0,4344.809,14,2.4178488963533864,0.5187262460148065,True,dam,False,True,,,SAN JOAQUIN R BL FRIANT CA
11270900,18,2,CA00242,McSwain Dam,77014089.0,10.1823925892,2729.84746794,2847.8025037500543,7079.21165,Hydroelectric,1966.0,A,29.5656,0.9654205291201271,1.0,1.0,2749.327,4,1.0421606038010809,0.41952181332817,True,dam,False,True,,,MERCED R BL MERCED FALLS DAM NR SNELL CA
11276500,18,1,CA00123,O`Shaughnessy,77014498.0,444.0534624,1188.80454249,1206.3479805397626,,Water Supply,1923.0,A,95.0976,0.9774128352852458,1.0,1.0,1179.1,1,1.3086101995375627,0.5320606997469552,True,dam,False,False,,,TUOLUMNE R NR HETCH HETCHY CA
11276900,18,1,CA00123,O`Shaughnessy,77014498.0,444.0534624,1188.80454249,1206.3479805397626,,Water Supply,1923.0,A,95.0976,1.040388030855274,1.0,1.0,1255.07,2,0.7891568188299943,0.4989759048494747,True,dam,False,False,,,TUOLUMNE R BL EARLY INTAKE NR MATHER CA
11277300,18,1,CA00125,Cherry Valley,77015232.0,337.35728324,295.25864454000003,322.7969974750884,,Other,1956.0,A,96.012,0.9453656706442896,1.0,1.0,305.1612,1,7.818066895907347,0.1502086922799317,True,dam,False,False,,,CHERRY C BL VALLEY DAM NR HETCH HETCHY CA
11278000,18,1,CA00121,Lake Eleanor,77015560.0,35.277580623999995,208.23504404400003,240.29867350224828,,Water Supply,1918.0,A,18.5928,0.8644017753933069,1.0,1.0,207.7146,1,0.3132192596511688,0.4179057831108256,True,dam,False,False,,,ELEANOR C NR HETCH HETCHY CA
11289650,18,4,CA00281,Don Pedro Main,77014034.0,2503.9681352,3988.5816894,4141.892172260832,17244.9595794,Hydroelectric,1971.0,A,178.30800000000002,0.9618116151549897,1.0,1.0,3983.72,10,3.377057888152829,0.5658735123299216,True,dam,False,True,,,TUOLUMNE R BL LAGRANGE DAM NR LAGRANGE CA
11292700,18,3,CA00264,Donnells Dam,77015094.0,79.55957868,585.33731286,616.971352884406,1240.27788108,Hydroelectric,1958.0,A,96.6216,1.1951723472291504,1.0,1.0,737.3871,3,0.8665201332076633,0.3633153863015077,True,dam,False,True,,,MF STANISLAUS R A HELLS HALF ACRE BRIDGE CA
11292900,18,3,CA00263,Beardsley Dam,77014845.0,120.2644794,802.8963141,915.7043623957852,2548.5161940000003,Hydroelectric,1957.0,A,86.56320000000001,0.8883361632915424,1.0,1.0,813.4533,3,0.8354395013799557,0.3702803454265795,True,dam,False,True,,,MF STANISLAUS R BL BEARDSLEY DAM CA
11302000,18,7,CA00265,Tulloch Dam,77014099.0,82.64328327999999,2538.1883478,2564.237753915344,393.60416774,Hydroelectric,1958.0,A,62.484,0.9903874927831057,1.0,1.0,2539.589,13,5.133434210046652,0.2739295117926237,True,dam,False,True,,,STANISLAUS R BL GOODWIN DAM NR KNIGHTS FERRY CA
11303000,18,7,CA00265,Tulloch Dam,77014099.0,82.64328327999999,2538.1883478,2564.237753915344,393.60416774,Hydroelectric,1958.0,A,62.484,1.1172684731068754,1.0,1.0,2864.942,13,4.73168072192171,0.2977043847467153,True,dam,False,True,,,STANISLAUS R A RIPON CA
11314500,18,1,CA00382,Salt Springs,77015395.0,175.15442127999998,437.70799059,445.5401886277377,2627.520196014,Hydroelectric,1931.0,A,99.9744,0.9898056589648467,1.0,1.0,440.9982,1,0.9124670108240902,0.6571696234772455,True,dam,False,False,,,NF MOKELUMNE R BL SALT SPRINGS DAM CA
11319500,18,4,CA00164,Pardee Dam,77014215.0,234.3615496,1491.83315136,1725.388317095537,,Water Supply,1929.0,A,107.2896,0.822432832041384,1.0,1.0,1419.016,9,1.067365418640143,0.6533612461288205,True,dam,False,True,,,MOKELUMNE R NR MOKELUMNE HILL CA
11323500,18,4,CA00164,Pardee Dam,77014215.0,234.3615496,1491.83315136,1725.388317095537,,Water Supply,1929.0,A,107.2896,0.9426782272050932,1.0,1.0,1626.486,9,1.5437997275376878,0.5645257369502167,True,dam,False,True,,,MOKELUMNE R BL CAMANCHE DAM CA
11367800,18,1,CA00416,McCloud Dam,77001453.0,43.46049915056,1030.81526778,1057.1879549977566,1415.84233,Hydroelectric,1965.0,A,77.724,1.0523833484296186,1.0,1.0,1112.567,1,0.1530545713942876,0.1056564228230109,False,dam,False,False,,,MCCLOUD R A AH-DI-NA NR MCCLOUD CA
11399500,18,2,CA00327,Lake Almanor Dam,77007043.0,1406.1692976,1271.68416201,1353.0472076409171,1982.179262,Hydroelectric,1927.0,A,41.148,0.9495470614362821,1.0,1.0,1284.782,3,21.578431624286942,0.0347115416258161,True,dam,False,True,,,NF FEATHER R NR PRATTVILLE CA
11400500,18,1,CA00326,Butt Valley Dam,77008597.0,61.427395632,216.26400718500005,204.7578315480901,849.505398,Hydroelectric,1924.0,A,24.384,0.821674066031929,1.0,1.0,168.2442,1,0.6670079533299751,0.3729249240406798,False,dam,False,False,,,BUTT C BL ALMANOR-BUTT C TU NR PRATTVILLE CA
11401112,18,3,CA00327,Lake Almanor Dam,77007043.0,1406.1692976,1271.68416201,1353.0472076409171,1982.179262,Hydroelectric,1927.0,A,41.148,1.1694551313984392,1.0,1.0,1582.328,5,14.399799042904991,-0.4594086024726531,True,dam,False,True,,,NF FEATHER R BL BELDEN DAM CA
11407000,18,11,CA00035,Oroville Dam,77006280.0,4366.5257136,9352.44706521,9414.281675886366,6427.9241782,Flood Risk Reduction,1968.0,A,234.696,0.9964002908503186,1.0,1.0,9380.393,28,6.586691770352485,0.4319062281647613,True,dam,False,True,,,FEATHER R A OROVILLE CA
11414250,18,2,CA00358,Lake Spaulding No. 1 Dam,77007516.0,92.141093448,305.61859698,334.1462290909425,,Hydroelectric,1912.0,A,84.42960000000001,0.9428707331431622,1.0,1.0,315.0567,2,1.4748282525148797,0.126593008694946,True,dam,False,True,,,S YUBA R A LANGS CROSSING NR EMIGRANT GAP CA
11421000,18,7,CA10105,Harry L. Englebright Dam,77006471.0,87.0714830856,2848.986921,2873.6339623938875,9910.89631,Debris Control,1941.0,A,85.34400000000001,1.2092260341693795,1.0,1.0,3474.873,14,0.841042679783687,0.7642999490444564,True,dam,False,True,,,YUBA R NR MARYSVILLE CA
11422500,18,1,CA00255,Rollins Dam,77007607.0,81.39499965792,269.35876344,385.3099555263386,1699.010796,Water Supply,1965.0,B,69.4944,0.70093543166065,1.0,1.0,270.0774,3,0.2462707607758152,0.6972418122454056,True,dam,False,False,,,BEAR R BL ROLLINS DAM NR COLFAX CA
11424000,18,2,CA00227,Camp Far West,77013878.0,115.6265876816,738.1466113500001,757.3889257291344,2959.1104697,Irrigation,1963.0,A,61.8744,0.9990787748468032,1.0,1.0,756.6912,5,0.6129612310832769,0.8193567243006248,True,dam,False,True,,,BEAR R NR WHEATLAND CA
11427000,18,1,CA10110,North Fork Dam,77013879.0,17.7498036776,885.77593362,906.290969578784,1851.92176764,Debris Control,1939.0,A,47.244,0.9743999770961337,1.0,1.0,883.0899,2,0.0358598185308614,0.8922428214152336,False,dam,False,False,,,NF AMERICAN R A NORTH FORK DAM CA
11428800,18,1,CA00857,Hell Hole,77013533.0,255.33074088,292.66865643,346.99617929363365,1665.03058008,Irrigation,1966.0,A,124.968,0.8468341080820404,1.0,1.0,293.8482,2,6.189205453903895,0.2597436215728548,True,dam,False,False,,,RUBICON R BL HELL HOLE DAM CA
11443500,18,4,CA00823,Slab Creek,77014363.0,19.73570944,1276.86413823,1324.214044886196,3596.2395182,Hydroelectric,1967.0,A,76.2,0.9641341631516394,1.0,1.0,1276.72,7,2.4088453514617565,0.5432510364901338,True,dam,False,True,,,SF AMERICAN R NR CAMINO CA
11444500,18,4,CA00823,Slab Creek,77014363.0,19.73570944,1276.86413823,1324.214044886196,3596.2395182,Hydroelectric,1967.0,A,76.2,1.1684145822006973,1.0,1.0,1547.231,8,0.2567400277518623,0.5539047834570989,True,dam,False,True,,,SF AMERICAN R NR PLACERVILLE CA
11446500,18,10,CA10174,Nimbus Dam,77013378.0,10.854640192,4920.5630109024005,5007.163978824436,8495.05398,Fish and Wildlife Pond,1955.0,A,26.5176,0.9954573129778393,1.0,1.0,4984.418,19,0.6108314035810803,0.5350155861406558,True,dam,False,True,,,AMERICAN R A FAIR OAKS CA
11451000,18,1,CA00911,Clear Lake,77013504.0,394.7141888,1367.5137220800002,1401.709960592268,566.336932,Irrigation,1914.0,A,13.1064,0.9732769534030843,1.0,1.0,1364.252,2,1.0812601383313445,0.6027661397649947,True,dam,False,False,,,CACHE C NR LOWER LAKE CA
11454000,18,1,CA10170,Monticello Dam,77014336.0,1976.38081563152,1469.6887530195002,1521.6239197238724,1339.38684418,Irrigation,1957.0,A,92.6592,0.9799372766633346,1.0,1.0,1491.096,3,4.329156691789599,0.5132876844160884,True,dam,False,False,,,PUTAH C NR WINTERS CA
11461500,18,1,CA10201,Coyote Valley Dam,77008189.0,91.89439708,271.94875155,274.6173991580489,1013.74310828,Flood Risk Reduction,1959.0,A,54.864,0.8691299266971608,1.0,1.0,238.6782,1,0.3706503114550984,0.7654742375886636,False,dam,False,False,,,EF RUSSIAN R NR CALPELLA CA
11462000,18,1,CA10201,Coyote Valley Dam,77008189.0,91.89439708,271.94875155,274.6173991580489,1013.74310828,Flood Risk Reduction,1959.0,A,54.864,0.9898651754528959,1.0,1.0,271.8342,1,0.3711133861144092,-0.0699218207427041,True,dam,False,False,,,EF RUSSIAN R NR UKIAH CA
11470500,18,1,CA00398,Scott,77007165.0,99.418636304,748.5065637900001,749.4203613815889,3822.774291,Hydroelectric,1921.0,A,42.0624,1.0010684772654628,1.0,1.0,750.2211,1,0.1830448489566003,0.6368682519251634,True,dam,False,False,,,EEL R BL SCOTT DAM NR POTTER VALLEY CA
11471500,18,1,CA00398,Scott,77007165.0,99.418636304,748.5065637900001,749.4203613815889,3822.774291,Hydroelectric,1921.0,A,42.0624,1.2065953189915755,1.0,1.0,904.2471,2,0.2048233544515983,0.6504898804344723,True,dam,False,False,,,EEL R A VAN ARSDALE DAM NR POTTER VALLEY CA
11480390,18,1,CA00833,R. W. Matthews Dam,77008702.0,59.20712832,310.7985732,439.3299239112421,1387.5254834,Water Supply,1962.0,B,45.72,0.5521993535978944,1.0,1.0,242.5977,1,0.2779294648104206,0.7674814888630636,False,dam,False,False,,,MAD R AB RUTH RES NR FOREST GLEN CA
11480410,18,1,CA00833,R. W. Matthews Dam,77008702.0,59.20712832,310.7985732,439.3299239112421,1387.5254834,Water Supply,1962.0,B,45.72,0.7124060596956552,1.0,1.0,312.9813,1,0.2071669578345574,0.7563491816768947,True,dam,False,False,,,MAD R BL RUTH RES NR FOREST GLEN CA
11507500,18,2,OR00557,Link River Diversion Dam,77000791.0,906.6091524,9841.954818,9712.80763835023,353.9605825,Hydroelectric,1921.0,A,6.7056,1.0075876476085845,1.0,1.0,9786.505,4,0.8456328364409003,0.45687721000476,True,dam,False,True,,,"LINK RIVER AT KLAMATH FALLS, OR"
11525500,18,2,CA10165,Lewiston Dam,77005963.0,18.0828437744,1861.0877562027003,1906.2603598781088,53.8586422332,Water Supply,1963.0,A,27.7368,0.9766194792609764,1.0,1.0,1861.691,2,3.628436424569143,0.0910985964657792,True,dam,False,True,,,TRINITY R A LEWISTON CA
