STAID,role,control_for,huc2,nse_off,kge_off,nse_learned,kge_learned,nse_pass_test,nse_seas_test,d_seas,on_reach,d_nse,d_kge,d_minus_control
01013500,control,01170500,01,0.913796305733393,0.9278352566041385,0.9098249635561206,0.9279726699303279,0.9104859122471166,0.919907171678665,0.0094212594315483,False,-0.003971342177272352,0.00013741332618943947,
01052500,control,01154500,01,0.8253562142368449,0.8150547490331765,0.8341639108954795,0.8224003886087656,0.8306261769693752,0.8252974519999343,-0.0053287249694409,False,0.008807696658634567,0.007345639575589091,
01054200,control,01042500,01,0.6882486931591937,0.744146692855581,0.6856591703832398,0.7421594764012222,0.6856837731501727,0.6863080467991409,0.0006242736489682,False,-0.002589522775953923,-0.001987216454358842,
01055000,control,01059000,01,0.7099202655965438,0.7705868328867398,0.7121666116392178,0.774241157086113,0.7105052805368731,0.7065199318306994,-0.0039853487061737,False,0.002246346042674041,0.003654324199373171,
01134500,control,01054500,01,0.6998108398170848,0.8441881170010879,0.7442647658937646,0.862052610488786,0.7197561534331692,0.7137955389055459,-0.0059606145276233,False,0.04445392607667975,0.01786449348769814,
01181000,control,01046500,01,0.7399823066102055,0.7461257279737412,0.7331081047811867,0.744443434470765,0.7383819459849621,0.740905835443807,0.0025238894588448,False,-0.006874201829018767,-0.0016822935029762176,
04296000,control,01100000,01,0.7613078952615454,0.8311016730459722,0.7978455349530753,0.8537324441757459,0.7832701874091281,0.779250810020339,-0.0040193773887891,False,0.0365376396915299,0.02263077112977374,
01019000,dam,,01,0.14615890658461272,0.2728357412157113,0.15810450504310658,0.2741560665030808,0.141904235313285,0.2389647009922947,0.0970604656790097,True,0.011945598458493856,0.0013203252873694726,0.008993483239388644
01022500,dam,,01,0.8450261033919384,0.9216553318212222,0.8318551833850181,0.912251063093323,0.8429980429854184,0.8474543663969734,0.0044563234115549,True,-0.013170920006920328,-0.009404268727899123,-0.007899602953241103
01042500,dam,,01,0.3138325720769167,0.5585185822048178,0.33057057168063475,0.5443567389672226,0.3092010699204495,0.388679506106994,0.0794784361865444,False,0.016737999603718023,-0.014161843237595173,0.019327522379671946
01046500,dam,,01,0.5663705577337599,0.7227570499620354,0.5401341942475724,0.6764335268603572,0.5664989965554182,0.5564046678681999,-0.0100943286872183,False,-0.02623636348618752,-0.0463235231016782,-0.019362161657168753
01049000,dam,,01,0.810216668253098,0.8842703928629828,0.8136189197680459,0.8871238612329706,0.8137794032696344,0.8039425926190078,-0.0098368106506265,False,0.003402251514947885,0.0028534683699877883,0.021372230800127734
01049500,dam,,01,0.7750645149576599,0.8880641148344501,0.7785621687666147,0.8898834922670527,0.7689245933392649,0.7743630435368234,0.0054384501975585,False,0.003497653808954726,0.0018193774326025203,-0.11300036883450515
01053500,dam,,01,0.5306275235446588,0.582797267491812,0.5064517025695923,0.5387264062061946,0.5277865673188307,0.567296226660122,0.0395096593412913,True,-0.024175820975066542,-0.044070861285617435,0.04221106045287293
01054000,dam,,01,0.7314708528232949,0.7617449641487112,0.7165231818128732,0.7280574312388011,0.7306820571964552,0.7223781762277823,-0.0083038809686728,False,-0.014947671010421715,-0.03368753290991011,-0.00621466196645637
01054500,dam,,01,0.8231827862209395,0.8819727664130707,0.8048958118736065,0.8759977480489481,0.8199117503957614,0.8264081680605238,0.0064964176647623,False,-0.018286974347333063,-0.0059750183641225085,-0.06274090042401281
01059000,dam,,01,0.8596813269084546,0.928514167446027,0.85248031044751,0.9248251401297826,0.8600925299403777,0.866895933791826,0.0068034038514482,False,-0.007201016460944509,-0.003689027316244431,-0.00944736250361855
01081000,dam,,01,0.716440739852528,0.8164905303961832,0.7474020315765999,0.7968335894349328,0.7155552265019282,0.7152038774806531,-0.000351349021275,False,0.030961291724071915,-0.01965694096125048,0.039958837912382195
01100000,dam,,01,0.9287721334801043,0.9189676635985434,0.926777865668216,0.9239976434718394,0.9282312256612824,0.9243478060328392,-0.0038834196284434,True,-0.001994267811888384,0.005029979873296009,-0.03853190750341828
01116500,dam,,01,0.8405869257715219,0.8612682561932123,0.8315593194207546,0.8464897319979667,0.840576663520532,0.8420987073455273,0.0015220438249953,False,-0.009027606350767381,-0.014778524195245613,-0.0066974838572110285
01129200,dam,,01,0.4120876169115152,0.441144894744563,0.36886850104563296,0.38843868387336555,0.4121656048772946,0.4048725613367914,-0.0072930435405031,False,-0.04321911586588223,-0.05270621087119742,-0.028691790921291593
01154500,dam,,01,0.8737541306967231,0.9093320217687249,0.889394608934762,0.9087473778460999,0.8795596818096706,0.8779148919502767,-0.0016447898593938,False,0.015640478238038824,-0.0005846439226249167,0.006832781579404257
01168500,dam,,01,0.7419670306734087,0.7625470625378672,0.7332162364528247,0.7383403373144883,0.7432148500826594,0.7406769019122488,-0.0025379481704106,False,-0.008750794220584002,-0.024206725223378855,0.007293394868953196
01170000,dam,,01,0.7566332755169638,0.8065195355055362,0.756376068997602,0.7983073837381821,0.7574128235300014,0.754138424726308,-0.0032743988036934,False,-0.0002572065193617856,-0.008212151767354126,0.0030994877206259597
01170500,dam,,01,0.8946843400265303,0.9273235032895241,0.9054452896173004,0.9300196855100635,0.897527487142798,0.8963783257761245,-0.0011491613666734,False,0.01076094959077012,0.002696182220539467,0.014732291768042471
01172500,dam,,01,0.46882390988850486,0.6324264675500977,0.4994797396809215,0.6462381443623837,0.4664256015767469,0.630155284804807,0.16372968322806,True,0.030655829792416656,0.013811676812286011,0.026603804310929235
01173000,dam,,01,0.7430777966319323,0.8169633762632604,0.7537607364247978,0.8172330110623387,0.7400556365583842,0.7803701357109263,0.040314499152542,False,0.010682939792865498,0.0002696347990782666,0.01675019029003122
01183500,dam,,01,0.792134474652474,0.8961267830145694,0.7981355423654851,0.899467708848232,0.7923973657702457,0.8172543233589218,0.0248569575886761,False,0.006001067713011121,0.0033409258336626335,0.0013363365734366806
01186000,dam,,01,-0.17284023316402441,0.4327996455206409,0.009180481570325472,0.47253817614878446,-0.1744594255689739,0.3067463717665635,0.4812057973355375,True,0.1820207147343499,0.03973853062814359,0.18140932137450927
01188090,dam,,01,0.7810121166489187,0.8370762276681012,0.7910885959538742,0.8152282039097869,0.7786625032599165,0.7883681081061077,0.0097056048461912,False,0.010076479304955477,-0.021848023758314294,-0.030553197968956503
01192500,dam,,01,0.7530713826388871,0.756037497267277,0.7500742309028732,0.7496981204574382,0.7663591774791353,0.7590102367911183,-0.0073489406880169,False,-0.002997151736013892,-0.006339376809838759,0.009296770182206981
01205500,dam,,01,0.8402030088306691,0.89862623925768,0.8342469784616859,0.9020292169656471,0.8455577989096001,0.842887768932369,-0.002670029977231,True,-0.005956030368983178,0.0034029777079670476,0.009985980655142446
01206900,dam,,01,0.5355489039635115,0.6277651909784621,0.5292972637517235,0.6203665245134472,0.5349591441221584,0.5420203153853247,0.0070611712631662,True,-0.006251640211788034,-0.007398666465014858,-0.005518925490645588
01208500,dam,,01,0.801745888438168,0.854364549306364,0.8034231467572378,0.8553488331294217,0.8024535651602818,0.7990252754014496,-0.0034282897588321,False,0.001677258319069841,0.0009842838230577078,-0.0032205948595871448
01208925,dam,,01,-1.3868332872001812,-0.8065046924701165,-1.2638919896541596,-0.7824139212317021,-1.4188872454010557,-0.9980483246007724,0.4208389208002834,False,0.12294129754602157,0.02409077123841441,0.12323586766331751
01304500,control,01206900,02,-0.4872896690889905,0.4265301642394066,-0.48802238381013296,0.4264367612688289,-0.4902702859852634,-0.4408879138289405,0.0493823721563229,False,-0.0007327147211424467,-9.340297057769398e-05,
01331500,control,01172500,02,0.8170143658508932,0.9071982446961695,0.8210663913323806,0.9078104748784084,0.8149901906187919,0.8134957664631627,-0.0014944241556291,False,0.00405202548148742,0.000612230182238882,
01333000,control,01396800,02,0.7530304958384755,0.777303025032565,0.7511993289621377,0.7756856353995196,0.7528472955117073,0.7529752523152877,0.0001279568035804,False,-0.0018311668763377753,-0.001617389633045363,
01350000,control,01426500,02,0.786871479921375,0.8060297302655086,0.7986482609933866,0.8062050956142792,0.7937084294004084,0.791919537980786,-0.0017888914196224,False,0.011776781072011633,0.0001753653487706064,
01362200,control,01192500,02,0.7936163468420981,0.7831871179501373,0.7813224249238773,0.7780718065681764,0.7899938240902041,0.7860951131804196,-0.0038987109097845,False,-0.012293921918220874,-0.005115311381960863,
01362500,control,01170000,02,0.6401629841509507,0.5328898770480421,0.636806289910963,0.5326007137499368,0.6405857930732097,0.6362059114296799,-0.0043798816435298,False,-0.0033566942399877453,-0.0002891632981053549,
01398000,control,01383500,02,0.6442747613568385,0.6390436444802481,0.6447301272540971,0.6393997534916963,0.6458961625235831,0.6402613590694893,-0.0056348034540937,False,0.0004553658972585861,0.0003561090114482246,
01408120,control,01208925,02,0.7479899258062654,0.8659103845793829,0.7476953556889695,0.8653091003142491,0.7400876389489359,0.7536332148462326,0.0135455758972966,False,-0.00029457011729594473,-0.000601284265133728,
01413500,control,01081000,02,0.7724213189334537,0.8101667670390837,0.7634237727451434,0.8073357167675392,0.7738977771847231,0.7887105631740969,0.0148127859893738,False,-0.00899754618831028,-0.0028310502715445107,
01420500,control,04273500,02,0.8049385718440174,0.7900370166035036,0.7844306264039115,0.7800476591396461,0.80500300802188,0.8045967200871501,-0.0004062879347298,False,-0.020507945440105924,-0.009989357463857429,
01423000,control,01325000,02,0.6584879177721628,0.6024104779347158,0.7374232557602454,0.6410189257058228,0.6790375114136855,0.6672211716104572,-0.0118163398032282,False,0.07893533798808261,0.038608447771106946,
01440000,control,01429500,02,0.8312979619224833,0.9107700380259296,0.8065921999064658,0.897375452336311,0.7942148880472817,0.8118112210178023,0.0175963329705206,False,-0.024705762016017485,-0.013394585689618599,
01445500,control,01116500,02,0.8736455607573389,0.9191681433480691,0.8713154382637825,0.9172864391680497,0.8718788353517091,0.8825371837085005,0.0106583483567914,False,-0.0023301224935563525,-0.0018817041800193168,
01450500,control,01436000,02,0.7534336743132749,0.8304745110445333,0.7458966700771732,0.8258321503068545,0.7436942936475777,0.7607596699526189,0.0170653763050412,False,-0.0075370042361017076,-0.0046423607376787634,
01451500,control,01459500,02,0.6442349588254291,0.6430051514560937,0.6349385413249993,0.639387282066633,0.6390174233663242,0.6401701112223501,0.0011526878560259,False,-0.009296417500429865,-0.0036178693894607372,
01452000,control,01591610,02,0.7811348354997146,0.8011446039773898,0.7667248546817922,0.7962422222317855,0.7673068752572821,0.7727240098908087,0.0054171346335265,False,-0.014409980817922441,-0.004902381745604312,
01470779,control,04285500,02,0.6856449108952649,0.7195602839362534,0.6812250112398327,0.7173772416379349,0.6831069922131772,0.6812625286670235,-0.0018444635461536,False,-0.004419899655432213,-0.0021830422983184494,
01472198,control,01534300,02,0.7074741141870284,0.7375334711018501,0.6972272834285484,0.7312941837039266,0.6991214394253877,0.6998410307646407,0.0007195913392529,False,-0.010246830758479986,-0.006239287397923454,
01479000,control,01534500,02,0.7060970918051596,0.7333316896671974,0.6945965133595378,0.7329910401728594,0.7064176125034867,0.6964860672723071,-0.0099315452311795,False,-0.0115005784456218,-0.00034064949433798564,
01510000,control,01437500,02,0.8311749800894113,0.8291425694692733,0.8212123690303867,0.8253334180463883,0.8255519732306841,0.8300949198257467,0.0045429465950626,False,-0.009962611059024518,-0.003809151422885071,
01516350,control,02011800,02,0.669133810792727,0.6517245473092746,0.6660945266617861,0.6472050112251015,0.6725489447628883,0.6650438040054178,-0.0075051407574704,False,-0.0030392841309409002,-0.004519536084173104,
01518862,control,04289000,02,0.7526860104289734,0.7557571864720116,0.7376131138137804,0.7476911590548949,0.7478855940714717,0.7240440928296212,-0.0238415012418504,False,-0.015072896615193065,-0.008066027417116706,
01532000,control,01541303,02,0.6853078365990919,0.7359027116285167,0.6847944744539278,0.7327361506092114,0.6867812535232876,0.6824085553663128,-0.0043726981569747,False,-0.0005133621451640646,-0.0031665610193053473,
01539000,control,04292500,02,0.8432196396652204,0.8549279240795821,0.8169792185859764,0.8585701843079739,0.8275427502994008,0.8272694728623207,-0.0002732774370801,False,-0.02624042107924396,0.0036422602283918692,
01541000,control,01563200,02,0.7738008584347571,0.7860135828494403,0.779125939699406,0.7907246614096504,0.7800494211796456,0.7720158730462903,-0.0080335481333553,False,0.005325081264648923,0.004711078560210025,
01543500,control,01327750,02,0.8496449190617978,0.8813370949826663,0.8665395086363401,0.8959543229983628,0.8598669892493148,0.8527335977868012,-0.0071333914625135,False,0.016894589574542263,0.014617228015696426,
01544500,control,01518000,02,0.757393201460945,0.8079042676163355,0.7402017843495993,0.8024769094410317,0.756305825443801,0.7646866313366781,0.0083808058928771,False,-0.017191417111345753,-0.00542735817530382,
01546500,control,01597500,02,0.7393325667156649,0.829290505510597,0.7435775407961349,0.8330954052866744,0.7458505796891979,0.7416244273198636,-0.0042261523693343,False,0.0042449740804699765,0.0038048997760773418,
01547100,control,01520000,02,0.77933912551244,0.8567528884278633,0.7806061945072329,0.8592317037713033,0.7835716747514739,0.7791652654035804,-0.0044064093478934,False,0.001267068994792897,0.0024788153434399662,
01547200,control,02034000,02,0.8286151014053993,0.8453168849009461,0.8331890206754275,0.8470027502845757,0.8336561387034164,0.8203104060011527,-0.0133457327022636,False,0.004573919270028259,0.0016858653836295812,
01547950,control,01547500,02,0.8503140911510187,0.9205471474890679,0.8460118352685179,0.9182273665250995,0.8487476409162509,0.8519801468684038,0.0032325059521529,False,-0.004302255882500883,-0.002319780963968343,
01552000,control,01054000,02,0.8319723106227289,0.8107558830923614,0.8232393015787636,0.7984695627986927,0.8330556118663962,0.8333916063043371,0.0003359944379408,False,-0.008733009043965345,-0.012286320293668607,
01555000,control,01351500,02,0.6826505855924758,0.8107078872217892,0.8131054924129811,0.8867813024953335,0.8041223058862436,0.7890107133442684,-0.0151115925419751,False,0.1304549068205053,0.07607341527354428,
01555500,control,01417000,02,0.7060026969958917,0.8063213430323581,0.7251347013183108,0.8109714917512609,0.7475461032203747,0.7517635824600873,0.0042174792397126,False,0.019132004322419127,0.004650148718902791,
01560000,control,01375000,02,0.8285680642223606,0.7155784456062148,0.8253312539456916,0.7150543929656711,0.8306589379077287,0.8256980732595051,-0.0049608646482236,False,-0.003236810276669,-0.0005240526405436707,
01564500,control,01364500,02,0.6222325973330036,0.5843659114528541,0.7225706694804649,0.6429344716652925,0.7032554864486926,0.6858112746025256,-0.017444211846167,False,0.10033807214746127,0.05856856021243839,
01568000,control,01417500,02,0.7818020207433334,0.810430421069559,0.7736113324322365,0.8093426434963211,0.7778185471708539,0.7788049759505071,0.0009864287796532,False,-0.008190688311096928,-0.001087777573237858,
01571500,control,01346000,02,0.7726825922733966,0.7999164070548151,0.7870880513308822,0.8013613666199281,0.7746273831811336,0.7708105322123253,-0.0038168509688082,False,0.014405459057485581,0.0014449595651129243,
01595000,control,01574500,02,0.7527739658317629,0.8436040557674231,0.743485281336531,0.8387915443837537,0.7476277239530269,0.7590680990069036,0.0114403750538767,False,-0.009288684495231903,-0.004812511383669449,
01601500,control,02013100,02,0.8507834713697869,0.8594596810830895,0.8465512768057524,0.8515638821114269,0.850398628453717,0.8467896868985122,-0.0036089415552048,False,-0.004232194564034564,-0.007895798971662593,
01605500,control,01425000,02,0.6928984725132407,0.7133692064671399,0.687023438459088,0.7142405902588458,0.6899069546210274,0.6774775715506909,-0.0124293830703364,False,-0.0058750340541526835,0.0008713837917059264,
01616500,control,01421000,02,0.7845306418057812,0.8670385458633602,0.7810299608968734,0.8720171946009065,0.7881238584899244,0.7836574587522485,-0.0044663997376759,False,-0.0035006809089078716,0.004978648737546387,
01626000,control,01471000,02,0.6039014971856689,0.6371535756152426,0.6283142922442633,0.6495272377394556,0.6296671760426403,0.6155490730922302,-0.0141181029504101,False,0.024412795058594394,0.012373662124213092,
01627500,control,01671020,02,0.6014673982064084,0.5487205826012005,0.6250210998986726,0.5634540922023467,0.6211331710280978,0.6071061002882475,-0.0140270707398503,False,0.02355370169226423,0.014733509601146166,
01632900,control,01381000,02,0.6857928447373212,0.6816321954204851,0.6865999092190767,0.6913881464090591,0.6894821110341952,0.5777212674918011,-0.1117608435423941,False,0.0008070644817554928,0.009755950988573958,
01634500,control,01592500,02,0.6175709861103653,0.7412049240898526,0.6848430166676945,0.7776277875580924,0.6714651398176466,0.6588835047493162,-0.0125816350683303,False,0.06727203055732922,0.03642286346823975,
01637500,control,01435000,02,0.6882315884951173,0.7281760883705117,0.6833775978671376,0.7263301706476539,0.6874843090005542,0.6879594012927407,0.0004750922921864,False,-0.004853990627979754,-0.0018459177228578039,
01639000,control,01518700,02,0.7356193627806471,0.7859404040457717,0.7297228287268798,0.7803505754489888,0.7355670790086022,0.7298798938893654,-0.0056871851192368,False,-0.005896534053767333,-0.00558982859678292,
01639500,control,01336000,02,0.6501444788608781,0.6939062440543456,0.6243990414134654,0.6875630538801507,0.6398316269443988,0.6423489649873521,0.0025173380429532,False,-0.025745437447412756,-0.006343190174194935,
01666500,control,01350355,02,0.7693081961942403,0.6971383501760597,0.7494354611216505,0.6904001405846012,0.7620042222712747,0.7603403167575898,-0.0016639055136848,False,-0.019872735072589798,-0.006738209591458544,
01667500,control,01563500,02,0.7740753989552114,0.716169629201251,0.7684539738851648,0.7217101446305767,0.7767859251180729,0.7676895202944627,-0.0090964048236101,False,-0.005621425070046593,0.005540515429325654,
01669520,control,01582500,02,0.6186270251710608,0.6211238380769545,0.6957406926687941,0.6723195390233008,0.678831341995918,0.6630733281234354,-0.0157580138724825,False,0.0771136674977333,0.05119570094634629,
02011400,control,01381900,02,0.7340236699965218,0.7609083350916273,0.7654440645940251,0.760927118579507,0.7567133881033352,0.7553138650373379,-0.0013995230659973,False,0.03142039459750334,1.878348787975881e-05,
02014000,control,01594440,02,0.7665090081033413,0.7006389955948611,0.7769773383807248,0.705219259090884,0.7854440102790305,0.7869778234397122,0.0015338131606816,False,0.010468330277383475,0.004580263496022918,
02015700,control,01470960,02,0.7238345942945434,0.7929430589920881,0.7124604486463153,0.7850803238738742,0.7225360216801575,0.7168214180783179,-0.0057146036018396,False,-0.01137414564822814,-0.007862735118213893,
02016000,control,02041650,02,0.6744998697850257,0.7160340022403471,0.8451273636691331,0.8240053260844811,0.7798276811046526,0.7650311137321918,-0.0147965673724608,False,0.17062749388410736,0.10797132384413399,
02027000,control,01378500,02,0.6066666858051681,0.5994020677011835,0.6311417085406641,0.6237518039251424,0.6282549195504974,0.5819512085302418,-0.0463037110202555,False,0.024475022735495955,0.024349736223958862,
02028500,control,01315000,02,0.8190985812181826,0.8865135816362354,0.81795763275135,0.8821928647621109,0.8187557484416016,0.8086747053646479,-0.0100810430769536,False,-0.0011409484668325476,-0.004320716874124497,
02041000,control,01541200,02,0.770195133196697,0.8207420376804573,0.7708587996534149,0.8231549773424639,0.7693249396840363,0.7281978964187696,-0.0411270432652666,False,0.0006636664567178929,0.002412939662006619,
04287000,control,01449800,02,0.7824795750966217,0.8852885682983946,0.7855448086221813,0.8881206590532075,0.783813282237354,0.7823721423999275,-0.0014411398374265,False,0.003065233525559652,0.0028320907548128327,
01315000,dam,,02,0.3365331041309393,0.4059496495154842,0.33591291790429045,0.40409596421449745,0.336591545721641,0.2532421832196115,-0.0833493625020295,True,-0.0006201862266488334,-0.0018536853009867293,0.0005207622401837142
01325000,dam,,02,-0.14501518053106466,0.108618714771615,0.024149471405549128,0.16453388194944485,-0.1501748735388184,0.1927393128559369,0.3429141863947553,True,0.16916465193661379,0.05591516717782985,0.09022931394853118
01327750,dam,,02,0.67701453287028,0.8063971458539677,0.7067271390880973,0.8381335535848795,0.6676426136529406,0.758390334583102,0.0907477209301613,True,0.02971260621781724,0.0317364077309118,0.012818016643274976
01336000,dam,,02,0.4641425154465123,0.5267723426803415,0.45900935862232317,0.5191066244728093,0.4654853817323626,0.466962212833155,0.0014768311007923,True,-0.0051331568241891334,-0.007665718207532146,0.020612280623223622
01346000,dam,,02,0.732399557786511,0.7837776005694179,0.7297738683247426,0.7734858653991555,0.7346345975087119,0.7318946021850482,-0.0027399953236636,False,-0.0026256894617684434,-0.010291735170262384,-0.017031148519254025
01350355,dam,,02,0.7119909637914522,0.7513678049643447,0.7067643390214298,0.7208136931561615,0.7099053171583565,0.7045068868156128,-0.0053984303427436,False,-0.005226624770022448,-0.030554111808183237,0.01464611030256735
01351500,dam,,02,0.7730849165735754,0.8222181856006534,0.7881613556553947,0.8210658544463243,0.7920115713593338,0.7814092658120223,-0.0106023055473114,False,0.015076439081819326,-0.0011523311543291115,-0.11537846773868599
01364500,dam,,02,0.6881534451166251,0.6953926993434135,0.7203029891551685,0.6627274002777424,0.6805650211376494,0.7051460932058516,0.0245810720682022,False,0.03214954403854342,-0.03266529906567117,-0.06818852810891785
01375000,dam,,02,0.7341269081239391,0.8609070909442081,0.6896375571141417,0.8455121729749385,0.7446322933804863,0.7483808815056672,0.0037485881251808,True,-0.04448935100979745,-0.015394917969269617,-0.04125254073312845
01378500,dam,,02,0.6098479168451328,-0.2967554896823821,0.5540504798341997,-0.39419490569088866,0.6111448566218745,0.5941822024101522,-0.0169626542117222,True,-0.05579743701093309,-0.09743941600850659,-0.08027245974642905
01381000,dam,,02,0.8473856851732602,0.8299364492098927,0.8136157882869679,0.8058339918680275,0.8490861286604692,0.8407607065024514,-0.0083254221580177,True,-0.03376989688629228,-0.024102457341865224,-0.034576961368047776
01381900,dam,,02,0.7656637198627235,0.776341533296973,0.7702918252538437,0.7772352693775222,0.7558929780614455,0.8262240610193233,0.0703310829578778,False,0.00462810539112013,0.0008937360805492123,-0.026792289206383213
01383500,dam,,02,0.2643097514688706,0.33162044831476867,0.3704794395406875,0.3902133646008681,0.2474132976694334,0.4253715588679886,0.1779582611985551,False,0.10616968807181693,0.05859291628609942,0.10571432217455834
01396800,dam,,02,0.4264301980137518,0.5475517687327043,0.4108455609641719,0.5142486647060651,0.4235909798401461,0.4079582345746161,-0.01563274526553,True,-0.015584637049579908,-0.03330310402663916,-0.013753470173242133
01417000,dam,,02,0.3010261905521766,0.31787752604505226,0.3323316469421044,0.24363400544786873,0.2647763291803224,0.1131185517001839,-0.1516577774801385,True,0.031305456389927766,-0.07424352059718353,0.012173452067508639
01417500,dam,,02,0.5825767966217485,0.6285650078648125,0.5423363722215533,0.5253960800909183,0.6016726961351127,0.5493142617685434,-0.0523584343665692,False,-0.04024042440019526,-0.10316892777389419,-0.032049736089098335
01421000,dam,,02,0.7739617485673375,0.7163877941052048,0.741975103334608,0.6647017028888224,0.7926503062288881,0.7991231874847651,0.0064728812558769,False,-0.03198664523272943,-0.05168609121638246,-0.028485964323821555
01425000,dam,,02,0.5477313456619348,0.5709760361782112,0.5153609313666186,0.5168533006570561,0.5397481379811241,0.5461792816651266,0.0064311436840025,True,-0.032370414295316174,-0.054122735521155096,-0.02649538024116349
01426500,dam,,02,0.6743627638697223,0.6181857297322972,0.635601714796051,0.5699272440073933,0.6756086996288706,0.6796490816663643,0.0040403820374936,False,-0.03876104907367128,-0.04825848572490399,-0.050537830145682916
01429500,dam,,02,0.7535721951502743,0.8586020772423965,0.7561791354449565,0.8631121630693388,0.7535481746723902,0.7596740628960618,0.0061258882236715,True,0.002606940294682225,0.004510085826942345,0.02731270231069971
01435000,dam,,02,0.24607245480852102,0.1739119095521222,0.28568167011603296,0.20760733936610098,0.3042045208834132,0.2920306910960042,-0.0121738297874089,True,0.039609215307511936,0.03369542981397877,0.04446320593549169
01436000,dam,,02,0.3324800716901476,0.29459319456399835,0.32610747123598793,0.2871385451011458,0.3340428166221564,0.2896421502234571,-0.0444006663986993,True,-0.00637260045415966,-0.0074546494628525695,0.0011644037819420472
01437500,dam,,02,0.7911558307226102,0.7365899051735507,0.786420387325782,0.7473563357704209,0.7885271377814811,0.7869016736170694,-0.0016254641644116,False,-0.004735443396828187,0.010766430596870213,0.00522716766219633
01449800,dam,,02,0.271133320616766,0.6280302965321399,0.5916720555750883,0.7407755104770465,0.2307394404752777,0.630643915657795,0.3999044751825172,True,0.3205387349583223,0.11274521394490655,0.31747350143276265
01459500,dam,,02,0.7371656600171229,0.8260822215081252,0.7600531813097481,0.8129478817068266,0.7405911969100505,0.7630935874508915,0.022502390540841,False,0.022887521292625168,-0.013134339801298522,0.032183938793055034
01470960,dam,,02,0.5521629282504807,0.6717889834590178,0.5447764117909919,0.6517462440973106,0.5448023122949284,0.557602926982534,0.0128006146876056,True,-0.0073865164594888455,-0.020042739361707196,0.0039876291887392945
01471000,dam,,02,0.6382362757932774,0.743956005217097,0.6186676201755679,0.7167408556588835,0.6360468090665137,0.6357659793599874,-0.0002808297065263,False,-0.019568655617709485,-0.02721514955821358,-0.04398145067630388
01518000,dam,,02,0.5619242345746271,0.7243828278179836,0.6407451105689573,0.7293650709466852,0.5584584059631189,0.6559297361984449,0.0974713302353259,True,0.07882087599433019,0.004982243128701658,0.09601229310567594
01518700,dam,,02,0.5764010877389896,0.7300833735369239,0.6548381967069379,0.7367805150530382,0.5645295671895338,0.665264565897624,0.1007349987080901,False,0.07843710896794831,0.0066971415161143355,0.08433364302171564
01520000,dam,,02,0.49938216130984037,0.6982825361448903,0.6051188680580212,0.7039467672411639,0.4754585746486529,0.5906384211519091,0.1151798465032561,True,0.10573670674818081,0.005664231096273564,0.10446963775338791
01534300,dam,,02,0.49936181214226316,0.6438427845164942,0.543295348492367,0.6602064181987439,0.4947285815554001,0.5642714648159892,0.0695428832605891,True,0.043933536350103886,0.01636363368224969,0.05418036710858387
01534500,dam,,02,0.663660774164682,0.4939369049598259,0.6593639797432704,0.48847296351354363,0.6673431032358808,0.6660307710281873,-0.0013123322076934,False,-0.0042967944214116205,-0.005463941446282261,0.00720378402421018
01541200,dam,,02,0.7052679053025079,0.8136035329787875,0.7421970471423095,0.8134503082158145,0.6923920871157212,0.72994621749278,0.0375541303770587,True,0.03692914183980156,-0.00015322476297296994,0.03626547538308367
01541303,dam,,02,0.7911478206780334,0.8617229595727587,0.8113209950376691,0.8569790797561848,0.7897207252159169,0.8043795699261065,0.0146588447101896,False,0.020173174359635726,-0.0047438798165738705,0.02068653650479979
01547500,dam,,02,0.29614086721376265,0.5707826470078234,0.467342749286637,0.6173421520343707,0.2487801049228536,0.4698877125963764,0.2211076076735227,True,0.17120188207287435,0.046559505026547265,0.17550413795537523
01563200,dam,,02,0.6206665647090941,0.7571088012315198,0.6137947361101412,0.6425314879668205,0.6252628555621035,0.6543030394872341,0.0290401839251306,True,-0.006871828598952856,-0.11457731326469933,-0.01219690986360178
01563500,dam,,02,0.8381762630747669,0.9111184475886108,0.8497525016761099,0.8481141084590795,0.8451362634734081,0.842013173356128,-0.00312309011728,False,0.011576238601343047,-0.0630043391295313,0.01719766367138964
01574500,dam,,02,0.612716543772668,0.7126399331347428,0.5533262462418598,0.6731106541531608,0.6289702771393167,0.622542197601468,-0.0064280795378487,True,-0.05939029753080827,-0.03952927898158198,-0.050101613035576364
01582500,dam,,02,0.49664784915275184,0.6724199194841787,0.4859272160035858,0.6578171008965303,0.5050326521665081,0.509214295046128,0.0041816428796199,False,-0.010720633149166048,-0.014602818587648336,-0.08783430064689934
01591610,dam,,02,-0.03238852569091577,0.46610889006734724,0.0882470644357557,0.49777776270710616,-0.083066754318624,0.2007705265850871,0.2838372809037112,True,0.12063559012667147,0.03166887263975893,0.1350455709445939
01592500,dam,,02,0.1700456593332027,0.28767317962491123,0.11900812418771256,0.21997496333640232,0.1279067822933091,0.2149860938282367,0.0870793115349276,True,-0.05103753514549014,-0.06769821628850892,-0.11830956570281936
01594440,dam,,02,0.6405576409579792,0.6075463043158449,0.6859497129493561,0.621681527921834,0.6539130284615352,0.6522144959460989,-0.0016985325154362,False,0.04539207199137696,0.014135223605989067,0.034923741713993484
01597500,dam,,02,0.4595969968810133,0.7316842769746279,0.528000447062837,0.7579957695565375,0.4517520878593661,0.6116483665976082,0.159896278738242,True,0.0684034501818237,0.026311492581909568,0.06415847610135372
01671020,dam,,02,0.6945955079505597,0.757025054799557,0.4836189749282367,0.6100391903411253,0.73125251217116,0.7219835339160381,-0.0092689782551219,False,-0.210976533022323,-0.14698586445843165,-0.23453023471458723
02011800,dam,,02,0.1754781387113753,0.5976549450281811,0.5348428132069929,0.7323808171161641,0.0719341315689097,0.5526251887548503,0.4806910571859406,True,0.3593646744956176,0.13472587208798303,0.3624039586265585
02013100,dam,,02,0.6764919755709975,0.8235874388076481,0.7607879885917593,0.8585391188138713,0.6412094047758952,0.7470345958603648,0.1058251910844696,False,0.08429601302076184,0.034951680006223285,0.0885282075847964
02034000,dam,,02,0.7595350867630564,0.7975451737293775,0.7718161272265294,0.7892312851675585,0.7601654711274254,0.7586878492224687,-0.0014776219049567,False,0.012281040463473003,-0.008313888561819027,0.007707121193444744
02041650,dam,,02,0.7804678149763856,0.8468870883781396,0.7429250047156958,0.8243627963972651,0.7701017677510495,0.8286569067572129,0.0585551390061633,True,-0.03754281026068984,-0.022524291980874578,-0.2081703041447972
04273500,dam,,02,0.8499758532159405,0.8953744510466265,0.8567066940324474,0.8982172999230909,0.8510476725701399,0.8480959162473927,-0.0029517563227472,False,0.006730840816506878,0.0028428488764643545,0.0272387862566128
04285500,dam,,02,0.7399102921313035,0.8248749804355616,0.7401026408494824,0.8187965862021404,0.739651202877276,0.7417733336977523,0.0021221308204762,True,0.00019234871817885857,-0.006078394233421269,0.004612248373611072
04289000,dam,,02,0.5173272714590088,0.5015051150597913,0.5037111244908182,0.48352835694109,0.5168010516190132,0.519357976251168,0.0025569246321547,True,-0.013616146968190579,-0.017976758118701364,0.0014567496470024865
04292500,dam,,02,0.7846981211174588,0.8665179976348684,0.8266599540904325,0.8900760143175758,0.8110487757862295,0.8034553575946098,-0.0075934181916196,True,0.04196183297297362,0.023558016682707406,0.06820225405221758
02054500,control,02335000,03,0.7997353884845712,0.7450266193849071,0.8340663056287014,0.7622464813335241,0.837838426770487,0.8300039412632697,-0.0078344855072173,False,0.03433091714413028,0.01721986194861702,
02058400,control,02315500,03,0.7515699926059607,0.666677062535748,0.7584476531582183,0.6797444956140678,0.7646521815853519,0.7555473233552145,-0.0091048582301374,False,0.006877660552257581,0.013067433078319812,
02059500,control,02074000,03,0.6437015103956747,0.4883650468652643,0.6348710885156006,0.49303584408694057,0.6482327062829563,0.6260363565918616,-0.0221963496910946,False,-0.008830421880074102,0.004670797221676293,
02061500,control,02395980,03,0.6839996760385236,0.5428302446086288,0.6632516935067165,0.5395886525730501,0.6704316542126214,0.6558841542538552,-0.0145474999587662,False,-0.020747982531807097,-0.003241592035578722,
02064000,control,02072000,03,0.6144035263207401,0.4807093666607424,0.6136237991587513,0.4835879585307332,0.6120730754946021,0.6056184746734072,-0.0064546008211948,False,-0.0007797271619888191,0.002878591869990843,
02081500,control,02072500,03,0.806620773018245,0.7465845179967701,0.8067593901030715,0.7469970341979553,0.8079611961394566,0.7978142006806287,-0.0101469954588279,False,0.00013861708482654223,0.00041251620118520904,
02081747,control,02169000,03,0.7484737608104026,0.7942314020358544,0.7304191833983624,0.7899372794184539,0.7596796539565704,0.7653826194313768,0.0057029654748063,False,-0.018054577412040196,-0.004294122617400475,
02082950,control,02112000,03,0.7914692063597263,0.776473680006597,0.7913118794547207,0.7792291473587712,0.7934241782699534,0.7935355300544507,0.0001113517844972,False,-0.00015732690500558366,0.0027554673521742457,
02092500,control,02476600,03,0.8292983281311097,0.8459256379424982,0.8251247233212166,0.8468478034574474,0.8272945362942772,0.8223817197657163,-0.0049128165285609,False,-0.00417360480989315,0.0009221655149491692,
02108000,control,02105769,03,0.9145698311470178,0.9058650072168783,0.9174965379188713,0.9100529208229906,0.9137351289092728,0.9050017268362222,-0.0087334020730505,False,0.002926706771853471,0.004187913606112259,
02109500,control,02352500,03,0.7348112659163024,0.7653172149234505,0.7366460868010187,0.7666887683708455,0.7545129907669316,0.7556674141849761,0.0011544234180445,False,0.001834820884716315,0.0013715534473950353,
02110500,control,02169500,03,0.9002755227143471,0.9253504372517932,0.9023715826844478,0.9280959153015899,0.9002683173672442,0.9000685453068126,-0.0001997720604316,False,0.002096059970100761,0.0027454780497966347,
02118000,control,02336490,03,0.7668301788351296,0.6743122946508631,0.7539622566569055,0.6743917957975651,0.7683371825023966,0.7702828988705579,0.0019457163681613,False,-0.012867922178224078,7.950114670207675e-05,
02118500,control,02294491,03,0.5210593447521548,0.5115426097174669,0.6635303816313731,0.5775625064197061,0.6528992818671128,0.6426941985354752,-0.0102050833316376,False,0.14247103687921836,0.06601989670223918,
02133500,control,02382500,03,0.7987963018878743,0.8286735575727268,0.7972056999419829,0.8272287563781361,0.7974289012411858,0.797999482587482,0.0005705813462961,False,-0.0015906019458914455,-0.0014448011945906725,
02177000,control,02082506,03,0.8317918244751001,0.7937930577422222,0.8473306041692756,0.7969927673579055,0.8361297567017811,0.8264668940770339,-0.0096628626247472,False,0.015538779694175497,0.003199709615683277,
02196000,control,02341505,03,0.6586185641968356,0.5024842357750707,0.731438835980704,0.4864465560584347,0.6677915639637988,0.6559735466226454,-0.0118180173411533,False,0.0728202717838684,-0.016037679716636055,
02231600,control,02394000,03,0.45323418705814533,0.7127510854848293,0.4723462124587189,0.7224036411758563,0.4163468683318283,0.5857931501148682,0.1694462817830399,False,0.01911202540057355,0.009652555691026965,
02235000,control,02073000,03,-0.03376327429914472,0.45416701478298593,-0.031644134671770185,0.45498224916186814,-0.0615119022028143,-0.0367010217008556,0.0248108805019586,False,0.0021191396273745333,0.0008152343788822014,
02246000,control,02294650,03,0.8723810109778517,0.9110121439153994,0.86960554996493,0.9102445979615268,0.8687666875939162,0.8682001726388089,-0.0005665149551072,False,-0.0027754610129216983,-0.0007675459538726281,
02270500,control,02338000,03,0.7504332169895427,0.8522440069502903,0.748724977166767,0.8528910568342722,0.7493584974157639,0.7473385345486112,-0.0020199628671526,False,-0.0017082398227756812,0.0006470498839818983,
02298830,control,02334430,03,0.4397473548431171,0.7161601177948708,0.44058892210957246,0.7165991082531726,0.3607908689195309,0.7266814379640936,0.3658905690445626,False,0.0008415672664553453,0.0004389904583018689,
02321500,control,02488500,03,-0.26710143861692726,-0.013031062350107314,-0.28108177590314454,-0.013895503322143288,-0.3116770304186702,0.6018187611805739,0.913495791599244,False,-0.013980337286217281,-0.0008644409720359736,
02326000,control,02112250,03,0.5360479662183827,0.6291346075542783,0.5375885294731396,0.6298642732228882,0.51859495304981,0.6376542379074235,0.1190592848576135,False,0.0015405632547569326,0.0007296656686098801,
02342500,control,02337170,03,0.8215396842102209,0.868477156963964,0.8431751738846154,0.8595717771837429,0.8291650718463203,0.8253310570929694,-0.0038340147533508,False,0.021635489674394437,-0.008905379780221101,
02371500,control,02339500,03,0.8458649512596317,0.9022148606620608,0.8285242213230595,0.899474777212457,0.8451164961308248,0.8517271273271562,0.0066106311963313,False,-0.017340729936572208,-0.0027400834496037474,
02372250,control,02418500,03,0.7393533903800277,0.7976846480670869,0.7851142480453361,0.825119099864276,0.791797284144213,0.7753237167795513,-0.0164735673646617,False,0.04576085766530846,0.027434451797189063,
02373000,control,02102500,03,0.865432762590352,0.799734392546456,0.8654431042770068,0.8258134661924666,0.8673401002822919,0.8684519276534937,0.0011118273712017,False,1.0341686654813387e-05,0.026079073646010698,
02374500,control,02077500,03,0.7998518909439288,0.8108028712369016,0.7951262759664064,0.808398219557753,0.791616176729591,0.8002764368170165,0.0086602600874255,False,-0.004725614977522441,-0.002404651679148606,
02376500,control,02062500,03,0.7767937326775317,0.8530519913149635,0.7648064606253909,0.8462301936359902,0.7774509859874347,0.7822238080282278,0.0047728220407931,False,-0.011987272052140785,-0.006821797678973285,
02408540,control,02335450,03,0.7599125167019507,0.8009857658193936,0.7830028973700671,0.8170811760920677,0.7930110302998697,0.792506744508872,-0.0005042857909977,False,0.023090380668116417,0.016095410272674027,
02421000,control,02167000,03,0.780601002705847,0.77848354064384,0.7762956715147673,0.7727743118580903,0.7851185981838267,0.7902354129144388,0.005116814730612,False,-0.0043053311910796754,-0.005709228785749643,
02422500,control,02383500,03,0.7791016729574975,0.8229898383298465,0.8062978050506312,0.8220121212664697,0.7986725934795484,0.7934126344007291,-0.0052599590788193,False,0.02719613209313365,-0.0009777170633767929,
02430680,control,02094500,03,0.6817782244577919,0.677936966629971,0.6715421917114803,0.6697545854442628,0.6786169936058157,0.6719425741046947,-0.006674419501121,False,-0.010236032746311574,-0.008182381185708243,
02439400,control,02129000,03,0.8070022411527576,0.8668422833835134,0.7647314764432857,0.8691198539933372,0.8128623327947659,0.814924365900957,0.002062033106191,False,-0.042270764709472,0.002277570609823809,
02446500,control,02223500,03,0.5630039120184593,0.7712506940445216,0.4628989129673152,0.7293099619887227,0.617793263871724,0.7773454670132744,0.1595522031415505,False,-0.10010499905114412,-0.04194073205579896,
02462000,control,02085500,03,0.6379319972240471,0.8195563390056662,0.6830281043264546,0.830597021275213,0.6663913418392786,0.6691648432236861,0.0027735013844074,False,0.04509610710240741,0.011040682269546798,
02469800,control,02077303,03,0.8337399351770334,0.8645368052943716,0.8404650793025179,0.8736974763912265,0.8375568066297531,0.8345446326840774,-0.0030121739456756,False,0.006725144125484528,0.009160671096854922,
02472000,control,02466030,03,0.8063631454527013,0.7231405481448159,0.8148671914414962,0.7255281742381695,0.8088020149279618,0.8072730670306393,-0.0015289478973224,False,0.00850404598879495,0.002387626093353634,
02472500,control,02060500,03,0.7778958813301388,0.7500837756847271,0.7971571489846042,0.7568420034666694,0.7958494982180252,0.7935644144934423,-0.0022850837245829,False,0.019261267654465453,0.00675822778194235,
02479300,control,02066000,03,0.7438005066449891,0.8260059107665364,0.7328021979608383,0.8216798886396104,0.7427597662979875,0.8009448657260213,0.0581850994280338,False,-0.010998308684150748,-0.00432602212692601,
02479560,control,02161000,03,0.7683712718060935,0.7695273409551824,0.7565753945717366,0.7699193946484254,0.7720774807244906,0.7870500145203507,0.0149725337958601,False,-0.011795877234356933,0.00039205369324302186,
02481880,control,02462500,03,0.8629598977696389,0.8674603249446379,0.8490577361621403,0.8682449486317602,0.8576077678297498,0.8656951584305319,0.0080873906007821,False,-0.013902161607498575,0.0007846236871222878,
02482000,control,02197000,03,0.7792122105983532,0.880654145328988,0.7548804267753533,0.8694003961228011,0.7983127435648765,0.9079619917324162,0.1096492481675397,False,-0.02433178382299994,-0.011253749206186936,
02482550,control,02343801,03,0.7381454631139593,0.8323716976683029,0.7162189862298054,0.8224905855064727,0.7578327565819731,0.8865081640370601,0.128675407455087,False,-0.021926476884153945,-0.009881112161830186,
02484000,control,02336000,03,0.816544614050515,0.8692536348992934,0.8114639745726221,0.8655617741375781,0.8204759944307005,0.8308075347159809,0.0103315402852803,False,-0.005080639477892945,-0.0036918607617153487,
02060500,dam,,03,0.7779270038076803,0.8426110674010757,0.7088480232256547,0.7069924657677761,0.7815955665020746,0.7917824764592494,0.0101869099571747,False,-0.06907898058202566,-0.13561860163329964,-0.08834024823649111
02062500,dam,,03,0.8125743571410076,0.7994959046766267,0.7564188107742624,0.7047992992724069,0.8212567485745946,0.8201998938457411,-0.0010568547288535,False,-0.056155546366745135,-0.09469660540421976,-0.04416827431460435
02066000,dam,,03,0.8001014260060729,0.7747313272942242,0.7353520434788904,0.6987345705578218,0.79611115772139,0.8080700281402242,0.0119588704188342,False,-0.06474938252718254,-0.07599675673640238,-0.053751073843031794
02072000,dam,,03,0.042566911804326146,0.4530113859155458,0.3588791492738139,0.5268791905610788,-0.0007202900037159,0.3463503915295505,0.3470706815332665,True,0.3163122374694878,0.073867804645533,0.3170919646314766
02072500,dam,,03,0.18617787160575017,0.5622822142248662,0.4365899349465999,0.5988614264884227,0.1504939104504988,0.4397588907122318,0.289264980261733,False,0.25041206334084976,0.036579212263556427,0.2502734462560232
02073000,dam,,03,0.5112180643148946,0.7004584216688063,0.578926613053353,0.6877553936627241,0.4991345456053986,0.5095325869245309,0.0103980413191322,False,0.06770854873845844,-0.012703028006082251,0.06558940911108391
02074000,dam,,03,0.684060821354384,0.8041530575121584,0.7088986229148675,0.7854235797322854,0.6841378914474647,0.6729852556326987,-0.0111526358147659,False,0.02483780156048354,-0.018729477779872994,0.03366822344055764
02077303,dam,,03,0.6052637578340416,0.5668487206833714,0.6168905964018003,0.4924554913817404,0.5965361005464973,0.6556187954347836,0.0590826948882863,True,0.011626838567758702,-0.07439322930163106,0.004901694442274174
02077500,dam,,03,0.6873680002100222,0.7240639723369833,0.7517988314325164,0.743276338330553,0.7087114101976941,0.7358246509372995,0.0271132407396054,False,0.06443083122249416,0.01921236599356968,0.0691564462000166
02082506,dam,,03,0.6588230118616039,0.8093772388294871,0.6114921861666555,0.7977782978566552,0.6578053138950839,0.6779292941673677,0.0201239802722837,True,-0.0473308256949484,-0.011598940972831873,-0.0628696053891239
02085500,dam,,03,0.7169077426266556,0.6293060868718916,0.785987528665804,0.7174079294506854,0.7662986462509235,0.7294824924420822,-0.0368161538088412,True,0.06907978603914844,0.08810184257879383,0.023983678936741026
02094500,dam,,03,0.6707301095665601,0.5798064144073215,0.6986770917414662,0.5306486168383615,0.6932140597450146,0.6907729637617464,-0.0024410959832682,True,0.0279469821749061,-0.04915779756895999,0.03818301492121767
02102500,dam,,03,0.4245808483099055,0.6325130259900449,0.7566986928666255,0.8352589847032272,0.3749512089783331,0.6667547620812619,0.2918035531029288,False,0.33211784455672,0.20274595871318235,0.3321075028700652
02105769,dam,,03,0.4965650010791741,0.755721188773376,0.7203026450575521,0.8445103392947171,0.5403758377783301,0.8085048724841943,0.2681290347058642,True,0.22373764397837803,0.08878915052134106,0.22081093720652456
02112000,dam,,03,0.5693037168932329,0.7110553616598749,0.6791115917211608,0.7039942050516399,0.5460611272970634,0.6892995267716759,0.1432383994746126,False,0.10980787482792786,-0.007061156608235031,0.10996520173293345
02112250,dam,,03,0.7462384524780515,0.7924720150269785,0.7514799190393967,0.7669931602992353,0.734265401053271,0.7409652451900228,0.0066998441367518,False,0.005241466561345165,-0.02547885472774325,0.0037009033065882324
02129000,dam,,03,0.8160429607773957,0.828031138420745,0.809442305325403,0.7671188154972943,0.8268980320170287,0.8272766684863554,0.0003786364693266,False,-0.006600655451992732,-0.060912322923450724,0.035670109257479266
02161000,dam,,03,0.8460301835964553,0.7858421545251203,0.8555122418834342,0.7827991031291477,0.8470447083429433,0.8499102718275662,0.0028655634846228,False,0.0094820582869789,-0.003043051395972607,0.021277935521335833
02167000,dam,,03,0.734649456462058,0.6858341898926958,0.6851689846908491,0.6344888899215317,0.7349447889075055,0.7316104236119236,-0.0033343652955818,False,-0.049480471771208956,-0.051345299971164104,-0.04517514058012928
02169000,dam,,03,0.4668962685559006,0.6022929780669434,0.5033631847163722,0.5484123634556541,0.466042738500055,0.5064291209160103,0.0403863824159552,False,0.036466916160471596,-0.053880614611289235,0.05452149357251179
02169500,dam,,03,0.8370617011745676,0.7640572271736081,0.8367861168804152,0.7469125884204311,0.8391004133135167,0.8429277702438793,0.0038273569303626,False,-0.00027558429415242003,-0.017144638753177066,-0.002371644264253181
02197000,dam,,03,0.20314164115653988,0.5858983360474633,0.5319251041770321,0.6816872982197181,0.1978415394859226,0.5377742900322762,0.3399327505463535,True,0.3287834630204922,0.09578896217225474,0.35311524684349216
02223500,dam,,03,0.5001437193508376,0.6603179469881466,0.7886662279017952,0.6982303034942139,0.5435231745753044,0.789568328940544,0.2460451543652395,False,0.2885225085509576,0.03791235650606728,0.38862750760210174
02294491,dam,,03,0.459964200836246,0.6269736302830824,0.6066152622650755,0.6648085049316994,0.4527368278134149,0.6421260796139772,0.1893892518005622,True,0.14665106142882944,0.03783487464861701,0.004180024549611083
02294650,dam,,03,0.5749654442267325,0.7407571297306663,0.6664859218041213,0.7668308803206736,0.5661719554186158,0.6807587048322937,0.1145867494136779,False,0.09152047757738879,0.026073750590007272,0.09429593859031049
02315500,dam,,03,0.8342033589525294,0.7496171932501781,0.8350148041730754,0.7494421387758066,0.8342929850599577,0.8325019859060071,-0.0017909991539506,False,0.0008114452205459921,-0.00017505447437149435,-0.0060662153317115886
02334430,dam,,03,0.07497455985705193,0.39735669918787,0.21987105599910473,0.4155707208125937,0.0521527435826135,0.2069765681586906,0.154823824576077,True,0.1448964961420528,0.018214021624723742,0.14405492887559745
02335000,dam,,03,0.2404741250974437,0.5425390107339212,0.3580570770501892,0.5456103339437866,0.2284071883953172,0.3239655285349069,0.0955583401395896,False,0.11758295195274548,0.003071323209865362,0.0832520348086152
02335450,dam,,03,0.28949567577819524,0.4999147873686377,0.3773313112453639,0.4900742338760461,0.2810201686741048,0.313499504728377,0.0324793360542722,False,0.08783563546716866,-0.009840553492591608,0.06474525479905224
02336000,dam,,03,0.5014039671342772,0.6382906634135217,0.5634183357753353,0.6178462331486944,0.4989981690620011,0.3838153947509432,-0.1151827743110579,False,0.06201436864105814,-0.02044443026482734,0.06709500811895108
02336490,dam,,03,0.6312634004087869,0.6653851286465864,0.6555604004987414,0.6355982579389657,0.6346214018094081,0.6311805514204828,-0.0034408503889252,False,0.0242970000899545,-0.02978687070762065,0.03716492226817858
02337170,dam,,03,0.750586976877611,0.7867595707057744,0.749652069964813,0.7690531264422679,0.754010626822949,0.7538436860992757,-0.0001669407236732,False,-0.0009349069127979615,-0.017706444263506538,-0.0225703965871924
02338000,dam,,03,0.7890948464900842,0.7861326593952951,0.7555127536718731,0.7637460691022233,0.8003919272811235,0.797360786762173,-0.0030311405189504,False,-0.03358209281821112,-0.022386590293071773,-0.03187385299543544
02339500,dam,,03,0.5693076010458522,0.7304493778940147,0.6596195012978212,0.6653936642676785,0.5970329967058039,0.6898962806255253,0.0928632839197214,False,0.090311900251969,-0.06505571362633611,0.10765263018854121
02341505,dam,,03,0.6605511193304174,0.7391633453814448,0.686590127608758,0.6779635635525878,0.6760237340178705,0.6869246020032307,0.0109008679853601,False,0.026039008278340603,-0.06119978182885699,-0.046781263505527804
02343801,dam,,03,0.6676140750155349,0.7065656734226928,0.7186320552550438,0.7348263278489473,0.6908987496097054,0.731121386429376,0.0402226368196705,True,0.051017980239508876,0.028260654426254472,0.07294445712366282
02352500,dam,,03,0.5738346814512997,0.6846222663042205,0.6386700290883585,0.7051804296907824,0.6280080506203308,0.8239170115088974,0.1959089608885665,False,0.06483534763705878,0.020558163386561912,0.06300052675234247
02382500,dam,,03,0.19480307399494334,0.5811127248518195,0.30537468465939843,0.6141684620910051,0.1810107696709789,0.5234641544761344,0.3424533848051554,True,0.11057161066445509,0.033055737239185534,0.11216221261034653
02383500,dam,,03,0.7217988867383679,0.7693804668059336,0.7479516136972736,0.7782399752458595,0.7173682198946302,0.7563163682236238,0.0389481483289936,False,0.026152726958905692,0.00885950843992589,-0.0010434051342279593
02394000,dam,,03,-0.12076507624322907,0.30532164368194714,0.24876241257697773,0.4079959551485224,-0.1419734678085897,0.2971775738141942,0.4391510416227839,True,0.3695274888202068,0.10267431146657524,0.35041546341963326
02395980,dam,,03,0.42060470159820373,0.6486190767019722,0.5703032595086155,0.664504558567204,0.4095305109440684,0.4877077735773282,0.0781772626332597,False,0.14969855791041176,0.015885481865231865,0.17044654044221885
02418500,dam,,03,0.5208857125056738,0.6751932893675854,0.46858226921580304,0.6159391426460523,0.5296529388271529,0.5527331081778226,0.0230801693506697,False,-0.0523034432898708,-0.05925414672153306,-0.09806430095517926
02462500,dam,,03,0.7750442515867009,0.8196902056011606,0.7371465372972736,0.7609653095497635,0.7514207770577485,0.7464430209279848,-0.0049777561297637,True,-0.03789771428942723,-0.05872489605139708,-0.023995552681928656
02466030,dam,,03,0.7588401832596564,0.8763483666932003,0.8284440244521432,0.8869813424351329,0.7781830451651752,0.7948697997480938,0.0166867545829185,True,0.06960384119248675,0.010632975741932671,0.0610997952036918
02476600,dam,,03,0.720340348907831,0.7821710145720029,0.7048924744037421,0.749810289156929,0.709100869303249,0.7175971909921787,0.0084963216889296,False,-0.01544787450408891,-0.03236072541507384,-0.01127426969419576
02488500,dam,,03,0.824233215315356,0.8821823718618774,0.8593334136488561,0.8887399624427255,0.8329449347754186,0.8248752950204244,-0.0080696397549941,False,0.03510019833350009,0.006557590580848038,0.04908053561971737
04015330,control,04239000,04,0.7056324788224244,0.68911350729161,0.7060014896653064,0.6791760218585017,0.7026676322391586,0.7185988614503525,0.0159312292111938,False,0.0003690108428819894,-0.00993748543310835,
04025500,control,04170000,04,0.6729768940012248,0.7839871857452467,0.6749100032226107,0.7840076851796486,0.6754411099919446,0.6860457235383071,0.0106046135463624,False,0.001933109221385898,2.0499434401854977e-05,
04027000,control,04084500,04,0.8183382640291851,0.7829911662584448,0.8114724291863821,0.7809455369952909,0.8102029757425503,0.8216287533520041,0.0114257776094538,False,-0.006865834842803009,-0.002045629263153881,
04040500,control,04172000,04,0.6960875127053092,0.5143140659806884,0.6958392022700305,0.5134582762945294,0.6952173342419957,0.6603017261513832,-0.0349156080906125,False,-0.0002483104352787313,-0.0008557896861589587,
04057510,control,04062500,04,0.4019286980614598,0.530502562319555,0.41889579031154667,0.5301367235736036,0.4177420437819594,0.414949375851517,-0.0027926679304424,False,0.016967092250086857,-0.00036583874595130794,
04059500,control,04066003,04,0.6777511903059159,0.7755790213709214,0.6784920320502693,0.7721724558757875,0.6787938893450709,0.6808230310698612,0.0020291417247902,False,0.0007408417443534043,-0.003406565495133851,
04060993,control,04156000,04,0.8345719293012278,0.8838281204952542,0.8378761996897268,0.8896938571350858,0.8400969566762455,0.8415203528635053,0.0014233961872598,False,0.0033042703884990088,0.005865736639831587,
04063700,control,04232482,04,0.7741469978779435,0.7078849778546263,0.7737231230831869,0.705638719556918,0.7730077050253166,0.7745319918989039,0.0015242868735872,False,-0.00042387479475658463,-0.0022462582977083034,
04087120,control,04170500,04,0.7666708792300732,0.8033829717770578,0.7521260440092097,0.8015007558853745,0.7613720469595355,0.7628966603696546,0.0015246134101191,False,-0.014544835220863472,-0.0018822158916832477,
04096515,control,04240180,04,0.7419580559566756,0.6852004279896412,0.7524257316426417,0.6893272574058795,0.7558674688963197,0.7540071078420713,-0.0018603610542484,False,0.010467675685966071,0.00412682941623832,
04099510,control,04240010,04,0.8033373592928478,0.8692333112912689,0.7754085168635017,0.862100101746434,0.8034359939465032,0.8428237938283927,0.0393877998818894,False,-0.027928842429346123,-0.007133209544834873,
04112500,control,04063000,04,0.6912544618638496,0.7101556069664493,0.6606752443433876,0.7007797268297378,0.6818711744854479,0.7864791033537814,0.1046079288683334,False,-0.030579217520462,-0.009375880136711534,
04127918,control,04266500,04,0.5023720591956766,0.5557216577850839,0.5003964507885583,0.5546839394018337,0.4965409809201505,0.5117828543574492,0.0152418734372986,False,-0.001975608407118301,-0.0010377183832501746,
04181500,control,04101500,04,0.7421311251146661,0.8513434660088697,0.7289804320749926,0.8485121426218,0.7518907333958091,0.8453561395309179,0.0934654061351087,False,-0.013150693039673422,-0.0028313233870697063,
04186500,control,04040000,04,0.7366486921637811,0.707983104092976,0.7477306488530089,0.7285235431611452,0.760566476707916,0.7611101814272481,0.000543704719332,False,0.011081956689227734,0.02054043906816916,
04189000,control,04063500,04,0.7900640103220644,0.7439358373866392,0.798824412320641,0.762551675252932,0.8083609323890413,0.8042965324803799,-0.0040643999086613,False,0.008760401998576639,0.01861583786629284,
04196800,control,04148500,04,0.7936838512157499,0.8138853209496864,0.7988947116065586,0.8207316273766141,0.8031950481091366,0.8007478294403285,-0.002447218668808,False,0.005210860390808647,0.00684630642692774,
04197100,control,04258000,04,0.7177195178700055,0.7255212832850708,0.7376714778266684,0.7392866506347006,0.7198838117313819,0.7144786424309276,-0.0054051693004543,False,0.01995195995666288,0.013765367349629742,
04213000,control,04206000,04,0.4179644651427603,0.47008866327539856,0.6238702548162813,0.6151970434528657,0.4798584610216174,0.4676478514859506,-0.0122106095356667,False,0.20590578967352102,0.1451083801774672,
04221000,control,04069500,04,0.8391293077617537,0.8822360053254715,0.8311695213355812,0.8794872699922645,0.8384343092521199,0.8344218656984581,-0.0040124435536618,False,-0.007959786426172455,-0.002748735333207075,
04224775,control,04240300,04,0.7238572593231145,0.7648484422920229,0.7176254339275453,0.7595346918789795,0.7189729746287252,0.7177502199277077,-0.0012227547010175,False,-0.006231825395569213,-0.005313750413043383,
04231000,control,04034500,04,0.6962277347951329,0.8392206084938354,0.6945204752771061,0.8355032214071344,0.6982581205665466,0.7015628385087849,0.0033047179422383,False,-0.0017072595180267491,-0.003717387086700996,
04243500,control,01019000,04,0.7047862942609706,0.8481685615501822,0.7077384094800758,0.8489185685348799,0.7076137408520367,0.7222637542927919,0.0146500134407552,False,0.0029521152191052114,0.0007500069846977375,
04256000,control,01186000,04,0.8059260273957973,0.8812701405520954,0.806537420755638,0.8816476853896233,0.8036842525192518,0.7967247208091935,-0.0069595317100582,False,0.0006113933598406174,0.0003775448375279433,
04034500,dam,,04,0.18827603096548873,0.09684460085997726,0.18748107708442308,0.0960401488733944,0.1850786586721327,0.1853145726115884,0.0002359139394557,True,-0.000794953881065652,-0.0008044519865828548,0.0009123056369610971
04040000,dam,,04,0.7316800649452895,0.6746622937992073,0.7243392467963286,0.6703837859715445,0.7235105454939382,0.7299368259394239,0.0064262804454856,False,-0.007340818148960926,-0.004278507827662814,-0.01842277483818866
04062500,dam,,04,0.38452735594451093,0.5466858104082981,0.3884089443908195,0.5380032404534676,0.3782063551238718,0.5273833706498321,0.1491770155259603,True,0.0038815884463085926,-0.008682569954830521,-0.013085503803778264
04063000,dam,,04,0.5926334727069682,0.6242580111493715,0.5940544685765965,0.6208753996842595,0.6036013218196448,0.604391205519851,0.0007898837002062,False,0.0014209958696282943,-0.0033826114651119843,0.03200021339009029
04063500,dam,,04,0.5886427890833333,0.6227472233404054,0.590920316193146,0.6201678703009315,0.5999488254378127,0.6006484712675282,0.0006996458297154,True,0.0022775271098126604,-0.002579353039473986,-0.006482874888763979
04066003,dam,,04,0.8562249494018653,0.8437082301755591,0.8630957780446249,0.8462327710420439,0.864134568319548,0.8639040974640284,-0.0002304708555196,False,0.006870828642759563,0.0025245408664847924,0.006129986898406159
04069500,dam,,04,0.6092543650286466,0.6592145268987976,0.6237025327019385,0.6539928646159718,0.6186398994174908,0.6172455251242354,-0.0013943742932553,False,0.014448167673291934,-0.005221662282825723,0.02240795409946439
04084500,dam,,04,0.6736771253352283,0.7884357863590445,0.6043266019278459,0.7114301903319853,0.6685325353583148,0.6648019963460925,-0.0037305390122223,False,-0.06935052340738235,-0.07700559602705925,-0.06248468856457934
04101500,dam,,04,0.8831393801610112,0.8907093645281934,0.8860061920937977,0.8868875988940791,0.8722788121846059,0.8712695195663703,-0.0010092926182355,False,0.002866811932786484,-0.0038217656341142936,0.016017504972459906
04148500,dam,,04,0.6678257855039504,0.7511419834575991,0.6807468219223279,0.7508420986279625,0.6725423806998135,0.6699100292761508,-0.0026323514236626,False,0.012921036418377496,-0.0002998848296366097,0.007710176027568849
04156000,dam,,04,0.6301924038150448,0.7072612880518128,0.6427263473522287,0.7069308832339444,0.6359284763696278,0.6342761735099853,-0.0016523028596424,False,0.012533943537183845,-0.0003304048178683905,0.009229673148684836
04170000,dam,,04,0.7792665384773381,0.7527960076666397,0.7744308281388724,0.7519559028972816,0.7754988115735797,0.7785963568031408,0.003097545229561,True,-0.0048357103384656375,-0.0008401047693580299,-0.0067688195598515355
04170500,dam,,04,0.6654815895408406,0.694607138181563,0.6594334407875939,0.6926039802658429,0.6600418658281211,0.6832699679640502,0.023228102135929,True,-0.006048148753246663,-0.002003157915720144,0.00849668646761681
04172000,dam,,04,0.7702208638780521,0.8614677195597167,0.7596267791306419,0.8565762157640191,0.7623890989560953,0.8227432356665549,0.0603541367104596,False,-0.010594084747410193,-0.004891503795697583,-0.010345774312131462
04206000,dam,,04,0.8054906331849337,0.8712952731673441,0.8225148252519454,0.8864287080216524,0.8151106113014128,0.8273186335421857,0.0122080222407728,False,0.017024192067011668,0.015133434854308292,-0.18888159760650935
04232482,dam,,04,0.5081842708755786,0.5910193885440207,0.5143294549461169,0.5910681186569262,0.5113563111096806,0.5059105721439356,-0.0054457389657449,True,0.006145184070538323,4.87301129055151e-05,0.006569058865294908
04239000,dam,,04,0.6827064757111719,0.6897723490202494,0.679392895932234,0.7256558786043785,0.6788947835180343,0.701600667778034,0.0227058842599996,True,-0.0033135797789379806,0.035883529584129104,-0.00368259062181997
04240010,dam,,04,0.7820268916472314,0.8594479480745505,0.7599379579708797,0.8715887863312851,0.7814253940607476,0.7946605050858773,0.0132351110251296,True,-0.022088933676351674,0.01214083825673462,0.005839908752994449
04240180,dam,,04,0.614925031582582,0.7331962055429246,0.6247370467652273,0.7342493796145686,0.6142009979196933,0.6606497468800001,0.0464487489603068,True,0.009812015182645295,0.0010531740716439586,-0.0006556605033207763
04240300,dam,,04,0.739588064428378,0.8396504114536186,0.7402479607739787,0.8398919769683013,0.7360819595714665,0.7422926277300125,0.0062106681585459,False,0.0006598963456007079,0.0002415655146826845,0.0068917217411699205
04258000,dam,,04,0.3319735362932813,0.6039584343815908,0.3203756686789012,0.5862112121898528,0.3324851892570797,0.3115096362459617,-0.0209755530111179,False,-0.011597867614380086,-0.017747222191737966,-0.031549827571042965
04266500,dam,,04,0.8651708256614689,0.9049602664456576,0.8668766643346952,0.9060654906620644,0.8660620605203708,0.8614129264413831,-0.0046491340789877,True,0.0017058386732263786,0.0011052242164067971,0.0036814470803446797
03007800,control,01183500,05,0.8076455843029893,0.8700795926265663,0.8123103154425637,0.8663398880096045,0.8096365638557148,0.8077777754818897,-0.0018587883738251,False,0.004664731139574441,-0.0037397046169618253,
03010655,control,01173000,05,0.8388080556111811,0.8888398163641779,0.8327408051140154,0.8846694166831809,0.8385637509592981,0.8279859218210986,-0.0105778291381994,False,-0.0060672504971657215,-0.004170399680996972,
03020500,control,03247500,05,0.84450256343679,0.8680999551365529,0.8549803706914112,0.8799145118120458,0.8559283018767995,0.8527674238677981,-0.0031608780090013,False,0.010477807254621219,0.011814556675492915,
03034000,control,01049500,05,0.563183751730726,0.6262227781685662,0.6796817743741859,0.7040109154667908,0.6612131496300294,0.6497590639301871,-0.0114540856998422,False,0.11649802264345988,0.07778813729822465,
03042000,control,01208500,05,0.8251066384497278,0.7932903646107538,0.8300044916283847,0.7973515013222625,0.8294823179441875,0.8233050984409934,-0.006177219503194,False,0.004897853178656986,0.0040611367115087615,
03045000,control,01022500,05,0.8130197533029918,0.8625718128933664,0.8077484362493126,0.8553865025763292,0.8118439531352261,0.8099344712344655,-0.0019094819007605,False,-0.005271317053679225,-0.007185310317037175,
03053500,control,03225500,05,0.8855173492308533,0.8958301690807363,0.8725011179957323,0.9109642287424891,0.8838866337815102,0.8853942485069027,0.0015076147253925,False,-0.013016231235121078,0.015134059661752741,
03070500,control,01129200,05,0.8313541159046592,0.8389016425737931,0.8168267909600686,0.8298483524502962,0.8255210263904343,0.8271788386035128,0.0016578122130784,False,-0.014527324944590636,-0.009053290123496871,
03079000,control,03197000,05,0.8380605084530837,0.8106075564769323,0.836676979010886,0.8121613594696906,0.839640644754891,0.8354258372131853,-0.0042148075417056,False,-0.0013835294421976618,0.001553802992758313,
03106000,control,03221000,05,0.8590334163559943,0.8775238811033428,0.8606187817373682,0.8924196279651497,0.8654687875459751,0.8612360417957791,-0.004232745750196,False,0.0015853653813738822,0.014895746861806947,
03117500,control,01168500,05,0.8331169585788858,0.9157912332215384,0.8170727694893486,0.908477251804658,0.8214839315240362,0.8493872212590431,0.0279032897350068,False,-0.016044189089537197,-0.007313981416880444,
03118500,control,03353500,05,0.7616261696159993,0.7261600743569734,0.7692829524621425,0.7313492606524495,0.7721294782861059,0.7651340373178345,-0.0069954409682714,False,0.00765678284614324,0.005189186295476156,
03139000,control,03171000,05,0.7933589651258935,0.830199743578675,0.7797928065280346,0.8255213938565102,0.7908713833759144,0.8245408783847636,0.0336694950088491,False,-0.013566158597858924,-0.004678349722164743,
03144000,control,03232500,05,0.7983547183325195,0.7768022667447181,0.8014076485742145,0.78993169963783,0.803101052991657,0.795973444415496,-0.007127608576161,False,0.003052930241695062,0.01312943289311197,
03161000,control,03209000,05,0.7293193659164066,0.7768140366736072,0.858252028955977,0.855128898742323,0.7650087210597039,0.7531098897474942,-0.0118988313122097,False,0.1289326630395704,0.07831486206871585,
03170000,control,03203600,05,0.7420450741754465,0.7391523453928583,0.7873597101808418,0.7555572831505509,0.7827375090955591,0.7762408016789286,-0.0064967074166304,False,0.045314636005395315,0.016404937757692584,
03173000,control,03360000,05,0.8022666490224336,0.8075635099005014,0.8092011696709903,0.7898933037099616,0.8200041391136368,0.8160308874982989,-0.0039732516153379,False,0.006934520648556708,-0.017670206190539828,
03190400,control,03081000,05,0.774524476149141,0.8739517566272383,0.7370293523028084,0.8545385621679807,0.7637765942440422,0.7955027269067473,0.031726132662705,False,-0.03749512384633258,-0.0194131944592576,
03194700,control,01188090,05,0.7952824589072091,0.83279806303257,0.835912136181121,0.8560107648417327,0.8253071554584549,0.8193805097972175,-0.0059266456612373,False,0.04062967727391198,0.023212701809162684,
03202750,control,03228805,05,0.7138285854479187,0.6734854724531936,0.8166552282679514,0.767461903070922,0.8337977237258967,0.8287143338232665,-0.0050833899026301,False,0.10282664282003273,0.09397643061772842,
03207800,control,03270000,05,0.8277304371159644,0.9141516681090078,0.8297369821428511,0.8962877628876061,0.8326269287901199,0.8353031680763892,0.0026762392862692,False,0.002006545026886686,-0.017863905221401688,
03208500,control,03229500,05,0.8123207016539183,0.8148424740147165,0.8067517198460887,0.8223594285669528,0.8104466623291725,0.8076535554249723,-0.0027931069042002,False,-0.005568981807829609,0.007516954552236221,
03219500,control,03320000,05,0.7042894889360711,0.8416566004429206,0.6897151938709705,0.8367890327150066,0.720029740671551,0.8679851756286133,0.1479554349570623,False,-0.014574295065100662,-0.004867567727913968,
03220000,control,03042500,05,0.7156388203642585,0.5527221956070238,0.7128812686270267,0.5635860672513159,0.7186954544535071,0.721368025625717,0.0026725711722098,False,-0.0027575517372318004,0.010863871644292034,
03230500,control,03025500,05,0.8327739980526239,0.8337075004424637,0.8375272453113198,0.8366636100688781,0.8132032414528206,0.8098026879837869,-0.0034005534690337,False,0.0047532472586959695,0.0029561096264144604,
03237500,control,03192000,05,0.7286988467950611,0.7350662970801278,0.7317759606474896,0.7490740220584146,0.7452992011805581,0.7424838634588435,-0.0028153377217146,False,0.0030771138524284813,0.014007724978286729,
03275000,control,03075070,05,0.8306785610260587,0.8110448423197041,0.8387377812901576,0.8175973096104225,0.8240063753285085,0.8160771195930712,-0.0079292557354373,False,0.008059220264098887,0.006552467290718456,
03280700,control,03042280,05,0.6895984672196649,0.7374242053664112,0.6713037313871915,0.725563478351041,0.678761284325317,0.6924459513411656,0.0136846670158485,False,-0.01829473583247343,-0.01186072701537022,
03281500,control,03036500,05,0.7415355343276446,0.8335398201561617,0.8645361544010074,0.896764648118072,0.808302210074236,0.8021842839542366,-0.0061179261199993,False,0.12300062007336277,0.06322482796191031,
03294000,control,03228500,05,0.7609997669829005,0.6734353962370085,0.7594021432720885,0.6592279589075579,0.7672350572437855,0.7680752379786643,0.0008401807348787,False,-0.0015976237108119573,-0.014207437329450623,
03300400,control,03270500,05,0.7074234716335936,0.7297064784558179,0.8148251129365809,0.7923307864959035,0.745600957895516,0.7306841273414828,-0.0149168305540331,False,0.10740164130298724,0.06262430804008556,
03302800,control,03281000,05,0.8079027761968604,0.7670935641774035,0.782670630715258,0.7770122949057644,0.809180821751023,0.8075782484214689,-0.0016025733295541,False,-0.025232145481602353,0.009918730728360914,
03303000,control,03176500,05,0.779650026455073,0.680725823562258,0.8159041792538089,0.7488963727431478,0.8230400105883184,0.8161853035896874,-0.0068547069986309,False,0.036254152798735895,0.06817054918088983,
03324000,control,03102850,05,0.8336221417195492,0.8048604472599233,0.8388751706735491,0.8105867063567834,0.8368282124351419,0.8349819774930077,-0.0018462349421342,False,0.0052530289539999275,0.005726259096860087,
03324300,control,03129000,05,0.7368538489483637,0.7156393058343213,0.741261568744122,0.7366754835788335,0.7519416391967509,0.7528820295264022,0.0009403903296512,False,0.004407719795758269,0.021036177744512163,
03329700,control,03216500,05,0.8294133626523164,0.7537407205205744,0.8411207839979877,0.7641768339728554,0.8441286204236087,0.8387231844818948,-0.0054054359417139,False,0.011707421345671376,0.010436113452281015,
03334500,control,03352500,05,0.8754665449659781,0.8535668578976306,0.8692804496123999,0.8511931825606672,0.8763003515291695,0.8760107058125008,-0.0002896457166686,False,-0.006186095353578169,-0.002373675336963421,
03339500,control,03284000,05,0.8584986855855932,0.8774084352790273,0.8548367591084842,0.8803187366932914,0.8604423384905673,0.8613079661602604,0.0008656276696931,False,-0.0036619264771089455,0.0029103014142640715,
03346000,control,03030500,05,0.8203595957163075,0.7931893568607599,0.8299195404193578,0.8015689911697286,0.8305637213839633,0.8194672424529956,-0.0110964789309676,False,0.009559944703050327,0.008379634308968709,
03353800,control,03375500,05,0.8567300742461195,0.9082360079453045,0.8471419810879738,0.9033504527337824,0.8578538951381129,0.853298816231989,-0.0045550789061239,False,-0.009588093158145683,-0.004885555211522008,
03358000,control,03272000,05,0.8400550892808865,0.8868165595801705,0.8282438840875518,0.8857241065466419,0.8395477651147685,0.8483133743130478,0.0087656091982792,False,-0.011811205193334673,-0.001092453033528562,
03362500,control,03274000,05,0.8173192976745881,0.8334420706924184,0.8082910770819154,0.8335475996536108,0.8360307027492271,0.8388065858351788,0.0027758830859516,False,-0.00902822059267272,0.00010552896119242483,
03363500,control,03266000,05,0.8478695524169476,0.8223076099972841,0.8480664369021308,0.8219453067222003,0.8482610274922108,0.8460553189835812,-0.0022057085086295,False,0.0001968844851831797,-0.00036230327508379734,
03363900,control,03185400,05,0.8009684953825156,0.7972461570980955,0.8032733952470039,0.7982772676040233,0.8063479486867191,0.8001349728287065,-0.0062129758580126,False,0.002304899864488341,0.0010311105059277459,
03366500,control,03094000,05,0.744787087149311,0.7628966807730917,0.7152719098735101,0.7528146477616955,0.7496400546147464,0.7527215290420798,0.0030814744273334,False,-0.029515177275800886,-0.010082033011396208,
03378000,control,03091500,05,0.782021865842488,0.8249928450082437,0.7802612820876598,0.8251998852722996,0.7845779825354697,0.8210696246568631,0.0364916421213933,False,-0.0017605837548282377,0.00020704026405593545,
03432350,control,03014500,05,0.9029852923467522,0.8981388972287451,0.8900505247925542,0.8949185578721511,0.9021553315742172,0.9053038990862812,0.0031485675120641,False,-0.012934767554197979,-0.0032203393565939376,
03433500,control,03325000,05,0.841839671668545,0.8919714784766005,0.8934053137451401,0.9235003405432165,0.886931234423275,0.8819231943222425,-0.0050080401010325,False,0.051565642076595086,0.03152886206661598,
03434500,control,03193000,05,0.8466581768588571,0.8729821430438561,0.9173487249735817,0.9385131429535746,0.8887047486327734,0.8816328912788369,-0.0070718573539364,False,0.07069054811472453,0.06553099990971845,
03014500,dam,,05,0.7083429718680825,0.7837808432357218,0.7092951924916298,0.7796985681004219,0.7068560364362345,0.7492257151912185,0.0423696787549839,True,0.000952220623547273,-0.0040822751352999065,0.013886988177745252
03025500,dam,,05,0.7954069269243021,0.8898867291381309,0.8411944462635116,0.9111657677477071,0.7868679228773392,0.8698808990543885,0.0830129761770492,False,0.04578751933920944,0.02127903860957614,0.04103427208051347
03030500,dam,,05,0.8692108555966285,0.9173189780064118,0.8758312873293858,0.9221638103925928,0.8697404613077879,0.8658325168355508,-0.003907944472237,True,0.0066204317327572815,0.004844832386180942,-0.0029395129702930456
03036500,dam,,05,0.8618457653605656,0.9189139692255504,0.8909200087845354,0.9405133628099984,0.8598036959864179,0.8689642526482385,0.0091605566618205,True,0.029074243423969803,0.021599393584448068,-0.09392637664939296
03042280,dam,,05,0.8086159173513727,0.820841816429046,0.7992512728755702,0.8150452746209781,0.8039123404486397,0.791010079856501,-0.0129022605921387,True,-0.009364644475802542,-0.005796541808067879,0.008930091356670888
03042500,dam,,05,0.8032586193577093,0.8270330962842727,0.8013731575074876,0.8281913660302143,0.8139276418388977,0.8022610297989379,-0.0116666120399597,False,-0.001885461850221648,0.0011582697459415758,0.0008720898870101523
03075070,dam,,05,0.8496580902629265,0.9058685251734832,0.8735898996615702,0.9101030371082461,0.8546678710351743,0.8534905054090012,-0.001177365626173,False,0.0239318093986437,0.004234511934762986,0.015872589134544812
03081000,dam,,05,0.7513945638246649,0.8064732915605641,0.8105314359475286,0.8587533995519891,0.7373492971449915,0.782670786625788,0.0453214894807965,False,0.05913687212286378,0.05228010799142502,0.09663199596919636
03091500,dam,,05,0.5538734877089705,0.6229061407702002,0.5448103860420056,0.6009044504801598,0.5523522997124718,0.5645159876026908,0.012163687890219,True,-0.00906310166696489,-0.0220016902900404,-0.007302517912136652
03094000,dam,,05,0.7017625691044156,0.8520093848874403,0.743290238976022,0.8480812616648135,0.6950435186806698,0.7686344470770693,0.0735909283963994,False,0.04152766987160639,-0.0039281232226268115,0.07104284714740727
03102850,dam,,05,0.7970943167128242,0.8249875094639835,0.8100851833875704,0.8211924355352418,0.8007064443241694,0.7962966720861996,-0.0044097722379697,False,0.012990866674746249,-0.003795073928741677,0.007737837720746321
03129000,dam,,05,0.7868942798954235,0.8742773992908528,0.8083553662536328,0.8823640730137204,0.7807472204729595,0.8338815468980584,0.0531343264250988,False,0.021461086358209314,0.008086673722867643,0.017053366562451044
03171000,dam,,05,0.8028086482382734,0.8044216797964364,0.7734032135593841,0.7878651150610225,0.8171435626238649,0.8152744480745959,-0.0018691145492689,False,-0.02940543467888923,-0.016556564735413892,-0.015839276081030307
03176500,dam,,05,0.8664525581781727,0.8456809710423343,0.855523569074288,0.834305606561016,0.8726321365922094,0.8715130386543095,-0.0011190979378998,False,-0.010928989103884734,-0.011375364481318262,-0.04718314190262063
03185400,dam,,05,0.8706825752631565,0.8877954799783523,0.8873641992329678,0.8846028983577829,0.8790246058196846,0.87265095830308,-0.0063736475166045,False,0.01668162396981132,-0.003192581620569346,0.01437672410532298
03192000,dam,,05,0.684183483412754,0.7992367693850657,0.7409584010843135,0.8245208690231041,0.6542858866724449,0.7434107638490777,0.0891248771766327,False,0.05677491767155951,0.02528409963803835,0.05369780381913103
03193000,dam,,05,0.8829504616268681,0.9037344197806856,0.8886829773107962,0.8980768862928818,0.8806394685703898,0.8857062313326031,0.0050667627622132,False,0.005732515683928074,-0.005657533487803734,-0.06495803243079645
03197000,dam,,05,0.7379629361942999,0.8133030012660137,0.8158158291513296,0.8292883667019793,0.7603105000721635,0.764701788733633,0.0043912886614695,False,0.07785289295702968,0.015985365435965515,0.07923642239922735
03203600,dam,,05,0.6920802816338074,0.8445413080765856,0.7192885085977327,0.8483705964695472,0.6651151356303737,0.7480677493947582,0.0829526137643844,False,0.02720822696392533,0.003829288392961594,-0.018106409041469984
03209000,dam,,05,0.4454961807986776,0.6767928765149895,0.4998189680243187,0.6895762082108482,0.402497744073928,0.4857600073800073,0.0832622633060793,True,0.0543227872256411,0.012783331695858657,-0.0746098758139293
03216500,dam,,05,0.7926055767194515,0.75070090472437,0.7769924476312715,0.7281926162604297,0.7928843692042964,0.7901060663642309,-0.0027783028400655,False,-0.015613129088180022,-0.022508288463940263,-0.027320550433851398
03221000,dam,,05,0.8429449165974103,0.8606939993450471,0.8520169051879359,0.8693352170737046,0.860570125653337,0.8811608881160882,0.0205907624627511,True,0.009071988590525604,0.008641217728657558,0.0074866232091517215
03225500,dam,,05,0.2974734190382099,0.5937916059875509,0.3180079429401147,0.6430564238385754,0.3210062416585836,0.3876754078457983,0.0666691661872147,True,0.0205345239019048,0.049264817851024545,0.03355075513702588
03228500,dam,,05,0.6786486390413885,0.7647157843917218,0.6598957027123111,0.7216334797362065,0.6768219294461106,0.6868737165646479,0.0100517871185372,True,-0.018752936329077374,-0.043082304655515324,-0.017155312618265417
03228805,dam,,05,-0.1108765852989877,0.31701740663610245,0.07009701333289409,0.2997598201975529,-0.1009062200851742,0.1079442370163132,0.2088504571014875,True,0.18097359863188178,-0.017257586438549577,0.07814695581184905
03229500,dam,,05,0.7643041957648329,0.780135868611779,0.7747425803676857,0.7637325498463245,0.7558032782401266,0.7503618650773688,-0.0054414131627578,False,0.010438384602852846,-0.016403318765454422,0.016007366410682455
03232500,dam,,05,0.7462413021307007,0.8470647196805414,0.7264096810604136,0.8222416378113686,0.7504290078879967,0.7453425492058091,-0.0050864586821876,True,-0.01983162107028713,-0.024823081869172814,-0.022884551311982193
03247500,dam,,05,0.5354592831653047,0.6720969346292482,0.5654019897998901,0.6421027208895207,0.5558254284185454,0.551965481124209,-0.0038599472943364,False,0.029942706634585425,-0.02999421373972755,0.019464899379964207
03266000,dam,,05,0.725066932188058,0.8201474240006832,0.808775274244024,0.8328258541547999,0.7512813141064477,0.7908189570845117,0.0395376429780639,True,0.083708342055966,0.012678430154116738,0.08351145757078282
03270000,dam,,05,0.8646331825169139,0.9123429120224952,0.8363046399671581,0.8930382583161262,0.8712167723541078,0.8725220788592338,0.001305306505126,True,-0.02832854254975581,-0.019304653706369024,-0.030335087576642494
03270500,dam,,05,0.8316109847675128,0.9139738212789759,0.8893026580108612,0.9323232275695015,0.8653770877075703,0.8758509237941031,0.0104738360865328,False,0.05769167324334834,0.018349406290525616,-0.0497099680596389
03272000,dam,,05,0.8300417617564944,0.9118198157274862,0.84343464180245,0.8975591121510716,0.8344251417186003,0.840329077030312,0.0059039353117117,True,0.013392880045955624,-0.014260703576414513,0.025204085239290297
03274000,dam,,05,0.8776059235131575,0.934086221760275,0.9103191985240981,0.9439640039364264,0.8622474781772071,0.8605084707993987,-0.0017390073778084,False,0.03271327501094068,0.009877782176151428,0.0417414956036134
03281000,dam,,05,0.626279976717711,0.7434354904347052,0.6688730959708289,0.8265555222997911,0.6236220967399062,0.7230280514745131,0.0994059547346069,False,0.04259311925311793,0.08312003186508587,0.06782526473472028
03284000,dam,,05,0.8532540883914737,0.8932138604164611,0.8129616378204731,0.8229684284141124,0.8401406873846351,0.8589268080666247,0.0187861206819895,True,-0.040292450571000504,-0.07024543200234867,-0.03663052409389156
03320000,dam,,05,0.7311415796223727,0.8320589843508059,0.8116258526356089,0.8716133049213669,0.7454256355189386,0.8128360393769225,0.0674104038579839,True,0.08048427301323624,0.039554320570560964,0.0950585680783369
03325000,dam,,05,0.5073579248618088,0.7472122907079137,0.5845309743822219,0.7809334474859454,0.4867698694953537,0.6594982534865096,0.1727283839911558,False,0.07717304952041315,0.03372115677803167,0.025607407443818064
03352500,dam,,05,0.8960371111243003,0.8972997341406994,0.894039090290402,0.8895062106921282,0.9047481773149556,0.8998359304052292,-0.0049122469097264,False,-0.0019980208338983285,-0.007793523448571205,0.004188074519679841
03353500,dam,,05,0.8327863339307137,0.8611886788594527,0.7277721499072178,0.7661509617612832,0.8323680252727605,0.8355773175917283,0.0032092923189677,True,-0.10501418402349583,-0.09503771709816955,-0.11267096686963907
03360000,dam,,05,0.8349778909083964,0.9062111605796956,0.8190916791649591,0.8922844118525711,0.8360039695774037,0.8394039460194612,0.0033999764420574,False,-0.015886211743437295,-0.013926748727124516,-0.022820732391994003
03375500,dam,,05,0.5595363136725902,0.7065558803167656,0.5702742403930181,0.6548836804689606,0.5575321170138077,0.564702997779887,0.0071708807660793,False,0.010737926720427948,-0.05167219984780502,0.02032601987857363
03460000,control,03504000,06,0.743255053506914,0.8085557179976248,0.7344492845900675,0.8031412364443511,0.7358349185894485,0.740440186452086,0.0046052678626374,False,-0.00880576891684648,-0.005414481553273731,
03465500,control,01053500,06,0.8531294795392607,0.8325490169665895,0.7867425981113212,0.7776556858802914,0.836066638309023,0.8375093968859458,0.0014427585769228,False,-0.06638688142793947,-0.054893331086298014,
03524000,control,01049000,06,0.8739345692820406,0.9323533968150668,0.8559645899968608,0.9141420391082533,0.878110943877432,0.8791780063123835,0.0010670624349514,False,-0.01796997928517985,-0.01821135770681348,
03528000,control,01205500,06,0.8669106247182737,0.8805128929841036,0.8509686136941481,0.8523502188565053,0.8934010324967518,0.8893507831050693,-0.0040502493916825,False,-0.015942011024125624,-0.02816267412759832,
03504000,dam,,06,0.7958675792729537,0.8585079061758765,0.7340850284297734,0.7989978024107421,0.8030192817540408,0.7976540303960713,-0.0053652513579695,True,-0.061782550843180295,-0.059510103765134326,-0.052976781926333816
05399500,control,05578500,07,0.7180971138510034,0.6946024141218304,0.7473112641667157,0.7252604616546867,0.749327825994612,0.7431419414636342,-0.0061858845309777,False,0.029214150315712284,0.03065804753285628,
05408000,control,05245100,07,0.6946919938324106,0.6737329299078045,0.6920893703998291,0.656500295642241,0.6974058009341526,0.6996942674506197,0.002288466516467,False,-0.0026026234325815523,-0.01723263426556354,
05410490,control,05464500,07,0.38929023703232357,0.665306617887215,0.04459365847461261,0.5402269660169335,0.217266202156491,0.6648359213924786,0.4475697192359875,False,-0.34469657855771096,-0.12507965187028147,
05413500,control,05391000,07,0.6306984684913425,0.7433742609735281,0.6441233793548513,0.7774066003264848,0.6471060787772717,0.6494670651608834,0.0023609863836117,False,0.013424910863508832,0.034032339352956686,
05439500,control,05592100,07,0.7672216325033395,0.8410445725279014,0.7738138824730136,0.8365262928435537,0.752830136675957,0.7534097889144222,0.0005796522384652,False,0.006592249969674113,-0.0045182796843477036,
05447500,control,05404000,07,0.7784092876993859,0.8426899285931331,0.7745431398054814,0.840859642985792,0.7996337120342809,0.8123709568892448,0.0127372448549638,False,-0.0038661478939044924,-0.001830285607341109,
05449500,control,05356500,07,0.6863085380335496,0.6550848575136836,0.6736016845513035,0.65154618931541,0.6914790720185685,0.7297261716271798,0.0382470996086112,False,-0.012706853482246094,-0.0035386681982736423,
05455500,control,05455700,07,0.7979595824196415,0.8376764276439153,0.7861557807534612,0.8370987252813676,0.8079628506034259,0.814491954016077,0.0065291034126511,False,-0.011803801666180336,-0.0005777023625476163,
05463000,control,05573540,07,0.7755061806918478,0.8229310831410321,0.768812641404719,0.822130941302444,0.783870701640729,0.7889896170082387,0.0051189153675096,False,-0.006693539287128791,-0.0008001418385881198,
05466500,control,05360500,07,0.7467730522539942,0.7972804428987702,0.7403123358453501,0.8122078230639874,0.7567017240313139,0.7602085805438328,0.0035068565125189,False,-0.006460716408644096,0.014927380165217219,
05473400,control,05398000,07,0.7695519440492498,0.7356273615699421,0.7686710549355835,0.743937958894664,0.766062092909426,0.7634136012439976,-0.0026484916654283,False,-0.0008808891136662389,0.008310597324721836,
05481950,control,05476000,07,0.8020180793782563,0.8555964187806755,0.7729817253104192,0.8520189349149736,0.8358294073995551,0.842258150278314,0.0064287428787588,False,-0.02903635406783711,-0.0035774838657018915,
05482300,control,05465000,07,0.8026051310725179,0.8091002211373357,0.7960771224829788,0.8066405688057108,0.8052099406245227,0.8057907494362686,0.0005808088117459,False,-0.006528008589539058,-0.0024596523316249286,
05486000,control,05484000,07,0.7421180089525494,0.8629650055206853,0.7302994112689508,0.8558044332053589,0.7562293094274924,0.7638329221207938,0.0076036126933013,False,-0.011818597683598608,-0.007160572315326408,
05486490,control,05454500,07,0.7892458423013694,0.7567321084962875,0.8297929936036728,0.7946937836879712,0.771325527989893,0.7686532959187555,-0.0026722320711374,False,0.04054715130230335,0.0379616751916837,
05487470,control,05593000,07,0.7199729089688591,0.5937361044151956,0.7366825937480308,0.601043266435459,0.7003440835945147,0.6952689209531042,-0.0050751626414105,False,0.016709684779171674,0.00730716202026338,
05487980,control,05356000,07,0.687059163505005,0.6679827250369825,0.7464135652662762,0.7194586454427165,0.7154312269535889,0.7118146472079159,-0.0036165797456729,False,0.05935440176127127,0.05147592040573401,
05489000,control,05292000,07,0.6769037030342393,0.7727826151032495,0.683225430228428,0.7963481460866526,0.7036023522676218,0.7099337838138534,0.0063314315462316,False,0.006321727194188664,0.023565530983403082,
05495500,control,05592000,07,0.8022527978951136,0.7299545925990939,0.7970609792158155,0.7313201349747325,0.806279570978972,0.8056556373943727,-0.0006239335845992,False,-0.005191818679298077,0.0013655423756385732,
05516500,control,05597000,07,0.7902970819950914,0.8293009280838196,0.778714372589209,0.8218871754042265,0.7892083630521259,0.7981759486656582,0.0089675856135322,False,-0.011582709405882463,-0.0074137526795931,
05517000,control,05369000,07,0.7752401617094112,0.8337860107384844,0.7424695396302243,0.8155321112701501,0.7792273896368939,0.8251425517365685,0.0459151620996746,False,-0.032770622079186906,-0.018253899468334223,
05524500,control,05382000,07,0.9004033252164861,0.8853621001745704,0.8959709101793202,0.8856685667727053,0.9022411848577452,0.9045436258787024,0.0023024410209571,False,-0.00443241503716596,0.0003064665981349357,
05525000,control,05400760,07,0.895752850746131,0.9067648402834234,0.8880896690862754,0.9031176677543902,0.8975793976731784,0.8994854751256401,0.0019060774524617,False,-0.007663181659855578,-0.003647172529033238,
05528000,control,05483600,07,0.849362159000191,0.7623384708291121,0.8454659229465532,0.7640217168032812,0.8522098011225179,0.8548474196556888,0.0026376185331709,False,-0.0038962360536377583,0.0016832459741691341,
05554500,control,05594100,07,0.8264395570037886,0.7841016504047953,0.8227225563646916,0.7810577452173582,0.8257297717845653,0.8266758564333074,0.0009460846487421,False,-0.003717000639096968,-0.003043905187437135,
05245100,dam,,07,0.7218593345541173,0.6468383854351896,0.7232673908662896,0.6476990111760467,0.7234650568046086,0.7126405358765011,-0.0108245209281074,False,0.0014080563121722234,0.0008606257408571016,0.004010679744753776
05292000,dam,,07,0.5905461541012047,0.7412933239419928,0.6078459345450005,0.7406412411634599,0.5612155068273434,0.7779232267142691,0.2167077198869256,True,0.017299780443795765,-0.0006520827785329031,0.0109780532496071
05356000,dam,,07,0.4634888078670528,0.5287168785584558,0.44962259302730967,0.5004929881901288,0.4625548071146306,0.3837845631105248,-0.0787702440041058,True,-0.013866214839743152,-0.028223890368327065,-0.07322061660101442
05356500,dam,,07,0.7625819024200933,0.803136689153251,0.7530201875242282,0.8024829202397851,0.7613674240409737,0.7729655892347638,0.01159816519379,False,-0.009561714895865103,-0.000653768913465913,0.003145138586380991
05360500,dam,,07,0.8382483139022746,0.8378505224516369,0.8677598781189626,0.8421568854940372,0.8245724538433163,0.8211637448323621,-0.0034087090109542,True,0.02951156421668799,0.004306363042400285,0.03597228062533209
05369000,dam,,07,0.7458079319764364,0.8377251098963652,0.7515118848226394,0.8393022539542212,0.7408719778351218,0.754744472433011,0.0138724945978891,True,0.005703952846203064,0.001577144057856028,0.03847457492538997
05382000,dam,,07,0.7174758479442711,0.8021305340996363,0.6438506495864558,0.7722825167400541,0.7372994545240734,0.8259138028102675,0.088614348286194,False,-0.07362519835781534,-0.029848017359582202,-0.06919278332064938
05391000,dam,,07,0.23343434730352242,0.5145100752718546,0.23381667235744652,0.5113182109174585,0.2285799579346932,0.2797226372443024,0.0511426793096092,True,0.0003823250539241041,-0.0031918643543960012,-0.013042585809584728
05398000,dam,,07,0.9084664429155536,0.9141029915853613,0.9078219386294382,0.9182649635197492,0.9096585733273446,0.9097747511013876,0.000116177774043,True,-0.0006445042861153993,0.004161971934387831,0.00023638482755083956
05400760,dam,,07,0.8904766036287626,0.9140172238949815,0.8687592889931973,0.8967235434624591,0.8906143251760934,0.890281519325095,-0.0003328058509983,False,-0.021717314635565255,-0.01729368043252244,-0.014054132975709677
05404000,dam,,07,0.7537760035045198,0.8546011416752645,0.7152167353912586,0.8136998864141529,0.7685604831574212,0.8071311441017378,0.0385706609443166,False,-0.03855926811326116,-0.040901255261111547,-0.034693120219356666
05454500,dam,,07,0.5266571044633592,0.7578675181961525,0.5895106103608516,0.7824777689064661,0.6199515492487242,0.7649644285473691,0.1450128792986449,False,0.06285350589749239,0.02461025071031364,0.022306354595189037
05455700,dam,,07,0.649097725481427,0.8250508822655032,0.6947755254652773,0.8482361878882986,0.7350024183045051,0.8043903930283987,0.0693879747238935,False,0.04567779998385035,0.023185305622795416,0.05748160165003069
05464500,dam,,07,0.6336696428305084,0.8113474219044016,0.6194913917206357,0.8047988284074917,0.7719272122778895,0.8734713739109392,0.1015441616330496,True,-0.014178251109872697,-0.006548593496909838,0.33051832744783827
05465000,dam,,07,0.5786536762363279,0.7930451486863568,0.5625223268289204,0.7854838393614418,0.7422206164290458,0.863365152562251,0.1211445361332052,False,-0.016131349407407458,-0.007561309324914944,-0.0096033408178684
05476000,dam,,07,0.7404731145262234,0.751687144892784,0.7248142021758079,0.7402246118342576,0.7462547161519282,0.7942769506716364,0.0480222345197082,False,-0.0156589123504155,-0.011462533058526403,0.013377441717421612
05483600,dam,,07,0.7435021925969013,0.8029738557141629,0.7529111804852487,0.8038210996115354,0.7455326040933838,0.7443385446145038,-0.00119405947888,True,0.009408987888347431,0.0008472438973724516,0.01330522394198519
05484000,dam,,07,0.7986254780646138,0.8547129378446974,0.8101795275705924,0.8620404653211796,0.7867811258223023,0.7847222035870121,-0.0020589222352902,False,0.011554049505978603,0.007327527476482243,0.02337264718957721
05573540,dam,,07,0.8112797217793483,0.7974204881409422,0.8096013107916458,0.7947397075753142,0.8103825291079179,0.8277868080895797,0.0174042789816618,False,-0.0016784109877024944,-0.002680780565628038,0.005015128299426297
05578500,dam,,07,0.5381434725714793,0.6697893492040414,0.7256641071762913,0.7276768204839157,0.537777403824059,0.8069289945463076,0.2691515907222486,False,0.18752063460481194,0.05788747127987426,0.15830648428909966
05592000,dam,,07,0.2729450758112031,0.6007888460596744,0.5681332905640823,0.6695659539421818,0.2899018126300469,0.6656985891160059,0.375796776485959,True,0.29518821475287926,0.06877710788250735,0.30038003343217734
05592100,dam,,07,0.6069318048925312,0.7739680158939415,0.689725830017444,0.7336286057053278,0.5966096322938054,0.6398232806252764,0.043213648331471,False,0.08279402512491285,-0.040339410188613645,0.07620177515523874
05593000,dam,,07,0.21906317353085003,0.6345922794517029,0.7045094802806218,0.779772437701798,0.3144071227871859,0.7483582981212564,0.4339511753340704,True,0.48544630674977174,0.14518015825009511,0.46873662197060006
05594100,dam,,07,0.4286227006586928,0.7204932051842508,0.7335405110206519,0.8425997726029212,0.5799733970887411,0.8196697653943347,0.2396963683055936,False,0.3049178103619591,0.12210656741867043,0.30863481100105605
05597000,dam,,07,0.0031414785489172203,0.5148374994363811,0.41188399045909263,0.6866674624694002,0.0029528627511768,0.8719017269602374,0.8689488642090605,False,0.4087425119101754,0.17182996303301912,0.4203252213160579
08013500,control,08015500,08,0.6521132874105913,0.7746955793379138,0.6505442110778141,0.7700840139043472,0.6768280650612609,0.7368448013692214,0.0600167363079604,False,-0.0015690763327771418,-0.004611565433566556,
08015500,dam,,08,0.7726963689062956,0.8100004585376586,0.7428830980885004,0.8039382890492419,0.7820933934633942,0.7940377279566249,0.0119443344932306,False,-0.029813270817795168,-0.006062169488416647,-0.028244194485018026
05124480,control,05046000,09,0.6796619980025049,0.6803370653536326,0.6786626404262404,0.6807361817061915,0.678591516681169,0.7099576048931393,0.0313660882119702,False,-0.0009993575762645701,0.00039911635255895916,
05046000,dam,,09,0.5924738388031908,0.7071472680729971,0.5856364420080475,0.6973751169289544,0.5913095105634963,0.6347998858229638,0.0434903752594674,False,-0.00683739679514328,-0.009772151144042729,-0.00583803921887871
06052500,control,06714215,10,0.8966980753837658,0.8832318116602002,0.8947697438845357,0.88292317254818,0.8953746268978761,0.906122060173724,0.0107474332758478,False,-0.001928331499230107,-0.00030863911202017036,
06191500,control,06470500,10,0.9490327498583608,0.9285161914456148,0.9502330175405304,0.9311588353989597,0.9495048829747144,0.9487085748075564,-0.0007963081671579,False,0.0012002676821695202,0.002642643953344903,
06280300,control,06414000,10,0.752189209937293,0.7245548819056647,0.750276753285743,0.7244364894781201,0.7494343222401918,0.7529871053619168,0.003552783121725,False,-0.001912456651550043,-0.00011839242754463353,
06281000,control,06921350,10,0.815888574014618,0.7611804440393033,0.8122482004331291,0.7611571850161077,0.813118713868089,0.8190664870564378,0.0059477731883488,False,-0.0036403735814889426,-2.3259023195554285e-05,
06298000,control,06906300,10,0.8890921747992647,0.9417500310809981,0.8884796138176319,0.9415029270959048,0.8888021186159318,0.8907382458178998,0.001936127201968,False,-0.0006125609816328703,-0.000247103985093311,
06309200,control,11296500,10,0.46489346420158606,0.3821777478631172,0.471210765739702,0.38510490427948274,0.4663865250837475,0.4656766980515929,-0.0007098270321546,False,0.006317301538115938,0.0029271564163655395,
06332515,control,06409000,10,-0.03186581541598943,0.1894975596775882,-0.029546095835760067,0.1893452554990449,-0.0285437448393697,0.0106788407815852,0.0392225856209549,False,0.0023197195802293624,-0.00015230417854328326,
06339100,control,06225000,10,0.22727423709004235,0.2295445753865747,0.34871212830978204,0.3534694551870764,0.4058144320603534,0.4026851550938813,-0.003129276966472,False,0.12143789121973969,0.12392487980050171,
06403300,control,06906200,10,0.6562016165610011,0.6935620209581203,0.6113328004258065,0.6919923063978339,0.6113659535260838,0.6382988502888909,0.026932896762807,False,-0.044868816135194556,-0.0015697145602863172,
06430500,control,06020600,10,0.26064146099164864,0.5659205514305681,0.259480111434947,0.5678815674071092,0.2558910748304646,0.2558177775683198,-7.329726214477805e-05,False,-0.001161349556701663,0.0019610159765410806,
06433000,control,06285100,10,0.5618781132931729,0.6588580328832931,0.5593788403675439,0.6588404723680996,0.5603019627484722,0.4780924180974358,-0.0822095446510363,False,-0.0024992729256290147,-1.7560515193526527e-05,
06470800,control,06418900,10,0.5039274772916991,0.2513854095776691,0.5048651773044299,0.268457723642745,0.5036851431554757,0.5017723949073162,-0.0019127482481595,False,0.0009377000127308577,0.017072314065075922,
06600500,control,06282000,10,0.5265648112415642,0.6924950405004255,0.49889026195173913,0.6811083530453368,0.5419897513896184,0.5496971804158295,0.0077074290262111,False,-0.027674549289825046,-0.011386687455088751,
06607200,control,06038500,10,0.765596903090497,0.8382252250116858,0.7213496426134633,0.8095604789731583,0.7666255161826998,0.7667500719298317,0.0001245557471318,False,-0.044247260477033645,-0.028664746038527533,
06609500,control,06904500,10,0.7387935216379679,0.8067627819663405,0.7155992300998417,0.8041526154997896,0.7392693887975679,0.7348894410968221,-0.0043799477007457,False,-0.023194291538126133,-0.0026101664665509894,
06647500,control,11400500,10,0.7721762795041587,0.7699006714172945,0.7721922387674874,0.7698802431348526,0.7722101673292645,0.7755162491741666,0.0033060818449021,False,1.5959263328757523e-05,-2.0428282441864454e-05,
06800000,control,06891500,10,0.5801622396649999,0.5850116908756726,0.6549749917264618,0.6217222685872676,0.6434426533222308,0.6415803322598257,-0.0018623210624051,False,0.07481275206146187,0.03671057771159503,
06807410,control,06904050,10,0.5478245052970467,0.7412741337912068,0.5456748295455713,0.731476212691789,0.5294498417282999,0.6367602644107697,0.1073104226824698,False,-0.0021496757514753995,-0.009797921099417795,
06808500,control,06470000,10,0.7519571543728855,0.8288199279715579,0.5880698632808374,0.7245448027730222,0.7646534538819432,0.7674105445192443,0.0027570906373011,False,-0.16388729109204803,-0.10427512519853566,
06809210,control,06903900,10,0.7720172399823235,0.8201552556884659,0.7559509697071304,0.8178403718902344,0.7692164310245168,0.785938583553733,0.0167221525292162,False,-0.01606627027519314,-0.0023148837982315262,
06809500,control,06919900,10,0.7411906959640417,0.8663333963900227,0.7070765418085014,0.8490019281827105,0.7482690216379215,0.7526092928581455,0.0043402712202239,False,-0.03411415415554031,-0.01733146820731224,
06810000,control,06259000,10,0.5556360717948188,0.7712196665291036,0.47169882553725295,0.7317800142148151,0.6450122099973277,0.7069359570686304,0.0619237470713027,False,-0.08393724625756582,-0.039439652314288476,
06811500,control,06919020,10,0.838024066170892,0.8192542585218776,0.8360028303757192,0.8198836164441119,0.8417356562030834,0.8386309970789542,-0.0031046591241292,False,-0.002021235795172771,0.000629357922234286,
06814000,control,06410500,10,0.6839910793717652,0.7584398459928317,0.7002423633308283,0.7331422791393777,0.7030975371613204,0.6970742595025883,-0.0060232776587321,False,0.016251283959063167,-0.025297566853453968,
06817000,control,06913000,10,0.824583735360815,0.8031893691820347,0.8029033334716381,0.7985512964800179,0.8359738185774399,0.8379881787179038,0.0020143601404638,False,-0.02168040188917686,-0.004638072702016771,
06847900,control,06904010,10,0.21370079455615065,0.03133908079847958,0.26244238464229463,0.08330467654965745,0.2695023038647145,0.2690897951945462,-0.0004125086701682,False,0.04874159008614398,0.05196559575117787,
06853800,control,06821150,10,0.020338384275149224,-0.02626319541544575,0.1269684226793898,-0.015025882961987369,0.0978529203609628,0.0699509846613994,-0.0279019356995633,False,0.10663003840424057,0.011237312453458381,
06878000,control,06412500,10,0.4224444394796185,0.4764726551440117,0.5671802099042825,0.584625885609324,0.5254674963234934,0.5137346603649111,-0.0117328359585823,False,0.144735770424664,0.10815323046531233,
06889500,control,06411500,10,0.6530344080020143,0.608228026443199,0.6776436392928483,0.6300565474964595,0.6783798209958497,0.6653302487461207,-0.013049572249729,False,0.024609231290834033,0.021828521053260497,
06893080,control,05014500,10,0.6680339170916751,0.6445465515007855,0.6632591694323162,0.6370475129591398,0.6633243824188929,0.6612300048008823,-0.0020943776180105,False,-0.004774747659358924,-0.007499038541645797,
06903400,control,06224000,10,0.36617060572083704,0.2791832603955311,0.3701752779793174,0.28240931067360764,0.3722304462175857,0.3703855858172739,-0.0018448604003118,False,0.004004672258480335,0.003226050278076542,
06917000,control,06912500,10,0.7314033518158292,0.7712267103710472,0.7288437579843583,0.7736690437757048,0.742088306420088,0.7452394249199801,0.003151118499892,False,-0.0025595938314708633,0.002442333404657604,
05014500,dam,,10,0.8169760820185034,0.7104048652265169,0.8185238665258029,0.7095425079010604,0.8153240505172018,0.8123079556844583,-0.0030160948327434,True,0.0015477845072995322,-0.0008623573254564754,0.006322532166658457
06020600,dam,,10,0.7821353861251298,0.7213012815007445,0.7811344497701594,0.7218493871063161,0.7811537761043943,0.7772647323386663,-0.0038890437657279,True,-0.0010009363549703387,0.0005481056055716138,0.00016041320173132423
06038500,dam,,10,-0.022803811184817446,0.5137752842143002,0.022175775866430048,0.5012433873121918,-0.0223865059286088,-0.0547416210129689,-0.0323551150843601,True,0.044979587051247494,-0.01253189690210843,0.08922684752828114
06224000,dam,,10,0.7042544247829936,0.5561200176215203,0.6364767914854939,0.5193114234267386,0.7044603600936583,0.7672929925816633,0.0628326324880049,True,-0.06777763329749975,-0.03680859419478166,-0.07178230555598009
06225000,dam,,10,0.32582736624957964,0.4378423504925877,0.36444325174783054,0.43894038762693555,0.3254752522773545,0.5614596527368638,0.2359844004595093,True,0.0386158854982509,0.0010980371343478623,-0.08282200572148879
06259000,dam,,10,0.4063838560618729,0.7028138897775996,0.5418738971177358,0.7654017538623503,0.39580430557197,0.5961773684932592,0.2003730629212892,True,0.13549004105586293,0.0625878640847507,0.21942728731342875
06282000,dam,,10,0.594392143844757,0.6760859883254199,0.6029410105951811,0.6761627465222007,0.5916091500999272,0.6630577660308292,0.071448615930902,False,0.0085488667504241,7.675819678076845e-05,0.036223416040249146
06285100,dam,,10,0.4090280846088473,0.5879846539533655,0.41690883539124335,0.588320669575828,0.4029548432058722,0.4296899591512221,0.0267351159453498,False,0.007880750782396029,0.00033601562246243777,0.010380023708025043
06409000,dam,,10,0.5033283024335369,0.45435729127024116,0.5052731126544561,0.45516753663470333,0.5042205150506023,0.5283535437260243,0.0241330286754219,True,0.0019448102209191909,0.0008102453644621699,-0.00037490935931017155
06410500,dam,,10,0.5642395956114405,0.42880448360407974,0.5612870300966526,0.4260709984743891,0.5650323481561668,0.5889621236035509,0.0239297754473841,True,-0.0029525655147879526,-0.002733485129690627,-0.01920384947385112
06411500,dam,,10,0.5097107813358359,0.4133944072330882,0.5092113171432677,0.41131818131430864,0.5094357110297565,0.5417195436517418,0.0322838326219853,True,-0.0004994641925681886,-0.0020762259187795395,-0.02510869548340222
06412500,dam,,10,0.5316270741119717,0.4008891960607207,0.5297284544270691,0.3987626054698471,0.5308525208782027,0.5715463148174362,0.0406937939392335,False,-0.0018986196849026804,-0.0021265905908736116,-0.1466343901095667
06414000,dam,,10,0.43771878278809084,0.3355169986416068,0.4367211806400011,0.3336801160496182,0.437660225271108,0.4749954057285331,0.0373351804574251,False,-0.000997602148089749,-0.0018368825919885534,0.000914854503460294
06418900,dam,,10,0.3749593236539328,0.27678491109877734,0.3744457807963554,0.28056225886805397,0.3755026790946535,0.3820785895546242,0.0065759104599707,False,-0.0005135428575774315,0.003777347769276629,-0.0014512428703082891
06470000,dam,,10,0.23003865417482994,0.03758239721621792,0.23197098900648072,0.04747804485197182,0.2202660914990732,0.2350290505762174,0.0147629590771442,False,0.0019323348316507838,0.009895647635753901,0.1658196259236988
06470500,dam,,10,0.20555090876361004,-0.008254515243090843,0.25588856308718577,0.030270181900517446,0.2334419275680613,0.2017307495182566,-0.0317111780498047,False,0.05033765432357573,0.03852469714360829,0.04913738664140621
06714215,dam,,10,0.26929880639914106,0.22550035161192583,0.27211337973086114,0.21512387620869733,0.2773727062732736,0.2763737815537819,-0.0009989247194917,False,0.0028145733317200827,-0.010376475403228502,0.00474290483095019
06821150,dam,,10,0.3097156728080277,0.2981998011761544,0.278307376194892,0.2654798774562648,0.3103275694551068,0.2945287467789028,-0.015798822676204,False,-0.03140829661313571,-0.03271992371988963,-0.13803833501737628
06891500,dam,,10,0.4996864570005394,0.5527832753305663,0.45405715447675743,0.4700736188610666,0.4977736785109198,0.49935294629999,0.0015792677890702,False,-0.045629302523781945,-0.08270965646949968,-0.12044205458524382
06903900,dam,,10,0.3987481380778215,0.510928361789369,0.5443278225624957,0.5251865479535116,0.3973404009279907,0.5472380038849991,0.1498976029570083,True,0.14557968448467418,0.01425818616414265,0.16164595475986732
06904010,dam,,10,0.6640432981059872,0.6389484438880757,0.6070420928592588,0.5647963525231308,0.6736116310291231,0.6740025450435141,0.0003909140143909,False,-0.05700120524672836,-0.07415209136494494,-0.10574279533287234
06904050,dam,,10,0.6529857974441612,0.7332960037192299,0.6475342197700391,0.6968937781186897,0.6921576674371026,0.756471639486936,0.0643139720498333,False,-0.005451577674122077,-0.03640222560054018,-0.0033019019226466773
06904500,dam,,10,0.7307673741759928,0.8114262565528765,0.6920104857845231,0.7873304153529543,0.7689081436766605,0.8333453609486474,0.0644372172719869,False,-0.038756888391469735,-0.02409584119992214,-0.015562596853343602
06906200,dam,,10,0.3347869277746004,0.6782384306915614,0.573659188142071,0.7294164012417963,-0.0488770438138039,0.7390039734917139,0.7878810173055179,True,0.23887226036747056,0.051177970550234875,0.2837410765026651
06906300,dam,,10,0.7254052651562749,0.6339712181035954,0.7462501637368989,0.6562690767575923,0.7416263945221401,0.7392121864226466,-0.0024142080994934,False,0.020844898580623994,0.022297858653996916,0.021457459562256864
06912500,dam,,10,0.05441829426979339,0.2702052967015538,0.2524929116211756,0.32924483758683,0.0292394837906665,0.3537088652692495,0.3244693814785829,True,0.1980746173513822,0.05903954088527619,0.20063421118285307
06913000,dam,,10,0.715701434277354,0.7667848202399472,0.6691584544898508,0.6368680607542803,0.7270758516913503,0.7125680589320423,-0.0145077927593079,False,-0.046542979787503214,-0.12991675948566694,-0.024862577898326355
06919020,dam,,10,0.015999731774152592,0.4792667920772674,0.3719433939801078,0.5392974437541658,0.0075080149858698,0.5003081434846176,0.4928001284987477,False,0.3559436622059552,0.06003065167689836,0.35796489800112796
06919900,dam,,10,0.5740543728925429,0.7462931624849387,0.6906891168005878,0.7347299218802206,0.5385329707687994,0.5369590719834089,-0.0015738987853904,False,0.11663474390804485,-0.011563240604718139,0.15074889806358516
06921350,dam,,10,-0.14561432797247842,0.4568156988393499,0.5157778727986081,0.6281360213467418,-0.202202321720444,0.5748110805851419,0.7770134023055859,True,0.6613922007710865,0.17132032250739193,0.6650325743525755
07056000,control,07185000,11,0.8307365889337691,0.766085820377711,0.806911256598972,0.7754315265977211,0.837357605143873,0.8367717463909002,-0.0005858587529727,False,-0.02382533233479711,0.009345706220010075,
07071500,control,07063000,11,0.7492761034767088,0.6822222499301571,0.7894656968593503,0.7018334063545835,0.7891929318097952,0.7857964793307991,-0.0033964524789961,False,0.0401895933826415,0.019611156424426346,
07142300,control,07196500,11,0.2043578171603283,0.31068091592732183,0.14251382796276957,0.31248753859050193,0.1616794762471762,0.166558924574386,0.0048794483272097,False,-0.061843989197558735,0.001806622663180102,
07148400,control,07109500,11,0.4149958639544147,0.6406042278001971,0.5160858428781918,0.6739966980325505,0.4644528535337093,0.4570373098426057,-0.0074155436911036,False,0.10108997892377714,0.033392470232353366,
07151500,control,07198000,11,0.7494744546723022,0.8075088086879384,0.7259369097794168,0.8100178251013558,0.751482365714558,0.7476360877564736,-0.0038462779580843,False,-0.023537544892885398,0.0025090164134173865,
07191000,control,07124410,11,0.7109849882819045,0.656526475819802,0.7196365877762614,0.6646032521093515,0.7259447043301906,0.7204326398823307,-0.0055120644478598,False,0.008651599494356899,0.008076776289549503,
07207500,control,07206000,11,0.5564947949661561,0.420376942362204,0.5582451853409109,0.4206692082635456,0.5566014101663501,0.5523532120826801,-0.00424819808367,False,0.0017503903747548843,0.0002922659013415707,
07216500,control,07207000,11,0.5905088695755165,0.4474655936283768,0.591119826507061,0.4472526276440426,0.5915002233275651,0.5912632848074706,-0.0002369385200945,False,0.0006109569315444485,-0.00021296598433417913,
07218000,control,07341200,11,0.02543889588615289,0.460857134177318,0.016293996852197568,0.4630238582528263,0.0094791212663009,0.0671225375255131,0.0576434162592122,False,-0.009144899033955323,0.0021667240755083306,
07226500,control,07176000,11,0.014044538497184011,-0.06037349207764087,0.11010260377143477,0.037174692017076905,0.0907542207857243,0.0095159028362753,-0.081238317949449,False,0.09605806527425076,0.09754818409471777,
07315700,control,07339000,11,0.6982603765960307,0.4558562462016782,0.5952316777036433,0.37985792124448603,0.6271772637262781,0.6469460203491217,0.0197687566228436,False,-0.10302869889238742,-0.07599832495719216,
07346045,control,07195500,11,0.6947538987483488,0.7200539915061765,0.6440023911474753,0.704217842465795,0.6901497566084316,0.8345882358246601,0.1444384792162285,False,-0.05075150760087355,-0.015836149040381553,
07063000,dam,,11,0.5032740983471375,0.733329135046789,0.5091882253682927,0.738296905690986,0.4910948330557774,0.544390740284752,0.0532959072289745,False,0.0059141270211551245,0.004967770644197067,-0.03427546636148637
07109500,dam,,11,0.6431584494617666,0.6246820925881849,0.6366747144609654,0.6265648819384706,0.6392209418055812,0.6386716134011857,-0.0005493284043954,False,-0.0064837350008012384,0.0018827893502857407,-0.10757371392457837
07124410,dam,,11,0.4363278691614544,0.40561078419300656,0.4383744363342934,0.4029896931129576,0.4363955240769238,0.432925886981153,-0.0034696370957708,True,0.00204656717283902,-0.0026210910800489318,-0.0066050323215178786
07176000,dam,,11,0.49865490494964837,0.7047945650238758,0.7398082787889888,0.7289422202426026,0.4731558772768823,0.7190533891547023,0.2458975118778199,False,0.24115337383934043,0.02414765521872675,0.14509530856508968
07185000,dam,,11,0.48507434639167657,0.7476193712381647,0.5732160367309187,0.7757234167675002,0.6512216622500939,0.7226508000874883,0.0714291378373943,False,0.08814169033924213,0.028104045529335542,0.11196702267403924
07195500,dam,,11,0.788127151238612,0.7946003109659406,0.8603136752587406,0.857321912103573,0.7745754842181041,0.7614366853882208,-0.0131387988298832,True,0.0721865240201286,0.06272160113763237,0.12293803162100214
07196500,dam,,11,0.705159294408847,0.6470699059169974,0.7502147557365202,0.7153513482825664,0.6900930675324193,0.6825519445707222,-0.007541122961697,False,0.04505546132767324,0.06828144236556899,0.10689945052523198
07198000,dam,,11,0.019175563776315685,0.5039978156155706,0.4432588424216266,0.6511027492575401,0.0769767978062372,0.5321686507919647,0.4551918529857275,True,0.4240832786453109,0.14710493364196953,0.4476208235381963
07206000,dam,,11,-0.15471959454302797,-0.11201740386448833,-0.1550434613405589,-0.1139773377213531,-0.1555324940886793,-0.2518422158860565,-0.0963097217973771,True,-0.00032386679753093617,-0.0019599338568647706,-0.0020742571722858205
07207000,dam,,11,0.23059811757015203,0.4012399647324154,0.23362167556492486,0.40355740536029694,0.2319638397178616,0.2802399242045182,0.0482760844866566,False,0.0030235579947728297,0.0023174406278815285,0.002412601063228381
07339000,dam,,11,0.4369358270486702,0.5683115828363419,0.4719162329045584,0.5616315928506592,0.4284076994397855,0.4864009753084782,0.0579932758686927,True,0.03498040585588824,-0.006679989985682644,0.13800910474827566
07341200,dam,,11,0.5630241455504212,0.7100598650204955,0.689763282181357,0.8346663505490233,0.5630445035278633,0.6710163011626807,0.1079717976348174,False,0.12673913663093572,0.12460648552852782,0.13588403566489105
08101000,control,08177500,12,0.6241001502999417,0.5841989015439621,0.6445011881467352,0.6023058022924741,0.6505092041581363,0.6446039660026348,-0.0059052381555014,False,0.02040103784679348,0.018106900748511956,
08164000,control,08026000,12,0.6089298482855201,0.6265412281258447,0.7048823893551912,0.709839222971355,0.6445685890208779,0.6349078105534773,-0.0096607784674005,False,0.0959525410696711,0.08329799484551037,
08176900,control,08028000,12,0.468293786927924,0.3798131116717205,0.47973509472647835,0.3935035781635128,0.4760165683166378,0.4697035488446145,-0.0063130194720233,False,0.011441307798554345,0.013690466491792286,
08189500,control,08110500,12,0.7283568433622103,0.7186914673162452,0.7355355276763635,0.779492782214303,0.7480578980865633,0.7465583017737222,-0.0014995963128411,False,0.00717868431415325,0.060801314898057734,
08190000,control,08025360,12,0.3857204204699588,0.389884672596444,0.47408143140280457,0.4544887264936768,0.4768295505841302,0.4556052654916717,-0.0212242850924585,False,0.08836101093284576,0.06460405389723278,
08190500,control,08068000,12,0.08638417655508268,-0.9478661740025396,0.15495882503023972,-1.0959997728623794,0.1624007245267597,0.1535689940282921,-0.0088317304984675,False,0.06857464847515704,-0.1481335988598398,
08025360,dam,,12,0.47074876221608397,0.6849176223216188,0.6450695400589952,0.7164467473347391,0.5075333528017669,0.6463370160270019,0.1388036632252349,False,0.17432077784291122,0.03152912501312033,0.08595976691006546
08026000,dam,,12,0.4742407707076389,0.7097112541459922,0.6874075648024548,0.7620201460554212,0.5158214256542734,0.6786663405135211,0.1628449148592478,False,0.21316679409481587,0.052308891909429,0.11721425302514477
08028000,dam,,12,0.7785696950577368,0.7547811635519555,0.7899656283140041,0.7470170530160956,0.7725243904383634,0.7831215259062134,0.01059713546785,False,0.01139593325626731,-0.007764110535859903,-4.5374542287035524e-05
08068000,dam,,12,0.6485508971784764,0.6506436978905913,0.774362456907257,0.6453282493158662,0.6374692818398506,0.7835903387473864,0.1461210569075357,False,0.12581155972878066,-0.005315448574725101,0.057236911253623624
08110500,dam,,12,0.7063031774129764,0.6686866054905694,0.6859558371019954,0.5684683676584468,0.7029859401754754,0.7194392297363534,0.0164532895608779,False,-0.020347340310981066,-0.10021823783212258,-0.027526024625134315
08177500,dam,,12,0.42007696611049394,0.36913292402135645,0.47862346858884985,0.42501871776065137,0.460613748445191,0.451485226003297,-0.0091285224418939,True,0.05854650247835591,0.05588579373929492,0.03814546463156243
08279000,control,08285500,13,0.7829448976745149,0.7301948886840921,0.7788256726227998,0.7299322032676605,0.7821303957747738,0.782759026387356,0.0006286306125821,False,-0.004119225051715136,-0.00026268541643159615,
08284100,control,08382830,13,0.6834275315366334,0.33931845072651534,0.6845105180131194,0.339869244004946,0.6839100454762909,0.6913603504526846,0.0074503049763937,False,0.0010829864764859698,0.0005507932784306613,
08289000,control,08390800,13,0.48884384024209315,0.4475930303994089,0.48616570970885853,0.44744470917399914,0.4883916727666088,0.4885187197214925,0.0001270469548837,False,-0.002678130533234624,-0.00014832122540975323,
08334000,control,08286500,13,0.052802620526674726,-0.03945222812732929,0.06200017923332757,-0.027275796950584574,0.0637223639099626,0.0632103219218442,-0.0005120419881183,False,0.009197558706652842,0.012176431176744718,
08377900,control,08245000,13,0.7877786593200591,0.7792511702276417,0.7876621248686861,0.779265151890498,0.7877405833224951,0.7806418209523855,-0.0070987623701095,False,-0.0001165344513729405,1.3981662856377142e-05,
08379500,control,08384500,13,0.5126859994684774,0.5951833209917244,0.5336721194401108,0.6051246759310367,0.527882606532501,0.526258551149084,-0.0016240553834169,False,0.020986119971633466,0.009941354939312252,
08401900,control,08317950,13,0.23301640826319803,0.15948831589527923,0.13568981827156734,0.11540936423426174,0.1131024288511266,0.1245585317543935,0.0114561029032669,False,-0.09732658999163069,-0.044078951661017496,
08405150,control,08287000,13,0.09857811018576745,-0.21973126487002492,0.13842608762921915,-0.2775379067915402,0.1643710228954735,0.0464654485043019,-0.1179055743911716,False,0.0398479774434517,-0.0578066419215153,
08405500,control,08390500,13,-0.015842226655917724,-0.36012547956991425,-0.010826410047278356,-0.34200304559418315,-0.0123050679460186,-0.0135485917690141,-0.0012435238229955,False,0.005015816608639367,0.0181224339757311,
08408500,control,08383500,13,-0.0034574610192372734,-0.5396331454293215,-0.001111793961983354,-0.5235361412488275,-0.0015148164925604,-0.0015279692821246,-1.3152789564152556e-05,False,0.0023456670572539196,0.01609700418049398,
08245000,dam,,13,0.3231920497841889,0.651679114982208,0.3333403435735399,0.6595395550978356,0.3233147066280998,0.5525130117045252,0.2291983050764253,True,0.010148293789351004,0.007860440115627587,0.010264828240723944
08285500,dam,,13,0.11583950441231139,0.46865642225562143,0.11460056337004765,0.4681424431827692,0.1153426235163239,0.1061880364532678,-0.0091545870630561,True,-0.0012389410422637415,-0.000513979072852222,0.002880284009451395
08286500,dam,,13,0.15177876302653337,0.48282253422374943,0.15148431836342946,0.48253074892518744,0.1515186464522598,0.1384035080177585,-0.0131151384345012,False,-0.00029444466310390993,-0.0002917852985619973,-0.009492003369756752
08287000,dam,,13,0.11088569820236827,0.4684260638062169,0.1299686009113915,0.4707490275040004,0.1075473783007702,0.2560362344570681,0.1484888561562979,True,0.01908290270902324,0.002322963697783509,-0.020765074734428457
08317950,dam,,13,-0.11499867981230505,-0.16868495045036092,-0.12809611438470792,-0.15288979067575426,-0.1326506571374983,-0.1297800410916882,0.00287061604581,True,-0.013097434572402866,0.01579515977460666,0.08422915541922782
08382830,dam,,13,-0.22074188222709634,-0.16516395203650558,-0.20046801055451735,-0.18177050737625344,-0.2289545668907191,-0.0253778566562956,0.2035767102344234,True,0.02027387167257899,-0.016606555339747864,0.01919088519609302
08383500,dam,,13,-0.13819044857363494,0.0264546369967541,-0.12239669176481183,0.015742097854629544,-0.1454519612576899,-0.0465339525108099,0.0989180087468799,False,0.01579375680882311,-0.010712539142124555,0.013448089751569192
08384500,dam,,13,-0.10191599052995026,0.025281120851633587,-0.08702089144898317,0.015297915100103587,-0.1142813725956553,0.0617081013644428,0.1759894739600981,True,0.014895099080967089,-0.00998320575153,-0.0060910208906663765
08390500,dam,,13,0.022673775847811273,-1.1704665824705325,-0.8046589926329499,-1.3544813423018525,-0.1109369122593697,-0.1061643153704994,0.0047725968888703,True,-0.8273327684807612,-0.18401475983131999,-0.8323485850894006
08390800,dam,,13,-14.072930573749023,-6.171058602539158,-26.15927251709694,-7.0512629365751796,-17.49618096862508,-11.152331908803466,6.343849059821613,True,-12.086341943347918,-0.8802043340360219,-12.083663812814683
09059500,control,09291000,14,0.840168512791041,0.7617262910183916,0.8404276200072917,0.7619770781428331,0.8404302537480675,0.8389832529610526,-0.0014470007870148,False,0.0002591072162506647,0.0002507871244414872,
09070000,control,09365000,14,0.8710713835960661,0.923228006828399,0.86848367773199,0.9221405424468611,0.8710147136346946,0.8710139006926133,-8.129420813185462e-07,False,-0.002587705864076084,-0.0010874643815379503,
09081600,control,09355500,14,0.8714095559769033,0.7979853289171812,0.8700490927847143,0.7976232372464459,0.8701999906847305,0.8743091504386168,0.0041091597538862,False,-0.0013604631921889654,-0.00036209167073530946,
09124500,control,09211200,14,0.859009488490146,0.8501311817798354,0.8556778718873151,0.8509333324251729,0.8572700172094834,0.8623800130963897,0.0051099958869063,False,-0.003331616602830878,0.0008021506453375071,
09146200,control,09132500,14,0.85350211428375,0.7738361228220596,0.8532397402511804,0.7740292612553805,0.8533733819803788,0.8481664928803603,-0.0052068891000185,False,-0.0002623740325695678,0.0001931384333209163,
09147000,control,09038500,14,0.4481559999748962,0.4899925696926908,0.4479956819921931,0.4897908793691873,0.4480566535422612,0.444781170255514,-0.0032754832867472,False,-0.0001603179827031065,-0.00020169032350347837,
09210500,control,09034250,14,0.699597722448279,0.7439409615670574,0.7051129078735925,0.7464806023423523,0.7022322234960674,0.6794432802288222,-0.0227889432672452,False,0.005515185425313485,0.0025396407752948935,
09223000,control,09110000,14,0.8174898532831874,0.9018056998085148,0.8215870951992001,0.903767364852615,0.8182648930344837,0.8175645339823822,-0.0007003590521015,False,0.004097241916012795,0.001961665044100225,
09255000,control,09057500,14,0.7050300961440368,0.6569366508305752,0.7043504011959083,0.6572545303448567,0.7046528232485885,0.705425178220534,0.0007723549719454,False,-0.0006796949481284731,0.00031787951428152716,
09266500,control,09080400,14,0.8060983266636446,0.6896589042527512,0.806959910044458,0.6898300232446248,0.8063622507789063,0.7622445078869081,-0.0441177428919982,False,0.0008615833808134354,0.0001711189918736089,
09289500,control,11231500,14,0.8613898967785275,0.7552501312273461,0.8612651545005574,0.7552328689412878,0.8613271704642163,0.8628480118754704,0.0015208414112541,False,-0.0001247422779701024,-1.726228605825053e-05,
09299500,control,09050700,14,0.8273800176351627,0.7546720792857448,0.8293683985985415,0.7554157708972222,0.8290004876951914,0.7621814236139277,-0.0668190640812637,False,0.001988380963378833,0.0007436916114774705,
09306242,control,09126000,14,-0.49161503964481734,-0.02302571182923474,-0.4921264298366548,-0.023418758161122932,-0.4914813693576285,-0.4444570463960056,0.0470243229616229,False,-0.0005113901918374353,-0.0003930463318881916,
09310500,control,11396200,14,0.6897209304692348,0.7007464749346417,0.6885150355801758,0.7002493669595955,0.6887875050318338,0.6927374441083065,0.0039499390764726,False,-0.0012058948890589782,-0.0004971079750462071,
09312600,control,11461500,14,0.343802966351179,0.4392641015319886,0.34286693143119285,0.4385353104544851,0.342859409089027,0.3814677050574965,0.0386082959684694,False,-0.0009360349199861728,-0.0007287910775034545,
09326500,control,09354500,14,0.7132632681250888,0.5213367620934232,0.7128032439915495,0.5213376923665618,0.7130056474146078,0.7097457081257412,-0.0032599392888665,False,-0.00046002413353929406,9.302731386329199e-07,
09330500,control,09109000,14,0.6305484795501222,0.5613163640068595,0.6298789988240436,0.5612241271437397,0.6304611126735089,0.6258265810781889,-0.00463453159532,False,-0.0006694807260785307,-9.223686311976564e-05,
09342500,control,09128000,14,0.8328699484675888,0.7915770372427786,0.8337841222787329,0.7921070430669097,0.8332464929919646,0.8337179480522869,0.0004714550603223,False,0.0009141738111441144,0.0005300058241310968,
09352900,control,11298000,14,0.7189271662979917,0.6032955080804545,0.7193622038292069,0.6034757712317225,0.7194557815287642,0.7198497943895018,0.0003940128607375,False,0.00043503753121520994,0.00018026315126795645,
09372000,control,09144250,14,0.17034637369560923,0.24160234709702522,0.16163440952814934,0.24181340140044982,0.1644938595038637,0.1796355362528735,0.0151416767490097,False,-0.008711964167459896,0.00021105430342460707,
09382000,control,09152500,14,0.13581458504207067,-0.007452039003309263,0.20808295929990905,0.07387684147961104,0.224495833467309,0.2204336230984547,-0.0040622103688543,False,0.07226837425783839,0.08132888048292031,
09034250,dam,,14,0.5813632266704422,0.6575614471447735,0.5723087066515722,0.6358605262317834,0.5814773631640411,0.5709025259103222,-0.0105748372537188,False,-0.009054520018869971,-0.02170092091299014,-0.014569705444183456
09038500,dam,,14,0.2556015585159347,0.6215695584972364,0.2619981229929772,0.6236318968656147,0.255018989329848,0.2890863972334316,0.0340674079035836,True,0.00639656447704251,0.0020623383683783247,0.0065568824597456166
09050700,dam,,14,0.0798870347589058,0.3253615174268458,0.15384020363512652,0.34518473572318864,0.0786945466024918,0.222913138881999,0.1442185922795071,True,0.07395316887622072,0.019823218296342815,0.07196478791284189
09057500,dam,,14,-0.12909105095558804,0.4398456105652395,-0.029789881071655255,0.46935400740860134,-0.1321213611745735,0.1065086550140341,0.2386300161886076,True,0.09930116988393278,0.029508396843361817,0.09998086483206126
09080400,dam,,14,0.07755182293966845,0.567295030467893,0.08777096479580127,0.5702952972360742,0.0751621960631715,0.0528981018816963,-0.0222640941814752,False,0.010219141856132818,0.0030002667681812145,0.009357558475319383
09109000,dam,,14,0.3271927220361248,0.5800310438651941,0.33234432967238403,0.5809179214998283,0.3258314077137343,0.6006826778895473,0.274851270175813,True,0.0051516076362592145,0.0008868776346342422,0.005821088362337745
09110000,dam,,14,0.38154994421308674,0.4789806256239716,0.38260467554718647,0.47880427571060113,0.3793834075648549,0.3342845133059269,-0.0450988942589279,False,0.0010547313340997233,-0.00017634991337045491,-0.0030425105819130716
09126000,dam,,14,0.8005545539931889,0.7958938870781433,0.8005265678918938,0.7957993074689957,0.8007484335590832,0.8034780603878534,0.0027296268287702,False,-2.7986101295063293e-05,-9.457960914760477e-05,0.000483404090542372
09128000,dam,,14,-0.6873472311181912,0.29899939495349437,-0.6108909166076855,0.31817553112233,-0.6892513112123273,-0.2579239742476287,0.4313273369646986,True,0.07645631451050572,0.019176136168835622,0.0755421406993616
09132500,dam,,14,0.8796547944152522,0.8110485187847537,0.8788581446340349,0.8113689182664499,0.8789021099118491,0.8799161254080856,0.0010140154962364,False,-0.0007966497812172957,0.0003203994816961542,-0.0005342757486477279
09144250,dam,,14,0.4918114751395155,0.6830004246002898,0.5102696418985523,0.6969249592486922,0.4954460878474981,0.5211457383757974,0.0256996505282992,False,0.018458166759036776,0.013924534648402487,0.02717013092649667
09152500,dam,,14,0.6322359402071337,0.8074488938139059,0.6486584119944261,0.8221737785006882,0.6375809770995736,0.6622297031878095,0.0246487260882358,False,0.016422471787292392,0.014724884686782236,-0.055845902470545994
09211200,dam,,14,0.6269674510947597,0.7834512231032815,0.6261713177306809,0.7829930710611592,0.6241046837249702,0.6829863805329832,0.058881696808013,True,-0.0007961333640787993,-0.0004581520421222951,0.0025354832387520787
09291000,dam,,14,0.5335095471407784,0.6715767025380639,0.5389829092376641,0.6728595744161092,0.5328542161497952,0.6647260159917732,0.1318717998419779,True,0.005473362096885759,0.0012828718780453219,0.005214254880635094
09354500,dam,,14,0.3059173095822998,0.3056963819366839,0.3062281768985039,0.30445718824473766,0.3057216466736787,0.3151917416041926,0.0094700949305138,False,0.0003108673162041109,-0.0012391936919462498,0.000770891449743405
09355500,dam,,14,0.16880973655032938,0.42281052701952315,0.22840609191314787,0.404182466134129,0.1670730429602637,0.116463567495915,-0.0506094754643486,False,0.05959635536281849,-0.01862806088539415,0.06095681855500745
09365000,dam,,14,0.6586988276517599,0.6879727690160031,0.675011733402334,0.6811031804485186,0.6587396909972763,0.5560128635744235,-0.1027268274228527,False,0.01631290575057409,-0.006869588567484541,0.018900611614650176
09386900,control,10260950,15,0.20831135734718287,0.09418197959533825,0.20973333989935727,0.09574912506722444,0.2100964782124249,0.2088506444465055,-0.0012458337659193,False,0.0014219825521744056,0.0015671454718861888,
09401260,control,09510000,15,-0.09201342664168854,0.061475638087183926,0.013373005748057998,0.20229854827331695,-0.0937014562868623,0.0035294665941296,0.097230922880992,False,0.10538643238974654,0.14082291018613302,
09403600,control,11123000,15,-0.07363568412187305,0.40021577094152816,-0.0744126169180479,0.3996034471434401,-0.0731509121985234,-0.2465744661473814,-0.173423553948858,False,-0.0007769327961748562,-0.0006123237980880658,
09430600,control,11214600,15,0.07795374808145628,-0.0015819381524957432,0.07923864528812052,0.0008510912087230649,0.0796468522527352,0.0795912041133397,-5.5648139395514384e-05,False,0.0012848972066642483,0.002433029361218808,
09480000,control,11278000,15,-0.035837258480418965,0.07619691003834428,-0.037352385158740065,0.07322033919617621,-0.0384240893863991,-0.0096596384714426,0.0287644509149564,False,-0.0015151266783210993,-0.0029765708421680692,
09490500,control,09426000,15,0.5818975036760659,0.3691516449652331,0.5752277702475492,0.3669673936273946,0.5766228613712687,0.575686601106534,-0.0009362602647347,False,-0.006669733428516622,-0.0021842513378385053,
09492400,control,10340500,15,0.5875870735134607,0.7207550216447399,0.5862834004302377,0.7201291651997659,0.5865915115229001,0.5886105303378988,0.0020190188149986,False,-0.0013036730832229892,-0.0006258564449740378,
09505350,control,11097000,15,0.5750554442384908,0.5867188212974186,0.5695237963836199,0.5803925541981279,0.5672275084087443,0.5679076313418819,0.0006801229331376,False,-0.005531647854870814,-0.006326267099290739,
09505800,control,11085000,15,0.5524718379761843,0.40013249090918246,0.5471621581918871,0.4003164673272943,0.5471098821130511,0.5475734946725338,0.0004636125594826,False,-0.005309679784297194,0.00018397641811185306,
09510200,control,11025500,15,0.6238666527117986,0.42969166993396524,0.6271262386595211,0.4478681348131711,0.6351559753568611,0.631086800396517,-0.004069174960344,False,0.0032595859477224653,0.018176464879205878,
09512280,control,11231600,15,0.4920354767202507,0.5419253247171871,0.5075064172671678,0.5548320868463252,0.5020105414605356,0.5082465702392396,0.0062360287787039,False,0.015470940546917111,0.012906762129138105,
09513860,control,11460600,15,0.32385075423500065,-1.238726716993356,0.29594669516410776,-1.3329355352389696,0.2753770706993868,0.2970913873399214,0.0217143166405346,False,-0.027904059070892884,-0.09420881824561356,
09426000,dam,,15,0.401744713715364,0.4011790897734805,0.4478787034969176,0.4022567884107461,0.3467691811885871,0.4684650286684815,0.1216958474798943,True,0.046133989781553586,0.0010776986372655895,0.05280372321007021
09510000,dam,,15,0.2434997571232964,0.5602245821224914,0.07497165033064479,0.4909253454996515,-0.0064130915629332,0.1464694689055266,0.1528825604684598,True,-0.16852810679265162,-0.06929923662283988,-0.27391453918239816
10011500,control,10163000,16,0.8474573153180663,0.781381242953471,0.847528164829137,0.781508035796348,0.8476068330532538,0.8465768842359663,-0.0010299488172874,False,7.084951107061421e-05,0.00012679284287697712,
10032000,control,10337500,16,0.8271837139018986,0.889247198367155,0.8329479151176679,0.891296643707187,0.8294826804474554,0.8295513904544664,6.871000701091923e-05,False,0.00576420121576926,0.00204944534003193,
10131000,control,10348200,16,0.8140500560347447,0.7722687419324052,0.8124983261390708,0.772394718225036,0.8131192982307833,0.803800201815043,-0.0093190964157403,False,-0.00155172989567387,0.00012597629263078058,
10174500,control,10136500,16,0.8756210574413793,0.8333473586857651,0.8760705568498821,0.8335538853745353,0.8757851545148052,0.8645997474468966,-0.0111854070679086,False,0.000449499408502807,0.0002065266887701922,
10242000,control,10297500,16,0.8254911606616366,0.7338845646960979,0.8280472626394699,0.734011456240982,0.8273988960634682,0.7957397758985396,-0.0316591201649285,False,0.0025561019778332916,0.00012689154488410015,
10296000,control,10346000,16,0.7864391516263749,0.7835486221667292,0.787281298670175,0.7838977516989574,0.787163944145497,0.7784337645236918,-0.0087301796218051,False,0.0008421470438001455,0.0003491295322282095,
10296500,control,10348000,16,0.792777631761826,0.8051119488321697,0.7936610001793034,0.8055683006744466,0.7935394417864137,0.7834283550302026,-0.010111086756211,False,0.0008833684174773815,0.00045635184227688086,
10308200,control,10350000,16,0.35767711024811155,0.21635410065158622,0.3623304727183534,0.21951239022009428,0.3617061005873906,0.3117740696779769,-0.0499320309094136,False,0.00465336247024184,0.0031582895685080548,
10309000,control,10141000,16,0.3242857566518417,0.19238601737894123,0.33046318606028335,0.19626121015486897,0.3302875554458304,0.2697732385522847,-0.0605143168935456,False,0.006177429408441681,0.0038751927759277383,
10310000,control,10130500,16,0.42440484371215614,0.4129970731342606,0.4282158780412425,0.41489764270989204,0.4278837077029054,0.403111043866294,-0.0247726638366113,False,0.00381103432908636,0.00190056957563145,
10315500,control,10126000,16,0.8726656547058347,0.8822027120330864,0.8635141577324157,0.8785071831945649,0.8660779045488651,0.894408159899507,0.0283302553506418,False,-0.009151496973418993,-0.0036955288385215335,
10329500,control,10020300,16,0.7189789129109629,0.8403086001169446,0.7078628798438483,0.8347564278374129,0.7260765869653296,0.7410482971314232,0.0149717101660935,False,-0.011116033067114617,-0.005552172279531753,
10336610,control,10293000,16,0.564947981623108,0.5803785849874253,0.5651660063941958,0.5809718423227574,0.5649779346106842,0.5414400286868911,-0.0235379059237931,False,0.00021802477108778806,0.0005932573353321091,
10336780,control,10344500,16,0.6990897968926346,0.6992623120014116,0.7006734853865864,0.6997942780019908,0.6998824449719029,0.7007481938125439,0.000865748840641,False,0.0015836884939517404,0.0005319660005791427,
10352500,control,10329000,16,0.13767277693430724,0.5301414834892765,-0.053514574291233075,0.45035042678814063,-0.1388533393629925,0.3422042116434296,0.4810575510064221,False,-0.19118735122554031,-0.07979105670113584,
10020300,dam,,16,0.7363774385042385,0.6560835575017777,0.7334897511833902,0.6552011044622968,0.7316716462064661,0.7533026904650895,0.0216310442586233,True,-0.00288768732084832,-0.0008824530394808683,0.008228345746266297
10126000,dam,,16,0.4232298618627096,0.5516401962835811,0.4453056056006134,0.5614014193490997,0.4401706086550161,0.5388384905627525,0.0986678819077363,False,0.022075743737903775,0.009761223065518632,0.031227240711322768
10130500,dam,,16,0.5672053687339746,0.6849086252282626,0.5673220525181417,0.6849484106096542,0.56658105800904,0.5325527191370347,-0.0340283388720052,False,0.00011668378416707093,3.978538139159937e-05,-0.0036943505449192893
10134500,dam,,16,0.3046588939813052,0.2854287860917317,0.30588987916367893,0.285370989240341,0.3045156951154564,0.323287453979322,0.0187717588638656,True,0.001230985182373745,-5.779685139073454e-05,0.003230870536542141
10136500,dam,,16,0.7149121811437498,0.6615925524354915,0.7141207737611799,0.6587368620147306,0.7167861239758946,0.7097467950676761,-0.0070393289082184,False,-0.0007914073825698864,-0.002855690420760948,-0.0012409067910726934
10141000,dam,,16,0.5137456674979461,0.3874504336597342,0.5151703434639532,0.38673978241850593,0.5152875791045952,0.4647710959086417,-0.0505164831959534,False,0.0014246759660070385,-0.0007106512412282662,-0.004752753442434643
10163000,dam,,16,0.22640657229186745,0.5058033845225915,0.22990379467603994,0.5064671757917867,0.2288830669705848,0.2820591795398439,0.0531761125692591,False,0.0034972223841724936,0.0006637912691951353,0.0034263728731018794
10293000,dam,,16,0.5128116080214145,0.5986335956273825,0.5136873011451071,0.5988687156467436,0.5126551853260033,0.5324421919590852,0.0197870066330818,True,0.0008756931236926224,0.00023512001936110138,0.0006576683526048344
10297500,dam,,16,0.5596460815162297,0.6857122015512704,0.5721970870791793,0.6912611988337737,0.5578347391042602,0.6141575561704002,0.05632281706614,False,0.012551005562949524,0.005548997282503243,0.009994903585116233
10329000,dam,,16,-0.5014642263489799,0.3662098989880743,-0.48165611834529565,0.3694341885116085,-0.4885240923591372,-0.5576873114434397,-0.0691632190843025,False,0.019808108003684266,0.0032242895235341518,0.21099545922922458
10337500,dam,,16,0.07952466216983001,0.3732807308990428,0.10985171517644043,0.3769140519540697,0.0785912884331352,0.1615605064976559,0.0829692180645207,True,0.030327053006610427,0.0036333210550268946,0.024562851790841167
10340500,dam,,16,0.24966005356011933,0.47549738771593575,0.2684751793210566,0.48487248872470845,0.2492820044031576,0.3152193527874182,0.0659373483842605,True,0.018815125760937246,0.009375101008772702,0.020118798844160235
10344400,dam,,16,0.41332031149183346,0.4299154173891957,0.413507791468792,0.4255300849480804,0.4126308188216691,0.2153107978973569,-0.1973200209243121,True,0.00018747997695856,-0.004385332441115275,0.00550058553402899
10344500,dam,,16,0.2836137193913514,0.3346027004400398,0.29937155720985653,0.3382813133830993,0.2830670483747184,0.1924326345479758,-0.0906344138267425,True,0.01575783781850515,0.0036786129430594894,0.014174149324553409
10346000,dam,,16,0.70582834894956,0.6896898088636626,0.6962812719747544,0.6729655401780805,0.706078446982969,0.6741955257415275,-0.0318829212414414,False,-0.009547076974805613,-0.016724268685582078,-0.010389224018605758
10348000,dam,,16,0.7453114124962368,0.7472426016643965,0.7348215907282136,0.7271631469627096,0.7460027916047982,0.6934639120315456,-0.0525388795732526,False,-0.010489821768023155,-0.020079454701686927,-0.011373190185500537
10348200,dam,,16,0.7385342762419296,0.722295059207618,0.7303423033441189,0.703614501589664,0.7391227465732233,0.7110659966976469,-0.0280567498755763,False,-0.008191972897810706,-0.018680557617954063,-0.006640243002136836
10350000,dam,,16,0.7642741378532854,0.7581833143647395,0.7613374379601066,0.7412078770550258,0.7652131683831805,0.7533797998383255,-0.011833368544855,False,-0.0029366998931787958,-0.016975437309713737,-0.0075900623634206354
10396000,control,11441900,17,0.816412962741364,0.8174347847807795,0.8180966018790341,0.8171853680648871,0.8171141103705326,0.8171825796102734,6.846923974079822e-05,False,0.001683639137670112,-0.0002494167158924032,
12010000,control,11480390,17,0.8427833377864691,0.7944790154698707,0.840919108535534,0.7949329259757884,0.8419083881994973,0.8415072275584858,-0.0004011606410114,False,-0.001864229250935101,0.00045391050591769844,
12013500,control,14203500,17,0.8868427937548237,0.8933175581854855,0.8763396607217937,0.8926339192298735,0.8867860384492572,0.8869182805011693,0.000132242051912,False,-0.010503133033029965,-0.0006836389556120759,
12020000,control,11277300,17,0.7008029242439915,0.7135362937019043,0.6933730333528989,0.7098423321950578,0.6981808003032153,0.7026468305589488,0.0044660302557335,False,-0.007429890891092583,-0.0036939615068465326,
12025000,control,14153500,17,0.9045390017149039,0.8625803850872719,0.8978114201162326,0.864980384396417,0.9018471536001792,0.9047037384703194,0.00285658487014,False,-0.006727581598671262,0.00239999930914514,
12039500,control,14138850,17,0.7418310457780412,0.6144453930919822,0.7419757805498064,0.6163746450817815,0.7412864927399125,0.7391484567151393,-0.0021380360247732,False,0.00014473477176524252,0.0019292519897993188,
12040500,control,14187200,17,0.7938159693970117,0.668178716068889,0.7989720585666071,0.6739017751918134,0.7989967903679971,0.7969115543860368,-0.0020852359819603,False,0.005156089169595424,0.005723059122924368,
12041200,control,14169000,17,0.7171083054089114,0.6109077880791473,0.7359855172684335,0.6214229247818679,0.7325107207229132,0.72987092537948,-0.0026397953434332,False,0.01887721185952218,0.01051513670272064,
12043000,control,12117500,17,0.7818408793862094,0.692248004075259,0.7883565983379023,0.6959602424536426,0.7845218753570425,0.7828244296343373,-0.0016974457227052,False,0.006515718951692895,0.0037122383783836366,
12048000,control,12116500,17,0.39258738480439825,0.3290551448044955,0.3903966523266692,0.32815193933447784,0.3907864850897775,0.373524634290436,-0.0172618507993415,False,-0.0021907324777290516,-0.0009032054700176539,
12082500,control,14209000,17,0.7593715875590277,0.8257520110118346,0.7472267104875041,0.8180004561579035,0.7585287356485697,0.7659014860142377,0.0073727503656679,False,-0.012144877071523563,-0.007751554853931086,
12092000,control,11428800,17,0.7236822303656165,0.8482597145299724,0.7129101157925503,0.8434302571050953,0.7174548888041343,0.7260435984349296,0.0085887096307952,False,-0.01077211457306626,-0.004829457424877059,
12093500,control,14313500,17,0.7090714531066897,0.6476061612472752,0.7166038078218909,0.6535743014337337,0.7218299923519094,0.7180533321595395,-0.0037766601923698,False,0.007532354715201195,0.005968140186458526,
12121600,control,14162200,17,0.6734146783720787,0.521667535028306,0.676551865674909,0.5099263359636244,0.6729865404328996,0.6807009493047217,0.007714408871822,False,0.003137187302830302,-0.011741199064681629,
12134500,control,13246000,17,0.8304257042598944,0.8842285040590082,0.8340270062936974,0.89080099885932,0.8343034408688654,0.8368900682933562,0.0025866274244907,False,0.0036013020338030444,0.006572494800311746,
12167000,control,13240000,17,0.7416317259909124,0.8608312438437267,0.7274219704817431,0.8567662850404916,0.7357442417014346,0.7373302868043525,0.0015860451029179,False,-0.014209755509169364,-0.004064958803235097,
12175500,control,12026400,17,0.7379230564075482,0.7535045977853834,0.7358449637433304,0.7526765268613932,0.7345921677440768,0.7428723335358403,0.0082801657917634,False,-0.0020780926642177677,-0.0008280709239901762,
12186000,control,14140001,17,0.7165594240541335,0.7830637942659805,0.7153980225563555,0.7814955888992378,0.7148193036165795,0.7282994008343708,0.0134800972177913,False,-0.0011614014977779918,-0.0015682053667427365,
12189500,control,13046000,17,0.8010286363154988,0.8778160599070778,0.7966744881659771,0.8792198343202691,0.7983312938120564,0.8073010847454284,0.008969790933372,False,-0.0043541481495217305,0.0014037744131912833,
12205000,control,13236500,17,0.6422199466053916,0.684204629233397,0.639658954187663,0.6825996616383023,0.6390309584947255,0.6434536435973297,0.0044226851026042,False,-0.002560992417728558,-0.001604967595094653,
12302055,control,14152000,17,0.7984771300539012,0.8125945335251311,0.8007627353883775,0.8125330777736723,0.8009123422655802,0.801191036190203,0.0002786939246228,False,0.002285605334476304,-6.145575145877213e-05,
12334510,control,12362500,17,0.8824041149057701,0.8932975635227982,0.8854292835367622,0.8949233784040014,0.8850336564222665,0.8730584466094838,-0.0119752098127826,False,0.0030251686309921144,0.0016258148812031692,
12358500,control,13249500,17,0.8679571069228396,0.737515159584978,0.8649801313689395,0.7378440592606204,0.8651822604733737,0.867586151644065,0.0024038911706913,False,-0.0029769755539000853,0.0003288996756423135,
12370000,control,14150000,17,0.8786550301877284,0.8374039648998375,0.8738067542404779,0.8366777232034623,0.877546627826372,0.8801519702275352,0.0026053424011631,False,-0.004848275947250458,-0.0007262416963751406,
12381400,control,13039500,17,-1.9356361816897865,-1.2026344597688348,-1.9353941042634921,-1.2024875620514917,-1.9356917017923665,-0.8486915750975232,1.087000126694843,False,0.00024207742629434037,0.00014689771734310852,
12389500,control,12395000,17,0.8905458099606803,0.8184405675451898,0.8894770601980796,0.8186553844637114,0.8894951854890902,0.8820074347924579,-0.0074877506966323,False,-0.0010687497626007403,0.0002148169185216542,
12411000,control,12113000,17,0.7785239601190328,0.8594359003416578,0.7801714831819002,0.8613666560146304,0.7800412102499148,0.779650439011941,-0.0003907712379738,False,0.0016475230628674176,0.0019307556729725173,
12413000,control,13132535,17,0.8109135504266103,0.8131959717935032,0.817365139538887,0.8175375979177163,0.8159481966426184,0.8152665742124545,-0.0006816224301638,False,0.006451589112276723,0.004341626124213072,
12414500,control,14359000,17,0.9140173479578471,0.9009283850518526,0.9199975025955992,0.9029350054063403,0.918603046508693,0.9179725916072528,-0.0006304549014402,False,0.005980154637752144,0.0020066203544877315,
12414900,control,12086500,17,0.5473501808505689,0.4284648578810024,0.5560128221773495,0.43131144873990135,0.5504757034911623,0.5496244622453224,-0.0008512412458399,False,0.008662641326780629,0.002846590858898934,
12424000,control,13215000,17,0.6957703363603414,0.7731360258240035,0.7673272673713182,0.8416907967583135,0.769036277122378,0.7686854899881658,-0.0003507871342122,False,0.07155693101097682,0.06855477093430995,
12451000,control,14145500,17,0.7272729968526812,0.5770977386684307,0.7260428868514628,0.5767698948459492,0.7257654130390173,0.732287900094253,0.0065224870552357,False,-0.0012301100012184207,-0.00032784382248152166,
12452800,control,13174500,17,0.8926927379216746,0.9294069527133234,0.8908104565851748,0.9287407110600111,0.8907998183200587,0.894103005578875,0.0033031872588162,False,-0.0018822813364998137,-0.000666241653312305,
12459000,control,13050500,17,0.880329511925211,0.9235184111105255,0.8760896934993712,0.9175649429892823,0.8764939300112096,0.8804452928434291,0.0039513628322195,False,-0.00423981842583987,-0.0059534681212431995,
12462500,control,13037500,17,0.8834902712423301,0.9381190883629585,0.8859492165569645,0.9401281165775773,0.8864236480115836,0.8868027709163533,0.0003791229047697,False,0.0024589453146343088,0.002009028214618791,
12465000,control,13202000,17,0.4286392842517658,0.22628261476631284,0.46333830589042824,0.25962345808781917,0.4734223192069096,0.4734603579643247,3.8038757415148616e-05,False,0.03469902163866245,0.03334084332150633,
12488500,control,14140000,17,0.8320549394824133,0.8043737498253731,0.8308076675716518,0.8043058793022454,0.8315341942877962,0.8345064736418706,0.0029722793540744,False,-0.0012472719107614605,-6.787052312773323e-05,
13010065,control,14369500,17,0.7858658021009927,0.7207337873709413,0.7889895607109624,0.7216069057724008,0.7856270438335476,0.7877418448236659,0.0021148009901182,False,0.003123758609969718,0.0008731184014595383,
13011500,control,10134500,17,0.8480795360123071,0.7437474304531804,0.8460796506581387,0.7441704844767875,0.8475253194346994,0.8509989147222773,0.0034735952875778,False,-0.001999885354168396,0.00042305402360709454,
13023000,control,13245000,17,0.8965350489956353,0.9366710381691601,0.8983613685122261,0.9376345206724963,0.8986147261145746,0.8987131995819684,9.847346739377816e-05,False,0.0018263195165908463,0.0009634825033362215,
13049500,control,14220500,17,0.8740619575721681,0.9326484138729224,0.8723500804049263,0.9317950672203995,0.8740411297287836,0.8813694673498029,0.0073283376210193,False,-0.0017118771672417488,-0.0008533466525229016,
13055000,control,14238000,17,0.4285686395242597,0.34696803349729133,0.42372215316303363,0.3471746252254858,0.426447392579845,0.4608781955293203,0.0344308029494753,False,-0.004846486361226088,0.0002065917281944829,
13075000,control,13217500,17,0.3565500184817896,0.6945808975168576,0.37342364544196294,0.7022939463291318,0.3595258947006463,0.4101272671111465,0.0506013724105002,False,0.01687362696017336,0.0077130488122741925,
13078000,control,13042500,17,0.5202362043584027,0.3423999430990792,0.5169797840707517,0.3423038640696414,0.5180655602802928,0.538249966726302,0.0201844064460091,False,-0.0032564202876509407,-9.60790294377567e-05,
13082500,control,12101500,17,0.6088100124613574,0.8037241958535599,0.6069486896150087,0.8026090133623387,0.6097130514818099,0.6358411771182594,0.0261281256364495,False,-0.0018613228463486564,-0.0011151824912212227,
13083000,control,11427760,17,0.5974838028461567,0.767783935518866,0.6009020600493226,0.768749724626978,0.5994834847780884,0.6267647633206442,0.0272812785425557,False,0.0034182572031659086,0.0009657891081119585,
13120500,control,12089500,17,0.22167507260047692,0.01919681108623461,0.22379876820643974,0.02008845965409367,0.2240387234821633,0.2249978890536701,0.0009591655715067,False,0.0021236956059628165,0.0008916485678590602,
13185000,control,14339000,17,0.7255818560571075,0.539647833310017,0.7272366942653793,0.5402769504022309,0.727509344130501,0.7268453195105937,-0.0006640246199072,False,0.001654838208271836,0.0006291170922139155,
13186000,control,13190500,17,0.6879458720570646,0.5523378287427751,0.6919972971669028,0.5534781107586286,0.6922248368490609,0.7629817902432328,0.0707569533941718,False,0.004051425109838247,0.0011402820158534777,
13200000,control,14366000,17,0.7793790995242336,0.5625756405300034,0.7777933355636016,0.5629147112845296,0.7791001503688679,0.778889612726665,-0.0002105376422029,False,-0.0015857639606319252,0.00033907075452621616,
13235000,control,14157500,17,0.8679313616727709,0.7724522990569086,0.8662684516119433,0.7725573051732826,0.8658372297459103,0.8750783665673355,0.0092411368214252,False,-0.0016629100608275271,0.0001050061163739846,
13292000,control,12452500,17,0.8556484601519514,0.8324006807179145,0.8554185736063236,0.8337879343133127,0.8551916458762809,0.8314500703899047,-0.0237415754863762,False,-0.00022988654562783317,0.0013872535953981524,
13297355,control,11422500,17,0.7356168441894079,0.552918023404884,0.7364264369765011,0.5531499297792204,0.73654076505255,0.7365006071487576,-4.015790379230389e-05,False,0.0008095927870932496,0.00023190637433634365,
13313000,control,14362000,17,0.8132588346017487,0.7691140007912175,0.8128296281500944,0.7690097313498943,0.8128615964099332,0.8272089586608953,0.0143473622509621,False,-0.00042920645165434035,-0.00010426944132324589,
13316500,control,14148000,17,0.9044628752961926,0.9207578920039406,0.9014115847921942,0.9199292526827569,0.9024666296451288,0.9093333531125286,0.0068667234673996,False,-0.0030512905039984384,-0.0008286393211837106,
13331500,control,12036000,17,0.8974866389267553,0.8477740802325155,0.8921887331382385,0.8477284019640237,0.8940384604679324,0.8949685163229733,0.0009300558550408,False,-0.0052979057885167435,-4.567826849188883e-05,
13336500,control,13038500,17,0.9409852225962618,0.9352935815918328,0.9413104142628136,0.935939426833929,0.9412886978333196,0.938050390759746,-0.0032383070735734,False,0.0003251916665517607,0.0006458452420960992,
13337000,control,12422500,17,0.9293727503329666,0.8649055774911499,0.9305404120309522,0.8654222574909549,0.9306683826036256,0.9291154687645972,-0.0015529138390285,False,0.0011676616979855448,0.0005166799998049809,
13338500,control,13206000,17,0.8848273001491365,0.8685214239024261,0.8870423111884055,0.8682049723598061,0.8864897333269953,0.8857956802422527,-0.0006940530847425,False,0.0022150110392690214,-0.00031645154262005537,
13339500,control,13147900,17,0.8701651542502474,0.8555919246666928,0.8700834993422168,0.855695753780525,0.8701004961675989,0.869436349688827,-0.0006641464787718,False,-8.165490803058173e-05,0.00010382911383222115,
13340000,control,12433000,17,0.942305413796787,0.9104788259187775,0.944540371486505,0.91178808042801,0.9441922265800712,0.9428722814281668,-0.0013199451519042,False,0.0022349576897180423,0.0013092545092324714,
13340600,control,13032500,17,0.9042363510532979,0.8551009858719147,0.9061509415687928,0.8556287067465352,0.9061414383639966,0.9057684387186224,-0.0003729996453742,False,0.0019145905154949183,0.0005277208746204964,
13345000,control,12342500,17,0.8511077649621824,0.8698776770747789,0.8629879184035953,0.8760259104906064,0.863853741994783,0.8632486066857162,-0.0006051353090668,False,0.01188015344141291,0.0061482334158274865,
14020000,control,10344400,17,0.77369948339059,0.7422643408353802,0.7683863778335196,0.7399800718504205,0.7745060324960407,0.7822285830206596,0.0077225505246188,False,-0.00531310555707043,-0.002284268984959703,
14096850,control,11176500,17,0.4789083390291352,0.5486685786785114,0.46323301528580263,0.5471126777746347,0.4653378475403364,0.5152183568253064,0.0498805092849699,False,-0.01567532374333258,-0.0015559009038766947,
14097100,control,13066000,17,0.8102490231193464,0.8215684560200872,0.801263893476235,0.8202423114009567,0.8027649679783897,0.808406680506199,0.0056417125278093,False,-0.008985129643111489,-0.0013261446191304982,
14120000,control,13148500,17,0.835843281860992,0.9110679971159992,0.8285852254233438,0.9095754563967213,0.8342433100935776,0.8523576758246472,0.0181143657310696,False,-0.007258056437648208,-0.0014925407192778462,
14123500,control,14316500,17,0.8751186028977249,0.9292651475909243,0.8728061541777064,0.927802219166954,0.874375592735971,0.8788473120986523,0.0044717193626813,False,-0.0023124487200185673,-0.0014629284239702223,
14137000,control,14208700,17,0.8667823044124463,0.9206560582438597,0.8571105805087201,0.9198062902472312,0.8677905599682223,0.8708708631604027,0.0030803031921804,False,-0.00967172390372617,-0.0008497679966285032,
14154500,control,14159500,17,0.8703506354356991,0.8101213745239849,0.8734255627575741,0.813262867374337,0.8756922159750238,0.8745673105908897,-0.0011249053841341,False,0.003074927321874976,0.0031414928503520345,
14178000,control,12148500,17,0.8290899503740783,0.7962999285251604,0.827117361967065,0.7956065745671089,0.8273450217333269,0.8277963549139067,0.0004513331805797,False,-0.0019725884070133093,-0.0006933539580514791,
14182500,control,11246500,17,0.8045122557389115,0.811264399722746,0.7913384300708655,0.804627463905119,0.8013205706139113,0.8042905407621019,0.0029699701481906,False,-0.013173825668046035,-0.006636935817627032,
14185000,control,14151000,17,0.8989857148787043,0.8581762785204925,0.8970306201731248,0.864118470012011,0.9011408402354892,0.9001846015147804,-0.0009562387207087,False,-0.0019550947055794188,0.005942191491518534,
14185900,control,11480410,17,0.8857212540475322,0.9029025814326836,0.881276517871806,0.9019770776085653,0.8825067546796458,0.889110970069052,0.0066042153894062,False,-0.0044447361757261605,-0.0009255038241183788,
14190500,control,12106700,17,0.8971277564388919,0.9229011636774566,0.8879048177519788,0.9186331471814336,0.8943368759018636,0.8961546952070134,0.0018178193051497,False,-0.00922293868691304,-0.0042680164960229305,
14216500,control,11408880,17,0.8043086053869586,0.8874259102056503,0.8019594390704481,0.8864425691128514,0.8024507871664898,0.8273979666384141,0.0249471794719243,False,-0.002349166316510498,-0.0009833410927989616,
14222500,control,11176400,17,0.8677071913668937,0.9259440887036366,0.8614271622765695,0.9221266648401583,0.8691000166970413,0.8816064078828003,0.012506391185759,False,-0.006280029090324213,-0.0038174238634783864,
14236200,control,13239000,17,0.8226390811468971,0.8056427229402986,0.8063991796942233,0.7980952798004592,0.8252798996027414,0.8296451852773274,0.004365285674586,False,-0.016239901452673844,-0.007547443139839349,
14301500,control,11314500,17,0.8918808290728047,0.7653236902435969,0.8921679498848831,0.7653567079982632,0.8921180700867243,0.8909165348445415,-0.0012015352421828,False,0.0002871208120783786,3.301775466624246e-05,
14305500,control,11462000,17,0.8401833947080125,0.7825471424617537,0.8631433730873106,0.7997983004099657,0.84641509660393,0.8444402955226108,-0.0019748010813191,False,0.022959978379298085,0.01725115794821197,
14306500,control,14170000,17,0.8998286118992987,0.8782274061730039,0.8830728623108651,0.8722006702013504,0.8938312831542188,0.8945985109193768,0.000767227765158,False,-0.01675574958843362,-0.006026735971653485,
14308000,control,14210000,17,0.8922330195708553,0.884071242071156,0.8876287834412144,0.8813788206966672,0.8896062444253412,0.890080556145721,0.0004743117203798,False,-0.004604236129640893,-0.0026924213744887737,
14309500,control,11414250,17,0.7654290869009531,0.8094491485783615,0.7546204263888769,0.8060230802730342,0.7482829528613579,0.7755539879321098,0.0272710350707519,False,-0.010808660512076185,-0.0034260683053273233,
14316700,control,11278400,17,0.8961781753366466,0.9255797166827164,0.8919986166814555,0.9228545498405918,0.8934522537847618,0.8971134392237292,0.0036611854389674,False,-0.00417955865519104,-0.002725166842124649,
14325000,control,12119000,17,0.8150991381995383,0.8285559839086623,0.811363832163454,0.8318394105912592,0.8134234199709178,0.8138068067016357,0.0003833867307179,False,-0.003735306036084296,0.003283426682596957,
14377100,control,14181500,17,0.9284132426114842,0.9207017439193819,0.9209470080729464,0.9175958833283931,0.926187125300238,0.9263925832129736,0.0002054579127354,False,-0.007466234538537786,-0.0031058605909887183,
14400000,control,14155500,17,0.747331560575228,0.5219563961164437,0.7420751404786895,0.5242246731010538,0.7451312821220877,0.7457083758361316,0.0005770937140439,False,-0.005256420096538483,0.0022682769846100737,
12026400,dam,,17,0.851099744297142,0.848756511473921,0.8482875411883608,0.8335067673555888,0.847161805580632,0.8484359541645886,0.0012741485839565,False,-0.002812203108781164,-0.015249744118332131,-0.0007341104445633961
12036000,dam,,17,0.715062211207789,0.6427354249836797,0.7217454375628796,0.6334797804498895,0.7157764657369925,0.7163958312454696,0.000619365508477,False,0.006683226355090555,-0.009255644533790242,0.011981132143607298
12086500,dam,,17,0.4786298448929365,0.7215799177139253,0.5915446911883067,0.754713266943471,0.4755350526253549,0.6654833515587637,0.1899482989334088,True,0.11291484629537019,0.033133349229545694,0.10425220496858956
12089500,dam,,17,0.6055837568626039,0.7265649150801878,0.6783654039863911,0.7318075351020413,0.5968157322324699,0.7359972101135763,0.1391814778811064,False,0.07278164712378721,0.005242620021853495,0.07065795151782439
12101500,dam,,17,0.8250164153030852,0.874284696130904,0.8216155114849002,0.8796909708289791,0.8265905561111553,0.8306230763256677,0.0040325202145123,False,-0.0034009038181850304,0.005406274698075086,-0.001539580971836374
12106700,dam,,17,0.6410172374798235,0.760916026414515,0.7600122863566328,0.8506356131336179,0.6348106988512872,0.6386126170243391,0.0038019181730519,True,0.11899504887680923,0.08971958671910296,0.12821798756372227
12113000,dam,,17,0.7519963686237199,0.8339543505970171,0.8456020183685073,0.9130990374676353,0.7429581188358917,0.7867715717500915,0.0438134529141998,False,0.09360564974478747,0.07914468687061826,0.09195812668192005
12116500,dam,,17,-0.047089521211409524,0.48975979368802525,0.40127860332308707,0.6426090006970235,-0.0560226800314336,0.5788972121074096,0.6349198921388433,True,0.4483681245344966,0.1528492070089983,0.45055885701222564
12117500,dam,,17,0.4213402143889343,0.6782139824883525,0.5935566358440008,0.748618635616848,0.3895792862369944,0.7248744362849429,0.3352951500479484,False,0.17221642145506644,0.07040465312849553,0.16570070250337354
12119000,dam,,17,0.6621825327632942,0.8182100877265925,0.7746192810127916,0.8527226160913901,0.6422116247706708,0.7966114406581712,0.1543998158875004,False,0.11243674824949745,0.03451252836479757,0.11617205428558175
12148500,dam,,17,0.7460348188543584,0.740043961366508,0.7577908984868251,0.7593752136161446,0.7413556308438454,0.7685465563779253,0.0271909255340799,False,0.01175607963246672,0.01933125224963661,0.01372866803948003
12342500,dam,,17,0.6201221011816134,0.5679680034162984,0.6209644063881057,0.568450047486565,0.6206498521820132,0.6239503907708485,0.0033005385888352,True,0.0008423052064923109,0.00048204407026664065,-0.0110378482349206
12362500,dam,,17,0.05188473304916463,-0.009033385303787389,0.002353772632836315,-0.08355926437132055,0.0509158447667349,-0.2350584675931406,-0.2859743123598756,True,-0.04953096041632832,-0.07452587906753316,-0.05255612904732043
12395000,dam,,17,0.8029772533086881,0.8173633865404317,0.8343909955274058,0.8367665437736955,0.8008645477842334,0.8500345956590424,0.0491700478748089,False,0.03141374221871773,0.0194031572332638,0.03248249198131847
12422500,dam,,17,0.8299883767512224,0.903738679403864,0.8743855228966944,0.9214070688000227,0.8222402991614434,0.9136307950247088,0.0913904958632653,False,0.044397146145471966,0.017668389396158668,0.04322948444748642
12433000,dam,,17,0.8400226021180159,0.9145640301342606,0.8798213705913508,0.9326955177418512,0.8350641228129885,0.9119366358284736,0.0768725130154851,True,0.039798768473334856,0.018131487607590646,0.03756381078361681
12452500,dam,,17,0.19710489414583254,0.5061437471620318,0.3076752850173784,0.4622845022127511,0.1908668147174933,0.3089336414105169,0.1180668266930236,True,0.11057039087154585,-0.04385924494928073,0.11080027741717369
13032500,dam,,17,0.4712947426647609,0.4867318097026886,0.47164438273473785,0.45086066868507446,0.4702286733152719,0.638316656291059,0.1680879829757871,True,0.00034964006997695307,-0.03587114101761413,-0.0015649504455179652
13037500,dam,,17,0.4170242640196672,0.44254469218776715,0.4046868593363001,0.4056084903368741,0.416794813636824,0.5585288291958952,0.1417340155590711,False,-0.012337404683367081,-0.03693620185089308,-0.01479634999800139
13038500,dam,,17,0.4191508911276476,0.6153377858224749,0.4437827214319009,0.5801282870180966,0.418581256523773,0.5118506672964123,0.0932694107726392,False,0.02463183030425331,-0.03520949880437829,0.02430663863770155
13039500,dam,,17,0.035711773558638416,0.425693451033206,0.031154808579408333,0.4203312976329463,0.0371273233960524,0.1056906057954155,0.0685632823993631,True,-0.004556964979230083,-0.005362153400259695,-0.004799042405524423
13042500,dam,,17,0.5270976271307004,0.590275923917736,0.5239966002121987,0.5849547577031937,0.5274093037006862,0.3782033288282603,-0.1492059748724258,True,-0.0031010269185016703,-0.005321166214542261,0.00015539336914927038
13046000,dam,,17,0.5677416728295577,0.6396754668669636,0.5661126780459409,0.6357193235241241,0.5676019534721862,0.6008149386598284,0.0332129851876421,True,-0.0016289947836167773,-0.003956143342839558,0.002725153365904953
13050500,dam,,17,0.7264498427975071,0.841834658177061,0.727285444946111,0.8419172255302367,0.726610356804301,0.7586571959076489,0.0320468391033479,False,0.0008356021486038978,8.256735317568875e-05,0.0050754205744437675
13066000,dam,,17,0.391978273631301,0.5857462732743532,0.40158917272223715,0.5721637541400998,0.3925319626518863,0.3776119351408671,-0.0149200275110191,False,0.009610899090936154,-0.013582519134253457,0.018596028734047643
13132535,dam,,17,-2.657816624128996,-2.5964374455478265,-2.714895706930397,-2.6087145844860666,-2.712262343815342,-1.729587500311942,0.9826748435033998,False,-0.05707908280140117,-0.012277138938240117,-0.0635306719136779
13147900,dam,,17,0.9039960476459006,0.804625432357778,0.9046130026064835,0.8051050457497073,0.9044255261452172,0.9017841095305236,-0.0026414166146936,True,0.0006169549605828939,0.0004796133919293677,0.0006986098686134756
13148500,dam,,17,0.7048081476936208,0.775278330892353,0.7035139648825961,0.7751763819404965,0.7037293527416875,0.703307605111981,-0.0004217476297064,False,-0.001294182811024669,-0.00010194895185644537,0.005963873626623539
13174500,dam,,17,0.3004473939000517,0.23184680147618386,0.3003217315328992,0.230732981700286,0.3003753810257831,0.3167529764503827,0.0163775954245996,True,-0.00012566236715250145,-0.0011138197758978619,0.0017566189693473122
13190500,dam,,17,0.40478092903799734,0.5010180257133408,0.41231103648285616,0.49769445034044757,0.4028571842183331,0.4615419122662582,0.058684728047925,True,0.0075301074448588246,-0.003323575372893184,0.0034786823350205776
13202000,dam,,17,0.4066351330304895,0.4898412865517303,0.4160764416648671,0.4837622493331102,0.4051864661033227,0.4829596882339996,0.0777732221306768,True,0.009441308634377643,-0.006079037218620131,-0.02525771300428481
13206000,dam,,17,0.16237493762160582,0.37108450213912114,0.1816146754143695,0.37111131925498764,0.1617398846308226,0.2362079864421612,0.0744681018113385,False,0.019239737792763667,2.6817115866495378e-05,0.017024726753494646
13215000,dam,,17,0.3321937953195684,0.42952540091989666,0.32912757908016865,0.4273847016397453,0.3246695594421883,0.3513961698615832,0.0267266104193948,True,-0.0030662162393997328,-0.0021406992801513702,-0.07462314725037655
13217500,dam,,17,0.39496577146661194,0.5621814424371747,0.39736509474548387,0.561614422548899,0.3933976190258598,0.4106892812126557,0.0172916621867958,True,0.0023993232788719343,-0.0005670198882756772,-0.014474303681301426
13236500,dam,,17,0.2739922281603302,0.48803663251056373,0.3272318262283592,0.5055495524476903,0.2730244013316604,0.374053617124446,0.1010292157927856,True,0.053239598068029026,0.01751291993712656,0.055800590485757584
13239000,dam,,17,0.6086146597573057,0.4256774626937797,0.6032390127993552,0.4210060923016129,0.6087877183439127,0.630664184971491,0.0218764666275783,True,-0.005375646957950453,-0.004671370392166807,0.010864254494723391
13240000,dam,,17,0.802791952504281,0.7310455849530998,0.8042453463914309,0.7352903653191306,0.802162968028809,0.8018341278182377,-0.0003288402105713,True,0.001453393887149823,0.00424478036603082,0.015663149396319187
13245000,dam,,17,0.19104597929938227,0.3790045954997402,0.24668932105885133,0.3726453007021461,0.1909136273948896,0.2154138602377563,0.0245002328428667,True,0.055643341759469056,-0.006359294797594117,0.05381702224287821
13246000,dam,,17,0.4295594115769996,0.4627732749084237,0.42795248594414725,0.43295740417925876,0.4295098155548594,0.4037681710716257,-0.0257416444832336,False,-0.001606925632852363,-0.029815870729164917,-0.005208227666655407
13249500,dam,,17,0.8069604190625121,0.7239841704403852,0.7946714282347788,0.699345686348553,0.8083230781176427,0.8064482620534732,-0.0018748160641695,True,-0.012288990827733381,-0.024638484091832225,-0.009312015273833296
14138850,dam,,17,0.8357137931193599,0.7354989829177566,0.8235012984783867,0.7310019860392325,0.83500476663906,0.8334160595630007,-0.0015887070760592,True,-0.012212494640973182,-0.004496996878524118,-0.012357229412738424
14140000,dam,,17,0.7309865299602734,0.5704281669298282,0.7356503761569386,0.5652395168370303,0.7265204158977143,0.7285929896268293,0.0020725737291149,True,0.004663846196665267,-0.005188650092797897,0.005911118107426727
14140001,dam,,17,0.6538691060566707,0.4467853038908084,0.6586217976258493,0.4433508257213701,0.6495626491765878,0.651514564683066,0.0019519155064782,True,0.004752691569178569,-0.0034344781694383153,0.0059140930669565606
14145500,dam,,17,0.4272925023661017,0.5633444433880024,0.4642344201999997,0.572525334962008,0.4256630020353104,0.4524620610769463,0.0267990590416359,True,0.036941917833898,0.00918089157400559,0.03817202783511642
14148000,dam,,17,0.6932919118287472,0.6782663259974873,0.6812108458370059,0.6631165532175658,0.6987373069454075,0.6968524571547703,-0.0018848497906371,False,-0.012081065991741302,-0.015149772779921467,-0.009029775487742864
14150000,dam,,17,0.4413506835063583,0.585873300247147,0.5160932169207355,0.6066132495853234,0.4361858957830959,0.4954576559359875,0.0592717601528915,True,0.0747425334143772,0.020739949338176356,0.07959080936162766
14151000,dam,,17,0.3855479699675711,0.5795766511581021,0.4481244132927975,0.593736265851388,0.384496220224789,0.4625142293406867,0.0780180091158977,True,0.06257644332522638,0.01415961469328586,0.0645315380308058
14152000,dam,,17,0.5980304604691615,0.685350168859769,0.6466506399783055,0.6839661780403568,0.5957763247195863,0.6245847177296975,0.0288083930101111,False,0.04862017950914399,-0.0013839908194122064,0.046334574174667686
14153500,dam,,17,0.6922503153738652,0.8189282260182906,0.7315734162119376,0.8312432875883499,0.6913497986650868,0.7131032707794639,0.021753472114377,True,0.039323100838072444,0.012315061570059238,0.046050682436743706
14155500,dam,,17,0.5056942757279723,0.7330778204959584,0.6822658513301285,0.7932932470161689,0.4847973118539171,0.7024597536563855,0.2176624418024683,True,0.1765715756021562,0.0602154265202105,0.18182799569869468
14157500,dam,,17,0.865767406749985,0.9091446979722784,0.8670698586439006,0.9004541812386362,0.8617000175538037,0.8684865471632417,0.006786529609438,False,0.001302451893915646,-0.008690516733642184,0.002965361954743173
14159500,dam,,17,0.4085469953930331,0.4462249269281784,0.42481261885432586,0.4537577380046939,0.4075136786132913,0.3795450159314357,-0.0279686626818556,True,0.01626562346129279,0.007532811076515489,0.013190696139417812
14162200,dam,,17,0.3279175542736328,0.467788351490493,0.38719040551750505,0.48671191144987436,0.3277880698278566,0.3739779255083857,0.0461898556805291,True,0.05927285124387227,0.01892355995938133,0.05613566394104197
14169000,dam,,17,0.3922742731958456,0.6409868160327552,0.5752499541080525,0.7075915587426849,0.3731369137967949,0.6411163530576799,0.2679794392608849,True,0.18297568091220684,0.06660474270992967,0.16409846905268466
14170000,dam,,17,0.7152502747517533,0.7550588725799896,0.7692490864938586,0.7456666689790931,0.7105122089254903,0.7505995875326189,0.0400873786071286,False,0.0539988117421053,-0.009392203600896543,0.07075456133053892
14181500,dam,,17,0.35311708099715766,0.47410999251293084,0.41630514168053323,0.49927062756755025,0.3479871823972239,0.4742857705029997,0.1262985881057757,True,0.06318806068337557,0.025160635054619407,0.07065429522191335
14187200,dam,,17,0.6081993632925482,0.7616843971510693,0.7591252041838157,0.769081041676949,0.5984421001936004,0.7623025959656382,0.1638604957720377,False,0.15092584089126748,0.007396644525879736,0.14576975172167206
14203500,dam,,17,0.8653182715586917,0.8582002929829449,0.8668128034322319,0.8559502685528104,0.8657909106797085,0.8698926390656576,0.0041017283859491,False,0.0014945318735402058,-0.002250024430134445,0.011997664906570171
14208700,dam,,17,0.30300795191854546,0.4913659582552966,0.3265920684188869,0.5013658476334757,0.3030150847021376,0.3281735392119131,0.0251584545097754,True,0.023584116500341423,0.009999889378179083,0.033255840404067594
14209000,dam,,17,0.5264894924753614,0.6698526713069228,0.52364678822876,0.6636263440969843,0.5271020950241012,0.5160491930248261,-0.0110529019992751,False,-0.0028427042466013797,-0.0062263272099385425,0.009302172824922184
14210000,dam,,17,0.9055961927559457,0.9026364823722286,0.9052211716176524,0.8988718933521621,0.9024867208105768,0.9047799383727092,0.0022932175621322,True,-0.00037502113829335215,-0.003764589020066489,0.004229214991347541
14220500,dam,,17,0.726860551920713,0.8579346505911235,0.7097350399443668,0.8300610544849105,0.725931065699538,0.7585186399733113,0.0325875742737732,True,-0.017125511976346153,-0.027873596106212983,-0.015413634809104404
14238000,dam,,17,0.3553802867912401,0.6836962414033794,0.5176590410956783,0.7557074011292476,0.2949166246254715,0.7444966635656423,0.4495800389401707,True,0.16227875430443817,0.07201115972586825,0.16712524066566425
14313500,dam,,17,0.08212429653353037,0.07412814172642679,0.08283698653331206,0.07458187951304995,0.0819134392801411,0.0851676781563911,0.0032542388762499,True,0.0007126899997816905,0.0004537377866231651,-0.0068196647154195045
14316500,dam,,17,0.702570311154032,0.803718253186998,0.7006954205169079,0.8044748309058063,0.7011489767126787,0.7678758614434613,0.0667268847307825,False,-0.0018748906371240937,0.0007565777188083267,0.0004375580828944736
14339000,dam,,17,0.7070992181144611,0.8493084839292224,0.7333480180855305,0.8489013608427943,0.7058435729075645,0.7035516020923753,-0.0022919708151891,False,0.026248799971069436,-0.00040712308642809614,0.0245939617627976
14359000,dam,,17,0.843050060151167,0.907076882146311,0.8457104470627917,0.8900453551717048,0.8425508531477494,0.8418277125591866,-0.0007231405885627,False,0.0026603869116247347,-0.017031526974606193,-0.0033197677261274094
14362000,dam,,17,0.6569318260615378,0.7162939944116569,0.6762088684210982,0.7133677383735044,0.6533118233838,0.6564937592473443,0.0031819358635443,True,0.019277042359560403,-0.0029262560381524416,0.019706248811214744
14366000,dam,,17,0.8073113985938541,0.7893708101302606,0.8047681617069048,0.7734641670292666,0.8049504984474491,0.8061421472335666,0.0011916487861174,False,-0.0025432368869493516,-0.01590664310099399,-0.0009574729263174264
14369500,dam,,17,0.889240977862298,0.8799758163931335,0.8859315808510398,0.8672177943719079,0.8872058462744119,0.887372438489244,0.000166592214832,False,-0.0033093970112582083,-0.012758022021225557,-0.006433155621227926
10258500,control,11367800,18,0.2723689822516778,0.6027812703047555,0.2699586948498982,0.6024663809725884,0.2721597948420311,0.4694385243127551,0.197278729470724,False,-0.0024102874017796205,-0.0003148893321670565,
10265150,control,11471500,18,0.5294975945563813,0.7220583208890179,0.5306401373665705,0.7223287293083911,0.5292254773018965,0.5509149735161905,0.0216894962142939,False,0.0011425428101891066,0.0002704084193732026,
11028500,control,11149400,18,0.5093750107482506,0.15039905721673763,0.5005808460760903,0.1374229195600538,0.5105665862584502,0.5180096275317508,0.0074430412733006,False,-0.00879416467216032,-0.012976137656683817,
11062000,control,11292700,18,0.4276320894602126,0.3165221591748093,0.4275957752764905,0.3164984772100504,0.4278362923893631,0.4275929893312337,-0.0002433030581294,False,-3.6314183722074844e-05,-2.3681964758881513e-05,
11062001,control,11123500,18,0.35135010744611683,0.17019163770346757,0.35132393901002235,0.17016950778666162,0.3515515260024516,0.3497073575317146,-0.0018441684707369,False,-2.6168436094486935e-05,-2.2129916805946337e-05,
11063510,control,11417500,18,0.22048480463203446,0.13220874931226212,0.22228137310898755,0.13399607089969767,0.2210478268878245,0.220641995405507,-0.0004058314823175,False,0.0017965684769530865,0.001787321587435553,
11124500,control,11109600,18,0.6475882116711054,0.7249776266782557,0.6471959386015385,0.7251332713149653,0.6448076195570398,0.656143722375663,0.0113361028186231,False,-0.00039227306956690633,0.00015564463670958428,
11132500,control,11292900,18,0.6410444716082578,0.753071302240315,0.624456322141993,0.7473543158053362,0.6227122353830339,0.7190041410869636,0.0962919057039297,False,-0.016588149466264857,-0.005716986434978866,
11136800,control,11507500,18,0.48697127470101953,0.34388760400521834,0.5093078155620052,0.3284779390215805,0.4976814639203278,0.4978447838763409,0.000163319956013,False,0.022336540860985687,-0.015409664983637827,
11140000,control,11421000,18,0.7319724917176725,0.5783828674894969,0.7208399924257335,0.5701017820299338,0.7125524983366608,0.7164169050418134,0.0038644067051526,False,-0.011132499291939046,-0.008281085459563076,
11143000,control,11424000,18,0.8084038771228359,0.7417805138557383,0.807329813690604,0.740413274265328,0.8079991730474096,0.7980267122994213,-0.0099724607479882,False,-0.001074063432231931,-0.0013672395904102963,
11149900,control,11444500,18,0.749610325847605,0.6742335529568377,0.7627644991129326,0.6939750470709289,0.7642546875022498,0.7560959965123707,-0.008158690989879,False,0.01315417326532764,0.019741494114091207,
11151300,control,11323500,18,0.6082752553280246,0.4031130645560277,0.6743343955204949,0.40998104571515936,0.665716818082176,0.6653108013715001,-0.0004060167106758,False,0.06605914019247028,0.006867981159131675,
11152000,control,11133000,18,0.7587094235926887,0.845118422535856,0.7605302382824893,0.8453544313748916,0.763007002561561,0.7632939410041397,0.0002869384425787,False,0.001820814689800665,0.00023600883903562853,
11152600,control,11216200,18,0.731684968427626,0.6991048476400197,0.73322968272356,0.7037520796790839,0.7374231416771655,0.7372823889753768,-0.0001407527017887,False,0.0015447142959340576,0.004647232039064253,
11160000,control,11156500,18,0.7964578338815241,0.8014662156819998,0.7898677803883132,0.7996868811983329,0.7892395447009973,0.7867480009872445,-0.0024915437137528,False,-0.006590053493210957,-0.0017793344836669611,
11160500,control,11443500,18,0.8363801526476409,0.8810710393263955,0.8206412653035445,0.8729494870596366,0.8263173231435169,0.8267095031158118,0.0003921799722949,False,-0.01573888734409634,-0.008121552266758925,
11162500,control,11345500,18,0.7540752306493954,0.7640578474094981,0.7355983612635695,0.7575079382068418,0.7248417819431079,0.7575388447428836,0.0326970627997756,False,-0.018476869385825934,-0.006549909202656301,
11200800,control,11109800,18,0.6750812400935644,0.591963042721859,0.6655285866186047,0.5965714925398018,0.665726305029875,0.6369938418200956,-0.0287324632097794,False,-0.009552653474959705,0.004608449817942839,
11224500,control,11276500,18,-0.14148760815839734,-0.7836650066391349,-0.17124250858871481,-0.8486444550177599,-0.1982121726060073,-0.1959583722222093,0.0022538003837979,False,-0.029754900430317477,-0.06497944837862502,
11253310,control,11470500,18,0.2209135342950953,-0.3077955521785767,0.2263460227788452,-0.331045966511228,0.2301664117572057,0.2314049083521974,0.0012384965949916,False,0.005432488483749887,-0.023250414332651292,
11264500,control,11319500,18,0.7567380999463795,0.7914694009628405,0.7565291156231766,0.7915025570489845,0.7565738933803615,0.7638939612583244,0.0073200678779629,False,-0.00020898432320293203,3.315608614407051e-05,
11266500,control,11303000,18,0.7241571358257718,0.6773356284608398,0.7239648931871765,0.6774749805621213,0.724103646342009,0.7231565001839526,-0.0009471461580563,False,-0.0001922426385952969,0.0001393521012814647,
11274500,control,11399500,18,0.7969830168281671,0.6001995733975941,0.7687854729445954,0.5661507765893057,0.7920735690329008,0.7925339394573081,0.0004603704244072,False,-0.028197543883571652,-0.03404879680828843,
11274630,control,11022480,18,0.5581600503257911,-0.13499318297301977,0.5374325774722986,-0.1413473269575236,0.5575194684453058,0.561072126524959,0.0035526580796532,False,-0.020727472853492523,-0.006354143984503846,
11318500,control,11218400,18,0.7978768952413451,0.6845582919623725,0.7922092783614095,0.6832715201109578,0.7932688408110679,0.7979410166927738,0.0046721758817059,False,-0.005667616879935555,-0.0012867718514146809,
11367500,control,11452500,18,0.19125174059477767,0.5628873467166313,0.18710104992340415,0.5638765472066398,0.188355048303785,0.2103211217829708,0.0219660734791857,False,-0.004150690671373525,0.0009892004900085016,
11374000,control,11242000,18,0.7951323216115903,0.8113630005503305,0.7660224332647723,0.800408988150118,0.7786788562014704,0.7876982045645544,0.009019348363084,False,-0.029109888346818047,-0.010954012400212543,
11379500,control,11023000,18,0.5310785007419481,0.6818943199080069,0.5260260807208424,0.6600611987333518,0.5176613199980682,0.5673445409526895,0.0496832209546213,False,-0.005052420021105619,-0.02183312117465508,
11383500,control,11044000,18,0.8763908471629904,0.8021295998992873,0.8656874024835829,0.8023690326695181,0.8729009471854822,0.876086847593127,0.0031859004076448,False,-0.010703444679407537,0.00023943277023075193,
11390000,control,11451000,18,0.8331584946368947,0.8099382100063597,0.8226666186778137,0.8067746808096448,0.8333864857154365,0.8286307131455508,-0.0047557725698856,False,-0.010491875959081076,-0.0031635291967149204,
11402000,control,11454000,18,0.7301757348738191,0.7160081935915285,0.7090241393649763,0.7081026271730633,0.7278287891824712,0.7476192244927056,0.0197904353102343,False,-0.021151595508842824,-0.007905566418465182,
11413000,control,11302000,18,0.8361201141123111,0.7528806087796158,0.8316114153221027,0.7510738602246801,0.8328693035469856,0.8337829557814675,0.0009136522344819,False,-0.004508698790208432,-0.0018067485549356777,
11451100,control,11427000,18,0.7309130573606873,0.7498470379161852,0.7257772394262025,0.7466362694160105,0.7290944507951169,0.7273851415050029,-0.001709309290114,False,-0.00513581793448481,-0.0032107685001747654,
11461000,control,11276900,18,0.7917685882515065,0.7279083705951923,0.7870611750220045,0.7255713093518923,0.787575724037411,0.7872516766488293,-0.0003240473885817,False,-0.004707413229502078,-0.0023370612433000204,
11468000,control,11270900,18,0.7203666751706742,0.6479224117742151,0.719587940032431,0.6328134800699599,0.7246662349246518,0.7247032961356596,3.706121100788273e-05,False,-0.000778735138243225,-0.015108931704255202,
11468500,control,11481000,18,0.8589485477190985,0.8657856491938657,0.8521566321582431,0.860393817336549,0.8540655482868305,0.8586961668083408,0.0046306185215103,False,-0.006791915560855344,-0.005391831857316731,
11469000,control,11525500,18,0.7656957461303258,0.7244094275149371,0.7837295547180265,0.739616093656403,0.77696540676995,0.7762805755978278,-0.0006848311721221,False,0.01803380858770076,0.01520666614146593,
11473900,control,11251000,18,0.7978292822364744,0.8365963282253603,0.793238771857346,0.8352841155089223,0.7961911027791448,0.7959169797553188,-0.000274123023826,False,-0.0045905103791283874,-0.0013122127164379993,
11476500,control,11527000,18,0.8601893885500356,0.8832949284920872,0.8670879785842949,0.8817356687125444,0.8694032887215151,0.8693472523794676,-5.603634204742747e-05,False,0.0068985900342593,-0.0015592597795428542,
11478500,control,11401112,18,0.8281252953264362,0.7227654680091466,0.8226535733344926,0.7212172240902819,0.8276213673927085,0.8271181765864631,-0.0005031908062453,False,-0.005471721991943568,-0.0015482439188647668,
11482500,control,11234760,18,0.839075121039137,0.7905071043803644,0.8413187042594096,0.7955388538127389,0.841359717321659,0.8411556626219037,-0.0002040546997553,False,0.002243583220272627,0.005031749432374499,
11519500,control,11289650,18,0.7715325961942043,0.7942185668000955,0.7607900974402844,0.7902772152469367,0.7684653894597305,0.7752905131542496,0.006825123694519,False,-0.010742498753919971,-0.003941351553158778,
11522500,control,11446500,18,0.7889598202543283,0.7628781346928517,0.7844070145836551,0.7620935511353092,0.784016607742297,0.7880751476484212,0.0040585399061242,False,-0.004552805670673177,-0.0007845835575425175,
11523200,control,10261500,18,0.4275071521329815,0.5431900052977078,0.42402247141183413,0.5402830410504279,0.4252813824816086,0.4321149651218997,0.0068335826402911,False,-0.003484680721147382,-0.002906964247279875,
11528700,control,11407000,18,0.856158346971166,0.7998365051287988,0.8602698819837586,0.8036765360924564,0.8592560146372532,0.8592253951684418,-3.061946881144362e-05,False,0.004111535012592649,0.0038400309636575924,
10260950,dam,,18,0.4297175724968939,0.10376116584942474,0.4158795385560027,0.09813397316768446,0.428737610364163,0.3995803001472814,-0.0291573102168816,False,-0.013838033940891226,-0.005627192681740278,-0.015260016493065631
10261500,dam,,18,0.774526421431001,0.6085342753492973,0.7863088682503836,0.5868844782283338,0.7770973718905604,0.74629933208438,-0.0307980398061803,False,0.011782446819382564,-0.021649797120963488,0.015267127540529946
11022480,dam,,18,0.7128271881311595,0.658106055178972,0.7206308421805079,0.6731016938318418,0.7284733421419144,0.7281042715821112,-0.0003690705598031,False,0.007803654049348352,0.014995638652869792,0.028531126902840875
11023000,dam,,18,0.7781157839677736,0.6494997576617683,0.7771517716016358,0.6860198646173823,0.786780020905025,0.7902905966477594,0.0035105757427343,False,-0.0009640123661377453,0.03652010695561403,0.004088407654967874
11025500,dam,,18,0.5812728244613065,0.24669815918289517,0.5851153407979623,0.24465369217963218,0.5845538332445169,0.5854711806112743,0.0009173473667574,False,0.003842516336655888,-0.0020444670032629952,0.0005829303889334225
11044000,dam,,18,0.7226795282202518,0.5799229522422045,0.7535860119973049,0.6298383242698578,0.7494733469032979,0.7487593980287537,-0.0007139488745442,False,0.030906483777053073,0.04991537202765328,0.04160992845646061
11085000,dam,,18,0.5194910907710012,0.33539144536912635,0.48440797105023814,0.32435124578148034,0.5353041947499625,0.5301531949548375,-0.005150999795125,True,-0.035083119720763056,-0.011040199587646016,-0.029773439936465862
11097000,dam,,18,0.6621573848411839,0.4820000672706335,0.6578786486861723,0.48037419830459716,0.662959305034851,0.6622292784828222,-0.0007300265520288,True,-0.00427873615501162,-0.0016258689660363368,0.0012529116998591938
11109600,dam,,18,0.15344098520674332,-0.0196480630994027,0.15569431041236814,-0.017381180421564446,0.1556109632689083,0.1551384297983903,-0.000472533470518,False,0.002253325205624823,0.0022668826778382556,0.0026455982751917295
11109800,dam,,18,-0.1474464166506988,-0.19763423298029914,-0.15549051316483342,-0.19435724700789447,-0.1586721671977193,0.1922553306265173,0.3509274978242367,True,-0.008044096514134624,0.003276985972404667,0.0015085569608250804
11123000,dam,,18,0.7759304847684655,0.7536004476251873,0.771608302634816,0.7352604005379975,0.7715997050762528,0.771923735189748,0.0003240301134952,True,-0.004322182133649544,-0.018340047087189837,-0.0035452493374746874
11123500,dam,,18,0.867201965067769,0.8872030951484093,0.8610253161212766,0.8983337612945077,0.8637077279313938,0.8636931581458067,-1.4569785587115192e-05,False,-0.006176648946492391,0.011130666146098367,-0.006150480510397904
11133000,dam,,18,0.6285272617841478,0.7687339036936018,0.6644611673078256,0.7553370561665996,0.6036035677546412,0.7194761881214727,0.1158726203668315,False,0.03593390552367781,-0.01339684752700221,0.03411309083387715
11149400,dam,,18,0.23601862974292764,0.19668347005800213,0.3502902539367685,0.21936106288516777,0.2209589963328939,0.3442148548035364,0.1232558584706424,True,0.11427162419384085,0.022677592827165638,0.12306578886600117
11156500,dam,,18,0.762880751785938,0.7793708940010367,0.756840481026891,0.7882211094429474,0.7627563923393534,0.7628226050196684,6.621268031492544e-05,False,-0.006040270759046895,0.00885021544191078,0.0005497827341640615
11176400,dam,,18,0.6252467807584842,0.7501801073832106,0.5797812706936284,0.7194679389413876,0.6431710996248758,0.6423853704188479,-0.0007857292060279,True,-0.045465510064855774,-0.030712168441823007,-0.03918548097453156
11176500,dam,,18,0.23225779027041682,-0.09327382218612557,0.3041904935699917,-0.10824973232420843,0.2159113439225107,0.3764663118892772,0.1605549679667665,True,0.07193270329957491,-0.01497591013808286,0.08760802704290749
11214600,dam,,18,-1.617968407961638,-0.026138534092556398,-1.5203221735125232,-0.011775661988568276,-1.6178067250199355,-3.4690691337193917,-1.851262408699456,True,0.09764623444911491,0.014362872103988122,0.09636133724245066
11216200,dam,,18,0.49475787544848937,0.47343537805956526,0.49343877611686104,0.4699878077967339,0.4945238917168651,0.4760201423036492,-0.0185037494132159,False,-0.0013190993316283262,-0.0034475702628313787,-0.0028638136275623838
11218400,dam,,18,0.34090947819353146,0.1934588133312607,0.33298054193298254,0.18819136745814558,0.3415856906937604,0.3409460058575732,-0.0006396848361872,False,-0.007928936260548913,-0.0052674458731151175,-0.002261319380613358
11231500,dam,,18,-0.4880842543937196,-0.33175324429891884,-0.47808837123675807,-0.322260268661422,-0.4884500141593833,-0.4922145958507702,-0.0037645816913869,True,0.009995883156961538,0.009492975637496848,0.01012062543493164
11231600,dam,,18,0.2812253650190423,0.27311592383409966,0.31170137518615826,0.2865200785256299,0.2807633692658288,0.4483961209511105,0.1676327516852817,True,0.030476010167115986,0.013404154691530223,0.015005069620198874
11234760,dam,,18,0.7185938853782188,0.7145922087188511,0.7153951619963259,0.7102168429836189,0.7188585121260573,0.7179425407517765,-0.0009159713742807,True,-0.003198723381892865,-0.004375365735232228,-0.005442306602165492
11242000,dam,,18,0.7177420393119862,0.691917542797384,0.7123137817077662,0.6867557112742281,0.7180636745206157,0.7179296903198318,-0.0001339842007839,True,-0.005428257604220055,-0.005161831523155969,0.023681630742597992
11246500,dam,,18,0.6759201485442309,0.6936129389228822,0.6760330708508878,0.6832943924741341,0.6756321729252694,0.6751367895370245,-0.0004953833882449,False,0.00011292230665693737,-0.010318546448748078,0.013286747974702973
11251000,dam,,18,0.49596841230379596,0.6489529058229491,0.4954214465969278,0.639389260531555,0.4949793652468341,0.4933204449750383,-0.0016589202717958,False,-0.0005469657068681855,-0.009563645291394085,0.004043544672260202
11270900,dam,,18,0.40435272199534833,0.6400675644333458,0.43478643411902673,0.639424078846381,0.4019196473105204,0.3301078274195157,-0.0718118198910047,True,0.030433712123678403,-0.0006434855869648093,0.031212447261921628
11276500,dam,,18,0.5342147832394222,0.5644117705931705,0.5277386765986667,0.5598448166654921,0.5349270349367771,0.4890232025294373,-0.0459038324073397,True,-0.006476106640755486,-0.004566953927678363,0.02327879378956199
11276900,dam,,18,0.5043237398700058,0.3791688994231408,0.49932125302574526,0.3764043185878875,0.5050717854405798,0.4831255794800652,-0.0219462059605146,False,-0.005002486844260523,-0.0027645808352533274,-0.0002950736147584454
11277300,dam,,18,0.14014347603333022,0.08977456989897703,0.13566531685869476,0.08431001671969596,0.1402292422711289,0.085067160668885,-0.0551620816022438,True,-0.004478159174635454,-0.005464553179281073,0.002951731716457129
11278000,dam,,18,0.4234241992663216,0.3744832790182423,0.42136208138102016,0.3731501153695297,0.4234094522544251,0.4134788799524056,-0.0099305723020195,True,-0.0020621178853014177,-0.0013331636487126097,-0.0005469912069803184
11278400,dam,,18,-0.11924908191229,-0.031380407380413144,-0.12186172197194467,-0.03313562539577575,-0.1192634273827857,-0.1362008494671995,-0.0169374220844138,False,-0.0026126400596546695,-0.001755218015362603,0.0015669185955363707
11289650,dam,,18,0.5622035439070381,0.5953673322067088,0.5524949599811546,0.5650382958591329,0.5608520116244762,0.5042307874984802,-0.056621224125996,True,-0.009708583925883474,-0.03032903634757589,0.0010339148280364974
11292700,dam,,18,0.35312884413862555,0.23468512922183282,0.3304239472559125,0.22208460311486844,0.354328326570706,0.2271242304698667,-0.1272040961008392,False,-0.022704896882713044,-0.012600526106964383,-0.02266858269899097
11292900,dam,,18,0.3630139973058788,0.27948350871424466,0.3437321696903719,0.2680134380847201,0.3635697121017971,0.3170361387076245,-0.0465335733941726,True,-0.019281827615506897,-0.011470070629524542,-0.0026936781492420403
11296500,dam,,18,0.6209250940810586,0.7177291225705758,0.6213015640718959,0.7206593879171084,0.6204865371049499,0.5580895745643436,-0.0623969625406063,False,0.0003764699908372915,0.0029302653465326234,-0.005940831547278647
11298000,dam,,18,0.4327972144291209,0.34053626148982963,0.42948808427919416,0.33743344923432605,0.4325433693444841,0.3410450534024359,-0.0914983159420481,False,-0.003309130149926731,-0.003102812255503573,-0.003744167681141941
11302000,dam,,18,0.24391497639580295,0.4631623161731171,0.32399100234920064,0.4384829385839154,0.242840679652188,0.4375927505175667,0.1947520708653787,True,0.08007602595339769,-0.02467937758920169,0.08458472474360612
11303000,dam,,18,0.2894767006609955,0.45931339632795576,0.3460557139855449,0.44204590200835603,0.2880016793876321,0.3587587148202752,0.0707570354326431,False,0.0565790133245494,-0.01726749431959973,0.056771255963144696
11314500,dam,,18,0.6272563770002026,0.6710058788197633,0.6334367314822966,0.6711028312056895,0.6263519857381665,0.6305138507631938,0.0041618650250272,True,0.006180354482093975,9.695238592621891e-05,0.005893233670015596
11319500,dam,,18,0.6688943618572062,0.5847088626436143,0.6682961175753347,0.5814575494770071,0.6873677741982438,0.6860825796721228,-0.0012851945261209,True,-0.0005982442818714961,-0.003251313166607206,-0.0003892599586685641
11323500,dam,,18,0.5214807358803234,0.7135499770543192,0.5577908170391663,0.7248754442980145,0.5163969293007052,0.6715459881295853,0.15514905882888,True,0.03631008115884293,0.01132546724369532,-0.029749059033627345
11345500,dam,,18,0.7002798797290251,0.7313974334717772,0.6999377179505615,0.7310578827434848,0.6982325377697762,0.7232919612587785,0.0250594234890022,False,-0.00034216177846357887,-0.00033955072829239263,0.018134707607362355
11367800,dam,,18,0.006514409484439931,-0.4150822691598046,-0.006817112935190384,-0.4168320866484354,0.0035222377415302,0.00908110587065,0.0055588681291197,False,-0.013331522419630315,-0.0017498174886307893,-0.010921235017850695
11396200,dam,,18,0.6949429175421054,0.4372353750990775,0.6698373742863575,0.4231456290839848,0.6959063659874651,0.6887191703815474,-0.0071871956059177,False,-0.025105543255747875,-0.014089746015092719,-0.023899648366688897
11399500,dam,,18,0.028062200677642424,-0.20711884928437918,0.036325811677628383,-0.18389884903987674,0.0262374852540211,0.0204953522437552,-0.0057421330102659,True,0.00826361099998596,0.023220000244502437,0.03646115488355761
11400500,dam,,18,0.3794669655026708,0.6423777934325376,0.4075833202039818,0.6368317227041002,0.3758943281907462,0.3842569527700995,0.0083626245793533,True,0.02811635470131102,-0.005546070728437491,0.028100395437982262
11401112,dam,,18,-0.533378432317489,0.12134963120977482,-0.47294157630568123,0.1398753924528383,-0.5925174817180721,-0.2144181424050368,0.3780993393130352,False,0.060436856011807816,0.018525761243063488,0.06590857800375138
11407000,dam,,18,0.4192645723315417,-0.6253576215371945,0.4371460911051763,-0.6437574264812456,0.409187484439994,0.4624458552997864,0.0532583708597924,True,0.01788151877363464,-0.018399804944051024,0.013769983761041993
11408880,dam,,18,0.680159689131598,0.48351548309646397,0.6671881679744062,0.4744845915014072,0.6756296070725336,0.6822508564646494,0.0066212493921158,False,-0.012971521157191801,-0.009030891595056767,-0.010622354840681303
11414250,dam,,18,0.10694258831932746,-0.7137193309703485,0.09140723315959631,-0.723194767787261,0.1068552316118395,0.0561040761481166,-0.0507511554637228,True,-0.015535355159731146,-0.009475436816912541,-0.004726694647654961
11417500,dam,,18,0.7644571703687801,0.6218964792121988,0.7553890143609856,0.6117381947448076,0.7626831948550985,0.7534460713263571,-0.0092371235287413,False,-0.009068156007794537,-0.010158284467391199,-0.010864724484747623
11421000,dam,,18,0.7830213460979634,0.7537614547330154,0.8145447159768489,0.7212351826686967,0.7805720555406925,0.8173327539789768,0.0367606984382842,False,0.03152336987888549,-0.032526272064318684,0.042655869170824534
11422500,dam,,18,0.6873118419291768,0.45521859881349236,0.6808412602552157,0.4543041944784596,0.6847728100758927,0.6691762471155374,-0.0155965629603553,True,-0.006470581673961084,-0.0009144043350327591,-0.007280174461054334
11424000,dam,,18,0.818204430436403,0.7986653805716815,0.80741782602732,0.780432899401452,0.8093960873316521,0.8028580535954332,-0.0065380337362189,True,-0.010786604409082967,-0.018232481170229464,-0.009712540976851036
11427000,dam,,18,0.8890525261348377,0.858399765093855,0.8912923412377178,0.8565184094045326,0.8911460360815531,0.8893503797024804,-0.0017956563790726,True,0.0022398151028801827,-0.0018813556893223504,0.0073756330373649925
11427760,dam,,18,0.6283326887216062,0.7738502945637709,0.6423606962905768,0.7887331411940233,0.6276012267183096,0.6167157292697611,-0.0108854974485484,False,0.014028007568970602,0.014882846630252411,0.010609750365804693
11428800,dam,,18,0.22100117826662713,0.13112115124899726,0.23553708914552696,0.14440858533979795,0.2184668825089016,0.2159052950367035,-0.0025615874721981,True,0.014535910878899827,0.013287434090800687,0.025308025451966087
11441900,dam,,18,0.46575072161521613,-0.6030753276562664,0.4731641293724189,-0.6094218997613841,0.4649254414207717,0.4646479893087231,-0.0002774521120486,False,0.0074134077572027834,-0.006346572105117687,0.005729768619532671
11443500,dam,,18,0.5169741088056664,-1.5355227764016668,0.5121604940829758,-1.5445545376021967,0.5157197160353085,0.5188360474820621,0.0031163314467536,True,-0.004813614722690596,-0.009031761200529953,0.010925272621405746
11444500,dam,,18,0.562770550118877,0.4054999077307938,0.5591794801242549,0.4015012345533393,0.5627389179613635,0.5630243903151726,0.000285472353809,False,-0.003591069994622109,-0.003998673177454504,-0.01674524325994975
11446500,dam,,18,0.5507368227877869,0.7719872127690766,0.7435630625224783,0.8365083814669365,0.5372188714231396,0.7127473428843667,0.175528471461227,True,0.19282623973469137,0.06452116869785995,0.19737904540536455
11451000,dam,,18,0.6174450514400378,0.7742247677006846,0.6546780319071712,0.7867678872124504,0.5964621969551099,0.6446322911689283,0.0481700942138183,True,0.037232980467133414,0.012543119511765788,0.04772485642621449
11452500,dam,,18,0.8187793316175004,0.7560322933566543,0.8178386618429538,0.7280957317961914,0.8230763414244752,0.8264032510385062,0.003326909614031,False,-0.0009406697745465431,-0.02793656156046298,0.0032100208968269817
11454000,dam,,18,0.5081968973593334,0.4186983090619043,0.507837298805695,0.4113264792863206,0.506725182980694,0.4277232198995139,-0.0790019630811801,True,-0.0003595985536384294,-0.007371829775583705,0.020791996955204395
11460600,dam,,18,0.7368025125496291,0.5958481843901069,0.7405590541449136,0.5981677739401763,0.7285880032731676,0.7226283291394158,-0.0059596741337518,False,0.0037565415952844905,0.0023195895500693897,0.031660600666177374
11461500,dam,,18,0.7561515372713439,0.7621497024254936,0.5987071853661629,0.6790940780486956,0.7516508685682999,0.7514979268196817,-0.0001529417486181,True,-0.15744435190518102,-0.08305562437679803,-0.15650831698519485
11462000,dam,,18,-0.0696246370580873,0.44377878163035145,0.20629772631836873,0.549983970898021,-0.0709072829472847,0.3002491227713374,0.3711564057186222,True,0.27592236337645604,0.10620518926766953,0.25296238499715795
11470500,dam,,18,0.6476222197249933,0.7866455948794422,0.6700600760157414,0.7892519409771003,0.6439159231991152,0.6562961851137084,0.0123802619145931,True,0.022437856290748015,0.0026063460976580854,0.01700536780699813
11471500,dam,,18,0.6690121896423895,0.6787986425992132,0.6839739156970097,0.6751899331478266,0.658826602474446,0.6862295985002944,0.0274029960258483,False,0.014961726054620206,-0.0036087094513865825,0.0138191832444311
11480390,dam,,18,0.7356859074108615,0.713874310785217,0.759597445725279,0.7208494417994216,0.7627239586132204,0.7620428820600929,-0.0006810765531275,True,0.023911538314417502,0.00697513101420455,0.025775767565352603
11480410,dam,,18,0.7531490895087228,0.6773187962701104,0.7464916062650087,0.6821570544124533,0.7482299624772214,0.7493413655310974,0.001111403053876,True,-0.0066574832437141795,0.004838258142342955,-0.002212747067988019
11481000,dam,,18,0.8211934785782697,0.721588142617002,0.8352739955005215,0.7317706119691643,0.8284969814679402,0.8279265703636097,-0.0005704111043304,False,0.014080516922251762,0.010182469352162271,0.020872432483107106
11507500,dam,,18,0.3881192374868524,0.6840452500163261,0.4246524566073864,0.6964134198328829,0.3710736861855214,0.3274148872241063,-0.0436587989614151,True,0.03653321912053398,0.012368169816556751,0.01419667825954829
11525500,dam,,18,0.10387233197454171,0.224642170037479,0.1495161821394665,0.2191180016421731,0.09954470874621,0.150697887696739,0.051153178950529,True,0.04564385016492478,-0.005524168395305895,0.02761004157722402
11527000,dam,,18,0.7079399941965123,0.8193887678146954,0.7055820162127695,0.8087885204025174,0.6918669040299616,0.7154341882131496,0.0235672841831879,False,-0.0023579779837428205,-0.010600247412178021,-0.00925656801800212
