STAID,nse_off,kge_off,nse_learned,kge_learned,dam,d_nse,d_kge
14190500,0.8943331688560214,0.9206877447476369,0.8915562027002368,0.9199720815015348,False,-0.0027769661557845993,-0.0007156632461021717
14301000,0.9451647638037961,0.935211869423,0.9486256654543213,0.9396654727363548,False,0.00346090165052515,0.004453603313354759
14301500,0.8921196116368361,0.7653077524708969,0.8915709625948848,0.7649402612049339,False,-0.0005486490419512879,-0.00036749126596302695
14305500,0.8464222251175235,0.7866937921246345,0.8617046760119786,0.798624272090755,False,0.015282450894455124,0.01193047996612051
14150000,0.43618072713602396,0.5837252329738845,0.5216550574596339,0.597105376708322,True,0.08547433032360996,0.013380143734437522
14152000,0.5957914316561957,0.6850568144936972,0.6515430709712204,0.6717041816079934,True,0.05575163931502469,-0.013352632885703763
14153500,0.6914379499689012,0.8185864605349132,0.729090652561823,0.8310764676728313,True,0.03765270259292186,0.012490007137918036
14154500,0.8756887296894252,0.8148142778215282,0.8733695703747356,0.8132716378616369,False,-0.0023191593146896228,-0.0015426399598912344
14155500,0.484845963540282,0.7253514885136628,0.6976055579574618,0.7958448874001383,True,0.21275959441717984,0.07049339888647543
14157500,0.8617131583012585,0.9078618231122781,0.8678182091858786,0.8989607590244925,True,0.0061050508846201,-0.008901064087785682
14166000,0.8558364980593122,0.8308395067643544,0.8629563341579135,0.8017037045586936,True,0.00711983609860134,-0.02913580220566081
14166500,0.7478537696585323,0.6502187739873929,0.749167185461697,0.6500694345304036,False,0.0013134158031646859,-0.00014933945698936135
14169000,0.37312343238170065,0.6327554767833303,0.5143705004874803,0.6900954292836864,True,0.1412470681057797,0.05733995250035606
14170000,0.7105179963539822,0.7554987666772448,0.7501701574368962,0.7517632652887293,True,0.03965216108291403,-0.0037355013885155275
14174000,0.9046173667958416,0.9362016680668699,0.9119198314826821,0.925457917869054,True,0.007302464686840482,-0.010743750197815927
14306500,0.8938331879876482,0.8760557182302754,0.8793999107446738,0.8715115515525848,False,-0.014433277242974385,-0.004544166677690642
14319500,0.9318915850188245,0.9433123946682618,0.9270859216169717,0.9381834538955424,True,-0.004805663401852844,-0.005128940772719415
14321000,0.9418273655133472,0.9614150963787744,0.9487237766036017,0.9666115015429863,True,0.006896411090254517,0.005196405164211826
14308000,0.8896002626405699,0.8836117145438005,0.8866626582179354,0.8808695744581185,False,-0.0029376044226344655,-0.0027421400856819655
14308990,0.8663869107508795,0.7272489610580276,0.861095957658869,0.7228025884263236,True,-0.005290953092010442,-0.004446372631703999
14309000,-0.06666961728693588,0.5004781598108612,0.018903891188764677,0.529165123875549,True,0.08557350847570055,0.028686964064687848
14309500,0.7482728085948256,0.8035273045422446,0.744299924660862,0.8025325574018427,False,-0.003972883933963556,-0.0009947471404019304
14310000,0.8697152433137825,0.8783802792701147,0.8603166570199884,0.8755193735546236,True,-0.009398586293794087,-0.0028609057154911355
14312000,0.9340821941842001,0.9658662604297855,0.9336733741685859,0.96621577930003,True,-0.00040882001561426407,0.0003495188702444807
14316700,0.8934465242890991,0.9239230834999654,0.8891549167651756,0.9205610576243832,False,-0.004291607523923546,-0.0033620258755822086
14325000,0.8134128355907942,0.8313195915040271,0.8101948877278585,0.8331319237693103,False,-0.0032179478629357217,0.001812332265283212
14330000,0.6959758308330334,0.7971801930583693,0.6949993494022292,0.796919703485375,False,-0.0009764814308041991,-0.00026048957299429354
14332000,0.7313536333949492,0.7069626458854275,0.7316829852095392,0.7070678067565442,False,0.0003293518145900398,0.00010516087111678285
14337500,0.8961829968025248,0.9219100847361171,0.8952597569342648,0.9213872192758664,False,-0.0009232398682599285,-0.0005228654602507099
14339000,0.7097280059892446,0.8500679135031346,0.7423606204739187,0.8318537409362258,True,0.03263261448467414,-0.018214172566908826
14357500,0.7764060754587048,0.8358639999291778,0.7806406278603145,0.8347011298592365,True,0.004234552401609748,-0.001162870069941313
14359000,0.8445697373134822,0.9042918221819262,0.8436671904051697,0.863329549855555,True,-0.0009025469083124849,-0.040962272326371174
14361500,0.884159924946362,0.9033241282805154,0.885680936587552,0.8624927924460364,True,0.0015210116411900065,-0.040831335834479066
14362000,0.6533290588679459,0.714610391415854,0.6742689687086687,0.7073462859607462,True,0.020939909840722803,-0.0072641054551078055
14366000,0.8049527675086319,0.7896857998689815,0.8006730285776691,0.7658518104845977,True,-0.004279738930962784,-0.023833989384383747
14369500,0.8872062084388287,0.881533927174295,0.8853465286837519,0.8625743498328945,True,-0.0018596797550768374,-0.018959577341400524
14372300,0.9224232409652895,0.8712912914154683,0.9176072162644954,0.8497860673903598,True,-0.004816024700794119,-0.02150522402510857
14377100,0.9261841498811699,0.9208410506546825,0.9223709776635826,0.9187007872167795,False,-0.0038131722175873684,-0.0021402634379029672
11342000,0.7596814149153969,0.80834284471325,0.7654523550593582,0.8017796112886316,True,0.0057709401439612895,-0.006563233424618398
11367500,0.18839568403684614,0.5625341244882063,0.18773627430565665,0.563043684822655,False,-0.0006594097311894975,0.000509560334448711
11367800,0.0036100837846797518,-0.4155284289653254,-0.0018980211996242335,-0.41622198839398683,True,-0.005508104984303985,-0.0006935594286614499
11517500,0.7219201179022998,0.7001480912628548,0.7190606210465286,0.6980936749711883,True,-0.0028594968557712486,-0.002054416291666472
11519500,0.7684452107073129,0.792442347191862,0.7614684126665119,0.7905955844060759,False,-0.00697679804080098,-0.0018467627857861046
11522500,0.7840021900168723,0.7622314236171598,0.7768262831136299,0.7591004139557191,False,-0.007175906903242435,-0.0031310096614406424
11523200,0.4252441417579679,0.5413993350310076,0.4221843893748769,0.538814409881786,False,-0.0030597523830909745,-0.0025849251492215952
11525500,0.09952355050759365,0.2236339462912178,0.16785597813054165,0.2209383097373231,True,0.068332427622948,-0.002695636553894709
11527000,0.6917373269859701,0.8171619173761839,0.6948174461526164,0.7989617663560908,True,0.0030801191666463,-0.01820015102009309
11374000,0.7786719459894383,0.8039538038881268,0.7739122014177673,0.8025833653954545,False,-0.004759744571671054,-0.0013704384926722657
11379500,0.5175905403519326,0.6477172588717617,0.5272412547200026,0.660180124079887,False,0.009650714368069968,0.01246286520812534
11383500,0.8729054809969661,0.803086028339336,0.8704032491510756,0.8028863430189954,False,-0.00250223184589049,-0.00019968532034053688
11390000,0.8333809955400646,0.8100937656170236,0.8236639602901044,0.8075229273059069,False,-0.00971703524996026,-0.0025708383111167077
11396200,0.6959063655787536,0.4371764764993177,0.6847634994708491,0.4321909712444104,True,-0.011142866107904492,-0.004985505254907263
11403800,-0.11825297836549242,0.42019041048825434,-0.12282876949380217,0.4196992707737437,True,-0.0045757911283097474,-0.0004911397145106466
11404330,0.5036763783112113,-0.15042059827011278,0.502186863239952,-0.1503952643514186,True,-0.001489515071259273,2.5333918694192548e-05
11404500,0.4801443811289965,-0.15547173069546671,0.47720039482281096,-0.15573079692305836,True,-0.002943986306185531,-0.0002590662275916422
11407000,0.4091327523455073,-0.6271674365654429,0.10387175270162674,-0.7411276554104411,True,-0.30526099964388054,-0.11396021884499818
11319500,0.6758289927719614,0.5805740946548834,0.6141589876287517,0.5540763906480349,True,-0.06167000514320975,-0.026497704006848477
11323500,0.5199340929830618,0.7132077236788898,0.5858947272386748,0.7313212582114923,True,0.06596063425561294,0.01811353453260245
11335000,0.8541579804927593,0.7683583098935192,0.8556449450244467,0.7684917219877646,True,0.0014869645316873958,0.0001334120942454442
11417500,0.7627178482626228,0.6216751708352777,0.7584460773395847,0.6161809004467733,True,-0.0042717709230380985,-0.005494270388504363
11418500,0.7824687902924029,0.7034814188607803,0.7727068686964462,0.7017317962792076,False,-0.00976192159595668,-0.0017496225815727406
11421000,0.778130799935674,0.7496653181217814,0.7870742404375458,0.661321136784183,True,0.008943440501871791,-0.08834418133759836
11424000,0.8093876340391339,0.7977252824031165,0.7472533458764582,0.734319360308463,True,-0.062134288162675744,-0.06340592209465346
11427000,0.8911433294602265,0.8576615273897887,0.8905905450006893,0.8565166977901637,True,-0.0005527844595371034,-0.0011448295996250302
11446500,0.5466428626479016,0.7691470599420118,0.7396848709649363,0.8047346955941491,True,0.19304200831703466,0.035587635652137295
11451000,0.5965091265825738,0.7718107155200449,0.6637567463142016,0.7885459039048981,True,0.06724761973162774,0.016735188384853217
11451100,0.7290877137085234,0.7487817557632888,0.7267195679456229,0.7472487828926369,False,-0.0023681457629005642,-0.0015329728706519052
11452500,0.8231751903309898,0.7528669300601786,0.817275610553006,0.7210971727657196,True,-0.005899579777983832,-0.03176975729445897
11454000,0.5067006561792684,0.41994506137276966,0.47571739893918097,0.3900985898680728,True,-0.030983257240087436,-0.02984647150469688
11458000,0.7420286705455961,0.5524350617555681,0.7378818041440353,0.5444404180531133,True,-0.004146866401560811,-0.00799464370245484
11152600,0.7374349193173318,0.7052953104260323,0.7346905620496533,0.70273254903889,False,-0.002744357267678521,-0.002562761387142287
11158600,0.6889616290805896,0.47150406540089174,0.6711243116240485,0.4688750659132501,True,-0.017837317456541046,-0.0026289994876416145
11159000,0.8745529954092331,0.8780334616063956,0.8581020296927778,0.866882979467831,True,-0.016450965716455324,-0.011150482138564621
11160000,0.7892357869856745,0.8013849086156529,0.7869749506058265,0.7996005523290018,False,-0.0022608363798480857,-0.0017843562866510787
11176400,0.6432365985060344,0.7595300008703392,0.5988490221023675,0.7313541783693388,True,-0.04438757640366697,-0.02817582250100037
11176500,0.2158197562648677,-0.10560334403372207,0.28399029673480736,-0.11217165745286639,True,0.06817054046993964,-0.006568313419144323
11176900,0.6491661017799253,0.7723524507952089,0.6505908422342438,0.7738134388297508,True,0.0014247404543185072,0.0014609880345419768
11179000,0.7461841990817701,0.8329802500975749,0.737797164050084,0.8367413368478533,True,-0.00838703503168614,0.0037610867502784195
11180700,0.6879745874165384,0.8084670823302831,0.6614065476713995,0.7876783520827636,True,-0.026568039745138883,-0.020788730247519482
11274500,0.7920569737984412,0.5714409525136073,0.7899947045970472,0.5789532742483741,False,-0.0020622692013939625,0.0075123217347667914
11274630,0.5574771446934934,-0.13775438918927163,0.5239722007767742,-0.14666479830408496,False,-0.03350494391671921,-0.008910409114813334
11302000,0.2531255211526101,0.4596307493321935,0.3351914200740914,0.4116510925380539,True,0.0820658989214813,-0.047979656794139625
11303000,0.28908134387165907,0.4577349259503627,0.35398896764246357,0.4138351181740293,True,0.0649076237708045,-0.0438998077763334
11143200,0.8442316778882513,0.8256790500188105,0.8432786715263314,0.8232801292560233,False,-0.0009530063619198614,-0.002398920762787138
11147500,0.8194631856395869,0.8623809251756709,0.8265552115851209,0.8454093523196324,True,0.007092025945534042,-0.016971572856038453
11148900,0.5725912637651639,0.34265841885643256,0.5821262698335752,0.350849619365312,False,0.00953500606841129,0.008191200508879448
11149400,0.2143091204144365,0.17937459931991606,0.30786062389565916,0.2019103786372407,True,0.09355150348122265,0.022535779317324645
11149900,0.7643247728282835,0.6935589030744798,0.762044236131677,0.6937353776640824,False,-0.002280536696606439,0.00017647458960268203
11151300,0.6659685193838608,0.40290751929066415,0.6457332238426841,0.4072191067365448,False,-0.020235295541176757,0.004311587445880671
11152000,0.7630028591610483,0.8488706960594452,0.7632054079481599,0.8487816280620674,False,0.00020254878711167823,-8.906799737784521e-05
11156500,0.7628070298317393,0.788859757940791,0.7622197110001699,0.783446261782242,True,-0.0005873188315693723,-0.005413496158549025
11224500,-0.1983212811783115,-0.868899237145649,-0.19171354948897545,-0.8645047352538824,False,0.006607731689336038,0.0043945018917666
11253310,0.2301742025128608,-0.3404844485863501,0.21586373552133886,-0.34732762081717006,False,-0.014310466991521942,-0.006843172230819983
11123000,0.7715877053847425,0.7574537923815513,0.7711384749479021,0.728569020141127,True,-0.00044923043684041986,-0.028884772240424295
11123500,0.863711249460394,0.8841080531257406,0.8619973340930108,0.8978621792544698,True,-0.0017139153673831897,0.013754126128729172
11124500,0.6448050853570607,0.7239828218988704,0.6446661388761618,0.7270257795203361,False,-0.00013894648089896044,0.0030429576214656695
11132500,0.6228007477899108,0.7501493800913889,0.6331764736453396,0.7525790673004183,False,0.010375725855428786,0.002429687209029474
11133000,0.6034235013535105,0.7544555887799422,0.673769009410231,0.7330766242781204,True,0.07034550805672046,-0.021378964501821862
11136800,0.4989658393150942,0.31166704677904633,0.5036137152715947,0.32778882171471824,False,0.0046478759565005134,0.016121774935671906
11140000,0.7127241525315082,0.5601010105101529,0.6927238930859045,0.5516210909830717,False,-0.020000259445603685,-0.00847991952708127
12039500,0.741275471797903,0.6173783030177916,0.7408725919261802,0.6179892431979007,False,-0.0004028798717228277,0.0006109401801090986
12040500,0.7989966817651384,0.6739123489941421,0.8000084365874478,0.6749156560785174,False,0.0010117548223094186,0.0010033070843753489
12041200,0.7325267483875492,0.6199578271410839,0.736110915473159,0.6222215688273893,False,0.003584167085609824,0.002263741686305387
12043000,0.7845137769412612,0.6939810689746619,0.7854244443830343,0.6940466067231488,False,0.0009106674417730387,6.553774848683247e-05
12045500,0.6633073136690987,0.5565321444141555,0.6591826688288719,0.5559368906903861,False,-0.004124644840226788,-0.0005952537237694511
12048000,0.3907133209533189,0.3283381498594824,0.38766637118760416,0.32704139405653354,False,-0.003046949765714735,-0.0012967558029488568
12010000,0.8419203232031919,0.7942879772166624,0.8394278846182641,0.7948694921440262,False,-0.0024924385849277586,0.0005815149273638021
12013500,0.8867912566801861,0.8934361540050069,0.8795173855324742,0.893423138833635,False,-0.007273871147711941,-1.3015171371866252e-05
12020000,0.6981726124218681,0.7131098207189248,0.6930949680330882,0.7098089119581873,False,-0.0050776443887798894,-0.00330090876073752
12025000,0.901843645929513,0.8673870147281811,0.9006793182388622,0.8648239755076249,False,-0.0011643276906508904,-0.002563039220556229
12026400,0.8471564411673582,0.847968171892425,0.8524177877602147,0.8493328845033907,True,0.005261346592856486,0.0013647126109657126
12027500,0.8898155329692553,0.9202813472508514,0.8882002803060713,0.9201993391843788,True,-0.0016152526631839637,-8.200806647262748e-05
12031000,0.8981506949909334,0.89607999401778,0.899359270531407,0.8976194107290201,True,0.0012085755404735998,0.001539416711240027
12036000,0.7157694945705622,0.644033567062412,0.7231221333306301,0.6325348261449666,True,0.0073526387600679755,-0.011498740917445405
12082500,0.7585704496739683,0.8245330582973834,0.7470400680840295,0.817386635515829,False,-0.011530381589938798,-0.007146422781554418
12086500,0.4755293155925785,0.7200019684429294,0.5863713055992454,0.7517237168312692,True,0.11084199000666695,0.03172174838833974
12089500,0.596815770846381,0.7244885061862869,0.6753111127009535,0.7302724656570159,True,0.07849534185457241,0.005783959470728961
12092000,0.7176188810939388,0.8453721739836524,0.71325346158492,0.8432294900407374,False,-0.004365419509018809,-0.002142683942914947
12093500,0.7218703761073116,0.6596320419492034,0.714304660585053,0.6525892452583808,False,-0.007565715522258598,-0.007042796690822639
12101500,0.8262904754314894,0.8778615784694307,0.8315636459447059,0.8714310564123384,True,0.0052731705132165185,-0.006430522057092269
12113000,0.7467302354390407,0.8322491639858998,0.8319075704850528,0.8971873237724302,True,0.0851773350460121,0.06493815978653039
14233500,0.7723023253956303,0.7587560109860608,0.7752169210260145,0.7581648430998383,True,0.002914595630384209,-0.0005911678862224878
14236200,0.825297044482875,0.8067207329895734,0.8119289664125652,0.8007396542899978,False,-0.013368078070309819,-0.005981078699575537
14238000,0.2973182006028703,0.6577558140870154,0.7132454869884544,0.8477487717146428,True,0.41592728638558407,0.18999295762762736
14242580,0.8220948040960852,0.8554074533910302,0.8234807284448413,0.8578574011264106,True,0.0013859243487561734,0.002449947735380431
14120000,0.8342393338769813,0.9108730718030689,0.8307723089727693,0.9102800113325779,False,-0.003467024904212024,-0.0005930604704910136
14137000,0.8677846281085864,0.9223373688707757,0.8569476484607164,0.9193520671504022,False,-0.010836979647870004,-0.002985301720373479
14138850,0.835016584284729,0.7345998504317874,0.8311939529938166,0.735931682413974,True,-0.003822631290912426,0.0013318319821865598
14140000,0.7265209321355988,0.5689541350008658,0.737004172813287,0.5673170159910947,True,0.010483240677688244,-0.0016371190097710375
14140001,0.6495423449999009,0.44571621253334814,0.6600274114833782,0.4449724225383236,True,0.010485066483477246,-0.0007437899950245574
14142500,0.8836924651551238,0.8098140232691466,0.8837083212777177,0.8137252746571577,True,1.5856122593915778e-05,0.003911251388011072
14191000,0.9095778358836752,0.9416263594062975,0.9226837520603158,0.928640010056161,True,0.013105916176640586,-0.012986349350136428
14203500,0.8657813874894742,0.858495542890661,0.8683545557649679,0.8563790783505902,True,0.002573168275493698,-0.0021164645400707505
14208700,0.30296733238004403,0.4912754984313028,0.30864810133306486,0.4941187952910684,True,0.005680768953020832,0.002843296859765587
14209000,0.5271095609407634,0.6700412165180184,0.5264283204117326,0.6682510648615981,True,-0.0006812405290308465,-0.001790151656420269
14209500,0.8708364816486894,0.8316100713728922,0.8658336681658598,0.8286279343604107,True,-0.0050028134828296045,-0.0029821370124815116
14210000,0.8992324286394082,0.8764482279495809,0.8997625675626282,0.8745756634006776,True,0.0005301389232199583,-0.0018725645489032772
14211550,0.6841658264123038,0.6303674014145995,0.6732780939095586,0.6287799498592537,False,-0.010887732502745218,-0.0015874515553457869
14211720,0.9087549964103192,0.9531740766105048,0.9199526188486808,0.953000619970701,True,0.011197622438361643,-0.0001734566398038373
14216500,0.8024432147731203,0.8865688975492525,0.8012842234716303,0.8861182360059233,False,-0.0011589913014899977,-0.0004506615433291783
14220500,0.7259130880202993,0.8574605399799832,0.6952074326209231,0.8055806650308477,True,-0.030705655399376197,-0.051879874949135485
14222500,0.8690981171684518,0.926728351995828,0.8646315076494588,0.9240038824397938,False,-0.0044666095189929145,-0.002724469556034226
14091500,-0.28226135038994316,0.3296667703029018,-0.2805619356568734,0.33085456034880245,True,0.0016994147330697817,0.0011877900459006385
14096850,0.46532135680426967,0.546488971015285,0.4671342531963033,0.5474161652711249,False,0.001812896392033636,0.0009271942558398694
14145500,0.42572047380373257,0.562697873169048,0.4681732004572684,0.5656915665167523,True,0.04245272665353583,0.0029936933477043848
14148000,0.6987337366851518,0.6805234729522823,0.680461708490266,0.656410461497519,True,-0.018272028194885825,-0.0241130114547633
14151000,0.3846855469451198,0.5792252105915007,0.4479836607039548,0.5941621936824459,True,0.06329811375883498,0.014936983090945266
14158500,0.6708399323404465,0.7889947106934998,0.6703666403615588,0.7887208451407165,False,-0.00047329197888767993,-0.0002738655527833034
14158850,0.6070875719374882,0.6832795837853343,0.6068233233715259,0.681856888418559,True,-0.0002642485659622995,-0.0014226953667753062
14159500,0.4075220527348171,0.44559741394096464,0.4340965836708237,0.4547131755832784,True,0.02657453093600659,0.009115761642313758
14162200,0.327853999654383,0.4673684749396704,0.36867526816397045,0.4819837181428014,True,0.04082126850958745,0.014615243203131012
14162500,0.8014347057801212,0.8445953883786503,0.8058555660197954,0.8403896566870379,True,0.00442086023967414,-0.004205731691612424
14163150,0.6974431490192854,0.601501683252311,0.6998178294702827,0.5994661017124407,True,0.002374680450997313,-0.002035581539870268
14163900,0.7667428290052996,0.6730553410419869,0.7664630342783063,0.6687392502900142,True,-0.00027979472699324326,-0.004316090751972701
14178000,0.8273425315939975,0.7955105753803265,0.8245953840657637,0.7942850433180709,False,-0.0027471475282337954,-0.0012255320622556187
14181500,0.34808922091304095,0.4719324127809462,0.4557698190311815,0.5096751529990279,True,0.10768059811814057,0.03774274021808166
14182500,0.8013220800727444,0.8085147236460507,0.7922722317632975,0.8050102802910035,False,-0.009049848309446884,-0.003504443355047182
14185000,0.9011427174285798,0.8613588159694139,0.8985182700345956,0.8685052018066908,False,-0.002624447393984153,0.007146385837276892
14185900,0.8825046821331655,0.9019766087340432,0.8767551767704092,0.8997419895131978,False,-0.005749505362756313,-0.0022346192208453353
14187000,0.9012861313622937,0.9077461056147575,0.8979635907747792,0.9055039239746326,False,-0.0033225405875145775,-0.0022421816401249073
14187200,0.6004315439109227,0.7481084228495047,0.7563603216144618,0.752573137014549,True,0.15592877770353908,0.004464714165044237
11501000,0.8043269359251718,0.8367913996782756,0.8065985612042285,0.8370361093421137,False,0.002271625279056666,0.0002447096638380497
11502500,0.7599200326903605,0.8683870848883403,0.7620206842799224,0.8690916180995842,False,0.0021006515895619637,0.0007045332112439739
11507500,0.4136261809179764,0.691236961093634,0.43499439080884117,0.7003185746355016,True,0.021368209890864742,0.00908161354186765
14313500,0.08196175184869536,0.07402714140589595,0.08205856278681023,0.0741180994227264,True,9.68109381148663e-05,9.095801683045579e-05
14314500,-12.809681386274118,-2.868982455734393,-12.809321610353168,-2.8690832704452247,False,0.0003597759209501561,-0.00010081471083189797
14316500,0.7013608337803079,0.8133073330905825,0.6992508106142397,0.8134317592059811,True,-0.002110023166068231,0.0001244261153986459
11345500,0.6983363667333683,0.730725114624298,0.7004077150670569,0.7311629903900453,True,0.002071348333688605,0.0004378757657472754
10353800,-0.6990280255071077,0.13647366969023,-0.676020289771631,0.14318009222913686,False,0.023007735735476764,0.006706422538906853
11399500,0.026227840826041238,-0.2138497574600311,0.03362527501554824,-0.19298805519304385,True,0.007397434189507002,0.020861702266987248
11400500,0.37588946709427695,0.6418910712023768,0.38861775816663213,0.6478956169938104,True,0.01272829107235518,0.006004545791433613
11401112,-0.5925169214899149,0.11320257963731095,-0.5665867001677694,0.12205153094075893,True,0.025930221322145508,0.008848951303447983
11402000,0.7278284472713874,0.7154688410173696,0.7102797758228797,0.7088696669889196,False,-0.01754867144850769,-0.0065991740284500056
11403200,0.29322678844846617,-0.5612227284115026,0.2903413491863437,-0.5627403658423751,True,-0.00288543926212248,-0.0015176374308725205
10296500,0.7935399759186484,0.8055332749691857,0.7937552161068804,0.8056091230686371,False,0.00021524018823193547,7.584809945138105e-05
10297500,0.5578375984363253,0.6848765123604632,0.569236355778902,0.6879877410977755,True,0.01139875734257667,0.0031112287373122882
10308200,0.36169399698194604,0.21904658708807434,0.36372864999204346,0.22054846630400005,False,0.0020346530100974203,0.0015018792159257055
10309000,0.3302756544343939,0.19605381597303106,0.33140168078095555,0.19687972378983865,False,0.0011260263465616704,0.0008259078168075806
10310000,0.42788285334193465,0.4147108706920687,0.4296982339367582,0.41564426547390076,False,0.0018153805948235568,0.0009333947818320754
10311000,0.396646712533848,0.29915464547438353,0.3959517473411419,0.29896967000877517,False,-0.0006949651927060652,-0.0001849754656083613
10311300,0.10345767194161515,-0.2967976405573234,0.10303429697498934,-0.29737407905630264,False,-0.0004233749666258113,-0.0005764384989792593
10336610,0.5649670857085145,0.5805266322719413,0.5651662118921744,0.5809434351352603,False,0.00019912618365991452,0.00041680286331891025
10336780,0.6998873330470212,0.6995528251447862,0.6999026123199603,0.6995370123554128,False,1.5279272939094923e-05,-1.5812789373459424e-05
10337500,0.07858762895279814,0.3729799451093989,0.12296484057009816,0.3795497166940107,True,0.044377211617300016,0.0065697715846118054
10340500,0.249328047183894,0.4753253148069585,0.26434754907421076,0.4834009325789098,True,0.015019501890316755,0.008075617771951316
10344400,0.4125988242451034,0.4295519158406431,0.41110299161782693,0.4206991097242926,True,-0.0014958326272764833,-0.008852806116350531
10344500,0.2831113020439272,0.3343363755798958,0.30533401081735334,0.33966949543790514,True,0.022222708773426136,0.0053331198580093275
10346000,0.7060667032034738,0.690136743718295,0.6904832442233673,0.6656542883456327,True,-0.01558345898010649,-0.02448245537266236
10348000,0.7459994875141491,0.7481062070051514,0.7295201026478366,0.7185775442805867,True,-0.016479384866312508,-0.02952866272456467
10348200,0.7391202020108947,0.723117838825402,0.7244794854617389,0.6951908666919904,True,-0.014640716549155774,-0.027926972133411665
10349300,0.5956463016172275,0.47545964448712774,0.598354395494733,0.47651953375380673,False,0.0027080938775054797,0.0010598892666789927
10350000,0.7652033681449075,0.7600677713874431,0.7573970885814745,0.7328175232545631,True,-0.0078062795634330495,-0.027250248132880017
11314500,0.6263459504788194,0.6707121969776929,0.6307013081995578,0.6718584459029618,True,0.004355357720738473,0.0011462489252689334
11317000,0.7978148642926078,0.7643504725877391,0.7923077099369886,0.762029427197428,False,-0.005507154355619215,-0.002321045390311083
11318500,0.7932632758159304,0.6833489637597944,0.7910987367052865,0.6829309940129877,False,-0.0021645391106438483,-0.00041796974680663457
11408550,0.0868764043320428,-0.2980710178222836,0.08383942552435963,-0.3003308154558444,True,-0.003036978807683166,-0.0022597976335607672
11408880,0.6474154666383654,0.51387804216345,0.6383758504527021,0.5101854483988274,True,-0.00903961618566329,-0.0036925937646226092
11413000,0.8328623177925575,0.7516436444113717,0.8293724146651463,0.7501690193089021,False,-0.0034899031274111536,-0.00147462510246954
11414250,0.10693059683211958,-0.7137102080830351,0.10503378244214867,-0.714569158683475,True,-0.0018968143899709133,-0.000858950600439945
11422500,0.6848033450769326,0.4567712371235999,0.681920665977654,0.45453350658640046,True,-0.00288267909927864,-0.002237730537199445
11427760,0.6275886702050936,0.7730853020132423,0.643832489278565,0.7894375789716167,True,0.01624381907347139,0.01635227695837438
11428800,0.2184664833431167,0.12858283051852915,0.23050374380043204,0.13797519839532402,True,0.012037260457315346,0.009392367876794872
11430000,0.3991914950505099,-0.9741635484830407,0.3981522229675635,-0.9743079593839932,False,-0.0010392720829464075,-0.00014441090095251852
11433300,0.837528924161133,0.8190429995768753,0.8270952137483816,0.8072500507869491,True,-0.010433710412751429,-0.011792948789926205
11439500,0.5817016718357193,0.4513468133521408,0.5813200361321845,0.4511427171590894,True,-0.00038163570353477727,-0.00020409619305139515
11441002,-0.6631451088341744,-0.21201867004740516,-0.6517538788191584,-0.20768418544428724,True,0.011391230015016074,0.004334484603117916
11441900,0.46494172782453913,-0.6033137343322375,0.4765637518697875,-0.6078643625652012,True,0.01162202404524837,-0.004550628232963705
11443500,0.514052655703165,-1.529711727977039,0.5120803738507834,-1.5365032601356954,True,-0.00197228185238163,-0.006791532158656466
11444500,0.5602614517824117,0.4025098937596069,0.5574915008282626,0.3990734556912031,True,-0.002769950954149114,-0.0034364380684037688
10265150,0.5292241057393878,0.7220066279360484,0.5303600308012747,0.722271848735716,False,0.0011359250618868666,0.00026522079966762035
10293000,0.5126348323097031,0.5988082489438261,0.5136232880562828,0.5992392321061147,True,0.0009884557465796862,0.0004309831622886229
10296000,0.787164264194885,0.7838662164022997,0.787371221128559,0.7839262969605882,False,0.00020695693367389634,6.008055828854442e-05
11230500,0.723301284979072,0.8102808839598179,0.7233605421359148,0.8102951173653571,False,5.9257156842851266e-05,1.4233405539187949e-05
11231500,-0.48822878624805965,-0.33188783109270825,-0.48644336988285986,-0.330047974803904,True,0.001785416365199799,0.0018398562888042314
11231600,0.280789666863856,0.27292906098768077,0.2870825424276753,0.2762152187602557,True,0.0062928755638193,0.0032861577725749047
11234760,0.718051087187141,0.7144045556657597,0.714493646322748,0.7118450651324914,True,-0.0035574408643929134,-0.002559490533268316
11237000,-75.76354963626298,-6.2906972169964,-75.7292321343406,-6.2867442237506515,True,0.034317501922373594,0.003952993245748715
11238500,0.13285585165381308,0.2445769919129105,0.13292214954189896,0.24427834097219392,True,6.629788808587556e-05,-0.0002986509407165716
11242000,0.7174801611214913,0.6933525448206741,0.7126048116719398,0.6901123332122743,True,-0.00487534944955148,-0.0032402116083998234
11246500,0.6756322555465257,0.6932221921627383,0.67669508060895,0.6931788028993905,True,0.0010628250624242774,-4.3389263347792806e-05
11246700,0.3373680141038329,-0.4307493663067088,0.3280616264968115,-0.43467098870946397,True,-0.009306387607021405,-0.003921622402755176
11264500,0.7565634037938234,0.7914361540776883,0.7564052489390066,0.7914818313550598,False,-0.00015815485481673885,4.567727737148086e-05
11266500,0.7240940924140222,0.6774102933993746,0.7238707294422406,0.6774603795976119,False,-0.00022336297178160436,5.008619823720917e-05
11270900,0.40238709593913724,0.6392194764647068,0.4500004710042692,0.6338719384460243,True,0.04761337506513197,-0.005347538018682485
11276500,0.5349233042928622,0.5648688082998126,0.5214968304019243,0.5556203168964926,True,-0.013426473890937873,-0.009248491403319958
11276900,0.5050538228450048,0.37953486446201923,0.49435654135177487,0.37377166259097594,True,-0.010697281493229904,-0.005763201871043289
11277300,0.14022821313672695,0.08992803462246834,0.1343374329033118,0.0831996010688909,True,-0.0058907802334151604,-0.00672843355357744
11278000,0.4233998606132444,0.37448174318105976,0.4215259848848403,0.3734163959710016,True,-0.0018738757284041396,-0.0010653472100581318
11278400,-0.11921335825374912,-0.031347254559432214,-0.12276073336683924,-0.033662328255381846,True,-0.003547375113090112,-0.002315073695949632
11289650,0.5609541769684449,0.5951626535540049,0.49050459021428683,0.5155880560956724,True,-0.07044958675415802,-0.07957459745833251
11292000,0.6917530444620557,0.8087357751675973,0.6904504318129663,0.8082896555465522,True,-0.0013026126490893741,-0.0004461196210451268
11292700,0.34237684367121846,0.23839983420783972,0.33338031984796956,0.23334140484394406,True,-0.008996523823248892,-0.005058429363895667
11292900,0.3547821120696114,0.2810415784642112,0.34594440256054815,0.2759053268823062,True,-0.008837709509063263,-0.005136251581905005
11294500,0.020112558919798462,-0.030595324053371842,0.01922159600311224,-0.031236839792152304,True,-0.0008909629166862221,-0.0006415157387804626
11295270,0.3461563895462534,-1.5284764732357519,0.34568504424629,-1.528793439292972,True,-0.00047134529996339936,-0.00031696605722020266
11296500,0.6205702264706962,0.7172441081302481,0.6195352178781571,0.7178384074118878,True,-0.0010350085925390218,0.0005942992816396764
11298000,0.4326317074903758,0.3399900213103777,0.42960897158987077,0.3397417219735881,True,-0.003022735900505058,-0.0002482993367896036
11186000,0.4929801872166639,0.37143486576207985,0.4907109193522089,0.37127946558349034,False,-0.002269267864455027,-0.00015540017858950428
11200800,0.6657223319977296,0.5990405624671233,0.6757774759937023,0.596125660108453,False,0.010055143995972737,-0.0029149023586703127
11214600,-1.6182847976627062,-0.026217922528604554,-1.5977596815799537,-0.021855482407519444,True,0.020525116082752426,0.004362440121085109
11216200,0.4945199220790043,0.47343556171712065,0.4939656729590891,0.47223685591472986,True,-0.0005542491199151955,-0.001198705802390787
11216400,-11.207494073357076,-1.4495179775804163,-11.204525620897114,-1.4491173024283417,False,0.0029684524599620232,0.00040067515207464766
11218400,0.3411224996061857,0.1931976224967844,0.33745364441506964,0.1910458184952365,True,-0.0036688551911160383,-0.002151804001547908
11251000,0.4942504197563061,0.652592746743309,0.46510835143713114,0.6139286311984915,True,-0.029142068319174985,-0.03866411554481752
11109600,0.15561915574421759,-0.01778000102002908,0.1530874756044419,-0.018492335649937797,True,-0.0025316801397756716,-0.0007123346299087174
11046530,0.6941843628334463,0.698755188953081,0.694075909129066,0.6979733763144527,False,-0.00010845370438028468,-0.0007818126386283097
11085000,0.535303287319921,0.3454778739369917,0.48031956557520994,0.32209772322367636,True,-0.05498372174471111,-0.02338015071331534
11097000,0.6629582416206589,0.48293691927838467,0.6469339051070966,0.4772181242051955,True,-0.016024336513562276,-0.005718795073189176
11101250,0.6346837424878913,0.4212704144010986,0.6355352009209779,0.4209611196646871,False,0.0008514584330866493,-0.00030929473641150285
11102300,0.502550558889412,0.09105984152256508,0.4989248571535485,0.08589403280928964,False,-0.003625701735863518,-0.005165808713275433
11109800,-0.15872900309556615,-0.19053773963582743,-0.1517925186962814,-0.19832771800122373,True,0.006936484399284737,-0.0077899783653962995
11118500,0.7844902136105265,0.8479854886559438,0.7761332185522699,0.8347394924838442,True,-0.0083569950582566,-0.01324599617209965
12134500,0.8343049632054876,0.8915587818584891,0.8346047838025209,0.8939318331675339,False,0.00029982059703326236,0.002373051309044749
12138160,-0.12627613474080057,0.4827863756975801,0.15792596951402604,0.5994595487689987,True,0.2842021042548266,0.11667317307141856
12150800,0.7782518715104196,0.800464675871373,0.7938229285062696,0.8145987120867981,True,0.01557105699584993,0.014134036215425083
12167000,0.7357548691183631,0.8600444147855855,0.7231289398373355,0.8552898236125825,False,-0.01262592928102757,-0.00475459117300292
12175500,0.7345861346283956,0.7520233783306418,0.7322038089142355,0.750908654545493,False,-0.002382325714160083,-0.0011147237851487635
12186000,0.7148230077313324,0.7802830632410223,0.7131195242664073,0.7784711034528782,False,-0.001703483464925104,-0.0018119597881440797
12189500,0.7983250865394548,0.8798632637434897,0.7915370462407118,0.8787469315675679,False,-0.0067880402987430255,-0.0011163321759217748
12205000,0.6390307147074832,0.682085101396763,0.6367639365448187,0.6807060605299721,False,-0.002266778162664518,-0.0013790408667909704
12451000,0.7257607062032856,0.5766387742077757,0.7244237988321593,0.5759274901516755,False,-0.0013369073711262391,-0.0007112840561001033
12095000,0.8553773003358542,0.8515504869129419,0.8557618960947304,0.8511580612512851,False,0.0003845957588761717,-0.00039242566165675896
12106700,0.6347929458907997,0.7555364329369723,0.7463467240006075,0.8302912212714905,True,0.11155377810980782,0.07475478833451821
12112600,0.9065530934341373,0.9064259979185881,0.9070803443728553,0.9066839543513697,False,0.0005272509387180824,0.00025795643278159197
12116500,-0.05601290532664671,0.4860494737647383,0.26190477617222463,0.5966932291805209,True,0.31791768149887134,0.11064375541578264
12117500,0.38994901900544077,0.6648937822314286,0.5253769142228316,0.7138715251842633,True,0.13542789521739085,0.048977742952834746
12119000,0.6424787057864492,0.810232932624938,0.7354510015158533,0.8450846262751097,True,0.09297229572940413,0.03485169365017171
12121600,0.6731526992634649,0.5128514987607351,0.6754482977787815,0.5052867791330022,False,0.002295598515316577,-0.007564719627732863
12144500,0.8580962079894574,0.866569618074418,0.8571507028244237,0.8658466519149194,False,-0.0009455051650336666,-0.0007229661594986281
12148500,0.7415005566593149,0.7390172078670566,0.7506175729092562,0.7523261604054219,True,0.009117016249941323,0.013308952538365282
12149000,0.8183611276789193,0.8413758339185957,0.8176206296447459,0.8414628272572595,True,-0.0007404980341734202,8.699333866379888e-05
12452800,0.8907955969706686,0.9287326466042761,0.8880418593015873,0.9276892547860291,False,-0.0027537376690812687,-0.0010433918182469748
12457000,0.8401028687244398,0.9016617760284389,0.8264413454077898,0.8973834869995763,False,-0.013661523316650048,-0.004278289028862625
12459000,0.8764239256911397,0.9183482918149644,0.8696540038991903,0.9136828987162151,False,-0.0067699217919493515,-0.004665393098749249
12462500,0.8863119401542852,0.9401399783348491,0.8814448993558202,0.9377712690722082,False,-0.0048670407984650055,-0.002368709262640878
12484500,0.6121035895526776,0.7398145345170499,0.6062894558782017,0.7097351020332296,True,-0.005814133674475919,-0.03007943248382028
12488500,0.8315194248557611,0.8038241735752325,0.8301465297158045,0.8043226455690784,False,-0.0013728951399566425,0.0004984719938458948
14226500,0.7517322714841099,0.7997580597678633,0.7442425538557954,0.7946740096678324,False,-0.007489717628314518,-0.005084050100030879
14113000,0.8648520026700148,0.8965565586994187,0.8676314417269524,0.8985050257200144,False,0.0027794390569375604,0.001948467020595701
14123500,0.8743626291092734,0.9286783620064769,0.8728455086791157,0.9278704743376576,False,-0.0015171204301577257,-0.0008078876688193404
14034470,0.6876718838314514,0.7584294110187064,0.6877945187106035,0.7585460535078135,False,0.0001226348791520948,0.00011664248910703279
14034500,0.4349503421642149,0.6818433734827201,0.4309430616001283,0.6799398432764516,False,-0.004007280564086613,-0.0019035302062684334
14046000,0.860946979640036,0.7630337101718416,0.8584742808295731,0.7642053050423387,False,-0.002472698810462859,0.0011715948704971169
14046500,0.8841934293896935,0.791975804464417,0.8826055071646273,0.7926523287673638,False,-0.0015879222250662073,0.000676524302946846
14097100,0.8027615083974461,0.8200374621441536,0.8052953514423853,0.8198754117202427,False,0.002533843044939199,-0.00016205042391093105
10396000,0.8171067654671756,0.8175210906275948,0.8176580901270287,0.81739235010501,False,0.0005513246598530808,-0.00012874052258482482
10257550,-0.19775168788636144,-0.40568492989543325,-0.19772134859158186,-0.4040876007137897,False,3.0339294779579973e-05,0.0015973291816435697
10258500,0.2721427709965647,0.605610439755006,0.2676222499012876,0.6046087227575638,False,-0.004520521095277119,-0.0010017169974421147
10260500,0.46987803525148697,0.22213363605072134,0.4685058263751505,0.22040586899775128,True,-0.0013722088763364892,-0.001727767052970064
10260950,0.4287374930841844,0.10368464984989922,0.4193795043979389,0.10009789586259132,True,-0.009357988686245489,-0.0035867539873079
10261500,0.7771112183236856,0.6022321048746853,0.7700942245674312,0.5655080188316938,True,-0.007016993756254419,-0.03672408604299149
11043000,0.7552802775653826,0.4629326004785109,0.756963849295968,0.46031928009837875,True,0.0016835717305854203,-0.002613320380132178
11044000,0.7537064572843546,0.6598410558809982,0.7659614621119821,0.6752505271216317,True,0.012255004827627536,0.015409471240633521
11044300,0.6271883413202339,0.4775563792553458,0.6426379350249647,0.49198128452864764,True,0.015449593704730757,0.014424905273301869
11051500,0.23639549155223472,0.22399568907610434,0.23019567691311071,0.20034924639942964,True,-0.006199814639124002,-0.023646442676674706
11062000,0.4278405354426421,0.3167099474426709,0.4276829718061448,0.31660077810910026,False,-0.00015756363649732652,-0.00010916933357063563
11062001,0.35155497172672323,0.17034044277114468,0.35140994438919415,0.17024938634186126,False,-0.00014502733752908004,-9.105642928342039e-05
11063510,0.22105632293776023,0.13279546913918971,0.22282306147946596,0.13450965413888483,False,0.0017667385417057258,0.001714184999695112
11066460,0.5235434974590873,0.2761507283073146,0.5049794092965165,0.2647807626927605,True,-0.018564088162570824,-0.011369965614554056
11073495,0.544442040425082,0.2737144012254231,0.545298043900045,0.2740449931565131,False,0.0008560034749629519,0.0003305919310899741
11014000,0.4773827256065326,0.5607620137612593,0.48484467758856664,0.5601691614189336,False,0.007461951982034032,-0.0005928523423257559
11015000,0.6786140462068083,0.7259940587814915,0.6772091952117908,0.7354555931378339,False,-0.0014048509950175259,0.00946153435634245
11022480,0.7285003933793611,0.679901458287645,0.7251612013856212,0.6755882418043162,True,-0.0033391919937398873,-0.00431321648332883
11023000,0.7867920210136682,0.6969171236560011,0.7839741321723425,0.6748552742607947,True,-0.002817888841325722,-0.02206184939520639
11025500,0.5846647218918237,0.2480950105703893,0.5921015204732204,0.24784458128403342,True,0.007436798581396675,-0.0002504292863558799
11028500,0.5104987272837819,0.13796760053222745,0.4977027213933559,0.13293830356262537,False,-0.012796005890425954,-0.005029296969602082
12448500,0.8808993613046483,0.8919034510277157,0.8818130030016273,0.8927331823547489,False,0.0009136416969790506,0.000829731327033123
12448998,0.7750645130593599,0.6737119821848196,0.7747693325671039,0.6736040340188482,False,-0.0002951804922559642,-0.00010794816597148316
12449950,0.8920700683613214,0.9020062481095188,0.8921690034458263,0.901998311836233,False,9.893508450486976e-05,-7.936273285769069e-06
12452500,0.19030994394978729,0.502677187599637,0.20210579647902727,0.5040561806937653,True,0.01179585252923998,0.0013789930941283668
12465000,0.4737722204235574,0.27793263019462267,0.4597000929096011,0.2550760153764241,False,-0.014072127513956256,-0.022856614818198562
13351000,0.8601295007093316,0.8150979268398296,0.8297627826100927,0.7750260272178782,False,-0.030366718099238854,-0.04007189962195146
14015000,0.7268647973324154,0.7031103943094563,0.7242767882950538,0.7022419579219813,False,-0.0025880090373615605,-0.0008684363874750245
14018500,0.6509981399457925,0.8139005597705777,0.6587931230868425,0.8142944858442153,False,0.007794983141049983,0.0003939260736375294
14020000,0.7744902120847396,0.7427396710387442,0.7700707455450189,0.7408190354497312,False,-0.004419466539720696,-0.001920635589013009
14033500,0.799145593740601,0.8652198025476175,0.8011454626975367,0.8661142174643036,True,0.001999868956935713,0.0008944149166860704
13331500,0.8940308336390925,0.8480789876906162,0.8926219449959041,0.8480840107062283,False,-0.001408888643188444,5.0230156121156e-06
14044000,0.8304282802198424,0.6985927110248822,0.8309075863496581,0.6998460472576924,False,0.0004793061298157264,0.0012533362328102093
13215000,0.3246733121359897,0.42511284838526475,0.3435370913201975,0.4334624090840804,True,0.018863779184207785,0.00834956069881565
13217500,0.3933687675156935,0.5616535762650574,0.3960518269684713,0.5623986743559702,True,0.002683059452777803,0.0007450980909128324
10352500,-0.1388362285022009,0.41150801478438803,0.024030405807702993,0.4798766263821471,False,0.1628666343099039,0.06836861159775909
13181000,0.7376919830383672,0.5996260751945454,0.7206767795865745,0.5877618885187172,True,-0.01701520345179275,-0.011864186675828114
10321950,0.5504354884565941,0.5240354030008985,0.415924162947807,0.4930812338474774,False,-0.13451132550878708,-0.030954169153421085
10322150,0.028109432652116406,0.4102548389675835,0.019774333527633914,0.40818663332592287,False,-0.008335099124482492,-0.0020682056416606587
10324500,0.6378043764968965,0.6822029033371834,0.6395552531983499,0.6714714476239918,False,0.0017508767014534632,-0.010731455713191562
10329000,-0.48807646819941986,0.36707248368633993,-0.49101005389666397,0.36723912764651356,True,-0.002933585697244112,0.00016664396017362915
10329500,0.7260690551644037,0.8394570967289466,0.7106487718055181,0.8368916244690119,False,-0.015420283358885567,-0.0025654722599347535
12409000,0.8062640749768349,0.6174696724234419,0.8057401878036252,0.6176449152950338,False,-0.000523887173209725,0.00017524287159198515
12395000,0.8007561691981528,0.8166271132314739,0.8036338705022246,0.817752737512217,True,0.0028777013040717225,0.0011256242807431427
12413000,0.8158896658760075,0.8164934704251522,0.820259581317029,0.8206065812269141,False,0.004369915441021499,0.00411311080176191
12413470,0.8460059860618826,0.7817054395714942,0.8442087337626278,0.7820782456213397,False,-0.001797252299254759,0.0003728060498454644
12413500,0.8271352096283557,0.7811951883422465,0.8310760661438595,0.7850667272829037,False,0.003940856515503799,0.003871538940657171
12422500,0.8236442715253763,0.9020586442913402,0.8131238868150952,0.89683712738148,True,-0.010520384710281161,-0.005221516909860169
12424000,0.7688497458039416,0.840922000719854,0.7620542689289528,0.8215711323610776,False,-0.006795476874988826,-0.01935086835877642
12431000,0.8918426789021662,0.8538671322710396,0.8921426402976855,0.85429778284273,False,0.00029996139551935475,0.0004306505716903386
12433000,0.8359378991103703,0.9123431455105119,0.8309892574241098,0.9099965508175507,True,-0.004948641686260524,-0.002346594692961168
12433200,0.7559260914085723,0.7174361120859281,0.7549647186896049,0.7175875375025201,False,-0.000961372718967346,0.00015142541659207698
12414500,0.9185478524554852,0.9025359567417401,0.9232635010120857,0.9043005953060363,False,0.004715648556600449,0.001764638564296206
12414900,0.5504676310281695,0.4295168531789275,0.5542580191602837,0.43074813418451674,False,0.0037903881321141863,0.0012312810055892243
13333000,0.9345002477584026,0.8954169779948005,0.9329627028901731,0.8953533199134227,True,-0.0015375448682294346,-6.365808137775986e-05
13338500,0.8864847357361987,0.8683602903672099,0.8869479165764563,0.8680511073399226,False,0.0004631808402576487,-0.0003091830272872187
13339500,0.8700932549363902,0.8556137005770363,0.87021700642147,0.8557309235379613,False,0.00012375148507981493,0.00011722296092497864
13340000,0.9441721784068707,0.9117626730502231,0.944232336328126,0.9126827823219539,False,6.0157921255243885e-05,0.0009201092717308068
13341050,0.7743445744521595,0.8381523907441261,0.8279164724461943,0.9070114159500123,True,0.05357189799403472,0.06885902520588627
13342500,0.7941040531279085,0.8566041867776694,0.8389027999520273,0.9092170710165758,True,0.044798746824118774,0.05261288423890642
13345000,0.8638620585435945,0.8770092929675716,0.863511950405395,0.8795878631492273,False,-0.00035010813819957853,0.0025785701816557483
13239000,0.608798551908301,0.42580409367180916,0.6093142321842739,0.42665358424232536,True,0.0005156802759729295,0.0008494905705161981
13240000,0.8021546852962936,0.7296353828184547,0.8035894863273136,0.73589412366926,True,0.0014348010310200054,0.0062587408508052444
13258500,0.8620815270647403,0.9061054583296037,0.8611258511448283,0.9056530363947632,True,-0.0009556759199119691,-0.00045242193484040794
13292000,0.8551831190127243,0.834295993949324,0.854540317776652,0.834178726772699,False,-0.000642801236072299,-0.00011726717662496888
13310700,0.8478052621569697,0.7439011149123312,0.8461373895337564,0.7438269752029327,False,-0.001667872623213329,-7.4139709398513e-05
13313000,0.8128599449398262,0.7689506036246617,0.812523744723789,0.7687904837051688,False,-0.00033620021603719685,-0.00016011991949294035
13316500,0.9024635182002317,0.9202208850480292,0.9011353680375249,0.9198484800512673,False,-0.0013281501627068204,-0.0003724049967619436
13317000,0.9301345569275478,0.8416733563782866,0.9311416241741435,0.8440519644984287,False,0.0010070672465957164,0.0023786081201421228
13159800,0.20080770558249184,0.6226593112561061,0.20336660704253284,0.623736624569556,False,0.0025589014600410076,0.0010773133134499568
13185000,0.7275031870266145,0.5405189175957827,0.7283467970922,0.5409727803127465,False,0.0008436100655854206,0.0004538627169637932
13186000,0.6922361985455945,0.5535891955936063,0.6933408989489498,0.5539678753155886,False,0.0011047004033553076,0.00037867972198224464
13190500,0.4028440138818785,0.5003947764340644,0.421765366877218,0.49087954898085984,True,0.01892135299533948,-0.009515227453204544
13200000,0.7790865473941995,0.5629556302684844,0.7782437837381727,0.563009348469524,False,-0.0008427636560267571,5.371820103960978e-05
13202000,0.4052926074114256,0.48995723591371065,0.42601758297558945,0.46692587869457836,True,0.02072497556416386,-0.023031357219132298
13206000,0.1616970812588302,0.3711227838919867,0.19656386246712831,0.3624047609389648,True,0.034866781208298114,-0.008718022953021931
13235000,0.8658328677645931,0.7725459013800051,0.8637807622669781,0.7726380242607452,False,-0.002052105497615031,9.212288074011976e-05
13236500,0.2729937259255668,0.487622271508508,0.28002404253971724,0.49091298804587846,True,0.007030316614150434,0.0032907165373704528
13245000,0.1908788861175582,0.3790892679016816,0.19893472513329624,0.38079611235261634,True,0.008055839015738031,0.0017068444509347191
13246000,0.42949618130208944,0.462990851612444,0.4335733681925248,0.4625472372330489,True,0.004077186890435347,-0.0004436143793951075
13247500,0.7578885300545952,0.639972010747317,0.7582627128555961,0.6389432197785256,True,0.0003741828010008774,-0.001028790968791382
13249500,0.8083431824850299,0.7248073018743066,0.8089336323579384,0.7234341243300326,True,0.0005904498729084606,-0.001373177544274018
13266000,0.8275093567954698,0.892514794327439,0.8272721833701322,0.8918346300021954,True,-0.0002371734253375779,-0.0006801643252435374
13161500,0.9054768020996838,0.9123966238488795,0.9050737118941007,0.9120087263787758,False,-0.00040309020558315645,-0.0003878974701037041
13168500,0.9134795528003221,0.9218576513901271,0.9135597526222421,0.9216723181592875,False,8.019982191997954e-05,-0.00018533323083957942
10315500,0.8660719858754118,0.8790186820803794,0.8692306468435423,0.8804505025998816,False,0.0031586609681305555,0.0014318205195021916
10319900,0.7899446339053854,0.5577764102466396,0.7903648942571877,0.5559216705330486,False,0.00042026035180231514,-0.0018547397135909582
10320000,0.7736474682794283,0.6028484379210426,0.7788754831642666,0.6010368483376152,True,0.005228014884838261,-0.0018115895834274198
13105000,0.7189437869269419,0.6767591160767165,0.7182897051070746,0.676483458696522,False,-0.0006540818198673692,-0.0002756573801944162
13174500,0.30037128055529105,0.2319747354647731,0.30016541337130376,0.23065743774787362,True,-0.0002058671839872961,-0.0013172977168994793
09409100,0.6142149371350121,0.4740684860767602,0.6154678292474309,0.4748395089925589,True,0.0012528921124188575,0.0007710229157986692
09409880,0.6264101277025109,0.7621540027488635,0.6290092457827257,0.7633204345740983,True,0.002599118080214735,0.0011664318252347927
09413000,0.6018943647164412,0.3427344235003278,0.6940268506340108,0.36918395670202275,True,0.09213248591756962,0.026449533201694964
09413200,0.579106899195263,0.3300871217987874,0.5772989361673325,0.3362186899092918,True,-0.0018079630279305148,0.006131568110504415
09424450,0.2785034174738701,0.14588681431291084,0.2727291812262407,0.1348909574991215,False,-0.005774236247629405,-0.01099585681378934
09424900,0.5473875522328158,0.40996882839780857,0.5186492456590279,0.3995351676930574,False,-0.028738306573787842,-0.010433660704751158
09426000,0.3450891670637378,0.3952573301964043,0.46165472353148174,0.39494375301193907,True,0.11656555646774391,-0.0003135771844652302
09535100,-0.004248263529355922,-0.7066101181200313,-0.004248321321477455,-0.7065837586001937,False,-5.779212153278479e-08,2.6359519837537704e-05
12301300,0.8655166956282511,0.8395779371065587,0.8651307351629479,0.8394969010689985,False,-0.00038596046530314787,-8.103603756015598e-05
12302055,0.8008968372717526,0.8125771866864184,0.8007102630206802,0.8121349293797788,False,-0.00018657425107249104,-0.00044225730663960405
12389500,0.889488828364549,0.8186817176554175,0.8884482200479619,0.8187848549499591,False,-0.0010406083165871438,0.00010313729454158871
12411000,0.780019493529551,0.86094135312145,0.7795816402003399,0.8621255130349508,False,-0.0004378533292110909,0.0011841599135007375
12352500,0.9157380842400757,0.8816479156874082,0.9132988871257953,0.8814192832631194,True,-0.0024391971142804225,-0.00022863242428883268
12353000,0.9484113774435783,0.9445986661529728,0.9470740383128593,0.9448254210620158,True,-0.0013373391307189841,0.00022675490904300322
12354500,0.9513285531269111,0.9725034295596983,0.9505265756880841,0.9726676569989515,True,-0.0008019774388270395,0.00016422743925326166
13336500,0.9412835430815998,0.936066622986562,0.9396581470460219,0.9367727769828098,False,-0.0016253960355778752,0.0007061539962478491
13337000,0.9306565967431601,0.8658514392616914,0.9300988360557837,0.8659071125838314,False,-0.0005577606873764518,5.567332213995968e-05
13340600,0.9061151267676912,0.8556226344844312,0.906691919683273,0.8561944152328684,False,0.0005767929155817697,0.0005717807484372228
12342500,0.6206364495750221,0.5683428106782751,0.6208293087289167,0.5679668528482633,True,0.00019285915389466446,-0.00037595783001176386
13302500,0.8359500100855561,0.7366594733760989,0.8348204578734095,0.7371698069566963,False,-0.0011295522121466117,0.0005103335805973774
13305000,0.6063493450806988,0.513564020980627,0.6064490253883412,0.5142781233988243,False,9.968030764240243e-05,0.0007141024181972488
13120500,0.22403976099730016,0.020191710666219276,0.22408073062037748,0.020211516274379338,False,4.096962307731378e-05,1.9805608160061716e-05
13147900,0.9044257779558706,0.805070204653201,0.9041862920238246,0.8044959199662001,True,-0.0002394859320460352,-0.0005742846870009366
13297355,0.7365332096132835,0.5531686357259497,0.7365195951846619,0.5531713452312179,False,-1.3614428621577801e-05,2.709505268261303e-06
13302005,0.3271722054685351,0.3414318011663391,0.3272322418884923,0.3414229578261314,False,6.00364199572212e-05,-8.843340207675965e-06
13083000,0.5994662988543595,0.7682634777884536,0.5999930770924202,0.7684566761071616,False,0.0005267782380606878,0.00019319831870800996
13141500,0.7052248177790956,0.7251559266375076,0.7095675148828895,0.7264019029300519,True,0.004342697103793869,0.001245976292544304
13148500,0.7037320719916509,0.7752445603655311,0.7050464597992286,0.7752960119562959,True,0.0013143878075777549,5.14515907648061e-05
13078000,0.5180872864697598,0.34243223414587187,0.5187489659096285,0.3425066959256532,False,0.0006616794398687231,7.446177978132074e-05
13082500,0.6096840842342346,0.8039426203354323,0.6092721644198974,0.8037867177570832,False,-0.0004119198143371916,-0.0001559025783490764
10234500,0.8175784959554775,0.7303825432689008,0.8176855911715689,0.7303781580493108,False,0.00010709521609142403,-4.385219590008482e-06
09403600,-0.07314200733220177,0.3998881752132464,-0.073864599858952,0.4000303579356088,False,-0.0007225925267502209,0.00014218272236243834
09405500,0.7645502245391638,0.7907445916268336,0.7646464656839702,0.7907500462548974,False,9.624114480644153e-05,5.454628063783495e-06
09406000,0.6019841503454746,0.783540437341957,0.5967776669653648,0.7815152515453644,False,-0.005206483380109761,-0.00202518579659261
10174500,0.8757858048636836,0.8333924932301616,0.8759406798124386,0.8335380509747671,False,0.00015487494875499053,0.00014555774460545123
10183500,0.6358444883264842,0.8005346243678118,0.6357464733906661,0.8005196348414837,True,-9.80149358180693e-05,-1.4989526328057501e-05
10189000,0.1837922204588225,0.34833825056182366,0.18397694133341025,0.34874248681454134,True,0.00018472087458776265,0.0004042362527176824
10242000,0.8273967553326407,0.7338574405911499,0.8282166045170146,0.7339544456650573,False,0.0008198491843739442,9.700507390741908e-05
09382000,0.22424506043038195,0.09104558318352118,0.18176715097856166,0.04579797289863308,False,-0.042477909451820284,-0.04524761028488811
09504420,0.5020535381252761,0.27211428915751557,0.5008225794763461,0.27048761322075787,False,-0.0012309586489299695,-0.0016266759367576933
09504500,0.6865526253372176,0.5871592780865598,0.6864666389757168,0.5783317501262784,False,-8.598636150081163e-05,-0.008827527960281412
09505200,0.6215163035937818,0.7532650257274334,0.6203300341182564,0.7529189216702814,False,-0.00118626947552547,-0.0003461040571519636
09505350,0.5672257220582657,0.5746514866687062,0.5737524977243993,0.5820894845110631,False,0.006526775666133577,0.0074379978423568804
09505800,0.5471161950770653,0.4019675088705663,0.5497408715446732,0.40187141388180525,False,0.0026246764676078893,-9.609498876106404e-05
09506000,0.792883226708726,0.6809406182715525,0.7556561814468264,0.6310479360207208,False,-0.03722704526189957,-0.049892682250831655
09512500,0.7342520577875402,0.5890715763080271,0.7365083862335733,0.5733655008573122,False,0.0022563284460330735,-0.015706075450714896
09498400,0.679020876002681,0.3889965931115513,0.6754595396336618,0.38154346120874727,False,-0.00356133636901923,-0.0074531319028040555
09498500,0.7794488899037432,0.7352221671709982,0.772593973177806,0.7341852444998005,False,-0.006854916725937188,-0.0010369226711977042
09499000,0.7696684752915637,0.6742430404227001,0.766837117438704,0.6835031210141447,False,-0.002831357852859706,0.009260080591444564
09510000,0.06629816465518579,0.4684562520807378,0.3615464978140108,0.6076346034224754,True,0.29524833315882504,0.13917835134173762
09510200,0.6351687692026861,0.45616461317284007,0.6335647924502976,0.45285398809806965,False,-0.0016039767523884363,-0.0033106250747704236
09512280,0.5020111806719353,0.5589806969583097,0.5093562062517568,0.5599171419539226,False,0.007345025579821529,0.0009364449956129617
09512800,0.8414373286818486,0.7241460386819788,0.8407534829327795,0.7152904141635227,False,-0.0006838457490691008,-0.008855624518456118
09513860,0.27538391992200517,-1.3873602643393088,0.2981054029987693,-1.333495469941556,False,0.022721483076764137,0.053864794397752824
09484000,0.23202072804920726,0.2545433281236341,0.23109673060811187,0.25300749661409194,False,-0.0009239974410953922,-0.0015358315095421737
09484600,0.07935094871941495,-0.10796442157397212,0.07657638461416816,-0.119582105997454,False,-0.0027745641052467906,-0.011617684423481878
09480000,-0.038421084753860635,0.07109406589884826,-0.036751508267532706,0.07437775036225247,False,0.0016695764863279283,0.003283684463404213
05014500,0.8153140747796415,0.7119069430882485,0.8179764729245667,0.7094029987340513,True,0.0026623981449251932,-0.0025039443541972073
05017500,0.8024035437100966,0.8526802743602495,0.8079928604354205,0.854571070941763,True,0.005589316725323923,0.0018907965815134764
12358500,0.8651945056298411,0.7378653215853082,0.8628888717667509,0.7378768934760633,False,-0.0023056338630902395,1.1571890755179837e-05
12362500,0.0509528617444045,-0.010004956479171323,-0.027117059662559395,-0.12370115019356054,True,-0.0780699214069639,-0.11369619371438922
12370000,0.8775349726007343,0.837259508060647,0.8753266043463397,0.8369148836979141,False,-0.0022083682543946326,-0.00034462436273285935
12324680,0.824989373183679,0.8070656760866461,0.8245517730824412,0.8070285384248369,False,-0.0004376001012378339,-3.713766180923894e-05
12334510,0.8850377571726862,0.8945515916517145,0.8861984459850325,0.8954538278003326,False,0.0011606888123463222,0.000902236148618063
12334550,0.884977260925047,0.8376183990863173,0.8853532420609208,0.838266415466274,True,0.0003759811358737819,0.0006480163799567062
12340000,0.8690734025203909,0.8926901725220575,0.8717010240064367,0.8927299546293487,True,0.0026276214860457836,3.978210729116416e-05
12340500,0.9181416348820829,0.9561361967254877,0.919965333528127,0.9572186670400581,True,0.0018236986460441473,0.0010824703145704273
12381400,-1.935384574053574,-1.2024953854548306,-1.935374109780648,-1.2024862295845518,False,1.0464272925947427e-05,9.155870278831912e-06
06020600,0.7811557245715945,0.7214763600163009,0.7821580092149447,0.7211389169513862,True,0.0010022846433501709,-0.00033744306491467757
06025500,0.7519305713461081,0.5211460494871503,0.7521087411499259,0.5213187740227283,False,0.0001781698038177959,0.00017272453557803935
06033000,0.7709957132189804,0.5481566729332772,0.7708215978619419,0.5484848940874514,False,-0.00017411535703848458,0.00032822115417419084
12323240,0.09455768098346584,0.2923519689259264,0.09283149300865867,0.2931333158493383,False,-0.0017261879748071696,0.0007813469234119186
12323250,0.5009591212791725,0.4814414943862959,0.5001533571227098,0.48275076988685306,False,-0.0008057641564627183,0.00130927550055715
12324200,0.7215733196986871,0.7329021827937341,0.7205305372582533,0.7329070119392045,False,-0.0010427824404337649,4.829145470397478e-06
13042500,0.5274261464738017,0.5906686314676469,0.5210262426414194,0.5822523928145906,True,-0.006399903832382314,-0.008416238653056296
13046000,0.5676094627482873,0.6403094870437509,0.5643207391532119,0.6313157577476294,True,-0.0032887235950753713,-0.008993729296121522
13049500,0.8740328366218761,0.9326575860535038,0.8735537971763802,0.9323813728181769,False,-0.00047903944549598787,-0.00027621323532689424
13050500,0.7266054166091445,0.8419391937947478,0.7267607379117166,0.8411554004676752,True,0.00015532130257212007,-0.0007837933270725683
13055000,0.42650227679736585,0.34708421155771574,0.4273522925731401,0.3471645282387601,False,0.0008500157757742599,8.031668104435674e-05
13055340,0.6450163062635403,0.5790764784522648,0.6441453131258095,0.5788312882312681,False,-0.0008709931377308688,-0.00024519022099678267
13116500,0.289208353168098,0.19812222040902205,0.28897838175839063,0.1979909795677417,False,-0.00022997140970737462,-0.00013124084128035562
13032500,0.470268298151997,0.4867143272667377,0.4423068829043545,0.41508767578446526,True,-0.027961415247642507,-0.07162665148227243
13037500,0.4168460320113101,0.44283628853316515,0.3685142382010149,0.37041795309704073,True,-0.048331793810295176,-0.07241833543612441
13038500,0.41861974497741794,0.615520578359301,0.41703923302411894,0.5305789845646394,True,-0.001580511953299002,-0.0849415937946616
13057940,0.6799976260268494,0.4804292958628088,0.6794687610257745,0.48022559170362245,False,-0.0005288650010749629,-0.00020370415918635754
13058000,0.40969039037355715,0.433099661863407,0.4180574523030317,0.4330819117391862,True,0.008367061929474562,-1.775012422078337e-05
13066000,0.392593085165574,0.5862047657284244,0.39495616992460325,0.5780900867185164,True,0.0023630847590292436,-0.008114679009908032
13073000,0.5640708394379836,0.520599908532217,0.5649106013666384,0.5207026744482874,True,0.0008397619286547586,0.00010276591607039087
13075000,0.35958573732826093,0.6961074848304257,0.36570053757154897,0.6988183776071758,False,0.006114800243288032,0.0027108927767500735
13075500,0.5155050791871627,0.4398167841564754,0.5151708621506947,0.43961005354314586,True,-0.0003342170364679653,-0.00020673061332954212
13132535,-2.71099727885696,-2.607215561553924,-2.700152549524642,-2.606504627645189,True,0.01084472933231817,0.0007109339087350008
10020100,0.7940215903746602,0.688885326636463,0.7939989423959732,0.6888709884100239,True,-2.2647978687007075e-05,-1.4338226439036816e-05
10020300,0.7316816036840359,0.6552580219581685,0.7431932378025163,0.6538421780185182,True,0.01151163411848044,-0.0014158439396503297
10023000,0.27431346876742635,0.1885883993487817,0.2742908344157884,0.18857866281066915,False,-2.2634351637962347e-05,-9.736538112536941e-06
10068500,-0.3721404625661453,0.3052311205675883,-0.36029006719192824,0.31090634457926336,True,0.01185039537421706,0.005675224011675084
10109000,0.9162746895918689,0.8904883209192046,0.9162354958561958,0.8904638027317844,False,-3.919373567307094e-05,-2.4518187420219384e-05
10109001,0.9159058378140059,0.871805811666391,0.9158821423916199,0.8717854766033537,False,-2.3695422386005305e-05,-2.0335063037335566e-05
10126000,0.4400893961566019,0.5588287412304751,0.4388340679566908,0.5569210435392036,True,-0.0012553281999111432,-0.001907697691271526
10136500,0.7113393529605987,0.6472757538996663,0.7062669866845304,0.6419613062481571,True,-0.00507236627606833,-0.005314447651509235
10137500,0.6679968573891348,0.642539858700449,0.6672697521808597,0.6423465278599441,False,-0.000727105208275125,-0.0001933308405049905
10140100,0.4783170526714615,0.5254174146764073,0.4856128491829689,0.5258118256016977,True,0.0072957965115073575,0.00039441092529035604
10141000,0.5571228403246679,0.46527565612150357,0.5545215840786468,0.46267804175473026,True,-0.002601256246021033,-0.0025976143667733043
09277500,0.7323230214521773,0.7581359002724639,0.7325580700567984,0.7581778933498021,False,0.0002350486046210909,4.199307733820934e-05
09279000,0.06771215755723792,0.4492429859916188,0.08099058291567252,0.4526157740501223,True,0.013278425358434598,0.0033727880585034953
09288180,0.4365394361540115,0.38768538574432754,0.4340013253649363,0.38301743181949666,True,-0.0025381107890751764,-0.004667953924830881
09312600,0.3428504744159613,0.43859179884677857,0.3429745636514686,0.43866396153240617,False,0.00012408923550732975,7.216268562759698e-05
10011500,0.8476077859710072,0.781465812101264,0.8475432010555615,0.7815443860521649,False,-6.458491544569789e-05,7.857395090093977e-05
10128500,0.6311173257739222,0.4327158816573591,0.6313257893152884,0.43271656120711544,True,0.00020846354136616618,6.795497563549802e-07
10129500,0.5596126746537178,0.6597491573557599,0.5622966159281615,0.6595491285983619,True,0.002683941274443713,-0.00020002875739799642
10130500,0.568710982704862,0.6593623903542116,0.5706483715870169,0.6587598081139956,True,0.001937388882154889,-0.0006025822402160319
10131000,0.8131147634721854,0.7725378453165668,0.8133971060421903,0.7723503984745207,False,0.00028234257000492313,-0.00018744684204607953
10134500,0.3045504460753231,0.28554929364929793,0.3054785206729631,0.28565297984002813,True,0.000928074597639994,0.00010368619073020113
10146400,-0.7758477347511596,-0.606042634003302,-0.775848348813444,-0.6114390459372223,False,-6.140622843542332e-07,-0.005396411933920264
10150500,-0.6023969143990995,-0.1842838333964527,-0.6024406349632787,-0.18437389024266237,False,-4.3720564179228205e-05,-9.005684620966292e-05
10154200,0.6083490680802464,0.41034080736531764,0.6082827950108567,0.41030784941321996,False,-6.627306938966626e-05,-3.29579520976786e-05
10155000,0.4140014392641236,0.20840892928864097,0.41403963045526926,0.20843682385915963,False,3.8191191145675596e-05,2.7894570518660622e-05
10163000,0.22895958072856337,0.5073591615486344,0.22840774157699706,0.49736271254335707,True,-0.0005518391515663135,-0.009996449005277297
10166430,-0.27407138179392687,-0.39622809995327546,-0.27407641492943835,-0.3962636798338135,False,-5.033135511478548e-06,-3.557988053803918e-05
09310500,0.6887840670211942,0.7003150041407006,0.6882678069599866,0.700204612526544,False,-0.0005162600612076407,-0.00011039161415660192
09326500,0.7130021423888682,0.5213411638363306,0.7126569320260976,0.5213263990140882,False,-0.00034521036277057604,-1.4764822242385733e-05
09328500,0.32850275276143515,0.3357636861574972,0.32810419019209935,0.33485500856937933,True,-0.00039856256933579193,-0.0009086775881178566
09330500,0.6304790257403801,0.5613741840117626,0.6298471943721964,0.5612207151240085,False,-0.0006318313681836774,-0.00015346888775413792
10205030,0.33134014300005576,0.4181247403744367,0.3314282137054433,0.4181551348430109,False,8.807070538752182e-05,3.039446857422412e-05
09330000,-0.1939103294830533,-0.1840425465616129,-0.1935763973212039,-0.18323568846417415,True,0.000333932161849404,0.0008068580974387451
09330230,-0.1801726453191106,-0.07174651606117943,-0.17235350849801234,-0.05942974420316882,True,0.00781913682109825,0.012316771858010611
09401260,-0.09559094627515052,0.10442171041081072,-0.07919797059126932,0.10678340639798023,False,0.016392975683881206,0.00236169598716951
09384000,0.19969894022999013,0.45825065482230043,0.21220172350662014,0.46370491269889735,False,0.012502783276630014,0.005454257876596924
09390500,0.12200247659213281,-0.1224736786235372,0.12195188435126958,-0.12373563322344538,False,-5.059224086323422e-05,-0.0012619545999081883
09466500,0.030222982106807406,0.30674007097498424,0.12538848684440063,0.344018973515661,False,0.09516550473759322,0.037278902540676784
09468500,0.5722018131898987,0.7089581613692026,0.5745092596436281,0.6969105018276238,False,0.002307446453729378,-0.012047659541578826
09469500,-21.247462326804012,-2.7190911655224816,-11.900057514754609,-1.6335286565769085,True,9.347404812049403,1.0855625089455732
09489500,0.6695302727748154,0.5340377320296487,0.6712966746775324,0.5340626776655213,False,0.0017664019027170408,2.4945635872630767e-05
09490500,0.5771922340253555,0.36805129185457286,0.5792328603510457,0.36884639005937003,False,0.0020406263256902424,0.0007950982047971733
09492400,0.5865769964023051,0.7202721339376117,0.586561363292252,0.7202900705824753,False,-1.5633110053148158e-05,1.7936644863603135e-05
09494000,0.5400113013517598,0.5870676476329051,0.5405635918625367,0.5874604558137715,False,0.0005522905107768761,0.0003928081808663997
09496500,0.24859135927679965,0.5278545015193872,0.30206011185273507,0.5525006198232241,False,0.05346875257593542,0.024646118303836895
09497500,0.6603122861332317,0.5881081458649703,0.6520950182775771,0.5914089300281132,False,-0.008217267855654575,0.0033007841631429446
09497980,0.7373910240720674,0.7314839521411055,0.734157719868934,0.7310830635240413,False,-0.0032333042031333914,-0.0004008886170642212
09447000,0.01759154844818034,0.4268662990743193,-0.19958202563194405,0.35719495136647605,False,-0.2171735740801244,-0.06967134770784322
09447800,-0.03209872630129018,0.3274585406826931,0.004064617701169282,0.32898657277185095,False,0.03616334400245946,0.0015280320891578603
09448500,0.6092286072054813,0.7273873928148749,0.6308066428779757,0.7623582212794815,False,0.02157803567249439,0.03497082846460664
09537200,0.07956861921673486,0.011889792256312592,0.08860636147724088,0.0113127043013862,False,0.009037742260506021,-0.0005770879549263919
06036650,0.7822849332069975,0.673876582844527,0.7811332629849959,0.6706495587985051,True,-0.0011516702220016883,-0.0032270240460219313
06043500,0.9210015212930059,0.8632988862159278,0.9206154658849568,0.8636795387261494,False,-0.0003860554080491463,0.00038065251022167956
06052500,0.8953694622706772,0.8829881757642649,0.8946106546070606,0.8829878863935507,False,-0.0007588076636165786,-2.8937071416823557e-07
06054500,0.8309643346684087,0.8142699837788618,0.8307545708257809,0.8124483369186173,True,-0.00020976384262783032,-0.0018216468602445524
06192500,0.9594485861681789,0.9635560858389159,0.9591632908944812,0.962544606307935,False,-0.00028529527369769436,-0.0010114795309809077
06200000,0.9239988133432511,0.9260809320124495,0.9237060728346511,0.9262400838397931,False,-0.0002927405085999535,0.00015915182734360656
06037500,0.11207494163244625,0.4898622342243071,0.12139261981180638,0.49070894346117255,False,0.009317678179360134,0.0008467092368654727
06038500,0.07088080487688841,0.5191071407704791,0.07271049222141779,0.5186074562674459,True,0.0018296873445293738,-0.0004996845030332819
06186500,0.9363121468809785,0.8802579908803687,0.9347809139068144,0.8799432006564897,False,-0.0015312329741641317,-0.00031479022387903566
06188000,0.9200541972167403,0.833557058241598,0.919966726836247,0.8337547226203574,False,-8.747038049328193e-05,0.00019766437875945453
06191000,0.8666399261474842,0.8495729410022231,0.8669707398069257,0.8497795479838237,False,0.0003308136594415423,0.00020660698160057667
06191500,0.9497152074624396,0.9323482317196886,0.9502922761165475,0.933821054805235,False,0.0005770686541078929,0.0014728230855464153
06280300,0.7494303693378781,0.7245515202293876,0.7487267854493118,0.724396426762571,False,-0.0007035838885662837,-0.00015509346681663594
13010065,0.7856312028300237,0.720639440448027,0.7872958128345076,0.7211341972605364,False,0.001664610004483813,0.0004947568125094337
13039500,0.037205029983359506,0.4265361574400245,0.04187678505705905,0.4290001549339151,True,0.004671755073699546,0.0024639974938905906
06221400,0.7529024428170568,0.638335913813296,0.7528818107156636,0.6383347765108267,False,-2.0632101393136537e-05,-1.1373024693117628e-06
13011500,0.847523907349043,0.7439215550202525,0.8467947000551358,0.7441280183226043,False,-0.0007292072939072414,0.00020646330235185584
13018750,0.7435533460180885,0.5862226645052664,0.7408795617693387,0.5797342832680346,True,-0.0026737842487498664,-0.006488381237231833
13022500,0.6094250116672209,0.42603986406808814,0.6037721033857368,0.4207884338268362,True,-0.005652908281484015,-0.005251430241251964
13023000,0.8986155913737677,0.9377383811840979,0.899223041725369,0.938075174997123,False,0.0006074503516013685,0.0003367938130250936
09205000,0.8685724334902019,0.8437871455194439,0.8697980742860104,0.8429829614063578,True,0.001225640795808558,-0.0008041841130861371
09209400,0.8279663271844965,0.701563870034697,0.8279792242291868,0.7009112888342713,True,1.2897044690318715e-05,-0.0006525812004256615
09210500,0.7022316052846677,0.7450705740453752,0.7032621984016645,0.7457266506629516,False,0.0010305931169968252,0.0006560766175763844
09211200,0.6241205115146253,0.7824061547317627,0.6360403889301686,0.7868358857284732,True,0.011919877415543234,0.0044297309967105125
09217000,0.5962325168616962,0.7377665080815073,0.6068355616820381,0.7414447816326928,True,0.010603044820341911,0.0036782735511854403
09223000,0.8182624913180472,0.9021855405954826,0.8209645598563062,0.9034655620615902,False,0.0027020685382590504,0.001280021466107617
09224700,0.5657618691312839,0.5625642128602948,0.5632740220696413,0.5598777064571876,True,-0.002487847061642623,-0.0026865064031071917
10032000,0.8294830682289531,0.8900686280961497,0.8324198290797319,0.8911032905344544,False,0.0029367608507787635,0.0010346624383046343
09234500,-0.3106041285551173,0.4344481333880421,-0.31174607464543747,0.4350759697317462,True,-0.001141946090320145,0.0006278363437041135
09266500,0.8063653673855045,0.6896712507892202,0.806498473167635,0.6897152831467939,False,0.00013310578213054924,4.403235757366453e-05
09289500,0.8613284253841594,0.7552449151056433,0.8611702630441016,0.7551924414855846,False,-0.00015816234005783247,-5.24736200586684e-05
09291000,0.5329017899184076,0.6712957706460061,0.5389800806063965,0.672865997268649,True,0.006078290687988819,0.001570226622642945
09292500,0.8613810841107709,0.8538771202604125,0.8619627388311324,0.8540008158681225,False,0.0005816547203615352,0.00012369560770997268
09299500,0.829009864714663,0.7551390423154217,0.8291225561814036,0.7552952215427142,False,0.00011269146674064423,0.00015617922729249667
09302000,-0.18053899632899895,-0.261098943271207,-0.17412895926520178,-0.2606661445807863,True,0.006410037063797169,0.0004327986904206771
09180000,0.6657543157799729,0.48324590097303854,0.6695284893704232,0.4838747373393757,True,0.0037741735904502915,0.0006288363663371488
09306500,0.8638498119848659,0.7915846049432688,0.8639947518506954,0.7919169656529736,True,0.00014493986582952978,0.00033236070970488196
09166500,0.7316779545277187,0.551650601857486,0.7312828158946315,0.5521594087917461,True,-0.00039513863308715536,0.000508806934260031
09169500,0.17343198472963328,0.03377584495605657,0.19203791083917077,0.03567960105535417,True,0.018605926109537485,0.0019037560992976044
09171100,0.22956245960965938,0.07864562441306466,0.24918601968750476,0.08048485510710901,True,0.01962356007784538,0.001839230694044347
09372000,0.1644478865316319,0.24344714148891466,0.16537234486988428,0.24335597501104722,False,0.0009244583382523874,-9.11664778674437e-05
09364500,0.871806675194704,0.8528721755962412,0.8699121128778253,0.8525295211533143,True,-0.0018945623168786785,-0.00034265444292691516
09365000,0.6617607855797181,0.6912408378729735,0.6810404216315984,0.6679078649242163,True,0.019279636051880322,-0.023332972948757247
09366500,-0.7998322503534718,-0.47303754190399294,-0.7991733922636397,-0.4726294223820384,False,0.0006588580898321261,0.0004081195219545197
09371000,0.4629191939104059,0.46135613608331283,0.473600347876566,0.4669175922359948,False,0.010681153966160095,0.005561456152681998
09371010,0.6120847003768356,0.6332108545935116,0.643668998655606,0.6295066928260785,True,0.031584298278770406,-0.003704161767433045
09386900,0.21009481254997753,0.09619014282116012,0.20941781523341085,0.095497697971206,False,-0.0006769973165666743,-0.0006924448499541214
09386950,-2.662309805478068,-4.054564390003589,-2.612725644428835,-4.0232848891731345,False,0.04958416104923291,0.031279500830454054
09442680,0.10257511769490435,0.35414111841022666,0.10348076832966102,0.3551957556046501,False,0.0009056506347566717,0.0010546371944234467
08477110,0.5610450642247,0.379395816325502,0.5622754811288388,0.37999793259829917,False,0.0012304169041388313,0.0006021162727971596
09430500,0.6895185039996339,0.6324578420485399,0.6735353739433928,0.6201836285761083,False,-0.01598313005624108,-0.012274213472431628
09430600,0.07964194326361551,0.0019758407096164277,0.0794108800510932,0.001197284077750993,False,-0.00023106321252230888,-0.0007785566318654347
09431500,0.6104881054240257,0.7800717700394144,0.608512338942792,0.7795755138724131,False,-0.001975766481233654,-0.0004962561670013299
09432000,0.6399081945578047,0.7117017661137958,0.6366117034224253,0.7059324957431989,False,-0.0032964911353793314,-0.005769270370596824
09444000,0.5522422643951398,0.7315403500560239,0.5445563378288847,0.7271203474634831,False,-0.007685926566255108,-0.004420002592540828
06208500,0.8990627817137586,0.8824947502360019,0.8987754107824638,0.8823347930847811,False,-0.00028737093129482805,-0.0001599571512207465
06207500,0.9063078802023486,0.9402469741646803,0.9051448471519842,0.939605912654516,False,-0.0011630330503644704,-0.000641061510164298
06274300,0.6954275414076324,0.805706683727292,0.6702710585261231,0.7185464458633403,True,-0.02515648288150929,-0.08716023786395177
06279940,0.29045868824656673,0.17058267001875593,0.29170837356529744,0.171320640632885,False,0.0012496853187307089,0.0007379706141290576
06281000,0.8131164304406444,0.7615761138611149,0.8110454661483906,0.761423227897697,False,-0.0020709642922538407,-0.0001528859634178925
06282000,0.5909377809757891,0.6742908501513125,0.6033557672275263,0.6758195538365466,True,0.012417986251737179,0.0015287036852340563
06285100,0.4024715131094674,0.5844580600655689,0.41955243540758647,0.5895082556249736,True,0.017080922298119083,0.005050195559404669
06224000,0.7045059756171457,0.5562467231431287,0.6816891960367342,0.5451585271305371,True,-0.022816779580411506,-0.011088196012591589
06225000,0.3255174953782737,0.43774075479143215,0.3399546999239983,0.4397801061523027,True,0.014437204545724613,0.0020393513608705227
06225500,0.5961123814223697,0.36726339291815746,0.5913335370076094,0.36374234480152845,True,-0.004778844414760286,-0.003521048116629011
06228000,0.5782971812495288,0.4990206082586298,0.5744747611194293,0.4948111783213013,True,-0.00382242013009948,-0.004209429937328535
06235500,0.7886490816041765,0.6929592484345075,0.7897413225629368,0.6930811607399716,True,0.001092240958760371,0.00012191230546410026
06253000,-0.001959900369333578,-0.2387637719154292,-0.0019538538539105588,-0.23856755507101646,False,6.046515423019372e-06,0.00019621684441273324
06259000,0.40862760587219304,0.7070693173076195,0.5877690494320623,0.782734063730139,True,0.17914144355986927,0.07566474642251952
09247600,0.917558231278689,0.9276117095105894,0.9175788029098575,0.927686154164856,True,2.0571631168531113e-05,7.44446542666477e-05
09251000,0.9245312732552963,0.8635462118145283,0.9238645478743436,0.86293783802764,True,-0.000666725380952693,-0.0006083737868882722
09255000,0.7046497232737181,0.6570259569823309,0.7043980405029981,0.6571714208424029,False,-0.00025168277071996314,0.00014546386007197043
09260000,0.816647826611042,0.8532278566870599,0.8222096895235864,0.8554095464150984,True,0.005561862912544457,0.0021816897280384495
09306255,-0.5849274492275356,-0.08517017635048196,-0.5843750872539268,-0.08533225063510153,False,0.0005523619736087504,-0.0001620742846195622
09306290,0.8671583977577701,0.7984544985007778,0.86714721010603,0.7985524649640521,False,-1.1187651740129922e-05,9.796646327431269e-05
09070000,0.8734413264057688,0.9294483493842678,0.8712932508699749,0.9285099475597325,False,-0.0021480755357938808,-0.0009384018245353065
09070500,0.8682766860978905,0.8780893181066438,0.8658832780592346,0.867461321004576,True,-0.002393408038655953,-0.010627997102067854
09073300,-1.1063200935986655,-0.5677928579707123,-1.1077591243569227,-0.5678876820451384,False,-0.0014390307582572426,-9.482407442606977e-05
09073400,0.29867209177456056,0.37049287190108926,0.2972279595590197,0.3703524653021826,False,-0.0014441322155408498,-0.00014040659890668383
09080400,0.07515864304849507,0.566423499551109,0.08322491741986704,0.5689707484955343,True,0.008066274371371973,0.002547248944425262
09081600,0.8701989675218269,0.7976260682856116,0.869548041275224,0.7975097286395689,False,-0.0006509262466029009,-0.00011633964604262914
09085000,0.9003742038307112,0.9062860676463166,0.899573837428257,0.9064329620955042,True,-0.0008003664024541779,0.00014689444918758454
09085100,0.9119096352598203,0.9520151693621193,0.912141023424663,0.9507140604984833,True,0.0002313881648426941,-0.0013011088636359913
09095500,0.9236884053875607,0.9004899510748022,0.92203876808554,0.8941543693662853,True,-0.0016496373020207233,-0.006335581708516891
09105000,0.7734374093959625,0.8645736494912168,0.774936311451525,0.8653372941704732,True,0.0014989020555624677,0.0007636446792563811
09132500,0.8789025796482859,0.8109777609905294,0.8788560817854841,0.811453253372473,True,-4.6497862801753165e-05,0.00047549238194355414
09152500,0.6376058374367768,0.8097399281924413,0.6588269775453455,0.8247412181043041,True,0.02122114010856868,0.01500128991186278
09304200,0.8427582293691924,0.7954609868068976,0.8427963993761622,0.7957325974619532,False,3.817000696981765e-05,0.00027161065505565407
09304500,0.8592671614729179,0.7908506390017893,0.8592214593402387,0.791118310937145,False,-4.570213267918177e-05,0.00026767193535570666
09304800,0.8596858856530079,0.7868734883654881,0.859508295303633,0.7870256237371396,False,-0.0001775903493748121,0.00015213537165148505
09306222,0.24478247374728845,0.19658834915329793,0.2449692302671096,0.196771007486237,False,0.00018675651982114072,0.00018265833293906741
09306242,-0.4914788823826366,-0.022963540960916573,-0.4920423543242072,-0.02325750340144528,False,-0.0005634719415705813,-0.00029396244052870557
09110000,0.4290750352359093,0.5139994262624732,0.4368521194004713,0.5140210844202291,True,0.00777708416456202,2.165815775589941e-05
09112500,0.7110401316656825,0.5233115199964682,0.7110107827406911,0.5236392544722512,False,-2.9348924991401404e-05,0.00032773447578304804
09114500,0.8057916040950396,0.6646747287345285,0.8056963528454253,0.6629366007542374,True,-9.52512496142921e-05,-0.0017381279802910488
09118450,-0.6038425330526151,0.3162599840688237,-0.6028332306023194,0.31649915952166274,False,0.0010093024502957348,0.00023917545283902442
09119000,0.5817634337943873,0.7301699498612075,0.5738746829329886,0.727103897450637,False,-0.00788875086139873,-0.0030660524105705633
09124500,0.8572733089673521,0.8508535783055201,0.8564391177362095,0.850765917239739,False,-0.0008341912311425892,-8.766106578106392e-05
09126000,0.8007429984722584,0.7958711877500668,0.8010034711414482,0.7957499057527888,True,0.00026047266918982626,-0.00012128199727801103
09128000,-0.6783638774826823,0.30319634584218325,-0.4351431082734045,0.34964686474153717,True,0.24322076920927782,0.04645051889935392
09144250,0.4987696743968769,0.6882239420945941,0.5382277755918463,0.7136370762685734,True,0.0394581011949694,0.02541313417397928
09146200,0.8533735054739977,0.7740039901239413,0.8532664848513775,0.77404776383691,False,-0.00010702062262024636,4.37737129687088e-05
09147000,0.44813307782350265,0.48997210255613854,0.44812125902230604,0.4899355391621171,False,-1.1818801196605833e-05,-3.6563394021471574e-05
09147025,0.5451572531854657,0.6937987143456001,0.5676702652007768,0.6992422090844315,True,0.022513012015311085,0.005443494738831323
09147500,0.7026371686974162,0.7239464992029996,0.7092059162443801,0.7195341178369601,True,0.0065687475469639045,-0.004412381366039497
09149500,-0.1153312862984801,0.42811960695906737,-0.1019072771798506,0.4288759633851307,True,0.01342400911862951,0.0007563564260633093
09352900,0.7194628740525794,0.60351039165639,0.71939958211045,0.603479274635754,False,-6.329194212939537e-05,-3.1117020635962334e-05
08245000,0.3232749010264804,0.6516845418984738,0.3261025019342617,0.6533926515798032,True,0.0028276009077813358,0.001708109681329395
08284100,0.6839277472572749,0.33957096891188576,0.6840752553650469,0.3396498811755283,False,0.00014750810777197643,7.891226364253878e-05
08285500,0.11532518193552477,0.46869288200755255,0.11356568868437433,0.46166052766755483,True,-0.0017594932511504346,-0.007032354339997715
08286500,0.15149444139390444,0.4829071418582572,0.15080151341485692,0.4759344701815008,True,-0.0006929279790475196,-0.0069726716767564145
08287000,0.10753969394877705,0.4669560692253335,0.1711241901852263,0.47394316504200207,True,0.06358449623644924,0.006987095816668565
09342500,0.8332506438708708,0.7919668226670248,0.833669226633653,0.7921271705027212,False,0.00041858276278217144,0.0001603478356964061
09346400,0.7961958867890456,0.7471392167448523,0.8002468376098864,0.7483395843081067,False,0.004050950820840726,0.0012003675632543676
09349800,0.6299946190918151,0.455460279100779,0.6302478224855884,0.4557681270829286,True,0.0002532033937733269,0.0003078479821495561
09354500,0.30576020312899266,0.30565338732973635,0.3060648882185909,0.30553019338530174,True,0.0003046850895982445,-0.00012319394443460752
09355500,0.17361658544558745,0.4262583297932675,0.23607646875360455,0.362592799429874,True,0.062459883308017106,-0.06366553036339351
09361500,0.8990472964684939,0.9003910255983558,0.8972585320773173,0.9002316019433666,True,-0.0017887643911765894,-0.0001594236549892214
09363500,0.9021219748913218,0.8911257148320333,0.8998787113318514,0.891179249905713,True,-0.0022432635594704653,5.353507367966692e-05
08317950,-0.1322348330737435,-0.15325442316215754,-0.12570309639990795,-0.16389566532289024,True,0.006531736673835553,-0.0106412421607327
08319000,-0.17551655141270106,0.22788125919844415,-0.1651267191313861,0.24300616218349413,True,0.010389832281314959,0.015124902985049982
08324000,0.663586887961205,0.809537463409809,0.6618599903830513,0.8091405998169363,False,-0.0017268975781536966,-0.00039686359287272044
08334000,0.06376805302238064,-0.024353611345627968,0.059051815267661345,-0.030931921127752116,False,-0.004716237754719299,-0.006578309782124148
06289000,0.7405184909659808,0.7063809967716908,0.7401680868643961,0.7063120836697852,False,-0.00035040410158471147,-6.891310190559885e-05
06298000,0.8888078424341558,0.9416510116645934,0.888394505714944,0.9414481825650778,False,-0.0004133367192117321,-0.00020282909951563344
06309200,0.4663870261280155,0.38304327253046,0.472591416576841,0.3859260339266054,False,0.006204390448825481,0.0028827613961454057
06311400,0.5120091829161271,0.7131981238153671,0.5095784383788575,0.7123741743525867,False,-0.002430744537269547,-0.0008239494627804156
06635000,0.7054943260532706,0.7182862612930379,0.7004475791564373,0.7190376796436706,False,-0.005046746896833265,0.0007514183506327488
06647500,0.772208138285547,0.769932110160805,0.7721774353531061,0.7699192200564893,False,-3.0702932440895836e-05,-1.289010431571036e-05
06620000,0.7459389845760294,0.8003700773011855,0.7439725770635468,0.8003003694138673,False,-0.0019664075124825597,-6.970788731819333e-05
06623800,0.9302573738498195,0.9593126250407409,0.9303939089438011,0.9593769899364915,False,0.00013653509398159347,6.436489575056825e-05
06625000,0.9127181072503245,0.8366981975376258,0.9130942205948243,0.8367607020566169,True,0.0003761133444997178,6.250451899114662e-05
06751490,0.6645707609787174,0.45790939694666855,0.6617505841227398,0.457999505249569,False,-0.002820176855977574,9.010830290046012e-05
09010500,0.8277614691998624,0.8083064794635008,0.8274666154768052,0.8081589947414013,False,-0.0002948537230571535,-0.00014748472209946684
09237450,0.2737805942829449,0.222539082950164,0.2721958808671363,0.2211110096295278,True,-0.0015847134158085696,-0.001428073320636214
09237500,0.24933600061977057,0.2595983617305856,0.25016073920657644,0.25954035462183556,True,0.0008247385868058732,-5.800710875003556e-05
09239500,0.9448675996771672,0.9471793039302875,0.9445821348735441,0.9470787010984317,True,-0.0002854648036230145,-0.00010060283185575614
06710385,0.48430998212340837,0.45663305685906175,0.48457640663975143,0.45681028773074894,False,0.00026642451634306674,0.0001772308716871951
06719505,0.7279768204779539,0.6745900815880213,0.7217803790574964,0.6731869250744322,False,-0.006196441420457499,-0.0014031565135890212
06730200,0.41158515266051965,0.4929187832673412,0.41243678914008064,0.493376974604518,True,0.000851636479560991,0.0004581913371768387
09032000,0.41982192055184453,0.44609773823465826,0.4190562106235749,0.44570525249074433,False,-0.0007657099282696311,-0.00039248574391392843
09032100,-1.3000352782967868,-0.325388015207146,-1.3024235735055565,-0.3256587817894141,False,-0.0023882952087697085,-0.00027076658226810046
09034250,0.5814670507658076,0.6577251995811131,0.5775525682908089,0.6491912383856946,True,-0.003914482474998704,-0.008533961195418494
09036000,0.8965434861574457,0.8142587120454927,0.8965797317053315,0.8142400240991363,False,3.624554788572709e-05,-1.8687946356399365e-05
09037500,0.7899553144222613,0.6800313550684484,0.7923105758476925,0.680728663753428,False,0.0023552614254311877,0.0006973086849796362
09038500,0.25720497131129205,0.6185217917780509,0.26264977868837625,0.6204784014230114,True,0.005444807377084193,0.001956609644960472
09046600,0.6881110829784483,0.5805071510567239,0.6878005483446747,0.5804408231520564,False,-0.0003105346337735071,-6.632790466754024e-05
09050100,0.8565212439071137,0.6864337945219889,0.8557195263665741,0.6855318434269064,True,-0.0008017175405395927,-0.0009019510950825094
09050700,0.10149138875861108,0.34417320973565824,0.15812614185659057,0.3585697813727994,True,0.056634753097979496,0.014396571637141142
09057500,-0.11613889972291447,0.4438159158853021,-0.04601258640506156,0.4672627800995601,True,0.0701263133178529,0.023446864214258012
09058000,0.549559514441384,0.727332220653532,0.5511470878088288,0.7179906865891923,True,0.001587573367444861,-0.009341534064339685
09059500,0.8404273055801289,0.7619733315765529,0.840407221838924,0.7619450380975541,False,-2.0083741204879324e-05,-2.829347899879764e-05
09063000,0.5790717033452386,0.45397773761459725,0.5773643789973758,0.4538237166713216,False,-0.0017073243478628042,-0.00015402094327565674
09064000,-1.4566412816336358,-0.7596667928198466,-1.4563810357484015,-0.7596823316117864,False,0.00026024588523432257,-1.5538791939828656e-05
09064500,0.27518939887364924,0.3226978322305726,0.2758345362281305,0.32274156127980436,False,0.00064513735448124,4.372904923177767e-05
09064600,0.7893982312325426,0.6746554966324131,0.7891518901858363,0.6746554557705766,False,-0.00024634104670628876,-4.086183647000752e-08
07096000,0.7556369563147434,0.7661901849730393,0.754184115728313,0.7658000015136195,True,-0.0014528405864303595,-0.0003901834594197684
09107000,0.843876428210039,0.7988179088730435,0.8434139616551573,0.7987640571557859,False,-0.0004624665548818019,-5.385171725758031e-05
09109000,0.35770449307704155,0.6025364664774769,0.37314965775127773,0.6061102285796207,True,0.015445164674236178,0.0035737621021437738
07203000,0.1546948943053743,0.049465274090753075,0.15558153476434167,0.05057098161811846,False,0.0008866404589673582,0.001105707527365385
07206000,-0.1555458725303258,-0.11269793045754706,-0.15504514604010455,-0.11361888527939201,True,0.0005007264902212594,-0.0009209548218449548
07207000,0.23196883613067587,0.4030518137078274,0.23422927855238762,0.4037312274725028,True,0.0022604424217117502,0.0006794137646753962
07207500,0.5566096295859075,0.4205751902724135,0.558735646954181,0.42097919231163683,False,0.0021260173682734473,0.0004040020392233057
07208500,0.6296696184214104,0.7985798499084368,0.6277860450694259,0.7979924968862193,False,-0.0018835733519845244,-0.0005873530222174628
08246500,0.7377558413056109,0.5960925017158081,0.7362115509506795,0.5944694989096742,True,-0.0015442903549314213,-0.001623002806133922
08247500,0.4880389389065142,0.4972275362821271,0.4864094736674346,0.49711169277892,False,-0.001629465239079586,-0.00011584350320714698
08248000,0.7212734786342823,0.5927330516062299,0.721653852403414,0.5931055760692536,False,0.0003803737691316922,0.00037252446302371567
08255500,0.4413681981142633,0.6161876213041017,0.44275471204654304,0.6170435519048489,True,0.0013865139322797315,0.00085593060074729
08265000,0.8225436741634904,0.8105012278044643,0.8228064330111798,0.8108694367352742,False,0.00026275884768944824,0.00036820893080991013
08266820,0.7205383767605223,0.8566833134130531,0.7202108359477561,0.8563807274505914,False,-0.0003275408127662027,-0.0003025859624617988
08269000,0.7000436174112232,0.8175865794419066,0.6996323006707064,0.8174837953620844,False,-0.00041131674051686495,-0.00010278407982222681
08275500,0.8380715096812414,0.8426980339607153,0.8360939622192712,0.8420709568677607,False,-0.0019775474619702083,-0.0006270770929546199
08276300,0.32480254718154933,0.28777882025484547,0.3225615131473626,0.28737405403424887,False,-0.0022410340341867396,-0.0004047662205965974
08289000,0.48839523385404193,0.44753767437141834,0.4869643254937326,0.4475510922170953,False,-0.0014309083603093464,1.3417845676988449e-05
07215500,0.6957239526737728,0.5297419436759256,0.6967563138517316,0.5301493273731227,False,0.001032361177958796,0.00040738369719706125
07216500,0.5943431387128781,0.4497544721500789,0.5942624424934222,0.44996629948625944,False,-8.069621945594463e-05,0.00021182733618052563
07218000,0.009454034920103771,0.4647637280838254,0.017601420464505413,0.4660243697846769,False,0.008147385544401642,0.0012606417008514947
08279000,0.7821369465234018,0.7301268328317467,0.7803107754311608,0.7301209313163874,False,-0.0018261710922410357,-5.901515359285625e-06
08279500,-0.5656548281828817,0.04726571007140523,-0.5583853986880738,0.05110335129041377,True,0.007269429494807911,0.0038376412190085363
08291000,0.25378270666688074,0.19019199291029099,0.25361918059929434,0.1901144488669917,False,-0.00016352606758640587,-7.754404329929354e-05
08294210,-1.2621723825540943,-0.3686317301005424,-1.26206237956352,-0.36870764481888796,False,0.0001100029905742872,-7.591471834555996e-05
08377900,0.7877377256526166,0.7792421441541209,0.7876867963601594,0.7792614021915584,False,-5.092929245720246e-05,1.9258037437519526e-05
08378500,0.7983235933158104,0.8236336708021077,0.7983574080035842,0.8236671868435522,False,3.3814687773858765e-05,3.351604144452569e-05
08379500,0.5224999444270066,0.5952607157375476,0.5207722602532572,0.594743417160446,False,-0.0017276841737494664,-0.0005172985771015881
08380500,0.5424355449518732,0.705554546473297,0.5439186260677462,0.7068397500033325,False,0.0014830811158730306,0.0012852035300355835
08382500,-0.06742010921061903,0.05807109442152758,-0.08712795802085305,0.042140971978633424,False,-0.01970784881023402,-0.015930122442894157
08382650,0.35730709926452253,0.43764848652821176,0.34496711072227193,0.4342866264380417,False,-0.012339988542250602,-0.0033618600901700324
08382830,-0.19120048421022906,-0.12691177653206265,-0.14345832656478152,-0.13609581602885412,True,0.047742157645447536,-0.009184039496791474
08383500,-0.13017368299715382,0.008257390241702245,-0.09129480112702115,-0.005533877727505132,True,0.038878881870132664,-0.013791267969207377
08390500,-0.11636004848766235,-1.2602894004001954,-0.0940131845025689,-1.3010784726002407,True,0.022346863985093446,-0.04078907220004524
08390800,-17.587377162848124,-6.5333586772811705,-15.832267495634895,-6.558228267319777,True,1.7551096672132296,-0.024869590038606226
08401900,0.1131158586162021,0.05052309756627926,0.10695141950087539,0.08307777243266412,False,-0.006164439115326714,0.03255467486638486
08405150,0.16434998929179956,-0.318425667201619,0.13711951980299142,-0.2710881300513954,False,-0.02723046948880814,0.047337537150223596
06430500,0.25586986916484245,0.5678673336743851,0.26015175080087205,0.568418979747886,False,0.004281881636029605,0.0005516460735008888
06433000,0.5626667071883131,0.650127106659611,0.5639391987290496,0.6500087998028624,False,0.0012724915407364978,-0.00011830685674862895
06409000,0.5042212779968638,0.45473902509116937,0.5052291819531185,0.45520885790004284,True,0.0010079039562547187,0.00046983280887347156
06431500,0.2778567819758263,0.6741013795302832,0.2795411614276737,0.6747143426866903,False,0.0016843794518474065,0.0006129631564071314
06741510,0.448095145585089,0.5353220700086515,0.44805221861624145,0.5352789132806507,False,-4.2926968847556424e-05,-4.315672800081494e-05
06752260,0.6920632376181082,0.7150967899193121,0.6923751286237613,0.714984538947416,True,0.0003118910056530977,-0.00011225097189615507
06752280,0.6417823971927231,0.5249538525585644,0.6412983680257762,0.525457246108942,True,-0.0004840291669468977,0.00050339355037754
06714215,0.278170873550857,0.2217131731631078,0.2715776176337137,0.214065065104445,True,-0.006593255917143326,-0.007648108058662784
07099970,0.5759821658800404,0.3963924553086088,0.525803538665413,0.3866995229397129,True,-0.0501786272146274,-0.009692932368895901
07103700,0.3323714376433684,0.263554558700569,0.3322219264595304,0.2634505928997344,False,-0.00014951118383799145,-0.0001039658008346045
07104000,0.37885480448497255,0.3263455735211871,0.3787008645679587,0.3265075388264561,False,-0.00015393991701384557,0.00016196530526901842
07105500,0.4239043862999887,0.3243315706798986,0.4240001803147946,0.3244910072612315,False,9.579401480586114e-05,0.00015943658133288352
07105530,0.2784273909299484,0.14350285956530695,0.2785266058544542,0.143618075227411,False,9.921492450581937e-05,0.0001152156621040401
07105800,0.4127375201175214,0.2987711953934926,0.4123423453342938,0.2988010632677266,False,-0.00039517478322759203,2.986787423397974e-05
07109500,0.6431659700007095,0.625951835507123,0.6217558619037246,0.631369322010435,True,-0.02141010809698496,0.005417486503312086
07124200,0.5012731011411447,0.4779814410383919,0.5045785076246265,0.4793553984711987,False,0.0033054064834818764,0.0013739574328067716
07124410,0.43628347700299364,0.4026233679001595,0.44028243602571016,0.396842407030792,True,0.0039989590227165195,-0.005780960869367524
07211500,0.37785614308025683,-0.030070790258772462,0.4162647275808644,-0.02324492215951257,True,0.03840858450060758,0.006825868099259891
07226500,0.09074057201591501,0.032149787921697315,0.055566400708060626,-0.06274321876310829,False,-0.035174171307854385,-0.0948930066848056
08384500,-0.09744523352551493,0.00657780038198752,-0.0537855632476838,0.000247146109447427,True,0.04365967027783113,-0.006330654272540093
08405500,-0.012256615657793013,-0.33834222341600806,-0.012649468274523734,-0.34601572922460444,False,-0.00039285261673072114,-0.007673505808596381
08408500,-0.0014725207502463977,-0.5241134261730065,-0.0013185612367443422,-0.524196746481838,False,0.0001539595135020555,-8.332030883151376e-05
06332515,-0.028547017836305644,0.18701065458278487,-0.02977695719350293,0.18922846340388766,False,-0.001229939357197285,0.0022178088211027847
06339100,0.40573887943867837,0.4135312682976906,0.3339026554835375,0.3330487212362959,False,-0.07183622395514089,-0.08048254706139468
06344600,0.3618549931917534,0.3802748062230409,0.3590767685390307,0.3537899274579751,False,-0.002778224652722705,-0.026484878765065778
06350000,0.5191877131077455,0.3879690471296473,0.5124405389839994,0.35071631639071,False,-0.006747174123746036,-0.03725273073893731
06352000,0.48623945256119516,0.2963614199637181,0.46305375666860427,0.2600878159891187,False,-0.023185695892590896,-0.036273603974599444
06402000,-3.3049351290746314,-0.24888949827041928,-3.3051081076079303,-0.24948528968781325,False,-0.00017297853329889534,-0.0005957914173939649
06402500,-0.33280328574032314,-0.10434403737195463,-0.33399533141158533,-0.10593745911655317,False,-0.0011920456712621874,-0.0015934217445985333
06403300,0.6113254492117648,0.6939955053809563,0.6193268379920178,0.6948334004092174,False,0.008001388780253027,0.0008378950282610376
06404000,0.7910259684169463,0.8768409020129656,0.7901671051770841,0.8753360120289205,False,-0.0008588632398621732,-0.001504889984045077
06406000,0.36588018160083136,0.6610704733220552,0.363858699437718,0.6611988255873094,False,-0.002021482163113375,0.00012835226525420573
06406500,0.45558941034259337,0.7262436541915949,0.520068387454345,0.7518088944845225,False,0.06447897711175166,0.025565240292927616
06407500,0.7752582709097502,0.7891031074040213,0.7662589284839827,0.7872620619648294,True,-0.008999342425767498,-0.0018410454391919462
06410500,0.5651079943069934,0.42901188418512304,0.5545861949797039,0.423811191150791,True,-0.010521799327289583,-0.005200693034332016
06411500,0.5094191098079346,0.41331051557246945,0.510834247914445,0.4111816058628407,True,0.001415138106510394,-0.002128909709628757
06412500,0.5308458564966929,0.4007338519177951,0.5309185943118633,0.39785842185042497,True,7.273781517036504e-05,-0.0028754300673701216
06414000,0.43764703645931513,0.33537932856625163,0.43708482627077305,0.3327676580952946,True,-0.0005622101885420783,-0.002611670470957006
06418900,0.375479153607877,0.2818037899986592,0.37328371829815354,0.2767562584656871,True,-0.002195435309723437,-0.005047531532972105
06422500,0.691532564278388,0.5900075891541467,0.6913796587969545,0.5898553942655705,False,-0.00015290548143354066,-0.000152194888576207
06425100,0.31554196487504893,0.49721129114861806,0.3152561554221589,0.4950229941087426,False,-0.000285809452890029,-0.002188297039875442
08079600,0.5224970090540499,0.5699511441923946,0.5490217650266821,0.4742453441748572,False,0.026524755972632152,-0.09570580001753737
05120500,0.4131271161762864,0.6366606624206447,0.41663898844969993,0.6354738388894399,False,0.003511872273413541,-0.0011868235312048059
06339500,0.5009330701653705,0.655330163965828,0.4832369671066197,0.6229754952193719,False,-0.0176961030587508,-0.032354668746456094
06353000,0.5859198744489549,0.4344597099981159,0.5459590504535314,0.3674316831539308,False,-0.039960823995423445,-0.06702802684418507
06354000,0.5728023060940942,0.3887762160169038,0.54012475094946,0.32514861252699967,False,-0.03267755514463422,-0.06362760348990415
06360500,0.6379030800162991,0.729624239027097,0.6015739080059912,0.6944408759253802,False,-0.03632917201030794,-0.03518336310171688
06440200,0.08179772233966864,0.2149154338127297,0.1065099772394218,0.26115553723278107,False,0.02471225489975315,0.04624010342005136
06441500,0.3018981270759581,0.31976304781867215,0.26937078412016424,0.26546900370764714,False,-0.03252734295579385,-0.05429404411102501
06447000,0.3213965942509758,0.5809858428104473,0.33064923802995183,0.6460044887279185,False,0.009252643778976055,0.0650186459174712
06450500,0.46243352910058366,0.4810565111149301,0.44312847610450745,0.46337135300397303,False,-0.01930505299607621,-0.017685158110957055
06447500,0.32992827370722655,0.36884184616299465,0.3137018123383445,0.3559780038188589,False,-0.01622646136888206,-0.012863842344135734
06846500,0.03287197739733394,-0.3661559495909439,0.030564871155331796,-0.37409716023149575,False,-0.0023071062420021438,-0.007941210640551866
06847900,0.2694916234614285,0.10330328537620481,0.2567047528675581,0.07994721589297427,False,-0.012786870593870403,-0.023356069483230546
07299670,0.2975932224498564,-0.011953648453427723,0.29042992845120263,-0.013885419120328812,False,-0.007163293998653786,-0.0019317706669010892
07301500,0.4937308935091491,0.6139111106238809,0.5381412743871192,0.683674145374013,False,0.04441038087797011,0.06976303475013212
08082700,0.3534939277181608,0.14396716202657678,0.35766216425608477,0.15597771459887755,False,0.004168236537923975,0.01201055257230077
08165300,0.11469750408395085,0.5292583913020156,0.10300374761762832,0.5275411477296932,False,-0.011693756466322536,-0.0017172435723223911
08190000,0.47685877722296344,0.4588704838245148,0.4719801797222879,0.45436922770377,False,-0.004878597500675541,-0.004501256120744812
08190500,0.1540489830416607,-1.0797047711397374,0.14544688271026063,-1.0962934671559452,False,-0.008602100331400075,-0.016588696016207827
08195000,0.6799088651775473,0.7291352851316945,0.6802195612401518,0.7306600505235454,False,0.00031069606260447635,0.0015247653918509796
08196000,0.5014238084297087,0.48589679767649296,0.4971228323293856,0.48294897800613323,False,-0.004300976100323095,-0.0029478196703597304
08198500,0.7153405361664755,-0.06442349847739437,0.7111767299469227,-0.058860544393015246,False,-0.0041638062195528125,0.005562954084379124
08202700,0.681987714577263,-0.9882983386662534,0.6810521534478546,-0.9747662469067588,False,-0.0009355611294084021,0.013532091759494547
05056000,0.5698307709425225,0.304784131217433,0.5546398975184792,0.2752965402516011,False,-0.01519087342404335,-0.029487590965831867
06468170,0.3296177425734135,0.030129090929236546,0.3271215903015048,0.02437252334001283,False,-0.0024961522719086915,-0.005756567589223716
06468250,0.3327824870274657,0.01966249074717341,0.32184905452825874,0.009356195901692455,False,-0.010933432499206974,-0.010306294845480957
06470000,0.21392535858412753,0.041403106777200716,0.2270147918768729,0.0437495944730496,True,0.013089433292745367,0.0023464876958488867
06470500,0.23017603985820356,0.01228575007099264,0.2416446785595201,0.02379586440272785,True,0.011468638701316536,0.01151011433173521
06471200,0.6028076097205153,0.5313886244293813,0.5999729057786398,0.5273630364909125,False,-0.0028347039418754605,-0.004025587938468744
06452000,0.5001505192975731,0.5482121499841779,0.36303192977194254,0.344174733352385,False,-0.1371185895256306,-0.20403741663179287
06453600,0.6132449659562504,0.7145914896202324,0.6081802701240879,0.7081758561572137,False,-0.0050646958321625135,-0.006415633463018766
06464500,0.4786412390346172,0.4786733843425841,0.47100189385227353,0.4707019827137201,False,-0.00763934518234366,-0.007971401628864005
06853800,0.09804519447486626,-0.025207206407533045,0.08898205915413515,-0.02411955624733042,False,-0.009063135320731108,0.0010876501602026245
07142300,0.1622247767422601,0.3259324570988389,0.17299978736134458,0.32274430484487737,False,0.01077501061908448,-0.003188152253961518
07148400,0.46711541821145386,0.6608876666689447,0.471781015624805,0.6653291964820884,False,0.004665597413351152,0.004441529813143719
07149000,0.45096948222307587,0.5778866515900405,0.4511544585322126,0.5786251634037728,False,0.00018497630913671959,0.000738511813732301
07315200,0.5427455776012222,-0.048381200980322614,0.5450890771551467,-0.05069002504370168,False,0.002343499553924433,-0.002308824063379067
08086212,0.4609152071391779,0.5697539756286127,0.49185380664907996,0.5877792260213359,False,0.030938599509902076,0.01802525039272318
08086290,0.6319986320300264,0.6680527845917557,0.6258490666983211,0.66712460354919,False,-0.006149565331705298,-0.0009281810425656456
08101000,0.6542435508015918,0.6070595936901995,0.6513809256123511,0.6067940567708111,False,-0.0028626251892407417,-0.0002655369193883539
08150800,0.16392482080846305,0.3810610760637443,0.13941638454537975,0.35427456584841177,False,-0.0245084362630833,-0.026786510215332515
08158700,0.542782455489226,0.7531607749223541,0.5682763216044109,0.750963714066552,False,0.025493866115184893,-0.0021970608558020688
08171300,0.6895687281520844,0.7486543229483347,0.6946333207699188,0.7479855665812106,False,0.005064592617834429,-0.000668756367124046
08178880,0.4434544701784905,0.35610178574975826,0.4438116503972932,0.355871189140589,False,0.00035718021880271067,-0.0002305966091692424
08186000,0.5873058597624663,0.5475475739929353,0.5877799187640504,0.5653493575337691,False,0.0004740590015841484,0.017801783540833838
08200000,0.4119659464401113,0.3836605792308302,0.4082704294270869,0.3791041320716433,False,-0.0036955170130243964,-0.004556447159186905
08194200,0.34041465415338334,0.26262056531726896,0.33800185282771245,0.26249851907353705,False,-0.002412801325670899,-0.00012204624373191031
05069000,0.5580377955112377,0.7028840774872098,0.5547968102153882,0.6991737914101763,False,-0.0032409852958494856,-0.0037102860770334978
05084000,0.5117069596189254,0.4346171270604382,0.5131521311105601,0.43540387025392024,False,0.0014451714916347003,0.0007867431934820424
05085000,0.49413200244012845,0.35364836996206817,0.49403586423354307,0.3535445634724824,False,-9.61382065853833e-05,-0.0001038064895857449
05090000,0.6562340267810929,0.5158931633872295,0.6535184794267874,0.508066453295082,False,-0.0027155473543054587,-0.007826710092147415
05051522,0.7340554555402041,0.569482865909523,0.7358920109507705,0.5628146757152064,True,0.0018365554105663762,-0.006668190194316637
05058700,0.6912933692177813,0.4429039946779326,0.6583958133401328,0.3997839775234353,False,-0.03289755587764853,-0.043120017154497314
05059000,0.6223464549981252,0.4314956822941871,0.5848339361818036,0.3845114656832126,False,-0.03751251881632167,-0.046984216610974516
05059700,0.7492085534318008,0.8330998387415465,0.7488632554882588,0.8253086931311516,True,-0.00034529794354198895,-0.007791145610394845
05060500,0.5669766073075357,0.472745925554406,0.5689174465391124,0.47501689414397263,False,0.0019408392315766188,0.0022709685895666576
05061000,0.7252210407922393,0.7797738476434685,0.7274639512357599,0.7817631084210315,False,0.0022429104435206515,0.0019892607775630067
05066500,0.7380479681577968,0.5828900012930094,0.7269547569216392,0.565199274649439,False,-0.011093211236157585,-0.01769072664357041
06470800,0.5036537287659983,0.27123646486841535,0.5052738517884108,0.26846180564517175,False,0.0016201230224124341,-0.002774659223243603
05291000,0.576662071099939,0.5617964908907608,0.5766155391964001,0.5641006325236069,False,-4.653190353898218e-05,0.0023041416328460906
05292000,0.580170383245955,0.7465625143242023,0.6028333931492644,0.7585383599694951,True,0.022663009903309383,0.01197584564529286
06480000,0.07343535798846446,0.305920451205242,0.06896032424924647,0.3087021027367973,False,-0.004475033739217982,0.002781651531555296
06481000,0.31036860033119895,0.4653130162706658,0.2801160939939249,0.45397179207808813,False,-0.030252506337274054,-0.011341224192577659
06482020,0.3459723949589848,0.49309883729187765,0.27720168887950314,0.46577630467473174,False,-0.06877070607948166,-0.0273225326171459
06479010,0.5413917672973811,0.7424499272066161,0.4977618793081018,0.7202283332065894,False,-0.04362988798927936,-0.022221594000026657
06483500,0.6154637878382111,0.7496169752796982,0.5970585565402822,0.7394848823372826,False,-0.018405231297928926,-0.010132092942415571
06485500,0.5278492776586423,0.5989593520836177,0.3882233941907465,0.5429541753852647,False,-0.13962588346789584,-0.05600517669835303
06600500,0.6316695050468906,0.7924387977387896,0.6403425073140809,0.798916431639759,False,0.008673002267190366,0.006477633900969448
06601000,0.3270122500918613,0.43232260886027174,0.3192193283706275,0.4176219780043873,False,-0.007792921721233803,-0.014700630855884467
06799100,0.6791580321220454,0.7910460783965723,0.672846531145352,0.7889502771867196,False,-0.006311500976693418,-0.0020958012098526435
06800000,0.6433610860250593,0.6290903605015398,0.5805305831262382,0.57506149960065,False,-0.06283050289882108,-0.054028860900889764
06803500,0.7039287827144785,0.731982526182056,0.7273925876632641,0.7612595730211413,True,0.023463804948785638,0.029277046839085386
06803530,0.6950725851928119,0.6692097220221036,0.700570676195605,0.6734236611500909,False,0.005498091002793082,0.004213939127987287
06803555,0.7813133283632786,0.8169442975358596,0.7883661312662136,0.8428201131975385,True,0.007052802902934974,0.025875815661678847
06804000,0.7544975630941487,0.7446595403363794,0.731016174905597,0.7249696261894458,False,-0.02348138818855172,-0.01968991414693355
06803000,0.3428988167321465,0.28945118461435726,0.34778585853625954,0.2951109616257255,False,0.004887041804113035,0.005659777011368217
06885500,0.636642962530176,0.5776411742132839,0.6309496482251477,0.5716375077379239,False,-0.005693314305028396,-0.006003666475359992
06876700,0.5690431061144314,0.59473482880262,0.5629213522764656,0.5932013079486049,False,-0.006121753837965871,-0.0015335208540150358
06878000,0.5256726063748163,0.5629984817961271,0.5506687562777485,0.5794468533930848,False,0.024996149902932197,0.016448371596957667
07145700,0.6822038794188408,0.6649961698762781,0.6810137991195038,0.6647063707523421,False,-0.001190080299336982,-0.0002897991239360076
07151500,0.7516424993298618,0.8145535961738736,0.7481293226572776,0.8136565205819595,False,-0.0035131766725842173,-0.0008970755919140982
07167500,0.729590967617721,0.724648413819865,0.714289255897307,0.7119860448689656,False,-0.015301711720414057,-0.01266236895089945
07315700,0.6267379627603655,0.37631330245122796,0.6524199413728604,0.42553232152538123,False,0.025681978612494882,0.04921901907415327
08110430,0.6958746313508865,0.6085130288381696,0.7025981153540499,0.6120262567488719,False,0.006723484003163471,0.003513227910702299
08104900,0.553442487956401,0.5648232484584144,0.5542773665506922,0.5645333472152263,False,0.0008348785942910997,-0.0002899012431880621
08109700,0.6949182233760423,0.6912798176473876,0.6951234715392687,0.6965094013927321,False,0.00020524816322642359,0.005229583745344546
08109800,0.6493660761507026,0.7406644561763569,0.6485642302012906,0.7376254260113764,False,-0.0008018459494120167,-0.0030390301649805274
08110100,0.6946293068547107,0.75307803981304,0.6484132879047317,0.7034242175215191,False,-0.046216018949978954,-0.04965382229152093
08110500,0.7124232243488815,0.6765781550965655,0.6021214182679702,0.5279916624294257,True,-0.11030180608091134,-0.14858649266713975
08162600,0.6452031388825343,0.7473240926439444,0.6472158570288001,0.7573784000603768,False,0.0020127181462658017,0.010054307416432429
08164000,0.6450733601691252,0.6566545647734738,0.7125068095428411,0.7435532164538097,False,0.06743344937371587,0.08689865168033584
08164300,0.6590646930841493,0.718999547498376,0.6867031829592495,0.7511183980989262,False,0.027638489875100203,0.0321188506005502
08164600,0.7139682261356903,0.7929963987762862,0.71028985471453,0.7728513152457883,False,-0.0036783714211603424,-0.02014508353049793
08175000,0.6382752794893625,0.6328395306820165,0.6322432891133828,0.6227247710025745,False,-0.006031990375979679,-0.010114759679441976
08176900,0.47604549343438174,0.39605271526700647,0.4772271816574286,0.39561596447174074,False,0.0011816882230468728,-0.0004367507952657279
08177500,0.46033685609403985,0.4094772336713812,0.493972713287681,0.4388913601046237,True,0.03363585719364115,0.029414126433242482
08188500,0.40912646594129687,0.5828194349063736,0.4972537966788856,0.6516263180888588,True,0.08812733073758872,0.06880688318248529
08189500,0.672163837879818,0.7158108716155308,0.743176527598163,0.7763087341075133,False,0.07101268971834496,0.060497862491982524
08189700,0.30373719514184316,0.32755521351413364,0.3091902282512311,0.3245130191745811,False,0.005453033109387939,-0.003042194339552551
08211520,0.4798718732758812,0.4164735242033708,0.4778881061829481,0.4152335989683016,False,-0.001983767092933131,-0.001239925235069217
05104500,0.6687308999942209,0.5121247867567695,0.6681875493708999,0.5111963126724253,False,-0.0005433506233210039,-0.0009284740843442663
05078000,0.6676274884743492,0.7588039000940203,0.666892057546717,0.7594836238422844,True,-0.0007354309276321747,0.0006797237482640828
05078230,0.545520135589656,0.6603481672844345,0.5455370782054684,0.6628302486032096,False,1.6942615812420847e-05,0.0024820813187751423
05046000,0.5912130505053315,0.7087690654184597,0.5918230208109223,0.708060231206687,True,0.0006099703055908456,-0.000708834211772702
05245100,0.7234291781660365,0.6482742062547688,0.7246955337704617,0.6500207223171709,True,0.0012663556044252289,0.0017465160624020593
05267000,0.8690512216225823,0.9314651045588057,0.869164822211086,0.9316541028308948,True,0.00011360058850373722,0.00018899827208906927
05304500,0.8372901342966508,0.8718035132599323,0.8368707307142128,0.8714465320719551,False,-0.0004194035824379716,-0.00035698118797722334
05313500,0.7643246446535472,0.7264993167361466,0.7640013765165719,0.7273819960313772,False,-0.00032326813697536316,0.0008826792952305595
05315000,0.753119902544305,0.6307055390925629,0.7527954867010507,0.6321257264693357,False,-0.00032441584325437756,0.0014201873767728523
05316500,0.7826327432362516,0.8541880458029758,0.779215794827867,0.8518317470741462,False,-0.00341694840838469,-0.0023562987288295867
05317000,0.8479635427168639,0.8937026105628848,0.8427394090451198,0.8916788618828343,False,-0.0052241336717441245,-0.002023748680050508
05317200,0.6067068185350272,0.8005522161771008,0.6081848197660583,0.8013849931566116,False,0.0014780012310311452,0.0008327769795107853
05476000,0.745608461266396,0.7552831835004953,0.7379700360806117,0.7469000576867082,True,-0.007638425185784281,-0.008383125813787085
05482300,0.8051904018432771,0.809678169364703,0.8045074410067097,0.8096351895925749,False,-0.0006829608365673812,-4.297977212819326e-05
06600100,0.6319942017008652,0.7978530678346631,0.6372323845830317,0.7976425909029796,False,0.005238182882166487,-0.0002104769316835231
06605000,0.7788007468030613,0.8576712918755756,0.7797659071747443,0.8584366210757114,False,0.0009651603716829271,0.0007653292001358336
06605850,0.7830666056884104,0.8493787301749474,0.7763996544151691,0.8454898293711539,False,-0.0066669512732412395,-0.003888900803793449
06606600,0.8067877340329841,0.8916810668573172,0.801088733304381,0.8888485415239548,False,-0.005699000728603076,-0.0028325253333624234
06607200,0.7665463654644227,0.8379431966856636,0.7653903448003601,0.8363916834140943,False,-0.001156020664062618,-0.001551513271569327
05482500,0.8564227236582723,0.8858417011012597,0.8566002374892042,0.883568966311858,False,0.00017751383093189688,-0.002272734789401709
05483450,0.7753681916586918,0.8279603984818245,0.7695802747602797,0.8292006338599711,False,-0.005787916898412071,0.001240235378146659
06608500,0.5332820265069421,0.7021170099737755,0.5058848471199222,0.6707628885593973,False,-0.02739717938701991,-0.03135412141437821
06609500,0.7391119296554927,0.8031036512176797,0.7361036440671869,0.8061805771021388,False,-0.0030082855883057924,0.0030769258844590697
06806500,0.4166990923454472,0.6133822062371379,0.4230803234510879,0.6225305000558133,False,0.006381231105640706,0.009148293818675435
06807410,0.5294576638149292,0.7173446934451595,0.5727874833387233,0.7503687761207589,False,0.04332981952379411,0.03302408267559942
06808500,0.7648420088515816,0.8361605485784466,0.6707480537992776,0.7683280471960281,False,-0.094093955052304,-0.06783250138241848
06809210,0.7692074154681424,0.825157738773342,0.7737332659625205,0.82531200637371,False,0.0045258504943780364,0.0001542676003680743
06809500,0.7484432720854138,0.8637844641816783,0.8420753351057144,0.8456294466620503,False,0.09363206302030058,-0.018155017519628003
06817000,0.835937244499338,0.8038558034479255,0.8310262077491339,0.8042838735414289,False,-0.004911036750204101,0.00042807009350342984
06810000,0.6446945926530869,0.8174409543411567,0.6597477617706204,0.8278869909697811,False,0.015053169117533516,0.010446036628624422
06811500,0.8417423778294912,0.8181451959423522,0.8408093916327455,0.8177531237646247,False,-0.0009329861967457553,-0.00039207217772752045
06814000,0.7030617436706823,0.6989689098951316,0.7063550352514469,0.7217326366124286,False,0.0032932915807646346,0.022763726717296984
06817700,0.7551331357606131,0.8269344010299378,0.7493550671946839,0.8300728113395505,True,-0.0057780685659292175,0.0031384103096127047
06820500,0.7564098308808432,0.8061543866850743,0.7322804504113657,0.7711547591558294,False,-0.024129380469477546,-0.0349996275292449
06821150,0.3103092419429916,0.2985733089686703,0.29097081140308667,0.2815440438369766,True,-0.019338430539904916,-0.01702926513169367
06821190,0.6802683548292578,0.7703700723936964,0.6785037190781755,0.7410525674677427,True,-0.0017646357510823218,-0.02931750492595364
06888500,0.7277772851191646,0.8045269693875196,0.7041505564441626,0.7855399991417693,False,-0.02362672867500204,-0.018986970245750245
06889200,0.48201119725361674,0.4947928968941324,0.4830227895574932,0.4923991986033367,False,0.0010115923038764851,-0.0023936982907957205
06889500,0.6444104509180602,0.6016755217782324,0.6376743099956281,0.5917994346184594,False,-0.006736140922432021,-0.00987608715977295
06891500,0.49772768173347914,0.55403919324074,0.46398185302124684,0.4915113842182971,True,-0.033745828712232306,-0.06252780902244293
06892000,0.7830097902489138,0.7503422337128528,0.7755153026705183,0.7535699686784563,False,-0.007494487578395548,0.003227734965603468
06893080,0.6633213061440013,0.6325815339879064,0.6649703374167945,0.6379301921669798,False,0.0016490312727931444,0.005348658179073373
06893500,0.7797074145227982,0.8415953225900468,0.7762314307720735,0.835716637549868,False,-0.003475983750724776,-0.005878685040178744
06910800,0.8501111229954453,0.8108026752452745,0.8413402265003194,0.7625352566250176,False,-0.008770896495125968,-0.04826741862025685
06911900,0.8218941606625148,0.7654140892732763,0.8206661699326426,0.7662560552076116,False,-0.0012279907298721193,0.0008419659343353869
06912500,0.07763326174054364,0.2644322976224198,0.2367311181530215,0.3130429292358484,True,0.15909785641247787,0.0486106316134286
06913000,0.7261812861836714,0.7740270514821395,0.6762868440425562,0.6507471848063022,True,-0.04989444214111516,-0.12327986667583724
06913500,0.7411184560933127,0.7779884274031291,0.7329722309419335,0.686627481859164,True,-0.008146225151379194,-0.09136094554396512
06915000,0.3500315381053368,0.336207969689179,0.3265291592856071,0.3176352649271744,True,-0.02350237881972972,-0.018572704762004566
06915800,0.6061869916519409,0.6796458462275656,0.6382762260750179,0.6536419116413422,True,0.032089234423076984,-0.02600393458622341
06916600,0.6199798877766746,0.7431457339093364,0.6383496642775897,0.7186406713482468,True,0.01836977650091509,-0.02450506256108953
06917000,0.742020309357609,0.7753912826842198,0.7368569918563939,0.7721531305779983,False,-0.0051633175012151256,-0.00323815210622147
07184000,0.6998233964139531,0.6802072968534809,0.6965367414681685,0.6756641103932581,False,-0.0032866549457846173,-0.004543186460222781
07185000,0.6526578046604492,0.7852225964698909,0.6619605160899018,0.7980538274297582,True,0.009302711429452604,0.012831230959867268
07186000,0.8605128081297158,0.7506639062458728,0.8625924840348602,0.766232042014405,False,0.0020796759051444624,0.01556813576853222
07187000,0.8013963817495354,0.8711351601507056,0.8248820042866819,0.8838838760390726,False,0.023485622537146478,0.012748715888367013
07188000,0.8541171079642564,0.8038400165484578,0.8533239071360516,0.8160742665467877,False,-0.0007932008282048875,0.012234249998329894
07176000,0.48142987185455643,0.7099773712904358,0.7444926203350312,0.7509594317936176,True,0.26306274848047473,0.04098206050318176
07189000,0.8221717274181902,0.7748075292950479,0.8220695617935658,0.7760416908600365,True,-0.00010216562462439516,0.0012341615649885673
07191000,0.7259453219196936,0.6506269985556168,0.7116960335541243,0.6502659656824257,False,-0.01424928836556938,-0.0003610328731911139
07191220,0.6962137227053666,0.7278609199056314,0.6947565433972249,0.7261837325917931,False,-0.0014571793081417095,-0.0016771873138382576
07195500,0.7797763527251471,0.7934171170006549,0.8226074118484559,0.8185311380778622,True,0.04283105912330876,0.025114021077207282
07195855,0.5396771645780907,0.6765864591478177,0.5457216502243153,0.6742277148801428,True,0.006044485646224618,-0.002358744267674906
07196500,0.6907494337531754,0.6304096944697661,0.7098469551895414,0.6411154606068297,True,0.019097521436366005,0.010705766137063533
07197000,0.7404274550966616,0.6672060800955566,0.739812680611139,0.6633512954746905,False,-0.0006147744855226067,-0.0038547846208660808
07198000,0.1342955917590527,0.5228635539520818,0.5051193585316827,0.6294451611515008,True,0.37082376677262996,0.106581607199419
07334000,0.694403649233225,0.6757821264941477,0.7087062817198333,0.7106625535804105,True,0.014302632486608347,0.03488042708626282
07335300,0.5026995727349042,0.7531406137087098,0.5550167356071036,0.7755704309950331,True,0.05231716287219945,0.022429817286323317
07335700,0.5829298836729467,0.6391715352038014,0.5801406389704387,0.6389798047732116,False,-0.0027892447025080758,-0.00019173043058984263
07335790,0.7715615530704563,0.8634973328870601,0.7992510127327683,0.7758441406904337,True,0.027689459662312066,-0.08765319219662637
07336200,0.8487891642910371,0.8393750841920375,0.8288860284103285,0.7590951746832237,True,-0.019903135880708578,-0.08027990950881381
07337900,0.8308872238978848,0.7914495273897946,0.852240199554687,0.8059401033001394,False,0.021352975656802164,0.01449057591034486
07339000,0.42822846662666847,0.5658116739357977,0.47797375237155504,0.5607205127810408,True,0.04974528574488657,-0.005091161154756829
07343500,0.6224594217172302,0.748389031767523,0.6459632186852566,0.7508741002251048,True,0.023503796968026403,0.002485068457581785
08065800,0.6497710094709257,0.6487869788665747,0.6466252228768548,0.6404092310530838,False,-0.003145786594070943,-0.008377747813490877
08066170,0.5205148528457063,0.7122458577994607,0.5203291765035905,0.713056046531607,False,-0.00018567634211585915,0.000810188732146333
08066200,0.7090106605584605,0.8189920668368148,0.7061457017271202,0.8097521429425469,False,-0.002864958831340303,-0.009239923894267865
08068000,0.6372563570815788,0.6346927755323031,0.7484953804408767,0.6361727750989861,True,0.11123902335929792,0.001479999566682988
08068500,0.7565476484715047,0.8313004370685497,0.7333371397661608,0.7955263623126315,False,-0.023210508705343913,-0.035774074755918206
08068740,0.5830576344917731,0.6964810846237428,0.5908091857134338,0.6963233903464179,False,0.007751551221660713,-0.0001576942773249268
08069000,0.6250801886990223,0.5907499188080151,0.6321190045065329,0.5902789201959937,False,0.0070388158075106455,-0.00047099861202137827
08070200,0.6488371269078447,0.7255404421816463,0.6421324484735214,0.721370142249216,False,-0.006704678434323319,-0.0041702999324302326
08070500,0.55560957551586,0.5078967033817618,0.46143351411994316,0.42255478938415403,False,-0.09417606139591683,-0.08534191399760782
08075000,0.5713690720250597,0.5269056163685052,0.5862232507927649,0.5179331615971182,False,0.014854178767705228,-0.008972454771386973
08076000,0.6374853822023204,0.5637015468584692,0.6393366150989211,0.5521197108230456,False,0.0018512328966007185,-0.01158183603542362
08115000,-0.16235819843367238,-0.878844662886469,-0.16040164437575544,-0.8777673884130046,False,0.0019565540579169483,0.0010772744734643958
08117500,0.6332054109563304,0.6939390346847321,0.6313004471418653,0.6939035150297233,False,-0.0019049638144651437,-3.5519655008808826e-05
05129115,0.6867299647643514,0.7893877061287657,0.6847834392538654,0.7894617546607411,True,-0.001946525510486019,7.404853197534589e-05
05130500,0.7469951510097046,0.8588252547309183,0.7443237374626135,0.857371067906322,True,-0.002671413547091106,-0.001454186824596304
05131500,0.7819810698547719,0.7136722233043512,0.7826570119359284,0.7141697519985888,True,0.0006759420811565109,0.0004975286942375812
04024000,0.7342603627543764,0.6940923937962926,0.7451120812961438,0.6978342440708107,True,0.010851718541767363,0.0037418502745181215
05336700,0.7019146587466994,0.610238523516006,0.7020049212152384,0.6106193410251644,False,9.026246853893749e-05,0.00038081750915830437
05287890,0.7441089539005219,0.8318782086948319,0.7441863606118357,0.8319509983527155,False,7.740671131384325e-05,7.278965788359848e-05
05319500,0.7785665582268075,0.878759744540615,0.7838012014733519,0.881745326693171,False,0.005234643246544324,0.0029855821525559545
05320500,0.8365496592177022,0.8544656364734032,0.8381888158725865,0.8522778695372452,True,0.001639156654884344,-0.0021877669361580754
05345000,0.6256663523756647,0.7688234532235587,0.6248527991512862,0.7684628919115943,False,-0.0008135532243784827,-0.00036056131196438024
05353800,0.7684350166499084,0.837819309273162,0.7626139894317584,0.8357949216803319,False,-0.005821027218150032,-0.002024387592830079
05372995,0.7382673244453488,0.818333647732356,0.7368356482423601,0.8154166607011952,False,-0.0014316762029886743,-0.0029169870311607227
05457000,0.6428760924649173,0.754579887533398,0.6464539491605823,0.7562023533399247,False,0.003577856695665016,0.0016224658065266961
05449500,0.6914824860063506,0.6554299928838461,0.6904991063388125,0.6550887482496714,False,-0.0009833796675381423,-0.00034124463417462003
05451500,0.8353765246688358,0.7997802367832912,0.8303430426045834,0.7967204559093526,False,-0.00503348206425247,-0.0030597808739386556
05451700,0.7207089357247393,0.6073980365741418,0.721645562766666,0.606911470119001,False,0.000936627041926763,-0.00048656645514078
05458000,0.7227630616002622,0.8609483866971221,0.7286566612275374,0.8632858846779771,False,0.005893599627275203,0.002337497980854919
05458900,0.776994231069063,0.8768750167930105,0.7796824312651034,0.8784451756009408,False,0.0026882001960404356,0.001570158807930322
05459500,0.8602376454593329,0.9172710355864431,0.8666093719122567,0.9188693694746433,False,0.0063717264529238316,0.0015983338882001874
05463000,0.7838362164676067,0.8242813657817759,0.7810722060892696,0.8238605013240952,False,-0.0027640103783370673,-0.00042086445768074743
05470500,0.7020542754194212,0.7910874382172353,0.6971267238261767,0.789407579882311,False,-0.004927551593244539,-0.0016798583349242335
05471050,0.7533311801158553,0.8363317017683969,0.7542214898231573,0.8379155270491611,False,0.0008903097073019728,0.0015838252807641728
05471200,0.7684279556657838,0.7508224009450173,0.7670983913768522,0.7507017263696681,False,-0.0013295642889316062,-0.0001206745753491445
05471500,0.631176647120639,0.8109038457213119,0.6302428227120709,0.8111866185593468,False,-0.0009338244085681513,0.00028277283803490594
05481950,0.8358244063244209,0.8603686877232305,0.8342854587692154,0.8516614119599826,False,-0.00153894755520545,-0.008707275763247924
05483600,0.7578885707473612,0.8148815908156637,0.7686905409022061,0.8208334732406113,True,0.010801970154844964,0.0059518824249475966
05484000,0.7899117762434541,0.8476205442206932,0.8035006262415652,0.8572756309704974,True,0.013588849998111052,0.009655086749804198
05484500,0.8576881333976868,0.896459453019423,0.8616897523797109,0.8974432491199154,True,0.004001618982024113,0.0009837961004923734
05484800,0.7071682680637139,0.8074325342744788,0.6976579986460368,0.8012827561056272,False,-0.009510269417677075,-0.0061497781688516495
05486000,0.7559465321172477,0.8665008590689321,0.7523543002251158,0.8660564925440419,False,-0.0035922318921318697,-0.0004443665248902162
05486490,0.771205342849576,0.7629357027396007,0.7776421187972993,0.7616443383786236,False,0.006436775947723294,-0.0012913643609770986
05487470,0.7001774150109534,0.5835670560366286,0.7280065829634706,0.5945739717034022,False,0.02782916795251722,0.011006915666773587
05487980,0.714914389642437,0.6975793917159947,0.7319298884972791,0.7081243772207677,False,0.017015498854842104,0.010544985504773008
05488200,0.6853249526594488,0.6854892338281127,0.6823215249027165,0.6814601000506764,False,-0.0030034277567323464,-0.0040291337774363
05489000,0.703609463714583,0.8016963190179738,0.6847442374388932,0.7931038175199386,False,-0.01886522627568976,-0.008592501498035143
06903400,0.37219601123979507,0.28325214455188485,0.3679481818984751,0.27976613349047463,False,-0.004247829341319953,-0.0034860110614102213
06903700,0.06914739462397612,-0.09333478339984769,0.06906663713333627,-0.09348039049432533,False,-8.075749063984894e-05,-0.00014560709447763998
06903900,0.41090321656043416,0.5102094794005849,0.521219767692125,0.5331347966374154,True,0.11031655113169081,0.022925317236830445
06904010,0.6729808006619915,0.6367536008944947,0.6230537171838004,0.5823959300741124,True,-0.04992708347819108,-0.05435767082038234
06897500,0.6249585423255533,0.7335850607458934,0.6570383605458907,0.7562819018298627,True,0.03207981822033745,0.0226968410839693
06898000,0.6684036140083411,0.7989990947112462,0.6867353544651333,0.8087478923690467,True,0.0183317404567922,0.009748797657800456
06899500,0.6792665789738533,0.6646908343397835,0.6819964358742916,0.6605203506292943,True,0.0027298569004382545,-0.004170483710489226
06902000,0.7610062359200227,0.7781672738472603,0.7623009981290014,0.7867758885905057,True,0.001294762208978728,0.00860861474324548
06904050,0.698176405031383,0.7608330325781151,0.6858495919023826,0.7311469793810392,True,-0.012326813129000413,-0.029686053197075846
06904500,0.7690396730601656,0.8268397930905907,0.7493567423722314,0.8121478494938068,True,-0.019682930687934252,-0.01469194359678394
06905500,0.7547791960047415,0.8192732255946893,0.7336655653908772,0.8120374383025127,True,-0.021113630613864287,-0.007235787292176554
06894000,0.7602697268359921,0.8148014705316904,0.5605710110502464,0.7303971996326055,True,-0.19969871578574572,-0.08440427089908487
06906800,0.7441115793620945,0.7921585115412759,0.7409429381052134,0.7873471482250596,False,-0.0031686412568810995,-0.004811363316216344
06908000,0.6295574280854646,0.722083323326453,0.6243160850494305,0.6952295729423031,False,-0.005241343036034074,-0.026853750384149833
06918440,0.6891059733151148,0.7183836260397299,0.6945571319965955,0.7168365555513238,False,0.005451158681480717,-0.001547070488406188
06918460,0.6526694263932373,0.7819779765388893,0.6564154177352757,0.7845980351747022,False,0.003745991342038346,0.0026200586358128275
06918740,0.7588458379437073,0.6715020567365745,0.7612932330446335,0.6509659640081303,True,0.002447395100926175,-0.020536092728444144
06919020,0.035083738897751626,0.4832157583467892,0.3990061507976347,0.5562185912799387,True,0.36392241189988306,0.07300283293314946
06919500,0.7602935521950911,0.6762920368027461,0.8094741245131502,0.6869831127353025,False,0.04918057231805906,0.01069107593255647
06919900,0.5484069367531168,0.7490837181332153,0.6766793483560715,0.7314500812782623,True,0.12827241160295466,-0.017633636854953005
06921070,0.7955131245780525,0.6739870737666959,0.7999458940056706,0.6783115416398596,False,0.004432769427618166,0.004324467873163762
06921200,0.7657203106767951,0.7145430893944382,0.771768370643904,0.7161936551894288,False,0.0060480599671088875,0.001650565794990566
06921350,-0.19889532003359722,0.4431805660867937,0.4831042649259367,0.6412902247153733,True,0.6819995849595339,0.19810965862857965
07196900,0.6621236820334913,0.6986126021070628,0.6572632482248549,0.6946978417143308,False,-0.004860433808636322,-0.003914760392731975
07247000,0.8287248171765209,0.8697484966309375,0.8240378495941064,0.8668554733385228,False,-0.004686967582414492,-0.002893023292414698
07249400,0.823934505085002,0.8193052564767253,0.8181397317017185,0.8133702623861825,False,-0.005794773383283491,-0.005934994090542767
07340300,0.7361847302639801,0.7885305623910388,0.7404198382925002,0.7909325650238265,False,0.004235108028520118,0.00240200263278767
07356000,0.888278973181712,0.8375409730788113,0.8890572313302382,0.8394413454365716,False,0.0007782581485261675,0.0019003723577603049
07359610,0.7023132406488203,0.7622663437391011,0.6922336513916387,0.7578515885884278,False,-0.010079589257181554,-0.004414755150673244
07361500,0.8344277432637879,0.8915856660470325,0.8369710505448493,0.8939994598705497,False,0.0025433072810614465,0.002413793823517252
07340000,0.7693694700573828,0.8501329165571202,0.8024591781019319,0.8155555228045444,True,0.03308970804454914,-0.03457739375257585
07341200,0.5630402021544352,0.7077319651120946,0.6867858613850981,0.8304694750427231,True,0.12374565923066294,0.12273750993062849
07346045,0.6901815854404657,0.7160824236207103,0.6719953661792721,0.7091656304649152,False,-0.01818621926119357,-0.006916793155795076
07346070,0.8129426937717292,0.8957040387520318,0.8151087021687308,0.8967518277337196,True,0.00216600839700154,0.0010477889816878916
07352000,0.8020771123920305,0.7361324782277198,0.7896396060680505,0.7249688899503344,False,-0.012437506323979997,-0.011163588277385394
08022040,0.7677522156313158,0.8214871277367777,0.7796905181860716,0.8169233971545993,True,0.011938302554755809,-0.004563730582178405
08023080,0.7527591233360938,0.6955044873982306,0.7499400537954064,0.6943022036722096,False,-0.0028190695406874466,-0.0012022837260209362
08025500,0.6828199808457449,0.6584403674690964,0.6910694463663443,0.6609747686949127,False,0.008249465520599353,0.002534401225816274
08025360,0.5099770216737378,0.6960317908242677,0.6483042114413629,0.7254274394460289,True,0.13832718976762504,0.02939564862176125
08026000,0.5181544626581134,0.7243815447690252,0.6904013841630865,0.7711959177186741,True,0.17224692150497312,0.046814372949648964
08028000,0.7714199260534305,0.747056316267038,0.7764444965577306,0.7473336035102698,True,0.005024570504300163,0.0002772872432318385
08029500,0.5089972933756948,0.4477079049857009,0.4235581801393299,0.38849957234076427,False,-0.08543911323636488,-0.059208332644936634
08033500,0.339635212390475,0.6427161230337113,0.28455614287962805,0.6237425637320956,True,-0.055079069510846956,-0.018973559301615706
05124480,0.6782630094205526,0.6801611800921935,0.6791616814859021,0.6807098848240758,False,0.0008986720653494373,0.000548704731882288
04015330,0.7019305222225314,0.6729446592595187,0.7062796635357868,0.6787876479949552,False,0.004349141313255367,0.005842988735436427
04024430,0.6976181423340626,0.6642862412127655,0.7069782693256448,0.6676179546160377,False,0.009360126991582174,0.0033317134032722073
04025500,0.6754398999399582,0.7838215309161256,0.6747492938256833,0.7840417471436021,False,-0.0006906061142749609,0.0002202162274764774
04027000,0.8102237318475863,0.778577745254371,0.8129072413145104,0.7802089068485458,False,0.0026835094669240833,0.001631161594174868
04027500,0.797889655417872,0.8184360903734542,0.7972098760822101,0.8167442700625668,False,-0.0006797793356619897,-0.0016918203108874375
04029990,0.761856681187711,0.8389396906429796,0.767573093893794,0.8397290622153314,True,0.005716412706083029,0.0007893715723518158
05356000,0.4625356202691887,0.5308491200485125,0.4650076627015194,0.5287762519393449,True,0.002472042432330679,-0.002072868109167625
05356500,0.7615399323284073,0.8005164988105903,0.7635311523745187,0.8026739034271366,True,0.0019912200461114082,0.0021574046165463434
05360500,0.8241603512341308,0.8364988658560378,0.8609500733982544,0.8422489499500015,True,0.03678972216412357,0.005750084093963714
05362000,0.8800472557195181,0.7758969414266619,0.8820143229327547,0.7787989989109452,False,0.001967067213236584,0.0029020574842832936
05368000,0.5063292219701616,0.7208504471235903,0.5174671296156568,0.7263997888589786,False,0.01113790764549516,0.005549341735388347
05369000,0.7409805483075014,0.8369664062909546,0.7522063804304939,0.8422488151923425,True,0.011225832122992552,0.0052824089013878694
05370000,0.5318362870080454,0.6882989651203497,0.535538061294207,0.696818950712458,False,0.0037017742861615854,0.008519985592108315
05379500,0.6111055910192728,0.7008748327534066,0.6165928946570463,0.7021987910689731,False,0.0054873036377735,0.0013239583155665313
05382000,0.7377649134435392,0.8027330035996476,0.7159216800742543,0.7957551509664296,True,-0.021843233369284953,-0.00697785263321804
05388250,0.8263861301181905,0.839435368618256,0.8275971746268471,0.8389815838802701,False,0.0012110445086566113,-0.00045378473798585173
05408000,0.6974154654886462,0.6596953625837799,0.6964272764912949,0.661491116788248,False,-0.0009881889973513136,0.0017957542044680919
05410490,0.2169828956985106,0.5970211920412533,0.29453197511066753,0.6249422511022338,False,0.07754907941215694,0.027921059060980524
05413500,0.6470943185437961,0.7786423834977702,0.6491431501479692,0.7769765256877958,False,0.002048831604173129,-0.0016658578099743027
05421000,0.7989721273879754,0.8662819769027849,0.7705379165440582,0.853794037452795,False,-0.028434210843917174,-0.012487939449989827
05458500,0.7844429145289586,0.8790903482125698,0.7744537330138648,0.8770350848503797,False,-0.00998918151509387,-0.002055263362190085
05464000,0.8698668461577477,0.918510295472886,0.8583025288091292,0.9146265861232199,True,-0.011564317348618514,-0.003883709349666087
05464500,0.7733378514629857,0.8787720551963452,0.7273317354215525,0.8578672947081917,True,-0.04600611604143323,-0.020904760488153484
05451900,0.4873531822422539,0.7287860013889905,0.49343875596940556,0.7302387888824088,False,0.006085573727151683,0.0014527874934182616
05452000,0.766304664757638,0.7391193104958497,0.7664448641660274,0.7386766043986581,False,0.00014019940838938538,-0.0004427060971915475
05452200,0.5166837983243253,0.740176296488123,0.45670611041252007,0.7222333970376091,False,-0.059977687911805244,-0.01794289945051386
05453000,0.7469677920506441,0.8310101111047259,0.745357724849216,0.831293486540691,False,-0.0016100672014280892,0.0002833754359651275
05453100,0.8027120869480979,0.7963769547471626,0.7883372983031194,0.7934934516437948,False,-0.014374788644978542,-0.002883503103367824
05454300,0.7197754810185762,0.8524207506461393,0.7160011537037276,0.8512253583045066,False,-0.0037743273148486134,-0.001195392341632684
05454500,0.633853458789667,0.7902984910773808,0.6953418477135926,0.8063950710926122,True,0.06148838892392561,0.0160965800152314
05455100,0.7536724105070045,0.8732776547241916,0.7581137679987198,0.8748102073111146,False,0.004441357491715259,0.001532552586922975
05455500,0.8079396048817855,0.840059456458845,0.8014336367160252,0.8392136032122054,False,-0.006505968165760323,-0.0008458532466396607
05455700,0.7447561296107481,0.8678082758771932,0.7880886288866427,0.8829615514573933,True,0.043332499275894554,0.015153275580200076
05465000,0.7423644349445122,0.8712002824533992,0.6775339921862806,0.8402538507454732,True,-0.06483044275823158,-0.030946431707925992
05465500,0.7876999275524268,0.8895205741479218,0.7525895641342577,0.8729622261985082,True,-0.03511036341816909,-0.016558347949413688
05466500,0.7565635133148291,0.8094470184037732,0.7511009991074743,0.7987975555722838,False,-0.005462514207354774,-0.010649462831489376
05472500,0.7015738044606501,0.8192631058167039,0.6996148866537862,0.824681836292326,False,-0.001958917806863858,0.0054187304756221355
05473400,0.7665734055959242,0.7295019999736256,0.7670542132852896,0.7260811814575615,False,0.0004808076893653146,-0.003420818516064128
05474000,0.7524358904935342,0.8765871608382994,0.7493234191603286,0.8745630116526741,False,-0.0031124713332055798,-0.0020241491856252125
05495000,0.5758647232269153,0.6801048742853157,0.6838328271738051,0.7409063280743937,False,0.10796810394688983,0.060801453789077975
05495500,0.806279538022616,0.7410142470365011,0.8033391580290903,0.737397611560356,False,-0.002940379993525699,-0.0036166354761451025
05496000,0.7800445808270333,0.781843255650424,0.8112211817365431,0.7786987248376558,False,0.0311766009095098,-0.0031445308127682203
05500000,0.776149306296615,0.7866588774043353,0.7610582806282137,0.7947081047799517,False,-0.01509102566840137,0.008049227375616419
05501000,0.8086832309353751,0.7592422819526137,0.8063098076417523,0.7765685747168977,False,-0.0023734232936227784,0.01732629276428399
05502300,0.7574578510048863,0.6506726843910636,0.7634571949149431,0.6519619597450319,False,0.0059993439100568535,0.0012892753539682777
05502500,0.7031195364766263,0.7014787030006591,0.7016848983823961,0.6859713380921795,False,-0.0014346380942301673,-0.015507364908479593
05503800,0.7714139518149873,0.7490112976980428,0.7736199415702018,0.7578502323259524,False,0.002205989755214466,0.008838934627909634
05506800,0.7387010281601454,0.6707884777032551,0.7043060931797496,0.6463425221563806,False,-0.03439493498039581,-0.024445955546874565
05507600,0.7795807361748681,0.6850288815556644,0.7800419404487464,0.6827557890617306,False,0.00046120427387830176,-0.002273092493933815
05507800,-0.03052718692401224,0.45399952972347135,0.5424883986984187,0.5608886205988967,True,0.5730155856224309,0.10688909087542531
05508000,0.05773567720860451,0.4811872866669332,0.5523695947451155,0.5542167871630832,True,0.494633917536511,0.07302950049614998
05508805,0.8574135505510658,0.8080853434006056,0.8555928808841067,0.7951843455507813,False,-0.0018206696669591516,-0.012900997849824236
05584500,0.8096217678254076,0.7770006226332057,0.8073752437119859,0.7759630820226913,False,-0.002246524113421744,-0.0010375406105144203
06906200,-0.04991837507970276,0.4988096391251634,0.2651969278657281,0.5852723982658119,True,0.3151153029454309,0.08646275914064849
06906300,0.7413377674051372,0.6915389172667314,0.7750652282510729,0.7007129901838174,True,0.0337274608459357,0.00917407291708594
05514500,0.7749062229418631,0.7498331672598129,0.7771322088333305,0.7546091056649514,False,0.002225985891467386,0.004775938405138569
06926000,0.3067782582487606,0.6080780260315435,0.6311273368765168,0.6153333866144706,True,0.3243490786277562,0.007255360582927084
06934000,0.7739593450995437,0.8213363111530508,0.7616070712357065,0.8332690140967707,False,-0.012352273863837193,0.011932702943719842
07013000,0.7293951964318277,0.7424645200130646,0.7310087996002855,0.7445782579625311,False,0.0016136031684578223,0.0021137379494664543
07014500,0.7778893000837361,0.8139895358789181,0.7827772965031489,0.8198799891658387,False,0.004887996419412732,0.005890453286920616
07015720,0.7057664498464458,0.6804567108703917,0.6954447326929496,0.672237522669403,False,-0.010321717153496168,-0.00821918820098877
07016500,0.6123334810440657,0.6541999463162498,0.5687843217840894,0.6083048101090447,True,-0.04354915925997627,-0.04589513620720509
06932000,0.682100268512502,0.7979034644710091,0.6947658474564979,0.8024247074192633,False,0.012665578943995892,0.004521242948254178
06933500,0.84098300307476,0.7546952259652506,0.8346609749787823,0.771514971135457,False,-0.006322028095977705,0.016819745170206346
07057500,0.7197006954086378,0.6613366687683183,0.725547928529789,0.6651237503861164,False,0.005847233121151207,0.0037870816177980604
07066000,0.7211598388083947,0.7122104044911157,0.7196373797852476,0.7120553649743777,False,-0.0015224590231471824,-0.0001550395167380092
07071500,0.7892186873063688,0.698552487784575,0.7920553616578322,0.7015672733611773,False,0.0028366743514633974,0.0030147855766022857
07056000,0.836065895341581,0.7778734085979726,0.8344663057475353,0.7761199076410596,False,-0.0015995895940457139,-0.0017535009569129567
07060500,0.4682914221973141,0.6528082458514433,0.5370984593344035,0.5786749198754446,True,0.06880703713708936,-0.07413332597599864
07060710,0.6723672180731681,0.6429698080059065,0.6770736942799332,0.6442931678162738,False,0.00470647620676512,0.0013233598103672417
07261000,0.7706552923714769,0.8206728539123356,0.7692855591923142,0.8402354315820094,False,-0.0013697331791626688,0.019562577669673842
07263295,-1.3197729630003145,-1.5495355516931792,-0.9677604837724731,-1.4804092811019034,True,0.3520124792278414,0.06912627059127585
07263300,-0.5011142770780475,0.001898324985571298,0.35254354758494133,0.12661223598326676,True,0.8536578246629888,0.12471391099769547
07264000,0.19171759325937032,0.5943096602402907,0.11720759786340906,0.5596391893374248,False,-0.07450999539596126,-0.0346704709028659
07362100,0.7695232198810796,0.8146339074931102,0.7766961561460157,0.819783697308917,False,0.007172936264936092,0.005149789815806827
07363500,0.6632947425743874,0.7779417301267697,0.6578480631727386,0.7817253019297457,True,-0.00544667940164878,0.003783571802975949
07373000,0.7158910742838194,0.7533585554246502,0.7248341622692633,0.7532330518757158,False,0.008943087985443965,-0.00012550354893448024
07385700,-0.8825375222318008,0.1993480677698033,-0.9099828545484687,0.19255426864057767,False,-0.027445332316667903,-0.0067937991292256195
08010000,0.810850347712162,0.7933238405716453,0.8083980779023164,0.7888754135473282,False,-0.0024522698098455864,-0.0044484270243171364
08013500,0.6768642673549384,0.7833881877674875,0.6520415847400753,0.7720220503924431,False,-0.02482268261486309,-0.011366137375044438
08014500,0.7655851739441834,0.771648148206522,0.7622840215652068,0.7717134389656242,False,-0.0033011523789765462,6.529075910211013e-05
08015500,0.7834011940535109,0.8375915913098042,0.774491963392462,0.8083821337848397,True,-0.008909230661048984,-0.02920945752496451
04043050,0.7425213419241112,0.6851769397343983,0.7423968646735937,0.6838707648642495,False,-0.00012447725051756287,-0.0013061748701488352
04034500,0.18509060699512747,0.09373079248510685,0.18577671427570752,0.09440490879724195,True,0.0006861072805800505,0.0006741163121350979
04036000,0.4949292966571416,0.6642141609168228,0.4958268356348122,0.6645686974149206,False,0.0008975389776706422,0.00035453649809780163
04040000,0.7322661688939824,0.6850445649102367,0.7342838368599809,0.686384507959023,True,0.0020176679659984487,0.001339943048786263
04040500,0.6954316323469532,0.5131747192343792,0.6956451478807355,0.513316806346876,False,0.0002135155337823491,0.00014208711249685813
04041500,0.7553786664501945,0.7247326554445999,0.7553350105746255,0.7252251915264383,False,-4.365587556898198e-05,0.0004925360818384128
04074950,0.8557525018609367,0.8333617407427748,0.8521102465548589,0.8316202334214087,False,-0.0036422553060777574,-0.0017415073213661314
05391000,0.2284743355749128,0.5129368995538033,0.21866367757258898,0.5097674220054533,True,-0.009810658002323835,-0.0031694775483499527
05393500,0.8606177862908608,0.910587049686129,0.8608267190157135,0.9106477607675638,False,0.0002089327248526729,6.071108143479442e-05
05394500,0.8749762520602977,0.805592009437542,0.8745976936868305,0.8052978568242497,False,-0.0003785583734672304,-0.0002941526132922423
05397500,0.8173778928548464,0.8923755453163448,0.8121196591509917,0.8890487135167651,False,-0.005258233703854698,-0.0033268317995797103
05398000,0.9095716082397308,0.9153138180317947,0.9095977402220857,0.9151021669381811,True,2.6131982354904437e-05,-0.00021165109361354073
05399500,0.749595346126652,0.7230506984449607,0.7477568362868976,0.7194082406887956,False,-0.0018385098397544208,-0.0036424577561651184
04073500,0.5703410618554619,0.6488444876182933,0.5668280379130839,0.6480284471159261,True,-0.0035130239423779575,-0.0008160405023671657
04079000,0.7726088149974084,0.8317394980250883,0.7681672971893496,0.830172511300038,False,-0.0044415178080587925,-0.00156698672505029
05400760,0.8905288931793149,0.9161184807322645,0.8591260500067793,0.8971993072292254,True,-0.03140284317253561,-0.018919173503039177
05404000,0.7689983833478664,0.8587961427439347,0.771900310830983,0.8626593364982639,True,0.002901927483116573,0.003863193754329197
05404116,0.7131484708030409,0.787332836691993,0.7089486923353152,0.7849692285891422,False,-0.004199778467725679,-0.002363608102850856
05405000,0.6373010111295565,0.8043033215972388,0.6348791617206566,0.8036416129164125,True,-0.00242184940889989,-0.0006617086808263783
05425912,0.6333544406857949,0.6750905128868295,0.6368368260154005,0.677029551362442,True,0.003482385329605542,0.0019390384756124979
05427718,0.48883973419711546,0.7027556475031542,0.4858350414406576,0.700802511547806,False,-0.003004692756457872,-0.001953135955348184
05406500,0.6368107895459008,0.819692889697061,0.6522555588033903,0.8269470735278885,False,0.015444769257489499,0.007254183830827543
05414000,0.550181360021079,0.6256265257907238,0.5536356203944666,0.6265616791915589,False,0.0034542603733875854,0.0009351534008351647
05419000,0.7326173286725104,0.8470083691983987,0.7323099795394825,0.8473440039749065,True,-0.0003073491330278788,0.00033563477650777607
05426000,0.8560443459215695,0.8168400457875851,0.8539007473772604,0.8170865137136094,True,-0.002143598544309122,0.00024646792602434076
05430150,0.6646837499837718,0.8007020991758947,0.6658778421743743,0.7996681783426605,False,0.0011940921906025137,-0.0010339208332342809
05431486,0.7157878283011081,0.8275388848156504,0.7148364002402575,0.8239379476203682,True,-0.0009514280608505787,-0.0036009371952822056
05432500,0.5653538750060942,0.690176179945712,0.5753076289372254,0.6979439892658661,False,0.009953753931131182,0.007767809320154084
05433000,0.6538094570878057,0.8152060154901191,0.6635861943738646,0.8219243721852681,False,0.009776737286058879,0.006718356695149086
05434500,0.3028374155541176,0.636275622106784,0.2934449509672352,0.6336910066858724,False,-0.009392464586882365,-0.0025846154209115957
05435500,0.3304763171757219,0.6759465590474094,0.33431077070847903,0.6779475710661059,False,0.0038344535327571316,0.002001012018696513
05436500,0.7136387847521688,0.7492265793587438,0.6936346843375498,0.7455728738672686,False,-0.020004100414618975,-0.0036537054914752565
05439500,0.7661098090578693,0.8085935939281088,0.7597873462352028,0.8046162875790358,False,-0.006322462822666464,-0.0039773063490730065
05440000,0.8204735486196497,0.8977903309129346,0.8171929997816754,0.8967565767658023,False,-0.003280548837974351,-0.0010337541471322487
05444000,0.6565870225324092,0.6968400061683002,0.6518999842482973,0.7000357987088734,False,-0.004687038284111877,0.003195792540573228
05422000,0.7123767077259895,0.8050591905281452,0.6998378048805298,0.7806973070262,False,-0.012538902845459665,-0.024361883501945236
05447500,0.7998005976251044,0.8463494278496158,0.8028093308429451,0.8457932632238518,False,0.0030087332178407866,-0.0005561646257639108
05466000,0.7169049771006442,0.807955481224785,0.7151027679046758,0.8079796046211437,False,-0.0018022091959684072,2.4123396358710636e-05
05556500,0.7436646314094832,0.7513597813939421,0.7452497226073667,0.7483251144623981,False,0.0015850911978834148,-0.0030346669315439723
05567500,0.8230769133023432,0.8353249319306815,0.8312251618642426,0.8371104400220495,True,0.00814824856189933,0.0017855080913680155
05569500,0.8061331272230691,0.8901837822951812,0.8246820178383691,0.904328973336916,True,0.018548890615300073,0.014145191041734728
05512500,0.48703089630610796,0.3504483913890748,0.4855837326451299,0.3457552184767737,False,-0.0014471636609780791,-0.004693172912301091
05570000,0.8238029152060781,0.8914707567043931,0.8243872658186535,0.8866669715373768,True,0.0005843506125754461,-0.0048037851670162945
05576500,0.7837023792397635,0.8536130695115917,0.8130364211956222,0.8618651949125586,True,0.02933404195585876,0.008252125400966981
05577500,0.756482230632124,0.6272050758203822,0.7486218627026082,0.6252119006569143,False,-0.007860367929515832,-0.001993175163467864
05579500,0.7172826018619403,0.7027780403974904,0.7246382471722426,0.7072138316295404,False,0.007355645310302306,0.004435791232050068
05580000,0.7180280542937342,0.7097822658017153,0.7245991536871206,0.7101233557425441,False,0.006571099393386404,0.0003410899408288204
05585000,0.726950059391898,0.8120581985367936,0.7164362404900707,0.8086708741283118,False,-0.010513818901827343,-0.0033873244084817733
05587000,0.7774742906365029,0.7958113033799331,0.7782390119924885,0.8029902102417295,True,0.0007647213559855981,0.007178906861796341
05587900,0.747611950791647,0.7164904831336811,0.7428404893118836,0.7091396156254524,False,-0.0047714614797633725,-0.0073508675082287755
05592800,0.8388324983825266,0.8366784572914941,0.8387549285605853,0.8403300455381483,False,-7.756982194129236e-05,0.003651588246654125
05593000,0.3658114709838183,0.6816256698846516,0.6664525733871526,0.7646552896423164,True,0.3006411024033343,0.08302961975766487
05593575,0.8082719500122769,0.8122039567697281,0.8110415264365639,0.8004164156391357,False,0.0027695764242869902,-0.011787541130592438
05594000,0.42109538490048004,0.6855692924005781,0.353898332649911,0.6667796539079092,True,-0.06719705225056904,-0.018789638492668903
05594100,0.6156414297921292,0.8036802694262286,0.752348719619462,0.8396027411947289,True,0.13670728982733282,0.035922471768500275
05594450,0.7825326103682405,0.7941226044987837,0.7768912734448981,0.7931372509209139,False,-0.005641336923342455,-0.0009853535778697742
05594800,0.584853991308049,0.7877036151270823,0.5438199278480338,0.7657877626512428,False,-0.04103406346001526,-0.021915852475839492
05595200,0.7173217306447341,0.6729235513558489,0.7138642497631209,0.6619335496971503,False,-0.0034574808816132396,-0.010990001658698567
07018500,0.7532701879726453,0.8267806694401003,0.7195852407841985,0.8400570299826062,False,-0.033684947188446834,0.013276360542505916
07019000,0.7891944162872009,0.8667023231395315,0.7771634692836809,0.8646055921817885,True,-0.012030947003520032,-0.002096730957743098
07061500,0.6317583205262077,0.6083017733999603,0.6247972957776486,0.6034006995801326,False,-0.006961024748559086,-0.004901073819827628
07063000,0.5603562541128706,0.7832575748442929,0.5344725438448429,0.7707864447624084,True,-0.025883710268027715,-0.012471130081884496
07067000,0.7457419074492695,0.655224408924726,0.7467692849219716,0.6579582673754536,False,0.0010273774727020957,0.0027338584507276
07068000,0.8075800623091602,0.8410743892865531,0.8091702454605711,0.8425422332887684,False,0.0015901831514109066,0.001467844002215335
07030240,0.8153550755564575,0.8512875263885165,0.8138300641308004,0.8490651531282556,False,-0.0015250114256570857,-0.002222373260260868
07077380,0.7321434157094107,0.7443759726534727,0.7311280079047935,0.7443109552868601,False,-0.0010154078046171744,-6.501736661257418e-05
07047942,0.3000398941369812,0.5251574347004103,0.3319905689101015,0.5404746712861154,False,0.0319506747731203,0.015317236585705052
07287400,0.6301350925227183,0.5715768705901327,0.619006680185691,0.5611693618750453,False,-0.011128412337027216,-0.010407508715087443
07289350,0.7240208771190599,0.8617209432446405,0.7310158565180562,0.865915601135354,False,0.006994979398996293,0.0041946578907134935
02488500,0.831209561605748,0.8846642927246561,0.8636481456035021,0.8904748001395317,True,0.03243858399775412,0.005810507414875654
02492000,0.7128227548312003,0.8118303490337193,0.6905693683393823,0.8038609079859727,False,-0.02225338649181796,-0.007969441047746662
07375000,0.6302072887984353,0.7911599108076895,0.68115745133873,0.8025838729802656,False,0.05095016254029461,0.011423962172576019
07375500,0.8052552206139706,0.8749529728893355,0.7891099975969378,0.8673474864660569,False,-0.016145223017032806,-0.007605486423278629
07376000,0.7311325984702355,0.8340002416914742,0.711627561489405,0.8245588635848886,False,-0.019505036980830504,-0.00944137810658563
07377000,0.7068290529153634,0.808157170122024,0.7151004945724542,0.8117734707894073,False,0.008271441657090817,0.0036163006673832765
07377500,0.730432037810042,0.7159831141277286,0.7035667673165134,0.6843970186891233,False,-0.026865270493528604,-0.031586095438605355
07378500,0.8124596680006819,0.8404342417407156,0.7969656624535968,0.8205354153336077,False,-0.015494005547085132,-0.019898826407107828
04057510,0.4177211481655757,0.5300647481310929,0.40817431587460373,0.5300777585533094,False,-0.009546832290971974,1.301042221646398e-05
04057800,0.3611777243550828,0.582629277190313,0.37976486082126526,0.5783394246171703,True,0.018587136466182486,-0.004289852573142738
04058100,0.6260317336632111,0.7799040145770547,0.6226367535060753,0.7756307310321527,True,-0.0033949801571357963,-0.0042732835449019735
04059000,0.5911031623956019,0.6843979606419408,0.5890571396855682,0.6835313576870765,True,-0.0020460227100337347,-0.0008666029548642928
04060993,0.8400697287713182,0.8927768895124641,0.8406239586978501,0.8917724055946015,False,0.0005542299265318684,-0.0010044839178626752
04062000,0.2688443460779484,0.31644339613361006,0.2607375393911383,0.30796764641002616,False,-0.008106806686810075,-0.008475749723583892
04062500,0.37821968095825576,0.5461638071551161,0.38250697427622127,0.5467989950170249,True,0.004287293317965513,0.0006351878619087481
04063000,0.6013954985713266,0.6317101809539313,0.5970408660847077,0.6275861927919539,True,-0.004354632486618826,-0.004123988161977343
04063500,0.5976320996132859,0.6300753258970329,0.5935089569919867,0.6263000494174203,True,-0.004123142621299203,-0.0037752764796125104
04059500,0.6787310675344129,0.7718190658451661,0.6801821463964417,0.7732483797336887,False,0.0014510788620287762,0.001429313888522521
04063700,0.7730273716222963,0.703935376788616,0.7733090709245068,0.7047056253307455,False,0.0002816993022105585,0.0007702485421295924
04066003,0.8639721635706881,0.8529027009937922,0.8612306632997464,0.84929338799591,True,-0.002741500270941666,-0.0036093129978821414
04069500,0.6185590095858193,0.6555210104716565,0.6189357797793011,0.6557277190426879,True,0.0003767701934818124,0.00020670857103144424
04071000,0.7698820464796111,0.8089801410815511,0.7677822336838163,0.8092727685284875,True,-0.002099812795794853,0.00029262744693636655
04084445,0.6953410672563005,0.7954065327878679,0.6594960690787626,0.7707562692207823,True,-0.035844998177537946,-0.02465026356708555
04084500,0.6791307107177698,0.7925819411527433,0.6484427290532535,0.7646324087122518,True,-0.03068798166451625,-0.027949532440491476
04086000,0.758835786580407,0.7749415607927221,0.7753963879055941,0.782241268467364,False,0.016560601325187108,0.007299707674641831
04086600,0.8218072139072456,0.840789130769017,0.8146509870841264,0.8383409005066282,False,-0.007156226823119227,-0.0024482302623887175
04087000,0.8111621273693176,0.8384369611538796,0.805692548462632,0.8352473942500567,False,-0.005469578906685535,-0.0031895669038228824
04087120,0.7613678100079241,0.8065012393548463,0.7612228107960903,0.8061940906120202,False,-0.00014499921183375175,-0.00030714874282611326
04087220,0.7916856335715252,0.763558222853268,0.7872354019071284,0.7586217733345009,False,-0.004450231664396842,-0.00493644951876715
04087240,0.7261527150011206,0.632580360554788,0.7441006351372406,0.646386945357056,False,0.01794792013612001,0.01380658480226804
04087257,0.583929290690333,0.45713326423708434,0.592038109764115,0.4586773072985013,False,0.008108819073782025,0.0015440430614169776
05426250,0.8211199447574028,0.8914919675629663,0.8214769126367705,0.8921366540261343,False,0.0003569678793676756,0.0006446864631679539
05438500,0.7618232921444507,0.8283355816857458,0.7584350664242518,0.8235140825093266,False,-0.003388225720198812,-0.004821499176419275
05439000,0.8089212995964647,0.8135140596063083,0.8088948441181452,0.8140177009672094,False,-2.6455478319586945e-05,0.0005036413609010859
05527800,0.7241754876053087,0.6466829556803626,0.7272745397703768,0.648102192820856,False,0.003099052165068117,0.0014192371404934123
05527950,0.8349969359411082,0.8648330519747527,0.8324281502506877,0.8635363830628392,False,-0.0025687856904205164,-0.00129666891191349
05528000,0.802833802555331,0.6346321539516888,0.7996654438229178,0.6363708386969815,False,-0.003168358732413168,0.0017386847452927068
05529000,0.8337363016305116,0.7115340903577525,0.8246306673565938,0.7151469423884207,False,-0.009105634273917751,0.00361285203066819
05530990,0.43256388647146726,0.6151865697703547,0.44231254419864663,0.6193373964496725,False,0.009748657727179366,0.004150826679317765
05531300,0.7931164913161232,0.8292393535694558,0.7952301950566537,0.8246509862942744,False,0.002113703740530548,-0.004588367275181415
05531500,0.8262213073774799,0.8016450092000553,0.8324333863564367,0.8066802447131356,False,0.006212078978956814,0.005035235513080272
05532500,0.8736075482648805,0.8490763564557656,0.8725678726451214,0.8448833037973272,False,-0.0010396756197591506,-0.00419305265843839
05536000,0.793555485310257,0.8132474657816348,0.7824823167914602,0.8154972743149231,False,-0.011073168518796805,0.0022498085332883777
05540095,0.8017646576086507,0.7265851021097219,0.7962238781799457,0.723810338771528,False,-0.005540779428705012,-0.0027747633381939307
05543830,0.818419018175347,0.9014751665971488,0.819815804946326,0.9021685848689887,True,0.001396786770978986,0.0006934182718398851
05544200,0.6394788718024825,0.8224518197751808,0.639435603322503,0.8224323580434706,False,-4.3268479979485797e-05,-1.9461731710190833e-05
05548280,0.714685545072089,0.7945497684730394,0.7269012654267917,0.7941557848782634,False,0.012215720354702642,-0.00039398359477593736
05551200,0.7395981896365398,0.8128698876931613,0.7258006829565193,0.8068733113549025,False,-0.013797506680020444,-0.0059965763382587856
04093000,0.8707055432048569,0.834158758523962,0.8671958735856191,0.833993614634637,False,-0.0035096696192378207,-0.00016514388932509227
05524500,0.8986563823820642,0.8666627971554087,0.8976182250683499,0.8663440187042846,False,-0.0010381573137143718,-0.0003187784511241576
05525000,0.8985377264813438,0.9126678797311409,0.8982081534742867,0.9126773945670246,False,-0.00032957300705704906,9.514835883628336e-06
05536275,0.7008382165754428,0.6480200587919249,0.703250414465741,0.6429488082630074,False,0.002412197890298229,-0.005071250528917548
05539000,0.8436511362346789,0.8662844134566928,0.8414371559781022,0.8606759976744753,False,-0.0022139802565767086,-0.005608415782217491
05540130,0.8117829299120726,0.7366991100348583,0.81843868140327,0.7324081214041656,False,0.006655751491197459,-0.004290988630692771
05540250,0.8187903208612228,0.8556962952080119,0.8208678207485479,0.8523215092436174,False,0.002077499887325085,-0.0033747859643945555
05540500,0.8468836701572724,0.741681170838886,0.8423123035564317,0.7388638060563053,False,-0.004571366600840676,-0.002817364782580656
05551700,0.8399607941214803,0.844621225007842,0.8400113917389282,0.8436090716175162,False,5.05976174479672e-05,-0.0010121533903257873
05554500,0.8257288080158739,0.7823780563140426,0.8246179504828293,0.7842346649322316,False,-0.001110857533044629,0.0018566086181890373
05555300,0.8538199927761984,0.7758961555431096,0.844163427577669,0.7736691756689074,False,-0.00965656519852931,-0.002226979874202284
03336000,0.8666699591757757,0.9172586752961951,0.902328228538549,0.9496046567872345,True,0.035658269362773276,0.0323459814910394
03338780,0.7590885392757554,0.83148011941788,0.7675871814902804,0.8405412798643889,False,0.00849864221452501,0.009061160446508842
03339000,0.8975730428687336,0.9204318584585844,0.8976301777494199,0.9228700910112044,False,5.713488068626038e-05,0.00243823255261999
03340500,0.877567135771472,0.9331801097315524,0.8902258133535307,0.9326129490421297,True,0.01265867758205863,-0.0005671606894227521
03341500,0.8376243966779994,0.9006496419980725,0.840211435387409,0.9081897736316271,True,0.0025870387094095726,0.007540131633554603
03343400,0.8604951651213201,0.8642739640289256,0.8592136337315548,0.8642380333883146,False,-0.001281531389765278,-3.593064061102602e-05
05570910,0.7750096148922528,0.7480829071447617,0.7797664007629899,0.750184307927571,False,0.004756785870737024,0.002101400782809293
05572000,0.7586213182147875,0.7990015019273965,0.7816565205417951,0.8181545014500864,False,0.02303520232700762,0.019152999522689895
05573540,0.8097830697755601,0.8005752262004138,0.8161205154837305,0.8011959633141341,True,0.006337445708170408,0.0006207371137203488
05578500,0.5378128200260839,0.665342915967837,0.6308112454828575,0.6944732561869602,True,0.09299842545677361,0.029130340219123196
05590800,0.8751586582762197,0.8246250841009004,0.8742930506016673,0.8224208985344283,False,-0.0008656076745524599,-0.002204185566472061
05591550,0.5664673809727517,0.47469274154036056,0.5647163925026164,0.4736860482224948,False,-0.0017509884701353284,-0.0010066933178657367
05591700,0.7765260475154365,0.6659475546915083,0.7749883522286103,0.6645426397168398,False,-0.001537695286826235,-0.0014049149746685474
05592000,0.30205878419356846,0.5953870145321956,0.5548654880481578,0.6499931753038364,True,0.25280670385458937,0.05460616077164082
05592050,0.6692572061552902,0.762394583736097,0.6748338491712904,0.7678038265842041,False,0.005576643016000249,0.005409242848107065
05592100,0.5965656543979494,0.7457815070322859,0.6638317085441361,0.7077145998026715,True,0.0672660541461867,-0.038066907229614366
03345500,0.8461926397606436,0.86971377106481,0.8437923715529639,0.8675458623017225,False,-0.00240026820767969,-0.0021679087630874783
03346000,0.8305591250556537,0.8096652912838782,0.8205642420818478,0.7872844132044008,False,-0.009994882973805908,-0.022380878079477418
03376500,0.7557394805944013,0.8477349736947396,0.7968549520660988,0.8490532433350866,True,0.04111547147169747,0.0013182696403469807
03378000,0.7845697962428604,0.8282985669328843,0.7879288045868247,0.8279329481181709,False,0.003359008343964298,-0.00036561881471341984
03378550,0.7365832566303325,0.7381175786611758,0.7316705563703219,0.7344862073372906,False,-0.004912700260010672,-0.0036313713238851353
03378635,0.7882658767890262,0.705134532794796,0.7875347575398409,0.6977075441860208,True,-0.0007311192491852303,-0.00742698860877522
03379500,0.7301370551422733,0.7234280532103592,0.7459366143654933,0.7245257169525599,True,0.01579955922321996,0.0010976637422006608
03380500,0.8661916037930733,0.7839143225458477,0.8639502664023015,0.7842673523047418,True,-0.0022413373907717027,0.0003530297588940634
03381500,0.4882888053132446,0.7308160442530955,0.4975914008535658,0.7375353150566184,True,0.009302595540321201,0.006719270803522859
05592575,0.6919222673480039,0.6839065996852896,0.6873473277819518,0.6816400454432823,False,-0.004574939566052039,-0.0022665542420072793
05595730,0.7474763057292922,0.6407832267014693,0.7441497591333139,0.6361893891380496,False,-0.003326546595978308,-0.004593837563419689
05597000,0.028382439508479074,0.5259561290126623,0.44530445736033564,0.7034396599185981,True,0.41692201785185656,0.17748353090593583
03382100,0.7712811351272744,0.732985804932008,0.7680761953540233,0.7275128114142908,True,-0.003204939773251092,-0.0054729935177172395
03383000,0.7671554187690222,0.7966342905417186,0.7728101865849611,0.8033814085786803,False,0.005654767815938988,0.006747118036961708
03384450,0.696942411005862,0.752392356963548,0.6872204827926354,0.7554336800624345,False,-0.009721928213226594,0.0030413230988864948
03438000,0.831365855324105,0.8093845165207448,0.8189530123532038,0.8021913235035536,False,-0.012412842970901172,-0.007193193017191235
03610200,0.7805125138953679,0.7113710610065795,0.7757012849176176,0.7087906368728405,False,-0.004811228977750326,-0.0025804241337390454
05597500,0.5350122471682074,0.5453754295351079,0.536735687926595,0.5466267908603215,False,0.0017234407583875955,0.0012513613252136402
03604000,0.7069462448221446,0.8091843834627275,0.6816316897562908,0.8021282974726306,False,-0.025314555065853783,-0.007056085990096883
02430680,0.6786042200217077,0.6743759822768899,0.6765843322519901,0.6740771466077209,False,-0.002019887769717621,-0.0002988356691689953
02439400,0.8131637374990296,0.8643400256781184,0.8139193356505086,0.8629504310843621,False,0.0007555981514789645,-0.0013895945937563159
03592718,0.5836105192010377,0.5789702893982069,0.5805404506904916,0.5750989761891394,False,-0.0030700685105460312,-0.0038713132090675284
07283000,0.8300263414585068,0.7064276364576605,0.828733460288215,0.7015691255977108,False,-0.0012928811702918042,-0.004858510859949705
02467500,0.7493963737394398,0.8181086368894372,0.7493031703287343,0.8118770948279332,True,-9.32034107055113e-05,-0.006231542061504003
02481880,0.8575760905706747,0.8687574379313363,0.8552481218347558,0.8693103213732042,False,-0.002327968735918895,0.0005528834418678796
02482000,0.7981532169559254,0.8888498163198667,0.7860281393979041,0.8839425802586995,False,-0.012125077558021391,-0.004907236061167164
02482550,0.7576894542699152,0.8390778164504943,0.7506691934682631,0.8379134031533607,False,-0.0070202608016520784,-0.0011644132971335708
02484000,0.8204291648767783,0.8709390657360168,0.8199611064237304,0.871308230627961,False,-0.0004680584530478704,0.0003691648919442736
02472000,0.808677982508898,0.7205100106418036,0.8111499701989535,0.7224467369973616,False,0.0024719876900555215,0.0019367263555579717
02472500,0.7957388742786311,0.7549502007938395,0.7914047571072349,0.7549848334468032,False,-0.004334117171396201,3.463265296377305e-05
02473000,0.8340535472013648,0.7848001547087966,0.8288585119281965,0.7832886408946902,False,-0.005195035273168336,-0.0015115138141064133
02473500,0.7476824203871949,0.756578495669803,0.7562916409170923,0.757409554394016,False,0.008609220529897432,0.000831058724213074
02474500,0.827140570983796,0.8288645996701427,0.825816210368542,0.8262940242341176,False,-0.0013243606152539833,-0.0025705754360251243
02474560,0.793359554757196,0.7792570724170217,0.7782485441011138,0.7740118244396287,False,-0.015111010656082224,-0.005245247977393008
02475000,0.808768856678947,0.8563386655635449,0.7911650927477538,0.8512246884133192,False,-0.017603763931193228,-0.005113977150225657
02476500,0.588587308241473,0.6820565353244541,0.6037539230803626,0.6809946601129617,False,0.015166614838889592,-0.001061875211492369
02476600,0.7087356622501013,0.687410891626957,0.7075069927369877,0.6681215783229881,True,-0.0012286695131136227,-0.01928931330396888
02477000,0.7723125194782411,0.7604588322119179,0.7715425232550972,0.7577604709443774,True,-0.0007699962231438873,-0.0026983612675405277
02477990,0.798876531962926,0.8390802158102276,0.7970864337258243,0.838157130924209,False,-0.0017900982371016338,-0.0009230848860186658
02478500,0.8643146732650212,0.9227108877594793,0.8579530779840691,0.9186653202841158,True,-0.006361595280952148,-0.004045567475363443
02479155,0.7134150479553608,0.8329109274164067,0.7082171879390218,0.8345785153953806,False,-0.00519786001633904,0.0016675879789739279
02479160,0.7784385779790901,0.7966272579128948,0.7720578606766085,0.796059458533594,False,-0.0063807173024815755,-0.0005677993793007374
02479300,0.7426531041349202,0.8272300192111329,0.7132411834647343,0.8196021000391829,False,-0.029411920670185943,-0.007627919171950048
02479560,0.7719878248300963,0.7738101464704894,0.7662077944728685,0.7735966940080194,False,-0.00578003035722785,-0.00021345246246995409
02481510,0.8450249188132654,0.7959160704280046,0.8352658263166726,0.7916677195384084,False,-0.009759092496592792,-0.004248350889596186
04056500,0.4211615764706492,0.5173139479283397,0.42205187495173657,0.5176043681422706,True,0.0008902984810873482,0.00029042021393088646
04127918,0.49654382269510755,0.5515013438996088,0.4995046900558362,0.5538260832679198,False,0.0029608673607286473,0.002324739368311013
04118500,0.5913012207671768,0.6520680765557126,0.5926363455409394,0.6530046002193401,False,0.0013351247737625194,0.0009365236636275087
04121500,0.6382887861646613,0.6647195078780004,0.6389974389615201,0.6678098787920146,True,0.000708652796858722,0.0030903709140142066
04122200,0.12830468796546346,0.5826560541572081,0.12217734189067198,0.5823617852684772,False,-0.006127346074791484,-0.00029426888873096413
04122500,0.6171137414607153,0.7899718499510731,0.6129521843530064,0.7891946372161551,False,-0.004161557107708935,-0.0007772127349179314
04097540,0.7404563390926442,0.8568251959096481,0.7396623990578087,0.8558084203616163,False,-0.0007939400348354608,-0.001016775548031812
04099000,0.8685759212030439,0.9056629412698659,0.8680283255021848,0.9054094894801246,True,-0.0005475957008591603,-0.0002534517897413435
04099750,0.7753510576246723,0.7870250434216693,0.7746841152313255,0.7871237576624811,False,-0.0006669423933467478,9.871424081175917e-05
04101000,0.8640835601089328,0.8933468383685086,0.8636912728383817,0.893001887903215,True,-0.00039228727055118373,-0.00034495046529359197
04101500,0.8794313390131425,0.9115020400267311,0.8877084359034837,0.9134069265046074,True,0.008277096890341173,0.0019048864778763441
04102700,0.7149225497922986,0.7769217454618967,0.7123613817937775,0.7763607859598545,False,-0.00256116799852113,-0.0005609595020422686
04105500,0.857471302508417,0.9052248610177202,0.8590133551900442,0.9057596930079317,False,0.001542052681627215,0.0005348319902115373
04106000,0.852969835815093,0.9256581409421633,0.8525360309981953,0.9254466836131154,False,-0.00043380481689769823,-0.000211457329047815
04108600,0.7220862633483527,0.7204440447447829,0.7222998933134999,0.7203881249550441,False,0.00021362996514717736,-5.591978973873424e-05
04108800,0.4155244751416858,0.24805288007775372,0.41240185059551826,0.2467147312773168,False,-0.0031226245461675184,-0.0013381488004369224
04117500,0.6678056510511918,0.7321720862584313,0.6620424137881248,0.7315911729107397,False,-0.005763237263067045,-0.000580913347691614
03324000,0.8368228925509866,0.8100820516531451,0.8325817646042761,0.8012657664837224,False,-0.004241127946710499,-0.008816285169422677
03324300,0.7516167773915767,0.7330849211441559,0.7157077791448059,0.6791080286193247,False,-0.03590899824677085,-0.05397689252483118
03325000,0.48599582731315905,0.7363357906614603,0.6253952460857638,0.759475419733908,True,0.13939941877260476,0.02313962907244771
03326500,0.850542755030767,0.8645600210161923,0.8319766944806276,0.8412444390490604,False,-0.01856606055013943,-0.023315581967131904
03329700,0.8441206761185267,0.7701621721141751,0.8427367554248074,0.7698326767281667,False,-0.0013839206937192872,-0.0003294953860084604
03330500,0.7540117088198655,0.71628154047797,0.7525500228626292,0.7159475835434039,False,-0.0014616859572362806,-0.0003339569345660598
03331500,0.8341258447921509,0.8458096391959731,0.8300017107090545,0.8452547647214037,False,-0.00412413408309642,-0.0005548744745693668
03333050,0.8479858961164238,0.9063288306724017,0.8770567593799015,0.9176371093245431,True,0.02907086326347763,0.011308278652141457
03333700,0.8928408489288657,0.8502181825450107,0.8906910702679578,0.8452948927182855,False,-0.0021497786609079306,-0.004923289826725186
03334000,0.838521041278758,0.8594131072056048,0.8542976574419924,0.8642942989032962,False,0.015776616163234336,0.004881191697691412
03334500,0.8763290053826881,0.8528180157832644,0.8778632671173818,0.8536057936146477,False,0.0015342617346937315,0.0007877778313832851
03335000,0.9037395104960843,0.9084978099510784,0.9107981726346176,0.9114036501922624,False,0.007058662138533345,0.00290584024118401
04094000,0.725302601280539,0.8480491783524085,0.7312715100367213,0.8515022626925726,False,0.0059689087561822785,0.0034530843401641143
04100222,0.8290084303554794,0.8899182044043765,0.8268945322804848,0.8891110609286066,False,-0.0021138980749946246,-0.0008071434757699336
04100500,0.8263851201149285,0.7999356328625263,0.8249427994523402,0.8004659438316181,False,-0.0014423206625883145,0.0005303109690917296
05516500,0.7891802190950801,0.8258604865311651,0.7919111972392772,0.8287867262961628,False,0.0027309781441970937,0.002926239764997729
05517000,0.7791754543766518,0.8312755660371537,0.7851528674813152,0.8438078738845468,False,0.005977413104663376,0.01253230784739312
05522500,0.8700758720926267,0.9165035017896802,0.8695036135353614,0.9164432776835715,False,-0.0005722585572652816,-6.0224106108730524e-05
03339500,0.8604336072820473,0.8759116858174649,0.8593758287955994,0.8734502456597845,False,-0.0010577784864479467,-0.002461440157680461
03340800,0.8241584704186661,0.9036508608401423,0.8230257588267618,0.9029837602925839,False,-0.0011327115919043118,-0.0006671005475584746
03351000,0.9065274868645378,0.9185869669246662,0.9003658694114922,0.9038057092392418,True,-0.006161617453045554,-0.014781257685424487
03351500,0.884067137279535,0.9331593238844019,0.8839739858024268,0.9317414478738277,False,-9.315147710819982e-05,-0.0014178760105741928
03352500,0.9046003715790388,0.8945917301216586,0.8556206399818019,0.884423112164035,True,-0.0489797315972369,-0.010168617957623582
03353000,0.9194987931240911,0.9386472078169759,0.9068891034915433,0.9267472409759856,True,-0.012609689632547827,-0.011899966840990261
03353200,0.8769385600685469,0.8829393883668992,0.8755119278686456,0.8796896730574609,False,-0.0014266321999012455,-0.0032497153094382947
03353500,0.849094408908273,0.8918839711911584,0.7515327775338034,0.7680771926574654,True,-0.0975616313744696,-0.12380677853369293
03353800,0.8578515316076905,0.9113214093734694,0.8571821889966358,0.9117205847558156,False,-0.0006693426110546685,0.0003991753823462396
03354000,0.9075238228884341,0.9397495136798996,0.9132262178224246,0.9349011607121053,True,0.005702394933990496,-0.004848352967794289
03358000,0.8395406974026953,0.8927651370569468,0.8475269178982718,0.8887580869677896,False,0.007986220495576513,-0.004007050089157249
03360000,0.8360417960027507,0.9025621392615357,0.8070304774892999,0.8766171908729656,True,-0.029011318513450846,-0.025944948388570088
03361500,0.9047842592316878,0.9287563616696111,0.8956285139375085,0.9262126928322293,False,-0.009155745294179285,-0.002543668837381774
03361850,0.8795496681811382,0.9152686555742515,0.8806881226654562,0.9150867226499171,False,0.00113845448431793,-0.00018193292433443808
03362000,0.8327659651109283,0.8162539883883908,0.8309242790505572,0.8143773843904432,False,-0.0018416860603710505,-0.0018766039979476457
03362500,0.8369569980763959,0.8128597946199376,0.8308682514397191,0.8078184520110914,False,-0.006088746636676801,-0.005041342608846255
03363500,0.848257238890244,0.8242403910397762,0.8438642749592795,0.8190269162938215,False,-0.004392963930964444,-0.005213474745954683
03363900,0.8062781364591431,0.7960785314510824,0.8025529522381547,0.7949663197542309,False,-0.0037251842209884423,-0.001112211696851495
03364000,0.8837016838841313,0.9203417474836113,0.8800383001655597,0.9158221632221983,False,-0.0036633837185715556,-0.004519584261412968
03364500,0.6822012433996147,0.6766007953283922,0.6839201750665758,0.6769652103942203,False,0.001718931666961021,0.00036441506582807204
03365500,0.8745998028810044,0.8263196625462166,0.8705907540606165,0.8211548011955342,False,-0.004009048820387884,-0.005164861350682393
03302220,0.7436321371716841,0.8123393212675224,0.746361719258573,0.8140022514025465,False,0.002729582086888893,0.0016629301350240544
03302800,0.8091588029853467,0.7818813418985601,0.8086514056461942,0.7829053374798836,False,-0.0005073973391525044,0.0010239955813234891
03303000,0.8231436675274988,0.7255469131974736,0.8212641389207677,0.7334722316540185,False,-0.001879528606731129,0.007925318456544983
03360500,0.7903558099503525,0.8843677208617337,0.8025363050889271,0.8849955560298111,True,0.012180495138574665,0.0006278351680774064
03371500,0.6713917073499565,0.8171374488186827,0.6553586006227775,0.8038060665684577,True,-0.016033106727178947,-0.01333138225022501
03373500,0.7252448256877395,0.8631587091878627,0.7198997777227663,0.8553650895493221,True,-0.00534504796497326,-0.007793619638540639
03374000,0.7568084272603465,0.8697845695655346,0.7492046652536105,0.857550292096044,True,-0.007603762006735959,-0.012234277469490573
03375500,0.5575526098557306,0.7165214216753185,0.5652482876985201,0.6527208520121004,True,0.007695677842789461,-0.06380056966321812
03376300,0.769403044756073,0.8241431127712551,0.8077959719161949,0.8115267886657076,True,0.03839292716012188,-0.012616324105547472
03310300,0.7040763780907003,0.8467315934633793,0.6837614167077548,0.8403851468665715,False,-0.02031496138294553,-0.006346446596807831
03320000,0.74664889465279,0.8445138480307984,0.8183318057059144,0.8790666172849534,True,0.0716829110531243,0.03455276925415496
03320500,0.799073184094631,0.8890545217700446,0.8072281346144508,0.8940688491744717,False,0.008154950519819737,0.005014327404427088
03428200,0.8294062884202321,0.8848616433116301,0.853305910874187,0.874800966664867,False,0.023899622453954827,-0.010060676646763134
03432350,0.9021664543285733,0.9026736628411526,0.9006888543757646,0.8976208232828485,False,-0.001477599952808717,-0.005052839558304045
03433500,0.8875767567292275,0.9355329922826736,0.8648851821975809,0.9135430800030887,False,-0.022691574531646608,-0.02198991227958491
03434500,0.8889677505491496,0.9151264233655201,0.8720229148323069,0.8947410802455723,False,-0.016944835716842688,-0.020385343119947774
02450000,0.7949770669295354,0.8030898231341523,0.7942563312242843,0.8012478713023296,True,-0.0007207357052511076,-0.0018419518318227857
02450180,0.8642915909656541,0.8746537227169269,0.862384905655361,0.8731878370434967,True,-0.0019066853102931436,-0.0014658856734302006
02450250,0.7441063496248957,0.7918797134966247,0.7413836189414249,0.7878286912391563,False,-0.002722730683470842,-0.00405102225746834
02453000,0.6449987172575938,0.7532353952254096,0.6401983499904556,0.7456464829750394,False,-0.0048003672671382835,-0.007588912250370172
03574500,0.8254342522944162,0.851595392284533,0.8254497472978952,0.8533674886061301,False,1.549500347897137e-05,0.0017720963215971386
03586500,0.7863948939399401,0.8713351661446219,0.7385059765486963,0.8278412550039433,True,-0.04788891739124379,-0.043493911140678576
02422500,0.798700454733048,0.8128706528780588,0.7975257989933534,0.8064038091644158,False,-0.0011746557396945523,-0.0064668437136430335
02423380,0.7792376792907773,0.8160455714943151,0.7900264885904952,0.8229887466938456,False,0.010788809299717927,0.006943175199530471
02423496,0.8424424703292034,0.8329374996357892,0.8470926672285517,0.8336115506046645,True,0.004650196899348313,0.0006740509688752949
02423500,0.851695194923394,0.8302667864871041,0.8551477967817293,0.8299262281963893,True,0.0034526018583352913,-0.0003405582907147764
02424000,0.860982553201956,0.8056290038684575,0.8611316682320764,0.814798172310495,True,0.00014911503012038363,0.009169168442037523
02424590,0.7187115253254314,0.8141557820010445,0.6959474799999871,0.809606964884469,True,-0.022764045325444293,-0.00454881711657551
02425000,0.7084758221658047,0.8344834102653274,0.6798664097956362,0.8246604680071228,True,-0.028609412370168563,-0.00982294225820457
02446500,0.6174685493066903,0.7961981935172184,0.5617500313806536,0.7727470786773869,False,-0.05571851792603666,-0.023451114839831533
02457595,0.6069396828808329,0.57611662888432,0.5967756365694331,0.5641241422103279,False,-0.010164046311399777,-0.011992486673992109
02462000,0.6665894107407783,0.8218376635667927,0.6708661089502259,0.8264264472033943,False,0.004276698209447649,0.0045887836366016455
02462500,0.7518628747091112,0.8073815161557126,0.6710589431487728,0.730084495646868,True,-0.08080393156033838,-0.07729702050884468
02464000,0.8292892286485625,0.8383088842289299,0.8289162307743629,0.8397287140293795,False,-0.0003729978741995321,0.0014198298004496346
02464360,0.7588564049704858,0.7854931124879784,0.7580256501784141,0.7821900044204375,False,-0.0008307547920717306,-0.003303108067540861
02465000,0.8041195594568656,0.8255018395762936,0.6807345449733546,0.7285052638294665,True,-0.12338501448351102,-0.09699657574682718
02466030,0.7820924367867021,0.8870056275441935,0.7966440570038333,0.8607366531117117,True,0.01455162021713119,-0.026268974432481884
02369800,0.6366322181250836,0.7354146564545578,0.6371417677956246,0.7377918775187788,False,0.0005095496705409541,0.0023772210642210023
02373000,0.8676237605255559,0.8012749828276544,0.8687036725850079,0.8236390913469259,False,0.001079912059452015,0.02236410851927151
02374500,0.7916071626842167,0.8111000704162682,0.7923023986397538,0.8101273425196336,False,0.0006952359555371102,-0.0009727278966346065
02375500,0.8751618728364007,0.9241763343888401,0.8616204455780648,0.9221333906393366,True,-0.013541427258335847,-0.002042943749503423
02427250,0.8234911074455279,0.7993114935168781,0.8251024089611438,0.8025674453629807,False,0.0016113015156159483,0.0032559518461026116
02469800,0.8374914050398061,0.8627180926191358,0.8424125741488572,0.8711600468704236,False,0.004921169109051049,0.008441954251287798
02376500,0.7773983806010031,0.8532666296414222,0.7724103349565006,0.8503716591408012,False,-0.004988045644502503,-0.0028949705006210413
02377570,0.781592947398337,0.7615405848961754,0.7773381494771511,0.7613967717473131,False,-0.004254797921185882,-0.0001438131488622485
02378500,0.8259087069561409,0.890046571676662,0.8286998876343544,0.8913455780199019,False,0.0027911806782134896,0.0012990063432398724
02471001,0.7249289803166491,0.8039727426114135,0.7243139525213682,0.8023358487465919,False,-0.0006150277952808869,-0.0016368938648215758
04127997,-0.2563160027109894,0.6654588662474814,-0.26559785273654546,0.6630893808662858,False,-0.009281850025556038,-0.002369485381195635
04128990,0.2364767696529414,0.49951315673570895,0.18300891133372998,0.508097646004265,False,-0.053467858319211414,0.00858448926855604
04136500,0.6724852713553232,0.8121560796362369,0.665371983762259,0.80902236754437,False,-0.007113287593064177,-0.003133712091866969
04137500,0.43591835449900307,0.701536994469099,0.49276722980535914,0.717556596748423,True,0.05684887530635607,0.016019602279323975
04116000,0.8147909382195433,0.7629530740745717,0.8038891104106481,0.7563161040134281,False,-0.010901827808895148,-0.00663697006114361
04142000,0.6189315671544777,0.7260949964538244,0.6227167734162242,0.7271975310475813,False,0.0037852062617464988,0.0011025345937569764
04146000,0.7331282622482784,0.8579195738626274,0.7339369122914705,0.8584926794534165,False,0.0008086500431920829,0.000573105590789047
04146063,0.7061387730703876,0.7915103150010271,0.7063508656170148,0.7929723120736871,False,0.0002120925466271295,0.0014619970726600373
04148140,0.6163096929187306,0.5477353052074249,0.6160311934525708,0.5465724418209226,False,-0.00027849946615976506,-0.0011628633865022886
04148500,0.6839170709706366,0.770009544044386,0.6866763973409704,0.7700060134410861,True,0.0027593263703338256,-3.530603299939372e-06
04151500,0.6735066003408006,0.7984099487858579,0.685361861056725,0.80503961594944,False,0.011855260715924465,0.0066296671635820426
04152238,0.06279406869582016,0.3364793705983289,0.06638389157557667,0.33870975950000737,False,0.00358982287975651,0.0022303889016784817
04154000,0.489054234104198,0.6238232638194259,0.48273667138394216,0.6266912094070769,False,-0.006317562720255854,0.002867945587651022
04155000,0.47959048701346774,0.5710586262849641,0.48111149868058956,0.572764830614381,False,0.0015210116671218188,0.0017062043294169271
04156000,0.6441681620979444,0.7151205901096754,0.6463597507615473,0.7161562970177626,True,0.002191588663602917,0.0010357069080871861
04096405,0.8525934691935524,0.9131998382729456,0.852798917197289,0.913286649134879,False,0.00020544800373656358,8.681086193340626e-05
04096515,0.7558272949755258,0.6909071559645715,0.7520273694530298,0.6894984385902982,False,-0.0037999255224959727,-0.0014087173742732828
04099510,0.8034296216149774,0.871336217820612,0.7947165407603693,0.8688211393594069,False,-0.00871308085460809,-0.0025150784612051336
04103010,0.7312232257950193,0.8339906143901477,0.7336803117978559,0.8344681386720741,False,0.0024570860028365615,0.0004775242819264891
04105000,0.7864949287253604,0.8293937004385201,0.7855117237519951,0.82913318547903,False,-0.000983204973365348,-0.00026051495949008796
04109000,0.4840011417265334,0.616064240800726,0.48660707853458296,0.6162304618919661,False,0.002605936808049547,0.000166221091240093
04112500,0.6818436842064708,0.707062555981266,0.6719898935442565,0.7043523502024689,False,-0.009853790662214257,-0.0027102057787971034
04113000,0.8244385745255005,0.8023705104258159,0.8203188978368341,0.7985220188383702,False,-0.004119676688666418,-0.0038484915874457126
04114000,0.8500005409356161,0.8806599740932421,0.8558950334618516,0.874889227537262,False,0.0058944925262355286,-0.0057707465559802
04170000,0.7754738641777469,0.7534119050352897,0.7685406518942398,0.7524056505162233,True,-0.006933212283507073,-0.0010062545190663297
04170500,0.6599757776773196,0.6938948350079468,0.6523593254568983,0.6914805112592965,True,-0.007616452220421288,-0.002414323748650249
04172000,0.7623463220640783,0.8581725597838595,0.7588302687826023,0.8563565164048672,True,-0.0035160532814759726,-0.001816043378992327
04175600,0.7955778863043239,0.8939192844516946,0.79586259045784,0.8941721196381459,True,0.0002847041535161132,0.00025283518645136116
04176000,0.8235256019319572,0.8941632835110364,0.8284569849412555,0.8976418367860891,True,0.004931383009298296,0.0034785532750527537
04176500,0.8118737446134437,0.8650406896449095,0.8307692310339088,0.8780930253748376,True,0.018895486420465013,0.013052335729928033
03261950,0.8012468246104263,0.8784091848439631,0.7943006303401039,0.8802461856418031,False,-0.006946194270322392,0.0018370007978399938
03322900,0.6982979420219384,0.7843112400089491,0.6999443590840291,0.7741144286185494,True,0.001646417062090677,-0.01019681139039974
03325500,0.7994030362395284,0.758455400348827,0.793360903381826,0.7559458861594534,False,-0.006042132857702387,-0.0025095141893736184
04178000,0.6297059095949731,0.7549507380439024,0.5901207664618493,0.7401135499197287,True,-0.03958514313312378,-0.014837188124173784
04180500,0.7580719435734019,0.8178828798488577,0.7400105163652559,0.7900683730136904,True,-0.018061427208145964,-0.027814506835167285
04181500,0.7518222901815901,0.8582786267711358,0.7559494488555646,0.8589862365540757,False,0.004127158673974507,0.000707609782939933
04185000,0.8478469656799984,0.8901944171986055,0.8448681905767199,0.8895663340507399,False,-0.002978775103278486,-0.0006280831478655546
04186500,0.7607083854932907,0.7374432664300632,0.7432827728768476,0.7117683017935831,False,-0.017425612616443042,-0.025674964636480113
04189000,0.8083525831791373,0.764645283114595,0.8060221871317611,0.7621764744968975,False,-0.002330396047376171,-0.0024688086176974933
04192500,0.8840080845147519,0.9343787191494826,0.8860603720785449,0.9341904541388323,True,0.0020522875637930538,-0.00018826501065027923
03240000,0.8101903173249764,0.7865582801824564,0.8101347021846594,0.7859729952799867,False,-5.56151403169336e-05,-0.0005852849024697848
03241500,0.8068011251254592,0.8257085068552437,0.8063728157741138,0.8258853487761555,False,-0.0004283093513454128,0.00017684192091182993
03245500,0.8268168586968012,0.8678517317210511,0.8282818596667594,0.860411240034162,True,0.0014650009699581634,-0.007440491686889095
03247500,0.5549159513031674,0.6671722854982036,0.5533601438032012,0.6068919126114676,True,-0.0015558074999661997,-0.060280372886736044
03266000,0.7510099485160241,0.822148518311832,0.7854047390323677,0.8425350675792012,True,0.03439479051634364,0.02038654926736916
03269500,0.8608240323583274,0.8892457945760582,0.8572793105189658,0.8740634682567194,True,-0.0035447218393616087,-0.015182326319338801
03270000,0.875943005364392,0.9355776397528472,0.8700698945101875,0.9251752772628635,True,-0.0058731108542045,-0.010402362489983719
03270500,0.866628607405646,0.9314610330689604,0.8857177423217462,0.9412506848717046,True,0.019089134916100203,0.00978965180274416
03272000,0.8344175495704831,0.9143814528334838,0.849700726064475,0.9179795160139127,True,0.015283176493991912,0.0035980631804288787
03274000,0.862951166116863,0.9195394200722952,0.8867534855145072,0.9352005857324861,True,0.02380231939764421,0.015661165660190934
03275000,0.8240163369301603,0.806746445202552,0.8218957205061835,0.805595376648042,False,-0.002120616423976762,-0.0011510685545099708
03275600,0.8199394260673403,0.7672067688972779,0.8160558709803173,0.7631441113721702,False,-0.003883555087022983,-0.004062657525107705
03276500,0.8156318069250432,0.8611134394156426,0.8253067378136656,0.8314254626593383,True,0.009674930888622368,-0.029687976756304302
03347000,0.8300238084863172,0.8098331781997636,0.8438750313355519,0.8202799605828768,True,0.013851222849234679,0.01044678238311314
03284000,0.8401659103534427,0.8542126632605395,0.8418792649635558,0.8582042929279001,True,0.001713354610113127,0.003991629667360663
03285000,0.7031123710475057,0.6876226323086863,0.6925313688328614,0.680299233331725,True,-0.010581002214644308,-0.007323398976961215
03289300,0.8272279434770803,0.8484264797624526,0.8280596824112214,0.8485530517644191,False,0.0008317389341411241,0.0001265720019665295
03289500,0.8432336279234861,0.8417733792618762,0.8431068827514347,0.8424015457918553,False,-0.00012674517205135682,0.0006281665299791017
03290500,0.8201925651341777,0.8710904864430657,0.8300243659832627,0.8755958232342945,True,0.00983180084908497,0.004505336791228776
03291500,0.6500839957681563,0.7371399187448462,0.6500968923646242,0.7401008718047619,False,1.2896596467859567e-05,0.0029609530599157274
03294000,0.7672247817740174,0.6627529430900603,0.7677461929937959,0.6656859250061443,False,0.0005214112197784448,0.002932981916084043
03295890,0.7923816917438755,0.6648043964368209,0.7937414963849164,0.6651637717704193,False,0.001359804641040907,0.0003593753335984218
03298500,0.7980176797018299,0.8900471589891401,0.8273434731079523,0.8811739428049377,True,0.029325793406122402,-0.008873216184202448
03300400,0.7453858624931873,0.7561068964308572,0.7197747001870678,0.7401708637178397,False,-0.025611162306119484,-0.015936032713017467
03301500,0.7872374819479836,0.863348403747545,0.7834450875249058,0.8651629926445689,False,-0.0037923944230777717,0.0018145888970239055
03302000,0.7939232529499443,0.7312045849376368,0.791317876026075,0.7262724680966077,False,-0.002605376923869307,-0.004932116841029122
03366500,0.7497726180653914,0.7593216066087064,0.7446471048813152,0.7586830794334549,False,-0.005125513184076169,-0.0006385271752514798
03307000,0.6313527812302313,0.735254434176168,0.6346576286958721,0.7372411735073179,False,0.003304847465640748,0.0019867393311499004
03308500,0.7144936187935391,0.8567804315352141,0.7725008651892649,0.8343918455938729,True,0.05800724639572574,-0.022388585941341188
02384500,0.7975317916877764,0.8162489002537743,0.8029768403427162,0.8223558952106851,False,0.005445048654939777,0.006106994956910805
03421000,0.9144780111619333,0.9213977305371223,0.9105533082486832,0.9207342422298059,False,-0.003924702913250089,-0.0006634883073163289
03566000,0.5733364660319727,0.7503534180164411,0.6083307352071916,0.7297963945642745,True,0.03499426917521886,-0.02055702345216659
02338000,0.8054495839599097,0.7956763701661388,0.7856276811302685,0.760470029399698,True,-0.019821902829641247,-0.0352063407664408
02382500,0.37553828218480245,0.6473719359236402,0.5319059775671207,0.6907205668689167,True,0.1563676953823182,0.04334863094527652
02383500,0.7819528004939278,0.8343411047720214,0.8084182866711074,0.8205355289184763,True,0.026465486177179587,-0.013805575853545138
02387000,0.7399563048323126,0.8624994955210141,0.7307706679960606,0.8572315381111497,False,-0.009185636836251954,-0.00526795740986441
02387500,0.7827387743554162,0.87134602428559,0.8028807761595234,0.8883578843416464,True,0.02014200180410719,0.01701186005605637
02388500,0.8219133068166508,0.8901320690317185,0.8321086949084384,0.8944630973161388,True,0.01019538809178766,0.004331028284420335
02394000,-0.13925282473607137,0.2997328578727352,0.2614838199139139,0.417544263527005,True,0.40073664464998526,0.11781140565426984
02395120,0.7442845659911861,0.7174521836525087,0.7429395344748749,0.7133689060758786,False,-0.001345031516311157,-0.004083277576630184
02395980,0.4209735006940801,0.6523425189490557,0.5775408708758765,0.6644422015375466,True,0.15656737018179634,0.012099682588490923
02397000,0.808479325935523,0.866263352980218,0.8644012880528428,0.884414090040845,True,0.05592196211731981,0.018150737060627087
02398000,0.8645058358893882,0.9266514091254526,0.8630524807470682,0.9215192065931335,False,-0.0014533551423200342,-0.005132202532319163
02398300,0.8205029206893069,0.8996889496787627,0.8091298719283119,0.8974532478484479,False,-0.011373048760994986,-0.0022357018303147402
02399200,0.863607072548273,0.8457144669497376,0.8605153530973801,0.8450989073310122,False,-0.003091719450892816,-0.000615559618725392
02400100,0.7689951501562021,0.7427036171565982,0.7727589231015142,0.7698704653364336,False,0.0037637729453120494,0.02716684817983539
02401000,0.8683716865147175,0.8521054624562918,0.8642141366763921,0.8470520856856203,False,-0.004157549838325392,-0.005053376770671525
02401390,0.8067613517267926,0.8479851508983396,0.8081283374473812,0.8529339975787411,False,0.001366985720588576,0.00494884668040152
02412000,0.770772305522002,0.6331758389227474,0.7756999546460956,0.6344760712884254,False,0.004927649124093603,0.0013002323656780002
02338660,0.7240492632365314,0.5975049389305214,0.7183376153524064,0.5959938375245255,False,-0.005711647884125037,-0.0015111014059958627
02339500,0.6091856901483237,0.7492476490089164,0.7076879940460268,0.7336659137422373,True,0.09850230389770309,-0.015581735266679053
02341505,0.6864812854923502,0.7552882145131404,0.7151763586205535,0.7240047120875884,True,0.028695073128203297,-0.031283502425552
02342500,0.8291986763827117,0.8638385810662312,0.8367874115881059,0.86213916986173,False,0.007588735205394159,-0.0016994112045012333
02404400,0.8193580015129891,0.8325243354148426,0.8195270464994195,0.8345457867140311,False,0.0001690449864304444,0.0020214512991885147
02405500,0.8080616444789007,0.7690956509009016,0.8048831479259049,0.7648822300573209,False,-0.0031784965529958464,-0.004213420843580673
02406500,0.7511427179145129,0.7574049790566308,0.7268534314096872,0.7419573617738304,False,-0.024289286504825758,-0.015447617282800419
02408540,0.7930086639142852,0.8170217796800732,0.7920474735046193,0.8189189303342126,False,-0.0009611904096658019,0.0018971506541394234
02411000,0.7791747426378086,0.8568738843883276,0.6772723494298518,0.7629005648126,True,-0.1019023932079568,-0.09397331957572752
02413300,0.8520177316021169,0.72541613100193,0.8478887102182866,0.7249499580268326,False,-0.004129021383830311,-0.00046617297509743416
02414500,0.702690318971923,0.708229446776923,0.6899925239535858,0.6846747759957438,True,-0.012697795018337232,-0.023554670781179232
02414715,0.7683836832887896,0.7466410895017452,0.7380795230806826,0.7158608772218429,True,-0.030304160208107,-0.030780212279902353
02415000,0.8321610046953651,0.7893690504618897,0.8295577831439449,0.7876686158704339,False,-0.0026032215514202317,-0.0017004345914557462
02418500,0.5380183315273737,0.687214242885421,0.5132025010371595,0.6621435505317134,True,-0.024815830490214186,-0.025070692353707624
02419000,0.7244162697976584,0.6332746589572122,0.7333240703716721,0.625845648350569,False,0.008907800574013747,-0.007429010606643249
02421000,0.7852914009669951,0.7790818557449869,0.778807749877268,0.7723474333090925,False,-0.006483651089727149,-0.006734422435894394
02342933,0.661631546231758,0.6572925343104787,0.6283445046955998,0.6167567725875047,False,-0.033287041536158246,-0.04053576172297402
02343801,0.7050354098337903,0.7353205738066373,0.7295029958774448,0.7599013298555221,True,0.02446758604365451,0.024580756048884767
02363000,0.7931480431941533,0.8539793731894854,0.762967136731725,0.8437696800462838,False,-0.030180906462428325,-0.010209693143201526
02371500,0.844992869881093,0.9034258588305499,0.834497565317676,0.9019059185723748,False,-0.010495304563416963,-0.0015199402581751453
02372250,0.7912189043457407,0.8271870578803061,0.7879826269958813,0.826413649434252,False,-0.003236277349859429,-0.0007734084460541135
02366500,0.5394679201504295,0.7493263294240815,0.46664948173659204,0.7191253894417773,True,-0.0728184384138375,-0.03020093998230422
02369000,0.7853815018909315,0.7940563629309157,0.7778226559872776,0.7933023698196926,False,-0.007558845903653855,-0.0007539931112231502
04159900,0.682013146317966,0.8106616103872724,0.6751679848777667,0.8113309935482489,False,-0.006845161440199199,0.0006693831609765333
04160600,0.6552910850563419,0.7783938637692259,0.6552198531642262,0.7800983319325621,False,-7.123189211577508e-05,0.001704468163336137
04161540,0.7572467197186703,0.8073440982242172,0.7576807714313059,0.8073394558247431,False,0.00043405171263555253,-4.642399474064085e-06
04161800,0.46547681523053586,0.6418435109770524,0.4664740011033154,0.6421095769349834,False,0.0009971858727795269,0.0002660659579309943
04164000,0.7645823093880182,0.7686966182432206,0.7498776225431476,0.768055326330622,False,-0.014704686844870585,-0.0006412919125985406
04164500,0.7332169258186731,0.8055339614916376,0.7240112253266353,0.800736178298917,False,-0.009205700492037838,-0.004797783192720617
04165500,0.7838748995286255,0.8174067411572665,0.7795116404560578,0.820551712915631,False,-0.004363259072567738,0.0031449717583644787
04166100,0.731849291722144,0.8409503835376417,0.7322462201508961,0.8405869036251759,False,0.0003969284287521635,-0.0003634799124658805
04166500,0.7203654729621294,0.7853934464707488,0.7167810669226786,0.7829691386054269,False,-0.0035844060394507604,-0.002424307865321884
04167000,0.7659723463567831,0.8149403312196728,0.7601639627856694,0.8120508022190979,False,-0.005808383571113684,-0.002889529000574931
04168000,0.6129443050290149,0.47847722156601713,0.6101469548615808,0.47878408611500767,False,-0.0027973501674340984,0.0003068645489905375
04195500,0.7500950675939448,0.7664107944029348,0.7848137786356443,0.7910320338543526,False,0.034718711041699435,0.02462123945141781
04200500,0.7616824626844747,0.6961787053437392,0.7609182701189386,0.6839471581698358,False,-0.0007641925655360593,-0.012231547173903401
03136500,0.6627348055451888,0.6844696573304534,0.6643039820541222,0.6868733888789076,False,0.0015691765089334009,0.002403731548454191
03139000,0.7908322123115292,0.8297534964250931,0.7904790387039176,0.8291141519008911,False,-0.0003531736076116676,-0.0006393445242020013
03144000,0.8030865117321151,0.7863462305196132,0.805051202581772,0.7904620868804063,False,0.0019646908496568916,0.004115856360793146
03145000,0.7788873389057074,0.8130552242521426,0.7740679139826541,0.805658788421957,True,-0.004819424923053317,-0.007396435830185566
03146500,0.8529670580752917,0.814166826923628,0.8523485123588652,0.8180720649616141,True,-0.0006185457164264996,0.0039052380379861473
03219500,0.7200327269529735,0.8528331164337796,0.731441021168678,0.8532110112674554,False,0.01140829421570455,0.0003778948336757848
03220000,0.7187093388626751,0.5712229147118357,0.7200850797347611,0.5661819129897732,False,0.0013757408720860287,-0.005041001722062566
03221000,0.8607304826651654,0.8770408639868659,0.8732242757010241,0.8627352661793034,True,0.012493793035858736,-0.014305597807562465
03225500,0.32054585364202415,0.5884729021956229,0.3570035841353767,0.6571820359197809,True,0.03645773049335255,0.06870913372415799
03228300,0.7677960859011339,0.7947884959222952,0.7689951187249489,0.7957187077750463,False,0.0011990328238149495,0.0009302118527511061
03228500,0.67856231388953,0.7631359420733922,0.623477388766404,0.6751051237472293,True,-0.055084925123126016,-0.08803081832616289
03228805,-0.10097919295705049,0.32284468866996885,0.07798835441372465,0.31063772135899004,True,0.17896754737077514,-0.012206967310978811
04196800,0.8031182082701276,0.8207068552717083,0.8018058524203535,0.8213627610546183,False,-0.0013123558497740717,0.0006559057829099713
04197100,0.7198074737151957,0.7243819860137284,0.7323403554490255,0.7356896486241719,False,0.012532881733829826,0.01130766261044347
04198000,0.8342216138814271,0.7922899278997664,0.831196964138217,0.7863865687491702,False,-0.0030246497432101505,-0.005903359150596144
04199000,0.730667435004027,0.674849540508043,0.7470494755966735,0.6987290906166959,False,0.016382040592646474,0.023879550108652836
03157500,0.8470025703601332,0.8355269376303474,0.8516540419314615,0.8429150501737652,False,0.004651471571328392,0.0073881125434178685
03159500,0.8591135310563675,0.8952956576491249,0.8629639538477027,0.8995912405786681,True,0.003850422791335295,0.00429558292954324
03229500,0.7549603238357474,0.7718042739011212,0.7354449020733489,0.7333103657589615,True,-0.01951542176239851,-0.038493908142159694
03230500,0.813289072420375,0.8257786712200563,0.8025023151910513,0.8211398384678389,False,-0.010786757229323651,-0.004638832752217437
03231500,0.8406923009786437,0.8330752474129535,0.8638646222748292,0.8658048175736837,True,0.023172321296185516,0.03272957016073019
03232500,0.7504177551108713,0.8483142449027914,0.7423914744840585,0.8365247198440816,True,-0.008026280626812765,-0.011789525058709782
03234300,0.6998604400176679,0.8140373510753383,0.6904231619509648,0.7659268619473818,True,-0.009437278066703136,-0.04811048912795646
03234500,0.8481684747887243,0.8921377742418259,0.8610184842295273,0.9101782615893694,True,0.012850009440803056,0.018040487347543488
03237500,0.7452862899939323,0.7548527167313004,0.7400065367288948,0.7465714846374027,False,-0.00527975326503749,-0.00828123209389764
03238500,0.7494250394081059,0.7509205618528856,0.7588670812740832,0.7632473832824467,False,0.009442041865977302,0.012326821429561097
03209500,0.8360955820934522,0.9112269782501041,0.8588908651153921,0.9091408646843274,True,0.022795283021939894,-0.002086113565776704
03214500,0.874205226678215,0.9325965728200394,0.85665830597545,0.9250129040627906,True,-0.01754692070276498,-0.007583668757248807
03216500,0.7928709706634836,0.7542732515815072,0.7766623403538035,0.7275318811820735,True,-0.016208630309680006,-0.026741370399433695
03217000,0.7533620276576971,0.7775660161179294,0.7105844660962655,0.7523150918018017,False,-0.04277756156143164,-0.025250924316127743
03281000,0.6233626520274265,0.8020606299932923,0.7136544934669815,0.8345342497967457,True,0.09029184143955504,0.032473619803453424
03281500,0.8097048426317803,0.8744511368025804,0.8112488465952387,0.8748639710379601,False,0.0015440039634583291,0.0004128342353797443
03282000,0.9034367340518783,0.9415319265356632,0.9029844092345454,0.9370977756352683,True,-0.0004523248173329275,-0.004434150900394895
03280700,0.6787522710925168,0.7312598917792241,0.6738679459875203,0.7276322571596066,False,-0.004884325104996479,-0.00362763461961757
03404000,0.8327590070121527,0.8991526318989116,0.825164535748487,0.899100687741958,False,-0.007594471263665636,-5.194415695364274e-05
03528000,0.8928388510621028,0.8726957341141243,0.893568976264859,0.8734881882691881,False,0.0007301252027561711,0.0007924541550637931
03531500,0.8874113020165485,0.9329474495751183,0.8870699638268134,0.9328471735467007,False,-0.00034133818973514085,-0.00010027602841766736
02177000,0.8361277936238134,0.795461164167624,0.8233100553208729,0.7881254557574832,False,-0.012817738302940529,-0.007335708410140862
02178400,0.759277997749992,0.7242134612123847,0.7379069444611482,0.7202865314462845,False,-0.02137105328884381,-0.003926929766100207
02330450,0.7518337404851609,0.8756502888592946,0.7503653625360864,0.874769941384157,False,-0.0014683779490745064,-0.000880347475137655
03455500,0.6210601918075944,0.6911946457589916,0.6084219399316118,0.682816896056204,False,-0.012638251875982665,-0.008377749702787596
03456100,0.6474613672666318,0.7062012204771874,0.6307544171207424,0.6946725538859329,False,-0.01670695014588941,-0.01152866659125451
03456991,0.582613768341969,0.5745905413274873,0.5736102469321529,0.5695960383433306,False,-0.009003521409816084,-0.004994502984156712
03459500,0.7661981485543135,0.7843838349405644,0.7573778239539363,0.7822034996693357,False,-0.008820324600377183,-0.0021803352712287394
03460000,0.7358138739347887,0.8039026102997214,0.7276045965103521,0.7995165025681359,False,-0.008209277424436556,-0.004386107731585542
03498500,0.8725364864666353,0.8605094959544777,0.8686558355351398,0.8593912740814513,False,-0.0038806509314954774,-0.0011182218730263482
03500000,0.8452374454020966,0.8463070975048375,0.8327007891693549,0.840782271330275,False,-0.012536656232741694,-0.005524826174562403
03500240,0.7910360452851204,0.8463386366881576,0.7833835283080708,0.8437009664343985,False,-0.007652516977049606,-0.00263767025375905
03503000,0.818146031633156,0.7888232731205993,0.8175740940549894,0.7945070429097995,False,-0.000571937578166648,0.005683769789200155
03504000,0.8030580279084281,0.8660784252645664,0.7926706651559219,0.8609511282253801,True,-0.01038736275250618,-0.0051272970391862405
03512000,0.8004008305051807,0.8835400024781701,0.7942617169529196,0.879671429518837,False,-0.006139113552261155,-0.003868572959333072
02204070,0.7288809398201792,0.6750271847572187,0.7380308605785315,0.6789257732951927,False,0.009149920758352303,0.0038985885379739793
02208450,0.6071961667872874,0.7499041081828037,0.5811675768285345,0.7399982930367923,False,-0.0260285899587529,-0.00990581514601141
02217475,0.8122302518840666,0.7798813862388145,0.8303147971063357,0.783976853624719,False,0.0180845452222691,0.004095467385904494
02217500,0.8017998425376083,0.7669543485023764,0.8137569866516228,0.7703440647156186,True,0.011957144114014495,0.0033897162132421332
02218300,0.8754581497714002,0.8502225571661375,0.8657736319523648,0.8489915041040381,True,-0.009684517819035454,-0.0012310530620993632
02219000,0.8503215327358814,0.787774744605289,0.849007783288356,0.7878101567576051,False,-0.0013137494475253808,3.541215231617212e-05
02220900,0.7766426072174095,0.6912641488773512,0.7897000412534477,0.6918177913919874,False,0.013057434036038207,0.0005536425146361879
02331600,0.7573488081725498,0.7032312138528538,0.7526939430502197,0.7003853771821129,False,-0.004654865122330043,-0.0028458366707408977
02333500,0.794832177729705,0.7479886116507821,0.7931198367921996,0.7466339157882566,False,-0.0017123409375054965,-0.0013546958625255678
02334430,0.08654987886614196,0.4034693896271563,0.24805367203291817,0.42178600975623104,True,0.1615037931667762,0.018316620129074757
02334885,0.707754652226437,0.6316088031339008,0.7049606192050408,0.6354586017793262,False,-0.002794033021396136,0.0038497986454254507
02335000,0.2618457192374537,0.5540789210003016,0.380234860844885,0.5454038862806856,True,0.1183891416074313,-0.00867503471961606
02335450,0.30809834202393804,0.5130870744080976,0.39099932918663416,0.4895037736454455,True,0.08290098716269612,-0.023583300762652137
02335700,0.7957491214565657,0.7221248033860149,0.795024851661972,0.721457365812785,False,-0.0007242697945937238,-0.0006674375732299564
02335870,0.6529007828416429,0.7328305641614576,0.6534361505572758,0.7324410816413048,False,0.0005353677156328951,-0.00038948252015280627
02336000,0.5194516612201595,0.6484174752056558,0.5677937913535704,0.6050185838137039,True,0.04834213013341093,-0.043398891391951966
02336300,0.686157165960515,0.6835967291692161,0.6849275751687964,0.6832393341766749,False,-0.0012295907917185822,-0.00035739499254117124
02336490,0.6381942667062372,0.6649025965096541,0.6469059674094271,0.613510020050307,True,0.008711700703189829,-0.05139257645934714
02337000,0.7652695362557865,0.7790175908455983,0.7636979428462355,0.7766811294677309,False,-0.001571593409551042,-0.0023364613778673604
02337170,0.7675159300501586,0.8058344698861513,0.7642026907671291,0.7714245246497472,True,-0.003313239283029512,-0.03440994523640406
02344350,0.8205582118057742,0.7497023230915109,0.8195690767334617,0.7489758710817664,False,-0.0009891350723124637,-0.000726452009744416
02380500,0.6866239088326519,0.7744521600711366,0.6861660384738717,0.7742722140249937,False,-0.0004578703587801991,-0.0001799460461429092
02382200,0.5065429108418718,0.4565535175498783,0.4985320198147546,0.45262791210731723,False,-0.008010891027117162,-0.003925605442561042
02392000,0.7342115379215612,0.6611965035490918,0.7380288563031927,0.6627022044026446,False,0.0038173183816314626,0.0015057008535528382
02210500,0.8172896269409051,0.8493123303446184,0.8294702510053892,0.8508958693413816,True,0.012180624064484058,0.001583538996763223
02212600,0.7305699504147175,0.6292666871278565,0.7267278134145019,0.621514174442685,False,-0.0038421370002156285,-0.00775251268517152
02213000,0.8543400538358747,0.8181453019388008,0.8718007811142217,0.8103781672119552,True,0.01746072727834691,-0.007767134726845537
02215100,0.7097007869505085,0.8108763131985477,0.7195701472132464,0.8108640719840124,False,0.00986936026273788,-1.2241214535246847e-05
02221525,0.7856169042332611,0.6983159629394702,0.7910214335539146,0.6984580292606959,False,0.005404529320653495,0.00014206632122570895
02341800,0.7682502610053462,0.8157090526723703,0.7532573395730147,0.8101484034796101,False,-0.014992921432331552,-0.005560649192760114
02344500,0.842027512613459,0.801119323015789,0.8261459851526032,0.7988366391167089,True,-0.015881527460855804,-0.0022826838990801512
02344700,0.7835904682646453,0.786131569614575,0.786100238658318,0.7770908557686822,True,0.002509770393672728,-0.009040713845892778
02347500,0.8371116233583558,0.6635201706898861,0.8377432858859072,0.6617775143521931,True,0.0006316625275514243,-0.0017426563376929938
02349605,0.21266542357982787,0.5341159369431994,0.15854407489628008,0.5211190302124902,True,-0.05412134868354779,-0.01299690673070919
02349900,0.7534229198385616,0.8227905977274511,0.7497057453590246,0.8221984741052724,False,-0.003717174479537011,-0.0005921236221787529
02318700,0.7616740851535875,0.7161192336800458,0.7616394604084106,0.7165775316439246,False,-3.462474517690328e-05,0.000458297963878751
02350512,0.5327014498247157,0.7347393931094461,0.559778615769471,0.7452748504146944,True,0.027077165944755288,0.010535457305248297
02351890,0.4322167930203046,0.44816878951639527,0.3643506170612103,0.4307589860941866,False,-0.06786617595909428,-0.01740980342220866
02352500,0.6386245509374802,0.7176700011141426,0.6603738418371701,0.7242733610878112,True,0.02174929089968991,0.0066033599736685655
02353500,0.7730084726588924,0.7263864721750339,0.7585459992123255,0.7235225202216526,False,-0.014462473446566926,-0.002863951953381294
02326000,0.5174928514469299,0.6204413114505626,0.5229571363834549,0.6230207565586802,False,0.005464284936524955,0.002579445108117584
02327100,0.5326109888229126,0.591861048249977,0.5312654886699673,0.5950174365310084,False,-0.0013455001529453225,0.003156388281031375
02329000,0.7462026532343928,0.7571565061156836,0.7018819228201523,0.7406559831870096,True,-0.04432073041424056,-0.01650052292867399
02329600,0.6964284393238523,0.6573672466361489,0.6977561533577537,0.6579954955564769,False,0.001327714033901306,0.0006282489203279784
02330000,0.7113219197379506,0.7381928461883858,0.6441735849807229,0.6800439583507436,True,-0.0671483347572277,-0.05814888783764216
02330100,0.5702870491102796,0.73906156923051,0.5815049533993243,0.7274871962340193,False,0.011217904289044678,-0.011574372996490778
02359000,0.7148855081156479,0.8148961210629628,0.7084220248053825,0.8125676847224281,False,-0.006463483310265361,-0.002328436340534701
03021350,0.7187642342906664,0.7082495754355587,0.7219182480000017,0.7082719855713269,False,0.0031540137093353238,2.241013576820272e-05
03023100,0.8107985744220498,0.8575564379632874,0.8196974297068127,0.8545415988929377,True,0.008898855284762863,-0.0030148390703497174
03024000,0.7917404088120902,0.8659530061270697,0.8002970066357261,0.8679544624200487,True,0.008556597823635936,0.002001456292978987
03093000,0.7114481912556772,0.8277230721189531,0.710508755282256,0.8221003507266063,False,-0.0009394359734211655,-0.005622721392346874
03094000,0.7299900802621309,0.8565788758517829,0.7721022789361789,0.8315218651205075,True,0.04211219867404803,-0.02505701073127542
03097550,0.777683182208379,0.8849245273052174,0.8122074649361392,0.8830128219773936,True,0.0345242827277602,-0.0019117053278238094
03102500,0.8104625195896594,0.8151782904050336,0.8104928951685688,0.8148870461977158,False,3.0375578909391798e-05,-0.0002912442073178534
03102850,0.8010845813085261,0.8266154283134969,0.8120941741883585,0.8202538709866936,True,0.011009592879832386,-0.006361557326803324
04202000,0.3711580710345592,0.5643838748747718,0.45163390217061594,0.6142734124858585,True,0.08047583113605672,0.04988953761108672
04207200,0.7265529418771259,0.7987573690851507,0.728477243743576,0.7997164084159242,False,0.0019243018664500955,0.000959039330773459
04208000,0.8365162708922825,0.8055651401357276,0.8337922091587102,0.7962521855838617,True,-0.002724061733572314,-0.00931295455186587
04212100,0.7284740838525736,0.8419529590129028,0.7635037870266963,0.862318898149754,False,0.035029703174122684,0.020365939136851252
04213000,0.47948692157080486,0.5260259943106329,0.3851417216277705,0.45204793537217625,False,-0.09434519994303436,-0.07397805893845666
03085500,0.8558572099155148,0.8715592934663486,0.8435871275714777,0.8571147205281191,False,-0.012270082344037148,-0.014444572938229538
03091500,0.5523452711496775,0.622500467821762,0.5593054042019777,0.6136917811478537,True,0.006960133052300255,-0.008808686673908328
03098600,0.821491306150345,0.885045252545998,0.8231730939041106,0.8401286069632447,True,0.0016817877537655956,-0.04491664558275332
03105500,0.8699980891959962,0.9277653868505644,0.8857840205313119,0.9066089959052386,True,0.015785931335315695,-0.021156390945325843
03106000,0.8654646810755071,0.8895516459100454,0.865762813305088,0.8880286611934222,False,0.00029813222958086083,-0.0015229847166232657
03106500,0.791177531615848,0.7861711796111017,0.7959750539299278,0.7894199418857665,True,0.004797522314079816,0.0032487622746647515
03107500,0.8829540153116314,0.8975801644415676,0.8946585778110693,0.9106220557293508,True,0.011704562499437854,0.013041891287783214
03108000,0.8601326868088648,0.8655407392930614,0.8542335190191581,0.8647867486618304,True,-0.005899167789706672,-0.0007539906312310496
03109500,0.7562312204529978,0.7554834529593843,0.7587380470782159,0.7603073662538842,False,0.0025068266252180615,0.004823913294499826
03110000,0.8130395338151296,0.8538847468716799,0.8156417546702075,0.8602960314309382,False,0.002602220855077886,0.006411284559258323
03111500,0.730958262304068,0.8280931716347898,0.7318657009394031,0.8320085660022041,False,0.000907438635335045,0.003915394367414282
03111548,0.6979649385022393,0.7957635935968836,0.6966875422306951,0.7944141326755809,False,-0.0012773962715442178,-0.0013494609213027253
03117000,0.8147984809204609,0.9060642308945147,0.8089152744484934,0.9033329478131208,True,-0.005883206471967495,-0.0027312830813939204
03117500,0.8214669854548193,0.9106541403243968,0.8265065630179823,0.9130749690592285,False,0.005039577563162978,0.002420828734831626
03118500,0.7721128789067111,0.7331197008985115,0.7693614656600216,0.731216406866257,False,-0.0027514132466894825,-0.0019032940322545322
03124500,0.6251305439351993,0.7300950637368825,0.6274419625656005,0.7303924207553518,False,0.0023114186304011852,0.00029735701846933527
03129000,0.7794142033655866,0.8735673633992603,0.7995900726745351,0.8794666849940649,True,0.020175869308948435,0.005899321594804552
04206000,0.7938301922866188,0.7921902522203748,0.7977548458490392,0.7820373180781445,True,0.003924653562420444,-0.010152934142230285
03151400,0.815922239818453,0.8252795179840084,0.8154347271308633,0.8243428166648272,False,-0.00048751268758973065,-0.0009367013191812212
03155000,0.841297391442388,0.7830599525679184,0.8272261866507313,0.78398569061218,True,-0.014071204791656688,0.0009257380442616592
03159540,0.7339986930400699,0.7889924968381739,0.6827995214721043,0.7586511663909405,False,-0.05119917156796561,-0.030341330447233306
03194700,0.825265252422817,0.8470490964161471,0.8410854273669762,0.8560919882163119,False,0.015820174944159215,0.00904289180016482
03176500,0.8772558387704282,0.8585530044166924,0.8552833873049506,0.8397337146993799,True,-0.02197245146547766,-0.018819289717312504
03179000,0.8157938269753932,0.847597647479748,0.8176114793488519,0.8488093944401771,False,0.0018176523734587668,0.0012117469604291387
03184000,0.8588514603832789,0.8400850807700613,0.8533259413815453,0.8320246646320568,False,-0.005525519001733592,-0.008060416138004456
03185400,0.8815676123521959,0.9007452648939903,0.8506878995288633,0.8487335701620685,True,-0.030879712823332683,-0.0520116947319218
03189100,0.8295795023561316,0.8726358766825648,0.8299943270153357,0.8728815376709277,False,0.00041482465920406053,0.0002456609883628724
03190400,0.7637673493420248,0.867545284690747,0.7554609644865902,0.863553044561698,False,-0.008306384855434668,-0.003992240129048974
03192000,0.6712816041016896,0.8090887619080401,0.7281252402002744,0.784194270166965,True,0.05684363609858478,-0.024894491741075164
03193000,0.8829141305879193,0.9130672135353738,0.8622585976083237,0.8450713766556128,True,-0.02065553297959566,-0.06799583687976096
03197000,0.7601335266647545,0.8042317372856425,0.8023396123452791,0.8199418501005438,True,0.04220608568052453,0.01571011281490131
03198000,0.8849885946180857,0.9228533455454696,0.8619892542062851,0.8787142283946905,True,-0.022999340411800517,-0.04413911715077912
03198500,0.8113391858384789,0.8923768325520374,0.8009303434460183,0.8872288670400491,True,-0.010408842392460538,-0.005147965511988262
03200500,0.8330359598793264,0.9073405346132016,0.8209286559616475,0.8965192225005455,True,-0.012107303917678891,-0.010821312112656134
03202400,0.8058592533153668,0.8325185451335044,0.8072857673029051,0.8386057315387934,False,0.001426513987538347,0.006087186405288936
03202750,0.833655018600651,0.7948485165705312,0.8321062218585127,0.8037560156034003,False,-0.0015487967421383697,0.008907499032869026
03203600,0.6696744984921208,0.7999653638515725,0.7398430534554139,0.8627059155857248,True,0.0701685549632931,0.06274055173415238
03207800,0.8326031750507316,0.8995367775184419,0.8238388927143325,0.889927332510724,False,-0.008764282336399032,-0.009609445007717876
03213700,0.8290296352897375,0.8883544849105895,0.8613860301503534,0.9154171896527942,False,0.03235639486061592,0.027062704742204624
02111500,0.6716222025501394,0.6754206583244311,0.667392564026974,0.6733768241168558,False,-0.00422963852316538,-0.002043834207575257
02112000,0.5537340011158038,0.7102803795249398,0.6843347973223444,0.6932561306050524,True,0.13060079620654053,-0.017024248919887408
02112120,0.7199975244269787,0.7806879587609717,0.7313574383775527,0.7833832295250213,False,0.011359913950574008,0.0026952707640495177
02140991,0.779097539356078,0.8619330896469019,0.7711961481418818,0.8622904714984401,False,-0.007901391214196196,0.0003573818515382188
03161000,0.7657276994641518,0.802387060740346,0.8156326056246437,0.829131890942045,False,0.049904906160491924,0.026744830201698933
03164000,0.8158885511117907,0.7822165858966813,0.8098250579325966,0.7805706585887422,False,-0.006063493179194079,-0.0016459273079391101
03208500,0.8102922929808231,0.8250493730070111,0.8091059269579663,0.8222223818681437,False,-0.0011863660228567108,-0.0028269911388674185
03208950,0.7631296715493138,0.7786590802418805,0.7601864624687992,0.7798876218912408,False,-0.002943209080514597,0.0012285416493603707
03209000,0.46958899960416667,0.6461372602925848,0.5325970884703446,0.6409416012609097,True,0.06300808886617792,-0.005195659031675071
03465500,0.835878068049785,0.8256130389481454,0.7868736551644251,0.7733373764443794,False,-0.04900441288535995,-0.05227566250376603
03473000,0.7932563098137015,0.8549327069338395,0.7948116221862969,0.8555508367458401,False,0.0015553123725953188,0.0006181298120006007
03475000,0.7416014116138496,0.7934471755002158,0.7410136716964644,0.7987832583612741,False,-0.0005877399173852549,0.0053360828610582445
03479000,0.7240966610756837,0.7145981670021888,0.7006776191536894,0.7092581679352175,False,-0.023419041921994288,-0.005339999066971357
03488000,0.841799278488921,0.858762193254512,0.8447441924071277,0.8620924594774387,False,0.0029449139182067263,0.0033302662229267588
03524000,0.8779850429378889,0.9286944388700402,0.8756173760636458,0.9276799741423551,False,-0.0023676668742431684,-0.0010144647276850716
02137727,0.7474767660594006,0.7354629690944012,0.7159230065723833,0.7246849244075504,False,-0.03155375948701733,-0.01077804468685084
02143000,0.7310953444408277,0.6885961989863002,0.7283069864415301,0.6906781067371113,False,-0.0027883579992975527,0.002081907750811074
02149000,0.7160866013082625,0.7448955432594885,0.707086111412965,0.7423909077637423,False,-0.009000489895297559,-0.002504635495746199
02151500,0.7986333325238936,0.7797885252876597,0.8024873688238169,0.7776743892801369,True,0.0038540362999233135,-0.00211413600752286
02152100,0.6691657040671577,0.7136886276026226,0.6787924553617399,0.7150615195992669,False,0.009626751294582236,0.0013728919966442543
02154500,0.8461403181261958,0.8377396877985469,0.8465149090746511,0.8375431384942128,False,0.00037459094845526675,-0.00019654930433410378
02154790,0.7695137196619897,0.708404306453406,0.7672859938393921,0.7297304828438853,True,-0.0022277258225975594,0.02132617639047929
02156500,0.8570484746528139,0.8011930863537808,0.860317365242347,0.8002985065701865,True,0.003268890589533169,-0.000894579783594307
02160105,0.8445394591241645,0.7914905268013321,0.8553019692182833,0.7938376364232838,True,0.010762510094118771,0.002347109621951615
02160700,0.767682096369114,0.7459047214625246,0.8238487044693348,0.7566489974897843,False,0.05616660810022078,0.010744276027259692
03439000,0.7696749542514965,0.8392934630990643,0.7597906754439242,0.8367079694109277,False,-0.009884278807572255,-0.002585493688136542
03443000,0.8005853794968338,0.8702912142696635,0.7782659680101073,0.8599378421012971,False,-0.02231941148672656,-0.010353372168366404
03446000,0.8008222700148278,0.8276766317177883,0.7948978579358735,0.8252362438517669,False,-0.005924412078954222,-0.0024403878660214096
03451000,0.8217212367991267,0.7692084060050917,0.7724361763644467,0.7654283134788862,True,-0.04928506043467995,-0.0037800925262054808
03451500,0.8939932344494832,0.9137771869110225,0.8972005264127502,0.9012442815097444,True,0.003207291963266967,-0.01253290540127805
03453500,0.8899167302611588,0.9058579326404154,0.9003436852264701,0.9163795608777053,True,0.01042695496531132,0.01052162823728997
02163500,0.7927505131131772,0.7644380891771987,0.810709024914142,0.7669693153554051,True,0.01795851180096475,0.002531226178206447
02167000,0.7355747397582479,0.6915577429784967,0.7366027483668256,0.682819702436539,True,0.0010280086085776574,-0.008738040541957703
02192000,0.8771969699777005,0.8111300213057121,0.880627149899204,0.8155040299932235,False,0.003430179921503518,0.004374008687511366
02193500,0.6814197705774452,0.6164813383955038,0.698844048015687,0.6596565561338591,False,0.01742427743824182,0.04317521773835531
02196000,0.6681690687371851,0.48546194702871615,0.7306084325549022,0.4771411536755209,False,0.062439363817717086,-0.008320793353195244
02197000,0.198143719697067,0.5837832439465874,0.505424965935823,0.6830275225964442,True,0.30728124623875597,0.09924427864985674
02198000,0.5550860776708535,0.6702861893471936,0.491926724015488,0.6493251941164218,False,-0.06315935365536551,-0.020960995230771884
02201000,0.8078482825240894,0.8203014603169209,0.8112104358103821,0.8266370743648306,False,0.003362153286292746,0.006335614047909721
02203000,0.6987420007731607,0.6257007938394392,0.6923034028707915,0.6271986902400578,False,-0.006438597902369225,0.0014978964006185924
02215500,0.5568189849491583,0.7592242510158395,0.5502322801565169,0.7522571111702796,True,-0.00658670479264134,-0.0069671398455598554
02223500,0.5573281327837745,0.6904883178377248,0.7598836592510314,0.7341076680254958,True,0.20255552646725694,0.04361935018777097
02225500,0.7337733356246298,0.6832056951529251,0.7182611056369915,0.6813719315093225,False,-0.015512229987638237,-0.0018337636436025484
02226000,0.6150996839541416,0.7671861347147302,0.6474327279346661,0.7738167984569982,True,0.0323330439805245,0.006630663742268061
02227500,0.6501793079144162,0.5946963032916879,0.6322030706368627,0.5848042792720325,False,-0.017976237277553597,-0.009892024019655388
02319000,0.5166439194194679,0.6696159878471923,0.4597373860949664,0.6476208273590138,False,-0.05690653332450146,-0.02199516048817851
02315500,0.8342917636278397,0.7495437174427885,0.8357682026956779,0.7500981116439179,True,0.00147643906783812,0.00055439420112946
02321500,-0.31113366529640585,-0.024135392926076138,-0.35828624172824,-0.033569521855809636,False,-0.047152576431834126,-0.009434128929733498
02323500,0.4856204897127424,0.6292984968905585,0.3568300256105519,0.5814678670182345,True,-0.12879046410219053,-0.047830629872324004
04215000,0.7822028431961956,0.7840058160174102,0.7808955440169584,0.7823761150846559,False,-0.0013072991792372202,-0.0016297009327542744
04215500,0.7322789968815,0.6768336816763755,0.7325867562579229,0.6806917449065721,False,0.0003077593764229114,0.003858063230196662
04216418,0.34961817360404635,0.25298715271599204,0.3506952993246244,0.2543558649313823,False,0.0010771257205780538,0.0013687122153902553
04218000,0.7604847942992063,0.8372893415869596,0.7484459818032643,0.8337913414914027,False,-0.012038812495942075,-0.003498000095556897
04218518,0.7741033304922105,0.748399279075294,0.7697658080101054,0.7433797604131052,False,-0.004337522482105061,-0.00501951866218886
04221000,0.8384224232146789,0.8847551585929069,0.8383702664538885,0.8842681228593038,False,-5.215676079040055e-05,-0.0004870357336030917
04223000,0.8220014957976864,0.7622539716020413,0.8231809142289213,0.7613053394113161,True,0.0011794184312348133,-0.0009486321907252737
04224775,0.7189576551521646,0.7612841595504907,0.7221201682277605,0.763581610281676,False,0.0031625130755958963,0.0022974507311853687
04227000,0.7955977908319617,0.8082935131778954,0.7982200272588564,0.8101306728311116,False,0.002622236426894742,0.0018371596532161805
04227500,0.19676209808283152,0.6267629581996291,0.18523505658269634,0.6221854255856688,True,-0.011527041500135171,-0.004577532613960322
04228500,0.44326720621006366,0.7293872759986948,0.42781904543426963,0.7219422483344189,True,-0.015448160775794029,-0.007445027664275905
04230380,0.7727298495267838,0.848777887460229,0.7719762934585626,0.8494182540975064,False,-0.0007535560682212505,0.0006403666372774008
04230500,0.7745068222375235,0.7290817050425655,0.7738763677853272,0.7297889218824711,False,-0.0006304544521963384,0.0007072168399056
04231000,0.698234500551884,0.8364429076170989,0.6999680407109629,0.8367982134027118,False,0.0017335401590788946,0.000355305785612825
04231600,0.6378122752735581,0.7957890776596392,0.6332119822939681,0.792315629815331,True,-0.0046002929795899705,-0.003473447844308253
01541000,0.7800336223829295,0.7915707071626517,0.7788002614800023,0.7902972858544143,False,-0.0012333609029272496,-0.0012734213082373769
01541200,0.6923594498179497,0.8141557512709777,0.7450717262127906,0.809352252161476,True,0.052712276394840885,-0.00480349910950173
01541303,0.7896870496581737,0.8679888419776394,0.8076482960436109,0.8494775754127323,True,0.01796124638543717,-0.018511266564907092
01541500,0.841279809508289,0.9112495005012181,0.8491493553098418,0.9025577109547391,True,0.007869545801552857,-0.008691789546478979
01543500,0.8598565925614678,0.8890955840900497,0.8644543615351806,0.8932748828766264,False,0.004597768973712779,0.004179298786576635
01544000,0.6543578461058734,0.8187659173464144,0.6473299816567792,0.815887206738647,False,-0.007027864449094201,-0.002878710607767343
03007800,0.8096612193311027,0.870077605673689,0.8105489965475118,0.869058318037697,False,0.0008877772164090914,-0.0010192876359920167
03010500,0.828786333045833,0.91078537345836,0.8274076392116483,0.9100814009189122,False,-0.0013786938341847632,-0.0007039725394477614
03010655,0.8385510805854335,0.8879861562265128,0.8364527385438445,0.886852314585941,False,-0.0020983420415889853,-0.001133841640571731
03011020,0.8963426790893637,0.8777759182660703,0.8943296447871578,0.8757725369927604,True,-0.002013034302205896,-0.002003381273309901
03014500,0.7067956181257385,0.7835499992931632,0.7090397034818776,0.7842130818890162,True,0.0022440853561390695,0.0006630825958530151
03015000,0.6776174900545584,0.8403322300740531,0.6715280231218453,0.8374443261594622,True,-0.006089466932713061,-0.002887903914590928
03015500,0.8390307328340457,0.8827729688710644,0.840458644781612,0.8798657367742979,False,0.0014279119475663071,-0.0029072320967664655
03020500,0.8559158943111422,0.8823236594403591,0.8547643630776338,0.8799692329598682,False,-0.0011515312335084182,-0.00235442648049089
03025500,0.7890977610019888,0.8874214794235664,0.8644114415976327,0.8999651896234703,True,0.07531368059564392,0.012543710199903857
03028000,0.7875539077462604,0.8124107815473515,0.7876800232388677,0.8128209929272495,False,0.000126115492607215,0.0004102113798980511
03029500,0.8849524669732781,0.9052499556648361,0.8849683822652333,0.8943988053394848,True,1.591529195521524e-05,-0.010851150325351333
03030500,0.8697575924224814,0.919870713604644,0.8707081481157708,0.9137887523713877,True,0.0009505556932893899,-0.006081961233256328
03031500,0.848002657282019,0.9205044351439735,0.8916932376808835,0.9135800747958951,True,0.04369058039886453,-0.006924360348078418
03032500,0.8473404341640401,0.8390507290333235,0.8413917785249231,0.829998622880942,False,-0.005948655639117062,-0.0090521061523815
03034000,0.6611809963488878,0.6960492149322481,0.6211333926132815,0.6684863090928947,False,-0.04004760373560634,-0.02756290583935339
01557500,0.8083550397641587,0.8159086397651739,0.8086558009454552,0.8154770973575763,False,0.0003007611812965161,-0.0004315424075975738
01560000,0.8306510451060248,0.7208459873641921,0.8304493549094976,0.7198845683817481,False,-0.00020169019652727105,-0.0009614189824440622
01601500,0.8503913938377179,0.8594599503592446,0.8499470452351627,0.857902301261972,False,-0.00044434860255515574,-0.0015576490972726287
01603000,0.8488292160644396,0.923295496483083,0.8413629233054727,0.9031372683499053,True,-0.00746629275896693,-0.02015822813317769
03036500,0.8615389331682509,0.9215222864491472,0.8946154083299618,0.9323794234412819,True,0.03307647516171086,0.010857136992134642
03038000,0.7881030974463126,0.8445102952286972,0.747366281907059,0.8230708452375209,True,-0.04073681553925357,-0.021439449991176307
03041500,0.8897708731005294,0.8886080643629191,0.8841642199047125,0.8793707126123562,True,-0.00560665319581688,-0.009237351750562839
03042000,0.8294711094993313,0.7979337893400948,0.8291413584260456,0.7977606920668001,False,-0.0003297510732857001,-0.00017309727329473112
03042280,0.8038996834616301,0.8248442424267062,0.8035493857338043,0.8235098990245442,True,-0.00035029772782579904,-0.001334343402161986
03042500,0.8139155405264983,0.8389603784299597,0.8070640992568943,0.835204240277156,True,-0.0068514412696040194,-0.003756138152803734
03045000,0.8118318640782047,0.861264303177997,0.8118155935930018,0.8609962770421147,False,-1.6270485202918294e-05,-0.0002680261358822822
03048500,0.35871083466369713,0.6438303039412556,0.374215431587716,0.6497675727428776,True,0.015504596924018843,0.005937268801621931
03049000,0.7252590921223232,0.7801718873830089,0.7291039671398131,0.7825267939749796,False,0.0038448750174898683,0.0023549065919706846
03049500,0.8370740801994244,0.894521579281237,0.8801579097118878,0.9384631367082082,True,0.04308382951246337,0.043941557426971256
03072000,0.7519514824079351,0.8387109356064826,0.7542640972620153,0.8430593230552573,False,0.002312614854080186,0.004348387448774749
03072655,0.8373016755938063,0.8833836272515477,0.8669644342065067,0.932422348015221,True,0.0296627586127004,0.049038720763673216
03074500,0.7877512493359382,0.8450227586492093,0.782982958103627,0.8436558771838238,False,-0.004768291232311261,-0.0013668814653854389
03075070,0.858910786658126,0.9192281584478768,0.83690390202391,0.889249453136667,True,-0.022006884634216073,-0.02997870531120972
03076500,0.8352607393589041,0.8189464708726835,0.8408737291629979,0.8198634049864344,True,0.005612989804093749,0.0009169341137509335
03076600,0.6955024191540917,0.722093353779651,0.6953725337519779,0.7226097728106129,False,-0.00012988540211378297,0.0005164190309618899
03078000,0.8181416795085448,0.8681424060040875,0.8155069845223667,0.8673799117402394,False,-0.0026346949861780766,-0.0007624942638481125
03079000,0.8360377338371486,0.796702588945068,0.8349197799318538,0.793451808188719,False,-0.0011179539052947884,-0.003250780756348992
03080000,0.8395953329795238,0.8123723320676278,0.8396174252508574,0.8119648859657699,False,2.2092271333540303e-05,-0.0004074461018579445
03081000,0.7574537709369951,0.8351163514610707,0.8255407528938491,0.8866286848731642,True,0.06808698195685403,0.05151233341209349
03082500,0.8452467020371046,0.8961961820770089,0.8649422096935793,0.9042747407904012,True,0.019695507656474653,0.008078558713392248
03083500,0.8639201891195729,0.908563022373711,0.856667812403899,0.8779173843562662,True,-0.007252376715673914,-0.0306456380174448
01595000,0.7476050382596737,0.8400845901423327,0.7476120795559975,0.8403713952381658,False,7.041296323784252e-06,0.0002868050958331203
01597500,0.45173385928081966,0.7274407881622442,0.5290945522815578,0.7598908997125093,True,0.07736069300073811,0.032450111550265115
01598500,0.4950374692720211,0.7546740322504573,0.6759774620324736,0.8199859125611557,True,0.18093999276045247,0.06531188031069846
01604500,0.8047374446092199,0.7138784953287746,0.7682076263035943,0.7194979483953223,False,-0.03652981830562563,0.005619453066547764
01605500,0.6898898536688913,0.7174147421306103,0.6801560656525981,0.7134521978591954,False,-0.00973378801629321,-0.003962544271414847
01607500,0.6889932811137138,0.7780106180416217,0.6877455736763036,0.7822702348286696,False,-0.001247707437410206,0.004259616787047893
01608000,0.7838984472935164,0.8024185306980487,0.7830823314575353,0.799562023964433,False,-0.0008161158359811793,-0.0028565067336157046
01608500,0.6914251912632621,0.7658569295448973,0.6316707367432806,0.7316117940868596,False,-0.059754454519981515,-0.034245135458037645
01622000,0.6827445073033895,0.7017704333863468,0.6829959004162416,0.6999431546726944,False,0.0002513931128520497,-0.0018272787136524027
01625000,0.7345604324705395,0.7496275260984628,0.7302599872342732,0.7466578323196862,False,-0.00430044523626627,-0.0029696937787766498
01627500,0.6211198923064476,0.5623570189460187,0.6211049256087426,0.5615610284864959,False,-1.4966697704954512e-05,-0.0007959904595228329
01632000,0.6360021145356997,0.6296612188000063,0.6370358907995279,0.6306160045099805,False,0.0010337762638282788,0.0009547857099742041
03050000,0.8490062765810233,0.8247089494173749,0.8488417359323057,0.8245964919776173,False,-0.00016454064871762597,-0.00011245743975762945
03051000,0.8877616116088937,0.8782879631621564,0.8638665033841356,0.8624219329996707,False,-0.023895108224758044,-0.015866030162485667
03052000,0.8571538732880751,0.9147260358547846,0.8571871102246861,0.9114265811469793,False,3.323693661094751e-05,-0.0032994547078053493
03053500,0.8838784845469113,0.908722412917087,0.8818105900756609,0.8882672183360821,False,-0.002067894471250442,-0.020455194581004865
03054500,0.895114296074259,0.8586418903297326,0.8806901013559564,0.8349099712107432,False,-0.014424194718302585,-0.02373191911898942
03056250,0.8095182664558934,0.85750144295184,0.801011027051188,0.8505056077273888,True,-0.008507239404705436,-0.006995835224451241
03061000,0.8136227457392264,0.8451677985236907,0.8010434950529763,0.8432391528637313,True,-0.012579250686250099,-0.001928645659959427
03061500,0.6680778302909594,0.7656360267553002,0.6709525205849489,0.7753006944187517,False,0.002874690293989568,0.009664667663451532
03066000,0.7849711055387689,0.8649118842674962,0.7813479361570237,0.8649507277710431,False,-0.003623169381745228,3.8843503546881486e-05
03069500,0.8796371827632705,0.9055839278714395,0.8838403502626586,0.920368298970393,False,0.004203167499388094,0.014784371098953475
03070500,0.825507878490431,0.8354359725485847,0.8261031894915389,0.8374201968139254,False,0.0005953110011079898,0.0019842242653407283
03075500,0.8317899400353423,0.8184547682742837,0.8321429217804243,0.8189363076192001,False,0.00035298174508191504,0.00048153934491645956
03180500,0.8106391338699698,0.8105611933961507,0.8159519813316515,0.8137828355300818,False,0.005312847461681702,0.0032216421339310575
01626000,0.6296538280673494,0.6527948578168141,0.6329537954527149,0.6548938427826687,False,0.003299967385365532,0.002098984965854589
02011400,0.756548371224822,0.7590734825696116,0.7632219158273451,0.76022133927572,False,0.006673544602523118,0.0011478567061083966
02011460,0.7960472155877744,0.6882839094710214,0.7851184788463276,0.6713716987381614,True,-0.010928736741446787,-0.016912210732859978
02011470,0.8149923471130651,0.7708537638308097,0.8069549586753446,0.7718939919007403,True,-0.008037388437720505,0.0010402280699305377
02011500,0.8087192810559447,0.742604596028762,0.8051501275247142,0.7468588084406913,True,-0.003569153531230551,0.004254212411929248
02011800,0.19510132790845358,0.5693014064748909,0.5753065630930887,0.6615709197413264,True,0.3802052351846351,0.09226951326643551
02013000,0.8294497940772534,0.813201319860684,0.8308075689157045,0.8147568105447986,False,0.0013577748384511201,0.0015554906841146465
02013100,0.6797498810493108,0.8411606548829309,0.7777008963778391,0.8392374883825771,True,0.09795101532852835,-0.0019231665003538456
02014000,0.7854474222780855,0.7058030141612813,0.7795106141962987,0.704706754602161,False,-0.00593680808178676,-0.001096259559120294
02015700,0.7225262891730135,0.7923431983575464,0.7184724337585617,0.7895848097783891,False,-0.004053855414451801,-0.0027583885791573337
02016000,0.7798323572034421,0.7854260144711864,0.7895663006651151,0.788629328910753,False,0.009733943461673,0.0032033144395665625
02016500,0.8480937020549469,0.9189192776290744,0.8568038327188205,0.8819711939868191,True,0.008710130663873605,-0.036948083642255325
02017500,0.8353769969084269,0.7751659319506395,0.8343923388017105,0.7752882153489258,False,-0.0009846581067164406,0.00012228339828623813
02018000,0.8092361396656865,0.7838805384813747,0.7512060751451447,0.7643808118826626,False,-0.058030064520541824,-0.01949972659871213
02019500,0.867885626824944,0.8481399375744232,0.8453700456252642,0.798643064115515,True,-0.02251558119967978,-0.049496873458908186
02021500,0.8428903111916393,0.881499339109461,0.8445047688957223,0.883911670022672,False,0.0016144577040830832,0.002412330913211025
02024000,0.8576958859492214,0.8831347951737261,0.8522236079647082,0.881317234239526,False,-0.0054722779845132186,-0.0018175609342000465
02025500,0.869554242492172,0.8590342029474605,0.8685527002572275,0.8477244437258327,True,-0.0010015422349444192,-0.011309759221627802
02027000,0.6282338339329808,0.6224194569092465,0.6263405186190683,0.6159004377068831,False,-0.0018933153139125691,-0.006519019202363419
02053800,0.7300665363861301,0.6888460188179161,0.7330909526698359,0.6881281241542767,False,0.0030244162837058663,-0.0007178946636393624
02054500,0.7731856981551013,0.6554798411509087,0.744175683719451,0.6381422774242982,False,-0.029010014435650322,-0.01733756372661055
02056000,0.7771843384577745,0.6100330214143934,0.7624886390300275,0.5987312782731158,True,-0.014695699427746955,-0.011301743141277631
02056900,0.77555805238245,0.7527649428842622,0.7688402099111207,0.7501570943117819,False,-0.006717842471329338,-0.002607848572480309
02058400,0.7645847824177509,0.6786452908806389,0.765079974681237,0.6749783109382345,False,0.000495192263486155,-0.0036669799424043914
02059500,0.6482362436159419,0.49509444089735155,0.6435472873133125,0.4917041875833883,False,-0.004688956302629443,-0.003390253313963254
02060500,0.7856519759349405,0.8579096527879356,0.7534438794782252,0.7703292178780967,True,-0.032208096456715296,-0.08758043490983891
02061500,0.6704327788271818,0.5410600029672674,0.6720517941705104,0.5413240843885618,False,0.0016190153433286447,0.00026408142129441536
03170000,0.7827105365077139,0.7531294133222418,0.7704258148629158,0.7485678296923965,False,-0.012284721644798102,-0.004561583629845267
03171000,0.8267645884876388,0.8222481974869642,0.7727076654027314,0.799465620750318,True,-0.05405692308490739,-0.022782576736646187
03173000,0.8199873066732836,0.7959764350586529,0.8179555927146351,0.796606674294579,False,-0.002031713958648429,0.0006302392359260889
03183500,0.870294414254217,0.8775820765371842,0.8695449792244017,0.8738871639278867,False,-0.0007494350298153929,-0.0036949126092975515
03186500,0.8004323813609268,0.8177135995428091,0.795042929970594,0.8132128524353732,False,-0.005389451390332756,-0.004500747107435865
03187500,0.7905840659451715,0.839948363735344,0.7818746462629873,0.8356707699045571,False,-0.008709419682184194,-0.004277593830786852
02069700,0.672472375897179,0.6356489375854895,0.6783302814426557,0.6383691794894979,False,0.005857905545476716,0.002720241904008436
02070000,0.6583606137224784,0.7134189076415676,0.6650026259232893,0.7174283841485047,False,0.006642012200810843,0.004009476506937171
02071000,0.7859522262844163,0.8487986582202676,0.7861697090107732,0.8382719518524703,True,0.00021748272635691013,-0.01052670636779729
02072000,-0.0008341639215088126,0.4388570594083999,0.36484352115270435,0.539889003629571,True,0.36567768507421317,0.10103194422117112
02072500,0.15037870554193544,0.5523722941472315,0.44221976281707887,0.6090603340611318,True,0.2918410572751434,0.05668803991390026
02073000,0.4990540087278187,0.6977379934903225,0.5890036599868778,0.6950193901076649,True,0.08994965125905907,-0.002718603382657614
02074000,0.6839615938792862,0.8076615828433854,0.7177590628498556,0.7854396872477394,True,0.033797468970569344,-0.022221895595646024
02074500,0.7032297794566376,0.6144889217678043,0.697785293445174,0.6107322144013929,False,-0.005444486011463523,-0.003756707366411427
02094500,0.6933876920344917,0.5711659145656269,0.693288911297376,0.5331368086632673,True,-9.878073711566682e-05,-0.03802910590235964
02096500,0.7636517063000938,0.7419253093987563,0.7740527071618275,0.7548194300669592,True,0.010401000861733678,0.012894120668202835
02100500,0.7849075582548102,0.8091998660083746,0.7942158332675893,0.8114115565833775,True,0.009308275012779088,0.0022116905750029225
02112250,0.7521174916826274,0.809988465593791,0.7657243848986899,0.7522437851009324,True,0.013606893216062454,-0.057744680492858635
02112360,0.7140218305801748,0.8016160043473032,0.7140056842816138,0.7997907501225003,False,-1.6146298560948402e-05,-0.0018252542248028414
02113850,0.7871578655971101,0.7923742105216386,0.7963358295374999,0.7946169372134045,False,0.009177963940389833,0.0022427266917659505
02114450,0.6045265255155847,0.5961132827187894,0.6094559256767593,0.5967278906378236,False,0.004929400161174602,0.0006146079190342268
02115360,0.8192322110810224,0.7957774831679728,0.8117378314550967,0.7618251787710263,True,-0.007494379625925696,-0.03395230439694652
02118000,0.7683487151615345,0.675326439646651,0.7661757628335619,0.6757173421239169,False,-0.002172952327972544,0.00039090247726591976
02118500,0.6525536729950441,0.5723461471132216,0.5837530918029706,0.5436051649589979,False,-0.06880058119207344,-0.028740982154223715
02120780,0.5874331057885955,0.7613324265048808,0.6095149280717522,0.7831154442616085,False,0.022081822283156693,0.02178301775672775
02121500,0.7353981789758751,0.7575193163820346,0.7273753163815609,0.7503117761215425,True,-0.008022862594314173,-0.007207540260492085
03168000,0.8383355406822978,0.7771610476681639,0.8370751774030233,0.77624539257737,False,-0.001260363279274479,-0.0009156550907938321
02125000,0.6427550862054691,0.5748827795534348,0.6364233074381656,0.5718079955893083,False,-0.006331778767303509,-0.003074783964126526
02128000,0.5670164343018347,0.5864111508745653,0.5699692202011325,0.5868552853901576,False,0.002952785899297816,0.0004441345155923315
02129000,0.8284320793761744,0.8344377997729877,0.7901094875480006,0.771646320175934,True,-0.03832259182817377,-0.06279147959705367
02130900,0.7667068920669499,0.7634445910757933,0.7684016949113974,0.766624309454637,True,0.0016948028444475627,0.0031797183788436767
02130910,0.7075385017988409,0.6931840713849019,0.7068287002747768,0.6922779284965266,True,-0.0007098015240640798,-0.0009061428883753164
02146507,0.5719681895804234,0.3716126571588473,0.5676311439904853,0.3629350209022162,False,-0.004337045589938082,-0.008677636256631094
02146600,0.624878701225758,0.6194971049023725,0.6175502542377395,0.6130981780986219,False,-0.007328446988018489,-0.006398926803750649
02146750,0.6518967455751348,0.563864487125435,0.6415632507349455,0.5543372431180777,False,-0.010333494840189306,-0.009527244007357272
02147500,0.6891030080297025,0.6552612486333138,0.6853081717809208,0.6633750724517053,False,-0.00379483624878163,0.008113823818391541
02136000,0.6781547908833836,0.4783774921532943,0.6752641007338714,0.47854780756223136,False,-0.002890690149512154,0.00017031540893708286
02161000,0.853527492787258,0.8041634147633245,0.8563610125431678,0.8031290514718519,True,0.0028335197559097303,-0.001034363291472662
02168504,0.4152027466502639,0.5620742814726734,0.4579703398876158,0.5435798721791658,True,0.04276759323735191,-0.01849440929350754
02169000,0.4662015365002916,0.6028098752502722,0.5039524824595939,0.5805616991145092,True,0.037750945959302284,-0.02224817613576302
02169500,0.8459931577911501,0.7766058606016569,0.844240101559545,0.7676214787647382,True,-0.0017530562316051546,-0.008984381836918742
02169570,0.7287063345331994,0.7164122918085868,0.7289226528969572,0.713179449611536,False,0.00021631836375779478,-0.003232842197050778
02173000,0.4200543483485466,0.6298050025778499,0.389685505597147,0.6205845594038747,False,-0.030368842751399616,-0.00922044317397519
02173500,0.5375031365062553,0.7151185948893091,0.5170885148968283,0.7097618539921633,False,-0.020414621609426975,-0.005356740897145773
02175000,0.7708938089209479,0.6761896716002611,0.7609576905695743,0.6751198220855836,False,-0.009936118351373646,-0.001069849514677479
02175500,0.12206626804247689,0.31480613015622116,0.10458687470088146,0.31331323855254656,False,-0.01747939334159543,-0.0014928916036746065
02176500,0.6384215342513928,0.3120811542492016,0.6301984524904765,0.31019642276713644,False,-0.008223081760916351,-0.0018847314820651384
02202500,0.6287239921435,0.7196763662742476,0.5891051069664892,0.7075952710439627,False,-0.03961888517701084,-0.012081095230284888
02228000,0.6771552522958495,0.7151709930666601,0.6155533579566614,0.6929977607030796,False,-0.06160189433918806,-0.022173232363580486
02245500,0.6804898941031354,0.8163692439129293,0.6952870291664425,0.8246624772921427,False,0.014797135063307043,0.008293233379213394
02246000,0.8688371524231127,0.909577176066328,0.8692020425522241,0.910928344432359,False,0.00036489012911145036,0.001351168366030997
02231600,0.41633789234711127,0.6949855253784434,0.4110387156080628,0.692925448827789,False,-0.00529917673904845,-0.0020600765506544327
02233200,0.45042932313959394,0.6611561160374616,0.4484248695290025,0.6620387387382058,False,-0.002004453610591428,0.00088262270074424
02233500,0.8141232897341529,0.8618522498418575,0.808365665856664,0.8602267705899814,False,-0.005757623877488904,-0.0016254792518760608
02234990,-3.192563003880709,-1.7035006590309125,-3.1925388794502156,-1.7033928842364987,False,2.4124430493266402e-05,0.00010777479441381743
02235000,-0.06139463465675199,0.443876134383847,-0.06741419243987479,0.4419347505894957,False,-0.0060195577831227975,-0.0019413837943512702
02262900,0.7491164060339461,0.6791797559738078,0.7489524046484674,0.6789507887671737,False,-0.00016400138547878473,-0.00022896720663401204
02263800,0.7797769272564904,0.8067841001009947,0.777186535620293,0.8073872695389919,False,-0.0025903916361973423,0.0006031694379972086
02266300,0.7135163424054318,0.7635354737930518,0.7119291098918368,0.7634324399652916,False,-0.0015872325135950494,-0.00010303382776011283
02267000,-0.2113825428299454,0.39478791487555764,-0.2253882285560116,0.3900046901859726,False,-0.014005685726066197,-0.0047832246895850306
02294491,0.4526939253501885,0.6232471419131418,0.49689700427213324,0.6344260082359887,True,0.04420307892194475,0.011178866322846925
02294650,0.5656812232130353,0.7371400012033951,0.6128336296263434,0.7506912832165397,True,0.04715240641330809,0.013551282013144594
02294898,0.5601245273310227,0.7711184037042975,0.5912807578521858,0.7819473125549449,True,0.03115623052116312,0.010828908850647356
02301300,0.5452631229045607,0.673405780720107,0.5460029920659266,0.6728229831213673,True,0.0007398691613659247,-0.0005827975987396927
02301500,0.7186143661940652,0.7819988259561086,0.7198149868544128,0.7826420688151589,True,0.001200620660347651,0.0006432428590502637
02301990,0.4065831442038774,0.08141885646726654,0.4056684103165602,0.08110410657287337,False,-0.0009147338873172206,-0.0003147498943931737
02302500,0.5818684270475477,0.39011950607267876,0.5797801532527531,0.38887938637982566,False,-0.002088273794794593,-0.0012401196928530922
02303330,0.7819521449038147,0.8856909090886673,0.7793718317915098,0.8844342298391958,False,-0.0025803131123048884,-0.0012566792494714818
02303800,0.8195180373177486,0.8828259823203357,0.8181211886605138,0.8817678524610978,False,-0.0013968486572348837,-0.0010581298592379218
02312720,0.5819108553273523,0.5501772828707602,0.5810839443347631,0.5503590719396918,False,-0.000826910992589247,0.00018178906893162594
02270500,0.7493214697216507,0.8530437474715847,0.7483580158529197,0.852884943418704,False,-0.000963453868730979,-0.0001588040528807122
02295637,0.67217987508457,0.7693932538621319,0.7025016464740896,0.7843238720064524,True,0.030321771389519636,0.014930618144320507
02296750,0.603456835310921,0.7617966376841487,0.6059990128201138,0.7635447037942824,True,0.0025421775091928334,0.0017480661101336725
02297100,0.5891118351745029,0.7572601448714971,0.5862323208780893,0.7566825384692508,False,-0.0028795142964136433,-0.0005776064022462446
02298608,0.7465339929099729,0.8048463205759355,0.7463026498345615,0.8066981541909775,False,-0.00023134307541139432,0.0018518336150419312
02298830,0.4859758632867811,0.7190222346277977,0.4825776624012864,0.7153038045294478,False,-0.0033982008854946955,-0.003718430098349934
02299950,0.7121159317979296,0.6554725195548867,0.710143177530322,0.6552373684715993,False,-0.0019727542676076792,-0.00023515108328742151
02300500,0.731650934447563,0.7241863316211461,0.7286466670110747,0.7205394854629893,True,-0.003004267436488295,-0.0036468461581568024
04263000,0.7904982140972294,0.8844065070889886,0.7976544490238281,0.887039573953336,True,0.00715623492659867,0.0026330668643473887
04262500,0.6861630919932225,0.7643484780250575,0.6872374630919876,0.7638096453471062,False,0.0010743710987651811,-0.0005388326779512953
01509000,0.8201425584275766,0.8857584756096992,0.8211213396895082,0.8857857748556117,False,0.0009787812619316272,2.729924591249322e-05
01510000,0.8255364602424465,0.8282230773039437,0.829227598543878,0.8297667489707335,False,0.003691138301431418,0.0015436716667898143
01523500,0.5016560561495442,0.7056587618182406,0.5046866557210072,0.706975453755082,False,0.0030305995714630107,0.0013166919368413632
01524500,0.7062643261922488,0.8295897988435441,0.7137349223239324,0.832749633088901,True,0.00747059613168366,0.0031598342453569295
01526500,0.7557495418902467,0.7981954627165551,0.8088820793977493,0.8318311293523447,True,0.053132537507502575,0.03363566663578965
01531000,0.8682146136550196,0.8908322802967659,0.8727684074351157,0.8913908113648092,True,0.004553793780096127,0.0005585310680433775
04229500,0.74039085465305,0.6506592149979402,0.7401144116176486,0.6507127869615181,True,-0.0002764430354014191,5.357196357791416e-05
04232482,0.5113020742363796,0.5941483291008541,0.513208733574047,0.5956521485763064,True,0.0019066593376673158,0.001503819475452306
04233000,0.7419005731961504,0.7240274764253074,0.7393368301162017,0.722744628946981,False,-0.002563743079948777,-0.0012828474783264099
04234000,0.8595812917348769,0.907950139265957,0.8604962951937647,0.9084457151992412,False,0.000915003458887842,0.000495575933284198
04239000,0.6788546138335181,0.686790368828151,0.69808769232542,0.7153335247645108,True,0.019233078491901923,0.02854315593635981
04240010,0.7813916518730873,0.8579264075742704,0.7818862132220449,0.8779529827087633,True,0.000494561348957534,0.020026575134492908
04240180,0.6141638606828816,0.7326863993572243,0.6185032882406554,0.7339240116282513,True,0.004339427557773723,0.0012376122710269222
04240300,0.7360443511699426,0.8381694551037185,0.7381670564302657,0.839082048830807,True,0.002122705260323099,0.0009125937270884066
01516350,0.6725352498188113,0.6497778358446287,0.6722175992706632,0.6511812617224715,False,-0.00031765054814814064,0.0014034258778428121
01518000,0.558433514375198,0.7266088523747021,0.6436749871876462,0.7311547966753132,True,0.0852414728124482,0.004545944300611171
01518700,0.56449916889095,0.722693603532861,0.6464682841090919,0.7351131096925987,True,0.08196911521814187,0.012419506159737637
01518862,0.7478748404826858,0.7553311852108595,0.7405625758175349,0.7509793520076703,False,-0.007312264665150892,-0.004351833203189215
01520000,0.47543570229431076,0.6965517427543209,0.6148566995925936,0.701552974920568,True,0.13942099729828283,0.005001232166247149
01532000,0.6867702073066283,0.7368463759119552,0.6885014468862167,0.7378811787460935,False,0.0017312395795884283,0.0010348028341382598
01539000,0.8275335673222269,0.8653422382802939,0.8297544843672207,0.8633671649071603,False,0.00222091704499372,-0.001975073373133629
01544500,0.7562843255190964,0.8098592351878681,0.7393185338188493,0.8010869799506728,False,-0.016965791700247146,-0.00877225523719527
01545000,0.6945153421506558,0.8241175445544524,0.6921704829175814,0.8224864679965913,False,-0.00234485923307437,-0.0016310765578610997
01545500,0.9095634717359025,0.9477002091508177,0.9101972259738785,0.9435186980735099,True,0.0006337542379760697,-0.004181511077307798
01545600,0.7276650245234413,0.8039041863168199,0.7162664955419953,0.8009396647522993,False,-0.011398528981445999,-0.00296452156452065
01546400,0.7620403818958349,0.7804377911772015,0.7624375074315564,0.7805795615808336,False,0.00039712553572146536,0.00014177040363216875
01546500,0.7458248823035512,0.8350621626952947,0.7452571374703243,0.83429622823834,False,-0.0005677448332268575,-0.0007659344569546089
01547100,0.7835628991322863,0.86100347561786,0.7825990248856394,0.8600348303193637,False,-0.0009638742466469008,-0.0009686452984962735
01547200,0.8336435456358734,0.8498546296967076,0.8319760661305824,0.8473157401120304,False,-0.001667479505291003,-0.002538889584677184
01547500,0.24870822859255148,0.5596010108422442,0.5182430580801753,0.6250940134281406,True,0.26953482948762386,0.06549300258589641
01547700,0.7654238339536579,0.7181766358386996,0.7595267264113996,0.7149830773407821,False,-0.005897107542258251,-0.0031935584979174703
01547950,0.8487303757868245,0.919020106028962,0.8492350832741117,0.9192194438113341,False,0.0005047074872871482,0.00019933778237213318
01548500,0.8071145221681341,0.7354729142360781,0.8083759525907801,0.7303543227047959,False,0.001261430422646037,-0.005118591531282135
01549700,0.7872298907538909,0.7064698547342338,0.798203306214809,0.7051685545933641,False,0.010973415460918012,-0.00130130014086971
01550000,0.7631936215755378,0.8058772864369509,0.7552784341908728,0.8016848742201623,False,-0.007915187384665012,-0.004192412216788566
01551500,0.9053718796196557,0.911914117925707,0.8970402174598455,0.9052639809049476,True,-0.008331662159810183,-0.006650137020759339
01552000,0.8330377389331395,0.8074294855676861,0.833143518627342,0.8022099750129165,False,0.00010577969420255684,-0.005219510554769657
01553500,0.9038074040073882,0.8901532607174103,0.8863591034587438,0.8868917259163659,True,-0.017448300548644435,-0.003261534801044408
01555000,0.804071043865119,0.8823380121378611,0.7824669110354984,0.8720115466516889,False,-0.021604132829620593,-0.01032646548617222
01555500,0.7475348007842739,0.8129485251136646,0.7061063321296432,0.8047386273008609,False,-0.04142846865463068,-0.00820989781280368
01556000,0.8692910838947329,0.932523546376428,0.8713559782095377,0.9324969414636921,False,0.0020648943148048327,-2.660491273587251e-05
01558000,0.8569454975803847,0.8546065196847934,0.8607540797789981,0.8559089882449085,False,0.003808582198613353,0.0013024685601150665
01559000,0.8886885280532006,0.9386487556194077,0.8907183102074588,0.9399184434320209,False,0.0020297821542581973,0.0012696878126131628
01562000,0.8761574942637832,0.8424467337460484,0.8607768373512056,0.8258429054722725,False,-0.015380656912577617,-0.016603828273775934
01563200,0.6235263020103353,0.769814687168336,0.5661478778982858,0.6029307613269551,True,-0.05737842411204952,-0.1668839258413809
01563500,0.8455922322354394,0.9119760494633748,0.8345643614561669,0.812326282571484,True,-0.011027870779272586,-0.09964976689189087
01564500,0.703243390633969,0.6366162349128839,0.6422073938996404,0.5966419884071317,False,-0.06103599673432858,-0.03997424650575221
01567000,0.8861007236612658,0.9430869396816863,0.8789176540141996,0.889514016132832,True,-0.007183069647066165,-0.053572923548854345
01568000,0.7778072923497809,0.8099357438646533,0.7769421332756964,0.8089246578521841,False,-0.000865159074084465,-0.0010110860124691312
01570000,0.8406476767728457,0.8917546746759379,0.8325567119305641,0.8911814567262017,False,-0.008090964842281556,-0.0005732179497361933
01571500,0.7745828556716035,0.7999720443461252,0.7840384835390718,0.8009455085541635,False,0.009455627867468341,0.0009734642080382327
01573000,0.812583738624655,0.8079525884045379,0.8118166471274534,0.803421100186709,False,-0.0007670914972016663,-0.004531488217828894
01573560,0.786982009287714,0.8519866588150475,0.7893080319527348,0.8514941473896744,False,0.0023260226650207994,-0.0004925114253730989
01574000,0.8154687931877345,0.8665704467171439,0.7999237289649683,0.8548377572591992,False,-0.015545064222766136,-0.0117326894579447
01574500,0.6289664428113846,0.7275867935965283,0.6093176980717598,0.7136740063807041,True,-0.019648744739624746,-0.01391278721582423
01586000,0.5679994767437428,0.6757599203273312,0.5686876143930322,0.6754522702814674,False,0.0006881376492893221,-0.0003076500458638609
01610000,0.8556874320132316,0.917693091614582,0.795061144762576,0.8770698384005737,True,-0.06062628725065555,-0.04062325321400828
01613000,0.8580310711300156,0.8803015844848799,0.7793122932784747,0.8552193852179896,True,-0.07871877785154091,-0.02508219926689037
01614500,0.7699868973535894,0.8208581800475777,0.7691645537857525,0.8151827274915183,False,-0.0008223435678368363,-0.0056754525560593905
01616500,0.7881141998487905,0.875253816054009,0.7875636565737825,0.8743341483667012,False,-0.0005505432750080308,-0.0009196676873077791
01619500,0.7634576275872167,0.7679228400505387,0.7507539384052258,0.7578219570681857,False,-0.01270368918199094,-0.01010088298235301
01637500,0.6874692622008503,0.7305056248869357,0.6845043617384063,0.7281794589135044,False,-0.002964900462443909,-0.002326165973431271
01639000,0.7355626724569064,0.7801991094729296,0.7344235119838947,0.781151755128768,False,-0.0011391604730117688,0.0009526456558384133
01639500,0.6398206709059105,0.695952153268488,0.6313287720694435,0.6903987351498901,False,-0.00849189883646706,-0.005553418118597886
01643000,0.7842231965120029,0.8161105152406785,0.7991192446136814,0.821275330347507,False,0.01489604810167855,0.005164815106828535
01591610,-0.08248152904458617,0.4530413781953483,-0.07247031572422102,0.45756451600977366,True,0.010011213320365142,0.004523137814425371
01592500,0.12792906909622626,0.2683122343864841,-0.024146191313414,0.19536543118972027,True,-0.15207526040964026,-0.07294680319676383
01594000,0.6664773107504555,0.7328731860742029,0.666953018393807,0.7329020454873053,False,0.0004757076433515861,2.885941310237783e-05
01628500,0.7778692649290789,0.7428468712835804,0.7758196312747615,0.7399188488683124,False,-0.0020496336543174287,-0.0029280224152680168
01629500,0.7340685975510455,0.6805378714503336,0.7191971234989192,0.6702688588039807,False,-0.014871474052126299,-0.010269012646352937
01631000,0.7354540659516364,0.7401062331696844,0.715238127943377,0.7241932866222032,False,-0.020215938008259382,-0.01591294654748121
01632900,0.6894808479240827,0.6950486053015924,0.6910455981604686,0.6941612028684522,False,0.0015647502363859145,-0.0008874024331402275
01633000,0.7758082866508056,0.7250591628921517,0.7537634936699806,0.7044681575936985,False,-0.022044792980824957,-0.020591005298453147
01634000,0.5966874964896174,0.599812228363357,0.5103013510286126,0.5342722022157604,False,-0.08638614546100476,-0.06554002614759658
01634500,0.6714243294739546,0.7712763347432915,0.6869022298356908,0.7767469300680576,False,0.015477900361736241,0.005470595324766125
01636500,0.8158052358924317,0.7804564785013504,0.778011583231037,0.7514109281176746,False,-0.03779365266139467,-0.029045550383675733
01638480,0.5881520484827029,0.6178440579849653,0.5802464807352062,0.6145125547316195,False,-0.007905567747496622,-0.0033315032533458577
01638500,0.899342092735188,0.8941516927130425,0.8585484788379506,0.853238324432711,True,-0.040793613897237346,-0.04091336828033154
01643500,0.614009364088234,0.6448966914586336,0.6170434266136923,0.6461889023965719,False,0.0030340625254582365,0.0012922109379382984
01644000,0.7282432252416065,0.7163793441179789,0.7295227768257155,0.7231619272044093,False,0.0012795515841090843,0.006782583086430427
01645000,0.5762186729682757,0.7791391840340813,0.6110919363359724,0.7941368443466821,True,0.034873263367696694,0.014997660312600747
01646500,0.8987147327017435,0.8367656938372525,0.8727394219652721,0.8047317746861737,True,-0.025975310736471413,-0.03203391915107878
01646502,0.8992395748666745,0.8435639425312553,0.872664880198257,0.8079348512613661,True,-0.026574694668417442,-0.035629091269889224
01648000,0.7440732604441671,0.8360918392345902,0.7464536544785978,0.8323358662507043,False,0.0023803940344306884,-0.003755972983885858
01649500,0.7071802469816053,0.7614686608736091,0.7157596732752454,0.7667424141268048,False,0.008579426293640058,0.005273753253195679
01651000,0.7232398478430833,0.6479337171173762,0.7262588763034068,0.6497642045926042,False,0.0030190284603235362,0.0018304874752279598
01653000,0.641746857474254,0.7018659506975047,0.6508887505652866,0.7156813497759525,False,0.009141893091032638,0.013815399078447865
01656000,0.7107795510285877,0.6943992974176743,0.6991071329751517,0.6874622991656371,False,-0.011672418053435996,-0.0069369982520371964
01664000,0.7203566010824107,0.7828868071225478,0.7222775390552382,0.7855989049567834,False,0.0019209379728274412,0.0027120978342356494
01666500,0.7620016867206741,0.6949503960738259,0.7644978843469182,0.6971253452786732,False,0.00249619762624409,0.0021749492048472874
01667500,0.776786197892253,0.7187371717834949,0.7772372593218815,0.7203675494671229,False,0.0004510614296284743,0.0016303776836279482
01668000,0.7955588919860087,0.7720083953998681,0.8013929441925234,0.7738965967197226,True,0.005834052206514673,0.0018882013198544545
01673800,0.7065575232774197,0.6756716969828025,0.6854931121499171,0.6545198078404508,False,-0.02106441112750257,-0.021151889142351665
01674000,0.7247660361081067,0.7966433901987151,0.728983190110651,0.7944169741606035,False,0.004217154002544299,-0.0022264160381115783
01671020,0.7311877758260326,0.7520808994910847,0.5531175867549561,0.6889141152830875,True,-0.1780701890710764,-0.06316678420799715
01673000,0.7847326358414185,0.8106105477990897,0.7902852208192664,0.8076599957148236,True,0.005552584977847941,-0.0029505520842660893
01674500,0.5660242577172796,0.7050849914142336,0.5483864135508112,0.7026581100170199,False,-0.017637844166468408,-0.0024268813972136982
02026000,0.8520899103527344,0.8595847210481974,0.8654616625501336,0.8704101254753767,True,0.013371752197399167,0.010825404427179275
02028500,0.8187470624932125,0.8846286515235366,0.8192481404417342,0.8857059810833586,False,0.000501077948521722,0.0010773295598219823
02029000,0.8682110215100386,0.8448939190658906,0.8633701896409658,0.8344526636865772,True,-0.004840831869072804,-0.010441255379313397
02031000,0.7463081349050236,0.75952693038753,0.7514811979167471,0.7590527679038801,False,0.005173063011723489,-0.0004741624836499536
02034000,0.7658774633763689,0.8014993063104251,0.7649561093961792,0.7981466412873668,True,-0.0009213539801896653,-0.00335266502305831
02035000,0.9174628423571344,0.8958790116756281,0.9128476341694249,0.8863965771067264,True,-0.004615208187709441,-0.009482434568901743
02037500,0.9104265298507249,0.8858389598976992,0.9043174118731874,0.8762366599820004,True,-0.006109117977537548,-0.009602299915698831
02039000,0.7021227477226274,0.7186032171547441,0.6951150413308733,0.7156236294444099,False,-0.007007706391754076,-0.0029795877103341306
02039500,0.8081266028147533,0.777039769479404,0.8045125271098895,0.7747352251424988,False,-0.0036140757048638283,-0.00230454433690519
02040000,0.6914292042946049,0.8138050825307863,0.6883813134852859,0.8056883778174816,True,-0.0030478908093189983,-0.008116704713304723
02041000,0.7693314504114395,0.8251895430893774,0.7688075870780458,0.8225798196960238,False,-0.0005238633333937148,-0.0026097233933536357
02041650,0.7716379102231335,0.8430441278348821,0.7813107780761054,0.8476494817108167,True,0.009672867852971834,0.004605353875934526
02044500,0.7815427791532836,0.8256087385061176,0.7762556607212514,0.8270448925077328,False,-0.005287118432032223,0.0014361540016152308
02045500,0.7370660927620264,0.8183932109107157,0.734359613833159,0.8137381491789814,False,-0.0027064789288674396,-0.004655061731734356
02046000,0.5781467535734838,0.7472158919850415,0.6331588592581601,0.7753893526758576,False,0.055012105684676293,0.028173460690816166
02051000,0.5752700016673618,0.48236512576553014,0.5718169514738742,0.47974629595567775,False,-0.003453050193487517,-0.0026188298098523966
02051500,0.7294524761572077,0.7962120439752403,0.7384661600899385,0.7991536511206752,False,0.009013683932730832,0.002941607145434899
02052000,0.6412940068952095,0.7451758164250428,0.6999820194901885,0.7722811525533688,False,0.05868801259497891,0.027105336128325996
02062500,0.8234597566324301,0.8152241798439854,0.7829588715569574,0.7434062789554761,True,-0.04050088507547267,-0.07181790088850937
02064000,0.612071215969171,0.48440517677985584,0.6147183776366496,0.48557308236553365,False,0.0026471616674785814,0.0011679055856778087
02065500,0.6004889945357609,0.5883328731089228,0.6138204072209648,0.5920321634728108,False,0.01333141268520388,0.0036992903638880525
02066000,0.7986490405163099,0.7863684227413683,0.7978858147881074,0.7370092785245872,True,-0.0007632257282025323,-0.049359144216781115
02075500,0.8525402002429527,0.89520170050948,0.8525643648303045,0.8878736520789979,True,2.4164587351771516e-05,-0.00732804843048207
02077000,0.8109286956735757,0.7067956811532372,0.8107807636673303,0.7102791030908077,False,-0.00014793200624541036,0.0034834219375704523
02077200,0.6881227384295974,0.7506978450230649,0.6908140843004285,0.752793050911384,False,0.0026913458708310856,0.0020952058883191294
02077303,0.6305621290536538,0.5824361099193363,0.6725549930351127,0.5761081607857998,True,0.04199286398145885,-0.0063279491335364035
02077500,0.7080048620694568,0.7282103108559425,0.7397685689917248,0.7331487838989779,True,0.03176370692226804,0.004938473043035407
02077670,0.8021128182504434,0.7556572807392418,0.8075316689380974,0.7580789647676469,False,0.005418850687653909,0.0024216840284051466
02081500,0.8084069131138902,0.7449520288159835,0.8064292782361535,0.7447074768120554,False,-0.0019776348777367225,-0.0002445520039281446
02081747,0.7592481033841699,0.7952491777320063,0.749691538194144,0.7920571079312446,False,-0.0095565651900259,-0.0031920698007616988
02082506,0.6577501343920403,0.8029489160862593,0.6825957793012984,0.8305918091645237,True,0.024845644909258113,0.027642893078264397
02082950,0.7934540263716241,0.7695891583931298,0.7955336450808462,0.7774057083862456,False,0.0020796187092221308,0.007816549993115762
02085000,-0.5511545144140779,-0.7642421180367662,-0.5771733871002716,-0.7805560720888967,False,-0.026018872686193628,-0.01631395405213043
02085070,0.8090034557411465,0.7862091728350212,0.8091920137491865,0.7847458508427319,False,0.00018855800803996292,-0.0014633219922893792
02085500,0.7662769644064532,0.6780325252644538,0.7834334552175923,0.7170620773944555,True,0.017156490811139125,0.0390295521300017
02087183,-0.4985114023899193,0.31091459235759444,0.4225285972169236,0.5813761455752837,True,0.9210399996068429,0.2704615532176893
02087500,0.4165407392722349,0.7183317768042212,0.631818405816954,0.7570109139112633,True,0.21527766654471914,0.03867913710704207
02088500,0.7120283958518729,0.7539893607532451,0.667641878253111,0.7431046586654508,False,-0.04438651759876189,-0.01088470208779424
02089000,0.6472266864546037,0.8183238544464251,0.769130428398743,0.8676436373727445,True,0.12190374194413933,0.049319782926319444
02096960,0.8390545462194476,0.8682225681674608,0.8388486736777243,0.8645808058575571,True,-0.0002058725417233287,-0.003641762309903651
02097314,0.5290746817401075,0.7062769664427998,0.514654964156187,0.7016196660780105,False,-0.014419717583920577,-0.004657300364789285
02097517,0.6510007357857948,0.7759343013819627,0.653465280329701,0.777325032267139,False,0.002464544543906211,0.0013907308851762723
02102000,0.7540350346935608,0.8472012223954347,0.7696512133722624,0.8509633882336529,True,0.015616178678701575,0.003762165838218201
02102192,0.7022403935046757,0.7719626592634395,0.7076487241434668,0.760465541386731,True,0.005408330638791092,-0.011497117876708596
02102500,0.3845824831046083,0.6092367879610279,0.7399915787478251,0.8452420302459887,True,0.35540909564321677,0.23600524228496078
02104220,0.7830731042413828,0.8867329580254786,0.7769146274406465,0.8842263853107647,False,-0.006158476800736223,-0.002506572714713884
02105769,0.5485484888465861,0.7798705062899026,0.7622516761688779,0.8626231609630659,True,0.21370318732229177,0.08275265467316328
02109500,0.7545191410878562,0.7628048260796789,0.7545654392334221,0.7638180617193997,False,4.6298145565892845e-05,0.0010132356397207776
02133500,0.797426992052672,0.8271614495719212,0.7948048683797382,0.8257718126355434,False,-0.002622123672933796,-0.001389636936377725
02133624,0.6936231445808551,0.8252937157905477,0.6495697104842092,0.8074042005146985,False,-0.04405343409664586,-0.017889515275849144
02134480,0.5260399926707491,0.6495609751179999,0.5141261407509288,0.6465788005624549,False,-0.011913851919820306,-0.0029821745555450585
02134500,0.8285504321607813,0.8987454056139892,0.8132140416466274,0.892416875402923,False,-0.01533639051415392,-0.006328530211066163
02110500,0.9002707120434144,0.922941010787608,0.9007061527951794,0.9230836852245715,False,0.00043544075176504826,0.0001426744369634747
02135000,0.7827416313787496,0.8188894035276041,0.7560437218531152,0.8098675269208977,False,-0.026697909525634445,-0.009021876606706392
02231342,0.676515398888396,0.5564740743694285,0.6762642110330368,0.556186040609371,False,-0.00025118785535915844,-0.00028803376005748227
04270000,0.6808553149543184,0.7423962864013172,0.6816584828379834,0.7416958099511035,False,0.000803167883664968,-0.0007004764502136496
04273500,0.8509920358233765,0.895780579155083,0.8574939846953731,0.8983358840471041,True,0.006501948871996621,0.0025553048920210486
01315000,0.3365502962146111,0.40591903409577346,0.3361825990455447,0.40508897493098706,True,-0.0003676971690663722,-0.0008300591647864008
01315500,0.8463521068554574,0.8684389354030985,0.8333664412703249,0.8695443149744171,True,-0.012985665585132478,0.001105379571318621
01318500,0.8706901126644019,0.9254290036896229,0.849428010682559,0.9175274125951625,True,-0.021262101981842862,-0.007901591094460425
01321000,0.6515943734193306,0.5255058642381576,0.6596793438306416,0.5326951836366571,False,0.008084970411311065,0.0071893193984995385
01325000,-0.149962372766425,0.10389137626758949,-0.10134759492309664,0.12208924772165708,True,0.04861477784332835,0.018197871454067593
01336000,0.465442960197907,0.5279262196602326,0.4669119277748627,0.5311190878770109,True,0.0014689675769556931,0.003192868216778333
01346000,0.7345825591029183,0.7852352261082237,0.7323423866045602,0.7819378310834144,True,-0.0022401724983580618,-0.003297395024809302
01347000,0.8605550570243268,0.9148864303732543,0.860030253651774,0.9154493314548253,True,-0.0005248033725527845,0.0005629010815709767
04252500,0.8540106629085973,0.8823354956559263,0.8567861840397546,0.8853217393633821,True,0.0027755211311573103,0.0029862437074558157
04256000,0.8036533737726871,0.8794827546252497,0.8079334809745169,0.882859136746872,False,0.004280107201829808,0.003376382121622279
04258000,0.3324001094352309,0.6045412878858845,0.3320114618087664,0.6040402296749265,True,-0.0003886476264645111,-0.0005010582109579165
04262000,0.5887085329001169,0.7848152956606212,0.595991394225345,0.7878227656881763,True,0.0072828613252280405,0.0030074700275550814
04266500,0.8660426795687415,0.9052556009343474,0.8676764457887349,0.9063077667806256,True,0.0016337662199934488,0.001052165846278208
01350000,0.79369844113852,0.8101284364966539,0.7951302848613879,0.8088030564200255,False,0.001431843722867976,-0.001325380076628413
01350080,0.6701011445377687,0.8201713301402065,0.6717302643699651,0.8214973762923312,False,0.0016291198321963796,0.0013260461521247269
01350355,0.7106754273158908,0.7530681462442492,0.7031716117852107,0.7236284688048762,True,-0.007503815530680136,-0.029439677439373035
01351500,0.792278307245494,0.8425720480655374,0.7839068637646338,0.8191061723726333,True,-0.008371443480860163,-0.023465875692904148
01362200,0.7899795696105294,0.7832905631834319,0.7786343024035517,0.7773681876846896,False,-0.011345267206977705,-0.005922375498742305
01362500,0.6405599252270843,0.5343439295032224,0.6320141006756834,0.5309054248315395,False,-0.008545824551400849,-0.0034385046716829404
01413500,0.773878106434896,0.8152270911769957,0.7642222330044111,0.8087727893800649,False,-0.009655873430484907,-0.006454301796930739
01417000,0.266237278656572,0.30813639042901875,0.3497848366135705,0.25614582911447625,True,0.08354755795699853,-0.051990561314542494
01417500,0.6016740910198353,0.659035167519654,0.5521123817828806,0.538228992175797,True,-0.04956170923695469,-0.12080617534385696
01420500,0.8049881500762546,0.792379004746522,0.7964227969950979,0.7884733673507457,False,-0.00856535308115669,-0.003905637395776318
01421000,0.7925800255333442,0.7454129995197154,0.7525546352312904,0.6701353903915308,True,-0.040025390302053765,-0.0752776091281846
01423000,0.6787887204159002,0.6146932133704326,0.7211824302441641,0.6323639271747974,False,0.04239370982826385,0.0176707138043648
01425000,0.5397431547120148,0.5740606965760959,0.5257932264796654,0.5175058740909972,True,-0.013949928232349418,-0.05655482248509869
01426500,0.675565188601466,0.6276877883135978,0.6367708248315616,0.5640614542846444,True,-0.038794363769904416,-0.06362633402895346
01427510,0.838656225603041,0.7535551326715602,0.8129229944031278,0.7019871232648722,True,-0.02573323119991322,-0.05156800940668793
01435000,0.3041495181465208,0.2193892744963849,0.27290359530652997,0.19827202985940917,True,-0.031245922839990836,-0.02111724463697573
01436000,0.3340286172122183,0.30412175987144796,0.32525004667059143,0.2833160867438932,True,-0.008778570541626896,-0.02080567312755477
01500000,0.5368583919533083,0.686440231600194,0.5354613518529376,0.6857721753292905,False,-0.0013970401003706723,-0.0006680562709034943
01503000,0.8802537333726652,0.876456391436819,0.8799649143103382,0.8794651029464969,True,-0.00028881906232702814,0.0030087115096779637
01512500,0.8556053973791854,0.8913698096969453,0.8728622015516557,0.9065551287081146,True,0.01725680417247033,0.015185319011169263
04243500,0.7075780084123959,0.8478692048379557,0.7114332896780708,0.850690676319563,False,0.0038552812656749147,0.002821471481607274
01396500,0.8201865056459625,0.8209117392485639,0.8198943951575184,0.8202366711999708,False,-0.00029211048844413057,-0.0006750680485930749
01396800,0.4237652789604285,0.5450495937243691,0.41234384708850247,0.5143658093730805,True,-0.011421431871926013,-0.0306837843512886
01397000,0.8078077083581288,0.8298394899684343,0.801943374420051,0.8154254873245255,True,-0.005864333938077726,-0.014414002643908796
01398000,0.6458898495745024,0.6425457695379135,0.64197907147282,0.6387347210318517,False,-0.003910778101682388,-0.0038110485060618426
01400000,0.7438592249266835,0.6645647555969331,0.7439624302850586,0.6649823338409165,False,0.00010320535837504696,0.0004175782439834741
01400500,0.8250882390629533,0.7940555920463256,0.8173170822522073,0.7868525926277723,True,-0.007771156810745916,-0.007202999418553291
01428500,0.8484329294333826,0.7605933376582823,0.8267328098199171,0.714855880675898,True,-0.021700119613465407,-0.045737456982384295
01428750,0.6869122287188802,0.5929639253563843,0.6853488461148184,0.5964292013663093,False,-0.0015633826040618581,0.003465276009924967
01429000,0.7704802036497886,0.8799114306260882,0.7815601325557947,0.8851078472165675,False,0.011079928906006065,0.005196416590479314
01429500,0.7535323671403001,0.8601521080374672,0.7635374644121982,0.8556021208099567,True,0.010005097271898022,-0.0045499872275105435
01430000,0.8392866767392039,0.9023130222259858,0.8524405717531786,0.8992629643688641,True,0.013153895013974681,-0.0030500578571216463
01431500,0.8182960987026056,0.8460267000649614,0.826745189555987,0.8383636151176014,True,0.008449090853381414,-0.0076630849473600104
01434000,0.8867024739949012,0.9230347675562697,0.8858008407497221,0.8966334990337981,True,-0.000901633245179112,-0.0264012685224716
01437500,0.788506908691089,0.7492698840278162,0.7900098705558406,0.746634240950063,True,0.0015029618647516285,-0.0026356430777532136
01438500,0.8773038052127163,0.8950255541833545,0.8702327323776764,0.8669462317057623,True,-0.007071072835039938,-0.02807932247759215
01439500,0.7752023199432994,0.8530721962734513,0.7779151639249215,0.8542088125932303,False,0.0027128439816221928,0.0011366163197790158
01440000,0.7941975225552097,0.889680487698749,0.814426689869071,0.9011000488621199,False,0.020229167313861263,0.01141956116337095
01442500,0.7796069385839198,0.785645055540832,0.7835440365925708,0.7869574708257852,False,0.003937098008650941,0.0013124152849531834
01443500,0.8715735054448849,0.9114963464157348,0.8764439110724271,0.910533738224829,False,0.0048704056275422625,-0.0009626081909058781
01445500,0.8719802564545948,0.9172977712915426,0.8726162402845479,0.917813322039715,False,0.0006359838299531129,0.0005155507481724442
01446500,0.877174463336589,0.8316686723419668,0.8658465624891883,0.8107896460270703,True,-0.011327900847400652,-0.020879026314896576
01447500,0.8380923781873593,0.8581128469422735,0.8363080322575046,0.8570672823758274,False,-0.0017843459298546582,-0.001045564566446111
01447720,0.8096015865260794,0.804080075819144,0.8111721116688702,0.8047350066798714,False,0.0015705251427907685,0.0006549308607274318
01447800,0.1842174702513495,0.5688719302206303,0.18404492918362103,0.5681659604199114,False,-0.00017254106772846,-0.0007059698007189086
01449000,0.6790317764764844,0.8348255333438583,0.6857529905801767,0.8381291685893063,False,0.006721214103692308,0.0033036352454479667
01449360,0.6845241769812193,0.7061678599549384,0.6885722315518744,0.7074620199095991,False,0.004048054570655157,0.0012941599546607563
01449800,0.23064560715318883,0.6108392640473053,0.5332890718433346,0.7265649463144528,True,0.3026434646901458,0.11572568226714752
01450500,0.7436746232735842,0.8227400371905204,0.7525323457127951,0.8264916208607165,False,0.008857722439210902,0.0037515836701961236
01451000,0.7641458666098764,0.8754980387062805,0.7919109759872267,0.8914249567492112,True,0.027765109377350328,0.01592691804293067
01451500,0.6389983279093485,0.6423834691485308,0.6415644438566768,0.6434877634404792,False,0.0025661159473282513,0.00110429429194836
01451650,0.6966018793631505,0.7054924102715316,0.6989103146095273,0.7063080883867787,False,0.0023084352463768054,0.000815678115247076
01451800,0.5250927505882999,0.3830202133909554,0.5488133553521287,0.4139962171884116,False,0.023720604763828868,0.030976003797456242
01452000,0.7672928188723505,0.7948169683206724,0.7819887749430441,0.8023742329227286,False,0.014695956070693628,0.007557264602056191
01452500,0.629675478924947,0.6971458820313992,0.6310616137843965,0.6970733029418499,False,0.0013861348594494949,-7.257908954927395e-05
01453000,0.8218234285408608,0.8841229266228371,0.8402974880865179,0.9022517315651595,True,0.018474059545657173,0.018128804942322385
01457000,0.8235584027092504,0.8616017851737194,0.8111158894859694,0.8519749696539803,False,-0.012442513223281049,-0.009626815519739096
01459500,0.7405825555298671,0.8259691309878535,0.7751009385475638,0.8253765686071123,True,0.03451838301769672,-0.000592562380741235
01468500,0.5546224794051384,0.5442646422739761,0.5747463159291186,0.5569287949168291,False,0.0201238365239802,0.012664152642853033
01469500,0.8374887385900164,0.9040608500393983,0.839034276176871,0.9046004009833482,False,0.0015455375868546062,0.0005395509439498625
01470500,0.872246419045923,0.8803277387193136,0.873608880866679,0.8734510997556921,False,0.0013624618207559447,-0.006876638963621451
01472198,0.6991070656731635,0.7342228236885325,0.699583483810166,0.7340982960240792,False,0.0004764181370024989,-0.0001245276644533666
01534000,0.7377107187002737,0.8337678403384496,0.7495052470323709,0.8372998006092904,False,0.011794528332097154,0.003531960270840795
01534300,0.49468284676331786,0.6424926574195242,0.5412341792428401,0.6598961346078294,True,0.046551332479522256,0.01740347718830515
01534500,0.667309127361299,0.4983074917036896,0.66009417009097,0.48903117190156953,True,-0.007214957270328948,-0.00927631980212007
01536000,0.8423042850694527,0.8236666262993367,0.8411985015920598,0.817396715592241,True,-0.0011057834773928743,-0.006269910707095705
01411500,0.6309545719588077,0.7006168590243534,0.6295837953149321,0.7001567676566753,False,-0.0013707766438755264,-0.000460091367678106
01463500,0.915256102748769,0.8990022499010685,0.9092399208546749,0.8873748155432265,True,-0.006016181894094141,-0.01162743435784197
01465500,0.7658262138277845,0.726190396368097,0.7557028604150008,0.7359391560701323,False,-0.010123353412783698,0.009748759702035259
01470779,0.6830799132861628,0.7186438715383323,0.6829302328851719,0.7184274684587537,False,-0.00014968040099094804,-0.0002164030795785976
01470960,0.5447516574247178,0.6695204059310704,0.5539284013560724,0.6591680221941303,True,0.009176743931354592,-0.01035238373694014
01471000,0.6359994219991776,0.7445405385272326,0.6253240469618759,0.7230688740585113,True,-0.010675375037301649,-0.021471664468721285
01471510,0.888028964891432,0.9224056311448431,0.8924507833721046,0.908012154426044,True,0.004421818480672579,-0.014393476718799092
01472000,0.8825215683427916,0.9163247612751845,0.8817400570206422,0.9093418731452803,True,-0.0007815113221494308,-0.006982888129904219
01472157,0.7781449613727793,0.790016627515279,0.7773222381863837,0.7880869117549081,False,-0.0008227231863956463,-0.0019297157603709314
01473000,0.8040267720279352,0.7869575795024341,0.7895746195985279,0.7712604857201544,True,-0.014452152429407228,-0.01569709378227968
01474000,0.7243582293268759,0.6921927902423004,0.7055035694941407,0.6946700842663036,False,-0.018854659832735154,0.002477294024003207
01474500,0.8424830624840696,0.8157868650465951,0.8502192164399542,0.8184121621162463,True,0.007736153955884673,0.0026252970696512
01477000,0.6661746102823796,0.7799523834290109,0.6695757294760749,0.7788845806379645,False,0.0034011191936953455,-0.0010678027910463461
01479000,0.706413426863507,0.7354873639171449,0.7046776413892646,0.735513551179249,False,-0.0017357854742424683,2.618726210412703e-05
01479820,0.038769329203480196,0.007992794401252112,0.056078272418012776,0.017215090325920168,False,0.01730894321453258,0.009222295924668056
01480000,0.6058863601522191,0.667465378053544,0.6186358005409536,0.6747335783827578,False,0.01274944038873449,0.007268200329213825
01480015,0.5685915322725159,0.6154332435357717,0.5782509746330791,0.6198125127027795,False,0.009659442360563153,0.004379269167007815
01480700,0.7762253479283642,0.8254228325974601,0.7772956621009662,0.8261536267015989,False,0.0010703141726020604,0.0007307941041387878
01480870,0.7829389317345226,0.7497813342660247,0.7811013378451763,0.7482810413166961,False,-0.001837593889346234,-0.0015002929493285189
01481000,0.8021386607424716,0.7852726474691243,0.8078000015094076,0.7890389391431187,False,0.005661340766935918,0.0037662916739944485
01481500,0.785241465160656,0.7432853289299134,0.786644025236427,0.7457832339660553,False,0.0014025600757709977,0.0024979050361418897
01483700,0.7640886833803343,0.8342154784663462,0.7639913935648256,0.8339604905993387,False,-9.728981550871652e-05,-0.00025498786700750564
01495000,0.6924376511457151,0.7545078311579022,0.6945652742430763,0.7567455293313081,False,0.002127623097361253,0.002237698173405911
01576500,0.8239267895462035,0.7837238706040561,0.8231168197144274,0.7838173516632578,False,-0.0008099698317760584,9.348105920170546e-05
01576754,0.8063577768228289,0.7971111970423452,0.8089355868964777,0.7990776879838274,False,0.0025778100736487675,0.0019664909414821574
01580000,0.6136669058524508,0.7582569404396398,0.603770348344673,0.7467285718783945,False,-0.009896557507777737,-0.011528368561245284
01582000,0.5537854793979328,0.749905529470651,0.5519579945979763,0.7484984200699019,False,-0.0018274847999564248,-0.0014071094007491736
01582500,0.5075635142883184,0.6768235796911939,0.4947576562461724,0.6618416601679529,True,-0.012805858042145957,-0.014981919523241016
01583500,0.4881739883648789,0.7202489601007784,0.49347988861897596,0.722724486727285,False,0.005305900254097051,0.002475526626506519
01487000,0.7554900765150125,0.8286365864059683,0.7531393293674139,0.8283486203673455,False,-0.002350747147598642,-0.0002879660386228
01491000,0.7305678803206862,0.6554539534193671,0.7274845468079124,0.6561935399644542,False,-0.0030833335127737893,0.0007395865450871009
01594440,0.6285033230723823,0.5654415297051718,0.7025536687967442,0.6279216744332566,True,0.07405034572436187,0.06248014472808483
01669520,0.6786405205244055,0.6598583844836015,0.6665873244397702,0.6504726181735423,False,-0.012053196084635287,-0.009385766310059163
02042500,0.5408513857792394,0.7046861235376648,0.5311869896704651,0.700750287352059,False,-0.009664396108774342,-0.003935836185605779
02047000,0.5824838266379866,0.7662645561095617,0.5263675825836789,0.7432248338959465,False,-0.05611624405430771,-0.023039722213615166
02047500,0.8348815748366509,0.8807119511649065,0.8001547920928382,0.8609048962004454,False,-0.03472678274381269,-0.019807054964461113
02053200,0.7429872914886324,0.76837409668653,0.681071281912246,0.7578319874430508,False,-0.06191600957638643,-0.010542109243479203
02053500,0.7110569638547062,0.6917345035623759,0.711700373947113,0.6909620482903425,False,0.0006434100924068709,-0.000772455272033401
02084557,0.3107754312781543,0.32435042303129336,0.30918330528391447,0.3255378395949011,False,-0.001592125994239857,0.0011874165636077683
02089500,0.6645053114093824,0.8232978128696193,0.7567060537961948,0.8753191502043408,True,0.09220074238681242,0.052021337334721474
02092500,0.8272723573424183,0.8429749770866484,0.8286380186146088,0.8454592730836932,False,0.0013656612721905104,0.0024842959970448053
02093000,0.7478674791970201,0.6377818557126641,0.7591089206551622,0.6657612837319041,False,0.011241441458142098,0.027979428019240027
02108000,0.9136838990211498,0.9045630737930909,0.9143596551923091,0.9043492266449983,False,0.0006757561711593363,-0.00021384714809258298
14400000,0.7451179459261892,0.5239828693738598,0.7386431334235617,0.5240386145882772,False,-0.006474812502627492,5.574521441731317e-05
11469000,0.7769805045616653,0.7333753757454307,0.7853323862928515,0.7416863345805411,False,0.008351881731186173,0.00831095883511046
11477000,0.897284789018186,0.8723501823266198,0.9121866794846832,0.8805084239034406,True,0.014901890466497258,0.00815824157682088
11478500,0.8276166433879614,0.7240653016405636,0.8236098653147623,0.7224872095066287,False,-0.0040067780731990466,-0.0015780921339348941
11481000,0.8285005883998726,0.7271481303188918,0.8344569277361655,0.7307931236528132,True,0.005956339336292915,0.0036449933339214313
11482500,0.8413558103748582,0.7941513705064025,0.8410224997612302,0.7974484786871453,False,-0.00033331061362795733,0.0032971081807428027
11528700,0.8592515908655536,0.802938632412938,0.8607319821114755,0.8046084495405301,False,0.0014803912459219193,0.001669817127592177
11530000,0.8727507554045618,0.9173150978208582,0.8580658581577983,0.9088722214158875,True,-0.014684897246763473,-0.008442876404970656
11461000,0.7875714183145855,0.7258281130969492,0.7885966615390141,0.7263185095771105,False,0.0010252432244285403,0.0004903964801613592
11461500,0.7516435628810892,0.7606329586635313,0.6349434215930091,0.700353682711756,True,-0.11670014128808015,-0.06027927595177529
11462000,-0.07087609673478323,0.44273505237905153,0.15817796940274964,0.5330237400422787,True,0.22905406613753287,0.09028868766322717
11468000,0.724661715967519,0.6387014450162816,0.7207870715097809,0.6346796541726887,False,-0.003874644457738108,-0.004021790843592887
11468500,0.8540617918623805,0.8605615604688122,0.8456471636823238,0.8575524163715338,False,-0.008414628180056671,-0.003009144097278371
11470500,0.6439085267811996,0.784864833573968,0.6664941656633767,0.7932224385444522,True,0.022585638882177128,0.008357604970484211
11471500,0.6588196530088879,0.6730628270371819,0.6794816176639351,0.6774311883971884,True,0.020661964655047216,0.004368361360006512
11473900,0.7961831245764072,0.8370616489629428,0.7954166334574929,0.8368964610998038,False,-0.0007664911189142476,-0.0001651878631390158
11475000,0.8810941762066413,0.8402837274003696,0.880362887044575,0.8409906036596293,True,-0.0007312891620663287,0.0007068762592596922
11476500,0.8693954131678625,0.8829734756013289,0.8677582430043286,0.8828459417015031,False,-0.0016371701635339297,-0.00012753389982578245
11480390,0.7627240205040123,0.72397000808141,0.7502037019150535,0.7163468285480945,True,-0.012520318588958856,-0.007623179533315483
11480410,0.748224651989581,0.6832382814493856,0.7471832990515447,0.6798176077516175,True,-0.0010413529380363107,-0.0034206736977681063
11460600,0.7285840402008235,0.5992585309407048,0.7424591570582806,0.6018881133687989,True,0.013875116857457126,0.0026295824280940794
11462500,0.8485958626250564,0.8980783068649258,0.8556464300565494,0.8889099508376674,True,0.007050567431493016,-0.009168356027258406
11463000,0.8705539814722026,0.8616340552223138,0.8747177001336814,0.8570476014418229,True,0.004163718661478799,-0.00458645378049094
11464000,0.9035730589271844,0.8766682354882007,0.8993283006149111,0.8680820049348568,True,-0.0042447583122733334,-0.008586230553343954
11465000,0.231793821892589,0.5439117413683904,0.4222375419621285,0.6216364272580139,True,0.19044372006953947,0.07772468588962356
11465200,0.5559572407725489,0.5758692165348087,0.6054509483087684,0.5789278774460003,True,0.04949370753621951,0.0030586609111915575
11467000,0.8957889109909818,0.84418331458412,0.8918249121197459,0.8313630348053055,True,-0.003963998871235885,-0.012820279778814503
11160500,0.844457618447246,0.9188081012027333,0.8445279997357807,0.9190209659257684,False,7.038128853475989e-05,0.00021286472303516657
11161000,0.8447904517048559,0.7772520739628094,0.8446260726660619,0.7761212156003884,False,-0.00016437903879396032,-0.0011308583624209945
11162500,0.72489804736999,0.7522957047728906,0.7296998912994177,0.7543720937645694,False,0.004801843929427729,0.0020763889916787237
11164500,0.6900172782443001,0.7766951977084233,0.6975243018592622,0.7797062495412459,False,0.007507023614962027,0.0030110518328225755
11143000,0.8079967729389005,0.7416768149315434,0.8069058521192618,0.740417505848096,False,-0.0010909208196386855,-0.0012593090834474019
11143250,0.8429334321426843,0.9148081822598365,0.8417364607178608,0.9139345247982426,False,-0.0011969714248235563,-0.0008736574615939574
01408120,0.740062073702942,0.8621862774823696,0.7351272804041367,0.8599908962366264,False,-0.004934793298805307,-0.0021953812457432553
01408500,0.7037330464143052,0.7655957390742862,0.7039071883102828,0.7662017694426847,False,0.00017414189597753094,0.000606030368398458
01464500,0.7628045274437523,0.7935101202173347,0.7605052154821843,0.7887170432343059,False,-0.0022993119615679625,-0.004793076983028777
01467000,0.6740669316374482,0.7352771753658678,0.6724850932042177,0.7348917890249063,False,-0.0015818384332305646,-0.00038538634096152435
01208925,-1.4190076616623868,-0.8150492013467667,-1.3661763093653834,-0.8053194482922525,True,0.05283135229700342,0.009729753054514179
01304500,-0.4905188726498564,0.4261354221762882,-0.4897169035048399,0.4262256224077626,False,0.0008019691450165123,9.020023147443545e-05
01305000,-19.77359479125482,-0.5589788314218533,-19.778823023520395,-0.5586225531241589,False,-0.005228232265576338,0.00035627829769446784
01308500,0.383459978771011,0.36173046565449907,0.3810418041965331,0.35998969742165576,False,-0.002418174574477905,-0.0017407682328433038
01375000,0.7443012738188719,0.8609340904067412,0.6996292262740733,0.8499577357257755,True,-0.04467204754479859,-0.010976354680965694
01378500,0.6113348161080975,-0.32306555412538773,0.5902701579874462,-0.38775637627757686,True,-0.02106465812065128,-0.06469082215218913
01379000,0.5782380919443596,0.677249732168625,0.57917467472295,0.6775721020835928,False,0.0009365827785904335,0.00032236991496770173
01379500,0.6692616225076433,0.7551398191807643,0.6720439059755586,0.7507321529042811,False,0.002782283467915314,-0.0044076662764832575
01381000,0.8490842654094148,0.8337398170840596,0.8405122730808838,0.8259536327345105,True,-0.008571992328531008,-0.007786184349549141
01381900,0.7497424055311013,0.7535903677779074,0.7581192482183823,0.7538611547654108,True,0.008376842687281005,0.0002707869875033797
01383500,0.24735583249180837,0.3302164684519765,0.34334904351792483,0.3574651929631749,True,0.09599321102611647,0.02724872451119842
01387400,0.8276386427926473,0.8463831202372798,0.8203392293779699,0.8430184204794845,False,-0.007299413414677436,-0.0033646997577952975
01387420,0.8227832337955507,0.7957171164744538,0.8161563352278237,0.793545989876318,False,-0.006626898567727024,-0.0021711265981357863
01387500,0.7831737618590956,0.7144705474667286,0.7858706556402334,0.7174497517766179,False,0.002696893781137799,0.002979204309889294
01388000,0.8518522355111515,0.8269180656468901,0.8513549029710477,0.8239396912364162,False,-0.0004973325401038675,-0.002978374410473883
01388500,0.8696956602940523,0.8369388353998595,0.8591049742856679,0.8042906190705141,True,-0.01059068600838442,-0.032648216329345336
01389500,0.772476627924897,0.8809964394106531,0.8213412150264559,0.9009602071024867,True,0.04886458710155883,0.01996376769183361
01391500,0.7967267585325786,0.8256368376294771,0.7983628972415628,0.8307624802667581,False,0.0016361387089842694,0.0051256426372809916
01403060,0.8407517159446439,0.7378193600012494,0.837539773782084,0.7349150595062801,True,-0.003211942162559933,-0.0029043004949692586
01407500,0.7462456393034498,0.7641226163390511,0.7381978269834086,0.7624973800814034,False,-0.008047812320041148,-0.0016252362576476553
01168500,0.7431858268198521,0.7644273696956477,0.7435078361806642,0.7667217409787243,True,0.0003220093608120589,0.002294371283076524
01169000,0.7129872414365918,0.7687990787261939,0.7036789651088191,0.7648500883892588,False,-0.009308276327772647,-0.0039489903369350765
01170000,0.7570851446919453,0.8010616038487082,0.758458918035231,0.8082751974422557,True,0.0013737733432857002,0.007213593593547563
01170500,0.8969005760136629,0.9200107053859461,0.8961085173840756,0.9139691054946987,True,-0.0007920586295873111,-0.006041599891247418
01173500,0.8189735562859206,0.7704705854781239,0.8164255222964397,0.7581225606580239,True,-0.002548033989480891,-0.012348024820100001
01176000,0.8656392320532698,0.8385119563895058,0.8643290585363878,0.8386358942432316,False,-0.0013101735168820072,0.00012393785372577515
01177000,0.8599931802800583,0.9196345331227328,0.8622730773489681,0.9204067027241638,True,0.002279897068909742,0.0007721696014310053
01181000,0.7383812894119024,0.7445574909441128,0.7304132171791291,0.7422128918429823,False,-0.007968072232773293,-0.0023445991011304956
01183500,0.7924443906247336,0.8967317397026149,0.8044327993936489,0.9020425844067619,True,0.01198840876891527,0.005310844704147
01184000,0.911696530685592,0.927602657306801,0.9130722088563281,0.9236720375586652,True,0.0013756781707361387,-0.0039306197481358
01185500,0.6206574052860365,0.6028952396550689,0.6178112405610547,0.6010487462616575,True,-0.002846164724981781,-0.0018464933934113636
01186000,-0.17473249592130236,0.43223346527596507,-0.0352267664128918,0.46237123699998917,True,0.13950572950841056,0.0301377717240241
01188090,0.7787225380101813,0.8366762661909936,0.7911431026637692,0.8226171954800451,True,0.012420564653587873,-0.014059070710948474
01189995,0.8406293135399121,0.8890937710753655,0.8588339951828361,0.879922568375021,True,0.018204681642923992,-0.009171202700344439
01192500,0.7663367758719501,0.765275120428908,0.7551632759389676,0.7578641416055133,True,-0.011173499932982556,-0.007410978823394698
01193500,0.7872284280382125,0.8674607993169012,0.7864781824489502,0.8679459712625266,False,-0.0007502455892622883,0.00048517194562536226
01196500,0.7748822710232349,0.8724912055851342,0.7184474599137818,0.8536916514274286,False,-0.05643481110945314,-0.01879955415770551
01197000,0.8002609136216916,0.8978583338437828,0.7919745486526443,0.8947200071639451,False,-0.008286364969047333,-0.0031383266798377107
01197500,0.8576555226693574,0.8512089788291262,0.851119158205869,0.8518824570398665,True,-0.0065363644634883755,0.0006734782107403747
01199000,0.8661956213703017,0.9227520261254699,0.8553052407821247,0.9190777603915038,True,-0.01089038058817704,-0.00367426573396612
01199050,0.7867163968801962,0.8509843183616785,0.777101441213689,0.8456688147157208,False,-0.009614955666507274,-0.0053155036459577865
01200500,0.9003349591272896,0.9136807284347415,0.8980149443153258,0.9156619263054114,True,-0.0023200148119637554,0.0019811978706699707
01204000,0.784487343812552,0.8504639758886935,0.7866670056757125,0.8523680149264018,False,0.0021796618631604314,0.001904039037708305
01205500,0.8485857506947988,0.8894572711721958,0.8343786773312516,0.8849207231972481,True,-0.014207073363547207,-0.0045365479749476245
01206900,0.534923291612003,0.6273799008987331,0.5532464313005556,0.6262566731380887,True,0.018323139688552592,-0.0011232277606443297
01208500,0.802444536928021,0.8556476204241551,0.8004028977322133,0.8475908491113765,True,-0.0020416391958076874,-0.008056771312778599
01331500,0.8149180798852365,0.9066151309035186,0.8195720292975572,0.9081831395375736,False,0.004653949412320779,0.0015680086340549293
01332500,0.7149177522631973,0.5761631653036872,0.7176471228308737,0.5785248995300638,False,0.0027293705676764146,0.002361734226376644
01333000,0.7528198767640892,0.776579812017979,0.750191870270115,0.7748616556464853,False,-0.002628006493974211,-0.0017181563714936399
01364500,0.6800828514359717,0.7069254795459149,0.7049597229867974,0.6221259424010714,True,0.02487687155082574,-0.08479953714484345
01367500,0.8252454747115291,0.775304491501235,0.8291910037740676,0.78635164786286,True,0.003945529062538533,0.01104715636162501
01371500,0.8793950893301202,0.9152312311292213,0.881698236775957,0.9159066073335123,False,0.0023031474458368173,0.0006753762042909228
01372500,0.8476534593033038,0.9077150964391264,0.8478995774089988,0.907718677357061,False,0.00024611810569497017,3.5809179346202313e-06
01098530,0.8250499512875065,0.8010570962211979,0.8287667761973854,0.8019236903987074,True,0.003716824909878902,0.0008665941775094499
01103500,0.912748500437878,0.9470295895567256,0.9104923471912065,0.9468349524170393,False,-0.0022561532466714995,-0.00019463713968626006
01104200,0.8557427810964571,0.8422830443071101,0.853004614695742,0.8401455657441859,False,-0.002738166400715114,-0.002137478562924233
01109060,0.9089106903661608,0.8776581259852699,0.9090069816923891,0.8771730404469587,False,9.629132622834824e-05,-0.00048508553831128065
01109403,0.876399139049408,0.8858855244627718,0.8725666597238695,0.8822341075609382,False,-0.0038324793255385403,-0.0036514169018335707
01111500,0.8933659207412965,0.9430780310031102,0.894501785736899,0.9438499230630948,False,0.0011358649956024758,0.0007718920599846246
01116000,0.8221425454056275,0.9105022654811066,0.8196277677762733,0.9093102293341683,False,-0.002514777629354148,-0.0011920361469383023
01116500,0.8470330762498322,0.8654635433554045,0.8392046931325536,0.8466963426932748,True,-0.007828383117278515,-0.01876720066212978
01117500,0.8726218848121756,0.8863782534402527,0.868736148128318,0.8846418107671066,False,-0.00388573668385761,-0.0017364426731460991
01117800,-0.3693851411483464,-0.07201724901470397,-0.36944201897833984,-0.07203538887212879,False,-5.687782999341806e-05,-1.8139857424825934e-05
01118000,0.9008818777370303,0.9243155909082282,0.8980653828813275,0.9225411619486347,False,-0.002816494855702789,-0.0017744289595935658
01118500,0.9019522185599078,0.8746317026283075,0.9019520842801416,0.8737871209943424,False,-1.3427976619517779e-07,-0.000844581633965058
01119500,0.8277973238855029,0.8588297409607752,0.8277445964085856,0.8574046268490323,False,-5.272747691731361e-05,-0.0014251141117429533
01122500,0.836540960484098,0.889323805050062,0.8408454169312912,0.8883465692749768,False,0.004304456447193239,-0.000977235775085239
01124000,0.8599196571930943,0.8651452320596412,0.8605626210360686,0.8660355920241743,False,0.0006429638429743534,0.0008903599645331273
01127000,0.9210820209379966,0.9535381226586493,0.9254092795054044,0.9545099296301041,True,0.004327258567407788,0.000971806971454714
01127500,0.794647329006029,0.8000124747560976,0.7908759977897609,0.7956609195754751,False,-0.003771331216268048,-0.004351555180622468
01172500,0.4663685603039478,0.6311940514001337,0.5331241666009303,0.6586310185919833,True,0.06675560629698252,0.027436967191849515
01173000,0.7400194229671127,0.8161185778705358,0.7653587825502459,0.8159885288093826,True,0.02533935958313327,-0.00013004906115321457
01076500,0.8223929125119316,0.9017876992703389,0.8288390362003005,0.9080223030402083,False,0.006446123688368943,0.006234603769869396
01078000,0.8614522628516696,0.9018187033488952,0.8603735136921352,0.8995051266868821,False,-0.0010787491595344312,-0.0023135766620131504
01144000,0.8140042836051913,0.8629244497922103,0.8305444017724432,0.872736107443504,False,0.01654011816725187,0.00981165765129377
01151500,0.7305952275779193,0.7796150728757366,0.7339779329295844,0.7844696719186628,False,0.003382705351665072,0.004854599042926178
01152500,0.8485131112545296,0.9087534607111443,0.8514069152857999,0.9137928213539874,True,0.002893804031270375,0.00503936064284316
01153550,0.7768733195606755,0.8452669221697611,0.7763943779843786,0.8459747337059513,False,-0.0004789415762969096,0.0007078115361902615
01154500,0.8769328773155866,0.8985738390710223,0.880056269336225,0.8924730642854313,True,0.0031233920206384935,-0.006100774785591012
01161000,0.8337363788175289,0.9055270191168514,0.834886784899266,0.9120213978926371,False,0.0011504060817371098,0.006494378775785736
01162000,0.5248838631185159,0.5717801508371545,0.5187450811193581,0.5709376169284892,False,-0.006138781999157739,-0.0008425339086652883
01162500,0.2291886517067463,0.2210953674790952,0.20560965515907004,0.21356686318308804,False,-0.023578996547676256,-0.007528504296007155
01327750,0.6682195063348212,0.8023674472589408,0.6668509313447771,0.802931858746226,True,-0.001368574990044058,0.0005644114872851436
01331095,0.7409589456678587,0.8261178298664741,0.7461707557595768,0.8284775857017148,True,0.0052118100917181165,0.002359755835240729
01334000,0.7722295214635831,0.8736048732446231,0.7677314787818587,0.8728344243433216,False,-0.00449804268172449,-0.0007704489013015126
01334500,0.8501112101522051,0.8342587544524384,0.8509778312339519,0.8349290149231658,False,0.0008666210817467324,0.0006702604707274906
04280000,0.7125381053322075,0.837076153172694,0.7126949553826337,0.8383439015904777,True,0.00015685005042620492,0.001267748417783654
04282000,0.7519781322391019,0.8759872551798883,0.7511141587595619,0.8754025691010379,True,-0.0008639734795400367,-0.0005846860788504271
04282500,0.5591732343271305,0.7790401866926686,0.5485179774227825,0.7742385418411267,True,-0.010655256904347987,-0.004801644851541886
01129200,0.4121243178228219,0.44163397620185185,0.4053642275239384,0.43060037979970545,True,-0.00676009029888347,-0.011033596402146406
01134500,0.7195318858576512,0.8527969968490599,0.7398093974565167,0.8604121078391639,False,0.020277511598865594,0.007615110990104035
01135500,0.8316635658489829,0.8258893125841834,0.8399111887476858,0.8303604948954535,False,0.008247622898702844,0.004471182311270083
01137500,0.6458956770351838,0.8224645461142417,0.682365178860779,0.8315176415806422,False,0.03646950182559516,0.00905309546640054
01139000,0.8163622700226405,0.8691931604678872,0.8144789817010013,0.8688815136452664,False,-0.0018832883216391982,-0.00031164682262074805
04285500,0.7396299852429951,0.8248859098186059,0.7391074969305931,0.8170953670719372,True,-0.0005224883124019808,-0.007790542746668683
04286000,0.8351450991527881,0.917829892638878,0.8334577271292434,0.9167387463896166,True,-0.001687372023544742,-0.0010911462492614321
04287000,0.7837389613397868,0.8868872043444085,0.786636930506136,0.8889002339336481,False,0.0028979691663492124,0.0020130295892396566
04288000,0.7635126303136422,0.856750532092391,0.759884127006351,0.8548378926805866,False,-0.003628503307291253,-0.0019126394118044177
04289000,0.5167430731718421,0.5014083016505858,0.5105106836972153,0.48908470392894965,True,-0.006232389474626787,-0.01232359772163616
04292000,0.786521135484052,0.8438668665592546,0.8023079532725469,0.8544090760457812,True,0.01578681778849489,0.010542209486526621
04292500,0.8111461879835853,0.8813591164658647,0.8243441784099987,0.8895726020567601,True,0.013197990426413453,0.008213485590895409
04296000,0.7832559273979027,0.8427720169747757,0.7927897111041968,0.8504521140855577,False,0.009533783706294097,0.0076800971107819915
04296500,0.8432358989744493,0.8664554507927974,0.8433287135675016,0.8666524353505398,False,9.281459305232609e-05,0.00019698455774241896
01073500,0.8866965736646066,0.8622144278085848,0.8873572937182755,0.8630084782423685,True,0.0006607200536689062,0.0007940504337836662
01081000,0.7155469794628986,0.816825403354117,0.7208112768435707,0.8159442249628209,True,0.005264297380672134,-0.0008811783912960891
01089100,0.7661410512008924,0.825553259595745,0.7701481899757873,0.8269870215494622,False,0.004007138774894892,0.0014337619537172497
01092000,0.9099001577726308,0.9444086897075873,0.9074269129384067,0.9466093795415355,True,-0.0024732448342240643,0.002200689833948166
01094400,0.8390238167382653,0.8325886086584975,0.839566922389588,0.8336785548314085,False,0.0005431056513226507,0.0010899461729110271
01094500,0.7994290309301917,0.6717940138055104,0.7968620060952092,0.6699086201875006,False,-0.002567024834982501,-0.0018853936180097675
01096000,0.8677339709727299,0.7973396349493111,0.8717927198825826,0.8036069821440667,False,0.004058748909852694,0.006267347194755524
01096500,0.8369649477213612,0.8457055460359464,0.837312836211702,0.8384879236310404,True,0.0003478884903408419,-0.007217622404905977
01097000,0.8036422658813818,0.6488192449283916,0.8032212670019252,0.6486058583424277,False,-0.0004209988794565689,-0.00021338658596392612
01099500,0.8601352200030432,0.7673478661719517,0.86109531605425,0.7676172100572501,True,0.0009600960512068379,0.0002693438852984231
01100000,0.9252505643627885,0.9068038922127186,0.9308870467722518,0.9133633728691706,True,0.005636482409463239,0.006559480656451955
01101500,0.8037429035536655,0.8273515605467813,0.8028984733659807,0.8261422012924231,False,-0.0008444301876847637,-0.0012093592543581666
01102000,0.811508466333605,0.5892971470347894,0.8107864475136013,0.5883385566298687,False,-0.000722018820003667,-0.000958590404920745
01104500,0.8758519970758578,0.878072284315108,0.8738421227520166,0.8756660704734394,False,-0.002009874323841254,-0.002406213841668614
01038000,0.7740669477314971,0.855175694164385,0.7646719449261191,0.8490662050384779,True,-0.009395002805377972,-0.0061094891259071415
01047000,0.7923928631049034,0.8801266924858069,0.7947423250044532,0.8776123544620196,False,0.002349461899549765,-0.0025143380237873103
01048000,0.7949722215850594,0.8469463483768316,0.8079972532660746,0.8554534289820258,True,0.013025031681015209,0.008507080605194228
01049000,0.8137834799120763,0.887431646473513,0.8153211046681208,0.8900607525585063,True,0.0015376247560444645,0.002629106084993227
01049500,0.7689147917593591,0.8848240682776751,0.7723322269718654,0.8866190897767947,True,0.00341743521250637,0.0017950214991195867
01052500,0.8306007824925381,0.8182795488481989,0.8353124655396965,0.8211033651747803,False,0.00471168304715841,0.002823816326581463
01053500,0.5277878133421692,0.5825520316538513,0.5333310579706565,0.5810717904647691,True,0.0055432446284873205,-0.0014802411890821876
01054000,0.7306855559037313,0.7661542432234123,0.7322629142720289,0.7610140463012226,True,0.0015773583682976433,-0.005140196922189699
01054200,0.6856697048423374,0.7417172326221275,0.6836144676757757,0.7399021378824859,False,-0.002055237166561641,-0.0018150947396415873
01054500,0.8197998289629402,0.886843885122336,0.8120417587320479,0.885531956323918,True,-0.007758070230892367,-0.0013119287984180161
01055000,0.7104710934119304,0.7708638020971613,0.7122010529719154,0.7755251307603023,False,0.001729959559985006,0.004661328663140951
01057000,0.7776426827752816,0.8523063128204388,0.7755889824260883,0.8522015066993354,False,-0.002053700349193277,-0.00010480612110341792
01059000,0.8607494485615221,0.9289952025488137,0.8611554719685842,0.9292887925386923,True,0.00040602340706208384,0.0002935899898786065
01064500,0.7763517384289483,0.8779446712624207,0.7890875735834291,0.889014547326767,False,0.012735835154480735,0.011069876064346285
01066000,0.7107715813987776,0.8425325662040427,0.707172516823395,0.8410535962674495,True,-0.0035990645753826156,-0.001478969936593244
01031500,0.8427524093109001,0.8985110285126033,0.8439571566467445,0.8999214596967489,False,0.0012047473358444138,0.001410431184145522
01042500,0.30918109970922214,0.55817805626123,0.3205403950567616,0.5573662414704463,True,0.011359295347539433,-0.0008118147907836271
01046500,0.5665121355387278,0.7261220317089092,0.5542117147586221,0.7082349158809351,True,-0.012300420780105736,-0.017887115827974087
01011000,0.8778903465302597,0.8600324473242119,0.8789474566687225,0.8630386453770242,True,0.00105711013846288,0.0030061980528123255
01013500,0.9104846593248016,0.9281991419597828,0.9110413188048274,0.9280547810746924,False,0.0005566594800258118,-0.0001443608850903999
01019000,0.14188413909664022,0.27118651370860325,0.14514857532458258,0.2726469998781399,True,0.003264436227942369,0.0014604861695366456
01022500,0.8429867857306944,0.919967119787868,0.8358557780223693,0.9154299028812185,True,-0.007131007708325088,-0.004537216906649544
01030500,0.9137448998012012,0.9387510432566352,0.9135024500741333,0.9370732994603742,True,-0.0002424497270678838,-0.0016777437962609554
01034000,0.8565849742782179,0.8981540006843444,0.8579047215875756,0.8955620726971727,True,0.0013197473093576884,-0.0025919279871716716
01034500,0.8849509231638626,0.9031604929845564,0.8903521461297467,0.9133865133086477,True,0.005401222965884078,0.010226020324091367
01015800,0.9020623592795389,0.8983360238169329,0.9015997075725134,0.8985176774344886,True,-0.0004626517070255298,0.00018165361755573262
01017000,0.9106552666808849,0.933063775146935,0.9091919396510643,0.9327226498812496,True,-0.0014633270298206602,-0.00034112526568530477
